M3 RUN 2 2026-10-07T21:08:17Z lines 5223-6587
a540a5bf823b36271ddd7f1f21de2cc6  LeanP1Proof.tla
9a06fcbf8f186a0c4f1e5e92a44c0bd8  LeanP1Anc.tla

\* TLAPM version bfa9468
\* launched at 2026-10-07 21:08:17 with command line:
\* /mnt/nvme/tlaps/unpack/tlapm/bin/tlapm --toolbox 5223 6587 --method smt --stretch 12 --threads 4 -k LeanP1Proof.tla

(* loading fingerprints in ".tlacache/LeanP1Proof.tlaps/fingerprints" *)
@!!BEGIN
@!!type:obligation
@!!id:1
@!!loc:5337:10:5337:12
@!!status:to be proved
@!!END

@!!BEGIN
@!!type:obligation
@!!id:2
@!!loc:5337:13:5337:17
@!!status:to be proved
@!!END

@!!BEGIN
@!!type:obligation
@!!id:3
@!!loc:5337:19:5337:23
@!!status:to be proved
@!!END

@!!BEGIN
@!!type:obligation
@!!id:4
@!!loc:5337:25:5337:29
@!!status:to be proved
@!!END

@!!BEGIN
@!!type:obligation
@!!id:5
@!!loc:5337:31:5337:35
@!!status:to be proved
@!!END

@!!BEGIN
@!!type:obligation
@!!id:6
@!!loc:5337:37:5337:41
@!!status:to be proved
@!!END

@!!BEGIN
@!!type:obligation
@!!id:7
@!!loc:5337:43:5337:47
@!!status:to be proved
@!!END

@!!BEGIN
@!!type:obligation
@!!id:8
@!!loc:5274:65:5274:67
@!!status:to be proved
@!!END

@!!BEGIN
@!!type:obligation
@!!id:9
@!!loc:5275:14:5275:16
@!!status:to be proved
@!!END

@!!BEGIN
@!!type:obligation
@!!id:10
@!!loc:5275:17:5275:21
@!!status:to be proved
@!!END

@!!BEGIN
@!!type:obligation
@!!id:11
@!!loc:5280:12:5280:14
@!!status:to be proved
@!!END

@!!BEGIN
@!!type:obligation
@!!id:12
@!!loc:5280:15:5280:19
@!!status:to be proved
@!!END

@!!BEGIN
@!!type:obligation
@!!id:13
@!!loc:5280:21:5280:33
@!!status:to be proved
@!!END

@!!BEGIN
@!!type:obligation
@!!id:14
@!!loc:5278:5:5278:12
@!!status:to be proved
@!!END

@!!BEGIN
@!!type:obligation
@!!id:15
@!!loc:5279:25:5279:32
@!!status:to be proved
@!!END

@!!BEGIN
@!!type:obligation
@!!id:16
@!!loc:5281:48:5281:50
@!!status:to be proved
@!!END

@!!BEGIN
@!!type:obligation
@!!id:17
@!!loc:5282:34:5282:36
@!!status:to be proved
@!!END

@!!BEGIN
@!!type:obligation
@!!id:18
@!!loc:5295:12:5295:14
@!!status:to be proved
@!!END

@!!BEGIN
@!!type:obligation
@!!id:19
@!!loc:5295:15:5295:19
@!!status:to be proved
@!!END

@!!BEGIN
@!!type:obligation
@!!id:20
@!!loc:5295:21:5295:25
@!!status:to be proved
@!!END

@!!BEGIN
@!!type:obligation
@!!id:21
@!!loc:5287:5:5287:7
@!!status:to be proved
@!!END

@!!BEGIN
@!!type:obligation
@!!id:22
@!!loc:5288:20:5288:22
@!!status:to be proved
@!!END

@!!BEGIN
@!!type:obligation
@!!id:23
@!!loc:5288:23:5288:27
@!!status:to be proved
@!!END

@!!BEGIN
@!!type:obligation
@!!id:24
@!!loc:5288:29:5288:33
@!!status:to be proved
@!!END

@!!BEGIN
@!!type:obligation
@!!id:25
@!!loc:5294:14:5294:16
@!!status:to be proved
@!!END

@!!BEGIN
@!!type:obligation
@!!id:26
@!!loc:5294:17:5294:21
@!!status:to be proved
@!!END

@!!BEGIN
@!!type:obligation
@!!id:27
@!!loc:5294:23:5294:27
@!!status:to be proved
@!!END

@!!BEGIN
@!!type:obligation
@!!id:28
@!!loc:5294:29:5294:33
@!!status:to be proved
@!!END

@!!BEGIN
@!!type:obligation
@!!id:29
@!!loc:5294:35:5294:39
@!!status:to be proved
@!!END

@!!BEGIN
@!!type:obligation
@!!id:30
@!!loc:5290:24:5290:26
@!!status:to be proved
@!!END

@!!BEGIN
@!!type:obligation
@!!id:31
@!!loc:5290:27:5290:31
@!!status:to be proved
@!!END

@!!BEGIN
@!!type:obligation
@!!id:32
@!!loc:5290:33:5290:37
@!!status:to be proved
@!!END

@!!BEGIN
@!!type:obligation
@!!id:33
@!!loc:5293:7:5293:9
@!!status:to be proved
@!!END

@!!BEGIN
@!!type:obligation
@!!id:34
@!!loc:5308:12:5308:14
@!!status:to be proved
@!!END

@!!BEGIN
@!!type:obligation
@!!id:35
@!!loc:5308:15:5308:19
@!!status:to be proved
@!!END

@!!BEGIN
@!!type:obligation
@!!id:36
@!!loc:5308:21:5308:25
@!!status:to be proved
@!!END

@!!BEGIN
@!!type:obligation
@!!id:37
@!!loc:5301:5:5301:7
@!!status:to be proved
@!!END

@!!BEGIN
@!!type:obligation
@!!id:38
@!!loc:5302:20:5302:22
@!!status:to be proved
@!!END

@!!BEGIN
@!!type:obligation
@!!id:39
@!!loc:5302:23:5302:27
@!!status:to be proved
@!!END

@!!BEGIN
@!!type:obligation
@!!id:40
@!!loc:5302:29:5302:33
@!!status:to be proved
@!!END

@!!BEGIN
@!!type:obligation
@!!id:41
@!!loc:5307:14:5307:16
@!!status:to be proved
@!!END

@!!BEGIN
@!!type:obligation
@!!id:42
@!!loc:5307:17:5307:21
@!!status:to be proved
@!!END

@!!BEGIN
@!!type:obligation
@!!id:43
@!!loc:5307:23:5307:27
@!!status:to be proved
@!!END

@!!BEGIN
@!!type:obligation
@!!id:44
@!!loc:5304:24:5304:26
@!!status:to be proved
@!!END

@!!BEGIN
@!!type:obligation
@!!id:45
@!!loc:5304:27:5304:31
@!!status:to be proved
@!!END

@!!BEGIN
@!!type:obligation
@!!id:46
@!!loc:5304:33:5304:37
@!!status:to be proved
@!!END

@!!BEGIN
@!!type:obligation
@!!id:47
@!!loc:5305:31:5305:33
@!!status:to be proved
@!!END

@!!BEGIN
@!!type:obligation
@!!id:48
@!!loc:5306:36:5306:38
@!!status:to be proved
@!!END

@!!BEGIN
@!!type:obligation
@!!id:49
@!!loc:5306:39:5306:43
@!!status:to be proved
@!!END

@!!BEGIN
@!!type:obligation
@!!id:50
@!!loc:5306:45:5306:49
@!!status:to be proved
@!!END

@!!BEGIN
@!!type:obligation
@!!id:51
@!!loc:5306:51:5306:55
@!!status:to be proved
@!!END

@!!BEGIN
@!!type:obligation
@!!id:52
@!!loc:5306:57:5306:61
@!!status:to be proved
@!!END

@!!BEGIN
@!!type:obligation
@!!id:53
@!!loc:5315:12:5315:14
@!!status:to be proved
@!!END

@!!BEGIN
@!!type:obligation
@!!id:54
@!!loc:5315:15:5315:19
@!!status:to be proved
@!!END

@!!BEGIN
@!!type:obligation
@!!id:55
@!!loc:5315:21:5315:25
@!!status:to be proved
@!!END

@!!BEGIN
@!!type:obligation
@!!id:56
@!!loc:5312:5:5312:7
@!!status:to be proved
@!!END

@!!BEGIN
@!!type:obligation
@!!id:57
@!!loc:5313:20:5313:22
@!!status:to be proved
@!!END

@!!BEGIN
@!!type:obligation
@!!id:58
@!!loc:5313:23:5313:27
@!!status:to be proved
@!!END

@!!BEGIN
@!!type:obligation
@!!id:59
@!!loc:5313:29:5313:33
@!!status:to be proved
@!!END

@!!BEGIN
@!!type:obligation
@!!id:60
@!!loc:5314:20:5314:22
@!!status:to be proved
@!!END

@!!BEGIN
@!!type:obligation
@!!id:61
@!!loc:5314:23:5314:27
@!!status:to be proved
@!!END

@!!BEGIN
@!!type:obligation
@!!id:62
@!!loc:5314:29:5314:33
@!!status:to be proved
@!!END

@!!BEGIN
@!!type:obligation
@!!id:63
@!!loc:5325:12:5325:14
@!!status:to be proved
@!!END

@!!BEGIN
@!!type:obligation
@!!id:64
@!!loc:5325:15:5325:19
@!!status:to be proved
@!!END

@!!BEGIN
@!!type:obligation
@!!id:65
@!!loc:5325:21:5325:25
@!!status:to be proved
@!!END

@!!BEGIN
@!!type:obligation
@!!id:66
@!!loc:5322:5:5322:7
@!!status:to be proved
@!!END

@!!BEGIN
@!!type:obligation
@!!id:67
@!!loc:5323:20:5323:22
@!!status:to be proved
@!!END

@!!BEGIN
@!!type:obligation
@!!id:68
@!!loc:5323:23:5323:27
@!!status:to be proved
@!!END

@!!BEGIN
@!!type:obligation
@!!id:69
@!!loc:5323:29:5323:33
@!!status:to be proved
@!!END

@!!BEGIN
@!!type:obligation
@!!id:70
@!!loc:5324:20:5324:22
@!!status:to be proved
@!!END

@!!BEGIN
@!!type:obligation
@!!id:71
@!!loc:5324:23:5324:27
@!!status:to be proved
@!!END

@!!BEGIN
@!!type:obligation
@!!id:72
@!!loc:5324:29:5324:33
@!!status:to be proved
@!!END

@!!BEGIN
@!!type:obligation
@!!id:73
@!!loc:5336:12:5336:14
@!!status:to be proved
@!!END

@!!BEGIN
@!!type:obligation
@!!id:74
@!!loc:5336:15:5336:19
@!!status:to be proved
@!!END

@!!BEGIN
@!!type:obligation
@!!id:75
@!!loc:5336:21:5336:25
@!!status:to be proved
@!!END

@!!BEGIN
@!!type:obligation
@!!id:76
@!!loc:5329:5:5329:7
@!!status:to be proved
@!!END

@!!BEGIN
@!!type:obligation
@!!id:77
@!!loc:5330:20:5330:22
@!!status:to be proved
@!!END

@!!BEGIN
@!!type:obligation
@!!id:78
@!!loc:5330:23:5330:27
@!!status:to be proved
@!!END

@!!BEGIN
@!!type:obligation
@!!id:79
@!!loc:5330:29:5330:33
@!!status:to be proved
@!!END

@!!BEGIN
@!!type:obligation
@!!id:80
@!!loc:5335:14:5335:16
@!!status:to be proved
@!!END

@!!BEGIN
@!!type:obligation
@!!id:81
@!!loc:5335:17:5335:21
@!!status:to be proved
@!!END

@!!BEGIN
@!!type:obligation
@!!id:82
@!!loc:5335:23:5335:27
@!!status:to be proved
@!!END

@!!BEGIN
@!!type:obligation
@!!id:83
@!!loc:5332:24:5332:26
@!!status:to be proved
@!!END

@!!BEGIN
@!!type:obligation
@!!id:84
@!!loc:5332:27:5332:31
@!!status:to be proved
@!!END

@!!BEGIN
@!!type:obligation
@!!id:85
@!!loc:5332:33:5332:37
@!!status:to be proved
@!!END

@!!BEGIN
@!!type:obligation
@!!id:86
@!!loc:5333:31:5333:33
@!!status:to be proved
@!!END

@!!BEGIN
@!!type:obligation
@!!id:87
@!!loc:5334:36:5334:38
@!!status:to be proved
@!!END

@!!BEGIN
@!!type:obligation
@!!id:88
@!!loc:5334:39:5334:43
@!!status:to be proved
@!!END

@!!BEGIN
@!!type:obligation
@!!id:89
@!!loc:5334:45:5334:49
@!!status:to be proved
@!!END

@!!BEGIN
@!!type:obligation
@!!id:90
@!!loc:5334:51:5334:55
@!!status:to be proved
@!!END

@!!BEGIN
@!!type:obligation
@!!id:91
@!!loc:5334:57:5334:61
@!!status:to be proved
@!!END

@!!BEGIN
@!!type:obligation
@!!id:92
@!!loc:5343:1:5343:3
@!!status:to be proved
@!!END

@!!BEGIN
@!!type:obligation
@!!id:93
@!!loc:5358:10:5358:12
@!!status:to be proved
@!!END

@!!BEGIN
@!!type:obligation
@!!id:94
@!!loc:5358:13:5358:17
@!!status:to be proved
@!!END

@!!BEGIN
@!!type:obligation
@!!id:95
@!!loc:5358:19:5358:23
@!!status:to be proved
@!!END

@!!BEGIN
@!!type:obligation
@!!id:96
@!!loc:5358:25:5358:29
@!!status:to be proved
@!!END

@!!BEGIN
@!!type:obligation
@!!id:97
@!!loc:5358:31:5358:35
@!!status:to be proved
@!!END

@!!BEGIN
@!!type:obligation
@!!id:98
@!!loc:5349:39:5349:46
@!!status:to be proved
@!!END

@!!BEGIN
@!!type:obligation
@!!id:99
@!!loc:5350:13:5350:15
@!!status:to be proved
@!!END

@!!BEGIN
@!!type:obligation
@!!id:100
@!!loc:5350:16:5350:23
@!!status:to be proved
@!!END

@!!BEGIN
@!!type:obligation
@!!id:101
@!!loc:5351:44:5351:46
@!!status:to be proved
@!!END

@!!BEGIN
@!!type:obligation
@!!id:102
@!!loc:5353:3:5353:5
@!!status:to be proved
@!!END

@!!BEGIN
@!!type:obligation
@!!id:103
@!!loc:5353:6:5353:10
@!!status:to be proved
@!!END

@!!BEGIN
@!!type:obligation
@!!id:104
@!!loc:5354:15:5354:17
@!!status:to be proved
@!!END

@!!BEGIN
@!!type:obligation
@!!id:105
@!!loc:5355:23:5355:25
@!!status:to be proved
@!!END

@!!BEGIN
@!!type:obligation
@!!id:106
@!!loc:5355:26:5355:30
@!!status:to be proved
@!!END

@!!BEGIN
@!!type:obligation
@!!id:107
@!!loc:5355:32:5355:36
@!!status:to be proved
@!!END

@!!BEGIN
@!!type:obligation
@!!id:108
@!!loc:5356:14:5356:16
@!!status:to be proved
@!!END

@!!BEGIN
@!!type:obligation
@!!id:109
@!!loc:5356:17:5356:21
@!!status:to be proved
@!!END

@!!BEGIN
@!!type:obligation
@!!id:110
@!!loc:5356:23:5356:27
@!!status:to be proved
@!!END

@!!BEGIN
@!!type:obligation
@!!id:111
@!!loc:5357:42:5357:44
@!!status:to be proved
@!!END

@!!BEGIN
@!!type:obligation
@!!id:112
@!!loc:5357:45:5357:49
@!!status:to be proved
@!!END

@!!BEGIN
@!!type:obligation
@!!id:113
@!!loc:5375:10:5375:12
@!!status:to be proved
@!!END

@!!BEGIN
@!!type:obligation
@!!id:114
@!!loc:5375:13:5375:17
@!!status:to be proved
@!!END

@!!BEGIN
@!!type:obligation
@!!id:115
@!!loc:5375:19:5375:23
@!!status:to be proved
@!!END

@!!BEGIN
@!!type:obligation
@!!id:116
@!!loc:5375:25:5375:29
@!!status:to be proved
@!!END

@!!BEGIN
@!!type:obligation
@!!id:117
@!!loc:5375:31:5375:36
@!!status:to be proved
@!!END

@!!BEGIN
@!!type:obligation
@!!id:118
@!!loc:5375:38:5375:42
@!!status:to be proved
@!!END

@!!BEGIN
@!!type:obligation
@!!id:119
@!!loc:5375:44:5375:48
@!!status:to be proved
@!!END

@!!BEGIN
@!!type:obligation
@!!id:120
@!!loc:5375:50:5375:60
@!!status:to be proved
@!!END

@!!BEGIN
@!!type:obligation
@!!id:121
@!!loc:5375:62:5375:69
@!!status:to be proved
@!!END

@!!BEGIN
@!!type:obligation
@!!id:122
@!!loc:5366:14:5366:16
@!!status:to be proved
@!!END

@!!BEGIN
@!!type:obligation
@!!id:123
@!!loc:5367:14:5367:16
@!!status:to be proved
@!!END

@!!BEGIN
@!!type:obligation
@!!id:124
@!!loc:5367:17:5367:22
@!!status:to be proved
@!!END

@!!BEGIN
@!!type:obligation
@!!id:125
@!!loc:5367:24:5367:31
@!!status:to be proved
@!!END

@!!BEGIN
@!!type:obligation
@!!id:126
@!!loc:5368:71:5368:73
@!!status:to be proved
@!!END

@!!BEGIN
@!!type:obligation
@!!id:127
@!!loc:5370:3:5370:5
@!!status:to be proved
@!!END

@!!BEGIN
@!!type:obligation
@!!id:128
@!!loc:5371:35:5371:37
@!!status:to be proved
@!!END

@!!BEGIN
@!!type:obligation
@!!id:129
@!!loc:5371:38:5371:42
@!!status:to be proved
@!!END

@!!BEGIN
@!!type:obligation
@!!id:130
@!!loc:5372:40:5372:42
@!!status:to be proved
@!!END

@!!BEGIN
@!!type:obligation
@!!id:131
@!!loc:5373:13:5373:15
@!!status:to be proved
@!!END

@!!BEGIN
@!!type:obligation
@!!id:132
@!!loc:5373:16:5373:20
@!!status:to be proved
@!!END

@!!BEGIN
@!!type:obligation
@!!id:133
@!!loc:5373:22:5373:26
@!!status:to be proved
@!!END

@!!BEGIN
@!!type:obligation
@!!id:134
@!!loc:5374:21:5374:23
@!!status:to be proved
@!!END

@!!BEGIN
@!!type:obligation
@!!id:135
@!!loc:5374:24:5374:28
@!!status:to be proved
@!!END

@!!BEGIN
@!!type:obligation
@!!id:136
@!!loc:5374:30:5374:36
@!!status:to be proved
@!!END

@!!BEGIN
@!!type:obligation
@!!id:137
@!!loc:5389:10:5389:12
@!!status:to be proved
@!!END

@!!BEGIN
@!!type:obligation
@!!id:138
@!!loc:5389:13:5389:17
@!!status:to be proved
@!!END

@!!BEGIN
@!!type:obligation
@!!id:139
@!!loc:5389:19:5389:23
@!!status:to be proved
@!!END

@!!BEGIN
@!!type:obligation
@!!id:140
@!!loc:5389:25:5389:29
@!!status:to be proved
@!!END

@!!BEGIN
@!!type:obligation
@!!id:141
@!!loc:5389:31:5389:36
@!!status:to be proved
@!!END

@!!BEGIN
@!!type:obligation
@!!id:142
@!!loc:5389:38:5389:42
@!!status:to be proved
@!!END

@!!BEGIN
@!!type:obligation
@!!id:143
@!!loc:5389:44:5389:48
@!!status:to be proved
@!!END

@!!BEGIN
@!!type:obligation
@!!id:144
@!!loc:5389:50:5389:60
@!!status:to be proved
@!!END

@!!BEGIN
@!!type:obligation
@!!id:145
@!!loc:5389:62:5389:69
@!!status:to be proved
@!!END

@!!BEGIN
@!!type:obligation
@!!id:146
@!!loc:5380:14:5380:16
@!!status:to be proved
@!!END

@!!BEGIN
@!!type:obligation
@!!id:147
@!!loc:5381:14:5381:16
@!!status:to be proved
@!!END

@!!BEGIN
@!!type:obligation
@!!id:148
@!!loc:5381:17:5381:22
@!!status:to be proved
@!!END

@!!BEGIN
@!!type:obligation
@!!id:149
@!!loc:5381:24:5381:31
@!!status:to be proved
@!!END

@!!BEGIN
@!!type:obligation
@!!id:150
@!!loc:5382:71:5382:73
@!!status:to be proved
@!!END

@!!BEGIN
@!!type:obligation
@!!id:151
@!!loc:5384:3:5384:5
@!!status:to be proved
@!!END

@!!BEGIN
@!!type:obligation
@!!id:152
@!!loc:5385:35:5385:37
@!!status:to be proved
@!!END

@!!BEGIN
@!!type:obligation
@!!id:153
@!!loc:5385:38:5385:42
@!!status:to be proved
@!!END

@!!BEGIN
@!!type:obligation
@!!id:154
@!!loc:5386:64:5386:66
@!!status:to be proved
@!!END

@!!BEGIN
@!!type:obligation
@!!id:155
@!!loc:5387:13:5387:15
@!!status:to be proved
@!!END

@!!BEGIN
@!!type:obligation
@!!id:156
@!!loc:5387:16:5387:20
@!!status:to be proved
@!!END

@!!BEGIN
@!!type:obligation
@!!id:157
@!!loc:5387:22:5387:26
@!!status:to be proved
@!!END

@!!BEGIN
@!!type:obligation
@!!id:158
@!!loc:5388:21:5388:23
@!!status:to be proved
@!!END

@!!BEGIN
@!!type:obligation
@!!id:159
@!!loc:5388:24:5388:28
@!!status:to be proved
@!!END

@!!BEGIN
@!!type:obligation
@!!id:160
@!!loc:5388:30:5388:36
@!!status:to be proved
@!!END

@!!BEGIN
@!!type:obligation
@!!id:161
@!!loc:5403:10:5403:12
@!!status:to be proved
@!!END

@!!BEGIN
@!!type:obligation
@!!id:162
@!!loc:5403:13:5403:17
@!!status:to be proved
@!!END

@!!BEGIN
@!!type:obligation
@!!id:163
@!!loc:5403:19:5403:23
@!!status:to be proved
@!!END

@!!BEGIN
@!!type:obligation
@!!id:164
@!!loc:5403:25:5403:29
@!!status:to be proved
@!!END

@!!BEGIN
@!!type:obligation
@!!id:165
@!!loc:5403:31:5403:36
@!!status:to be proved
@!!END

@!!BEGIN
@!!type:obligation
@!!id:166
@!!loc:5403:38:5403:42
@!!status:to be proved
@!!END

@!!BEGIN
@!!type:obligation
@!!id:167
@!!loc:5403:44:5403:48
@!!status:to be proved
@!!END

@!!BEGIN
@!!type:obligation
@!!id:168
@!!loc:5403:50:5403:60
@!!status:to be proved
@!!END

@!!BEGIN
@!!type:obligation
@!!id:169
@!!loc:5403:62:5403:69
@!!status:to be proved
@!!END

@!!BEGIN
@!!type:obligation
@!!id:170
@!!loc:5394:14:5394:16
@!!status:to be proved
@!!END

@!!BEGIN
@!!type:obligation
@!!id:171
@!!loc:5395:14:5395:16
@!!status:to be proved
@!!END

@!!BEGIN
@!!type:obligation
@!!id:172
@!!loc:5395:17:5395:22
@!!status:to be proved
@!!END

@!!BEGIN
@!!type:obligation
@!!id:173
@!!loc:5395:24:5395:34
@!!status:to be proved
@!!END

@!!BEGIN
@!!type:obligation
@!!id:174
@!!loc:5396:71:5396:73
@!!status:to be proved
@!!END

@!!BEGIN
@!!type:obligation
@!!id:175
@!!loc:5398:3:5398:5
@!!status:to be proved
@!!END

@!!BEGIN
@!!type:obligation
@!!id:176
@!!loc:5399:35:5399:37
@!!status:to be proved
@!!END

@!!BEGIN
@!!type:obligation
@!!id:177
@!!loc:5399:38:5399:42
@!!status:to be proved
@!!END

@!!BEGIN
@!!type:obligation
@!!id:178
@!!loc:5400:32:5400:34
@!!status:to be proved
@!!END

@!!BEGIN
@!!type:obligation
@!!id:179
@!!loc:5401:13:5401:15
@!!status:to be proved
@!!END

@!!BEGIN
@!!type:obligation
@!!id:180
@!!loc:5401:16:5401:20
@!!status:to be proved
@!!END

@!!BEGIN
@!!type:obligation
@!!id:181
@!!loc:5401:22:5401:26
@!!status:to be proved
@!!END

@!!BEGIN
@!!type:obligation
@!!id:182
@!!loc:5402:21:5402:23
@!!status:to be proved
@!!END

@!!BEGIN
@!!type:obligation
@!!id:183
@!!loc:5402:24:5402:28
@!!status:to be proved
@!!END

@!!BEGIN
@!!type:obligation
@!!id:184
@!!loc:5402:30:5402:36
@!!status:to be proved
@!!END

@!!BEGIN
@!!type:obligation
@!!id:185
@!!loc:5417:10:5417:12
@!!status:to be proved
@!!END

@!!BEGIN
@!!type:obligation
@!!id:186
@!!loc:5417:13:5417:17
@!!status:to be proved
@!!END

@!!BEGIN
@!!type:obligation
@!!id:187
@!!loc:5417:19:5417:23
@!!status:to be proved
@!!END

@!!BEGIN
@!!type:obligation
@!!id:188
@!!loc:5417:25:5417:29
@!!status:to be proved
@!!END

@!!BEGIN
@!!type:obligation
@!!id:189
@!!loc:5417:31:5417:36
@!!status:to be proved
@!!END

@!!BEGIN
@!!type:obligation
@!!id:190
@!!loc:5417:38:5417:42
@!!status:to be proved
@!!END

@!!BEGIN
@!!type:obligation
@!!id:191
@!!loc:5417:44:5417:48
@!!status:to be proved
@!!END

@!!BEGIN
@!!type:obligation
@!!id:192
@!!loc:5417:50:5417:60
@!!status:to be proved
@!!END

@!!BEGIN
@!!type:obligation
@!!id:193
@!!loc:5417:62:5417:69
@!!status:to be proved
@!!END

@!!BEGIN
@!!type:obligation
@!!id:194
@!!loc:5408:14:5408:16
@!!status:to be proved
@!!END

@!!BEGIN
@!!type:obligation
@!!id:195
@!!loc:5409:14:5409:16
@!!status:to be proved
@!!END

@!!BEGIN
@!!type:obligation
@!!id:196
@!!loc:5409:17:5409:22
@!!status:to be proved
@!!END

@!!BEGIN
@!!type:obligation
@!!id:197
@!!loc:5409:24:5409:40
@!!status:to be proved
@!!END

@!!BEGIN
@!!type:obligation
@!!id:198
@!!loc:5410:71:5410:73
@!!status:to be proved
@!!END

@!!BEGIN
@!!type:obligation
@!!id:199
@!!loc:5412:3:5412:5
@!!status:to be proved
@!!END

@!!BEGIN
@!!type:obligation
@!!id:200
@!!loc:5413:35:5413:37
@!!status:to be proved
@!!END

@!!BEGIN
@!!type:obligation
@!!id:201
@!!loc:5413:38:5413:42
@!!status:to be proved
@!!END

@!!BEGIN
@!!type:obligation
@!!id:202
@!!loc:5414:32:5414:34
@!!status:to be proved
@!!END

@!!BEGIN
@!!type:obligation
@!!id:203
@!!loc:5415:13:5415:15
@!!status:to be proved
@!!END

@!!BEGIN
@!!type:obligation
@!!id:204
@!!loc:5415:16:5415:20
@!!status:to be proved
@!!END

@!!BEGIN
@!!type:obligation
@!!id:205
@!!loc:5415:22:5415:26
@!!status:to be proved
@!!END

@!!BEGIN
@!!type:obligation
@!!id:206
@!!loc:5416:21:5416:23
@!!status:to be proved
@!!END

@!!BEGIN
@!!type:obligation
@!!id:207
@!!loc:5416:24:5416:28
@!!status:to be proved
@!!END

@!!BEGIN
@!!type:obligation
@!!id:208
@!!loc:5416:30:5416:36
@!!status:to be proved
@!!END

@!!BEGIN
@!!type:obligation
@!!id:209
@!!loc:5431:10:5431:12
@!!status:to be proved
@!!END

@!!BEGIN
@!!type:obligation
@!!id:210
@!!loc:5431:13:5431:17
@!!status:to be proved
@!!END

@!!BEGIN
@!!type:obligation
@!!id:211
@!!loc:5431:19:5431:23
@!!status:to be proved
@!!END

@!!BEGIN
@!!type:obligation
@!!id:212
@!!loc:5431:25:5431:29
@!!status:to be proved
@!!END

@!!BEGIN
@!!type:obligation
@!!id:213
@!!loc:5431:31:5431:36
@!!status:to be proved
@!!END

@!!BEGIN
@!!type:obligation
@!!id:214
@!!loc:5431:38:5431:42
@!!status:to be proved
@!!END

@!!BEGIN
@!!type:obligation
@!!id:215
@!!loc:5431:44:5431:48
@!!status:to be proved
@!!END

@!!BEGIN
@!!type:obligation
@!!id:216
@!!loc:5431:50:5431:60
@!!status:to be proved
@!!END

@!!BEGIN
@!!type:obligation
@!!id:217
@!!loc:5431:62:5431:69
@!!status:to be proved
@!!END

@!!BEGIN
@!!type:obligation
@!!id:218
@!!loc:5422:14:5422:16
@!!status:to be proved
@!!END

@!!BEGIN
@!!type:obligation
@!!id:219
@!!loc:5423:14:5423:16
@!!status:to be proved
@!!END

@!!BEGIN
@!!type:obligation
@!!id:220
@!!loc:5423:17:5423:22
@!!status:to be proved
@!!END

@!!BEGIN
@!!type:obligation
@!!id:221
@!!loc:5423:24:5423:34
@!!status:to be proved
@!!END

@!!BEGIN
@!!type:obligation
@!!id:222
@!!loc:5424:71:5424:73
@!!status:to be proved
@!!END

@!!BEGIN
@!!type:obligation
@!!id:223
@!!loc:5426:3:5426:5
@!!status:to be proved
@!!END

@!!BEGIN
@!!type:obligation
@!!id:224
@!!loc:5427:35:5427:37
@!!status:to be proved
@!!END

@!!BEGIN
@!!type:obligation
@!!id:225
@!!loc:5427:38:5427:42
@!!status:to be proved
@!!END

@!!BEGIN
@!!type:obligation
@!!id:226
@!!loc:5428:32:5428:34
@!!status:to be proved
@!!END

@!!BEGIN
@!!type:obligation
@!!id:227
@!!loc:5429:13:5429:15
@!!status:to be proved
@!!END

@!!BEGIN
@!!type:obligation
@!!id:228
@!!loc:5429:16:5429:20
@!!status:to be proved
@!!END

@!!BEGIN
@!!type:obligation
@!!id:229
@!!loc:5429:22:5429:26
@!!status:to be proved
@!!END

@!!BEGIN
@!!type:obligation
@!!id:230
@!!loc:5430:21:5430:23
@!!status:to be proved
@!!END

@!!BEGIN
@!!type:obligation
@!!id:231
@!!loc:5430:24:5430:28
@!!status:to be proved
@!!END

@!!BEGIN
@!!type:obligation
@!!id:232
@!!loc:5430:30:5430:36
@!!status:to be proved
@!!END

@!!BEGIN
@!!type:obligation
@!!id:233
@!!loc:5445:10:5445:12
@!!status:to be proved
@!!END

@!!BEGIN
@!!type:obligation
@!!id:234
@!!loc:5445:13:5445:17
@!!status:to be proved
@!!END

@!!BEGIN
@!!type:obligation
@!!id:235
@!!loc:5445:19:5445:23
@!!status:to be proved
@!!END

@!!BEGIN
@!!type:obligation
@!!id:236
@!!loc:5445:25:5445:29
@!!status:to be proved
@!!END

@!!BEGIN
@!!type:obligation
@!!id:237
@!!loc:5445:31:5445:36
@!!status:to be proved
@!!END

@!!BEGIN
@!!type:obligation
@!!id:238
@!!loc:5445:38:5445:42
@!!status:to be proved
@!!END

@!!BEGIN
@!!type:obligation
@!!id:239
@!!loc:5445:44:5445:48
@!!status:to be proved
@!!END

@!!BEGIN
@!!type:obligation
@!!id:240
@!!loc:5445:50:5445:60
@!!status:to be proved
@!!END

@!!BEGIN
@!!type:obligation
@!!id:241
@!!loc:5445:62:5445:69
@!!status:to be proved
@!!END

@!!BEGIN
@!!type:obligation
@!!id:242
@!!loc:5436:14:5436:16
@!!status:to be proved
@!!END

@!!BEGIN
@!!type:obligation
@!!id:243
@!!loc:5437:14:5437:16
@!!status:to be proved
@!!END

@!!BEGIN
@!!type:obligation
@!!id:244
@!!loc:5437:17:5437:22
@!!status:to be proved
@!!END

@!!BEGIN
@!!type:obligation
@!!id:245
@!!loc:5437:24:5437:32
@!!status:to be proved
@!!END

@!!BEGIN
@!!type:obligation
@!!id:246
@!!loc:5438:71:5438:73
@!!status:to be proved
@!!END

@!!BEGIN
@!!type:obligation
@!!id:247
@!!loc:5440:3:5440:5
@!!status:to be proved
@!!END

@!!BEGIN
@!!type:obligation
@!!id:248
@!!loc:5441:35:5441:37
@!!status:to be proved
@!!END

@!!BEGIN
@!!type:obligation
@!!id:249
@!!loc:5441:38:5441:42
@!!status:to be proved
@!!END

@!!BEGIN
@!!type:obligation
@!!id:250
@!!loc:5442:40:5442:42
@!!status:to be proved
@!!END

@!!BEGIN
@!!type:obligation
@!!id:251
@!!loc:5443:13:5443:15
@!!status:to be proved
@!!END

@!!BEGIN
@!!type:obligation
@!!id:252
@!!loc:5443:16:5443:20
@!!status:to be proved
@!!END

@!!BEGIN
@!!type:obligation
@!!id:253
@!!loc:5443:22:5443:26
@!!status:to be proved
@!!END

@!!BEGIN
@!!type:obligation
@!!id:254
@!!loc:5444:21:5444:23
@!!status:to be proved
@!!END

@!!BEGIN
@!!type:obligation
@!!id:255
@!!loc:5444:24:5444:28
@!!status:to be proved
@!!END

@!!BEGIN
@!!type:obligation
@!!id:256
@!!loc:5444:30:5444:36
@!!status:to be proved
@!!END

@!!BEGIN
@!!type:obligation
@!!id:257
@!!loc:5459:10:5459:12
@!!status:to be proved
@!!END

@!!BEGIN
@!!type:obligation
@!!id:258
@!!loc:5459:13:5459:17
@!!status:to be proved
@!!END

@!!BEGIN
@!!type:obligation
@!!id:259
@!!loc:5459:19:5459:23
@!!status:to be proved
@!!END

@!!BEGIN
@!!type:obligation
@!!id:260
@!!loc:5459:25:5459:29
@!!status:to be proved
@!!END

@!!BEGIN
@!!type:obligation
@!!id:261
@!!loc:5459:31:5459:36
@!!status:to be proved
@!!END

@!!BEGIN
@!!type:obligation
@!!id:262
@!!loc:5459:38:5459:42
@!!status:to be proved
@!!END

@!!BEGIN
@!!type:obligation
@!!id:263
@!!loc:5459:44:5459:48
@!!status:to be proved
@!!END

@!!BEGIN
@!!type:obligation
@!!id:264
@!!loc:5459:50:5459:60
@!!status:to be proved
@!!END

@!!BEGIN
@!!type:obligation
@!!id:265
@!!loc:5459:62:5459:69
@!!status:to be proved
@!!END

@!!BEGIN
@!!type:obligation
@!!id:266
@!!loc:5450:14:5450:16
@!!status:to be proved
@!!END

@!!BEGIN
@!!type:obligation
@!!id:267
@!!loc:5451:14:5451:16
@!!status:to be proved
@!!END

@!!BEGIN
@!!type:obligation
@!!id:268
@!!loc:5451:17:5451:22
@!!status:to be proved
@!!END

@!!BEGIN
@!!type:obligation
@!!id:269
@!!loc:5451:24:5451:31
@!!status:to be proved
@!!END

@!!BEGIN
@!!type:obligation
@!!id:270
@!!loc:5452:71:5452:73
@!!status:to be proved
@!!END

@!!BEGIN
@!!type:obligation
@!!id:271
@!!loc:5454:3:5454:5
@!!status:to be proved
@!!END

@!!BEGIN
@!!type:obligation
@!!id:272
@!!loc:5455:35:5455:37
@!!status:to be proved
@!!END

@!!BEGIN
@!!type:obligation
@!!id:273
@!!loc:5455:38:5455:42
@!!status:to be proved
@!!END

@!!BEGIN
@!!type:obligation
@!!id:274
@!!loc:5456:40:5456:42
@!!status:to be proved
@!!END

@!!BEGIN
@!!type:obligation
@!!id:275
@!!loc:5457:13:5457:15
@!!status:to be proved
@!!END

@!!BEGIN
@!!type:obligation
@!!id:276
@!!loc:5457:16:5457:20
@!!status:to be proved
@!!END

@!!BEGIN
@!!type:obligation
@!!id:277
@!!loc:5457:22:5457:26
@!!status:to be proved
@!!END

@!!BEGIN
@!!type:obligation
@!!id:278
@!!loc:5458:21:5458:23
@!!status:to be proved
@!!END

@!!BEGIN
@!!type:obligation
@!!id:279
@!!loc:5458:24:5458:28
@!!status:to be proved
@!!END

@!!BEGIN
@!!type:obligation
@!!id:280
@!!loc:5458:30:5458:36
@!!status:to be proved
@!!END

@!!BEGIN
@!!type:obligation
@!!id:281
@!!loc:5473:10:5473:12
@!!status:to be proved
@!!END

@!!BEGIN
@!!type:obligation
@!!id:282
@!!loc:5473:13:5473:17
@!!status:to be proved
@!!END

@!!BEGIN
@!!type:obligation
@!!id:283
@!!loc:5473:19:5473:23
@!!status:to be proved
@!!END

@!!BEGIN
@!!type:obligation
@!!id:284
@!!loc:5473:25:5473:29
@!!status:to be proved
@!!END

@!!BEGIN
@!!type:obligation
@!!id:285
@!!loc:5473:31:5473:36
@!!status:to be proved
@!!END

@!!BEGIN
@!!type:obligation
@!!id:286
@!!loc:5473:38:5473:42
@!!status:to be proved
@!!END

@!!BEGIN
@!!type:obligation
@!!id:287
@!!loc:5473:44:5473:48
@!!status:to be proved
@!!END

@!!BEGIN
@!!type:obligation
@!!id:288
@!!loc:5473:50:5473:60
@!!status:to be proved
@!!END

@!!BEGIN
@!!type:obligation
@!!id:289
@!!loc:5473:62:5473:69
@!!status:to be proved
@!!END

@!!BEGIN
@!!type:obligation
@!!id:290
@!!loc:5464:14:5464:16
@!!status:to be proved
@!!END

@!!BEGIN
@!!type:obligation
@!!id:291
@!!loc:5465:14:5465:16
@!!status:to be proved
@!!END

@!!BEGIN
@!!type:obligation
@!!id:292
@!!loc:5465:17:5465:22
@!!status:to be proved
@!!END

@!!BEGIN
@!!type:obligation
@!!id:293
@!!loc:5465:24:5465:30
@!!status:to be proved
@!!END

@!!BEGIN
@!!type:obligation
@!!id:294
@!!loc:5466:71:5466:73
@!!status:to be proved
@!!END

@!!BEGIN
@!!type:obligation
@!!id:295
@!!loc:5468:3:5468:5
@!!status:to be proved
@!!END

@!!BEGIN
@!!type:obligation
@!!id:296
@!!loc:5469:35:5469:37
@!!status:to be proved
@!!END

@!!BEGIN
@!!type:obligation
@!!id:297
@!!loc:5469:38:5469:42
@!!status:to be proved
@!!END

@!!BEGIN
@!!type:obligation
@!!id:298
@!!loc:5470:40:5470:42
@!!status:to be proved
@!!END

@!!BEGIN
@!!type:obligation
@!!id:299
@!!loc:5471:13:5471:15
@!!status:to be proved
@!!END

@!!BEGIN
@!!type:obligation
@!!id:300
@!!loc:5471:16:5471:20
@!!status:to be proved
@!!END

@!!BEGIN
@!!type:obligation
@!!id:301
@!!loc:5471:22:5471:26
@!!status:to be proved
@!!END

@!!BEGIN
@!!type:obligation
@!!id:302
@!!loc:5472:21:5472:23
@!!status:to be proved
@!!END

@!!BEGIN
@!!type:obligation
@!!id:303
@!!loc:5472:24:5472:28
@!!status:to be proved
@!!END

@!!BEGIN
@!!type:obligation
@!!id:304
@!!loc:5472:30:5472:36
@!!status:to be proved
@!!END

@!!BEGIN
@!!type:obligation
@!!id:305
@!!loc:5487:10:5487:12
@!!status:to be proved
@!!END

@!!BEGIN
@!!type:obligation
@!!id:306
@!!loc:5487:13:5487:17
@!!status:to be proved
@!!END

@!!BEGIN
@!!type:obligation
@!!id:307
@!!loc:5487:19:5487:23
@!!status:to be proved
@!!END

@!!BEGIN
@!!type:obligation
@!!id:308
@!!loc:5487:25:5487:29
@!!status:to be proved
@!!END

@!!BEGIN
@!!type:obligation
@!!id:309
@!!loc:5487:31:5487:36
@!!status:to be proved
@!!END

@!!BEGIN
@!!type:obligation
@!!id:310
@!!loc:5487:38:5487:42
@!!status:to be proved
@!!END

@!!BEGIN
@!!type:obligation
@!!id:311
@!!loc:5487:44:5487:48
@!!status:to be proved
@!!END

@!!BEGIN
@!!type:obligation
@!!id:312
@!!loc:5487:50:5487:60
@!!status:to be proved
@!!END

@!!BEGIN
@!!type:obligation
@!!id:313
@!!loc:5487:62:5487:69
@!!status:to be proved
@!!END

@!!BEGIN
@!!type:obligation
@!!id:314
@!!loc:5478:14:5478:16
@!!status:to be proved
@!!END

@!!BEGIN
@!!type:obligation
@!!id:315
@!!loc:5479:14:5479:16
@!!status:to be proved
@!!END

@!!BEGIN
@!!type:obligation
@!!id:316
@!!loc:5479:17:5479:22
@!!status:to be proved
@!!END

@!!BEGIN
@!!type:obligation
@!!id:317
@!!loc:5479:24:5479:32
@!!status:to be proved
@!!END

@!!BEGIN
@!!type:obligation
@!!id:318
@!!loc:5480:71:5480:73
@!!status:to be proved
@!!END

@!!BEGIN
@!!type:obligation
@!!id:319
@!!loc:5482:3:5482:5
@!!status:to be proved
@!!END

@!!BEGIN
@!!type:obligation
@!!id:320
@!!loc:5483:35:5483:37
@!!status:to be proved
@!!END

@!!BEGIN
@!!type:obligation
@!!id:321
@!!loc:5483:38:5483:42
@!!status:to be proved
@!!END

@!!BEGIN
@!!type:obligation
@!!id:322
@!!loc:5484:40:5484:42
@!!status:to be proved
@!!END

@!!BEGIN
@!!type:obligation
@!!id:323
@!!loc:5485:13:5485:15
@!!status:to be proved
@!!END

@!!BEGIN
@!!type:obligation
@!!id:324
@!!loc:5485:16:5485:20
@!!status:to be proved
@!!END

@!!BEGIN
@!!type:obligation
@!!id:325
@!!loc:5485:22:5485:26
@!!status:to be proved
@!!END

@!!BEGIN
@!!type:obligation
@!!id:326
@!!loc:5486:21:5486:23
@!!status:to be proved
@!!END

@!!BEGIN
@!!type:obligation
@!!id:327
@!!loc:5486:24:5486:28
@!!status:to be proved
@!!END

@!!BEGIN
@!!type:obligation
@!!id:328
@!!loc:5486:30:5486:36
@!!status:to be proved
@!!END

@!!BEGIN
@!!type:obligation
@!!id:329
@!!loc:5533:10:5533:12
@!!status:to be proved
@!!END

@!!BEGIN
@!!type:obligation
@!!id:330
@!!loc:5533:13:5533:17
@!!status:to be proved
@!!END

@!!BEGIN
@!!type:obligation
@!!id:331
@!!loc:5533:19:5533:23
@!!status:to be proved
@!!END

@!!BEGIN
@!!type:obligation
@!!id:332
@!!loc:5533:25:5533:29
@!!status:to be proved
@!!END

@!!BEGIN
@!!type:obligation
@!!id:333
@!!loc:5533:31:5533:36
@!!status:to be proved
@!!END

@!!BEGIN
@!!type:obligation
@!!id:334
@!!loc:5533:38:5533:42
@!!status:to be proved
@!!END

@!!BEGIN
@!!type:obligation
@!!id:335
@!!loc:5533:44:5533:48
@!!status:to be proved
@!!END

@!!BEGIN
@!!type:obligation
@!!id:336
@!!loc:5533:50:5533:54
@!!status:to be proved
@!!END

@!!BEGIN
@!!type:obligation
@!!id:337
@!!loc:5533:56:5533:60
@!!status:to be proved
@!!END

@!!BEGIN
@!!type:obligation
@!!id:338
@!!loc:5533:62:5533:66
@!!status:to be proved
@!!END

@!!BEGIN
@!!type:obligation
@!!id:339
@!!loc:5533:68:5533:72
@!!status:to be proved
@!!END

@!!BEGIN
@!!type:obligation
@!!id:340
@!!loc:5533:74:5533:78
@!!status:to be proved
@!!END

@!!BEGIN
@!!type:obligation
@!!id:341
@!!loc:5533:80:5533:87
@!!status:to be proved
@!!END

@!!BEGIN
@!!type:obligation
@!!id:342
@!!loc:5495:14:5495:16
@!!status:to be proved
@!!END

@!!BEGIN
@!!type:obligation
@!!id:343
@!!loc:5496:14:5496:16
@!!status:to be proved
@!!END

@!!BEGIN
@!!type:obligation
@!!id:344
@!!loc:5496:17:5496:22
@!!status:to be proved
@!!END

@!!BEGIN
@!!type:obligation
@!!id:345
@!!loc:5496:24:5496:31
@!!status:to be proved
@!!END

@!!BEGIN
@!!type:obligation
@!!id:346
@!!loc:5497:71:5497:73
@!!status:to be proved
@!!END

@!!BEGIN
@!!type:obligation
@!!id:347
@!!loc:5499:3:5499:5
@!!status:to be proved
@!!END

@!!BEGIN
@!!type:obligation
@!!id:348
@!!loc:5500:35:5500:37
@!!status:to be proved
@!!END

@!!BEGIN
@!!type:obligation
@!!id:349
@!!loc:5500:38:5500:42
@!!status:to be proved
@!!END

@!!BEGIN
@!!type:obligation
@!!id:350
@!!loc:5501:23:5501:25
@!!status:to be proved
@!!END

@!!BEGIN
@!!type:obligation
@!!id:351
@!!loc:5501:26:5501:30
@!!status:to be proved
@!!END

@!!BEGIN
@!!type:obligation
@!!id:352
@!!loc:5506:3:5506:5
@!!status:to be proved
@!!END

@!!BEGIN
@!!type:obligation
@!!id:353
@!!loc:5506:6:5506:10
@!!status:to be proved
@!!END

@!!BEGIN
@!!type:obligation
@!!id:354
@!!loc:5506:12:5506:24
@!!status:to be proved
@!!END

@!!BEGIN
@!!type:obligation
@!!id:355
@!!loc:5507:26:5507:28
@!!status:to be proved
@!!END

@!!BEGIN
@!!type:obligation
@!!id:356
@!!loc:5508:68:5508:70
@!!status:to be proved
@!!END

@!!BEGIN
@!!type:obligation
@!!id:357
@!!loc:5509:13:5509:15
@!!status:to be proved
@!!END

@!!BEGIN
@!!type:obligation
@!!id:358
@!!loc:5510:26:5510:28
@!!status:to be proved
@!!END

@!!BEGIN
@!!type:obligation
@!!id:359
@!!loc:5510:29:5510:33
@!!status:to be proved
@!!END

@!!BEGIN
@!!type:obligation
@!!id:360
@!!loc:5510:35:5510:39
@!!status:to be proved
@!!END

@!!BEGIN
@!!type:obligation
@!!id:361
@!!loc:5510:41:5510:49
@!!status:to be proved
@!!END

@!!BEGIN
@!!type:obligation
@!!id:362
@!!loc:5518:3:5518:5
@!!status:to be proved
@!!END

@!!BEGIN
@!!type:obligation
@!!id:363
@!!loc:5526:3:5526:5
@!!status:to be proved
@!!END

@!!BEGIN
@!!type:obligation
@!!id:364
@!!loc:5527:13:5527:15
@!!status:to be proved
@!!END

@!!BEGIN
@!!type:obligation
@!!id:365
@!!loc:5527:16:5527:20
@!!status:to be proved
@!!END

@!!BEGIN
@!!type:obligation
@!!id:366
@!!loc:5527:22:5527:26
@!!status:to be proved
@!!END

@!!BEGIN
@!!type:obligation
@!!id:367
@!!loc:5528:23:5528:25
@!!status:to be proved
@!!END

@!!BEGIN
@!!type:obligation
@!!id:368
@!!loc:5528:26:5528:30
@!!status:to be proved
@!!END

@!!BEGIN
@!!type:obligation
@!!id:369
@!!loc:5528:32:5528:36
@!!status:to be proved
@!!END

@!!BEGIN
@!!type:obligation
@!!id:370
@!!loc:5528:38:5528:43
@!!status:to be proved
@!!END

@!!BEGIN
@!!type:obligation
@!!id:371
@!!loc:5528:45:5528:49
@!!status:to be proved
@!!END

@!!BEGIN
@!!type:obligation
@!!id:372
@!!loc:5528:51:5528:55
@!!status:to be proved
@!!END

@!!BEGIN
@!!type:obligation
@!!id:373
@!!loc:5528:57:5528:61
@!!status:to be proved
@!!END

@!!BEGIN
@!!type:obligation
@!!id:374
@!!loc:5529:25:5529:27
@!!status:to be proved
@!!END

@!!BEGIN
@!!type:obligation
@!!id:375
@!!loc:5529:28:5529:32
@!!status:to be proved
@!!END

@!!BEGIN
@!!type:obligation
@!!id:376
@!!loc:5529:34:5529:38
@!!status:to be proved
@!!END

@!!BEGIN
@!!type:obligation
@!!id:377
@!!loc:5529:40:5529:45
@!!status:to be proved
@!!END

@!!BEGIN
@!!type:obligation
@!!id:378
@!!loc:5529:47:5529:51
@!!status:to be proved
@!!END

@!!BEGIN
@!!type:obligation
@!!id:379
@!!loc:5530:26:5530:28
@!!status:to be proved
@!!END

@!!BEGIN
@!!type:obligation
@!!id:380
@!!loc:5530:29:5530:33
@!!status:to be proved
@!!END

@!!BEGIN
@!!type:obligation
@!!id:381
@!!loc:5530:35:5530:39
@!!status:to be proved
@!!END

@!!BEGIN
@!!type:obligation
@!!id:382
@!!loc:5530:41:5530:45
@!!status:to be proved
@!!END

@!!BEGIN
@!!type:obligation
@!!id:383
@!!loc:5530:47:5530:52
@!!status:to be proved
@!!END

@!!BEGIN
@!!type:obligation
@!!id:384
@!!loc:5530:54:5530:58
@!!status:to be proved
@!!END

@!!BEGIN
@!!type:obligation
@!!id:385
@!!loc:5531:25:5531:27
@!!status:to be proved
@!!END

@!!BEGIN
@!!type:obligation
@!!id:386
@!!loc:5531:28:5531:32
@!!status:to be proved
@!!END

@!!BEGIN
@!!type:obligation
@!!id:387
@!!loc:5531:34:5531:38
@!!status:to be proved
@!!END

@!!BEGIN
@!!type:obligation
@!!id:388
@!!loc:5531:40:5531:44
@!!status:to be proved
@!!END

@!!BEGIN
@!!type:obligation
@!!id:389
@!!loc:5531:46:5531:51
@!!status:to be proved
@!!END

@!!BEGIN
@!!type:obligation
@!!id:390
@!!loc:5531:53:5531:57
@!!status:to be proved
@!!END

@!!BEGIN
@!!type:obligation
@!!id:391
@!!loc:5532:26:5532:28
@!!status:to be proved
@!!END

@!!BEGIN
@!!type:obligation
@!!id:392
@!!loc:5532:29:5532:33
@!!status:to be proved
@!!END

@!!BEGIN
@!!type:obligation
@!!id:393
@!!loc:5532:35:5532:39
@!!status:to be proved
@!!END

@!!BEGIN
@!!type:obligation
@!!id:394
@!!loc:5532:41:5532:45
@!!status:to be proved
@!!END

@!!BEGIN
@!!type:obligation
@!!id:395
@!!loc:5532:47:5532:52
@!!status:to be proved
@!!END

@!!BEGIN
@!!type:obligation
@!!id:396
@!!loc:5532:54:5532:58
@!!status:to be proved
@!!END

@!!BEGIN
@!!type:obligation
@!!id:397
@!!loc:5576:10:5576:12
@!!status:to be proved
@!!END

@!!BEGIN
@!!type:obligation
@!!id:398
@!!loc:5576:13:5576:17
@!!status:to be proved
@!!END

@!!BEGIN
@!!type:obligation
@!!id:399
@!!loc:5576:19:5576:23
@!!status:to be proved
@!!END

@!!BEGIN
@!!type:obligation
@!!id:400
@!!loc:5576:25:5576:29
@!!status:to be proved
@!!END

@!!BEGIN
@!!type:obligation
@!!id:401
@!!loc:5576:31:5576:36
@!!status:to be proved
@!!END

@!!BEGIN
@!!type:obligation
@!!id:402
@!!loc:5576:38:5576:42
@!!status:to be proved
@!!END

@!!BEGIN
@!!type:obligation
@!!id:403
@!!loc:5576:44:5576:48
@!!status:to be proved
@!!END

@!!BEGIN
@!!type:obligation
@!!id:404
@!!loc:5576:50:5576:54
@!!status:to be proved
@!!END

@!!BEGIN
@!!type:obligation
@!!id:405
@!!loc:5576:56:5576:60
@!!status:to be proved
@!!END

@!!BEGIN
@!!type:obligation
@!!id:406
@!!loc:5576:62:5576:66
@!!status:to be proved
@!!END

@!!BEGIN
@!!type:obligation
@!!id:407
@!!loc:5576:68:5576:72
@!!status:to be proved
@!!END

@!!BEGIN
@!!type:obligation
@!!id:408
@!!loc:5576:74:5576:78
@!!status:to be proved
@!!END

@!!BEGIN
@!!type:obligation
@!!id:409
@!!loc:5576:80:5576:87
@!!status:to be proved
@!!END

@!!BEGIN
@!!type:obligation
@!!id:410
@!!loc:5538:14:5538:16
@!!status:to be proved
@!!END

@!!BEGIN
@!!type:obligation
@!!id:411
@!!loc:5539:14:5539:16
@!!status:to be proved
@!!END

@!!BEGIN
@!!type:obligation
@!!id:412
@!!loc:5539:17:5539:22
@!!status:to be proved
@!!END

@!!BEGIN
@!!type:obligation
@!!id:413
@!!loc:5539:24:5539:33
@!!status:to be proved
@!!END

@!!BEGIN
@!!type:obligation
@!!id:414
@!!loc:5540:71:5540:73
@!!status:to be proved
@!!END

@!!BEGIN
@!!type:obligation
@!!id:415
@!!loc:5542:3:5542:5
@!!status:to be proved
@!!END

@!!BEGIN
@!!type:obligation
@!!id:416
@!!loc:5543:35:5543:37
@!!status:to be proved
@!!END

@!!BEGIN
@!!type:obligation
@!!id:417
@!!loc:5543:38:5543:42
@!!status:to be proved
@!!END

@!!BEGIN
@!!type:obligation
@!!id:418
@!!loc:5544:23:5544:25
@!!status:to be proved
@!!END

@!!BEGIN
@!!type:obligation
@!!id:419
@!!loc:5544:26:5544:30
@!!status:to be proved
@!!END

@!!BEGIN
@!!type:obligation
@!!id:420
@!!loc:5549:3:5549:5
@!!status:to be proved
@!!END

@!!BEGIN
@!!type:obligation
@!!id:421
@!!loc:5549:6:5549:10
@!!status:to be proved
@!!END

@!!BEGIN
@!!type:obligation
@!!id:422
@!!loc:5549:12:5549:24
@!!status:to be proved
@!!END

@!!BEGIN
@!!type:obligation
@!!id:423
@!!loc:5550:26:5550:28
@!!status:to be proved
@!!END

@!!BEGIN
@!!type:obligation
@!!id:424
@!!loc:5551:70:5551:72
@!!status:to be proved
@!!END

@!!BEGIN
@!!type:obligation
@!!id:425
@!!loc:5552:13:5552:15
@!!status:to be proved
@!!END

@!!BEGIN
@!!type:obligation
@!!id:426
@!!loc:5553:28:5553:30
@!!status:to be proved
@!!END

@!!BEGIN
@!!type:obligation
@!!id:427
@!!loc:5553:31:5553:35
@!!status:to be proved
@!!END

@!!BEGIN
@!!type:obligation
@!!id:428
@!!loc:5553:37:5553:41
@!!status:to be proved
@!!END

@!!BEGIN
@!!type:obligation
@!!id:429
@!!loc:5553:43:5553:51
@!!status:to be proved
@!!END

@!!BEGIN
@!!type:obligation
@!!id:430
@!!loc:5561:3:5561:5
@!!status:to be proved
@!!END

@!!BEGIN
@!!type:obligation
@!!id:431
@!!loc:5569:3:5569:5
@!!status:to be proved
@!!END

@!!BEGIN
@!!type:obligation
@!!id:432
@!!loc:5570:13:5570:15
@!!status:to be proved
@!!END

@!!BEGIN
@!!type:obligation
@!!id:433
@!!loc:5570:16:5570:20
@!!status:to be proved
@!!END

@!!BEGIN
@!!type:obligation
@!!id:434
@!!loc:5570:22:5570:26
@!!status:to be proved
@!!END

@!!BEGIN
@!!type:obligation
@!!id:435
@!!loc:5571:25:5571:27
@!!status:to be proved
@!!END

@!!BEGIN
@!!type:obligation
@!!id:436
@!!loc:5571:28:5571:32
@!!status:to be proved
@!!END

@!!BEGIN
@!!type:obligation
@!!id:437
@!!loc:5571:34:5571:38
@!!status:to be proved
@!!END

@!!BEGIN
@!!type:obligation
@!!id:438
@!!loc:5571:40:5571:45
@!!status:to be proved
@!!END

@!!BEGIN
@!!type:obligation
@!!id:439
@!!loc:5571:47:5571:51
@!!status:to be proved
@!!END

@!!BEGIN
@!!type:obligation
@!!id:440
@!!loc:5571:53:5571:57
@!!status:to be proved
@!!END

@!!BEGIN
@!!type:obligation
@!!id:441
@!!loc:5571:59:5571:63
@!!status:to be proved
@!!END

@!!BEGIN
@!!type:obligation
@!!id:442
@!!loc:5572:27:5572:29
@!!status:to be proved
@!!END

@!!BEGIN
@!!type:obligation
@!!id:443
@!!loc:5572:30:5572:34
@!!status:to be proved
@!!END

@!!BEGIN
@!!type:obligation
@!!id:444
@!!loc:5572:36:5572:40
@!!status:to be proved
@!!END

@!!BEGIN
@!!type:obligation
@!!id:445
@!!loc:5572:42:5572:47
@!!status:to be proved
@!!END

@!!BEGIN
@!!type:obligation
@!!id:446
@!!loc:5572:49:5572:53
@!!status:to be proved
@!!END

@!!BEGIN
@!!type:obligation
@!!id:447
@!!loc:5573:28:5573:30
@!!status:to be proved
@!!END

@!!BEGIN
@!!type:obligation
@!!id:448
@!!loc:5573:31:5573:35
@!!status:to be proved
@!!END

@!!BEGIN
@!!type:obligation
@!!id:449
@!!loc:5573:37:5573:41
@!!status:to be proved
@!!END

@!!BEGIN
@!!type:obligation
@!!id:450
@!!loc:5573:43:5573:47
@!!status:to be proved
@!!END

@!!BEGIN
@!!type:obligation
@!!id:451
@!!loc:5573:49:5573:54
@!!status:to be proved
@!!END

@!!BEGIN
@!!type:obligation
@!!id:452
@!!loc:5573:56:5573:60
@!!status:to be proved
@!!END

@!!BEGIN
@!!type:obligation
@!!id:453
@!!loc:5574:27:5574:29
@!!status:to be proved
@!!END

@!!BEGIN
@!!type:obligation
@!!id:454
@!!loc:5574:30:5574:34
@!!status:to be proved
@!!END

@!!BEGIN
@!!type:obligation
@!!id:455
@!!loc:5574:36:5574:40
@!!status:to be proved
@!!END

@!!BEGIN
@!!type:obligation
@!!id:456
@!!loc:5574:42:5574:46
@!!status:to be proved
@!!END

@!!BEGIN
@!!type:obligation
@!!id:457
@!!loc:5574:48:5574:53
@!!status:to be proved
@!!END

@!!BEGIN
@!!type:obligation
@!!id:458
@!!loc:5574:55:5574:59
@!!status:to be proved
@!!END

@!!BEGIN
@!!type:obligation
@!!id:459
@!!loc:5575:28:5575:30
@!!status:to be proved
@!!END

@!!BEGIN
@!!type:obligation
@!!id:460
@!!loc:5575:31:5575:35
@!!status:to be proved
@!!END

@!!BEGIN
@!!type:obligation
@!!id:461
@!!loc:5575:37:5575:41
@!!status:to be proved
@!!END

@!!BEGIN
@!!type:obligation
@!!id:462
@!!loc:5575:43:5575:47
@!!status:to be proved
@!!END

@!!BEGIN
@!!type:obligation
@!!id:463
@!!loc:5575:49:5575:54
@!!status:to be proved
@!!END

@!!BEGIN
@!!type:obligation
@!!id:464
@!!loc:5575:56:5575:60
@!!status:to be proved
@!!END

@!!BEGIN
@!!type:obligation
@!!id:465
@!!loc:5619:10:5619:12
@!!status:to be proved
@!!END

@!!BEGIN
@!!type:obligation
@!!id:466
@!!loc:5619:13:5619:17
@!!status:to be proved
@!!END

@!!BEGIN
@!!type:obligation
@!!id:467
@!!loc:5619:19:5619:23
@!!status:to be proved
@!!END

@!!BEGIN
@!!type:obligation
@!!id:468
@!!loc:5619:25:5619:29
@!!status:to be proved
@!!END

@!!BEGIN
@!!type:obligation
@!!id:469
@!!loc:5619:31:5619:36
@!!status:to be proved
@!!END

@!!BEGIN
@!!type:obligation
@!!id:470
@!!loc:5619:38:5619:42
@!!status:to be proved
@!!END

@!!BEGIN
@!!type:obligation
@!!id:471
@!!loc:5619:44:5619:48
@!!status:to be proved
@!!END

@!!BEGIN
@!!type:obligation
@!!id:472
@!!loc:5619:50:5619:54
@!!status:to be proved
@!!END

@!!BEGIN
@!!type:obligation
@!!id:473
@!!loc:5619:56:5619:60
@!!status:to be proved
@!!END

@!!BEGIN
@!!type:obligation
@!!id:474
@!!loc:5619:62:5619:66
@!!status:to be proved
@!!END

@!!BEGIN
@!!type:obligation
@!!id:475
@!!loc:5619:68:5619:72
@!!status:to be proved
@!!END

@!!BEGIN
@!!type:obligation
@!!id:476
@!!loc:5619:74:5619:78
@!!status:to be proved
@!!END

@!!BEGIN
@!!type:obligation
@!!id:477
@!!loc:5619:80:5619:87
@!!status:to be proved
@!!END

@!!BEGIN
@!!type:obligation
@!!id:478
@!!loc:5581:14:5581:16
@!!status:to be proved
@!!END

@!!BEGIN
@!!type:obligation
@!!id:479
@!!loc:5582:14:5582:16
@!!status:to be proved
@!!END

@!!BEGIN
@!!type:obligation
@!!id:480
@!!loc:5582:17:5582:22
@!!status:to be proved
@!!END

@!!BEGIN
@!!type:obligation
@!!id:481
@!!loc:5582:24:5582:35
@!!status:to be proved
@!!END

@!!BEGIN
@!!type:obligation
@!!id:482
@!!loc:5583:71:5583:73
@!!status:to be proved
@!!END

@!!BEGIN
@!!type:obligation
@!!id:483
@!!loc:5585:3:5585:5
@!!status:to be proved
@!!END

@!!BEGIN
@!!type:obligation
@!!id:484
@!!loc:5586:35:5586:37
@!!status:to be proved
@!!END

@!!BEGIN
@!!type:obligation
@!!id:485
@!!loc:5586:38:5586:42
@!!status:to be proved
@!!END

@!!BEGIN
@!!type:obligation
@!!id:486
@!!loc:5587:23:5587:25
@!!status:to be proved
@!!END

@!!BEGIN
@!!type:obligation
@!!id:487
@!!loc:5587:26:5587:30
@!!status:to be proved
@!!END

@!!BEGIN
@!!type:obligation
@!!id:488
@!!loc:5592:3:5592:5
@!!status:to be proved
@!!END

@!!BEGIN
@!!type:obligation
@!!id:489
@!!loc:5592:6:5592:10
@!!status:to be proved
@!!END

@!!BEGIN
@!!type:obligation
@!!id:490
@!!loc:5592:12:5592:24
@!!status:to be proved
@!!END

@!!BEGIN
@!!type:obligation
@!!id:491
@!!loc:5593:26:5593:28
@!!status:to be proved
@!!END

@!!BEGIN
@!!type:obligation
@!!id:492
@!!loc:5594:92:5594:94
@!!status:to be proved
@!!END

@!!BEGIN
@!!type:obligation
@!!id:494
@!!loc:5595:23:5595:25
@!!status:to be proved
@!!END

@!!BEGIN
@!!type:obligation
@!!id:495
@!!loc:5596:30:5596:32
@!!status:to be proved
@!!END

@!!BEGIN
@!!type:obligation
@!!id:496
@!!loc:5596:33:5596:37
@!!status:to be proved
@!!END

@!!BEGIN
@!!type:obligation
@!!id:497
@!!loc:5596:39:5596:43
@!!status:to be proved
@!!END

@!!BEGIN
@!!type:obligation
@!!id:498
@!!loc:5596:45:5596:53
@!!status:to be proved
@!!END

@!!BEGIN
@!!type:obligation
@!!id:499
@!!loc:5604:3:5604:5
@!!status:to be proved
@!!END

@!!BEGIN
@!!type:obligation
@!!id:500
@!!loc:5612:3:5612:5
@!!status:to be proved
@!!END

@!!BEGIN
@!!type:obligation
@!!id:501
@!!loc:5613:13:5613:15
@!!status:to be proved
@!!END

@!!BEGIN
@!!type:obligation
@!!id:502
@!!loc:5613:16:5613:20
@!!status:to be proved
@!!END

@!!BEGIN
@!!type:obligation
@!!id:503
@!!loc:5613:22:5613:26
@!!status:to be proved
@!!END

@!!BEGIN
@!!type:obligation
@!!id:504
@!!loc:5614:27:5614:29
@!!status:to be proved
@!!END

@!!BEGIN
@!!type:obligation
@!!id:505
@!!loc:5614:30:5614:34
@!!status:to be proved
@!!END

@!!BEGIN
@!!type:obligation
@!!id:506
@!!loc:5614:36:5614:40
@!!status:to be proved
@!!END

@!!BEGIN
@!!type:obligation
@!!id:507
@!!loc:5614:42:5614:47
@!!status:to be proved
@!!END

@!!BEGIN
@!!type:obligation
@!!id:508
@!!loc:5614:49:5614:53
@!!status:to be proved
@!!END

@!!BEGIN
@!!type:obligation
@!!id:509
@!!loc:5614:55:5614:59
@!!status:to be proved
@!!END

@!!BEGIN
@!!type:obligation
@!!id:510
@!!loc:5614:61:5614:65
@!!status:to be proved
@!!END

@!!BEGIN
@!!type:obligation
@!!id:511
@!!loc:5615:29:5615:31
@!!status:to be proved
@!!END

@!!BEGIN
@!!type:obligation
@!!id:512
@!!loc:5615:32:5615:36
@!!status:to be proved
@!!END

@!!BEGIN
@!!type:obligation
@!!id:513
@!!loc:5615:38:5615:42
@!!status:to be proved
@!!END

@!!BEGIN
@!!type:obligation
@!!id:514
@!!loc:5615:44:5615:49
@!!status:to be proved
@!!END

@!!BEGIN
@!!type:obligation
@!!id:515
@!!loc:5616:30:5616:32
@!!status:to be proved
@!!END

@!!BEGIN
@!!type:obligation
@!!id:516
@!!loc:5616:33:5616:37
@!!status:to be proved
@!!END

@!!BEGIN
@!!type:obligation
@!!id:517
@!!loc:5616:39:5616:43
@!!status:to be proved
@!!END

@!!BEGIN
@!!type:obligation
@!!id:518
@!!loc:5616:45:5616:49
@!!status:to be proved
@!!END

@!!BEGIN
@!!type:obligation
@!!id:519
@!!loc:5617:29:5617:31
@!!status:to be proved
@!!END

@!!BEGIN
@!!type:obligation
@!!id:520
@!!loc:5617:32:5617:36
@!!status:to be proved
@!!END

@!!BEGIN
@!!type:obligation
@!!id:521
@!!loc:5617:38:5617:42
@!!status:to be proved
@!!END

@!!BEGIN
@!!type:obligation
@!!id:522
@!!loc:5617:44:5617:48
@!!status:to be proved
@!!END

@!!BEGIN
@!!type:obligation
@!!id:523
@!!loc:5618:30:5618:32
@!!status:to be proved
@!!END

@!!BEGIN
@!!type:obligation
@!!id:524
@!!loc:5618:33:5618:37
@!!status:to be proved
@!!END

@!!BEGIN
@!!type:obligation
@!!id:525
@!!loc:5618:39:5618:43
@!!status:to be proved
@!!END

@!!BEGIN
@!!type:obligation
@!!id:526
@!!loc:5618:45:5618:49
@!!status:to be proved
@!!END

@!!BEGIN
@!!type:obligation
@!!id:527
@!!loc:5705:10:5705:12
@!!status:to be proved
@!!END

@!!BEGIN
@!!type:obligation
@!!id:528
@!!loc:5705:13:5705:17
@!!status:to be proved
@!!END

@!!BEGIN
@!!type:obligation
@!!id:529
@!!loc:5705:19:5705:23
@!!status:to be proved
@!!END

@!!BEGIN
@!!type:obligation
@!!id:530
@!!loc:5624:14:5624:16
@!!status:to be proved
@!!END

@!!BEGIN
@!!type:obligation
@!!id:531
@!!loc:5625:14:5625:16
@!!status:to be proved
@!!END

@!!BEGIN
@!!type:obligation
@!!id:532
@!!loc:5625:17:5625:22
@!!status:to be proved
@!!END

@!!BEGIN
@!!type:obligation
@!!id:533
@!!loc:5625:24:5625:34
@!!status:to be proved
@!!END

@!!BEGIN
@!!type:obligation
@!!id:534
@!!loc:5626:71:5626:73
@!!status:to be proved
@!!END

@!!BEGIN
@!!type:obligation
@!!id:535
@!!loc:5628:3:5628:5
@!!status:to be proved
@!!END

@!!BEGIN
@!!type:obligation
@!!id:536
@!!loc:5629:35:5629:37
@!!status:to be proved
@!!END

@!!BEGIN
@!!type:obligation
@!!id:537
@!!loc:5629:38:5629:42
@!!status:to be proved
@!!END

@!!BEGIN
@!!type:obligation
@!!id:538
@!!loc:5630:23:5630:25
@!!status:to be proved
@!!END

@!!BEGIN
@!!type:obligation
@!!id:539
@!!loc:5630:26:5630:30
@!!status:to be proved
@!!END

@!!BEGIN
@!!type:obligation
@!!id:540
@!!loc:5635:3:5635:5
@!!status:to be proved
@!!END

@!!BEGIN
@!!type:obligation
@!!id:541
@!!loc:5635:6:5635:10
@!!status:to be proved
@!!END

@!!BEGIN
@!!type:obligation
@!!id:542
@!!loc:5635:12:5635:24
@!!status:to be proved
@!!END

@!!BEGIN
@!!type:obligation
@!!id:543
@!!loc:5636:26:5636:28
@!!status:to be proved
@!!END

@!!BEGIN
@!!type:obligation
@!!id:544
@!!loc:5637:46:5637:48
@!!status:to be proved
@!!END

@!!BEGIN
@!!type:obligation
@!!id:545
@!!loc:5637:49:5637:61
@!!status:to be proved
@!!END

@!!BEGIN
@!!type:obligation
@!!id:546
@!!loc:5664:12:5664:14
@!!status:to be proved
@!!END

@!!BEGIN
@!!type:obligation
@!!id:547
@!!loc:5664:15:5664:19
@!!status:to be proved
@!!END

@!!BEGIN
@!!type:obligation
@!!id:548
@!!loc:5664:21:5664:25
@!!status:to be proved
@!!END

@!!BEGIN
@!!type:obligation
@!!id:549
@!!loc:5664:27:5664:31
@!!status:to be proved
@!!END

@!!BEGIN
@!!type:obligation
@!!id:550
@!!loc:5664:33:5664:38
@!!status:to be proved
@!!END

@!!BEGIN
@!!type:obligation
@!!id:551
@!!loc:5664:40:5664:44
@!!status:to be proved
@!!END

@!!BEGIN
@!!type:obligation
@!!id:552
@!!loc:5664:46:5664:50
@!!status:to be proved
@!!END

@!!BEGIN
@!!type:obligation
@!!id:553
@!!loc:5664:52:5664:56
@!!status:to be proved
@!!END

@!!BEGIN
@!!type:obligation
@!!id:554
@!!loc:5664:58:5664:62
@!!status:to be proved
@!!END

@!!BEGIN
@!!type:obligation
@!!id:555
@!!loc:5664:64:5664:68
@!!status:to be proved
@!!END

@!!BEGIN
@!!type:obligation
@!!id:556
@!!loc:5664:70:5664:74
@!!status:to be proved
@!!END

@!!BEGIN
@!!type:obligation
@!!id:557
@!!loc:5664:76:5664:80
@!!status:to be proved
@!!END

@!!BEGIN
@!!type:obligation
@!!id:558
@!!loc:5664:82:5664:89
@!!status:to be proved
@!!END

@!!BEGIN
@!!type:obligation
@!!id:559
@!!loc:5639:75:5639:77
@!!status:to be proved
@!!END

@!!BEGIN
@!!type:obligation
@!!id:560
@!!loc:5639:78:5639:82
@!!status:to be proved
@!!END

@!!BEGIN
@!!type:obligation
@!!id:561
@!!loc:5640:35:5640:37
@!!status:to be proved
@!!END

@!!BEGIN
@!!type:obligation
@!!id:562
@!!loc:5641:33:5641:35
@!!status:to be proved
@!!END

@!!BEGIN
@!!type:obligation
@!!id:563
@!!loc:5641:36:5641:40
@!!status:to be proved
@!!END

@!!BEGIN
@!!type:obligation
@!!id:564
@!!loc:5641:42:5641:46
@!!status:to be proved
@!!END

@!!BEGIN
@!!type:obligation
@!!id:565
@!!loc:5641:48:5641:56
@!!status:to be proved
@!!END

@!!BEGIN
@!!type:obligation
@!!id:566
@!!loc:5649:5:5649:7
@!!status:to be proved
@!!END

@!!BEGIN
@!!type:obligation
@!!id:567
@!!loc:5657:5:5657:7
@!!status:to be proved
@!!END

@!!BEGIN
@!!type:obligation
@!!id:568
@!!loc:5658:15:5658:17
@!!status:to be proved
@!!END

@!!BEGIN
@!!type:obligation
@!!id:569
@!!loc:5658:18:5658:22
@!!status:to be proved
@!!END

@!!BEGIN
@!!type:obligation
@!!id:570
@!!loc:5658:24:5658:28
@!!status:to be proved
@!!END

@!!BEGIN
@!!type:obligation
@!!id:571
@!!loc:5659:30:5659:32
@!!status:to be proved
@!!END

@!!BEGIN
@!!type:obligation
@!!id:572
@!!loc:5659:33:5659:37
@!!status:to be proved
@!!END

@!!BEGIN
@!!type:obligation
@!!id:573
@!!loc:5659:39:5659:43
@!!status:to be proved
@!!END

@!!BEGIN
@!!type:obligation
@!!id:574
@!!loc:5659:45:5659:50
@!!status:to be proved
@!!END

@!!BEGIN
@!!type:obligation
@!!id:575
@!!loc:5659:52:5659:56
@!!status:to be proved
@!!END

@!!BEGIN
@!!type:obligation
@!!id:576
@!!loc:5659:58:5659:62
@!!status:to be proved
@!!END

@!!BEGIN
@!!type:obligation
@!!id:577
@!!loc:5659:64:5659:68
@!!status:to be proved
@!!END

@!!BEGIN
@!!type:obligation
@!!id:578
@!!loc:5660:32:5660:34
@!!status:to be proved
@!!END

@!!BEGIN
@!!type:obligation
@!!id:579
@!!loc:5660:35:5660:39
@!!status:to be proved
@!!END

@!!BEGIN
@!!type:obligation
@!!id:580
@!!loc:5660:41:5660:45
@!!status:to be proved
@!!END

@!!BEGIN
@!!type:obligation
@!!id:581
@!!loc:5660:47:5660:52
@!!status:to be proved
@!!END

@!!BEGIN
@!!type:obligation
@!!id:582
@!!loc:5660:54:5660:58
@!!status:to be proved
@!!END

@!!BEGIN
@!!type:obligation
@!!id:583
@!!loc:5661:33:5661:35
@!!status:to be proved
@!!END

@!!BEGIN
@!!type:obligation
@!!id:584
@!!loc:5661:36:5661:40
@!!status:to be proved
@!!END

@!!BEGIN
@!!type:obligation
@!!id:585
@!!loc:5661:42:5661:46
@!!status:to be proved
@!!END

@!!BEGIN
@!!type:obligation
@!!id:586
@!!loc:5661:48:5661:52
@!!status:to be proved
@!!END

@!!BEGIN
@!!type:obligation
@!!id:587
@!!loc:5661:54:5661:59
@!!status:to be proved
@!!END

@!!BEGIN
@!!type:obligation
@!!id:588
@!!loc:5661:61:5661:65
@!!status:to be proved
@!!END

@!!BEGIN
@!!type:obligation
@!!id:589
@!!loc:5662:32:5662:34
@!!status:to be proved
@!!END

@!!BEGIN
@!!type:obligation
@!!id:590
@!!loc:5662:35:5662:39
@!!status:to be proved
@!!END

@!!BEGIN
@!!type:obligation
@!!id:591
@!!loc:5662:41:5662:45
@!!status:to be proved
@!!END

@!!BEGIN
@!!type:obligation
@!!id:592
@!!loc:5662:47:5662:51
@!!status:to be proved
@!!END

@!!BEGIN
@!!type:obligation
@!!id:593
@!!loc:5662:53:5662:58
@!!status:to be proved
@!!END

@!!BEGIN
@!!type:obligation
@!!id:594
@!!loc:5662:60:5662:64
@!!status:to be proved
@!!END

@!!BEGIN
@!!type:obligation
@!!id:595
@!!loc:5663:33:5663:35
@!!status:to be proved
@!!END

@!!BEGIN
@!!type:obligation
@!!id:596
@!!loc:5663:36:5663:40
@!!status:to be proved
@!!END

@!!BEGIN
@!!type:obligation
@!!id:597
@!!loc:5663:42:5663:46
@!!status:to be proved
@!!END

@!!BEGIN
@!!type:obligation
@!!id:598
@!!loc:5663:48:5663:52
@!!status:to be proved
@!!END

@!!BEGIN
@!!type:obligation
@!!id:599
@!!loc:5663:54:5663:59
@!!status:to be proved
@!!END

@!!BEGIN
@!!type:obligation
@!!id:600
@!!loc:5663:61:5663:65
@!!status:to be proved
@!!END

@!!BEGIN
@!!type:obligation
@!!id:601
@!!loc:5704:12:5704:14
@!!status:to be proved
@!!END

@!!BEGIN
@!!type:obligation
@!!id:602
@!!loc:5704:15:5704:19
@!!status:to be proved
@!!END

@!!BEGIN
@!!type:obligation
@!!id:603
@!!loc:5704:21:5704:25
@!!status:to be proved
@!!END

@!!BEGIN
@!!type:obligation
@!!id:604
@!!loc:5704:27:5704:31
@!!status:to be proved
@!!END

@!!BEGIN
@!!type:obligation
@!!id:605
@!!loc:5704:33:5704:38
@!!status:to be proved
@!!END

@!!BEGIN
@!!type:obligation
@!!id:606
@!!loc:5704:40:5704:44
@!!status:to be proved
@!!END

@!!BEGIN
@!!type:obligation
@!!id:607
@!!loc:5704:46:5704:50
@!!status:to be proved
@!!END

@!!BEGIN
@!!type:obligation
@!!id:608
@!!loc:5704:52:5704:56
@!!status:to be proved
@!!END

@!!BEGIN
@!!type:obligation
@!!id:609
@!!loc:5704:58:5704:62
@!!status:to be proved
@!!END

@!!BEGIN
@!!type:obligation
@!!id:610
@!!loc:5704:64:5704:68
@!!status:to be proved
@!!END

@!!BEGIN
@!!type:obligation
@!!id:611
@!!loc:5704:70:5704:74
@!!status:to be proved
@!!END

@!!BEGIN
@!!type:obligation
@!!id:612
@!!loc:5704:76:5704:80
@!!status:to be proved
@!!END

@!!BEGIN
@!!type:obligation
@!!id:613
@!!loc:5704:82:5704:89
@!!status:to be proved
@!!END

@!!BEGIN
@!!type:obligation
@!!id:614
@!!loc:5666:114:5666:116
@!!status:to be proved
@!!END

@!!BEGIN
@!!type:obligation
@!!id:615
@!!loc:5666:117:5666:121
@!!status:to be proved
@!!END

@!!BEGIN
@!!type:obligation
@!!id:617
@!!loc:5667:35:5667:37
@!!status:to be proved
@!!END

@!!BEGIN
@!!type:obligation
@!!id:618
@!!loc:5668:34:5668:36
@!!status:to be proved
@!!END

@!!BEGIN
@!!type:obligation
@!!id:619
@!!loc:5668:37:5668:41
@!!status:to be proved
@!!END

@!!BEGIN
@!!type:obligation
@!!id:620
@!!loc:5668:43:5668:47
@!!status:to be proved
@!!END

@!!BEGIN
@!!type:obligation
@!!id:621
@!!loc:5668:49:5668:57
@!!status:to be proved
@!!END

@!!BEGIN
@!!type:obligation
@!!id:622
@!!loc:5677:5:5677:7
@!!status:to be proved
@!!END

@!!BEGIN
@!!type:obligation
@!!id:623
@!!loc:5685:5:5685:7
@!!status:to be proved
@!!END

@!!BEGIN
@!!type:obligation
@!!id:624
@!!loc:5686:15:5686:17
@!!status:to be proved
@!!END

@!!BEGIN
@!!type:obligation
@!!id:625
@!!loc:5686:18:5686:22
@!!status:to be proved
@!!END

@!!BEGIN
@!!type:obligation
@!!id:626
@!!loc:5686:24:5686:28
@!!status:to be proved
@!!END

@!!BEGIN
@!!type:obligation
@!!id:627
@!!loc:5687:31:5687:33
@!!status:to be proved
@!!END

@!!BEGIN
@!!type:obligation
@!!id:628
@!!loc:5687:34:5687:38
@!!status:to be proved
@!!END

@!!BEGIN
@!!type:obligation
@!!id:629
@!!loc:5687:40:5687:44
@!!status:to be proved
@!!END

@!!BEGIN
@!!type:obligation
@!!id:630
@!!loc:5687:46:5687:50
@!!status:to be proved
@!!END

@!!BEGIN
@!!type:obligation
@!!id:631
@!!loc:5687:52:5687:56
@!!status:to be proved
@!!END

@!!BEGIN
@!!type:obligation
@!!id:632
@!!loc:5687:58:5687:62
@!!status:to be proved
@!!END

@!!BEGIN
@!!type:obligation
@!!id:633
@!!loc:5700:14:5700:16
@!!status:to be proved
@!!END

@!!BEGIN
@!!type:obligation
@!!id:634
@!!loc:5700:17:5700:21
@!!status:to be proved
@!!END

@!!BEGIN
@!!type:obligation
@!!id:635
@!!loc:5700:23:5700:27
@!!status:to be proved
@!!END

@!!BEGIN
@!!type:obligation
@!!id:636
@!!loc:5690:7:5690:9
@!!status:to be proved
@!!END

@!!BEGIN
@!!type:obligation
@!!id:637
@!!loc:5690:10:5690:14
@!!status:to be proved
@!!END

@!!BEGIN
@!!type:obligation
@!!id:638
@!!loc:5690:16:5690:20
@!!status:to be proved
@!!END

@!!BEGIN
@!!type:obligation
@!!id:639
@!!loc:5690:22:5690:26
@!!status:to be proved
@!!END

@!!BEGIN
@!!type:obligation
@!!id:640
@!!loc:5690:28:5690:32
@!!status:to be proved
@!!END

@!!BEGIN
@!!type:obligation
@!!id:641
@!!loc:5690:34:5690:38
@!!status:to be proved
@!!END

@!!BEGIN
@!!type:obligation
@!!id:642
@!!loc:5699:16:5699:18
@!!status:to be proved
@!!END

@!!BEGIN
@!!type:obligation
@!!id:643
@!!loc:5699:19:5699:23
@!!status:to be proved
@!!END

@!!BEGIN
@!!type:obligation
@!!id:644
@!!loc:5699:25:5699:29
@!!status:to be proved
@!!END

@!!BEGIN
@!!type:obligation
@!!id:645
@!!loc:5699:31:5699:35
@!!status:to be proved
@!!END

@!!BEGIN
@!!type:obligation
@!!id:646
@!!loc:5699:37:5699:41
@!!status:to be proved
@!!END

@!!BEGIN
@!!type:obligation
@!!id:647
@!!loc:5699:43:5699:47
@!!status:to be proved
@!!END

@!!BEGIN
@!!type:obligation
@!!id:648
@!!loc:5699:49:5699:53
@!!status:to be proved
@!!END

@!!BEGIN
@!!type:obligation
@!!id:649
@!!loc:5699:55:5699:59
@!!status:to be proved
@!!END

@!!BEGIN
@!!type:obligation
@!!id:650
@!!loc:5694:44:5694:46
@!!status:to be proved
@!!END

@!!BEGIN
@!!type:obligation
@!!id:651
@!!loc:5694:47:5694:51
@!!status:to be proved
@!!END

@!!BEGIN
@!!type:obligation
@!!id:652
@!!loc:5694:53:5694:57
@!!status:to be proved
@!!END

@!!BEGIN
@!!type:obligation
@!!id:653
@!!loc:5694:59:5694:64
@!!status:to be proved
@!!END

@!!BEGIN
@!!type:obligation
@!!id:654
@!!loc:5695:25:5695:27
@!!status:to be proved
@!!END

@!!BEGIN
@!!type:obligation
@!!id:655
@!!loc:5695:28:5695:32
@!!status:to be proved
@!!END

@!!BEGIN
@!!type:obligation
@!!id:656
@!!loc:5695:34:5695:38
@!!status:to be proved
@!!END

@!!BEGIN
@!!type:obligation
@!!id:657
@!!loc:5696:62:5696:64
@!!status:to be proved
@!!END

@!!BEGIN
@!!type:obligation
@!!id:658
@!!loc:5696:65:5696:69
@!!status:to be proved
@!!END

@!!BEGIN
@!!type:obligation
@!!id:659
@!!loc:5696:71:5696:76
@!!status:to be proved
@!!END

@!!BEGIN
@!!type:obligation
@!!id:660
@!!loc:5697:24:5697:26
@!!status:to be proved
@!!END

@!!BEGIN
@!!type:obligation
@!!id:661
@!!loc:5697:27:5697:31
@!!status:to be proved
@!!END

@!!BEGIN
@!!type:obligation
@!!id:662
@!!loc:5697:33:5697:37
@!!status:to be proved
@!!END

@!!BEGIN
@!!type:obligation
@!!id:663
@!!loc:5697:39:5697:43
@!!status:to be proved
@!!END

@!!BEGIN
@!!type:obligation
@!!id:664
@!!loc:5698:46:5698:48
@!!status:to be proved
@!!END

@!!BEGIN
@!!type:obligation
@!!id:665
@!!loc:5698:49:5698:53
@!!status:to be proved
@!!END

@!!BEGIN
@!!type:obligation
@!!id:666
@!!loc:5698:55:5698:59
@!!status:to be proved
@!!END

@!!BEGIN
@!!type:obligation
@!!id:667
@!!loc:5698:61:5698:65
@!!status:to be proved
@!!END

@!!BEGIN
@!!type:obligation
@!!id:668
@!!loc:5698:67:5698:71
@!!status:to be proved
@!!END

@!!BEGIN
@!!type:obligation
@!!id:669
@!!loc:5698:73:5698:77
@!!status:to be proved
@!!END

@!!BEGIN
@!!type:obligation
@!!id:670
@!!loc:5698:79:5698:83
@!!status:to be proved
@!!END

@!!BEGIN
@!!type:obligation
@!!id:671
@!!loc:5701:34:5701:36
@!!status:to be proved
@!!END

@!!BEGIN
@!!type:obligation
@!!id:672
@!!loc:5701:37:5701:41
@!!status:to be proved
@!!END

@!!BEGIN
@!!type:obligation
@!!id:673
@!!loc:5701:43:5701:47
@!!status:to be proved
@!!END

@!!BEGIN
@!!type:obligation
@!!id:674
@!!loc:5701:49:5701:53
@!!status:to be proved
@!!END

@!!BEGIN
@!!type:obligation
@!!id:675
@!!loc:5701:55:5701:60
@!!status:to be proved
@!!END

@!!BEGIN
@!!type:obligation
@!!id:676
@!!loc:5701:62:5701:66
@!!status:to be proved
@!!END

@!!BEGIN
@!!type:obligation
@!!id:677
@!!loc:5702:33:5702:35
@!!status:to be proved
@!!END

@!!BEGIN
@!!type:obligation
@!!id:678
@!!loc:5702:36:5702:40
@!!status:to be proved
@!!END

@!!BEGIN
@!!type:obligation
@!!id:679
@!!loc:5702:42:5702:46
@!!status:to be proved
@!!END

@!!BEGIN
@!!type:obligation
@!!id:680
@!!loc:5702:48:5702:52
@!!status:to be proved
@!!END

@!!BEGIN
@!!type:obligation
@!!id:681
@!!loc:5702:54:5702:59
@!!status:to be proved
@!!END

@!!BEGIN
@!!type:obligation
@!!id:682
@!!loc:5702:61:5702:65
@!!status:to be proved
@!!END

@!!BEGIN
@!!type:obligation
@!!id:683
@!!loc:5703:34:5703:36
@!!status:to be proved
@!!END

@!!BEGIN
@!!type:obligation
@!!id:684
@!!loc:5703:37:5703:41
@!!status:to be proved
@!!END

@!!BEGIN
@!!type:obligation
@!!id:685
@!!loc:5703:43:5703:47
@!!status:to be proved
@!!END

@!!BEGIN
@!!type:obligation
@!!id:686
@!!loc:5703:49:5703:53
@!!status:to be proved
@!!END

@!!BEGIN
@!!type:obligation
@!!id:687
@!!loc:5703:55:5703:60
@!!status:to be proved
@!!END

@!!BEGIN
@!!type:obligation
@!!id:688
@!!loc:5703:62:5703:66
@!!status:to be proved
@!!END

@!!BEGIN
@!!type:obligation
@!!id:689
@!!loc:5744:10:5744:12
@!!status:to be proved
@!!END

@!!BEGIN
@!!type:obligation
@!!id:690
@!!loc:5744:13:5744:17
@!!status:to be proved
@!!END

@!!BEGIN
@!!type:obligation
@!!id:691
@!!loc:5744:19:5744:23
@!!status:to be proved
@!!END

@!!BEGIN
@!!type:obligation
@!!id:692
@!!loc:5744:25:5744:29
@!!status:to be proved
@!!END

@!!BEGIN
@!!type:obligation
@!!id:693
@!!loc:5744:31:5744:36
@!!status:to be proved
@!!END

@!!BEGIN
@!!type:obligation
@!!id:694
@!!loc:5744:38:5744:42
@!!status:to be proved
@!!END

@!!BEGIN
@!!type:obligation
@!!id:695
@!!loc:5744:44:5744:48
@!!status:to be proved
@!!END

@!!BEGIN
@!!type:obligation
@!!id:696
@!!loc:5744:50:5744:54
@!!status:to be proved
@!!END

@!!BEGIN
@!!type:obligation
@!!id:697
@!!loc:5744:56:5744:60
@!!status:to be proved
@!!END

@!!BEGIN
@!!type:obligation
@!!id:698
@!!loc:5744:62:5744:66
@!!status:to be proved
@!!END

@!!BEGIN
@!!type:obligation
@!!id:699
@!!loc:5744:68:5744:72
@!!status:to be proved
@!!END

@!!BEGIN
@!!type:obligation
@!!id:700
@!!loc:5744:74:5744:78
@!!status:to be proved
@!!END

@!!BEGIN
@!!type:obligation
@!!id:701
@!!loc:5744:80:5744:87
@!!status:to be proved
@!!END

@!!BEGIN
@!!type:obligation
@!!id:702
@!!loc:5710:14:5710:16
@!!status:to be proved
@!!END

@!!BEGIN
@!!type:obligation
@!!id:703
@!!loc:5711:14:5711:16
@!!status:to be proved
@!!END

@!!BEGIN
@!!type:obligation
@!!id:704
@!!loc:5711:17:5711:22
@!!status:to be proved
@!!END

@!!BEGIN
@!!type:obligation
@!!id:705
@!!loc:5711:24:5711:31
@!!status:to be proved
@!!END

@!!BEGIN
@!!type:obligation
@!!id:706
@!!loc:5712:71:5712:73
@!!status:to be proved
@!!END

@!!BEGIN
@!!type:obligation
@!!id:707
@!!loc:5714:3:5714:5
@!!status:to be proved
@!!END

@!!BEGIN
@!!type:obligation
@!!id:708
@!!loc:5715:35:5715:37
@!!status:to be proved
@!!END

@!!BEGIN
@!!type:obligation
@!!id:709
@!!loc:5715:38:5715:42
@!!status:to be proved
@!!END

@!!BEGIN
@!!type:obligation
@!!id:710
@!!loc:5716:23:5716:25
@!!status:to be proved
@!!END

@!!BEGIN
@!!type:obligation
@!!id:711
@!!loc:5716:26:5716:30
@!!status:to be proved
@!!END

@!!BEGIN
@!!type:obligation
@!!id:712
@!!loc:5721:3:5721:5
@!!status:to be proved
@!!END

@!!BEGIN
@!!type:obligation
@!!id:713
@!!loc:5721:6:5721:10
@!!status:to be proved
@!!END

@!!BEGIN
@!!type:obligation
@!!id:714
@!!loc:5721:12:5721:24
@!!status:to be proved
@!!END

@!!BEGIN
@!!type:obligation
@!!id:715
@!!loc:5722:26:5722:28
@!!status:to be proved
@!!END

@!!BEGIN
@!!type:obligation
@!!id:716
@!!loc:5723:108:5723:110
@!!status:to be proved
@!!END

@!!BEGIN
@!!type:obligation
@!!id:718
@!!loc:5724:37:5724:39
@!!status:to be proved
@!!END

@!!BEGIN
@!!type:obligation
@!!id:719
@!!loc:5725:29:5725:31
@!!status:to be proved
@!!END

@!!BEGIN
@!!type:obligation
@!!id:720
@!!loc:5725:32:5725:36
@!!status:to be proved
@!!END

@!!BEGIN
@!!type:obligation
@!!id:721
@!!loc:5725:38:5725:42
@!!status:to be proved
@!!END

@!!BEGIN
@!!type:obligation
@!!id:722
@!!loc:5725:44:5725:52
@!!status:to be proved
@!!END

@!!BEGIN
@!!type:obligation
@!!id:723
@!!loc:5733:3:5733:5
@!!status:to be proved
@!!END

@!!BEGIN
@!!type:obligation
@!!id:724
@!!loc:5737:3:5737:5
@!!status:to be proved
@!!END

@!!BEGIN
@!!type:obligation
@!!id:725
@!!loc:5738:13:5738:15
@!!status:to be proved
@!!END

@!!BEGIN
@!!type:obligation
@!!id:726
@!!loc:5738:16:5738:20
@!!status:to be proved
@!!END

@!!BEGIN
@!!type:obligation
@!!id:727
@!!loc:5738:22:5738:26
@!!status:to be proved
@!!END

@!!BEGIN
@!!type:obligation
@!!id:728
@!!loc:5739:26:5739:28
@!!status:to be proved
@!!END

@!!BEGIN
@!!type:obligation
@!!id:729
@!!loc:5739:29:5739:33
@!!status:to be proved
@!!END

@!!BEGIN
@!!type:obligation
@!!id:730
@!!loc:5739:35:5739:39
@!!status:to be proved
@!!END

@!!BEGIN
@!!type:obligation
@!!id:731
@!!loc:5739:41:5739:46
@!!status:to be proved
@!!END

@!!BEGIN
@!!type:obligation
@!!id:732
@!!loc:5739:48:5739:52
@!!status:to be proved
@!!END

@!!BEGIN
@!!type:obligation
@!!id:733
@!!loc:5739:54:5739:58
@!!status:to be proved
@!!END

@!!BEGIN
@!!type:obligation
@!!id:734
@!!loc:5739:60:5739:64
@!!status:to be proved
@!!END

@!!BEGIN
@!!type:obligation
@!!id:735
@!!loc:5740:28:5740:30
@!!status:to be proved
@!!END

@!!BEGIN
@!!type:obligation
@!!id:736
@!!loc:5740:31:5740:35
@!!status:to be proved
@!!END

@!!BEGIN
@!!type:obligation
@!!id:737
@!!loc:5740:37:5740:41
@!!status:to be proved
@!!END

@!!BEGIN
@!!type:obligation
@!!id:738
@!!loc:5740:43:5740:48
@!!status:to be proved
@!!END

@!!BEGIN
@!!type:obligation
@!!id:739
@!!loc:5740:50:5740:54
@!!status:to be proved
@!!END

@!!BEGIN
@!!type:obligation
@!!id:740
@!!loc:5741:29:5741:31
@!!status:to be proved
@!!END

@!!BEGIN
@!!type:obligation
@!!id:741
@!!loc:5741:32:5741:36
@!!status:to be proved
@!!END

@!!BEGIN
@!!type:obligation
@!!id:742
@!!loc:5741:38:5741:42
@!!status:to be proved
@!!END

@!!BEGIN
@!!type:obligation
@!!id:743
@!!loc:5741:44:5741:48
@!!status:to be proved
@!!END

@!!BEGIN
@!!type:obligation
@!!id:744
@!!loc:5741:50:5741:55
@!!status:to be proved
@!!END

@!!BEGIN
@!!type:obligation
@!!id:745
@!!loc:5741:57:5741:61
@!!status:to be proved
@!!END

@!!BEGIN
@!!type:obligation
@!!id:746
@!!loc:5742:28:5742:30
@!!status:to be proved
@!!END

@!!BEGIN
@!!type:obligation
@!!id:747
@!!loc:5742:31:5742:35
@!!status:to be proved
@!!END

@!!BEGIN
@!!type:obligation
@!!id:748
@!!loc:5742:37:5742:41
@!!status:to be proved
@!!END

@!!BEGIN
@!!type:obligation
@!!id:749
@!!loc:5742:43:5742:47
@!!status:to be proved
@!!END

@!!BEGIN
@!!type:obligation
@!!id:750
@!!loc:5742:49:5742:54
@!!status:to be proved
@!!END

@!!BEGIN
@!!type:obligation
@!!id:751
@!!loc:5742:56:5742:60
@!!status:to be proved
@!!END

@!!BEGIN
@!!type:obligation
@!!id:752
@!!loc:5743:29:5743:31
@!!status:to be proved
@!!END

@!!BEGIN
@!!type:obligation
@!!id:753
@!!loc:5743:32:5743:36
@!!status:to be proved
@!!END

@!!BEGIN
@!!type:obligation
@!!id:754
@!!loc:5743:38:5743:42
@!!status:to be proved
@!!END

@!!BEGIN
@!!type:obligation
@!!id:755
@!!loc:5743:44:5743:48
@!!status:to be proved
@!!END

@!!BEGIN
@!!type:obligation
@!!id:756
@!!loc:5743:50:5743:55
@!!status:to be proved
@!!END

@!!BEGIN
@!!type:obligation
@!!id:757
@!!loc:5743:57:5743:61
@!!status:to be proved
@!!END

@!!BEGIN
@!!type:obligation
@!!id:758
@!!loc:5787:10:5787:12
@!!status:to be proved
@!!END

@!!BEGIN
@!!type:obligation
@!!id:759
@!!loc:5787:13:5787:17
@!!status:to be proved
@!!END

@!!BEGIN
@!!type:obligation
@!!id:760
@!!loc:5787:19:5787:23
@!!status:to be proved
@!!END

@!!BEGIN
@!!type:obligation
@!!id:761
@!!loc:5787:25:5787:29
@!!status:to be proved
@!!END

@!!BEGIN
@!!type:obligation
@!!id:762
@!!loc:5787:31:5787:36
@!!status:to be proved
@!!END

@!!BEGIN
@!!type:obligation
@!!id:763
@!!loc:5787:38:5787:42
@!!status:to be proved
@!!END

@!!BEGIN
@!!type:obligation
@!!id:764
@!!loc:5787:44:5787:48
@!!status:to be proved
@!!END

@!!BEGIN
@!!type:obligation
@!!id:765
@!!loc:5787:50:5787:54
@!!status:to be proved
@!!END

@!!BEGIN
@!!type:obligation
@!!id:766
@!!loc:5787:56:5787:60
@!!status:to be proved
@!!END

@!!BEGIN
@!!type:obligation
@!!id:767
@!!loc:5787:62:5787:66
@!!status:to be proved
@!!END

@!!BEGIN
@!!type:obligation
@!!id:768
@!!loc:5787:68:5787:72
@!!status:to be proved
@!!END

@!!BEGIN
@!!type:obligation
@!!id:769
@!!loc:5787:74:5787:78
@!!status:to be proved
@!!END

@!!BEGIN
@!!type:obligation
@!!id:770
@!!loc:5787:80:5787:87
@!!status:to be proved
@!!END

@!!BEGIN
@!!type:obligation
@!!id:771
@!!loc:5749:14:5749:16
@!!status:to be proved
@!!END

@!!BEGIN
@!!type:obligation
@!!id:772
@!!loc:5750:14:5750:16
@!!status:to be proved
@!!END

@!!BEGIN
@!!type:obligation
@!!id:773
@!!loc:5750:17:5750:22
@!!status:to be proved
@!!END

@!!BEGIN
@!!type:obligation
@!!id:774
@!!loc:5750:24:5750:31
@!!status:to be proved
@!!END

@!!BEGIN
@!!type:obligation
@!!id:775
@!!loc:5751:71:5751:73
@!!status:to be proved
@!!END

@!!BEGIN
@!!type:obligation
@!!id:776
@!!loc:5753:3:5753:5
@!!status:to be proved
@!!END

@!!BEGIN
@!!type:obligation
@!!id:777
@!!loc:5754:35:5754:37
@!!status:to be proved
@!!END

@!!BEGIN
@!!type:obligation
@!!id:778
@!!loc:5754:38:5754:42
@!!status:to be proved
@!!END

@!!BEGIN
@!!type:obligation
@!!id:779
@!!loc:5755:23:5755:25
@!!status:to be proved
@!!END

@!!BEGIN
@!!type:obligation
@!!id:780
@!!loc:5755:26:5755:30
@!!status:to be proved
@!!END

@!!BEGIN
@!!type:obligation
@!!id:781
@!!loc:5760:3:5760:5
@!!status:to be proved
@!!END

@!!BEGIN
@!!type:obligation
@!!id:782
@!!loc:5760:6:5760:10
@!!status:to be proved
@!!END

@!!BEGIN
@!!type:obligation
@!!id:783
@!!loc:5760:12:5760:24
@!!status:to be proved
@!!END

@!!BEGIN
@!!type:obligation
@!!id:784
@!!loc:5761:26:5761:28
@!!status:to be proved
@!!END

@!!BEGIN
@!!type:obligation
@!!id:785
@!!loc:5762:65:5762:67
@!!status:to be proved
@!!END

@!!BEGIN
@!!type:obligation
@!!id:786
@!!loc:5763:37:5763:39
@!!status:to be proved
@!!END

@!!BEGIN
@!!type:obligation
@!!id:787
@!!loc:5764:23:5764:25
@!!status:to be proved
@!!END

@!!BEGIN
@!!type:obligation
@!!id:788
@!!loc:5764:26:5764:30
@!!status:to be proved
@!!END

@!!BEGIN
@!!type:obligation
@!!id:789
@!!loc:5764:32:5764:36
@!!status:to be proved
@!!END

@!!BEGIN
@!!type:obligation
@!!id:790
@!!loc:5764:38:5764:46
@!!status:to be proved
@!!END

@!!BEGIN
@!!type:obligation
@!!id:791
@!!loc:5772:3:5772:5
@!!status:to be proved
@!!END

@!!BEGIN
@!!type:obligation
@!!id:792
@!!loc:5780:3:5780:5
@!!status:to be proved
@!!END

@!!BEGIN
@!!type:obligation
@!!id:793
@!!loc:5781:13:5781:15
@!!status:to be proved
@!!END

@!!BEGIN
@!!type:obligation
@!!id:794
@!!loc:5781:16:5781:20
@!!status:to be proved
@!!END

@!!BEGIN
@!!type:obligation
@!!id:795
@!!loc:5781:22:5781:26
@!!status:to be proved
@!!END

@!!BEGIN
@!!type:obligation
@!!id:796
@!!loc:5782:20:5782:22
@!!status:to be proved
@!!END

@!!BEGIN
@!!type:obligation
@!!id:797
@!!loc:5782:23:5782:27
@!!status:to be proved
@!!END

@!!BEGIN
@!!type:obligation
@!!id:798
@!!loc:5782:29:5782:33
@!!status:to be proved
@!!END

@!!BEGIN
@!!type:obligation
@!!id:799
@!!loc:5782:35:5782:40
@!!status:to be proved
@!!END

@!!BEGIN
@!!type:obligation
@!!id:800
@!!loc:5782:42:5782:46
@!!status:to be proved
@!!END

@!!BEGIN
@!!type:obligation
@!!id:801
@!!loc:5782:48:5782:52
@!!status:to be proved
@!!END

@!!BEGIN
@!!type:obligation
@!!id:802
@!!loc:5782:54:5782:58
@!!status:to be proved
@!!END

@!!BEGIN
@!!type:obligation
@!!id:803
@!!loc:5783:22:5783:24
@!!status:to be proved
@!!END

@!!BEGIN
@!!type:obligation
@!!id:804
@!!loc:5783:25:5783:29
@!!status:to be proved
@!!END

@!!BEGIN
@!!type:obligation
@!!id:805
@!!loc:5783:31:5783:35
@!!status:to be proved
@!!END

@!!BEGIN
@!!type:obligation
@!!id:806
@!!loc:5783:37:5783:42
@!!status:to be proved
@!!END

@!!BEGIN
@!!type:obligation
@!!id:807
@!!loc:5783:44:5783:48
@!!status:to be proved
@!!END

@!!BEGIN
@!!type:obligation
@!!id:808
@!!loc:5784:23:5784:25
@!!status:to be proved
@!!END

@!!BEGIN
@!!type:obligation
@!!id:809
@!!loc:5784:26:5784:30
@!!status:to be proved
@!!END

@!!BEGIN
@!!type:obligation
@!!id:810
@!!loc:5784:32:5784:36
@!!status:to be proved
@!!END

@!!BEGIN
@!!type:obligation
@!!id:811
@!!loc:5784:38:5784:42
@!!status:to be proved
@!!END

@!!BEGIN
@!!type:obligation
@!!id:812
@!!loc:5784:44:5784:49
@!!status:to be proved
@!!END

@!!BEGIN
@!!type:obligation
@!!id:813
@!!loc:5784:51:5784:55
@!!status:to be proved
@!!END

@!!BEGIN
@!!type:obligation
@!!id:814
@!!loc:5785:22:5785:24
@!!status:to be proved
@!!END

@!!BEGIN
@!!type:obligation
@!!id:815
@!!loc:5785:25:5785:29
@!!status:to be proved
@!!END

@!!BEGIN
@!!type:obligation
@!!id:816
@!!loc:5785:31:5785:35
@!!status:to be proved
@!!END

@!!BEGIN
@!!type:obligation
@!!id:817
@!!loc:5785:37:5785:41
@!!status:to be proved
@!!END

@!!BEGIN
@!!type:obligation
@!!id:818
@!!loc:5785:43:5785:48
@!!status:to be proved
@!!END

@!!BEGIN
@!!type:obligation
@!!id:819
@!!loc:5785:50:5785:54
@!!status:to be proved
@!!END

@!!BEGIN
@!!type:obligation
@!!id:820
@!!loc:5786:23:5786:25
@!!status:to be proved
@!!END

@!!BEGIN
@!!type:obligation
@!!id:821
@!!loc:5786:26:5786:30
@!!status:to be proved
@!!END

@!!BEGIN
@!!type:obligation
@!!id:822
@!!loc:5786:32:5786:36
@!!status:to be proved
@!!END

@!!BEGIN
@!!type:obligation
@!!id:823
@!!loc:5786:38:5786:42
@!!status:to be proved
@!!END

@!!BEGIN
@!!type:obligation
@!!id:824
@!!loc:5786:44:5786:49
@!!status:to be proved
@!!END

@!!BEGIN
@!!type:obligation
@!!id:825
@!!loc:5786:51:5786:55
@!!status:to be proved
@!!END

@!!BEGIN
@!!type:obligation
@!!id:826
@!!loc:5857:10:5857:12
@!!status:to be proved
@!!END

@!!BEGIN
@!!type:obligation
@!!id:827
@!!loc:5857:13:5857:17
@!!status:to be proved
@!!END

@!!BEGIN
@!!type:obligation
@!!id:828
@!!loc:5857:19:5857:23
@!!status:to be proved
@!!END

@!!BEGIN
@!!type:obligation
@!!id:829
@!!loc:5792:14:5792:16
@!!status:to be proved
@!!END

@!!BEGIN
@!!type:obligation
@!!id:830
@!!loc:5793:14:5793:16
@!!status:to be proved
@!!END

@!!BEGIN
@!!type:obligation
@!!id:831
@!!loc:5793:17:5793:22
@!!status:to be proved
@!!END

@!!BEGIN
@!!type:obligation
@!!id:832
@!!loc:5793:24:5793:33
@!!status:to be proved
@!!END

@!!BEGIN
@!!type:obligation
@!!id:833
@!!loc:5794:71:5794:73
@!!status:to be proved
@!!END

@!!BEGIN
@!!type:obligation
@!!id:834
@!!loc:5796:3:5796:5
@!!status:to be proved
@!!END

@!!BEGIN
@!!type:obligation
@!!id:835
@!!loc:5797:35:5797:37
@!!status:to be proved
@!!END

@!!BEGIN
@!!type:obligation
@!!id:836
@!!loc:5797:38:5797:42
@!!status:to be proved
@!!END

@!!BEGIN
@!!type:obligation
@!!id:837
@!!loc:5798:23:5798:25
@!!status:to be proved
@!!END

@!!BEGIN
@!!type:obligation
@!!id:838
@!!loc:5798:26:5798:30
@!!status:to be proved
@!!END

@!!BEGIN
@!!type:obligation
@!!id:839
@!!loc:5803:3:5803:5
@!!status:to be proved
@!!END

@!!BEGIN
@!!type:obligation
@!!id:840
@!!loc:5803:6:5803:10
@!!status:to be proved
@!!END

@!!BEGIN
@!!type:obligation
@!!id:841
@!!loc:5803:12:5803:24
@!!status:to be proved
@!!END

@!!BEGIN
@!!type:obligation
@!!id:842
@!!loc:5804:26:5804:28
@!!status:to be proved
@!!END

@!!BEGIN
@!!type:obligation
@!!id:843
@!!loc:5830:12:5830:14
@!!status:to be proved
@!!END

@!!BEGIN
@!!type:obligation
@!!id:844
@!!loc:5830:15:5830:19
@!!status:to be proved
@!!END

@!!BEGIN
@!!type:obligation
@!!id:845
@!!loc:5830:21:5830:25
@!!status:to be proved
@!!END

@!!BEGIN
@!!type:obligation
@!!id:846
@!!loc:5830:27:5830:31
@!!status:to be proved
@!!END

@!!BEGIN
@!!type:obligation
@!!id:847
@!!loc:5830:33:5830:38
@!!status:to be proved
@!!END

@!!BEGIN
@!!type:obligation
@!!id:848
@!!loc:5830:40:5830:44
@!!status:to be proved
@!!END

@!!BEGIN
@!!type:obligation
@!!id:849
@!!loc:5830:46:5830:50
@!!status:to be proved
@!!END

@!!BEGIN
@!!type:obligation
@!!id:850
@!!loc:5830:52:5830:56
@!!status:to be proved
@!!END

@!!BEGIN
@!!type:obligation
@!!id:851
@!!loc:5830:58:5830:62
@!!status:to be proved
@!!END

@!!BEGIN
@!!type:obligation
@!!id:852
@!!loc:5830:64:5830:68
@!!status:to be proved
@!!END

@!!BEGIN
@!!type:obligation
@!!id:853
@!!loc:5830:70:5830:74
@!!status:to be proved
@!!END

@!!BEGIN
@!!type:obligation
@!!id:854
@!!loc:5830:76:5830:80
@!!status:to be proved
@!!END

@!!BEGIN
@!!type:obligation
@!!id:855
@!!loc:5830:82:5830:89
@!!status:to be proved
@!!END

@!!BEGIN
@!!type:obligation
@!!id:856
@!!loc:5806:72:5806:74
@!!status:to be proved
@!!END

@!!BEGIN
@!!type:obligation
@!!id:857
@!!loc:5806:75:5806:79
@!!status:to be proved
@!!END

@!!BEGIN
@!!type:obligation
@!!id:858
@!!loc:5807:38:5807:40
@!!status:to be proved
@!!END

@!!BEGIN
@!!type:obligation
@!!id:859
@!!loc:5808:30:5808:32
@!!status:to be proved
@!!END

@!!BEGIN
@!!type:obligation
@!!id:860
@!!loc:5808:33:5808:37
@!!status:to be proved
@!!END

@!!BEGIN
@!!type:obligation
@!!id:861
@!!loc:5808:39:5808:43
@!!status:to be proved
@!!END

@!!BEGIN
@!!type:obligation
@!!id:862
@!!loc:5808:45:5808:53
@!!status:to be proved
@!!END

@!!BEGIN
@!!type:obligation
@!!id:863
@!!loc:5816:5:5816:7
@!!status:to be proved
@!!END

@!!BEGIN
@!!type:obligation
@!!id:864
@!!loc:5823:5:5823:7
@!!status:to be proved
@!!END

@!!BEGIN
@!!type:obligation
@!!id:865
@!!loc:5824:15:5824:17
@!!status:to be proved
@!!END

@!!BEGIN
@!!type:obligation
@!!id:866
@!!loc:5824:18:5824:22
@!!status:to be proved
@!!END

@!!BEGIN
@!!type:obligation
@!!id:867
@!!loc:5824:24:5824:28
@!!status:to be proved
@!!END

@!!BEGIN
@!!type:obligation
@!!id:868
@!!loc:5825:27:5825:29
@!!status:to be proved
@!!END

@!!BEGIN
@!!type:obligation
@!!id:869
@!!loc:5825:30:5825:34
@!!status:to be proved
@!!END

@!!BEGIN
@!!type:obligation
@!!id:870
@!!loc:5825:36:5825:40
@!!status:to be proved
@!!END

@!!BEGIN
@!!type:obligation
@!!id:871
@!!loc:5825:42:5825:47
@!!status:to be proved
@!!END

@!!BEGIN
@!!type:obligation
@!!id:872
@!!loc:5825:49:5825:53
@!!status:to be proved
@!!END

@!!BEGIN
@!!type:obligation
@!!id:873
@!!loc:5825:55:5825:59
@!!status:to be proved
@!!END

@!!BEGIN
@!!type:obligation
@!!id:874
@!!loc:5825:61:5825:65
@!!status:to be proved
@!!END

@!!BEGIN
@!!type:obligation
@!!id:875
@!!loc:5826:29:5826:31
@!!status:to be proved
@!!END

@!!BEGIN
@!!type:obligation
@!!id:876
@!!loc:5826:32:5826:36
@!!status:to be proved
@!!END

@!!BEGIN
@!!type:obligation
@!!id:877
@!!loc:5826:38:5826:42
@!!status:to be proved
@!!END

@!!BEGIN
@!!type:obligation
@!!id:878
@!!loc:5826:44:5826:49
@!!status:to be proved
@!!END

@!!BEGIN
@!!type:obligation
@!!id:879
@!!loc:5826:51:5826:55
@!!status:to be proved
@!!END

@!!BEGIN
@!!type:obligation
@!!id:880
@!!loc:5827:30:5827:32
@!!status:to be proved
@!!END

@!!BEGIN
@!!type:obligation
@!!id:881
@!!loc:5827:33:5827:37
@!!status:to be proved
@!!END

@!!BEGIN
@!!type:obligation
@!!id:882
@!!loc:5827:39:5827:43
@!!status:to be proved
@!!END

@!!BEGIN
@!!type:obligation
@!!id:883
@!!loc:5827:45:5827:49
@!!status:to be proved
@!!END

@!!BEGIN
@!!type:obligation
@!!id:884
@!!loc:5827:51:5827:56
@!!status:to be proved
@!!END

@!!BEGIN
@!!type:obligation
@!!id:885
@!!loc:5827:58:5827:62
@!!status:to be proved
@!!END

@!!BEGIN
@!!type:obligation
@!!id:886
@!!loc:5828:29:5828:31
@!!status:to be proved
@!!END

@!!BEGIN
@!!type:obligation
@!!id:887
@!!loc:5828:32:5828:36
@!!status:to be proved
@!!END

@!!BEGIN
@!!type:obligation
@!!id:888
@!!loc:5828:38:5828:42
@!!status:to be proved
@!!END

@!!BEGIN
@!!type:obligation
@!!id:889
@!!loc:5828:44:5828:48
@!!status:to be proved
@!!END

@!!BEGIN
@!!type:obligation
@!!id:890
@!!loc:5828:50:5828:55
@!!status:to be proved
@!!END

@!!BEGIN
@!!type:obligation
@!!id:891
@!!loc:5828:57:5828:61
@!!status:to be proved
@!!END

@!!BEGIN
@!!type:obligation
@!!id:892
@!!loc:5829:30:5829:32
@!!status:to be proved
@!!END

@!!BEGIN
@!!type:obligation
@!!id:893
@!!loc:5829:33:5829:37
@!!status:to be proved
@!!END

@!!BEGIN
@!!type:obligation
@!!id:894
@!!loc:5829:39:5829:43
@!!status:to be proved
@!!END

@!!BEGIN
@!!type:obligation
@!!id:895
@!!loc:5829:45:5829:49
@!!status:to be proved
@!!END

@!!BEGIN
@!!type:obligation
@!!id:896
@!!loc:5829:51:5829:56
@!!status:to be proved
@!!END

@!!BEGIN
@!!type:obligation
@!!id:897
@!!loc:5829:58:5829:62
@!!status:to be proved
@!!END

@!!BEGIN
@!!type:obligation
@!!id:898
@!!loc:5856:12:5856:14
@!!status:to be proved
@!!END

@!!BEGIN
@!!type:obligation
@!!id:899
@!!loc:5856:15:5856:19
@!!status:to be proved
@!!END

@!!BEGIN
@!!type:obligation
@!!id:900
@!!loc:5856:21:5856:25
@!!status:to be proved
@!!END

@!!BEGIN
@!!type:obligation
@!!id:901
@!!loc:5856:27:5856:31
@!!status:to be proved
@!!END

@!!BEGIN
@!!type:obligation
@!!id:902
@!!loc:5856:33:5856:38
@!!status:to be proved
@!!END

@!!BEGIN
@!!type:obligation
@!!id:903
@!!loc:5856:40:5856:44
@!!status:to be proved
@!!END

@!!BEGIN
@!!type:obligation
@!!id:904
@!!loc:5856:46:5856:50
@!!status:to be proved
@!!END

@!!BEGIN
@!!type:obligation
@!!id:905
@!!loc:5856:52:5856:56
@!!status:to be proved
@!!END

@!!BEGIN
@!!type:obligation
@!!id:906
@!!loc:5856:58:5856:62
@!!status:to be proved
@!!END

@!!BEGIN
@!!type:obligation
@!!id:907
@!!loc:5856:64:5856:68
@!!status:to be proved
@!!END

@!!BEGIN
@!!type:obligation
@!!id:908
@!!loc:5856:70:5856:74
@!!status:to be proved
@!!END

@!!BEGIN
@!!type:obligation
@!!id:909
@!!loc:5856:76:5856:80
@!!status:to be proved
@!!END

@!!BEGIN
@!!type:obligation
@!!id:910
@!!loc:5856:82:5856:89
@!!status:to be proved
@!!END

@!!BEGIN
@!!type:obligation
@!!id:911
@!!loc:5833:79:5833:81
@!!status:to be proved
@!!END

@!!BEGIN
@!!type:obligation
@!!id:912
@!!loc:5833:82:5833:86
@!!status:to be proved
@!!END

@!!BEGIN
@!!type:obligation
@!!id:913
@!!loc:5834:38:5834:40
@!!status:to be proved
@!!END

@!!BEGIN
@!!type:obligation
@!!id:914
@!!loc:5835:37:5835:39
@!!status:to be proved
@!!END

@!!BEGIN
@!!type:obligation
@!!id:915
@!!loc:5835:40:5835:44
@!!status:to be proved
@!!END

@!!BEGIN
@!!type:obligation
@!!id:916
@!!loc:5835:46:5835:50
@!!status:to be proved
@!!END

@!!BEGIN
@!!type:obligation
@!!id:917
@!!loc:5835:52:5835:60
@!!status:to be proved
@!!END

@!!BEGIN
@!!type:obligation
@!!id:918
@!!loc:5843:5:5843:7
@!!status:to be proved
@!!END

@!!BEGIN
@!!type:obligation
@!!id:919
@!!loc:5849:5:5849:7
@!!status:to be proved
@!!END

@!!BEGIN
@!!type:obligation
@!!id:920
@!!loc:5850:15:5850:17
@!!status:to be proved
@!!END

@!!BEGIN
@!!type:obligation
@!!id:921
@!!loc:5850:18:5850:22
@!!status:to be proved
@!!END

@!!BEGIN
@!!type:obligation
@!!id:922
@!!loc:5850:24:5850:28
@!!status:to be proved
@!!END

@!!BEGIN
@!!type:obligation
@!!id:923
@!!loc:5851:34:5851:36
@!!status:to be proved
@!!END

@!!BEGIN
@!!type:obligation
@!!id:924
@!!loc:5851:37:5851:41
@!!status:to be proved
@!!END

@!!BEGIN
@!!type:obligation
@!!id:925
@!!loc:5851:43:5851:47
@!!status:to be proved
@!!END

@!!BEGIN
@!!type:obligation
@!!id:926
@!!loc:5851:49:5851:54
@!!status:to be proved
@!!END

@!!BEGIN
@!!type:obligation
@!!id:927
@!!loc:5851:56:5851:60
@!!status:to be proved
@!!END

@!!BEGIN
@!!type:obligation
@!!id:928
@!!loc:5851:62:5851:66
@!!status:to be proved
@!!END

@!!BEGIN
@!!type:obligation
@!!id:929
@!!loc:5851:68:5851:72
@!!status:to be proved
@!!END

@!!BEGIN
@!!type:obligation
@!!id:930
@!!loc:5852:36:5852:38
@!!status:to be proved
@!!END

@!!BEGIN
@!!type:obligation
@!!id:931
@!!loc:5852:39:5852:43
@!!status:to be proved
@!!END

@!!BEGIN
@!!type:obligation
@!!id:932
@!!loc:5852:45:5852:49
@!!status:to be proved
@!!END

@!!BEGIN
@!!type:obligation
@!!id:933
@!!loc:5852:51:5852:56
@!!status:to be proved
@!!END

@!!BEGIN
@!!type:obligation
@!!id:934
@!!loc:5852:58:5852:62
@!!status:to be proved
@!!END

@!!BEGIN
@!!type:obligation
@!!id:935
@!!loc:5853:37:5853:39
@!!status:to be proved
@!!END

@!!BEGIN
@!!type:obligation
@!!id:936
@!!loc:5853:40:5853:44
@!!status:to be proved
@!!END

@!!BEGIN
@!!type:obligation
@!!id:937
@!!loc:5853:46:5853:50
@!!status:to be proved
@!!END

@!!BEGIN
@!!type:obligation
@!!id:938
@!!loc:5853:52:5853:56
@!!status:to be proved
@!!END

@!!BEGIN
@!!type:obligation
@!!id:939
@!!loc:5853:58:5853:63
@!!status:to be proved
@!!END

@!!BEGIN
@!!type:obligation
@!!id:940
@!!loc:5853:65:5853:69
@!!status:to be proved
@!!END

@!!BEGIN
@!!type:obligation
@!!id:941
@!!loc:5854:36:5854:38
@!!status:to be proved
@!!END

@!!BEGIN
@!!type:obligation
@!!id:942
@!!loc:5854:39:5854:43
@!!status:to be proved
@!!END

@!!BEGIN
@!!type:obligation
@!!id:943
@!!loc:5854:45:5854:49
@!!status:to be proved
@!!END

@!!BEGIN
@!!type:obligation
@!!id:944
@!!loc:5854:51:5854:55
@!!status:to be proved
@!!END

@!!BEGIN
@!!type:obligation
@!!id:945
@!!loc:5854:57:5854:62
@!!status:to be proved
@!!END

@!!BEGIN
@!!type:obligation
@!!id:946
@!!loc:5854:64:5854:68
@!!status:to be proved
@!!END

@!!BEGIN
@!!type:obligation
@!!id:947
@!!loc:5855:37:5855:39
@!!status:to be proved
@!!END

@!!BEGIN
@!!type:obligation
@!!id:948
@!!loc:5855:40:5855:44
@!!status:to be proved
@!!END

@!!BEGIN
@!!type:obligation
@!!id:949
@!!loc:5855:46:5855:50
@!!status:to be proved
@!!END

@!!BEGIN
@!!type:obligation
@!!id:950
@!!loc:5855:52:5855:56
@!!status:to be proved
@!!END

@!!BEGIN
@!!type:obligation
@!!id:951
@!!loc:5855:58:5855:63
@!!status:to be proved
@!!END

@!!BEGIN
@!!type:obligation
@!!id:952
@!!loc:5855:65:5855:69
@!!status:to be proved
@!!END

@!!BEGIN
@!!type:obligation
@!!id:953
@!!loc:5897:10:5897:12
@!!status:to be proved
@!!END

@!!BEGIN
@!!type:obligation
@!!id:954
@!!loc:5897:13:5897:17
@!!status:to be proved
@!!END

@!!BEGIN
@!!type:obligation
@!!id:955
@!!loc:5897:19:5897:23
@!!status:to be proved
@!!END

@!!BEGIN
@!!type:obligation
@!!id:956
@!!loc:5897:25:5897:29
@!!status:to be proved
@!!END

@!!BEGIN
@!!type:obligation
@!!id:957
@!!loc:5897:31:5897:36
@!!status:to be proved
@!!END

@!!BEGIN
@!!type:obligation
@!!id:958
@!!loc:5897:38:5897:42
@!!status:to be proved
@!!END

@!!BEGIN
@!!type:obligation
@!!id:959
@!!loc:5897:44:5897:48
@!!status:to be proved
@!!END

@!!BEGIN
@!!type:obligation
@!!id:960
@!!loc:5897:50:5897:54
@!!status:to be proved
@!!END

@!!BEGIN
@!!type:obligation
@!!id:961
@!!loc:5897:56:5897:60
@!!status:to be proved
@!!END

@!!BEGIN
@!!type:obligation
@!!id:962
@!!loc:5897:62:5897:66
@!!status:to be proved
@!!END

@!!BEGIN
@!!type:obligation
@!!id:963
@!!loc:5897:68:5897:72
@!!status:to be proved
@!!END

@!!BEGIN
@!!type:obligation
@!!id:964
@!!loc:5897:74:5897:78
@!!status:to be proved
@!!END

@!!BEGIN
@!!type:obligation
@!!id:965
@!!loc:5897:80:5897:87
@!!status:to be proved
@!!END

@!!BEGIN
@!!type:obligation
@!!id:966
@!!loc:5862:14:5862:16
@!!status:to be proved
@!!END

@!!BEGIN
@!!type:obligation
@!!id:967
@!!loc:5863:14:5863:16
@!!status:to be proved
@!!END

@!!BEGIN
@!!type:obligation
@!!id:968
@!!loc:5863:17:5863:22
@!!status:to be proved
@!!END

@!!BEGIN
@!!type:obligation
@!!id:969
@!!loc:5863:24:5863:35
@!!status:to be proved
@!!END

@!!BEGIN
@!!type:obligation
@!!id:970
@!!loc:5864:71:5864:73
@!!status:to be proved
@!!END

@!!BEGIN
@!!type:obligation
@!!id:971
@!!loc:5866:3:5866:5
@!!status:to be proved
@!!END

@!!BEGIN
@!!type:obligation
@!!id:972
@!!loc:5867:35:5867:37
@!!status:to be proved
@!!END

@!!BEGIN
@!!type:obligation
@!!id:973
@!!loc:5867:38:5867:42
@!!status:to be proved
@!!END

@!!BEGIN
@!!type:obligation
@!!id:974
@!!loc:5868:23:5868:25
@!!status:to be proved
@!!END

@!!BEGIN
@!!type:obligation
@!!id:975
@!!loc:5868:26:5868:30
@!!status:to be proved
@!!END

@!!BEGIN
@!!type:obligation
@!!id:976
@!!loc:5873:3:5873:5
@!!status:to be proved
@!!END

@!!BEGIN
@!!type:obligation
@!!id:977
@!!loc:5873:6:5873:10
@!!status:to be proved
@!!END

@!!BEGIN
@!!type:obligation
@!!id:978
@!!loc:5873:12:5873:24
@!!status:to be proved
@!!END

@!!BEGIN
@!!type:obligation
@!!id:979
@!!loc:5874:26:5874:28
@!!status:to be proved
@!!END

@!!BEGIN
@!!type:obligation
@!!id:980
@!!loc:5875:69:5875:71
@!!status:to be proved
@!!END

@!!BEGIN
@!!type:obligation
@!!id:981
@!!loc:5876:36:5876:38
@!!status:to be proved
@!!END

@!!BEGIN
@!!type:obligation
@!!id:982
@!!loc:5877:27:5877:29
@!!status:to be proved
@!!END

@!!BEGIN
@!!type:obligation
@!!id:983
@!!loc:5877:30:5877:34
@!!status:to be proved
@!!END

@!!BEGIN
@!!type:obligation
@!!id:984
@!!loc:5877:36:5877:40
@!!status:to be proved
@!!END

@!!BEGIN
@!!type:obligation
@!!id:985
@!!loc:5877:42:5877:50
@!!status:to be proved
@!!END

@!!BEGIN
@!!type:obligation
@!!id:986
@!!loc:5885:3:5885:5
@!!status:to be proved
@!!END

@!!BEGIN
@!!type:obligation
@!!id:987
@!!loc:5890:3:5890:5
@!!status:to be proved
@!!END

@!!BEGIN
@!!type:obligation
@!!id:988
@!!loc:5891:13:5891:15
@!!status:to be proved
@!!END

@!!BEGIN
@!!type:obligation
@!!id:989
@!!loc:5891:16:5891:20
@!!status:to be proved
@!!END

@!!BEGIN
@!!type:obligation
@!!id:990
@!!loc:5891:22:5891:26
@!!status:to be proved
@!!END

@!!BEGIN
@!!type:obligation
@!!id:991
@!!loc:5892:24:5892:26
@!!status:to be proved
@!!END

@!!BEGIN
@!!type:obligation
@!!id:992
@!!loc:5892:27:5892:31
@!!status:to be proved
@!!END

@!!BEGIN
@!!type:obligation
@!!id:993
@!!loc:5892:33:5892:37
@!!status:to be proved
@!!END

@!!BEGIN
@!!type:obligation
@!!id:994
@!!loc:5892:39:5892:44
@!!status:to be proved
@!!END

@!!BEGIN
@!!type:obligation
@!!id:995
@!!loc:5892:46:5892:50
@!!status:to be proved
@!!END

@!!BEGIN
@!!type:obligation
@!!id:996
@!!loc:5892:52:5892:56
@!!status:to be proved
@!!END

@!!BEGIN
@!!type:obligation
@!!id:997
@!!loc:5892:58:5892:62
@!!status:to be proved
@!!END

@!!BEGIN
@!!type:obligation
@!!id:998
@!!loc:5893:26:5893:28
@!!status:to be proved
@!!END

@!!BEGIN
@!!type:obligation
@!!id:999
@!!loc:5893:29:5893:33
@!!status:to be proved
@!!END

@!!BEGIN
@!!type:obligation
@!!id:1000
@!!loc:5893:35:5893:39
@!!status:to be proved
@!!END

@!!BEGIN
@!!type:obligation
@!!id:1001
@!!loc:5893:41:5893:46
@!!status:to be proved
@!!END

@!!BEGIN
@!!type:obligation
@!!id:1002
@!!loc:5893:48:5893:52
@!!status:to be proved
@!!END

@!!BEGIN
@!!type:obligation
@!!id:1003
@!!loc:5894:27:5894:29
@!!status:to be proved
@!!END

@!!BEGIN
@!!type:obligation
@!!id:1004
@!!loc:5894:30:5894:34
@!!status:to be proved
@!!END

@!!BEGIN
@!!type:obligation
@!!id:1005
@!!loc:5894:36:5894:40
@!!status:to be proved
@!!END

@!!BEGIN
@!!type:obligation
@!!id:1006
@!!loc:5894:42:5894:46
@!!status:to be proved
@!!END

@!!BEGIN
@!!type:obligation
@!!id:1007
@!!loc:5894:48:5894:53
@!!status:to be proved
@!!END

@!!BEGIN
@!!type:obligation
@!!id:1008
@!!loc:5894:55:5894:59
@!!status:to be proved
@!!END

@!!BEGIN
@!!type:obligation
@!!id:1009
@!!loc:5895:26:5895:28
@!!status:to be proved
@!!END

@!!BEGIN
@!!type:obligation
@!!id:1010
@!!loc:5895:29:5895:33
@!!status:to be proved
@!!END

@!!BEGIN
@!!type:obligation
@!!id:1011
@!!loc:5895:35:5895:39
@!!status:to be proved
@!!END

@!!BEGIN
@!!type:obligation
@!!id:1012
@!!loc:5895:41:5895:45
@!!status:to be proved
@!!END

@!!BEGIN
@!!type:obligation
@!!id:1013
@!!loc:5895:47:5895:52
@!!status:to be proved
@!!END

@!!BEGIN
@!!type:obligation
@!!id:1014
@!!loc:5895:54:5895:58
@!!status:to be proved
@!!END

@!!BEGIN
@!!type:obligation
@!!id:1015
@!!loc:5896:27:5896:29
@!!status:to be proved
@!!END

@!!BEGIN
@!!type:obligation
@!!id:1016
@!!loc:5896:30:5896:34
@!!status:to be proved
@!!END

@!!BEGIN
@!!type:obligation
@!!id:1017
@!!loc:5896:36:5896:40
@!!status:to be proved
@!!END

@!!BEGIN
@!!type:obligation
@!!id:1018
@!!loc:5896:42:5896:46
@!!status:to be proved
@!!END

@!!BEGIN
@!!type:obligation
@!!id:1019
@!!loc:5896:48:5896:53
@!!status:to be proved
@!!END

@!!BEGIN
@!!type:obligation
@!!id:1020
@!!loc:5896:55:5896:59
@!!status:to be proved
@!!END

@!!BEGIN
@!!type:obligation
@!!id:1021
@!!loc:5940:10:5940:12
@!!status:to be proved
@!!END

@!!BEGIN
@!!type:obligation
@!!id:1022
@!!loc:5940:13:5940:17
@!!status:to be proved
@!!END

@!!BEGIN
@!!type:obligation
@!!id:1023
@!!loc:5940:19:5940:23
@!!status:to be proved
@!!END

@!!BEGIN
@!!type:obligation
@!!id:1024
@!!loc:5940:25:5940:29
@!!status:to be proved
@!!END

@!!BEGIN
@!!type:obligation
@!!id:1025
@!!loc:5940:31:5940:36
@!!status:to be proved
@!!END

@!!BEGIN
@!!type:obligation
@!!id:1026
@!!loc:5940:38:5940:42
@!!status:to be proved
@!!END

@!!BEGIN
@!!type:obligation
@!!id:1027
@!!loc:5940:44:5940:48
@!!status:to be proved
@!!END

@!!BEGIN
@!!type:obligation
@!!id:1028
@!!loc:5940:50:5940:54
@!!status:to be proved
@!!END

@!!BEGIN
@!!type:obligation
@!!id:1029
@!!loc:5940:56:5940:60
@!!status:to be proved
@!!END

@!!BEGIN
@!!type:obligation
@!!id:1030
@!!loc:5940:62:5940:66
@!!status:to be proved
@!!END

@!!BEGIN
@!!type:obligation
@!!id:1031
@!!loc:5940:68:5940:72
@!!status:to be proved
@!!END

@!!BEGIN
@!!type:obligation
@!!id:1032
@!!loc:5940:74:5940:78
@!!status:to be proved
@!!END

@!!BEGIN
@!!type:obligation
@!!id:1033
@!!loc:5940:80:5940:87
@!!status:to be proved
@!!END

@!!BEGIN
@!!type:obligation
@!!id:1034
@!!loc:5902:14:5902:16
@!!status:to be proved
@!!END

@!!BEGIN
@!!type:obligation
@!!id:1035
@!!loc:5903:14:5903:16
@!!status:to be proved
@!!END

@!!BEGIN
@!!type:obligation
@!!id:1036
@!!loc:5903:17:5903:22
@!!status:to be proved
@!!END

@!!BEGIN
@!!type:obligation
@!!id:1037
@!!loc:5903:24:5903:32
@!!status:to be proved
@!!END

@!!BEGIN
@!!type:obligation
@!!id:1038
@!!loc:5904:71:5904:73
@!!status:to be proved
@!!END

@!!BEGIN
@!!type:obligation
@!!id:1039
@!!loc:5906:3:5906:5
@!!status:to be proved
@!!END

@!!BEGIN
@!!type:obligation
@!!id:1040
@!!loc:5907:35:5907:37
@!!status:to be proved
@!!END

@!!BEGIN
@!!type:obligation
@!!id:1041
@!!loc:5907:38:5907:42
@!!status:to be proved
@!!END

@!!BEGIN
@!!type:obligation
@!!id:1042
@!!loc:5908:23:5908:25
@!!status:to be proved
@!!END

@!!BEGIN
@!!type:obligation
@!!id:1043
@!!loc:5908:26:5908:30
@!!status:to be proved
@!!END

@!!BEGIN
@!!type:obligation
@!!id:1044
@!!loc:5913:3:5913:5
@!!status:to be proved
@!!END

@!!BEGIN
@!!type:obligation
@!!id:1045
@!!loc:5913:6:5913:10
@!!status:to be proved
@!!END

@!!BEGIN
@!!type:obligation
@!!id:1046
@!!loc:5913:12:5913:24
@!!status:to be proved
@!!END

@!!BEGIN
@!!type:obligation
@!!id:1047
@!!loc:5914:26:5914:28
@!!status:to be proved
@!!END

@!!BEGIN
@!!type:obligation
@!!id:1048
@!!loc:5915:66:5915:68
@!!status:to be proved
@!!END

@!!BEGIN
@!!type:obligation
@!!id:1049
@!!loc:5916:36:5916:38
@!!status:to be proved
@!!END

@!!BEGIN
@!!type:obligation
@!!id:1050
@!!loc:5917:24:5917:26
@!!status:to be proved
@!!END

@!!BEGIN
@!!type:obligation
@!!id:1051
@!!loc:5917:27:5917:31
@!!status:to be proved
@!!END

@!!BEGIN
@!!type:obligation
@!!id:1052
@!!loc:5917:33:5917:37
@!!status:to be proved
@!!END

@!!BEGIN
@!!type:obligation
@!!id:1053
@!!loc:5917:39:5917:47
@!!status:to be proved
@!!END

@!!BEGIN
@!!type:obligation
@!!id:1054
@!!loc:5925:3:5925:5
@!!status:to be proved
@!!END

@!!BEGIN
@!!type:obligation
@!!id:1055
@!!loc:5933:3:5933:5
@!!status:to be proved
@!!END

@!!BEGIN
@!!type:obligation
@!!id:1056
@!!loc:5934:13:5934:15
@!!status:to be proved
@!!END

@!!BEGIN
@!!type:obligation
@!!id:1057
@!!loc:5934:16:5934:20
@!!status:to be proved
@!!END

@!!BEGIN
@!!type:obligation
@!!id:1058
@!!loc:5934:22:5934:26
@!!status:to be proved
@!!END

@!!BEGIN
@!!type:obligation
@!!id:1059
@!!loc:5935:21:5935:23
@!!status:to be proved
@!!END

@!!BEGIN
@!!type:obligation
@!!id:1060
@!!loc:5935:24:5935:28
@!!status:to be proved
@!!END

@!!BEGIN
@!!type:obligation
@!!id:1061
@!!loc:5935:30:5935:34
@!!status:to be proved
@!!END

@!!BEGIN
@!!type:obligation
@!!id:1062
@!!loc:5935:36:5935:41
@!!status:to be proved
@!!END

@!!BEGIN
@!!type:obligation
@!!id:1063
@!!loc:5935:43:5935:47
@!!status:to be proved
@!!END

@!!BEGIN
@!!type:obligation
@!!id:1064
@!!loc:5935:49:5935:53
@!!status:to be proved
@!!END

@!!BEGIN
@!!type:obligation
@!!id:1065
@!!loc:5935:55:5935:59
@!!status:to be proved
@!!END

@!!BEGIN
@!!type:obligation
@!!id:1066
@!!loc:5936:23:5936:25
@!!status:to be proved
@!!END

@!!BEGIN
@!!type:obligation
@!!id:1067
@!!loc:5936:26:5936:30
@!!status:to be proved
@!!END

@!!BEGIN
@!!type:obligation
@!!id:1068
@!!loc:5936:32:5936:36
@!!status:to be proved
@!!END

@!!BEGIN
@!!type:obligation
@!!id:1069
@!!loc:5936:38:5936:43
@!!status:to be proved
@!!END

@!!BEGIN
@!!type:obligation
@!!id:1070
@!!loc:5936:45:5936:49
@!!status:to be proved
@!!END

@!!BEGIN
@!!type:obligation
@!!id:1071
@!!loc:5937:24:5937:26
@!!status:to be proved
@!!END

@!!BEGIN
@!!type:obligation
@!!id:1072
@!!loc:5937:27:5937:31
@!!status:to be proved
@!!END

@!!BEGIN
@!!type:obligation
@!!id:1073
@!!loc:5937:33:5937:37
@!!status:to be proved
@!!END

@!!BEGIN
@!!type:obligation
@!!id:1074
@!!loc:5937:39:5937:43
@!!status:to be proved
@!!END

@!!BEGIN
@!!type:obligation
@!!id:1075
@!!loc:5937:45:5937:50
@!!status:to be proved
@!!END

@!!BEGIN
@!!type:obligation
@!!id:1076
@!!loc:5937:52:5937:56
@!!status:to be proved
@!!END

@!!BEGIN
@!!type:obligation
@!!id:1077
@!!loc:5938:23:5938:25
@!!status:to be proved
@!!END

@!!BEGIN
@!!type:obligation
@!!id:1078
@!!loc:5938:26:5938:30
@!!status:to be proved
@!!END

@!!BEGIN
@!!type:obligation
@!!id:1079
@!!loc:5938:32:5938:36
@!!status:to be proved
@!!END

@!!BEGIN
@!!type:obligation
@!!id:1080
@!!loc:5938:38:5938:42
@!!status:to be proved
@!!END

@!!BEGIN
@!!type:obligation
@!!id:1081
@!!loc:5938:44:5938:49
@!!status:to be proved
@!!END

@!!BEGIN
@!!type:obligation
@!!id:1082
@!!loc:5938:51:5938:55
@!!status:to be proved
@!!END

@!!BEGIN
@!!type:obligation
@!!id:1083
@!!loc:5939:24:5939:26
@!!status:to be proved
@!!END

@!!BEGIN
@!!type:obligation
@!!id:1084
@!!loc:5939:27:5939:31
@!!status:to be proved
@!!END

@!!BEGIN
@!!type:obligation
@!!id:1085
@!!loc:5939:33:5939:37
@!!status:to be proved
@!!END

@!!BEGIN
@!!type:obligation
@!!id:1086
@!!loc:5939:39:5939:43
@!!status:to be proved
@!!END

@!!BEGIN
@!!type:obligation
@!!id:1087
@!!loc:5939:45:5939:50
@!!status:to be proved
@!!END

@!!BEGIN
@!!type:obligation
@!!id:1088
@!!loc:5939:52:5939:56
@!!status:to be proved
@!!END

@!!BEGIN
@!!type:obligation
@!!id:1089
@!!loc:5983:10:5983:12
@!!status:to be proved
@!!END

@!!BEGIN
@!!type:obligation
@!!id:1090
@!!loc:5983:13:5983:17
@!!status:to be proved
@!!END

@!!BEGIN
@!!type:obligation
@!!id:1091
@!!loc:5983:19:5983:23
@!!status:to be proved
@!!END

@!!BEGIN
@!!type:obligation
@!!id:1092
@!!loc:5983:25:5983:29
@!!status:to be proved
@!!END

@!!BEGIN
@!!type:obligation
@!!id:1093
@!!loc:5983:31:5983:36
@!!status:to be proved
@!!END

@!!BEGIN
@!!type:obligation
@!!id:1094
@!!loc:5983:38:5983:42
@!!status:to be proved
@!!END

@!!BEGIN
@!!type:obligation
@!!id:1095
@!!loc:5983:44:5983:48
@!!status:to be proved
@!!END

@!!BEGIN
@!!type:obligation
@!!id:1096
@!!loc:5983:50:5983:54
@!!status:to be proved
@!!END

@!!BEGIN
@!!type:obligation
@!!id:1097
@!!loc:5983:56:5983:60
@!!status:to be proved
@!!END

@!!BEGIN
@!!type:obligation
@!!id:1098
@!!loc:5983:62:5983:66
@!!status:to be proved
@!!END

@!!BEGIN
@!!type:obligation
@!!id:1099
@!!loc:5983:68:5983:72
@!!status:to be proved
@!!END

@!!BEGIN
@!!type:obligation
@!!id:1100
@!!loc:5983:74:5983:78
@!!status:to be proved
@!!END

@!!BEGIN
@!!type:obligation
@!!id:1101
@!!loc:5983:80:5983:87
@!!status:to be proved
@!!END

@!!BEGIN
@!!type:obligation
@!!id:1102
@!!loc:5945:14:5945:16
@!!status:to be proved
@!!END

@!!BEGIN
@!!type:obligation
@!!id:1103
@!!loc:5946:14:5946:16
@!!status:to be proved
@!!END

@!!BEGIN
@!!type:obligation
@!!id:1104
@!!loc:5946:17:5946:22
@!!status:to be proved
@!!END

@!!BEGIN
@!!type:obligation
@!!id:1105
@!!loc:5946:24:5946:33
@!!status:to be proved
@!!END

@!!BEGIN
@!!type:obligation
@!!id:1106
@!!loc:5947:71:5947:73
@!!status:to be proved
@!!END

@!!BEGIN
@!!type:obligation
@!!id:1107
@!!loc:5949:3:5949:5
@!!status:to be proved
@!!END

@!!BEGIN
@!!type:obligation
@!!id:1108
@!!loc:5950:35:5950:37
@!!status:to be proved
@!!END

@!!BEGIN
@!!type:obligation
@!!id:1109
@!!loc:5950:38:5950:42
@!!status:to be proved
@!!END

@!!BEGIN
@!!type:obligation
@!!id:1110
@!!loc:5951:23:5951:25
@!!status:to be proved
@!!END

@!!BEGIN
@!!type:obligation
@!!id:1111
@!!loc:5951:26:5951:30
@!!status:to be proved
@!!END

@!!BEGIN
@!!type:obligation
@!!id:1112
@!!loc:5956:3:5956:5
@!!status:to be proved
@!!END

@!!BEGIN
@!!type:obligation
@!!id:1113
@!!loc:5956:6:5956:10
@!!status:to be proved
@!!END

@!!BEGIN
@!!type:obligation
@!!id:1114
@!!loc:5956:12:5956:24
@!!status:to be proved
@!!END

@!!BEGIN
@!!type:obligation
@!!id:1115
@!!loc:5957:26:5957:28
@!!status:to be proved
@!!END

@!!BEGIN
@!!type:obligation
@!!id:1116
@!!loc:5958:67:5958:69
@!!status:to be proved
@!!END

@!!BEGIN
@!!type:obligation
@!!id:1117
@!!loc:5959:36:5959:38
@!!status:to be proved
@!!END

@!!BEGIN
@!!type:obligation
@!!id:1118
@!!loc:5960:25:5960:27
@!!status:to be proved
@!!END

@!!BEGIN
@!!type:obligation
@!!id:1119
@!!loc:5960:28:5960:32
@!!status:to be proved
@!!END

@!!BEGIN
@!!type:obligation
@!!id:1120
@!!loc:5960:34:5960:38
@!!status:to be proved
@!!END

@!!BEGIN
@!!type:obligation
@!!id:1121
@!!loc:5960:40:5960:48
@!!status:to be proved
@!!END

@!!BEGIN
@!!type:obligation
@!!id:1122
@!!loc:5968:3:5968:5
@!!status:to be proved
@!!END

@!!BEGIN
@!!type:obligation
@!!id:1123
@!!loc:5976:3:5976:5
@!!status:to be proved
@!!END

@!!BEGIN
@!!type:obligation
@!!id:1124
@!!loc:5977:13:5977:15
@!!status:to be proved
@!!END

@!!BEGIN
@!!type:obligation
@!!id:1125
@!!loc:5977:16:5977:20
@!!status:to be proved
@!!END

@!!BEGIN
@!!type:obligation
@!!id:1126
@!!loc:5977:22:5977:26
@!!status:to be proved
@!!END

@!!BEGIN
@!!type:obligation
@!!id:1127
@!!loc:5978:22:5978:24
@!!status:to be proved
@!!END

@!!BEGIN
@!!type:obligation
@!!id:1128
@!!loc:5978:25:5978:29
@!!status:to be proved
@!!END

@!!BEGIN
@!!type:obligation
@!!id:1129
@!!loc:5978:31:5978:35
@!!status:to be proved
@!!END

@!!BEGIN
@!!type:obligation
@!!id:1130
@!!loc:5978:37:5978:42
@!!status:to be proved
@!!END

@!!BEGIN
@!!type:obligation
@!!id:1131
@!!loc:5978:44:5978:48
@!!status:to be proved
@!!END

@!!BEGIN
@!!type:obligation
@!!id:1132
@!!loc:5978:50:5978:54
@!!status:to be proved
@!!END

@!!BEGIN
@!!type:obligation
@!!id:1133
@!!loc:5978:56:5978:60
@!!status:to be proved
@!!END

@!!BEGIN
@!!type:obligation
@!!id:1134
@!!loc:5979:24:5979:26
@!!status:to be proved
@!!END

@!!BEGIN
@!!type:obligation
@!!id:1135
@!!loc:5979:27:5979:31
@!!status:to be proved
@!!END

@!!BEGIN
@!!type:obligation
@!!id:1136
@!!loc:5979:33:5979:37
@!!status:to be proved
@!!END

@!!BEGIN
@!!type:obligation
@!!id:1137
@!!loc:5979:39:5979:44
@!!status:to be proved
@!!END

@!!BEGIN
@!!type:obligation
@!!id:1138
@!!loc:5979:46:5979:50
@!!status:to be proved
@!!END

@!!BEGIN
@!!type:obligation
@!!id:1139
@!!loc:5980:25:5980:27
@!!status:to be proved
@!!END

@!!BEGIN
@!!type:obligation
@!!id:1140
@!!loc:5980:28:5980:32
@!!status:to be proved
@!!END

@!!BEGIN
@!!type:obligation
@!!id:1141
@!!loc:5980:34:5980:38
@!!status:to be proved
@!!END

@!!BEGIN
@!!type:obligation
@!!id:1142
@!!loc:5980:40:5980:44
@!!status:to be proved
@!!END

@!!BEGIN
@!!type:obligation
@!!id:1143
@!!loc:5980:46:5980:51
@!!status:to be proved
@!!END

@!!BEGIN
@!!type:obligation
@!!id:1144
@!!loc:5980:53:5980:57
@!!status:to be proved
@!!END

@!!BEGIN
@!!type:obligation
@!!id:1145
@!!loc:5981:24:5981:26
@!!status:to be proved
@!!END

@!!BEGIN
@!!type:obligation
@!!id:1146
@!!loc:5981:27:5981:31
@!!status:to be proved
@!!END

@!!BEGIN
@!!type:obligation
@!!id:1147
@!!loc:5981:33:5981:37
@!!status:to be proved
@!!END

@!!BEGIN
@!!type:obligation
@!!id:1148
@!!loc:5981:39:5981:43
@!!status:to be proved
@!!END

@!!BEGIN
@!!type:obligation
@!!id:1149
@!!loc:5981:45:5981:50
@!!status:to be proved
@!!END

@!!BEGIN
@!!type:obligation
@!!id:1150
@!!loc:5981:52:5981:56
@!!status:to be proved
@!!END

@!!BEGIN
@!!type:obligation
@!!id:1151
@!!loc:5982:25:5982:27
@!!status:to be proved
@!!END

@!!BEGIN
@!!type:obligation
@!!id:1152
@!!loc:5982:28:5982:32
@!!status:to be proved
@!!END

@!!BEGIN
@!!type:obligation
@!!id:1153
@!!loc:5982:34:5982:38
@!!status:to be proved
@!!END

@!!BEGIN
@!!type:obligation
@!!id:1154
@!!loc:5982:40:5982:44
@!!status:to be proved
@!!END

@!!BEGIN
@!!type:obligation
@!!id:1155
@!!loc:5982:46:5982:51
@!!status:to be proved
@!!END

@!!BEGIN
@!!type:obligation
@!!id:1156
@!!loc:5982:53:5982:57
@!!status:to be proved
@!!END

@!!BEGIN
@!!type:obligation
@!!id:1157
@!!loc:6053:10:6053:12
@!!status:to be proved
@!!END

@!!BEGIN
@!!type:obligation
@!!id:1158
@!!loc:6053:13:6053:17
@!!status:to be proved
@!!END

@!!BEGIN
@!!type:obligation
@!!id:1159
@!!loc:6053:19:6053:23
@!!status:to be proved
@!!END

@!!BEGIN
@!!type:obligation
@!!id:1160
@!!loc:6053:25:6053:29
@!!status:to be proved
@!!END

@!!BEGIN
@!!type:obligation
@!!id:1161
@!!loc:6053:31:6053:36
@!!status:to be proved
@!!END

@!!BEGIN
@!!type:obligation
@!!id:1162
@!!loc:6053:38:6053:42
@!!status:to be proved
@!!END

@!!BEGIN
@!!type:obligation
@!!id:1163
@!!loc:6053:44:6053:48
@!!status:to be proved
@!!END

@!!BEGIN
@!!type:obligation
@!!id:1164
@!!loc:6053:50:6053:54
@!!status:to be proved
@!!END

@!!BEGIN
@!!type:obligation
@!!id:1165
@!!loc:6053:56:6053:60
@!!status:to be proved
@!!END

@!!BEGIN
@!!type:obligation
@!!id:1166
@!!loc:6053:62:6053:66
@!!status:to be proved
@!!END

@!!BEGIN
@!!type:obligation
@!!id:1167
@!!loc:6053:68:6053:72
@!!status:to be proved
@!!END

@!!BEGIN
@!!type:obligation
@!!id:1168
@!!loc:6053:74:6053:78
@!!status:to be proved
@!!END

@!!BEGIN
@!!type:obligation
@!!id:1169
@!!loc:6053:80:6053:87
@!!status:to be proved
@!!END

@!!BEGIN
@!!type:obligation
@!!id:1170
@!!loc:5988:14:5988:16
@!!status:to be proved
@!!END

@!!BEGIN
@!!type:obligation
@!!id:1171
@!!loc:5989:14:5989:16
@!!status:to be proved
@!!END

@!!BEGIN
@!!type:obligation
@!!id:1172
@!!loc:5989:17:5989:22
@!!status:to be proved
@!!END

@!!BEGIN
@!!type:obligation
@!!id:1173
@!!loc:5989:24:5989:34
@!!status:to be proved
@!!END

@!!BEGIN
@!!type:obligation
@!!id:1174
@!!loc:5990:71:5990:73
@!!status:to be proved
@!!END

@!!BEGIN
@!!type:obligation
@!!id:1175
@!!loc:5992:3:5992:5
@!!status:to be proved
@!!END

@!!BEGIN
@!!type:obligation
@!!id:1176
@!!loc:5993:35:5993:37
@!!status:to be proved
@!!END

@!!BEGIN
@!!type:obligation
@!!id:1177
@!!loc:5993:38:5993:42
@!!status:to be proved
@!!END

@!!BEGIN
@!!type:obligation
@!!id:1178
@!!loc:5994:23:5994:25
@!!status:to be proved
@!!END

@!!BEGIN
@!!type:obligation
@!!id:1179
@!!loc:5994:26:5994:30
@!!status:to be proved
@!!END

@!!BEGIN
@!!type:obligation
@!!id:1180
@!!loc:5999:3:5999:5
@!!status:to be proved
@!!END

@!!BEGIN
@!!type:obligation
@!!id:1181
@!!loc:5999:6:5999:10
@!!status:to be proved
@!!END

@!!BEGIN
@!!type:obligation
@!!id:1182
@!!loc:5999:12:5999:24
@!!status:to be proved
@!!END

@!!BEGIN
@!!type:obligation
@!!id:1183
@!!loc:6000:26:6000:28
@!!status:to be proved
@!!END

@!!BEGIN
@!!type:obligation
@!!id:1184
@!!loc:6001:28:6001:30
@!!status:to be proved
@!!END

@!!BEGIN
@!!type:obligation
@!!id:1185
@!!loc:6001:31:6001:43
@!!status:to be proved
@!!END

@!!BEGIN
@!!type:obligation
@!!id:1186
@!!loc:6002:28:6002:30
@!!status:to be proved
@!!END

@!!BEGIN
@!!type:obligation
@!!id:1187
@!!loc:6003:29:6003:31
@!!status:to be proved
@!!END

@!!BEGIN
@!!type:obligation
@!!id:1188
@!!loc:6003:32:6003:36
@!!status:to be proved
@!!END

@!!BEGIN
@!!type:obligation
@!!id:1189
@!!loc:6003:38:6003:43
@!!status:to be proved
@!!END

@!!BEGIN
@!!type:obligation
@!!id:1190
@!!loc:6006:3:6006:5
@!!status:to be proved
@!!END

@!!BEGIN
@!!type:obligation
@!!id:1191
@!!loc:6009:3:6009:5
@!!status:to be proved
@!!END

@!!BEGIN
@!!type:obligation
@!!id:1192
@!!loc:6010:36:6010:38
@!!status:to be proved
@!!END

@!!BEGIN
@!!type:obligation
@!!id:1193
@!!loc:6011:26:6011:28
@!!status:to be proved
@!!END

@!!BEGIN
@!!type:obligation
@!!id:1194
@!!loc:6011:29:6011:33
@!!status:to be proved
@!!END

@!!BEGIN
@!!type:obligation
@!!id:1195
@!!loc:6011:35:6011:39
@!!status:to be proved
@!!END

@!!BEGIN
@!!type:obligation
@!!id:1196
@!!loc:6011:41:6011:49
@!!status:to be proved
@!!END

@!!BEGIN
@!!type:obligation
@!!id:1197
@!!loc:6019:3:6019:5
@!!status:to be proved
@!!END

@!!BEGIN
@!!type:obligation
@!!id:1198
@!!loc:6027:3:6027:5
@!!status:to be proved
@!!END

@!!BEGIN
@!!type:obligation
@!!id:1199
@!!loc:6028:13:6028:15
@!!status:to be proved
@!!END

@!!BEGIN
@!!type:obligation
@!!id:1200
@!!loc:6028:16:6028:20
@!!status:to be proved
@!!END

@!!BEGIN
@!!type:obligation
@!!id:1201
@!!loc:6028:22:6028:26
@!!status:to be proved
@!!END

@!!BEGIN
@!!type:obligation
@!!id:1202
@!!loc:6029:23:6029:25
@!!status:to be proved
@!!END

@!!BEGIN
@!!type:obligation
@!!id:1203
@!!loc:6029:26:6029:30
@!!status:to be proved
@!!END

@!!BEGIN
@!!type:obligation
@!!id:1204
@!!loc:6029:32:6029:36
@!!status:to be proved
@!!END

@!!BEGIN
@!!type:obligation
@!!id:1205
@!!loc:6029:38:6029:42
@!!status:to be proved
@!!END

@!!BEGIN
@!!type:obligation
@!!id:1206
@!!loc:6029:44:6029:48
@!!status:to be proved
@!!END

@!!BEGIN
@!!type:obligation
@!!id:1207
@!!loc:6029:50:6029:54
@!!status:to be proved
@!!END

@!!BEGIN
@!!type:obligation
@!!id:1208
@!!loc:6029:56:6029:60
@!!status:to be proved
@!!END

@!!BEGIN
@!!type:obligation
@!!id:1209
@!!loc:6033:12:6033:14
@!!status:to be proved
@!!END

@!!BEGIN
@!!type:obligation
@!!id:1210
@!!loc:6033:15:6033:19
@!!status:to be proved
@!!END

@!!BEGIN
@!!type:obligation
@!!id:1211
@!!loc:6033:21:6033:25
@!!status:to be proved
@!!END

@!!BEGIN
@!!type:obligation
@!!id:1212
@!!loc:6033:27:6033:32
@!!status:to be proved
@!!END

@!!BEGIN
@!!type:obligation
@!!id:1213
@!!loc:6033:34:6033:39
@!!status:to be proved
@!!END

@!!BEGIN
@!!type:obligation
@!!id:1214
@!!loc:6033:41:6033:45
@!!status:to be proved
@!!END

@!!BEGIN
@!!type:obligation
@!!id:1215
@!!loc:6032:5:6032:7
@!!status:to be proved
@!!END

@!!BEGIN
@!!type:obligation
@!!id:1216
@!!loc:6032:8:6032:12
@!!status:to be proved
@!!END

@!!BEGIN
@!!type:obligation
@!!id:1217
@!!loc:6032:14:6032:18
@!!status:to be proved
@!!END

@!!BEGIN
@!!type:obligation
@!!id:1218
@!!loc:6032:20:6032:24
@!!status:to be proved
@!!END

@!!BEGIN
@!!type:obligation
@!!id:1219
@!!loc:6032:26:6032:30
@!!status:to be proved
@!!END

@!!BEGIN
@!!type:obligation
@!!id:1220
@!!loc:6032:32:6032:36
@!!status:to be proved
@!!END

@!!BEGIN
@!!type:obligation
@!!id:1221
@!!loc:6032:38:6032:42
@!!status:to be proved
@!!END

@!!BEGIN
@!!type:obligation
@!!id:1222
@!!loc:6032:44:6032:48
@!!status:to be proved
@!!END

@!!BEGIN
@!!type:obligation
@!!id:1223
@!!loc:6038:12:6038:14
@!!status:to be proved
@!!END

@!!BEGIN
@!!type:obligation
@!!id:1224
@!!loc:6038:15:6038:19
@!!status:to be proved
@!!END

@!!BEGIN
@!!type:obligation
@!!id:1225
@!!loc:6036:5:6036:7
@!!status:to be proved
@!!END

@!!BEGIN
@!!type:obligation
@!!id:1226
@!!loc:6036:8:6036:12
@!!status:to be proved
@!!END

@!!BEGIN
@!!type:obligation
@!!id:1227
@!!loc:6036:14:6036:19
@!!status:to be proved
@!!END

@!!BEGIN
@!!type:obligation
@!!id:1228
@!!loc:6037:67:6037:69
@!!status:to be proved
@!!END

@!!BEGIN
@!!type:obligation
@!!id:1229
@!!loc:6037:70:6037:74
@!!status:to be proved
@!!END

@!!BEGIN
@!!type:obligation
@!!id:1230
@!!loc:6048:12:6048:14
@!!status:to be proved
@!!END

@!!BEGIN
@!!type:obligation
@!!id:1231
@!!loc:6048:15:6048:19
@!!status:to be proved
@!!END

@!!BEGIN
@!!type:obligation
@!!id:1232
@!!loc:6048:21:6048:25
@!!status:to be proved
@!!END

@!!BEGIN
@!!type:obligation
@!!id:1233
@!!loc:6040:57:6040:59
@!!status:to be proved
@!!END

@!!BEGIN
@!!type:obligation
@!!id:1234
@!!loc:6040:60:6040:64
@!!status:to be proved
@!!END

@!!BEGIN
@!!type:obligation
@!!id:1235
@!!loc:6040:66:6040:71
@!!status:to be proved
@!!END

@!!BEGIN
@!!type:obligation
@!!id:1236
@!!loc:6040:73:6040:77
@!!status:to be proved
@!!END

@!!BEGIN
@!!type:obligation
@!!id:1237
@!!loc:6047:14:6047:16
@!!status:to be proved
@!!END

@!!BEGIN
@!!type:obligation
@!!id:1238
@!!loc:6047:17:6047:21
@!!status:to be proved
@!!END

@!!BEGIN
@!!type:obligation
@!!id:1239
@!!loc:6047:23:6047:27
@!!status:to be proved
@!!END

@!!BEGIN
@!!type:obligation
@!!id:1240
@!!loc:6047:29:6047:33
@!!status:to be proved
@!!END

@!!BEGIN
@!!type:obligation
@!!id:1241
@!!loc:6047:35:6047:39
@!!status:to be proved
@!!END

@!!BEGIN
@!!type:obligation
@!!id:1242
@!!loc:6047:41:6047:46
@!!status:to be proved
@!!END

@!!BEGIN
@!!type:obligation
@!!id:1243
@!!loc:6047:48:6047:52
@!!status:to be proved
@!!END

@!!BEGIN
@!!type:obligation
@!!id:1244
@!!loc:6045:38:6045:40
@!!status:to be proved
@!!END

@!!BEGIN
@!!type:obligation
@!!id:1245
@!!loc:6045:41:6045:45
@!!status:to be proved
@!!END

@!!BEGIN
@!!type:obligation
@!!id:1246
@!!loc:6045:47:6045:52
@!!status:to be proved
@!!END

@!!BEGIN
@!!type:obligation
@!!id:1247
@!!loc:6045:54:6045:59
@!!status:to be proved
@!!END

@!!BEGIN
@!!type:obligation
@!!id:1248
@!!loc:6046:51:6046:53
@!!status:to be proved
@!!END

@!!BEGIN
@!!type:obligation
@!!id:1249
@!!loc:6046:54:6046:58
@!!status:to be proved
@!!END

@!!BEGIN
@!!type:obligation
@!!id:1250
@!!loc:6046:60:6046:64
@!!status:to be proved
@!!END

@!!BEGIN
@!!type:obligation
@!!id:1251
@!!loc:6046:66:6046:70
@!!status:to be proved
@!!END

@!!BEGIN
@!!type:obligation
@!!id:1252
@!!loc:6046:72:6046:77
@!!status:to be proved
@!!END

@!!BEGIN
@!!type:obligation
@!!id:1253
@!!loc:6052:12:6052:14
@!!status:to be proved
@!!END

@!!BEGIN
@!!type:obligation
@!!id:1254
@!!loc:6052:15:6052:19
@!!status:to be proved
@!!END

@!!BEGIN
@!!type:obligation
@!!id:1255
@!!loc:6052:21:6052:25
@!!status:to be proved
@!!END

@!!BEGIN
@!!type:obligation
@!!id:1256
@!!loc:6052:27:6052:31
@!!status:to be proved
@!!END

@!!BEGIN
@!!type:obligation
@!!id:1257
@!!loc:6052:33:6052:38
@!!status:to be proved
@!!END

@!!BEGIN
@!!type:obligation
@!!id:1258
@!!loc:6052:40:6052:44
@!!status:to be proved
@!!END

@!!BEGIN
@!!type:obligation
@!!id:1259
@!!loc:6051:5:6051:7
@!!status:to be proved
@!!END

@!!BEGIN
@!!type:obligation
@!!id:1260
@!!loc:6051:8:6051:12
@!!status:to be proved
@!!END

@!!BEGIN
@!!type:obligation
@!!id:1261
@!!loc:6051:14:6051:18
@!!status:to be proved
@!!END

@!!BEGIN
@!!type:obligation
@!!id:1262
@!!loc:6051:20:6051:24
@!!status:to be proved
@!!END

@!!BEGIN
@!!type:obligation
@!!id:1263
@!!loc:6051:26:6051:30
@!!status:to be proved
@!!END

@!!BEGIN
@!!type:obligation
@!!id:1264
@!!loc:6051:32:6051:36
@!!status:to be proved
@!!END

@!!BEGIN
@!!type:obligation
@!!id:1265
@!!loc:6051:38:6051:42
@!!status:to be proved
@!!END

@!!BEGIN
@!!type:obligation
@!!id:1266
@!!loc:6051:44:6051:48
@!!status:to be proved
@!!END

@!!BEGIN
@!!type:obligation
@!!id:1267
@!!loc:6096:10:6096:12
@!!status:to be proved
@!!END

@!!BEGIN
@!!type:obligation
@!!id:1268
@!!loc:6096:13:6096:17
@!!status:to be proved
@!!END

@!!BEGIN
@!!type:obligation
@!!id:1269
@!!loc:6096:19:6096:23
@!!status:to be proved
@!!END

@!!BEGIN
@!!type:obligation
@!!id:1270
@!!loc:6096:25:6096:29
@!!status:to be proved
@!!END

@!!BEGIN
@!!type:obligation
@!!id:1271
@!!loc:6096:31:6096:36
@!!status:to be proved
@!!END

@!!BEGIN
@!!type:obligation
@!!id:1272
@!!loc:6096:38:6096:42
@!!status:to be proved
@!!END

@!!BEGIN
@!!type:obligation
@!!id:1273
@!!loc:6096:44:6096:48
@!!status:to be proved
@!!END

@!!BEGIN
@!!type:obligation
@!!id:1274
@!!loc:6096:50:6096:54
@!!status:to be proved
@!!END

@!!BEGIN
@!!type:obligation
@!!id:1275
@!!loc:6096:56:6096:60
@!!status:to be proved
@!!END

@!!BEGIN
@!!type:obligation
@!!id:1276
@!!loc:6096:62:6096:66
@!!status:to be proved
@!!END

@!!BEGIN
@!!type:obligation
@!!id:1277
@!!loc:6096:68:6096:72
@!!status:to be proved
@!!END

@!!BEGIN
@!!type:obligation
@!!id:1278
@!!loc:6096:74:6096:78
@!!status:to be proved
@!!END

@!!BEGIN
@!!type:obligation
@!!id:1279
@!!loc:6096:80:6096:87
@!!status:to be proved
@!!END

@!!BEGIN
@!!type:obligation
@!!id:1280
@!!loc:6058:14:6058:16
@!!status:to be proved
@!!END

@!!BEGIN
@!!type:obligation
@!!id:1281
@!!loc:6059:14:6059:16
@!!status:to be proved
@!!END

@!!BEGIN
@!!type:obligation
@!!id:1282
@!!loc:6059:17:6059:22
@!!status:to be proved
@!!END

@!!BEGIN
@!!type:obligation
@!!id:1283
@!!loc:6059:24:6059:34
@!!status:to be proved
@!!END

@!!BEGIN
@!!type:obligation
@!!id:1284
@!!loc:6060:71:6060:73
@!!status:to be proved
@!!END

@!!BEGIN
@!!type:obligation
@!!id:1285
@!!loc:6062:3:6062:5
@!!status:to be proved
@!!END

@!!BEGIN
@!!type:obligation
@!!id:1286
@!!loc:6063:35:6063:37
@!!status:to be proved
@!!END

@!!BEGIN
@!!type:obligation
@!!id:1287
@!!loc:6063:38:6063:42
@!!status:to be proved
@!!END

@!!BEGIN
@!!type:obligation
@!!id:1288
@!!loc:6064:23:6064:25
@!!status:to be proved
@!!END

@!!BEGIN
@!!type:obligation
@!!id:1289
@!!loc:6064:26:6064:30
@!!status:to be proved
@!!END

@!!BEGIN
@!!type:obligation
@!!id:1290
@!!loc:6069:3:6069:5
@!!status:to be proved
@!!END

@!!BEGIN
@!!type:obligation
@!!id:1291
@!!loc:6069:6:6069:10
@!!status:to be proved
@!!END

@!!BEGIN
@!!type:obligation
@!!id:1292
@!!loc:6069:12:6069:24
@!!status:to be proved
@!!END

@!!BEGIN
@!!type:obligation
@!!id:1293
@!!loc:6070:26:6070:28
@!!status:to be proved
@!!END

@!!BEGIN
@!!type:obligation
@!!id:1294
@!!loc:6071:68:6071:70
@!!status:to be proved
@!!END

@!!BEGIN
@!!type:obligation
@!!id:1295
@!!loc:6072:34:6072:36
@!!status:to be proved
@!!END

@!!BEGIN
@!!type:obligation
@!!id:1296
@!!loc:6073:26:6073:28
@!!status:to be proved
@!!END

@!!BEGIN
@!!type:obligation
@!!id:1297
@!!loc:6073:29:6073:33
@!!status:to be proved
@!!END

@!!BEGIN
@!!type:obligation
@!!id:1298
@!!loc:6073:35:6073:39
@!!status:to be proved
@!!END

@!!BEGIN
@!!type:obligation
@!!id:1299
@!!loc:6073:41:6073:49
@!!status:to be proved
@!!END

@!!BEGIN
@!!type:obligation
@!!id:1300
@!!loc:6081:3:6081:5
@!!status:to be proved
@!!END

@!!BEGIN
@!!type:obligation
@!!id:1301
@!!loc:6089:3:6089:5
@!!status:to be proved
@!!END

@!!BEGIN
@!!type:obligation
@!!id:1302
@!!loc:6090:13:6090:15
@!!status:to be proved
@!!END

@!!BEGIN
@!!type:obligation
@!!id:1303
@!!loc:6090:16:6090:20
@!!status:to be proved
@!!END

@!!BEGIN
@!!type:obligation
@!!id:1304
@!!loc:6090:22:6090:26
@!!status:to be proved
@!!END

@!!BEGIN
@!!type:obligation
@!!id:1305
@!!loc:6091:23:6091:25
@!!status:to be proved
@!!END

@!!BEGIN
@!!type:obligation
@!!id:1306
@!!loc:6091:26:6091:30
@!!status:to be proved
@!!END

@!!BEGIN
@!!type:obligation
@!!id:1307
@!!loc:6091:32:6091:36
@!!status:to be proved
@!!END

@!!BEGIN
@!!type:obligation
@!!id:1308
@!!loc:6091:38:6091:43
@!!status:to be proved
@!!END

@!!BEGIN
@!!type:obligation
@!!id:1309
@!!loc:6091:45:6091:49
@!!status:to be proved
@!!END

@!!BEGIN
@!!type:obligation
@!!id:1310
@!!loc:6091:51:6091:55
@!!status:to be proved
@!!END

@!!BEGIN
@!!type:obligation
@!!id:1311
@!!loc:6091:57:6091:61
@!!status:to be proved
@!!END

@!!BEGIN
@!!type:obligation
@!!id:1312
@!!loc:6092:25:6092:27
@!!status:to be proved
@!!END

@!!BEGIN
@!!type:obligation
@!!id:1313
@!!loc:6092:28:6092:32
@!!status:to be proved
@!!END

@!!BEGIN
@!!type:obligation
@!!id:1314
@!!loc:6092:34:6092:38
@!!status:to be proved
@!!END

@!!BEGIN
@!!type:obligation
@!!id:1315
@!!loc:6092:40:6092:45
@!!status:to be proved
@!!END

@!!BEGIN
@!!type:obligation
@!!id:1316
@!!loc:6092:47:6092:51
@!!status:to be proved
@!!END

@!!BEGIN
@!!type:obligation
@!!id:1317
@!!loc:6093:26:6093:28
@!!status:to be proved
@!!END

@!!BEGIN
@!!type:obligation
@!!id:1318
@!!loc:6093:29:6093:33
@!!status:to be proved
@!!END

@!!BEGIN
@!!type:obligation
@!!id:1319
@!!loc:6093:35:6093:39
@!!status:to be proved
@!!END

@!!BEGIN
@!!type:obligation
@!!id:1320
@!!loc:6093:41:6093:45
@!!status:to be proved
@!!END

@!!BEGIN
@!!type:obligation
@!!id:1321
@!!loc:6093:47:6093:52
@!!status:to be proved
@!!END

@!!BEGIN
@!!type:obligation
@!!id:1322
@!!loc:6093:54:6093:58
@!!status:to be proved
@!!END

@!!BEGIN
@!!type:obligation
@!!id:1323
@!!loc:6094:25:6094:27
@!!status:to be proved
@!!END

@!!BEGIN
@!!type:obligation
@!!id:1324
@!!loc:6094:28:6094:32
@!!status:to be proved
@!!END

@!!BEGIN
@!!type:obligation
@!!id:1325
@!!loc:6094:34:6094:38
@!!status:to be proved
@!!END

@!!BEGIN
@!!type:obligation
@!!id:1326
@!!loc:6094:40:6094:44
@!!status:to be proved
@!!END

@!!BEGIN
@!!type:obligation
@!!id:1327
@!!loc:6094:46:6094:51
@!!status:to be proved
@!!END

@!!BEGIN
@!!type:obligation
@!!id:1328
@!!loc:6094:53:6094:57
@!!status:to be proved
@!!END

@!!BEGIN
@!!type:obligation
@!!id:1329
@!!loc:6095:26:6095:28
@!!status:to be proved
@!!END

@!!BEGIN
@!!type:obligation
@!!id:1330
@!!loc:6095:29:6095:33
@!!status:to be proved
@!!END

@!!BEGIN
@!!type:obligation
@!!id:1331
@!!loc:6095:35:6095:39
@!!status:to be proved
@!!END

@!!BEGIN
@!!type:obligation
@!!id:1332
@!!loc:6095:41:6095:45
@!!status:to be proved
@!!END

@!!BEGIN
@!!type:obligation
@!!id:1333
@!!loc:6095:47:6095:52
@!!status:to be proved
@!!END

@!!BEGIN
@!!type:obligation
@!!id:1334
@!!loc:6095:54:6095:58
@!!status:to be proved
@!!END

@!!BEGIN
@!!type:obligation
@!!id:1335
@!!loc:6155:10:6155:12
@!!status:to be proved
@!!END

@!!BEGIN
@!!type:obligation
@!!id:1336
@!!loc:6155:13:6155:17
@!!status:to be proved
@!!END

@!!BEGIN
@!!type:obligation
@!!id:1337
@!!loc:6155:19:6155:23
@!!status:to be proved
@!!END

@!!BEGIN
@!!type:obligation
@!!id:1338
@!!loc:6155:25:6155:29
@!!status:to be proved
@!!END

@!!BEGIN
@!!type:obligation
@!!id:1339
@!!loc:6155:31:6155:36
@!!status:to be proved
@!!END

@!!BEGIN
@!!type:obligation
@!!id:1340
@!!loc:6155:38:6155:42
@!!status:to be proved
@!!END

@!!BEGIN
@!!type:obligation
@!!id:1341
@!!loc:6155:44:6155:48
@!!status:to be proved
@!!END

@!!BEGIN
@!!type:obligation
@!!id:1342
@!!loc:6155:50:6155:54
@!!status:to be proved
@!!END

@!!BEGIN
@!!type:obligation
@!!id:1343
@!!loc:6155:56:6155:60
@!!status:to be proved
@!!END

@!!BEGIN
@!!type:obligation
@!!id:1344
@!!loc:6155:62:6155:66
@!!status:to be proved
@!!END

@!!BEGIN
@!!type:obligation
@!!id:1345
@!!loc:6155:68:6155:72
@!!status:to be proved
@!!END

@!!BEGIN
@!!type:obligation
@!!id:1346
@!!loc:6155:74:6155:78
@!!status:to be proved
@!!END

@!!BEGIN
@!!type:obligation
@!!id:1347
@!!loc:6155:80:6155:87
@!!status:to be proved
@!!END

@!!BEGIN
@!!type:obligation
@!!id:1348
@!!loc:6101:14:6101:16
@!!status:to be proved
@!!END

@!!BEGIN
@!!type:obligation
@!!id:1349
@!!loc:6102:14:6102:16
@!!status:to be proved
@!!END

@!!BEGIN
@!!type:obligation
@!!id:1350
@!!loc:6102:17:6102:22
@!!status:to be proved
@!!END

@!!BEGIN
@!!type:obligation
@!!id:1351
@!!loc:6102:24:6102:33
@!!status:to be proved
@!!END

@!!BEGIN
@!!type:obligation
@!!id:1352
@!!loc:6103:71:6103:73
@!!status:to be proved
@!!END

@!!BEGIN
@!!type:obligation
@!!id:1353
@!!loc:6105:3:6105:5
@!!status:to be proved
@!!END

@!!BEGIN
@!!type:obligation
@!!id:1354
@!!loc:6106:35:6106:37
@!!status:to be proved
@!!END

@!!BEGIN
@!!type:obligation
@!!id:1355
@!!loc:6106:38:6106:42
@!!status:to be proved
@!!END

@!!BEGIN
@!!type:obligation
@!!id:1356
@!!loc:6107:23:6107:25
@!!status:to be proved
@!!END

@!!BEGIN
@!!type:obligation
@!!id:1357
@!!loc:6107:26:6107:30
@!!status:to be proved
@!!END

@!!BEGIN
@!!type:obligation
@!!id:1358
@!!loc:6112:3:6112:5
@!!status:to be proved
@!!END

@!!BEGIN
@!!type:obligation
@!!id:1359
@!!loc:6112:6:6112:10
@!!status:to be proved
@!!END

@!!BEGIN
@!!type:obligation
@!!id:1360
@!!loc:6112:12:6112:24
@!!status:to be proved
@!!END

@!!BEGIN
@!!type:obligation
@!!id:1361
@!!loc:6113:26:6113:28
@!!status:to be proved
@!!END

@!!BEGIN
@!!type:obligation
@!!id:1362
@!!loc:6114:67:6114:69
@!!status:to be proved
@!!END

@!!BEGIN
@!!type:obligation
@!!id:1363
@!!loc:6115:34:6115:36
@!!status:to be proved
@!!END

@!!BEGIN
@!!type:obligation
@!!id:1364
@!!loc:6116:25:6116:27
@!!status:to be proved
@!!END

@!!BEGIN
@!!type:obligation
@!!id:1365
@!!loc:6116:28:6116:32
@!!status:to be proved
@!!END

@!!BEGIN
@!!type:obligation
@!!id:1366
@!!loc:6116:34:6116:38
@!!status:to be proved
@!!END

@!!BEGIN
@!!type:obligation
@!!id:1367
@!!loc:6116:40:6116:48
@!!status:to be proved
@!!END

@!!BEGIN
@!!type:obligation
@!!id:1368
@!!loc:6126:3:6126:5
@!!status:to be proved
@!!END

@!!BEGIN
@!!type:obligation
@!!id:1369
@!!loc:6131:3:6131:5
@!!status:to be proved
@!!END

@!!BEGIN
@!!type:obligation
@!!id:1370
@!!loc:6132:13:6132:15
@!!status:to be proved
@!!END

@!!BEGIN
@!!type:obligation
@!!id:1371
@!!loc:6132:16:6132:20
@!!status:to be proved
@!!END

@!!BEGIN
@!!type:obligation
@!!id:1372
@!!loc:6132:22:6132:26
@!!status:to be proved
@!!END

@!!BEGIN
@!!type:obligation
@!!id:1373
@!!loc:6133:22:6133:24
@!!status:to be proved
@!!END

@!!BEGIN
@!!type:obligation
@!!id:1374
@!!loc:6133:25:6133:29
@!!status:to be proved
@!!END

@!!BEGIN
@!!type:obligation
@!!id:1375
@!!loc:6133:31:6133:35
@!!status:to be proved
@!!END

@!!BEGIN
@!!type:obligation
@!!id:1376
@!!loc:6133:37:6133:42
@!!status:to be proved
@!!END

@!!BEGIN
@!!type:obligation
@!!id:1377
@!!loc:6133:44:6133:48
@!!status:to be proved
@!!END

@!!BEGIN
@!!type:obligation
@!!id:1378
@!!loc:6133:50:6133:54
@!!status:to be proved
@!!END

@!!BEGIN
@!!type:obligation
@!!id:1379
@!!loc:6133:56:6133:60
@!!status:to be proved
@!!END

@!!BEGIN
@!!type:obligation
@!!id:1380
@!!loc:6151:12:6151:14
@!!status:to be proved
@!!END

@!!BEGIN
@!!type:obligation
@!!id:1381
@!!loc:6151:15:6151:19
@!!status:to be proved
@!!END

@!!BEGIN
@!!type:obligation
@!!id:1382
@!!loc:6151:21:6151:25
@!!status:to be proved
@!!END

@!!BEGIN
@!!type:obligation
@!!id:1383
@!!loc:6135:51:6135:53
@!!status:to be proved
@!!END

@!!BEGIN
@!!type:obligation
@!!id:1384
@!!loc:6135:54:6135:58
@!!status:to be proved
@!!END

@!!BEGIN
@!!type:obligation
@!!id:1385
@!!loc:6135:60:6135:64
@!!status:to be proved
@!!END

@!!BEGIN
@!!type:obligation
@!!id:1386
@!!loc:6147:14:6147:16
@!!status:to be proved
@!!END

@!!BEGIN
@!!type:obligation
@!!id:1387
@!!loc:6147:17:6147:21
@!!status:to be proved
@!!END

@!!BEGIN
@!!type:obligation
@!!id:1388
@!!loc:6147:23:6147:27
@!!status:to be proved
@!!END

@!!BEGIN
@!!type:obligation
@!!id:1389
@!!loc:6147:29:6147:33
@!!status:to be proved
@!!END

@!!BEGIN
@!!type:obligation
@!!id:1390
@!!loc:6147:35:6147:39
@!!status:to be proved
@!!END

@!!BEGIN
@!!type:obligation
@!!id:1391
@!!loc:6147:41:6147:45
@!!status:to be proved
@!!END

@!!BEGIN
@!!type:obligation
@!!id:1392
@!!loc:6139:7:6139:9
@!!status:to be proved
@!!END

@!!BEGIN
@!!type:obligation
@!!id:1393
@!!loc:6139:10:6139:14
@!!status:to be proved
@!!END

@!!BEGIN
@!!type:obligation
@!!id:1394
@!!loc:6141:7:6141:9
@!!status:to be proved
@!!END

@!!BEGIN
@!!type:obligation
@!!id:1395
@!!loc:6141:10:6141:14
@!!status:to be proved
@!!END

@!!BEGIN
@!!type:obligation
@!!id:1396
@!!loc:6141:16:6141:20
@!!status:to be proved
@!!END

@!!BEGIN
@!!type:obligation
@!!id:1397
@!!loc:6141:22:6141:27
@!!status:to be proved
@!!END

@!!BEGIN
@!!type:obligation
@!!id:1398
@!!loc:6141:29:6141:33
@!!status:to be proved
@!!END

@!!BEGIN
@!!type:obligation
@!!id:1399
@!!loc:6143:7:6143:9
@!!status:to be proved
@!!END

@!!BEGIN
@!!type:obligation
@!!id:1400
@!!loc:6143:10:6143:14
@!!status:to be proved
@!!END

@!!BEGIN
@!!type:obligation
@!!id:1401
@!!loc:6143:16:6143:20
@!!status:to be proved
@!!END

@!!BEGIN
@!!type:obligation
@!!id:1402
@!!loc:6143:22:6143:26
@!!status:to be proved
@!!END

@!!BEGIN
@!!type:obligation
@!!id:1403
@!!loc:6143:28:6143:33
@!!status:to be proved
@!!END

@!!BEGIN
@!!type:obligation
@!!id:1404
@!!loc:6143:35:6143:39
@!!status:to be proved
@!!END

@!!BEGIN
@!!type:obligation
@!!id:1405
@!!loc:6144:53:6144:55
@!!status:to be proved
@!!END

@!!BEGIN
@!!type:obligation
@!!id:1406
@!!loc:6144:56:6144:60
@!!status:to be proved
@!!END

@!!BEGIN
@!!type:obligation
@!!id:1407
@!!loc:6144:62:6144:66
@!!status:to be proved
@!!END

@!!BEGIN
@!!type:obligation
@!!id:1408
@!!loc:6144:68:6144:73
@!!status:to be proved
@!!END

@!!BEGIN
@!!type:obligation
@!!id:1409
@!!loc:6145:57:6145:59
@!!status:to be proved
@!!END

@!!BEGIN
@!!type:obligation
@!!id:1410
@!!loc:6145:60:6145:64
@!!status:to be proved
@!!END

@!!BEGIN
@!!type:obligation
@!!id:1411
@!!loc:6145:66:6145:70
@!!status:to be proved
@!!END

@!!BEGIN
@!!type:obligation
@!!id:1412
@!!loc:6145:72:6145:76
@!!status:to be proved
@!!END

@!!BEGIN
@!!type:obligation
@!!id:1413
@!!loc:6146:30:6146:32
@!!status:to be proved
@!!END

@!!BEGIN
@!!type:obligation
@!!id:1414
@!!loc:6146:33:6146:37
@!!status:to be proved
@!!END

@!!BEGIN
@!!type:obligation
@!!id:1415
@!!loc:6146:39:6146:43
@!!status:to be proved
@!!END

@!!BEGIN
@!!type:obligation
@!!id:1416
@!!loc:6146:45:6146:49
@!!status:to be proved
@!!END

@!!BEGIN
@!!type:obligation
@!!id:1417
@!!loc:6146:51:6146:55
@!!status:to be proved
@!!END

@!!BEGIN
@!!type:obligation
@!!id:1418
@!!loc:6146:57:6146:61
@!!status:to be proved
@!!END

@!!BEGIN
@!!type:obligation
@!!id:1419
@!!loc:6146:63:6146:67
@!!status:to be proved
@!!END

@!!BEGIN
@!!type:obligation
@!!id:1420
@!!loc:6150:14:6150:16
@!!status:to be proved
@!!END

@!!BEGIN
@!!type:obligation
@!!id:1421
@!!loc:6150:17:6150:21
@!!status:to be proved
@!!END

@!!BEGIN
@!!type:obligation
@!!id:1422
@!!loc:6150:23:6150:27
@!!status:to be proved
@!!END

@!!BEGIN
@!!type:obligation
@!!id:1423
@!!loc:6150:29:6150:33
@!!status:to be proved
@!!END

@!!BEGIN
@!!type:obligation
@!!id:1424
@!!loc:6150:35:6150:39
@!!status:to be proved
@!!END

@!!BEGIN
@!!type:obligation
@!!id:1425
@!!loc:6149:30:6149:32
@!!status:to be proved
@!!END

@!!BEGIN
@!!type:obligation
@!!id:1426
@!!loc:6149:33:6149:37
@!!status:to be proved
@!!END

@!!BEGIN
@!!type:obligation
@!!id:1427
@!!loc:6149:39:6149:43
@!!status:to be proved
@!!END

@!!BEGIN
@!!type:obligation
@!!id:1428
@!!loc:6149:45:6149:49
@!!status:to be proved
@!!END

@!!BEGIN
@!!type:obligation
@!!id:1429
@!!loc:6152:25:6152:27
@!!status:to be proved
@!!END

@!!BEGIN
@!!type:obligation
@!!id:1430
@!!loc:6152:28:6152:32
@!!status:to be proved
@!!END

@!!BEGIN
@!!type:obligation
@!!id:1431
@!!loc:6152:34:6152:38
@!!status:to be proved
@!!END

@!!BEGIN
@!!type:obligation
@!!id:1432
@!!loc:6152:40:6152:44
@!!status:to be proved
@!!END

@!!BEGIN
@!!type:obligation
@!!id:1433
@!!loc:6152:46:6152:51
@!!status:to be proved
@!!END

@!!BEGIN
@!!type:obligation
@!!id:1434
@!!loc:6152:53:6152:57
@!!status:to be proved
@!!END

@!!BEGIN
@!!type:obligation
@!!id:1435
@!!loc:6153:24:6153:26
@!!status:to be proved
@!!END

@!!BEGIN
@!!type:obligation
@!!id:1436
@!!loc:6153:27:6153:31
@!!status:to be proved
@!!END

@!!BEGIN
@!!type:obligation
@!!id:1437
@!!loc:6153:33:6153:37
@!!status:to be proved
@!!END

@!!BEGIN
@!!type:obligation
@!!id:1438
@!!loc:6153:39:6153:43
@!!status:to be proved
@!!END

@!!BEGIN
@!!type:obligation
@!!id:1439
@!!loc:6153:45:6153:50
@!!status:to be proved
@!!END

@!!BEGIN
@!!type:obligation
@!!id:1440
@!!loc:6153:52:6153:56
@!!status:to be proved
@!!END

@!!BEGIN
@!!type:obligation
@!!id:1441
@!!loc:6154:25:6154:27
@!!status:to be proved
@!!END

@!!BEGIN
@!!type:obligation
@!!id:1442
@!!loc:6154:28:6154:32
@!!status:to be proved
@!!END

@!!BEGIN
@!!type:obligation
@!!id:1443
@!!loc:6154:34:6154:38
@!!status:to be proved
@!!END

@!!BEGIN
@!!type:obligation
@!!id:1444
@!!loc:6154:40:6154:44
@!!status:to be proved
@!!END

@!!BEGIN
@!!type:obligation
@!!id:1445
@!!loc:6154:46:6154:51
@!!status:to be proved
@!!END

@!!BEGIN
@!!type:obligation
@!!id:1446
@!!loc:6154:53:6154:57
@!!status:to be proved
@!!END

@!!BEGIN
@!!type:obligation
@!!id:1447
@!!loc:6195:10:6195:12
@!!status:to be proved
@!!END

@!!BEGIN
@!!type:obligation
@!!id:1448
@!!loc:6195:13:6195:17
@!!status:to be proved
@!!END

@!!BEGIN
@!!type:obligation
@!!id:1449
@!!loc:6195:19:6195:23
@!!status:to be proved
@!!END

@!!BEGIN
@!!type:obligation
@!!id:1450
@!!loc:6195:25:6195:29
@!!status:to be proved
@!!END

@!!BEGIN
@!!type:obligation
@!!id:1451
@!!loc:6195:31:6195:36
@!!status:to be proved
@!!END

@!!BEGIN
@!!type:obligation
@!!id:1452
@!!loc:6195:38:6195:42
@!!status:to be proved
@!!END

@!!BEGIN
@!!type:obligation
@!!id:1453
@!!loc:6195:44:6195:48
@!!status:to be proved
@!!END

@!!BEGIN
@!!type:obligation
@!!id:1454
@!!loc:6195:50:6195:54
@!!status:to be proved
@!!END

@!!BEGIN
@!!type:obligation
@!!id:1455
@!!loc:6195:56:6195:60
@!!status:to be proved
@!!END

@!!BEGIN
@!!type:obligation
@!!id:1456
@!!loc:6195:62:6195:66
@!!status:to be proved
@!!END

@!!BEGIN
@!!type:obligation
@!!id:1457
@!!loc:6195:68:6195:72
@!!status:to be proved
@!!END

@!!BEGIN
@!!type:obligation
@!!id:1458
@!!loc:6195:74:6195:78
@!!status:to be proved
@!!END

@!!BEGIN
@!!type:obligation
@!!id:1459
@!!loc:6195:80:6195:87
@!!status:to be proved
@!!END

@!!BEGIN
@!!type:obligation
@!!id:1460
@!!loc:6163:14:6163:16
@!!status:to be proved
@!!END

@!!BEGIN
@!!type:obligation
@!!id:1461
@!!loc:6164:14:6164:16
@!!status:to be proved
@!!END

@!!BEGIN
@!!type:obligation
@!!id:1462
@!!loc:6164:17:6164:22
@!!status:to be proved
@!!END

@!!BEGIN
@!!type:obligation
@!!id:1463
@!!loc:6164:24:6164:34
@!!status:to be proved
@!!END

@!!BEGIN
@!!type:obligation
@!!id:1464
@!!loc:6165:71:6165:73
@!!status:to be proved
@!!END

@!!BEGIN
@!!type:obligation
@!!id:1465
@!!loc:6167:3:6167:5
@!!status:to be proved
@!!END

@!!BEGIN
@!!type:obligation
@!!id:1466
@!!loc:6168:35:6168:37
@!!status:to be proved
@!!END

@!!BEGIN
@!!type:obligation
@!!id:1467
@!!loc:6168:38:6168:42
@!!status:to be proved
@!!END

@!!BEGIN
@!!type:obligation
@!!id:1468
@!!loc:6169:23:6169:25
@!!status:to be proved
@!!END

@!!BEGIN
@!!type:obligation
@!!id:1469
@!!loc:6169:26:6169:30
@!!status:to be proved
@!!END

@!!BEGIN
@!!type:obligation
@!!id:1470
@!!loc:6174:3:6174:5
@!!status:to be proved
@!!END

@!!BEGIN
@!!type:obligation
@!!id:1471
@!!loc:6174:6:6174:10
@!!status:to be proved
@!!END

@!!BEGIN
@!!type:obligation
@!!id:1472
@!!loc:6174:12:6174:24
@!!status:to be proved
@!!END

@!!BEGIN
@!!type:obligation
@!!id:1473
@!!loc:6175:26:6175:28
@!!status:to be proved
@!!END

@!!BEGIN
@!!type:obligation
@!!id:1474
@!!loc:6176:68:6176:70
@!!status:to be proved
@!!END

@!!BEGIN
@!!type:obligation
@!!id:1475
@!!loc:6177:13:6177:15
@!!status:to be proved
@!!END

@!!BEGIN
@!!type:obligation
@!!id:1476
@!!loc:6178:26:6178:28
@!!status:to be proved
@!!END

@!!BEGIN
@!!type:obligation
@!!id:1477
@!!loc:6178:29:6178:33
@!!status:to be proved
@!!END

@!!BEGIN
@!!type:obligation
@!!id:1478
@!!loc:6178:35:6178:39
@!!status:to be proved
@!!END

@!!BEGIN
@!!type:obligation
@!!id:1479
@!!loc:6178:41:6178:49
@!!status:to be proved
@!!END

@!!BEGIN
@!!type:obligation
@!!id:1480
@!!loc:6186:3:6186:5
@!!status:to be proved
@!!END

@!!BEGIN
@!!type:obligation
@!!id:1481
@!!loc:6188:3:6188:5
@!!status:to be proved
@!!END

@!!BEGIN
@!!type:obligation
@!!id:1482
@!!loc:6189:13:6189:15
@!!status:to be proved
@!!END

@!!BEGIN
@!!type:obligation
@!!id:1483
@!!loc:6189:16:6189:20
@!!status:to be proved
@!!END

@!!BEGIN
@!!type:obligation
@!!id:1484
@!!loc:6189:22:6189:26
@!!status:to be proved
@!!END

@!!BEGIN
@!!type:obligation
@!!id:1485
@!!loc:6190:23:6190:25
@!!status:to be proved
@!!END

@!!BEGIN
@!!type:obligation
@!!id:1486
@!!loc:6190:26:6190:30
@!!status:to be proved
@!!END

@!!BEGIN
@!!type:obligation
@!!id:1487
@!!loc:6190:32:6190:36
@!!status:to be proved
@!!END

@!!BEGIN
@!!type:obligation
@!!id:1488
@!!loc:6190:38:6190:43
@!!status:to be proved
@!!END

@!!BEGIN
@!!type:obligation
@!!id:1489
@!!loc:6190:45:6190:49
@!!status:to be proved
@!!END

@!!BEGIN
@!!type:obligation
@!!id:1490
@!!loc:6190:51:6190:55
@!!status:to be proved
@!!END

@!!BEGIN
@!!type:obligation
@!!id:1491
@!!loc:6190:57:6190:61
@!!status:to be proved
@!!END

@!!BEGIN
@!!type:obligation
@!!id:1492
@!!loc:6191:25:6191:27
@!!status:to be proved
@!!END

@!!BEGIN
@!!type:obligation
@!!id:1493
@!!loc:6191:28:6191:32
@!!status:to be proved
@!!END

@!!BEGIN
@!!type:obligation
@!!id:1494
@!!loc:6191:34:6191:38
@!!status:to be proved
@!!END

@!!BEGIN
@!!type:obligation
@!!id:1495
@!!loc:6191:40:6191:45
@!!status:to be proved
@!!END

@!!BEGIN
@!!type:obligation
@!!id:1496
@!!loc:6191:47:6191:51
@!!status:to be proved
@!!END

@!!BEGIN
@!!type:obligation
@!!id:1497
@!!loc:6192:26:6192:28
@!!status:to be proved
@!!END

@!!BEGIN
@!!type:obligation
@!!id:1498
@!!loc:6192:29:6192:33
@!!status:to be proved
@!!END

@!!BEGIN
@!!type:obligation
@!!id:1499
@!!loc:6192:35:6192:39
@!!status:to be proved
@!!END

@!!BEGIN
@!!type:obligation
@!!id:1500
@!!loc:6192:41:6192:45
@!!status:to be proved
@!!END

@!!BEGIN
@!!type:obligation
@!!id:1501
@!!loc:6192:47:6192:52
@!!status:to be proved
@!!END

@!!BEGIN
@!!type:obligation
@!!id:1502
@!!loc:6192:54:6192:58
@!!status:to be proved
@!!END

@!!BEGIN
@!!type:obligation
@!!id:1503
@!!loc:6193:25:6193:27
@!!status:to be proved
@!!END

@!!BEGIN
@!!type:obligation
@!!id:1504
@!!loc:6193:28:6193:32
@!!status:to be proved
@!!END

@!!BEGIN
@!!type:obligation
@!!id:1505
@!!loc:6193:34:6193:38
@!!status:to be proved
@!!END

@!!BEGIN
@!!type:obligation
@!!id:1506
@!!loc:6193:40:6193:44
@!!status:to be proved
@!!END

@!!BEGIN
@!!type:obligation
@!!id:1507
@!!loc:6193:46:6193:51
@!!status:to be proved
@!!END

@!!BEGIN
@!!type:obligation
@!!id:1508
@!!loc:6193:53:6193:57
@!!status:to be proved
@!!END

@!!BEGIN
@!!type:obligation
@!!id:1509
@!!loc:6194:26:6194:28
@!!status:to be proved
@!!END

@!!BEGIN
@!!type:obligation
@!!id:1510
@!!loc:6194:29:6194:33
@!!status:to be proved
@!!END

@!!BEGIN
@!!type:obligation
@!!id:1511
@!!loc:6194:35:6194:39
@!!status:to be proved
@!!END

@!!BEGIN
@!!type:obligation
@!!id:1512
@!!loc:6194:41:6194:45
@!!status:to be proved
@!!END

@!!BEGIN
@!!type:obligation
@!!id:1513
@!!loc:6194:47:6194:52
@!!status:to be proved
@!!END

@!!BEGIN
@!!type:obligation
@!!id:1514
@!!loc:6194:54:6194:58
@!!status:to be proved
@!!END

@!!BEGIN
@!!type:obligation
@!!id:1515
@!!loc:6252:10:6252:12
@!!status:to be proved
@!!END

@!!BEGIN
@!!type:obligation
@!!id:1516
@!!loc:6252:13:6252:17
@!!status:to be proved
@!!END

@!!BEGIN
@!!type:obligation
@!!id:1517
@!!loc:6252:19:6252:23
@!!status:to be proved
@!!END

@!!BEGIN
@!!type:obligation
@!!id:1518
@!!loc:6252:25:6252:29
@!!status:to be proved
@!!END

@!!BEGIN
@!!type:obligation
@!!id:1519
@!!loc:6252:31:6252:36
@!!status:to be proved
@!!END

@!!BEGIN
@!!type:obligation
@!!id:1520
@!!loc:6252:38:6252:42
@!!status:to be proved
@!!END

@!!BEGIN
@!!type:obligation
@!!id:1521
@!!loc:6252:44:6252:48
@!!status:to be proved
@!!END

@!!BEGIN
@!!type:obligation
@!!id:1522
@!!loc:6252:50:6252:54
@!!status:to be proved
@!!END

@!!BEGIN
@!!type:obligation
@!!id:1523
@!!loc:6252:56:6252:60
@!!status:to be proved
@!!END

@!!BEGIN
@!!type:obligation
@!!id:1524
@!!loc:6252:62:6252:66
@!!status:to be proved
@!!END

@!!BEGIN
@!!type:obligation
@!!id:1525
@!!loc:6252:68:6252:72
@!!status:to be proved
@!!END

@!!BEGIN
@!!type:obligation
@!!id:1526
@!!loc:6252:74:6252:78
@!!status:to be proved
@!!END

@!!BEGIN
@!!type:obligation
@!!id:1527
@!!loc:6252:80:6252:87
@!!status:to be proved
@!!END

@!!BEGIN
@!!type:obligation
@!!id:1528
@!!loc:6200:14:6200:16
@!!status:to be proved
@!!END

@!!BEGIN
@!!type:obligation
@!!id:1529
@!!loc:6201:14:6201:16
@!!status:to be proved
@!!END

@!!BEGIN
@!!type:obligation
@!!id:1530
@!!loc:6201:17:6201:22
@!!status:to be proved
@!!END

@!!BEGIN
@!!type:obligation
@!!id:1531
@!!loc:6201:24:6201:31
@!!status:to be proved
@!!END

@!!BEGIN
@!!type:obligation
@!!id:1532
@!!loc:6202:71:6202:73
@!!status:to be proved
@!!END

@!!BEGIN
@!!type:obligation
@!!id:1533
@!!loc:6204:3:6204:5
@!!status:to be proved
@!!END

@!!BEGIN
@!!type:obligation
@!!id:1534
@!!loc:6205:35:6205:37
@!!status:to be proved
@!!END

@!!BEGIN
@!!type:obligation
@!!id:1535
@!!loc:6205:38:6205:42
@!!status:to be proved
@!!END

@!!BEGIN
@!!type:obligation
@!!id:1536
@!!loc:6206:23:6206:25
@!!status:to be proved
@!!END

@!!BEGIN
@!!type:obligation
@!!id:1537
@!!loc:6206:26:6206:30
@!!status:to be proved
@!!END

@!!BEGIN
@!!type:obligation
@!!id:1538
@!!loc:6211:3:6211:5
@!!status:to be proved
@!!END

@!!BEGIN
@!!type:obligation
@!!id:1539
@!!loc:6211:6:6211:10
@!!status:to be proved
@!!END

@!!BEGIN
@!!type:obligation
@!!id:1540
@!!loc:6211:12:6211:24
@!!status:to be proved
@!!END

@!!BEGIN
@!!type:obligation
@!!id:1541
@!!loc:6212:26:6212:28
@!!status:to be proved
@!!END

@!!BEGIN
@!!type:obligation
@!!id:1542
@!!loc:6213:43:6213:45
@!!status:to be proved
@!!END

@!!BEGIN
@!!type:obligation
@!!id:1543
@!!loc:6213:46:6213:58
@!!status:to be proved
@!!END

@!!BEGIN
@!!type:obligation
@!!id:1544
@!!loc:6214:105:6214:107
@!!status:to be proved
@!!END

@!!BEGIN
@!!type:obligation
@!!id:1546
@!!loc:6215:33:6215:35
@!!status:to be proved
@!!END

@!!BEGIN
@!!type:obligation
@!!id:1547
@!!loc:6216:29:6216:31
@!!status:to be proved
@!!END

@!!BEGIN
@!!type:obligation
@!!id:1548
@!!loc:6216:32:6216:36
@!!status:to be proved
@!!END

@!!BEGIN
@!!type:obligation
@!!id:1549
@!!loc:6216:38:6216:42
@!!status:to be proved
@!!END

@!!BEGIN
@!!type:obligation
@!!id:1550
@!!loc:6216:44:6216:52
@!!status:to be proved
@!!END

@!!BEGIN
@!!type:obligation
@!!id:1551
@!!loc:6225:3:6225:5
@!!status:to be proved
@!!END

@!!BEGIN
@!!type:obligation
@!!id:1552
@!!loc:6233:3:6233:5
@!!status:to be proved
@!!END

@!!BEGIN
@!!type:obligation
@!!id:1553
@!!loc:6234:13:6234:15
@!!status:to be proved
@!!END

@!!BEGIN
@!!type:obligation
@!!id:1554
@!!loc:6234:16:6234:20
@!!status:to be proved
@!!END

@!!BEGIN
@!!type:obligation
@!!id:1555
@!!loc:6234:22:6234:26
@!!status:to be proved
@!!END

@!!BEGIN
@!!type:obligation
@!!id:1556
@!!loc:6235:26:6235:28
@!!status:to be proved
@!!END

@!!BEGIN
@!!type:obligation
@!!id:1557
@!!loc:6235:29:6235:33
@!!status:to be proved
@!!END

@!!BEGIN
@!!type:obligation
@!!id:1558
@!!loc:6235:35:6235:39
@!!status:to be proved
@!!END

@!!BEGIN
@!!type:obligation
@!!id:1559
@!!loc:6235:41:6235:45
@!!status:to be proved
@!!END

@!!BEGIN
@!!type:obligation
@!!id:1560
@!!loc:6235:47:6235:51
@!!status:to be proved
@!!END

@!!BEGIN
@!!type:obligation
@!!id:1561
@!!loc:6235:53:6235:57
@!!status:to be proved
@!!END

@!!BEGIN
@!!type:obligation
@!!id:1562
@!!loc:6248:12:6248:14
@!!status:to be proved
@!!END

@!!BEGIN
@!!type:obligation
@!!id:1563
@!!loc:6248:15:6248:19
@!!status:to be proved
@!!END

@!!BEGIN
@!!type:obligation
@!!id:1564
@!!loc:6248:21:6248:25
@!!status:to be proved
@!!END

@!!BEGIN
@!!type:obligation
@!!id:1565
@!!loc:6238:5:6238:7
@!!status:to be proved
@!!END

@!!BEGIN
@!!type:obligation
@!!id:1566
@!!loc:6238:8:6238:12
@!!status:to be proved
@!!END

@!!BEGIN
@!!type:obligation
@!!id:1567
@!!loc:6238:14:6238:18
@!!status:to be proved
@!!END

@!!BEGIN
@!!type:obligation
@!!id:1568
@!!loc:6238:20:6238:24
@!!status:to be proved
@!!END

@!!BEGIN
@!!type:obligation
@!!id:1569
@!!loc:6238:26:6238:30
@!!status:to be proved
@!!END

@!!BEGIN
@!!type:obligation
@!!id:1570
@!!loc:6238:32:6238:36
@!!status:to be proved
@!!END

@!!BEGIN
@!!type:obligation
@!!id:1571
@!!loc:6247:14:6247:16
@!!status:to be proved
@!!END

@!!BEGIN
@!!type:obligation
@!!id:1572
@!!loc:6247:17:6247:21
@!!status:to be proved
@!!END

@!!BEGIN
@!!type:obligation
@!!id:1573
@!!loc:6247:23:6247:27
@!!status:to be proved
@!!END

@!!BEGIN
@!!type:obligation
@!!id:1574
@!!loc:6247:29:6247:33
@!!status:to be proved
@!!END

@!!BEGIN
@!!type:obligation
@!!id:1575
@!!loc:6247:35:6247:39
@!!status:to be proved
@!!END

@!!BEGIN
@!!type:obligation
@!!id:1576
@!!loc:6247:41:6247:45
@!!status:to be proved
@!!END

@!!BEGIN
@!!type:obligation
@!!id:1577
@!!loc:6247:47:6247:51
@!!status:to be proved
@!!END

@!!BEGIN
@!!type:obligation
@!!id:1578
@!!loc:6247:53:6247:57
@!!status:to be proved
@!!END

@!!BEGIN
@!!type:obligation
@!!id:1579
@!!loc:6242:38:6242:40
@!!status:to be proved
@!!END

@!!BEGIN
@!!type:obligation
@!!id:1580
@!!loc:6242:41:6242:45
@!!status:to be proved
@!!END

@!!BEGIN
@!!type:obligation
@!!id:1581
@!!loc:6242:47:6242:51
@!!status:to be proved
@!!END

@!!BEGIN
@!!type:obligation
@!!id:1582
@!!loc:6242:53:6242:58
@!!status:to be proved
@!!END

@!!BEGIN
@!!type:obligation
@!!id:1583
@!!loc:6243:23:6243:25
@!!status:to be proved
@!!END

@!!BEGIN
@!!type:obligation
@!!id:1584
@!!loc:6243:26:6243:30
@!!status:to be proved
@!!END

@!!BEGIN
@!!type:obligation
@!!id:1585
@!!loc:6243:32:6243:36
@!!status:to be proved
@!!END

@!!BEGIN
@!!type:obligation
@!!id:1586
@!!loc:6244:57:6244:59
@!!status:to be proved
@!!END

@!!BEGIN
@!!type:obligation
@!!id:1587
@!!loc:6244:60:6244:64
@!!status:to be proved
@!!END

@!!BEGIN
@!!type:obligation
@!!id:1588
@!!loc:6244:66:6244:71
@!!status:to be proved
@!!END

@!!BEGIN
@!!type:obligation
@!!id:1589
@!!loc:6245:22:6245:24
@!!status:to be proved
@!!END

@!!BEGIN
@!!type:obligation
@!!id:1590
@!!loc:6245:25:6245:29
@!!status:to be proved
@!!END

@!!BEGIN
@!!type:obligation
@!!id:1591
@!!loc:6245:31:6245:35
@!!status:to be proved
@!!END

@!!BEGIN
@!!type:obligation
@!!id:1592
@!!loc:6245:37:6245:41
@!!status:to be proved
@!!END

@!!BEGIN
@!!type:obligation
@!!id:1593
@!!loc:6246:44:6246:46
@!!status:to be proved
@!!END

@!!BEGIN
@!!type:obligation
@!!id:1594
@!!loc:6246:47:6246:51
@!!status:to be proved
@!!END

@!!BEGIN
@!!type:obligation
@!!id:1595
@!!loc:6246:53:6246:57
@!!status:to be proved
@!!END

@!!BEGIN
@!!type:obligation
@!!id:1596
@!!loc:6246:59:6246:63
@!!status:to be proved
@!!END

@!!BEGIN
@!!type:obligation
@!!id:1597
@!!loc:6246:65:6246:69
@!!status:to be proved
@!!END

@!!BEGIN
@!!type:obligation
@!!id:1598
@!!loc:6246:71:6246:75
@!!status:to be proved
@!!END

@!!BEGIN
@!!type:obligation
@!!id:1599
@!!loc:6246:77:6246:81
@!!status:to be proved
@!!END

@!!BEGIN
@!!type:obligation
@!!id:1600
@!!loc:6249:29:6249:31
@!!status:to be proved
@!!END

@!!BEGIN
@!!type:obligation
@!!id:1601
@!!loc:6249:32:6249:36
@!!status:to be proved
@!!END

@!!BEGIN
@!!type:obligation
@!!id:1602
@!!loc:6249:38:6249:42
@!!status:to be proved
@!!END

@!!BEGIN
@!!type:obligation
@!!id:1603
@!!loc:6249:44:6249:48
@!!status:to be proved
@!!END

@!!BEGIN
@!!type:obligation
@!!id:1604
@!!loc:6249:50:6249:55
@!!status:to be proved
@!!END

@!!BEGIN
@!!type:obligation
@!!id:1605
@!!loc:6249:57:6249:61
@!!status:to be proved
@!!END

@!!BEGIN
@!!type:obligation
@!!id:1606
@!!loc:6250:28:6250:30
@!!status:to be proved
@!!END

@!!BEGIN
@!!type:obligation
@!!id:1607
@!!loc:6250:31:6250:35
@!!status:to be proved
@!!END

@!!BEGIN
@!!type:obligation
@!!id:1608
@!!loc:6250:37:6250:41
@!!status:to be proved
@!!END

@!!BEGIN
@!!type:obligation
@!!id:1609
@!!loc:6250:43:6250:47
@!!status:to be proved
@!!END

@!!BEGIN
@!!type:obligation
@!!id:1610
@!!loc:6250:49:6250:54
@!!status:to be proved
@!!END

@!!BEGIN
@!!type:obligation
@!!id:1611
@!!loc:6250:56:6250:60
@!!status:to be proved
@!!END

@!!BEGIN
@!!type:obligation
@!!id:1612
@!!loc:6251:29:6251:31
@!!status:to be proved
@!!END

@!!BEGIN
@!!type:obligation
@!!id:1613
@!!loc:6251:32:6251:36
@!!status:to be proved
@!!END

@!!BEGIN
@!!type:obligation
@!!id:1614
@!!loc:6251:38:6251:42
@!!status:to be proved
@!!END

@!!BEGIN
@!!type:obligation
@!!id:1615
@!!loc:6251:44:6251:48
@!!status:to be proved
@!!END

@!!BEGIN
@!!type:obligation
@!!id:1616
@!!loc:6251:50:6251:55
@!!status:to be proved
@!!END

@!!BEGIN
@!!type:obligation
@!!id:1617
@!!loc:6251:57:6251:61
@!!status:to be proved
@!!END

@!!BEGIN
@!!type:obligation
@!!id:1618
@!!loc:6298:10:6298:12
@!!status:to be proved
@!!END

@!!BEGIN
@!!type:obligation
@!!id:1619
@!!loc:6298:13:6298:17
@!!status:to be proved
@!!END

@!!BEGIN
@!!type:obligation
@!!id:1620
@!!loc:6298:19:6298:23
@!!status:to be proved
@!!END

@!!BEGIN
@!!type:obligation
@!!id:1621
@!!loc:6298:25:6298:29
@!!status:to be proved
@!!END

@!!BEGIN
@!!type:obligation
@!!id:1622
@!!loc:6298:31:6298:36
@!!status:to be proved
@!!END

@!!BEGIN
@!!type:obligation
@!!id:1623
@!!loc:6298:38:6298:42
@!!status:to be proved
@!!END

@!!BEGIN
@!!type:obligation
@!!id:1624
@!!loc:6298:44:6298:48
@!!status:to be proved
@!!END

@!!BEGIN
@!!type:obligation
@!!id:1625
@!!loc:6298:50:6298:54
@!!status:to be proved
@!!END

@!!BEGIN
@!!type:obligation
@!!id:1626
@!!loc:6298:56:6298:60
@!!status:to be proved
@!!END

@!!BEGIN
@!!type:obligation
@!!id:1627
@!!loc:6298:62:6298:66
@!!status:to be proved
@!!END

@!!BEGIN
@!!type:obligation
@!!id:1628
@!!loc:6298:68:6298:72
@!!status:to be proved
@!!END

@!!BEGIN
@!!type:obligation
@!!id:1629
@!!loc:6298:74:6298:78
@!!status:to be proved
@!!END

@!!BEGIN
@!!type:obligation
@!!id:1630
@!!loc:6298:80:6298:87
@!!status:to be proved
@!!END

@!!BEGIN
@!!type:obligation
@!!id:1631
@!!loc:6260:14:6260:16
@!!status:to be proved
@!!END

@!!BEGIN
@!!type:obligation
@!!id:1632
@!!loc:6261:14:6261:16
@!!status:to be proved
@!!END

@!!BEGIN
@!!type:obligation
@!!id:1633
@!!loc:6261:17:6261:22
@!!status:to be proved
@!!END

@!!BEGIN
@!!type:obligation
@!!id:1634
@!!loc:6261:24:6261:39
@!!status:to be proved
@!!END

@!!BEGIN
@!!type:obligation
@!!id:1635
@!!loc:6262:71:6262:73
@!!status:to be proved
@!!END

@!!BEGIN
@!!type:obligation
@!!id:1636
@!!loc:6264:3:6264:5
@!!status:to be proved
@!!END

@!!BEGIN
@!!type:obligation
@!!id:1637
@!!loc:6265:35:6265:37
@!!status:to be proved
@!!END

@!!BEGIN
@!!type:obligation
@!!id:1638
@!!loc:6265:38:6265:42
@!!status:to be proved
@!!END

@!!BEGIN
@!!type:obligation
@!!id:1639
@!!loc:6266:23:6266:25
@!!status:to be proved
@!!END

@!!BEGIN
@!!type:obligation
@!!id:1640
@!!loc:6266:26:6266:30
@!!status:to be proved
@!!END

@!!BEGIN
@!!type:obligation
@!!id:1641
@!!loc:6271:3:6271:5
@!!status:to be proved
@!!END

@!!BEGIN
@!!type:obligation
@!!id:1642
@!!loc:6271:6:6271:10
@!!status:to be proved
@!!END

@!!BEGIN
@!!type:obligation
@!!id:1643
@!!loc:6271:12:6271:24
@!!status:to be proved
@!!END

@!!BEGIN
@!!type:obligation
@!!id:1644
@!!loc:6272:26:6272:28
@!!status:to be proved
@!!END

@!!BEGIN
@!!type:obligation
@!!id:1645
@!!loc:6273:111:6273:113
@!!status:to be proved
@!!END

@!!BEGIN
@!!type:obligation
@!!id:1647
@!!loc:6274:33:6274:35
@!!status:to be proved
@!!END

@!!BEGIN
@!!type:obligation
@!!id:1648
@!!loc:6275:34:6275:36
@!!status:to be proved
@!!END

@!!BEGIN
@!!type:obligation
@!!id:1649
@!!loc:6275:37:6275:41
@!!status:to be proved
@!!END

@!!BEGIN
@!!type:obligation
@!!id:1650
@!!loc:6275:43:6275:47
@!!status:to be proved
@!!END

@!!BEGIN
@!!type:obligation
@!!id:1651
@!!loc:6275:49:6275:57
@!!status:to be proved
@!!END

@!!BEGIN
@!!type:obligation
@!!id:1652
@!!loc:6283:3:6283:5
@!!status:to be proved
@!!END

@!!BEGIN
@!!type:obligation
@!!id:1653
@!!loc:6291:3:6291:5
@!!status:to be proved
@!!END

@!!BEGIN
@!!type:obligation
@!!id:1654
@!!loc:6292:13:6292:15
@!!status:to be proved
@!!END

@!!BEGIN
@!!type:obligation
@!!id:1655
@!!loc:6292:16:6292:20
@!!status:to be proved
@!!END

@!!BEGIN
@!!type:obligation
@!!id:1656
@!!loc:6292:22:6292:26
@!!status:to be proved
@!!END

@!!BEGIN
@!!type:obligation
@!!id:1657
@!!loc:6293:31:6293:33
@!!status:to be proved
@!!END

@!!BEGIN
@!!type:obligation
@!!id:1658
@!!loc:6293:34:6293:38
@!!status:to be proved
@!!END

@!!BEGIN
@!!type:obligation
@!!id:1659
@!!loc:6293:40:6293:44
@!!status:to be proved
@!!END

@!!BEGIN
@!!type:obligation
@!!id:1660
@!!loc:6293:46:6293:51
@!!status:to be proved
@!!END

@!!BEGIN
@!!type:obligation
@!!id:1661
@!!loc:6293:53:6293:57
@!!status:to be proved
@!!END

@!!BEGIN
@!!type:obligation
@!!id:1662
@!!loc:6293:59:6293:63
@!!status:to be proved
@!!END

@!!BEGIN
@!!type:obligation
@!!id:1663
@!!loc:6293:65:6293:69
@!!status:to be proved
@!!END

@!!BEGIN
@!!type:obligation
@!!id:1664
@!!loc:6294:33:6294:35
@!!status:to be proved
@!!END

@!!BEGIN
@!!type:obligation
@!!id:1665
@!!loc:6294:36:6294:40
@!!status:to be proved
@!!END

@!!BEGIN
@!!type:obligation
@!!id:1666
@!!loc:6294:42:6294:46
@!!status:to be proved
@!!END

@!!BEGIN
@!!type:obligation
@!!id:1667
@!!loc:6294:48:6294:53
@!!status:to be proved
@!!END

@!!BEGIN
@!!type:obligation
@!!id:1668
@!!loc:6294:55:6294:59
@!!status:to be proved
@!!END

@!!BEGIN
@!!type:obligation
@!!id:1669
@!!loc:6295:34:6295:36
@!!status:to be proved
@!!END

@!!BEGIN
@!!type:obligation
@!!id:1670
@!!loc:6295:37:6295:41
@!!status:to be proved
@!!END

@!!BEGIN
@!!type:obligation
@!!id:1671
@!!loc:6295:43:6295:47
@!!status:to be proved
@!!END

@!!BEGIN
@!!type:obligation
@!!id:1672
@!!loc:6295:49:6295:53
@!!status:to be proved
@!!END

@!!BEGIN
@!!type:obligation
@!!id:1673
@!!loc:6295:55:6295:60
@!!status:to be proved
@!!END

@!!BEGIN
@!!type:obligation
@!!id:1674
@!!loc:6295:62:6295:66
@!!status:to be proved
@!!END

@!!BEGIN
@!!type:obligation
@!!id:1675
@!!loc:6296:33:6296:35
@!!status:to be proved
@!!END

@!!BEGIN
@!!type:obligation
@!!id:1676
@!!loc:6296:36:6296:40
@!!status:to be proved
@!!END

@!!BEGIN
@!!type:obligation
@!!id:1677
@!!loc:6296:42:6296:46
@!!status:to be proved
@!!END

@!!BEGIN
@!!type:obligation
@!!id:1678
@!!loc:6296:48:6296:52
@!!status:to be proved
@!!END

@!!BEGIN
@!!type:obligation
@!!id:1679
@!!loc:6296:54:6296:59
@!!status:to be proved
@!!END

@!!BEGIN
@!!type:obligation
@!!id:1680
@!!loc:6296:61:6296:65
@!!status:to be proved
@!!END

@!!BEGIN
@!!type:obligation
@!!id:1681
@!!loc:6297:34:6297:36
@!!status:to be proved
@!!END

@!!BEGIN
@!!type:obligation
@!!id:1682
@!!loc:6297:37:6297:41
@!!status:to be proved
@!!END

@!!BEGIN
@!!type:obligation
@!!id:1683
@!!loc:6297:43:6297:47
@!!status:to be proved
@!!END

@!!BEGIN
@!!type:obligation
@!!id:1684
@!!loc:6297:49:6297:53
@!!status:to be proved
@!!END

@!!BEGIN
@!!type:obligation
@!!id:1685
@!!loc:6297:55:6297:60
@!!status:to be proved
@!!END

@!!BEGIN
@!!type:obligation
@!!id:1686
@!!loc:6297:62:6297:66
@!!status:to be proved
@!!END

@!!BEGIN
@!!type:obligation
@!!id:1687
@!!loc:6340:10:6340:12
@!!status:to be proved
@!!END

@!!BEGIN
@!!type:obligation
@!!id:1688
@!!loc:6340:13:6340:17
@!!status:to be proved
@!!END

@!!BEGIN
@!!type:obligation
@!!id:1689
@!!loc:6340:19:6340:23
@!!status:to be proved
@!!END

@!!BEGIN
@!!type:obligation
@!!id:1690
@!!loc:6340:25:6340:29
@!!status:to be proved
@!!END

@!!BEGIN
@!!type:obligation
@!!id:1691
@!!loc:6340:31:6340:36
@!!status:to be proved
@!!END

@!!BEGIN
@!!type:obligation
@!!id:1692
@!!loc:6340:38:6340:42
@!!status:to be proved
@!!END

@!!BEGIN
@!!type:obligation
@!!id:1693
@!!loc:6340:44:6340:48
@!!status:to be proved
@!!END

@!!BEGIN
@!!type:obligation
@!!id:1694
@!!loc:6340:50:6340:54
@!!status:to be proved
@!!END

@!!BEGIN
@!!type:obligation
@!!id:1695
@!!loc:6340:56:6340:60
@!!status:to be proved
@!!END

@!!BEGIN
@!!type:obligation
@!!id:1696
@!!loc:6340:62:6340:66
@!!status:to be proved
@!!END

@!!BEGIN
@!!type:obligation
@!!id:1697
@!!loc:6340:68:6340:72
@!!status:to be proved
@!!END

@!!BEGIN
@!!type:obligation
@!!id:1698
@!!loc:6340:74:6340:78
@!!status:to be proved
@!!END

@!!BEGIN
@!!type:obligation
@!!id:1699
@!!loc:6340:80:6340:87
@!!status:to be proved
@!!END

@!!BEGIN
@!!type:obligation
@!!id:1700
@!!loc:6303:14:6303:16
@!!status:to be proved
@!!END

@!!BEGIN
@!!type:obligation
@!!id:1701
@!!loc:6304:14:6304:16
@!!status:to be proved
@!!END

@!!BEGIN
@!!type:obligation
@!!id:1702
@!!loc:6304:17:6304:22
@!!status:to be proved
@!!END

@!!BEGIN
@!!type:obligation
@!!id:1703
@!!loc:6304:24:6304:39
@!!status:to be proved
@!!END

@!!BEGIN
@!!type:obligation
@!!id:1704
@!!loc:6305:71:6305:73
@!!status:to be proved
@!!END

@!!BEGIN
@!!type:obligation
@!!id:1705
@!!loc:6307:3:6307:5
@!!status:to be proved
@!!END

@!!BEGIN
@!!type:obligation
@!!id:1706
@!!loc:6308:35:6308:37
@!!status:to be proved
@!!END

@!!BEGIN
@!!type:obligation
@!!id:1707
@!!loc:6308:38:6308:42
@!!status:to be proved
@!!END

@!!BEGIN
@!!type:obligation
@!!id:1708
@!!loc:6309:23:6309:25
@!!status:to be proved
@!!END

@!!BEGIN
@!!type:obligation
@!!id:1709
@!!loc:6309:26:6309:30
@!!status:to be proved
@!!END

@!!BEGIN
@!!type:obligation
@!!id:1710
@!!loc:6314:3:6314:5
@!!status:to be proved
@!!END

@!!BEGIN
@!!type:obligation
@!!id:1711
@!!loc:6314:6:6314:10
@!!status:to be proved
@!!END

@!!BEGIN
@!!type:obligation
@!!id:1712
@!!loc:6314:12:6314:24
@!!status:to be proved
@!!END

@!!BEGIN
@!!type:obligation
@!!id:1713
@!!loc:6315:26:6315:28
@!!status:to be proved
@!!END

@!!BEGIN
@!!type:obligation
@!!id:1714
@!!loc:6316:73:6316:75
@!!status:to be proved
@!!END

@!!BEGIN
@!!type:obligation
@!!id:1715
@!!loc:6317:33:6317:35
@!!status:to be proved
@!!END

@!!BEGIN
@!!type:obligation
@!!id:1716
@!!loc:6318:31:6318:33
@!!status:to be proved
@!!END

@!!BEGIN
@!!type:obligation
@!!id:1717
@!!loc:6318:34:6318:38
@!!status:to be proved
@!!END

@!!BEGIN
@!!type:obligation
@!!id:1718
@!!loc:6318:40:6318:44
@!!status:to be proved
@!!END

@!!BEGIN
@!!type:obligation
@!!id:1719
@!!loc:6318:46:6318:54
@!!status:to be proved
@!!END

@!!BEGIN
@!!type:obligation
@!!id:1720
@!!loc:6326:3:6326:5
@!!status:to be proved
@!!END

@!!BEGIN
@!!type:obligation
@!!id:1721
@!!loc:6333:3:6333:5
@!!status:to be proved
@!!END

@!!BEGIN
@!!type:obligation
@!!id:1722
@!!loc:6334:13:6334:15
@!!status:to be proved
@!!END

@!!BEGIN
@!!type:obligation
@!!id:1723
@!!loc:6334:16:6334:20
@!!status:to be proved
@!!END

@!!BEGIN
@!!type:obligation
@!!id:1724
@!!loc:6334:22:6334:26
@!!status:to be proved
@!!END

@!!BEGIN
@!!type:obligation
@!!id:1725
@!!loc:6335:28:6335:30
@!!status:to be proved
@!!END

@!!BEGIN
@!!type:obligation
@!!id:1726
@!!loc:6335:31:6335:35
@!!status:to be proved
@!!END

@!!BEGIN
@!!type:obligation
@!!id:1727
@!!loc:6335:37:6335:41
@!!status:to be proved
@!!END

@!!BEGIN
@!!type:obligation
@!!id:1728
@!!loc:6335:43:6335:48
@!!status:to be proved
@!!END

@!!BEGIN
@!!type:obligation
@!!id:1729
@!!loc:6335:50:6335:54
@!!status:to be proved
@!!END

@!!BEGIN
@!!type:obligation
@!!id:1730
@!!loc:6335:56:6335:60
@!!status:to be proved
@!!END

@!!BEGIN
@!!type:obligation
@!!id:1731
@!!loc:6335:62:6335:66
@!!status:to be proved
@!!END

@!!BEGIN
@!!type:obligation
@!!id:1732
@!!loc:6336:30:6336:32
@!!status:to be proved
@!!END

@!!BEGIN
@!!type:obligation
@!!id:1733
@!!loc:6336:33:6336:37
@!!status:to be proved
@!!END

@!!BEGIN
@!!type:obligation
@!!id:1734
@!!loc:6336:39:6336:43
@!!status:to be proved
@!!END

@!!BEGIN
@!!type:obligation
@!!id:1735
@!!loc:6336:45:6336:50
@!!status:to be proved
@!!END

@!!BEGIN
@!!type:obligation
@!!id:1736
@!!loc:6336:52:6336:56
@!!status:to be proved
@!!END

@!!BEGIN
@!!type:obligation
@!!id:1737
@!!loc:6337:31:6337:33
@!!status:to be proved
@!!END

@!!BEGIN
@!!type:obligation
@!!id:1738
@!!loc:6337:34:6337:38
@!!status:to be proved
@!!END

@!!BEGIN
@!!type:obligation
@!!id:1739
@!!loc:6337:40:6337:44
@!!status:to be proved
@!!END

@!!BEGIN
@!!type:obligation
@!!id:1740
@!!loc:6337:46:6337:50
@!!status:to be proved
@!!END

@!!BEGIN
@!!type:obligation
@!!id:1741
@!!loc:6337:52:6337:57
@!!status:to be proved
@!!END

@!!BEGIN
@!!type:obligation
@!!id:1742
@!!loc:6337:59:6337:63
@!!status:to be proved
@!!END

@!!BEGIN
@!!type:obligation
@!!id:1743
@!!loc:6338:30:6338:32
@!!status:to be proved
@!!END

@!!BEGIN
@!!type:obligation
@!!id:1744
@!!loc:6338:33:6338:37
@!!status:to be proved
@!!END

@!!BEGIN
@!!type:obligation
@!!id:1745
@!!loc:6338:39:6338:43
@!!status:to be proved
@!!END

@!!BEGIN
@!!type:obligation
@!!id:1746
@!!loc:6338:45:6338:49
@!!status:to be proved
@!!END

@!!BEGIN
@!!type:obligation
@!!id:1747
@!!loc:6338:51:6338:56
@!!status:to be proved
@!!END

@!!BEGIN
@!!type:obligation
@!!id:1748
@!!loc:6338:58:6338:62
@!!status:to be proved
@!!END

@!!BEGIN
@!!type:obligation
@!!id:1749
@!!loc:6339:31:6339:33
@!!status:to be proved
@!!END

@!!BEGIN
@!!type:obligation
@!!id:1750
@!!loc:6339:34:6339:38
@!!status:to be proved
@!!END

@!!BEGIN
@!!type:obligation
@!!id:1751
@!!loc:6339:40:6339:44
@!!status:to be proved
@!!END

@!!BEGIN
@!!type:obligation
@!!id:1752
@!!loc:6339:46:6339:50
@!!status:to be proved
@!!END

@!!BEGIN
@!!type:obligation
@!!id:1753
@!!loc:6339:52:6339:57
@!!status:to be proved
@!!END

@!!BEGIN
@!!type:obligation
@!!id:1754
@!!loc:6339:59:6339:63
@!!status:to be proved
@!!END

@!!BEGIN
@!!type:obligation
@!!id:1755
@!!loc:6383:10:6383:12
@!!status:to be proved
@!!END

@!!BEGIN
@!!type:obligation
@!!id:1756
@!!loc:6383:13:6383:17
@!!status:to be proved
@!!END

@!!BEGIN
@!!type:obligation
@!!id:1757
@!!loc:6383:19:6383:23
@!!status:to be proved
@!!END

@!!BEGIN
@!!type:obligation
@!!id:1758
@!!loc:6383:25:6383:29
@!!status:to be proved
@!!END

@!!BEGIN
@!!type:obligation
@!!id:1759
@!!loc:6383:31:6383:36
@!!status:to be proved
@!!END

@!!BEGIN
@!!type:obligation
@!!id:1760
@!!loc:6383:38:6383:42
@!!status:to be proved
@!!END

@!!BEGIN
@!!type:obligation
@!!id:1761
@!!loc:6383:44:6383:48
@!!status:to be proved
@!!END

@!!BEGIN
@!!type:obligation
@!!id:1762
@!!loc:6383:50:6383:54
@!!status:to be proved
@!!END

@!!BEGIN
@!!type:obligation
@!!id:1763
@!!loc:6383:56:6383:60
@!!status:to be proved
@!!END

@!!BEGIN
@!!type:obligation
@!!id:1764
@!!loc:6383:62:6383:66
@!!status:to be proved
@!!END

@!!BEGIN
@!!type:obligation
@!!id:1765
@!!loc:6383:68:6383:72
@!!status:to be proved
@!!END

@!!BEGIN
@!!type:obligation
@!!id:1766
@!!loc:6383:74:6383:78
@!!status:to be proved
@!!END

@!!BEGIN
@!!type:obligation
@!!id:1767
@!!loc:6383:80:6383:87
@!!status:to be proved
@!!END

@!!BEGIN
@!!type:obligation
@!!id:1768
@!!loc:6345:14:6345:16
@!!status:to be proved
@!!END

@!!BEGIN
@!!type:obligation
@!!id:1769
@!!loc:6346:14:6346:16
@!!status:to be proved
@!!END

@!!BEGIN
@!!type:obligation
@!!id:1770
@!!loc:6346:17:6346:22
@!!status:to be proved
@!!END

@!!BEGIN
@!!type:obligation
@!!id:1771
@!!loc:6346:24:6346:40
@!!status:to be proved
@!!END

@!!BEGIN
@!!type:obligation
@!!id:1772
@!!loc:6347:71:6347:73
@!!status:to be proved
@!!END

@!!BEGIN
@!!type:obligation
@!!id:1773
@!!loc:6349:3:6349:5
@!!status:to be proved
@!!END

@!!BEGIN
@!!type:obligation
@!!id:1774
@!!loc:6350:35:6350:37
@!!status:to be proved
@!!END

@!!BEGIN
@!!type:obligation
@!!id:1775
@!!loc:6350:38:6350:42
@!!status:to be proved
@!!END

@!!BEGIN
@!!type:obligation
@!!id:1776
@!!loc:6351:23:6351:25
@!!status:to be proved
@!!END

@!!BEGIN
@!!type:obligation
@!!id:1777
@!!loc:6351:26:6351:30
@!!status:to be proved
@!!END

@!!BEGIN
@!!type:obligation
@!!id:1778
@!!loc:6356:3:6356:5
@!!status:to be proved
@!!END

@!!BEGIN
@!!type:obligation
@!!id:1779
@!!loc:6356:6:6356:10
@!!status:to be proved
@!!END

@!!BEGIN
@!!type:obligation
@!!id:1780
@!!loc:6356:12:6356:24
@!!status:to be proved
@!!END

@!!BEGIN
@!!type:obligation
@!!id:1781
@!!loc:6357:26:6357:28
@!!status:to be proved
@!!END

@!!BEGIN
@!!type:obligation
@!!id:1782
@!!loc:6360:3:6360:5
@!!status:to be proved
@!!END

@!!BEGIN
@!!type:obligation
@!!id:1784
@!!loc:6361:33:6361:35
@!!status:to be proved
@!!END

@!!BEGIN
@!!type:obligation
@!!id:1785
@!!loc:6362:39:6362:41
@!!status:to be proved
@!!END

@!!BEGIN
@!!type:obligation
@!!id:1786
@!!loc:6362:42:6362:46
@!!status:to be proved
@!!END

@!!BEGIN
@!!type:obligation
@!!id:1787
@!!loc:6362:48:6362:52
@!!status:to be proved
@!!END

@!!BEGIN
@!!type:obligation
@!!id:1788
@!!loc:6362:54:6362:62
@!!status:to be proved
@!!END

@!!BEGIN
@!!type:obligation
@!!id:1789
@!!loc:6369:3:6369:5
@!!status:to be proved
@!!END

@!!BEGIN
@!!type:obligation
@!!id:1790
@!!loc:6376:3:6376:5
@!!status:to be proved
@!!END

@!!BEGIN
@!!type:obligation
@!!id:1791
@!!loc:6377:13:6377:15
@!!status:to be proved
@!!END

@!!BEGIN
@!!type:obligation
@!!id:1792
@!!loc:6377:16:6377:20
@!!status:to be proved
@!!END

@!!BEGIN
@!!type:obligation
@!!id:1793
@!!loc:6377:22:6377:26
@!!status:to be proved
@!!END

@!!BEGIN
@!!type:obligation
@!!id:1794
@!!loc:6378:36:6378:38
@!!status:to be proved
@!!END

@!!BEGIN
@!!type:obligation
@!!id:1795
@!!loc:6378:39:6378:43
@!!status:to be proved
@!!END

@!!BEGIN
@!!type:obligation
@!!id:1796
@!!loc:6378:45:6378:49
@!!status:to be proved
@!!END

@!!BEGIN
@!!type:obligation
@!!id:1797
@!!loc:6378:51:6378:55
@!!status:to be proved
@!!END

@!!BEGIN
@!!type:obligation
@!!id:1798
@!!loc:6378:57:6378:61
@!!status:to be proved
@!!END

@!!BEGIN
@!!type:obligation
@!!id:1799
@!!loc:6378:63:6378:67
@!!status:to be proved
@!!END

@!!BEGIN
@!!type:obligation
@!!id:1800
@!!loc:6379:38:6379:40
@!!status:to be proved
@!!END

@!!BEGIN
@!!type:obligation
@!!id:1801
@!!loc:6379:41:6379:45
@!!status:to be proved
@!!END

@!!BEGIN
@!!type:obligation
@!!id:1802
@!!loc:6379:47:6379:51
@!!status:to be proved
@!!END

@!!BEGIN
@!!type:obligation
@!!id:1803
@!!loc:6379:53:6379:57
@!!status:to be proved
@!!END

@!!BEGIN
@!!type:obligation
@!!id:1804
@!!loc:6380:39:6380:41
@!!status:to be proved
@!!END

@!!BEGIN
@!!type:obligation
@!!id:1805
@!!loc:6380:42:6380:46
@!!status:to be proved
@!!END

@!!BEGIN
@!!type:obligation
@!!id:1806
@!!loc:6380:48:6380:52
@!!status:to be proved
@!!END

@!!BEGIN
@!!type:obligation
@!!id:1807
@!!loc:6380:54:6380:58
@!!status:to be proved
@!!END

@!!BEGIN
@!!type:obligation
@!!id:1808
@!!loc:6380:60:6380:65
@!!status:to be proved
@!!END

@!!BEGIN
@!!type:obligation
@!!id:1809
@!!loc:6380:67:6380:71
@!!status:to be proved
@!!END

@!!BEGIN
@!!type:obligation
@!!id:1810
@!!loc:6381:38:6381:40
@!!status:to be proved
@!!END

@!!BEGIN
@!!type:obligation
@!!id:1811
@!!loc:6381:41:6381:45
@!!status:to be proved
@!!END

@!!BEGIN
@!!type:obligation
@!!id:1812
@!!loc:6381:47:6381:51
@!!status:to be proved
@!!END

@!!BEGIN
@!!type:obligation
@!!id:1813
@!!loc:6381:53:6381:57
@!!status:to be proved
@!!END

@!!BEGIN
@!!type:obligation
@!!id:1814
@!!loc:6381:59:6381:64
@!!status:to be proved
@!!END

@!!BEGIN
@!!type:obligation
@!!id:1815
@!!loc:6381:66:6381:70
@!!status:to be proved
@!!END

@!!BEGIN
@!!type:obligation
@!!id:1816
@!!loc:6382:39:6382:41
@!!status:to be proved
@!!END

@!!BEGIN
@!!type:obligation
@!!id:1817
@!!loc:6382:42:6382:46
@!!status:to be proved
@!!END

@!!BEGIN
@!!type:obligation
@!!id:1818
@!!loc:6382:48:6382:52
@!!status:to be proved
@!!END

@!!BEGIN
@!!type:obligation
@!!id:1819
@!!loc:6382:54:6382:58
@!!status:to be proved
@!!END

@!!BEGIN
@!!type:obligation
@!!id:1820
@!!loc:6382:60:6382:65
@!!status:to be proved
@!!END

@!!BEGIN
@!!type:obligation
@!!id:1821
@!!loc:6382:67:6382:71
@!!status:to be proved
@!!END

@!!BEGIN
@!!type:obligation
@!!id:1822
@!!loc:6429:10:6429:12
@!!status:to be proved
@!!END

@!!BEGIN
@!!type:obligation
@!!id:1823
@!!loc:6429:13:6429:17
@!!status:to be proved
@!!END

@!!BEGIN
@!!type:obligation
@!!id:1824
@!!loc:6429:19:6429:23
@!!status:to be proved
@!!END

@!!BEGIN
@!!type:obligation
@!!id:1825
@!!loc:6429:25:6429:29
@!!status:to be proved
@!!END

@!!BEGIN
@!!type:obligation
@!!id:1826
@!!loc:6429:31:6429:36
@!!status:to be proved
@!!END

@!!BEGIN
@!!type:obligation
@!!id:1827
@!!loc:6429:38:6429:42
@!!status:to be proved
@!!END

@!!BEGIN
@!!type:obligation
@!!id:1828
@!!loc:6429:44:6429:48
@!!status:to be proved
@!!END

@!!BEGIN
@!!type:obligation
@!!id:1829
@!!loc:6429:50:6429:54
@!!status:to be proved
@!!END

@!!BEGIN
@!!type:obligation
@!!id:1830
@!!loc:6429:56:6429:60
@!!status:to be proved
@!!END

@!!BEGIN
@!!type:obligation
@!!id:1831
@!!loc:6429:62:6429:66
@!!status:to be proved
@!!END

@!!BEGIN
@!!type:obligation
@!!id:1832
@!!loc:6429:68:6429:72
@!!status:to be proved
@!!END

@!!BEGIN
@!!type:obligation
@!!id:1833
@!!loc:6429:74:6429:78
@!!status:to be proved
@!!END

@!!BEGIN
@!!type:obligation
@!!id:1834
@!!loc:6429:80:6429:87
@!!status:to be proved
@!!END

@!!BEGIN
@!!type:obligation
@!!id:1835
@!!loc:6391:14:6391:16
@!!status:to be proved
@!!END

@!!BEGIN
@!!type:obligation
@!!id:1836
@!!loc:6392:14:6392:16
@!!status:to be proved
@!!END

@!!BEGIN
@!!type:obligation
@!!id:1837
@!!loc:6392:17:6392:22
@!!status:to be proved
@!!END

@!!BEGIN
@!!type:obligation
@!!id:1838
@!!loc:6392:24:6392:36
@!!status:to be proved
@!!END

@!!BEGIN
@!!type:obligation
@!!id:1839
@!!loc:6393:71:6393:73
@!!status:to be proved
@!!END

@!!BEGIN
@!!type:obligation
@!!id:1840
@!!loc:6395:3:6395:5
@!!status:to be proved
@!!END

@!!BEGIN
@!!type:obligation
@!!id:1841
@!!loc:6396:35:6396:37
@!!status:to be proved
@!!END

@!!BEGIN
@!!type:obligation
@!!id:1842
@!!loc:6396:38:6396:42
@!!status:to be proved
@!!END

@!!BEGIN
@!!type:obligation
@!!id:1843
@!!loc:6397:23:6397:25
@!!status:to be proved
@!!END

@!!BEGIN
@!!type:obligation
@!!id:1844
@!!loc:6397:26:6397:30
@!!status:to be proved
@!!END

@!!BEGIN
@!!type:obligation
@!!id:1845
@!!loc:6402:3:6402:5
@!!status:to be proved
@!!END

@!!BEGIN
@!!type:obligation
@!!id:1846
@!!loc:6402:6:6402:10
@!!status:to be proved
@!!END

@!!BEGIN
@!!type:obligation
@!!id:1847
@!!loc:6402:12:6402:24
@!!status:to be proved
@!!END

@!!BEGIN
@!!type:obligation
@!!id:1848
@!!loc:6403:26:6403:28
@!!status:to be proved
@!!END

@!!BEGIN
@!!type:obligation
@!!id:1849
@!!loc:6404:70:6404:72
@!!status:to be proved
@!!END

@!!BEGIN
@!!type:obligation
@!!id:1850
@!!loc:6405:33:6405:35
@!!status:to be proved
@!!END

@!!BEGIN
@!!type:obligation
@!!id:1851
@!!loc:6406:28:6406:30
@!!status:to be proved
@!!END

@!!BEGIN
@!!type:obligation
@!!id:1852
@!!loc:6406:31:6406:35
@!!status:to be proved
@!!END

@!!BEGIN
@!!type:obligation
@!!id:1853
@!!loc:6406:37:6406:41
@!!status:to be proved
@!!END

@!!BEGIN
@!!type:obligation
@!!id:1854
@!!loc:6406:43:6406:51
@!!status:to be proved
@!!END

@!!BEGIN
@!!type:obligation
@!!id:1855
@!!loc:6414:3:6414:5
@!!status:to be proved
@!!END

@!!BEGIN
@!!type:obligation
@!!id:1856
@!!loc:6422:3:6422:5
@!!status:to be proved
@!!END

@!!BEGIN
@!!type:obligation
@!!id:1857
@!!loc:6423:13:6423:15
@!!status:to be proved
@!!END

@!!BEGIN
@!!type:obligation
@!!id:1858
@!!loc:6423:16:6423:20
@!!status:to be proved
@!!END

@!!BEGIN
@!!type:obligation
@!!id:1859
@!!loc:6423:22:6423:26
@!!status:to be proved
@!!END

@!!BEGIN
@!!type:obligation
@!!id:1860
@!!loc:6424:25:6424:27
@!!status:to be proved
@!!END

@!!BEGIN
@!!type:obligation
@!!id:1861
@!!loc:6424:28:6424:32
@!!status:to be proved
@!!END

@!!BEGIN
@!!type:obligation
@!!id:1862
@!!loc:6424:34:6424:38
@!!status:to be proved
@!!END

@!!BEGIN
@!!type:obligation
@!!id:1863
@!!loc:6424:40:6424:45
@!!status:to be proved
@!!END

@!!BEGIN
@!!type:obligation
@!!id:1864
@!!loc:6424:47:6424:51
@!!status:to be proved
@!!END

@!!BEGIN
@!!type:obligation
@!!id:1865
@!!loc:6424:53:6424:57
@!!status:to be proved
@!!END

@!!BEGIN
@!!type:obligation
@!!id:1866
@!!loc:6424:59:6424:63
@!!status:to be proved
@!!END

@!!BEGIN
@!!type:obligation
@!!id:1867
@!!loc:6425:27:6425:29
@!!status:to be proved
@!!END

@!!BEGIN
@!!type:obligation
@!!id:1868
@!!loc:6425:30:6425:34
@!!status:to be proved
@!!END

@!!BEGIN
@!!type:obligation
@!!id:1869
@!!loc:6425:36:6425:40
@!!status:to be proved
@!!END

@!!BEGIN
@!!type:obligation
@!!id:1870
@!!loc:6425:42:6425:47
@!!status:to be proved
@!!END

@!!BEGIN
@!!type:obligation
@!!id:1871
@!!loc:6425:49:6425:53
@!!status:to be proved
@!!END

@!!BEGIN
@!!type:obligation
@!!id:1872
@!!loc:6426:28:6426:30
@!!status:to be proved
@!!END

@!!BEGIN
@!!type:obligation
@!!id:1873
@!!loc:6426:31:6426:35
@!!status:to be proved
@!!END

@!!BEGIN
@!!type:obligation
@!!id:1874
@!!loc:6426:37:6426:41
@!!status:to be proved
@!!END

@!!BEGIN
@!!type:obligation
@!!id:1875
@!!loc:6426:43:6426:47
@!!status:to be proved
@!!END

@!!BEGIN
@!!type:obligation
@!!id:1876
@!!loc:6426:49:6426:54
@!!status:to be proved
@!!END

@!!BEGIN
@!!type:obligation
@!!id:1877
@!!loc:6426:56:6426:60
@!!status:to be proved
@!!END

@!!BEGIN
@!!type:obligation
@!!id:1878
@!!loc:6427:27:6427:29
@!!status:to be proved
@!!END

@!!BEGIN
@!!type:obligation
@!!id:1879
@!!loc:6427:30:6427:34
@!!status:to be proved
@!!END

@!!BEGIN
@!!type:obligation
@!!id:1880
@!!loc:6427:36:6427:40
@!!status:to be proved
@!!END

@!!BEGIN
@!!type:obligation
@!!id:1881
@!!loc:6427:42:6427:46
@!!status:to be proved
@!!END

@!!BEGIN
@!!type:obligation
@!!id:1882
@!!loc:6427:48:6427:53
@!!status:to be proved
@!!END

@!!BEGIN
@!!type:obligation
@!!id:1883
@!!loc:6427:55:6427:59
@!!status:to be proved
@!!END

@!!BEGIN
@!!type:obligation
@!!id:1884
@!!loc:6428:28:6428:30
@!!status:to be proved
@!!END

@!!BEGIN
@!!type:obligation
@!!id:1885
@!!loc:6428:31:6428:35
@!!status:to be proved
@!!END

@!!BEGIN
@!!type:obligation
@!!id:1886
@!!loc:6428:37:6428:41
@!!status:to be proved
@!!END

@!!BEGIN
@!!type:obligation
@!!id:1887
@!!loc:6428:43:6428:47
@!!status:to be proved
@!!END

@!!BEGIN
@!!type:obligation
@!!id:1888
@!!loc:6428:49:6428:54
@!!status:to be proved
@!!END

@!!BEGIN
@!!type:obligation
@!!id:1889
@!!loc:6428:56:6428:60
@!!status:to be proved
@!!END

@!!BEGIN
@!!type:obligation
@!!id:1890
@!!loc:6486:10:6486:12
@!!status:to be proved
@!!END

@!!BEGIN
@!!type:obligation
@!!id:1891
@!!loc:6486:13:6486:17
@!!status:to be proved
@!!END

@!!BEGIN
@!!type:obligation
@!!id:1892
@!!loc:6486:19:6486:23
@!!status:to be proved
@!!END

@!!BEGIN
@!!type:obligation
@!!id:1893
@!!loc:6486:25:6486:29
@!!status:to be proved
@!!END

@!!BEGIN
@!!type:obligation
@!!id:1894
@!!loc:6486:31:6486:36
@!!status:to be proved
@!!END

@!!BEGIN
@!!type:obligation
@!!id:1895
@!!loc:6486:38:6486:42
@!!status:to be proved
@!!END

@!!BEGIN
@!!type:obligation
@!!id:1896
@!!loc:6486:44:6486:48
@!!status:to be proved
@!!END

@!!BEGIN
@!!type:obligation
@!!id:1897
@!!loc:6486:50:6486:54
@!!status:to be proved
@!!END

@!!BEGIN
@!!type:obligation
@!!id:1898
@!!loc:6486:56:6486:60
@!!status:to be proved
@!!END

@!!BEGIN
@!!type:obligation
@!!id:1899
@!!loc:6486:62:6486:66
@!!status:to be proved
@!!END

@!!BEGIN
@!!type:obligation
@!!id:1900
@!!loc:6486:68:6486:72
@!!status:to be proved
@!!END

@!!BEGIN
@!!type:obligation
@!!id:1901
@!!loc:6486:74:6486:78
@!!status:to be proved
@!!END

@!!BEGIN
@!!type:obligation
@!!id:1902
@!!loc:6486:80:6486:87
@!!status:to be proved
@!!END

@!!BEGIN
@!!type:obligation
@!!id:1903
@!!loc:6434:14:6434:16
@!!status:to be proved
@!!END

@!!BEGIN
@!!type:obligation
@!!id:1904
@!!loc:6435:14:6435:16
@!!status:to be proved
@!!END

@!!BEGIN
@!!type:obligation
@!!id:1905
@!!loc:6435:17:6435:22
@!!status:to be proved
@!!END

@!!BEGIN
@!!type:obligation
@!!id:1906
@!!loc:6435:24:6435:36
@!!status:to be proved
@!!END

@!!BEGIN
@!!type:obligation
@!!id:1907
@!!loc:6436:71:6436:73
@!!status:to be proved
@!!END

@!!BEGIN
@!!type:obligation
@!!id:1908
@!!loc:6438:3:6438:5
@!!status:to be proved
@!!END

@!!BEGIN
@!!type:obligation
@!!id:1909
@!!loc:6439:35:6439:37
@!!status:to be proved
@!!END

@!!BEGIN
@!!type:obligation
@!!id:1910
@!!loc:6439:38:6439:42
@!!status:to be proved
@!!END

@!!BEGIN
@!!type:obligation
@!!id:1911
@!!loc:6440:23:6440:25
@!!status:to be proved
@!!END

@!!BEGIN
@!!type:obligation
@!!id:1912
@!!loc:6440:26:6440:30
@!!status:to be proved
@!!END

@!!BEGIN
@!!type:obligation
@!!id:1913
@!!loc:6445:3:6445:5
@!!status:to be proved
@!!END

@!!BEGIN
@!!type:obligation
@!!id:1914
@!!loc:6445:6:6445:10
@!!status:to be proved
@!!END

@!!BEGIN
@!!type:obligation
@!!id:1915
@!!loc:6445:12:6445:24
@!!status:to be proved
@!!END

@!!BEGIN
@!!type:obligation
@!!id:1916
@!!loc:6446:26:6446:28
@!!status:to be proved
@!!END

@!!BEGIN
@!!type:obligation
@!!id:1917
@!!loc:6447:43:6447:45
@!!status:to be proved
@!!END

@!!BEGIN
@!!type:obligation
@!!id:1918
@!!loc:6447:46:6447:58
@!!status:to be proved
@!!END

@!!BEGIN
@!!type:obligation
@!!id:1919
@!!loc:6448:110:6448:112
@!!status:to be proved
@!!END

@!!BEGIN
@!!type:obligation
@!!id:1921
@!!loc:6449:36:6449:38
@!!status:to be proved
@!!END

@!!BEGIN
@!!type:obligation
@!!id:1922
@!!loc:6450:34:6450:36
@!!status:to be proved
@!!END

@!!BEGIN
@!!type:obligation
@!!id:1923
@!!loc:6450:37:6450:41
@!!status:to be proved
@!!END

@!!BEGIN
@!!type:obligation
@!!id:1924
@!!loc:6450:43:6450:47
@!!status:to be proved
@!!END

@!!BEGIN
@!!type:obligation
@!!id:1925
@!!loc:6450:49:6450:57
@!!status:to be proved
@!!END

@!!BEGIN
@!!type:obligation
@!!id:1926
@!!loc:6459:3:6459:5
@!!status:to be proved
@!!END

@!!BEGIN
@!!type:obligation
@!!id:1927
@!!loc:6467:3:6467:5
@!!status:to be proved
@!!END

@!!BEGIN
@!!type:obligation
@!!id:1928
@!!loc:6468:13:6468:15
@!!status:to be proved
@!!END

@!!BEGIN
@!!type:obligation
@!!id:1929
@!!loc:6468:16:6468:20
@!!status:to be proved
@!!END

@!!BEGIN
@!!type:obligation
@!!id:1930
@!!loc:6468:22:6468:26
@!!status:to be proved
@!!END

@!!BEGIN
@!!type:obligation
@!!id:1931
@!!loc:6469:31:6469:33
@!!status:to be proved
@!!END

@!!BEGIN
@!!type:obligation
@!!id:1932
@!!loc:6469:34:6469:38
@!!status:to be proved
@!!END

@!!BEGIN
@!!type:obligation
@!!id:1933
@!!loc:6469:40:6469:44
@!!status:to be proved
@!!END

@!!BEGIN
@!!type:obligation
@!!id:1934
@!!loc:6469:46:6469:50
@!!status:to be proved
@!!END

@!!BEGIN
@!!type:obligation
@!!id:1935
@!!loc:6469:52:6469:56
@!!status:to be proved
@!!END

@!!BEGIN
@!!type:obligation
@!!id:1936
@!!loc:6469:58:6469:62
@!!status:to be proved
@!!END

@!!BEGIN
@!!type:obligation
@!!id:1937
@!!loc:6482:12:6482:14
@!!status:to be proved
@!!END

@!!BEGIN
@!!type:obligation
@!!id:1938
@!!loc:6482:15:6482:19
@!!status:to be proved
@!!END

@!!BEGIN
@!!type:obligation
@!!id:1939
@!!loc:6482:21:6482:25
@!!status:to be proved
@!!END

@!!BEGIN
@!!type:obligation
@!!id:1940
@!!loc:6472:5:6472:7
@!!status:to be proved
@!!END

@!!BEGIN
@!!type:obligation
@!!id:1941
@!!loc:6472:8:6472:12
@!!status:to be proved
@!!END

@!!BEGIN
@!!type:obligation
@!!id:1942
@!!loc:6472:14:6472:18
@!!status:to be proved
@!!END

@!!BEGIN
@!!type:obligation
@!!id:1943
@!!loc:6472:20:6472:24
@!!status:to be proved
@!!END

@!!BEGIN
@!!type:obligation
@!!id:1944
@!!loc:6472:26:6472:30
@!!status:to be proved
@!!END

@!!BEGIN
@!!type:obligation
@!!id:1945
@!!loc:6472:32:6472:36
@!!status:to be proved
@!!END

@!!BEGIN
@!!type:obligation
@!!id:1946
@!!loc:6481:14:6481:16
@!!status:to be proved
@!!END

@!!BEGIN
@!!type:obligation
@!!id:1947
@!!loc:6481:17:6481:21
@!!status:to be proved
@!!END

@!!BEGIN
@!!type:obligation
@!!id:1948
@!!loc:6481:23:6481:27
@!!status:to be proved
@!!END

@!!BEGIN
@!!type:obligation
@!!id:1949
@!!loc:6481:29:6481:33
@!!status:to be proved
@!!END

@!!BEGIN
@!!type:obligation
@!!id:1950
@!!loc:6481:35:6481:39
@!!status:to be proved
@!!END

@!!BEGIN
@!!type:obligation
@!!id:1951
@!!loc:6481:41:6481:45
@!!status:to be proved
@!!END

@!!BEGIN
@!!type:obligation
@!!id:1952
@!!loc:6481:47:6481:51
@!!status:to be proved
@!!END

@!!BEGIN
@!!type:obligation
@!!id:1953
@!!loc:6481:53:6481:57
@!!status:to be proved
@!!END

@!!BEGIN
@!!type:obligation
@!!id:1954
@!!loc:6476:38:6476:40
@!!status:to be proved
@!!END

@!!BEGIN
@!!type:obligation
@!!id:1955
@!!loc:6476:41:6476:45
@!!status:to be proved
@!!END

@!!BEGIN
@!!type:obligation
@!!id:1956
@!!loc:6476:47:6476:51
@!!status:to be proved
@!!END

@!!BEGIN
@!!type:obligation
@!!id:1957
@!!loc:6476:53:6476:58
@!!status:to be proved
@!!END

@!!BEGIN
@!!type:obligation
@!!id:1958
@!!loc:6477:23:6477:25
@!!status:to be proved
@!!END

@!!BEGIN
@!!type:obligation
@!!id:1959
@!!loc:6477:26:6477:30
@!!status:to be proved
@!!END

@!!BEGIN
@!!type:obligation
@!!id:1960
@!!loc:6477:32:6477:36
@!!status:to be proved
@!!END

@!!BEGIN
@!!type:obligation
@!!id:1961
@!!loc:6478:62:6478:64
@!!status:to be proved
@!!END

@!!BEGIN
@!!type:obligation
@!!id:1962
@!!loc:6478:65:6478:69
@!!status:to be proved
@!!END

@!!BEGIN
@!!type:obligation
@!!id:1963
@!!loc:6478:71:6478:76
@!!status:to be proved
@!!END

@!!BEGIN
@!!type:obligation
@!!id:1964
@!!loc:6479:22:6479:24
@!!status:to be proved
@!!END

@!!BEGIN
@!!type:obligation
@!!id:1965
@!!loc:6479:25:6479:29
@!!status:to be proved
@!!END

@!!BEGIN
@!!type:obligation
@!!id:1966
@!!loc:6479:31:6479:35
@!!status:to be proved
@!!END

@!!BEGIN
@!!type:obligation
@!!id:1967
@!!loc:6479:37:6479:41
@!!status:to be proved
@!!END

@!!BEGIN
@!!type:obligation
@!!id:1968
@!!loc:6480:44:6480:46
@!!status:to be proved
@!!END

@!!BEGIN
@!!type:obligation
@!!id:1969
@!!loc:6480:47:6480:51
@!!status:to be proved
@!!END

@!!BEGIN
@!!type:obligation
@!!id:1970
@!!loc:6480:53:6480:57
@!!status:to be proved
@!!END

@!!BEGIN
@!!type:obligation
@!!id:1971
@!!loc:6480:59:6480:63
@!!status:to be proved
@!!END

@!!BEGIN
@!!type:obligation
@!!id:1972
@!!loc:6480:65:6480:69
@!!status:to be proved
@!!END

@!!BEGIN
@!!type:obligation
@!!id:1973
@!!loc:6480:71:6480:75
@!!status:to be proved
@!!END

@!!BEGIN
@!!type:obligation
@!!id:1974
@!!loc:6480:77:6480:81
@!!status:to be proved
@!!END

@!!BEGIN
@!!type:obligation
@!!id:1975
@!!loc:6483:34:6483:36
@!!status:to be proved
@!!END

@!!BEGIN
@!!type:obligation
@!!id:1976
@!!loc:6483:37:6483:41
@!!status:to be proved
@!!END

@!!BEGIN
@!!type:obligation
@!!id:1977
@!!loc:6483:43:6483:47
@!!status:to be proved
@!!END

@!!BEGIN
@!!type:obligation
@!!id:1978
@!!loc:6483:49:6483:53
@!!status:to be proved
@!!END

@!!BEGIN
@!!type:obligation
@!!id:1979
@!!loc:6483:55:6483:60
@!!status:to be proved
@!!END

@!!BEGIN
@!!type:obligation
@!!id:1980
@!!loc:6483:62:6483:66
@!!status:to be proved
@!!END

@!!BEGIN
@!!type:obligation
@!!id:1981
@!!loc:6484:33:6484:35
@!!status:to be proved
@!!END

@!!BEGIN
@!!type:obligation
@!!id:1982
@!!loc:6484:36:6484:40
@!!status:to be proved
@!!END

@!!BEGIN
@!!type:obligation
@!!id:1983
@!!loc:6484:42:6484:46
@!!status:to be proved
@!!END

@!!BEGIN
@!!type:obligation
@!!id:1984
@!!loc:6484:48:6484:52
@!!status:to be proved
@!!END

@!!BEGIN
@!!type:obligation
@!!id:1985
@!!loc:6484:54:6484:59
@!!status:to be proved
@!!END

@!!BEGIN
@!!type:obligation
@!!id:1986
@!!loc:6484:61:6484:65
@!!status:to be proved
@!!END

@!!BEGIN
@!!type:obligation
@!!id:1987
@!!loc:6485:34:6485:36
@!!status:to be proved
@!!END

@!!BEGIN
@!!type:obligation
@!!id:1988
@!!loc:6485:37:6485:41
@!!status:to be proved
@!!END

@!!BEGIN
@!!type:obligation
@!!id:1989
@!!loc:6485:43:6485:47
@!!status:to be proved
@!!END

@!!BEGIN
@!!type:obligation
@!!id:1990
@!!loc:6485:49:6485:53
@!!status:to be proved
@!!END

@!!BEGIN
@!!type:obligation
@!!id:1991
@!!loc:6485:55:6485:60
@!!status:to be proved
@!!END

@!!BEGIN
@!!type:obligation
@!!id:1992
@!!loc:6485:62:6485:66
@!!status:to be proved
@!!END

@!!BEGIN
@!!type:obligation
@!!id:1993
@!!loc:6534:10:6534:12
@!!status:to be proved
@!!END

@!!BEGIN
@!!type:obligation
@!!id:1994
@!!loc:6534:13:6534:17
@!!status:to be proved
@!!END

@!!BEGIN
@!!type:obligation
@!!id:1995
@!!loc:6534:19:6534:23
@!!status:to be proved
@!!END

@!!BEGIN
@!!type:obligation
@!!id:1996
@!!loc:6492:47:6492:54
@!!status:to be proved
@!!END

@!!BEGIN
@!!type:obligation
@!!id:1997
@!!loc:6527:12:6527:14
@!!status:to be proved
@!!END

@!!BEGIN
@!!type:obligation
@!!id:1998
@!!loc:6527:15:6527:19
@!!status:to be proved
@!!END

@!!BEGIN
@!!type:obligation
@!!id:1999
@!!loc:6527:21:6527:25
@!!status:to be proved
@!!END

@!!BEGIN
@!!type:obligation
@!!id:2000
@!!loc:6527:27:6527:31
@!!status:to be proved
@!!END

@!!BEGIN
@!!type:obligation
@!!id:2001
@!!loc:6494:14:6494:16
@!!status:to be proved
@!!END

@!!BEGIN
@!!type:obligation
@!!id:2002
@!!loc:6494:17:6494:21
@!!status:to be proved
@!!END

@!!BEGIN
@!!type:obligation
@!!id:2003
@!!loc:6501:14:6501:16
@!!status:to be proved
@!!END

@!!BEGIN
@!!type:obligation
@!!id:2004
@!!loc:6501:17:6501:21
@!!status:to be proved
@!!END

@!!BEGIN
@!!type:obligation
@!!id:2005
@!!loc:6501:23:6501:27
@!!status:to be proved
@!!END

@!!BEGIN
@!!type:obligation
@!!id:2006
@!!loc:6501:29:6501:33
@!!status:to be proved
@!!END

@!!BEGIN
@!!type:obligation
@!!id:2007
@!!loc:6501:35:6501:39
@!!status:to be proved
@!!END

@!!BEGIN
@!!type:obligation
@!!id:2008
@!!loc:6501:41:6501:45
@!!status:to be proved
@!!END

@!!BEGIN
@!!type:obligation
@!!id:2009
@!!loc:6501:47:6501:51
@!!status:to be proved
@!!END

@!!BEGIN
@!!type:obligation
@!!id:2010
@!!loc:6496:56:6496:58
@!!status:to be proved
@!!END

@!!BEGIN
@!!type:obligation
@!!id:2011
@!!loc:6496:59:6496:63
@!!status:to be proved
@!!END

@!!BEGIN
@!!type:obligation
@!!id:2012
@!!loc:6496:65:6496:72
@!!status:to be proved
@!!END

@!!BEGIN
@!!type:obligation
@!!id:2013
@!!loc:6497:56:6497:58
@!!status:to be proved
@!!END

@!!BEGIN
@!!type:obligation
@!!id:2014
@!!loc:6497:59:6497:63
@!!status:to be proved
@!!END

@!!BEGIN
@!!type:obligation
@!!id:2015
@!!loc:6497:65:6497:72
@!!status:to be proved
@!!END

@!!BEGIN
@!!type:obligation
@!!id:2016
@!!loc:6498:59:6498:61
@!!status:to be proved
@!!END

@!!BEGIN
@!!type:obligation
@!!id:2017
@!!loc:6498:62:6498:66
@!!status:to be proved
@!!END

@!!BEGIN
@!!type:obligation
@!!id:2018
@!!loc:6498:68:6498:78
@!!status:to be proved
@!!END

@!!BEGIN
@!!type:obligation
@!!id:2019
@!!loc:6499:79:6499:81
@!!status:to be proved
@!!END

@!!BEGIN
@!!type:obligation
@!!id:2020
@!!loc:6499:82:6499:86
@!!status:to be proved
@!!END

@!!BEGIN
@!!type:obligation
@!!id:2021
@!!loc:6499:88:6499:98
@!!status:to be proved
@!!END

@!!BEGIN
@!!type:obligation
@!!id:2022
@!!loc:6500:30:6500:32
@!!status:to be proved
@!!END

@!!BEGIN
@!!type:obligation
@!!id:2023
@!!loc:6500:33:6500:37
@!!status:to be proved
@!!END

@!!BEGIN
@!!type:obligation
@!!id:2024
@!!loc:6500:39:6500:55
@!!status:to be proved
@!!END

@!!BEGIN
@!!type:obligation
@!!id:2025
@!!loc:6524:14:6524:16
@!!status:to be proved
@!!END

@!!BEGIN
@!!type:obligation
@!!id:2026
@!!loc:6524:17:6524:21
@!!status:to be proved
@!!END

@!!BEGIN
@!!type:obligation
@!!id:2027
@!!loc:6524:23:6524:27
@!!status:to be proved
@!!END

@!!BEGIN
@!!type:obligation
@!!id:2028
@!!loc:6524:29:6524:33
@!!status:to be proved
@!!END

@!!BEGIN
@!!type:obligation
@!!id:2029
@!!loc:6524:35:6524:39
@!!status:to be proved
@!!END

@!!BEGIN
@!!type:obligation
@!!id:2030
@!!loc:6524:41:6524:45
@!!status:to be proved
@!!END

@!!BEGIN
@!!type:obligation
@!!id:2031
@!!loc:6524:47:6524:51
@!!status:to be proved
@!!END

@!!BEGIN
@!!type:obligation
@!!id:2032
@!!loc:6524:53:6524:57
@!!status:to be proved
@!!END

@!!BEGIN
@!!type:obligation
@!!id:2033
@!!loc:6524:59:6524:63
@!!status:to be proved
@!!END

@!!BEGIN
@!!type:obligation
@!!id:2034
@!!loc:6524:65:6524:69
@!!status:to be proved
@!!END

@!!BEGIN
@!!type:obligation
@!!id:2035
@!!loc:6524:71:6524:75
@!!status:to be proved
@!!END

@!!BEGIN
@!!type:obligation
@!!id:2036
@!!loc:6524:77:6524:82
@!!status:to be proved
@!!END

@!!BEGIN
@!!type:obligation
@!!id:2037
@!!loc:6525:17:6525:22
@!!status:to be proved
@!!END

@!!BEGIN
@!!type:obligation
@!!id:2038
@!!loc:6525:24:6525:29
@!!status:to be proved
@!!END

@!!BEGIN
@!!type:obligation
@!!id:2039
@!!loc:6525:31:6525:36
@!!status:to be proved
@!!END

@!!BEGIN
@!!type:obligation
@!!id:2040
@!!loc:6525:38:6525:43
@!!status:to be proved
@!!END

@!!BEGIN
@!!type:obligation
@!!id:2041
@!!loc:6525:45:6525:50
@!!status:to be proved
@!!END

@!!BEGIN
@!!type:obligation
@!!id:2042
@!!loc:6525:52:6525:57
@!!status:to be proved
@!!END

@!!BEGIN
@!!type:obligation
@!!id:2043
@!!loc:6525:59:6525:64
@!!status:to be proved
@!!END

@!!BEGIN
@!!type:obligation
@!!id:2044
@!!loc:6525:66:6525:71
@!!status:to be proved
@!!END

@!!BEGIN
@!!type:obligation
@!!id:2045
@!!loc:6525:73:6525:78
@!!status:to be proved
@!!END

@!!BEGIN
@!!type:obligation
@!!id:2046
@!!loc:6525:80:6525:85
@!!status:to be proved
@!!END

@!!BEGIN
@!!type:obligation
@!!id:2047
@!!loc:6525:87:6525:92
@!!status:to be proved
@!!END

@!!BEGIN
@!!type:obligation
@!!id:2048
@!!loc:6503:62:6503:64
@!!status:to be proved
@!!END

@!!BEGIN
@!!type:obligation
@!!id:2049
@!!loc:6503:65:6503:69
@!!status:to be proved
@!!END

@!!BEGIN
@!!type:obligation
@!!id:2050
@!!loc:6503:71:6503:82
@!!status:to be proved
@!!END

@!!BEGIN
@!!type:obligation
@!!id:2051
@!!loc:6504:61:6504:63
@!!status:to be proved
@!!END

@!!BEGIN
@!!type:obligation
@!!id:2052
@!!loc:6504:64:6504:68
@!!status:to be proved
@!!END

@!!BEGIN
@!!type:obligation
@!!id:2053
@!!loc:6504:70:6504:80
@!!status:to be proved
@!!END

@!!BEGIN
@!!type:obligation
@!!id:2054
@!!loc:6505:58:6505:60
@!!status:to be proved
@!!END

@!!BEGIN
@!!type:obligation
@!!id:2055
@!!loc:6505:61:6505:65
@!!status:to be proved
@!!END

@!!BEGIN
@!!type:obligation
@!!id:2056
@!!loc:6505:67:6505:74
@!!status:to be proved
@!!END

@!!BEGIN
@!!type:obligation
@!!id:2057
@!!loc:6506:58:6506:60
@!!status:to be proved
@!!END

@!!BEGIN
@!!type:obligation
@!!id:2058
@!!loc:6506:61:6506:65
@!!status:to be proved
@!!END

@!!BEGIN
@!!type:obligation
@!!id:2059
@!!loc:6506:67:6506:74
@!!status:to be proved
@!!END

@!!BEGIN
@!!type:obligation
@!!id:2060
@!!loc:6507:62:6507:64
@!!status:to be proved
@!!END

@!!BEGIN
@!!type:obligation
@!!id:2061
@!!loc:6507:65:6507:69
@!!status:to be proved
@!!END

@!!BEGIN
@!!type:obligation
@!!id:2062
@!!loc:6507:71:6507:82
@!!status:to be proved
@!!END

@!!BEGIN
@!!type:obligation
@!!id:2063
@!!loc:6508:59:6508:61
@!!status:to be proved
@!!END

@!!BEGIN
@!!type:obligation
@!!id:2064
@!!loc:6508:62:6508:66
@!!status:to be proved
@!!END

@!!BEGIN
@!!type:obligation
@!!id:2065
@!!loc:6508:68:6508:76
@!!status:to be proved
@!!END

@!!BEGIN
@!!type:obligation
@!!id:2066
@!!loc:6509:60:6509:62
@!!status:to be proved
@!!END

@!!BEGIN
@!!type:obligation
@!!id:2067
@!!loc:6509:63:6509:67
@!!status:to be proved
@!!END

@!!BEGIN
@!!type:obligation
@!!id:2068
@!!loc:6509:69:6509:78
@!!status:to be proved
@!!END

@!!BEGIN
@!!type:obligation
@!!id:2069
@!!loc:6510:61:6510:63
@!!status:to be proved
@!!END

@!!BEGIN
@!!type:obligation
@!!id:2070
@!!loc:6510:64:6510:68
@!!status:to be proved
@!!END

@!!BEGIN
@!!type:obligation
@!!id:2071
@!!loc:6510:70:6510:80
@!!status:to be proved
@!!END

@!!BEGIN
@!!type:obligation
@!!id:2072
@!!loc:6511:61:6511:63
@!!status:to be proved
@!!END

@!!BEGIN
@!!type:obligation
@!!id:2073
@!!loc:6511:64:6511:68
@!!status:to be proved
@!!END

@!!BEGIN
@!!type:obligation
@!!id:2074
@!!loc:6511:70:6511:80
@!!status:to be proved
@!!END

@!!BEGIN
@!!type:obligation
@!!id:2075
@!!loc:6512:61:6512:63
@!!status:to be proved
@!!END

@!!BEGIN
@!!type:obligation
@!!id:2076
@!!loc:6512:64:6512:69
@!!status:to be proved
@!!END

@!!BEGIN
@!!type:obligation
@!!id:2077
@!!loc:6512:71:6512:80
@!!status:to be proved
@!!END

@!!BEGIN
@!!type:obligation
@!!id:2078
@!!loc:6513:62:6513:64
@!!status:to be proved
@!!END

@!!BEGIN
@!!type:obligation
@!!id:2079
@!!loc:6513:65:6513:70
@!!status:to be proved
@!!END

@!!BEGIN
@!!type:obligation
@!!id:2080
@!!loc:6513:72:6513:82
@!!status:to be proved
@!!END

@!!BEGIN
@!!type:obligation
@!!id:2081
@!!loc:6514:59:6514:61
@!!status:to be proved
@!!END

@!!BEGIN
@!!type:obligation
@!!id:2082
@!!loc:6514:62:6514:67
@!!status:to be proved
@!!END

@!!BEGIN
@!!type:obligation
@!!id:2083
@!!loc:6514:69:6514:76
@!!status:to be proved
@!!END

@!!BEGIN
@!!type:obligation
@!!id:2084
@!!loc:6515:67:6515:69
@!!status:to be proved
@!!END

@!!BEGIN
@!!type:obligation
@!!id:2085
@!!loc:6515:70:6515:75
@!!status:to be proved
@!!END

@!!BEGIN
@!!type:obligation
@!!id:2086
@!!loc:6515:77:6515:92
@!!status:to be proved
@!!END

@!!BEGIN
@!!type:obligation
@!!id:2087
@!!loc:6516:67:6516:69
@!!status:to be proved
@!!END

@!!BEGIN
@!!type:obligation
@!!id:2088
@!!loc:6516:70:6516:75
@!!status:to be proved
@!!END

@!!BEGIN
@!!type:obligation
@!!id:2089
@!!loc:6516:77:6516:92
@!!status:to be proved
@!!END

@!!BEGIN
@!!type:obligation
@!!id:2090
@!!loc:6517:68:6517:70
@!!status:to be proved
@!!END

@!!BEGIN
@!!type:obligation
@!!id:2091
@!!loc:6517:71:6517:76
@!!status:to be proved
@!!END

@!!BEGIN
@!!type:obligation
@!!id:2092
@!!loc:6517:78:6517:94
@!!status:to be proved
@!!END

@!!BEGIN
@!!type:obligation
@!!id:2093
@!!loc:6518:64:6518:66
@!!status:to be proved
@!!END

@!!BEGIN
@!!type:obligation
@!!id:2094
@!!loc:6518:67:6518:72
@!!status:to be proved
@!!END

@!!BEGIN
@!!type:obligation
@!!id:2095
@!!loc:6518:74:6518:86
@!!status:to be proved
@!!END

@!!BEGIN
@!!type:obligation
@!!id:2096
@!!loc:6519:64:6519:66
@!!status:to be proved
@!!END

@!!BEGIN
@!!type:obligation
@!!id:2097
@!!loc:6519:67:6519:72
@!!status:to be proved
@!!END

@!!BEGIN
@!!type:obligation
@!!id:2098
@!!loc:6519:74:6519:86
@!!status:to be proved
@!!END

@!!BEGIN
@!!type:obligation
@!!id:2099
@!!loc:6520:79:6520:81
@!!status:to be proved
@!!END

@!!BEGIN
@!!type:obligation
@!!id:2100
@!!loc:6520:82:6520:87
@!!status:to be proved
@!!END

@!!BEGIN
@!!type:obligation
@!!id:2101
@!!loc:6520:89:6520:96
@!!status:to be proved
@!!END

@!!BEGIN
@!!type:obligation
@!!id:2102
@!!loc:6521:81:6521:83
@!!status:to be proved
@!!END

@!!BEGIN
@!!type:obligation
@!!id:2103
@!!loc:6521:84:6521:89
@!!status:to be proved
@!!END

@!!BEGIN
@!!type:obligation
@!!id:2104
@!!loc:6521:91:6521:100
@!!status:to be proved
@!!END

@!!BEGIN
@!!type:obligation
@!!id:2105
@!!loc:6522:81:6522:83
@!!status:to be proved
@!!END

@!!BEGIN
@!!type:obligation
@!!id:2106
@!!loc:6522:84:6522:89
@!!status:to be proved
@!!END

@!!BEGIN
@!!type:obligation
@!!id:2107
@!!loc:6522:91:6522:100
@!!status:to be proved
@!!END

@!!BEGIN
@!!type:obligation
@!!id:2108
@!!loc:6523:82:6523:84
@!!status:to be proved
@!!END

@!!BEGIN
@!!type:obligation
@!!id:2109
@!!loc:6523:85:6523:90
@!!status:to be proved
@!!END

@!!BEGIN
@!!type:obligation
@!!id:2110
@!!loc:6523:92:6523:100
@!!status:to be proved
@!!END

@!!BEGIN
@!!type:obligation
@!!id:2111
@!!loc:6533:12:6533:14
@!!status:to be proved
@!!END

@!!BEGIN
@!!type:obligation
@!!id:2112
@!!loc:6533:15:6533:19
@!!status:to be proved
@!!END

@!!BEGIN
@!!type:obligation
@!!id:2113
@!!loc:6533:21:6533:25
@!!status:to be proved
@!!END

@!!BEGIN
@!!type:obligation
@!!id:2114
@!!loc:6533:27:6533:31
@!!status:to be proved
@!!END

@!!BEGIN
@!!type:obligation
@!!id:2115
@!!loc:6533:33:6533:37
@!!status:to be proved
@!!END

@!!BEGIN
@!!type:obligation
@!!id:2116
@!!loc:6529:22:6529:24
@!!status:to be proved
@!!END

@!!BEGIN
@!!type:obligation
@!!id:2117
@!!loc:6529:25:6529:29
@!!status:to be proved
@!!END

@!!BEGIN
@!!type:obligation
@!!id:2118
@!!loc:6530:18:6530:20
@!!status:to be proved
@!!END

@!!BEGIN
@!!type:obligation
@!!id:2119
@!!loc:6530:21:6530:25
@!!status:to be proved
@!!END

@!!BEGIN
@!!type:obligation
@!!id:2120
@!!loc:6530:27:6530:33
@!!status:to be proved
@!!END

@!!BEGIN
@!!type:obligation
@!!id:2121
@!!loc:6531:20:6531:22
@!!status:to be proved
@!!END

@!!BEGIN
@!!type:obligation
@!!id:2122
@!!loc:6531:23:6531:27
@!!status:to be proved
@!!END

@!!BEGIN
@!!type:obligation
@!!id:2123
@!!loc:6531:29:6531:37
@!!status:to be proved
@!!END

@!!BEGIN
@!!type:obligation
@!!id:2124
@!!loc:6532:78:6532:80
@!!status:to be proved
@!!END

@!!BEGIN
@!!type:obligation
@!!id:2125
@!!loc:6532:81:6532:85
@!!status:to be proved
@!!END

@!!BEGIN
@!!type:obligation
@!!id:2126
@!!loc:6532:87:6532:94
@!!status:to be proved
@!!END

@!!BEGIN
@!!type:obligation
@!!id:2127
@!!loc:6548:10:6548:12
@!!status:to be proved
@!!END

@!!BEGIN
@!!type:obligation
@!!id:2128
@!!loc:6548:13:6548:17
@!!status:to be proved
@!!END

@!!BEGIN
@!!type:obligation
@!!id:2129
@!!loc:6548:19:6548:23
@!!status:to be proved
@!!END

@!!BEGIN
@!!type:obligation
@!!id:2130
@!!loc:6548:25:6548:28
@!!status:to be proved
@!!END

@!!BEGIN
@!!type:obligation
@!!id:2131
@!!loc:6537:21:6537:23
@!!status:to be proved
@!!END

@!!BEGIN
@!!type:obligation
@!!id:2132
@!!loc:6537:24:6537:31
@!!status:to be proved
@!!END

@!!BEGIN
@!!type:obligation
@!!id:2133
@!!loc:6547:12:6547:14
@!!status:to be proved
@!!END

@!!BEGIN
@!!type:obligation
@!!id:2134
@!!loc:6547:15:6547:19
@!!status:to be proved
@!!END

@!!BEGIN
@!!type:obligation
@!!id:2135
@!!loc:6547:21:6547:25
@!!status:to be proved
@!!END

@!!BEGIN
@!!type:obligation
@!!id:2136
@!!loc:6539:33:6539:35
@!!status:to be proved
@!!END

@!!BEGIN
@!!type:obligation
@!!id:2137
@!!loc:6539:36:6539:43
@!!status:to be proved
@!!END

@!!BEGIN
@!!type:obligation
@!!id:2138
@!!loc:6546:14:6546:16
@!!status:to be proved
@!!END

@!!BEGIN
@!!type:obligation
@!!id:2139
@!!loc:6546:17:6546:21
@!!status:to be proved
@!!END

@!!BEGIN
@!!type:obligation
@!!id:2140
@!!loc:6546:23:6546:27
@!!status:to be proved
@!!END

@!!BEGIN
@!!type:obligation
@!!id:2141
@!!loc:6546:29:6546:33
@!!status:to be proved
@!!END

@!!BEGIN
@!!type:obligation
@!!id:2142
@!!loc:6546:35:6546:39
@!!status:to be proved
@!!END

@!!BEGIN
@!!type:obligation
@!!id:2143
@!!loc:6542:7:6542:9
@!!status:to be proved
@!!END

@!!BEGIN
@!!type:obligation
@!!id:2144
@!!loc:6543:42:6543:44
@!!status:to be proved
@!!END

@!!BEGIN
@!!type:obligation
@!!id:2145
@!!loc:6543:45:6543:51
@!!status:to be proved
@!!END

@!!BEGIN
@!!type:obligation
@!!id:2146
@!!loc:6544:42:6544:44
@!!status:to be proved
@!!END

@!!BEGIN
@!!type:obligation
@!!id:2147
@!!loc:6544:45:6544:51
@!!status:to be proved
@!!END

@!!BEGIN
@!!type:obligation
@!!id:2148
@!!loc:6545:42:6545:44
@!!status:to be proved
@!!END

@!!BEGIN
@!!type:obligation
@!!id:2149
@!!loc:6545:45:6545:51
@!!status:to be proved
@!!END

@!!BEGIN
@!!type:obligation
@!!id:2150
@!!loc:6562:10:6562:12
@!!status:to be proved
@!!END

@!!BEGIN
@!!type:obligation
@!!id:2151
@!!loc:6562:13:6562:17
@!!status:to be proved
@!!END

@!!BEGIN
@!!type:obligation
@!!id:2152
@!!loc:6562:19:6562:23
@!!status:to be proved
@!!END

@!!BEGIN
@!!type:obligation
@!!id:2153
@!!loc:6562:25:6562:29
@!!status:to be proved
@!!END

@!!BEGIN
@!!type:obligation
@!!id:2154
@!!loc:6557:3:6557:5
@!!status:to be proved
@!!END

@!!BEGIN
@!!type:obligation
@!!id:2155
@!!loc:6558:44:6558:46
@!!status:to be proved
@!!END

@!!BEGIN
@!!type:obligation
@!!id:2156
@!!loc:6558:47:6558:59
@!!status:to be proved
@!!END

@!!BEGIN
@!!type:obligation
@!!id:2157
@!!loc:6559:86:6559:88
@!!status:to be proved
@!!END

@!!BEGIN
@!!type:obligation
@!!id:2158
@!!loc:6559:89:6559:93
@!!status:to be proved
@!!END

@!!BEGIN
@!!type:obligation
@!!id:2159
@!!loc:6560:83:6560:85
@!!status:to be proved
@!!END

@!!BEGIN
@!!type:obligation
@!!id:2160
@!!loc:6560:86:6560:90
@!!status:to be proved
@!!END

@!!BEGIN
@!!type:obligation
@!!id:2161
@!!loc:6561:26:6561:28
@!!status:to be proved
@!!END

@!!BEGIN
@!!type:obligation
@!!id:2162
@!!loc:6561:29:6561:33
@!!status:to be proved
@!!END

@!!BEGIN
@!!type:obligation
@!!id:2163
@!!loc:6561:35:6561:39
@!!status:to be proved
@!!END

@!!BEGIN
@!!type:obligation
@!!id:2164
@!!loc:6580:10:6580:12
@!!status:to be proved
@!!END

@!!BEGIN
@!!type:obligation
@!!id:2165
@!!loc:6580:13:6580:17
@!!status:to be proved
@!!END

@!!BEGIN
@!!type:obligation
@!!id:2166
@!!loc:6580:19:6580:23
@!!status:to be proved
@!!END

@!!BEGIN
@!!type:obligation
@!!id:2167
@!!loc:6580:25:6580:29
@!!status:to be proved
@!!END

@!!BEGIN
@!!type:obligation
@!!id:2168
@!!loc:6570:3:6570:5
@!!status:to be proved
@!!END

@!!BEGIN
@!!type:obligation
@!!id:2169
@!!loc:6571:21:6571:23
@!!status:to be proved
@!!END

@!!BEGIN
@!!type:obligation
@!!id:2170
@!!loc:6571:24:6571:38
@!!status:to be proved
@!!END

@!!BEGIN
@!!type:obligation
@!!id:2171
@!!loc:6572:48:6572:50
@!!status:to be proved
@!!END

@!!BEGIN
@!!type:obligation
@!!id:2172
@!!loc:6572:51:6572:63
@!!status:to be proved
@!!END

@!!BEGIN
@!!type:obligation
@!!id:2173
@!!loc:6573:38:6573:40
@!!status:to be proved
@!!END

@!!BEGIN
@!!type:obligation
@!!id:2174
@!!loc:6573:41:6573:45
@!!status:to be proved
@!!END

@!!BEGIN
@!!type:obligation
@!!id:2175
@!!loc:6574:49:6574:51
@!!status:to be proved
@!!END

@!!BEGIN
@!!type:obligation
@!!id:2176
@!!loc:6574:52:6574:56
@!!status:to be proved
@!!END

@!!BEGIN
@!!type:obligation
@!!id:2177
@!!loc:6574:58:6574:70
@!!status:to be proved
@!!END

@!!BEGIN
@!!type:obligation
@!!id:2178
@!!loc:6576:3:6576:5
@!!status:to be proved
@!!END

@!!BEGIN
@!!type:obligation
@!!id:2179
@!!loc:6576:6:6576:10
@!!status:to be proved
@!!END

@!!BEGIN
@!!type:obligation
@!!id:2180
@!!loc:6577:26:6577:28
@!!status:to be proved
@!!END

@!!BEGIN
@!!type:obligation
@!!id:2181
@!!loc:6577:29:6577:33
@!!status:to be proved
@!!END

@!!BEGIN
@!!type:obligation
@!!id:2182
@!!loc:6577:35:6577:39
@!!status:to be proved
@!!END

@!!BEGIN
@!!type:obligation
@!!id:2183
@!!loc:6577:41:6577:45
@!!status:to be proved
@!!END

@!!BEGIN
@!!type:obligation
@!!id:2184
@!!loc:6577:47:6577:51
@!!status:to be proved
@!!END

@!!BEGIN
@!!type:obligation
@!!id:2185
@!!loc:6578:83:6578:85
@!!status:to be proved
@!!END

@!!BEGIN
@!!type:obligation
@!!id:2186
@!!loc:6578:86:6578:90
@!!status:to be proved
@!!END

@!!BEGIN
@!!type:obligation
@!!id:2187
@!!loc:6579:26:6579:28
@!!status:to be proved
@!!END

@!!BEGIN
@!!type:obligation
@!!id:2188
@!!loc:6579:29:6579:33
@!!status:to be proved
@!!END

@!!BEGIN
@!!type:obligation
@!!id:2189
@!!loc:6579:35:6579:39
@!!status:to be proved
@!!END

@!!BEGIN
@!!type:obligation
@!!id:2190
@!!loc:6579:41:6579:45
@!!status:to be proved
@!!END

@!!BEGIN
@!!type:obligation
@!!id:2191
@!!loc:6583:1:6583:3
@!!status:to be proved
@!!END

@!!BEGIN
@!!type:obligation
@!!id:2192
@!!loc:6583:4:6583:15
@!!status:to be proved
@!!END

@!!BEGIN
@!!type:obligation
@!!id:2193
@!!loc:6583:17:6583:35
@!!status:to be proved
@!!END

@!!BEGIN
@!!type:obligation
@!!id:2194
@!!loc:6583:37:6583:40
@!!status:to be proved
@!!END

@!!BEGIN
@!!type:obligation
@!!id:2195
@!!loc:6586:1:6586:3
@!!status:to be proved
@!!END

@!!BEGIN
@!!type:obligation
@!!id:2196
@!!loc:6586:4:6586:15
@!!status:to be proved
@!!END

@!!BEGIN
@!!type:obligation
@!!id:2197
@!!loc:6586:17:6586:33
@!!status:to be proved
@!!END

@!!BEGIN
@!!type:obligation
@!!id:2198
@!!loc:6586:35:6586:38
@!!status:to be proved
@!!END

@!!BEGIN
@!!type:obligationsnumber
@!!count:2191
@!!END

@!!BEGIN
@!!type:obligation
@!!id:1
@!!loc:5337:10:5337:12
@!!status:proved
@!!prover:smt
@!!meth:time-limit: 60
@!!already:true
@!!END

@!!BEGIN
@!!type:obligation
@!!id:2
@!!loc:5337:13:5337:17
@!!status:trivial
@!!prover:tlapm
@!!already:false
@!!END

@!!BEGIN
@!!type:obligation
@!!id:3
@!!loc:5337:19:5337:23
@!!status:trivial
@!!prover:tlapm
@!!already:false
@!!END

@!!BEGIN
@!!type:obligation
@!!id:4
@!!loc:5337:25:5337:29
@!!status:trivial
@!!prover:tlapm
@!!already:false
@!!END

@!!BEGIN
@!!type:obligation
@!!id:5
@!!loc:5337:31:5337:35
@!!status:trivial
@!!prover:tlapm
@!!already:false
@!!END

@!!BEGIN
@!!type:obligation
@!!id:6
@!!loc:5337:37:5337:41
@!!status:trivial
@!!prover:tlapm
@!!already:false
@!!END

@!!BEGIN
@!!type:obligation
@!!id:7
@!!loc:5337:43:5337:47
@!!status:trivial
@!!prover:tlapm
@!!already:false
@!!END

@!!BEGIN
@!!type:obligation
@!!id:8
@!!loc:5274:65:5274:67
@!!status:proved
@!!prover:smt
@!!meth:time-limit: 60
@!!already:true
@!!END

@!!BEGIN
@!!type:obligation
@!!id:9
@!!loc:5275:14:5275:16
@!!status:proved
@!!prover:smt
@!!meth:time-limit: 60
@!!already:true
@!!END

@!!BEGIN
@!!type:obligation
@!!id:10
@!!loc:5275:17:5275:21
@!!status:trivial
@!!prover:tlapm
@!!already:false
@!!END

@!!BEGIN
@!!type:obligation
@!!id:11
@!!loc:5280:12:5280:14
@!!status:proved
@!!prover:smt
@!!meth:time-limit: 60
@!!already:true
@!!END

@!!BEGIN
@!!type:obligation
@!!id:12
@!!loc:5280:15:5280:19
@!!status:trivial
@!!prover:tlapm
@!!already:false
@!!END

@!!BEGIN
@!!type:obligation
@!!id:13
@!!loc:5280:21:5280:33
@!!status:trivial
@!!prover:tlapm
@!!already:false
@!!END

@!!BEGIN
@!!type:obligation
@!!id:14
@!!loc:5278:5:5278:12
@!!status:proved
@!!prover:smt
@!!meth:time-limit: 60
@!!already:true
@!!END

@!!BEGIN
@!!type:obligation
@!!id:15
@!!loc:5279:25:5279:32
@!!status:proved
@!!prover:smt
@!!meth:time-limit: 60
@!!already:true
@!!END

@!!BEGIN
@!!type:obligation
@!!id:16
@!!loc:5281:48:5281:50
@!!status:proved
@!!prover:smt
@!!meth:time-limit: 60
@!!already:true
@!!END

@!!BEGIN
@!!type:obligation
@!!id:17
@!!loc:5282:34:5282:36
@!!status:proved
@!!prover:smt
@!!meth:time-limit: 60
@!!already:true
@!!END

@!!BEGIN
@!!type:obligation
@!!id:18
@!!loc:5295:12:5295:14
@!!status:proved
@!!prover:smt
@!!meth:time-limit: 60
@!!already:true
@!!END

@!!BEGIN
@!!type:obligation
@!!id:19
@!!loc:5295:15:5295:19
@!!status:trivial
@!!prover:tlapm
@!!already:false
@!!END

@!!BEGIN
@!!type:obligation
@!!id:20
@!!loc:5295:21:5295:25
@!!status:trivial
@!!prover:tlapm
@!!already:false
@!!END

@!!BEGIN
@!!type:obligation
@!!id:21
@!!loc:5287:5:5287:7
@!!status:proved
@!!prover:smt
@!!meth:time-limit: 60
@!!already:true
@!!END

@!!BEGIN
@!!type:obligation
@!!id:22
@!!loc:5288:20:5288:22
@!!status:proved
@!!prover:smt
@!!meth:time-limit: 60
@!!already:true
@!!END

@!!BEGIN
@!!type:obligation
@!!id:23
@!!loc:5288:23:5288:27
@!!status:trivial
@!!prover:tlapm
@!!already:false
@!!END

@!!BEGIN
@!!type:obligation
@!!id:24
@!!loc:5288:29:5288:33
@!!status:trivial
@!!prover:tlapm
@!!already:false
@!!END

@!!BEGIN
@!!type:obligation
@!!id:25
@!!loc:5294:14:5294:16
@!!status:proved
@!!prover:smt
@!!meth:time-limit: 60
@!!already:true
@!!END

@!!BEGIN
@!!type:obligation
@!!id:26
@!!loc:5294:17:5294:21
@!!status:trivial
@!!prover:tlapm
@!!already:false
@!!END

@!!BEGIN
@!!type:obligation
@!!id:27
@!!loc:5294:23:5294:27
@!!status:trivial
@!!prover:tlapm
@!!already:false
@!!END

@!!BEGIN
@!!type:obligation
@!!id:28
@!!loc:5294:29:5294:33
@!!status:trivial
@!!prover:tlapm
@!!already:false
@!!END

@!!BEGIN
@!!type:obligation
@!!id:29
@!!loc:5294:35:5294:39
@!!status:trivial
@!!prover:tlapm
@!!already:false
@!!END

@!!BEGIN
@!!type:obligation
@!!id:30
@!!loc:5290:24:5290:26
@!!status:proved
@!!prover:smt
@!!meth:time-limit: 60
@!!already:true
@!!END

@!!BEGIN
@!!type:obligation
@!!id:31
@!!loc:5290:27:5290:31
@!!status:trivial
@!!prover:tlapm
@!!already:false
@!!END

@!!BEGIN
@!!type:obligation
@!!id:32
@!!loc:5290:33:5290:37
@!!status:trivial
@!!prover:tlapm
@!!already:false
@!!END

@!!BEGIN
@!!type:obligation
@!!id:33
@!!loc:5293:7:5293:9
@!!status:proved
@!!prover:smt
@!!meth:time-limit: 60
@!!already:true
@!!END

@!!BEGIN
@!!type:obligation
@!!id:34
@!!loc:5308:12:5308:14
@!!status:proved
@!!prover:smt
@!!meth:time-limit: 60
@!!already:true
@!!END

@!!BEGIN
@!!type:obligation
@!!id:35
@!!loc:5308:15:5308:19
@!!status:trivial
@!!prover:tlapm
@!!already:false
@!!END

@!!BEGIN
@!!type:obligation
@!!id:36
@!!loc:5308:21:5308:25
@!!status:trivial
@!!prover:tlapm
@!!already:false
@!!END

@!!BEGIN
@!!type:obligation
@!!id:37
@!!loc:5301:5:5301:7
@!!status:proved
@!!prover:smt
@!!meth:time-limit: 60
@!!already:true
@!!END

@!!BEGIN
@!!type:obligation
@!!id:38
@!!loc:5302:20:5302:22
@!!status:proved
@!!prover:smt
@!!meth:time-limit: 60
@!!already:true
@!!END

@!!BEGIN
@!!type:obligation
@!!id:39
@!!loc:5302:23:5302:27
@!!status:trivial
@!!prover:tlapm
@!!already:false
@!!END

@!!BEGIN
@!!type:obligation
@!!id:40
@!!loc:5302:29:5302:33
@!!status:trivial
@!!prover:tlapm
@!!already:false
@!!END

@!!BEGIN
@!!type:obligation
@!!id:41
@!!loc:5307:14:5307:16
@!!status:proved
@!!prover:smt
@!!meth:time-limit: 60
@!!already:true
@!!END

@!!BEGIN
@!!type:obligation
@!!id:42
@!!loc:5307:17:5307:21
@!!status:trivial
@!!prover:tlapm
@!!already:false
@!!END

@!!BEGIN
@!!type:obligation
@!!id:43
@!!loc:5307:23:5307:27
@!!status:trivial
@!!prover:tlapm
@!!already:false
@!!END

@!!BEGIN
@!!type:obligation
@!!id:44
@!!loc:5304:24:5304:26
@!!status:proved
@!!prover:smt
@!!meth:time-limit: 60
@!!already:true
@!!END

@!!BEGIN
@!!type:obligation
@!!id:45
@!!loc:5304:27:5304:31
@!!status:trivial
@!!prover:tlapm
@!!already:false
@!!END

@!!BEGIN
@!!type:obligation
@!!id:46
@!!loc:5304:33:5304:37
@!!status:trivial
@!!prover:tlapm
@!!already:false
@!!END

@!!BEGIN
@!!type:obligation
@!!id:47
@!!loc:5305:31:5305:33
@!!status:proved
@!!prover:smt
@!!meth:time-limit: 60
@!!already:true
@!!END

@!!BEGIN
@!!type:obligation
@!!id:48
@!!loc:5306:36:5306:38
@!!status:proved
@!!prover:smt
@!!meth:time-limit: 60
@!!already:true
@!!END

@!!BEGIN
@!!type:obligation
@!!id:49
@!!loc:5306:39:5306:43
@!!status:trivial
@!!prover:tlapm
@!!already:false
@!!END

@!!BEGIN
@!!type:obligation
@!!id:50
@!!loc:5306:45:5306:49
@!!status:trivial
@!!prover:tlapm
@!!already:false
@!!END

@!!BEGIN
@!!type:obligation
@!!id:51
@!!loc:5306:51:5306:55
@!!status:trivial
@!!prover:tlapm
@!!already:false
@!!END

@!!BEGIN
@!!type:obligation
@!!id:52
@!!loc:5306:57:5306:61
@!!status:trivial
@!!prover:tlapm
@!!already:false
@!!END

@!!BEGIN
@!!type:obligation
@!!id:53
@!!loc:5315:12:5315:14
@!!status:proved
@!!prover:smt
@!!meth:time-limit: 60
@!!already:true
@!!END

@!!BEGIN
@!!type:obligation
@!!id:54
@!!loc:5315:15:5315:19
@!!status:trivial
@!!prover:tlapm
@!!already:false
@!!END

@!!BEGIN
@!!type:obligation
@!!id:55
@!!loc:5315:21:5315:25
@!!status:trivial
@!!prover:tlapm
@!!already:false
@!!END

@!!BEGIN
@!!type:obligation
@!!id:56
@!!loc:5312:5:5312:7
@!!status:proved
@!!prover:smt
@!!meth:time-limit: 60
@!!already:true
@!!END

@!!BEGIN
@!!type:obligation
@!!id:57
@!!loc:5313:20:5313:22
@!!status:proved
@!!prover:smt
@!!meth:time-limit: 60
@!!already:true
@!!END

@!!BEGIN
@!!type:obligation
@!!id:58
@!!loc:5313:23:5313:27
@!!status:trivial
@!!prover:tlapm
@!!already:false
@!!END

@!!BEGIN
@!!type:obligation
@!!id:59
@!!loc:5313:29:5313:33
@!!status:trivial
@!!prover:tlapm
@!!already:false
@!!END

@!!BEGIN
@!!type:obligation
@!!id:60
@!!loc:5314:20:5314:22
@!!status:proved
@!!prover:smt
@!!meth:time-limit: 60
@!!already:true
@!!END

@!!BEGIN
@!!type:obligation
@!!id:61
@!!loc:5314:23:5314:27
@!!status:trivial
@!!prover:tlapm
@!!already:false
@!!END

@!!BEGIN
@!!type:obligation
@!!id:62
@!!loc:5314:29:5314:33
@!!status:trivial
@!!prover:tlapm
@!!already:false
@!!END

@!!BEGIN
@!!type:obligation
@!!id:63
@!!loc:5325:12:5325:14
@!!status:proved
@!!prover:smt
@!!meth:time-limit: 60
@!!already:true
@!!END

@!!BEGIN
@!!type:obligation
@!!id:64
@!!loc:5325:15:5325:19
@!!status:trivial
@!!prover:tlapm
@!!already:false
@!!END

@!!BEGIN
@!!type:obligation
@!!id:65
@!!loc:5325:21:5325:25
@!!status:trivial
@!!prover:tlapm
@!!already:false
@!!END

@!!BEGIN
@!!type:obligation
@!!id:66
@!!loc:5322:5:5322:7
@!!status:proved
@!!prover:smt
@!!meth:time-limit: 60
@!!already:true
@!!END

@!!BEGIN
@!!type:obligation
@!!id:67
@!!loc:5323:20:5323:22
@!!status:proved
@!!prover:smt
@!!meth:time-limit: 60
@!!already:true
@!!END

@!!BEGIN
@!!type:obligation
@!!id:68
@!!loc:5323:23:5323:27
@!!status:trivial
@!!prover:tlapm
@!!already:false
@!!END

@!!BEGIN
@!!type:obligation
@!!id:69
@!!loc:5323:29:5323:33
@!!status:trivial
@!!prover:tlapm
@!!already:false
@!!END

@!!BEGIN
@!!type:obligation
@!!id:70
@!!loc:5324:20:5324:22
@!!status:proved
@!!prover:smt
@!!meth:time-limit: 60
@!!already:true
@!!END

@!!BEGIN
@!!type:obligation
@!!id:71
@!!loc:5324:23:5324:27
@!!status:trivial
@!!prover:tlapm
@!!already:false
@!!END

@!!BEGIN
@!!type:obligation
@!!id:72
@!!loc:5324:29:5324:33
@!!status:trivial
@!!prover:tlapm
@!!already:false
@!!END

@!!BEGIN
@!!type:obligation
@!!id:73
@!!loc:5336:12:5336:14
@!!status:proved
@!!prover:smt
@!!meth:time-limit: 60
@!!already:true
@!!END

@!!BEGIN
@!!type:obligation
@!!id:74
@!!loc:5336:15:5336:19
@!!status:trivial
@!!prover:tlapm
@!!already:false
@!!END

@!!BEGIN
@!!type:obligation
@!!id:75
@!!loc:5336:21:5336:25
@!!status:trivial
@!!prover:tlapm
@!!already:false
@!!END

@!!BEGIN
@!!type:obligation
@!!id:76
@!!loc:5329:5:5329:7
@!!status:proved
@!!prover:smt
@!!meth:time-limit: 60
@!!already:true
@!!END

@!!BEGIN
@!!type:obligation
@!!id:77
@!!loc:5330:20:5330:22
@!!status:proved
@!!prover:smt
@!!meth:time-limit: 60
@!!already:true
@!!END

@!!BEGIN
@!!type:obligation
@!!id:78
@!!loc:5330:23:5330:27
@!!status:trivial
@!!prover:tlapm
@!!already:false
@!!END

@!!BEGIN
@!!type:obligation
@!!id:79
@!!loc:5330:29:5330:33
@!!status:trivial
@!!prover:tlapm
@!!already:false
@!!END

@!!BEGIN
@!!type:obligation
@!!id:80
@!!loc:5335:14:5335:16
@!!status:proved
@!!prover:smt
@!!meth:time-limit: 60
@!!already:true
@!!END

@!!BEGIN
@!!type:obligation
@!!id:81
@!!loc:5335:17:5335:21
@!!status:trivial
@!!prover:tlapm
@!!already:false
@!!END

@!!BEGIN
@!!type:obligation
@!!id:82
@!!loc:5335:23:5335:27
@!!status:trivial
@!!prover:tlapm
@!!already:false
@!!END

@!!BEGIN
@!!type:obligation
@!!id:83
@!!loc:5332:24:5332:26
@!!status:proved
@!!prover:smt
@!!meth:time-limit: 60
@!!already:true
@!!END

@!!BEGIN
@!!type:obligation
@!!id:84
@!!loc:5332:27:5332:31
@!!status:trivial
@!!prover:tlapm
@!!already:false
@!!END

@!!BEGIN
@!!type:obligation
@!!id:85
@!!loc:5332:33:5332:37
@!!status:trivial
@!!prover:tlapm
@!!already:false
@!!END

@!!BEGIN
@!!type:obligation
@!!id:86
@!!loc:5333:31:5333:33
@!!status:proved
@!!prover:smt
@!!meth:time-limit: 60
@!!already:true
@!!END

@!!BEGIN
@!!type:obligation
@!!id:87
@!!loc:5334:36:5334:38
@!!status:proved
@!!prover:smt
@!!meth:time-limit: 60
@!!already:true
@!!END

@!!BEGIN
@!!type:obligation
@!!id:88
@!!loc:5334:39:5334:43
@!!status:trivial
@!!prover:tlapm
@!!already:false
@!!END

@!!BEGIN
@!!type:obligation
@!!id:89
@!!loc:5334:45:5334:49
@!!status:trivial
@!!prover:tlapm
@!!already:false
@!!END

@!!BEGIN
@!!type:obligation
@!!id:90
@!!loc:5334:51:5334:55
@!!status:trivial
@!!prover:tlapm
@!!already:false
@!!END

@!!BEGIN
@!!type:obligation
@!!id:91
@!!loc:5334:57:5334:61
@!!status:trivial
@!!prover:tlapm
@!!already:false
@!!END

@!!BEGIN
@!!type:obligation
@!!id:92
@!!loc:5343:1:5343:3
@!!status:proved
@!!prover:smt
@!!meth:time-limit: 60
@!!already:true
@!!END

@!!BEGIN
@!!type:obligation
@!!id:93
@!!loc:5358:10:5358:12
@!!status:proved
@!!prover:smt
@!!meth:time-limit: 60
@!!already:true
@!!END

@!!BEGIN
@!!type:obligation
@!!id:94
@!!loc:5358:13:5358:17
@!!status:trivial
@!!prover:tlapm
@!!already:false
@!!END

@!!BEGIN
@!!type:obligation
@!!id:95
@!!loc:5358:19:5358:23
@!!status:trivial
@!!prover:tlapm
@!!already:false
@!!END

@!!BEGIN
@!!type:obligation
@!!id:96
@!!loc:5358:25:5358:29
@!!status:trivial
@!!prover:tlapm
@!!already:false
@!!END

@!!BEGIN
@!!type:obligation
@!!id:97
@!!loc:5358:31:5358:35
@!!status:trivial
@!!prover:tlapm
@!!already:false
@!!END

@!!BEGIN
@!!type:obligation
@!!id:98
@!!loc:5349:39:5349:46
@!!status:proved
@!!prover:smt
@!!meth:time-limit: 60
@!!already:true
@!!END

@!!BEGIN
@!!type:obligation
@!!id:99
@!!loc:5350:13:5350:15
@!!status:proved
@!!prover:smt
@!!meth:time-limit: 60
@!!already:true
@!!END

@!!BEGIN
@!!type:obligation
@!!id:100
@!!loc:5350:16:5350:23
@!!status:trivial
@!!prover:tlapm
@!!already:false
@!!END

@!!BEGIN
@!!type:obligation
@!!id:101
@!!loc:5351:44:5351:46
@!!status:proved
@!!prover:smt
@!!meth:time-limit: 60
@!!already:true
@!!END

@!!BEGIN
@!!type:obligation
@!!id:102
@!!loc:5353:3:5353:5
@!!status:proved
@!!prover:smt
@!!meth:time-limit: 60
@!!already:true
@!!END

@!!BEGIN
@!!type:obligation
@!!id:103
@!!loc:5353:6:5353:10
@!!status:trivial
@!!prover:tlapm
@!!already:false
@!!END

@!!BEGIN
@!!type:obligation
@!!id:104
@!!loc:5354:15:5354:17
@!!status:proved
@!!prover:smt
@!!meth:time-limit: 60
@!!already:true
@!!END

@!!BEGIN
@!!type:obligation
@!!id:105
@!!loc:5355:23:5355:25
@!!status:proved
@!!prover:smt
@!!meth:time-limit: 60
@!!already:true
@!!END

@!!BEGIN
@!!type:obligation
@!!id:106
@!!loc:5355:26:5355:30
@!!status:trivial
@!!prover:tlapm
@!!already:false
@!!END

@!!BEGIN
@!!type:obligation
@!!id:107
@!!loc:5355:32:5355:36
@!!status:trivial
@!!prover:tlapm
@!!already:false
@!!END

@!!BEGIN
@!!type:obligation
@!!id:108
@!!loc:5356:14:5356:16
@!!status:proved
@!!prover:smt
@!!meth:time-limit: 60
@!!already:true
@!!END

@!!BEGIN
@!!type:obligation
@!!id:109
@!!loc:5356:17:5356:21
@!!status:trivial
@!!prover:tlapm
@!!already:false
@!!END

@!!BEGIN
@!!type:obligation
@!!id:110
@!!loc:5356:23:5356:27
@!!status:trivial
@!!prover:tlapm
@!!already:false
@!!END

@!!BEGIN
@!!type:obligation
@!!id:111
@!!loc:5357:42:5357:44
@!!status:proved
@!!prover:smt
@!!meth:time-limit: 60
@!!already:true
@!!END

@!!BEGIN
@!!type:obligation
@!!id:112
@!!loc:5357:45:5357:49
@!!status:trivial
@!!prover:tlapm
@!!already:false
@!!END

@!!BEGIN
@!!type:obligation
@!!id:113
@!!loc:5375:10:5375:12
@!!status:proved
@!!prover:smt
@!!meth:time-limit: 60
@!!already:true
@!!END

@!!BEGIN
@!!type:obligation
@!!id:114
@!!loc:5375:13:5375:17
@!!status:trivial
@!!prover:tlapm
@!!already:false
@!!END

@!!BEGIN
@!!type:obligation
@!!id:115
@!!loc:5375:19:5375:23
@!!status:trivial
@!!prover:tlapm
@!!already:false
@!!END

@!!BEGIN
@!!type:obligation
@!!id:116
@!!loc:5375:25:5375:29
@!!status:trivial
@!!prover:tlapm
@!!already:false
@!!END

@!!BEGIN
@!!type:obligation
@!!id:117
@!!loc:5375:31:5375:36
@!!status:trivial
@!!prover:tlapm
@!!already:false
@!!END

@!!BEGIN
@!!type:obligation
@!!id:118
@!!loc:5375:38:5375:42
@!!status:trivial
@!!prover:tlapm
@!!already:false
@!!END

@!!BEGIN
@!!type:obligation
@!!id:119
@!!loc:5375:44:5375:48
@!!status:trivial
@!!prover:tlapm
@!!already:false
@!!END

@!!BEGIN
@!!type:obligation
@!!id:120
@!!loc:5375:50:5375:60
@!!status:trivial
@!!prover:tlapm
@!!already:false
@!!END

@!!BEGIN
@!!type:obligation
@!!id:121
@!!loc:5375:62:5375:69
@!!status:trivial
@!!prover:tlapm
@!!already:false
@!!END

@!!BEGIN
@!!type:obligation
@!!id:122
@!!loc:5366:14:5366:16
@!!status:proved
@!!prover:smt
@!!meth:time-limit: 60
@!!already:true
@!!END

@!!BEGIN
@!!type:obligation
@!!id:123
@!!loc:5367:14:5367:16
@!!status:proved
@!!prover:smt
@!!meth:time-limit: 60
@!!already:true
@!!END

@!!BEGIN
@!!type:obligation
@!!id:124
@!!loc:5367:17:5367:22
@!!status:trivial
@!!prover:tlapm
@!!already:false
@!!END

@!!BEGIN
@!!type:obligation
@!!id:125
@!!loc:5367:24:5367:31
@!!status:trivial
@!!prover:tlapm
@!!already:false
@!!END

@!!BEGIN
@!!type:obligation
@!!id:126
@!!loc:5368:71:5368:73
@!!status:proved
@!!prover:smt
@!!meth:time-limit: 60
@!!already:true
@!!END

@!!BEGIN
@!!type:obligation
@!!id:127
@!!loc:5370:3:5370:5
@!!status:proved
@!!prover:smt
@!!meth:time-limit: 60
@!!already:true
@!!END

@!!BEGIN
@!!type:obligation
@!!id:128
@!!loc:5371:35:5371:37
@!!status:proved
@!!prover:smt
@!!meth:time-limit: 60
@!!already:true
@!!END

@!!BEGIN
@!!type:obligation
@!!id:129
@!!loc:5371:38:5371:42
@!!status:trivial
@!!prover:tlapm
@!!already:false
@!!END

@!!BEGIN
@!!type:obligation
@!!id:130
@!!loc:5372:40:5372:42
@!!status:proved
@!!prover:smt
@!!meth:time-limit: 60
@!!already:true
@!!END

@!!BEGIN
@!!type:obligation
@!!id:131
@!!loc:5373:13:5373:15
@!!status:proved
@!!prover:smt
@!!meth:time-limit: 60
@!!already:true
@!!END

@!!BEGIN
@!!type:obligation
@!!id:132
@!!loc:5373:16:5373:20
@!!status:trivial
@!!prover:tlapm
@!!already:false
@!!END

@!!BEGIN
@!!type:obligation
@!!id:133
@!!loc:5373:22:5373:26
@!!status:trivial
@!!prover:tlapm
@!!already:false
@!!END

@!!BEGIN
@!!type:obligation
@!!id:134
@!!loc:5374:21:5374:23
@!!status:proved
@!!prover:smt
@!!meth:time-limit: 60
@!!already:true
@!!END

@!!BEGIN
@!!type:obligation
@!!id:135
@!!loc:5374:24:5374:28
@!!status:trivial
@!!prover:tlapm
@!!already:false
@!!END

@!!BEGIN
@!!type:obligation
@!!id:136
@!!loc:5374:30:5374:36
@!!status:trivial
@!!prover:tlapm
@!!already:false
@!!END

@!!BEGIN
@!!type:obligation
@!!id:137
@!!loc:5389:10:5389:12
@!!status:proved
@!!prover:smt
@!!meth:time-limit: 60
@!!already:true
@!!END

@!!BEGIN
@!!type:obligation
@!!id:138
@!!loc:5389:13:5389:17
@!!status:trivial
@!!prover:tlapm
@!!already:false
@!!END

@!!BEGIN
@!!type:obligation
@!!id:139
@!!loc:5389:19:5389:23
@!!status:trivial
@!!prover:tlapm
@!!already:false
@!!END

@!!BEGIN
@!!type:obligation
@!!id:140
@!!loc:5389:25:5389:29
@!!status:trivial
@!!prover:tlapm
@!!already:false
@!!END

@!!BEGIN
@!!type:obligation
@!!id:141
@!!loc:5389:31:5389:36
@!!status:trivial
@!!prover:tlapm
@!!already:false
@!!END

@!!BEGIN
@!!type:obligation
@!!id:142
@!!loc:5389:38:5389:42
@!!status:trivial
@!!prover:tlapm
@!!already:false
@!!END

@!!BEGIN
@!!type:obligation
@!!id:143
@!!loc:5389:44:5389:48
@!!status:trivial
@!!prover:tlapm
@!!already:false
@!!END

@!!BEGIN
@!!type:obligation
@!!id:144
@!!loc:5389:50:5389:60
@!!status:trivial
@!!prover:tlapm
@!!already:false
@!!END

@!!BEGIN
@!!type:obligation
@!!id:145
@!!loc:5389:62:5389:69
@!!status:trivial
@!!prover:tlapm
@!!already:false
@!!END

@!!BEGIN
@!!type:obligation
@!!id:146
@!!loc:5380:14:5380:16
@!!status:proved
@!!prover:smt
@!!meth:time-limit: 60
@!!already:true
@!!END

@!!BEGIN
@!!type:obligation
@!!id:147
@!!loc:5381:14:5381:16
@!!status:proved
@!!prover:smt
@!!meth:time-limit: 60
@!!already:true
@!!END

@!!BEGIN
@!!type:obligation
@!!id:148
@!!loc:5381:17:5381:22
@!!status:trivial
@!!prover:tlapm
@!!already:false
@!!END

@!!BEGIN
@!!type:obligation
@!!id:149
@!!loc:5381:24:5381:31
@!!status:trivial
@!!prover:tlapm
@!!already:false
@!!END

@!!BEGIN
@!!type:obligation
@!!id:150
@!!loc:5382:71:5382:73
@!!status:proved
@!!prover:smt
@!!meth:time-limit: 60
@!!already:true
@!!END

@!!BEGIN
@!!type:obligation
@!!id:151
@!!loc:5384:3:5384:5
@!!status:proved
@!!prover:smt
@!!meth:time-limit: 60
@!!already:true
@!!END

@!!BEGIN
@!!type:obligation
@!!id:152
@!!loc:5385:35:5385:37
@!!status:proved
@!!prover:smt
@!!meth:time-limit: 60
@!!already:true
@!!END

@!!BEGIN
@!!type:obligation
@!!id:153
@!!loc:5385:38:5385:42
@!!status:trivial
@!!prover:tlapm
@!!already:false
@!!END

@!!BEGIN
@!!type:obligation
@!!id:154
@!!loc:5386:64:5386:66
@!!status:proved
@!!prover:smt
@!!meth:time-limit: 60
@!!already:true
@!!END

@!!BEGIN
@!!type:obligation
@!!id:155
@!!loc:5387:13:5387:15
@!!status:proved
@!!prover:smt
@!!meth:time-limit: 60
@!!already:true
@!!END

@!!BEGIN
@!!type:obligation
@!!id:156
@!!loc:5387:16:5387:20
@!!status:trivial
@!!prover:tlapm
@!!already:false
@!!END

@!!BEGIN
@!!type:obligation
@!!id:157
@!!loc:5387:22:5387:26
@!!status:trivial
@!!prover:tlapm
@!!already:false
@!!END

@!!BEGIN
@!!type:obligation
@!!id:158
@!!loc:5388:21:5388:23
@!!status:proved
@!!prover:smt
@!!meth:time-limit: 60
@!!already:true
@!!END

@!!BEGIN
@!!type:obligation
@!!id:159
@!!loc:5388:24:5388:28
@!!status:trivial
@!!prover:tlapm
@!!already:false
@!!END

@!!BEGIN
@!!type:obligation
@!!id:160
@!!loc:5388:30:5388:36
@!!status:trivial
@!!prover:tlapm
@!!already:false
@!!END

@!!BEGIN
@!!type:obligation
@!!id:161
@!!loc:5403:10:5403:12
@!!status:proved
@!!prover:smt
@!!meth:time-limit: 60
@!!already:true
@!!END

@!!BEGIN
@!!type:obligation
@!!id:162
@!!loc:5403:13:5403:17
@!!status:trivial
@!!prover:tlapm
@!!already:false
@!!END

@!!BEGIN
@!!type:obligation
@!!id:163
@!!loc:5403:19:5403:23
@!!status:trivial
@!!prover:tlapm
@!!already:false
@!!END

@!!BEGIN
@!!type:obligation
@!!id:164
@!!loc:5403:25:5403:29
@!!status:trivial
@!!prover:tlapm
@!!already:false
@!!END

@!!BEGIN
@!!type:obligation
@!!id:165
@!!loc:5403:31:5403:36
@!!status:trivial
@!!prover:tlapm
@!!already:false
@!!END

@!!BEGIN
@!!type:obligation
@!!id:166
@!!loc:5403:38:5403:42
@!!status:trivial
@!!prover:tlapm
@!!already:false
@!!END

@!!BEGIN
@!!type:obligation
@!!id:167
@!!loc:5403:44:5403:48
@!!status:trivial
@!!prover:tlapm
@!!already:false
@!!END

@!!BEGIN
@!!type:obligation
@!!id:168
@!!loc:5403:50:5403:60
@!!status:trivial
@!!prover:tlapm
@!!already:false
@!!END

@!!BEGIN
@!!type:obligation
@!!id:169
@!!loc:5403:62:5403:69
@!!status:trivial
@!!prover:tlapm
@!!already:false
@!!END

@!!BEGIN
@!!type:obligation
@!!id:170
@!!loc:5394:14:5394:16
@!!status:proved
@!!prover:smt
@!!meth:time-limit: 60
@!!already:true
@!!END

@!!BEGIN
@!!type:obligation
@!!id:171
@!!loc:5395:14:5395:16
@!!status:proved
@!!prover:smt
@!!meth:time-limit: 60
@!!already:true
@!!END

@!!BEGIN
@!!type:obligation
@!!id:172
@!!loc:5395:17:5395:22
@!!status:trivial
@!!prover:tlapm
@!!already:false
@!!END

@!!BEGIN
@!!type:obligation
@!!id:173
@!!loc:5395:24:5395:34
@!!status:trivial
@!!prover:tlapm
@!!already:false
@!!END

@!!BEGIN
@!!type:obligation
@!!id:174
@!!loc:5396:71:5396:73
@!!status:proved
@!!prover:smt
@!!meth:time-limit: 60
@!!already:true
@!!END

@!!BEGIN
@!!type:obligation
@!!id:175
@!!loc:5398:3:5398:5
@!!status:proved
@!!prover:smt
@!!meth:time-limit: 60
@!!already:true
@!!END

@!!BEGIN
@!!type:obligation
@!!id:176
@!!loc:5399:35:5399:37
@!!status:proved
@!!prover:smt
@!!meth:time-limit: 60
@!!already:true
@!!END

@!!BEGIN
@!!type:obligation
@!!id:177
@!!loc:5399:38:5399:42
@!!status:trivial
@!!prover:tlapm
@!!already:false
@!!END

@!!BEGIN
@!!type:obligation
@!!id:178
@!!loc:5400:32:5400:34
@!!status:proved
@!!prover:smt
@!!meth:time-limit: 60
@!!already:true
@!!END

@!!BEGIN
@!!type:obligation
@!!id:179
@!!loc:5401:13:5401:15
@!!status:proved
@!!prover:smt
@!!meth:time-limit: 60
@!!already:true
@!!END

@!!BEGIN
@!!type:obligation
@!!id:180
@!!loc:5401:16:5401:20
@!!status:trivial
@!!prover:tlapm
@!!already:false
@!!END

@!!BEGIN
@!!type:obligation
@!!id:181
@!!loc:5401:22:5401:26
@!!status:trivial
@!!prover:tlapm
@!!already:false
@!!END

@!!BEGIN
@!!type:obligation
@!!id:182
@!!loc:5402:21:5402:23
@!!status:proved
@!!prover:smt
@!!meth:time-limit: 60
@!!already:true
@!!END

@!!BEGIN
@!!type:obligation
@!!id:183
@!!loc:5402:24:5402:28
@!!status:trivial
@!!prover:tlapm
@!!already:false
@!!END

@!!BEGIN
@!!type:obligation
@!!id:184
@!!loc:5402:30:5402:36
@!!status:trivial
@!!prover:tlapm
@!!already:false
@!!END

@!!BEGIN
@!!type:obligation
@!!id:185
@!!loc:5417:10:5417:12
@!!status:proved
@!!prover:smt
@!!meth:time-limit: 60
@!!already:true
@!!END

@!!BEGIN
@!!type:obligation
@!!id:186
@!!loc:5417:13:5417:17
@!!status:trivial
@!!prover:tlapm
@!!already:false
@!!END

@!!BEGIN
@!!type:obligation
@!!id:187
@!!loc:5417:19:5417:23
@!!status:trivial
@!!prover:tlapm
@!!already:false
@!!END

@!!BEGIN
@!!type:obligation
@!!id:188
@!!loc:5417:25:5417:29
@!!status:trivial
@!!prover:tlapm
@!!already:false
@!!END

@!!BEGIN
@!!type:obligation
@!!id:189
@!!loc:5417:31:5417:36
@!!status:trivial
@!!prover:tlapm
@!!already:false
@!!END

@!!BEGIN
@!!type:obligation
@!!id:190
@!!loc:5417:38:5417:42
@!!status:trivial
@!!prover:tlapm
@!!already:false
@!!END

@!!BEGIN
@!!type:obligation
@!!id:191
@!!loc:5417:44:5417:48
@!!status:trivial
@!!prover:tlapm
@!!already:false
@!!END

@!!BEGIN
@!!type:obligation
@!!id:192
@!!loc:5417:50:5417:60
@!!status:trivial
@!!prover:tlapm
@!!already:false
@!!END

@!!BEGIN
@!!type:obligation
@!!id:193
@!!loc:5417:62:5417:69
@!!status:trivial
@!!prover:tlapm
@!!already:false
@!!END

@!!BEGIN
@!!type:obligation
@!!id:194
@!!loc:5408:14:5408:16
@!!status:proved
@!!prover:smt
@!!meth:time-limit: 60
@!!already:true
@!!END

@!!BEGIN
@!!type:obligation
@!!id:195
@!!loc:5409:14:5409:16
@!!status:proved
@!!prover:smt
@!!meth:time-limit: 60
@!!already:true
@!!END

@!!BEGIN
@!!type:obligation
@!!id:196
@!!loc:5409:17:5409:22
@!!status:trivial
@!!prover:tlapm
@!!already:false
@!!END

@!!BEGIN
@!!type:obligation
@!!id:197
@!!loc:5409:24:5409:40
@!!status:trivial
@!!prover:tlapm
@!!already:false
@!!END

@!!BEGIN
@!!type:obligation
@!!id:198
@!!loc:5410:71:5410:73
@!!status:proved
@!!prover:smt
@!!meth:time-limit: 60
@!!already:true
@!!END

@!!BEGIN
@!!type:obligation
@!!id:199
@!!loc:5412:3:5412:5
@!!status:proved
@!!prover:smt
@!!meth:time-limit: 60
@!!already:true
@!!END

@!!BEGIN
@!!type:obligation
@!!id:200
@!!loc:5413:35:5413:37
@!!status:proved
@!!prover:smt
@!!meth:time-limit: 60
@!!already:true
@!!END

@!!BEGIN
@!!type:obligation
@!!id:201
@!!loc:5413:38:5413:42
@!!status:trivial
@!!prover:tlapm
@!!already:false
@!!END

@!!BEGIN
@!!type:obligation
@!!id:202
@!!loc:5414:32:5414:34
@!!status:proved
@!!prover:smt
@!!meth:time-limit: 60
@!!already:true
@!!END

@!!BEGIN
@!!type:obligation
@!!id:203
@!!loc:5415:13:5415:15
@!!status:proved
@!!prover:smt
@!!meth:time-limit: 60
@!!already:true
@!!END

@!!BEGIN
@!!type:obligation
@!!id:204
@!!loc:5415:16:5415:20
@!!status:trivial
@!!prover:tlapm
@!!already:false
@!!END

@!!BEGIN
@!!type:obligation
@!!id:205
@!!loc:5415:22:5415:26
@!!status:trivial
@!!prover:tlapm
@!!already:false
@!!END

@!!BEGIN
@!!type:obligation
@!!id:206
@!!loc:5416:21:5416:23
@!!status:proved
@!!prover:smt
@!!meth:time-limit: 60
@!!already:true
@!!END

@!!BEGIN
@!!type:obligation
@!!id:207
@!!loc:5416:24:5416:28
@!!status:trivial
@!!prover:tlapm
@!!already:false
@!!END

@!!BEGIN
@!!type:obligation
@!!id:208
@!!loc:5416:30:5416:36
@!!status:trivial
@!!prover:tlapm
@!!already:false
@!!END

@!!BEGIN
@!!type:obligation
@!!id:209
@!!loc:5431:10:5431:12
@!!status:proved
@!!prover:smt
@!!meth:time-limit: 60
@!!already:true
@!!END

@!!BEGIN
@!!type:obligation
@!!id:210
@!!loc:5431:13:5431:17
@!!status:trivial
@!!prover:tlapm
@!!already:false
@!!END

@!!BEGIN
@!!type:obligation
@!!id:211
@!!loc:5431:19:5431:23
@!!status:trivial
@!!prover:tlapm
@!!already:false
@!!END

@!!BEGIN
@!!type:obligation
@!!id:212
@!!loc:5431:25:5431:29
@!!status:trivial
@!!prover:tlapm
@!!already:false
@!!END

@!!BEGIN
@!!type:obligation
@!!id:213
@!!loc:5431:31:5431:36
@!!status:trivial
@!!prover:tlapm
@!!already:false
@!!END

@!!BEGIN
@!!type:obligation
@!!id:214
@!!loc:5431:38:5431:42
@!!status:trivial
@!!prover:tlapm
@!!already:false
@!!END

@!!BEGIN
@!!type:obligation
@!!id:215
@!!loc:5431:44:5431:48
@!!status:trivial
@!!prover:tlapm
@!!already:false
@!!END

@!!BEGIN
@!!type:obligation
@!!id:216
@!!loc:5431:50:5431:60
@!!status:trivial
@!!prover:tlapm
@!!already:false
@!!END

@!!BEGIN
@!!type:obligation
@!!id:217
@!!loc:5431:62:5431:69
@!!status:trivial
@!!prover:tlapm
@!!already:false
@!!END

@!!BEGIN
@!!type:obligation
@!!id:218
@!!loc:5422:14:5422:16
@!!status:proved
@!!prover:smt
@!!meth:time-limit: 60
@!!already:true
@!!END

@!!BEGIN
@!!type:obligation
@!!id:219
@!!loc:5423:14:5423:16
@!!status:proved
@!!prover:smt
@!!meth:time-limit: 60
@!!already:true
@!!END

@!!BEGIN
@!!type:obligation
@!!id:220
@!!loc:5423:17:5423:22
@!!status:trivial
@!!prover:tlapm
@!!already:false
@!!END

@!!BEGIN
@!!type:obligation
@!!id:221
@!!loc:5423:24:5423:34
@!!status:trivial
@!!prover:tlapm
@!!already:false
@!!END

@!!BEGIN
@!!type:obligation
@!!id:222
@!!loc:5424:71:5424:73
@!!status:proved
@!!prover:smt
@!!meth:time-limit: 60
@!!already:true
@!!END

@!!BEGIN
@!!type:obligation
@!!id:223
@!!loc:5426:3:5426:5
@!!status:proved
@!!prover:smt
@!!meth:time-limit: 60
@!!already:true
@!!END

@!!BEGIN
@!!type:obligation
@!!id:224
@!!loc:5427:35:5427:37
@!!status:proved
@!!prover:smt
@!!meth:time-limit: 60
@!!already:true
@!!END

@!!BEGIN
@!!type:obligation
@!!id:225
@!!loc:5427:38:5427:42
@!!status:trivial
@!!prover:tlapm
@!!already:false
@!!END

@!!BEGIN
@!!type:obligation
@!!id:226
@!!loc:5428:32:5428:34
@!!status:proved
@!!prover:smt
@!!meth:time-limit: 60
@!!already:true
@!!END

@!!BEGIN
@!!type:obligation
@!!id:227
@!!loc:5429:13:5429:15
@!!status:proved
@!!prover:smt
@!!meth:time-limit: 60
@!!already:true
@!!END

@!!BEGIN
@!!type:obligation
@!!id:228
@!!loc:5429:16:5429:20
@!!status:trivial
@!!prover:tlapm
@!!already:false
@!!END

@!!BEGIN
@!!type:obligation
@!!id:229
@!!loc:5429:22:5429:26
@!!status:trivial
@!!prover:tlapm
@!!already:false
@!!END

@!!BEGIN
@!!type:obligation
@!!id:230
@!!loc:5430:21:5430:23
@!!status:proved
@!!prover:smt
@!!meth:time-limit: 60
@!!already:true
@!!END

@!!BEGIN
@!!type:obligation
@!!id:231
@!!loc:5430:24:5430:28
@!!status:trivial
@!!prover:tlapm
@!!already:false
@!!END

@!!BEGIN
@!!type:obligation
@!!id:232
@!!loc:5430:30:5430:36
@!!status:trivial
@!!prover:tlapm
@!!already:false
@!!END

@!!BEGIN
@!!type:obligation
@!!id:233
@!!loc:5445:10:5445:12
@!!status:proved
@!!prover:smt
@!!meth:time-limit: 60
@!!already:true
@!!END

@!!BEGIN
@!!type:obligation
@!!id:234
@!!loc:5445:13:5445:17
@!!status:trivial
@!!prover:tlapm
@!!already:false
@!!END

@!!BEGIN
@!!type:obligation
@!!id:235
@!!loc:5445:19:5445:23
@!!status:trivial
@!!prover:tlapm
@!!already:false
@!!END

@!!BEGIN
@!!type:obligation
@!!id:236
@!!loc:5445:25:5445:29
@!!status:trivial
@!!prover:tlapm
@!!already:false
@!!END

@!!BEGIN
@!!type:obligation
@!!id:237
@!!loc:5445:31:5445:36
@!!status:trivial
@!!prover:tlapm
@!!already:false
@!!END

@!!BEGIN
@!!type:obligation
@!!id:238
@!!loc:5445:38:5445:42
@!!status:trivial
@!!prover:tlapm
@!!already:false
@!!END

@!!BEGIN
@!!type:obligation
@!!id:239
@!!loc:5445:44:5445:48
@!!status:trivial
@!!prover:tlapm
@!!already:false
@!!END

@!!BEGIN
@!!type:obligation
@!!id:240
@!!loc:5445:50:5445:60
@!!status:trivial
@!!prover:tlapm
@!!already:false
@!!END

@!!BEGIN
@!!type:obligation
@!!id:241
@!!loc:5445:62:5445:69
@!!status:trivial
@!!prover:tlapm
@!!already:false
@!!END

@!!BEGIN
@!!type:obligation
@!!id:242
@!!loc:5436:14:5436:16
@!!status:proved
@!!prover:smt
@!!meth:time-limit: 60
@!!already:true
@!!END

@!!BEGIN
@!!type:obligation
@!!id:243
@!!loc:5437:14:5437:16
@!!status:proved
@!!prover:smt
@!!meth:time-limit: 60
@!!already:true
@!!END

@!!BEGIN
@!!type:obligation
@!!id:244
@!!loc:5437:17:5437:22
@!!status:trivial
@!!prover:tlapm
@!!already:false
@!!END

@!!BEGIN
@!!type:obligation
@!!id:245
@!!loc:5437:24:5437:32
@!!status:trivial
@!!prover:tlapm
@!!already:false
@!!END

@!!BEGIN
@!!type:obligation
@!!id:246
@!!loc:5438:71:5438:73
@!!status:proved
@!!prover:smt
@!!meth:time-limit: 60
@!!already:true
@!!END

@!!BEGIN
@!!type:obligation
@!!id:247
@!!loc:5440:3:5440:5
@!!status:proved
@!!prover:smt
@!!meth:time-limit: 60
@!!already:true
@!!END

@!!BEGIN
@!!type:obligation
@!!id:248
@!!loc:5441:35:5441:37
@!!status:proved
@!!prover:smt
@!!meth:time-limit: 60
@!!already:true
@!!END

@!!BEGIN
@!!type:obligation
@!!id:249
@!!loc:5441:38:5441:42
@!!status:trivial
@!!prover:tlapm
@!!already:false
@!!END

@!!BEGIN
@!!type:obligation
@!!id:250
@!!loc:5442:40:5442:42
@!!status:proved
@!!prover:smt
@!!meth:time-limit: 60
@!!already:true
@!!END

@!!BEGIN
@!!type:obligation
@!!id:251
@!!loc:5443:13:5443:15
@!!status:proved
@!!prover:smt
@!!meth:time-limit: 60
@!!already:true
@!!END

@!!BEGIN
@!!type:obligation
@!!id:252
@!!loc:5443:16:5443:20
@!!status:trivial
@!!prover:tlapm
@!!already:false
@!!END

@!!BEGIN
@!!type:obligation
@!!id:253
@!!loc:5443:22:5443:26
@!!status:trivial
@!!prover:tlapm
@!!already:false
@!!END

@!!BEGIN
@!!type:obligation
@!!id:254
@!!loc:5444:21:5444:23
@!!status:proved
@!!prover:smt
@!!meth:time-limit: 60
@!!already:true
@!!END

@!!BEGIN
@!!type:obligation
@!!id:255
@!!loc:5444:24:5444:28
@!!status:trivial
@!!prover:tlapm
@!!already:false
@!!END

@!!BEGIN
@!!type:obligation
@!!id:256
@!!loc:5444:30:5444:36
@!!status:trivial
@!!prover:tlapm
@!!already:false
@!!END

@!!BEGIN
@!!type:obligation
@!!id:257
@!!loc:5459:10:5459:12
@!!status:proved
@!!prover:smt
@!!meth:time-limit: 60
@!!already:true
@!!END

@!!BEGIN
@!!type:obligation
@!!id:258
@!!loc:5459:13:5459:17
@!!status:trivial
@!!prover:tlapm
@!!already:false
@!!END

@!!BEGIN
@!!type:obligation
@!!id:259
@!!loc:5459:19:5459:23
@!!status:trivial
@!!prover:tlapm
@!!already:false
@!!END

@!!BEGIN
@!!type:obligation
@!!id:260
@!!loc:5459:25:5459:29
@!!status:trivial
@!!prover:tlapm
@!!already:false
@!!END

@!!BEGIN
@!!type:obligation
@!!id:261
@!!loc:5459:31:5459:36
@!!status:trivial
@!!prover:tlapm
@!!already:false
@!!END

@!!BEGIN
@!!type:obligation
@!!id:262
@!!loc:5459:38:5459:42
@!!status:trivial
@!!prover:tlapm
@!!already:false
@!!END

@!!BEGIN
@!!type:obligation
@!!id:263
@!!loc:5459:44:5459:48
@!!status:trivial
@!!prover:tlapm
@!!already:false
@!!END

@!!BEGIN
@!!type:obligation
@!!id:264
@!!loc:5459:50:5459:60
@!!status:trivial
@!!prover:tlapm
@!!already:false
@!!END

@!!BEGIN
@!!type:obligation
@!!id:265
@!!loc:5459:62:5459:69
@!!status:trivial
@!!prover:tlapm
@!!already:false
@!!END

@!!BEGIN
@!!type:obligation
@!!id:266
@!!loc:5450:14:5450:16
@!!status:proved
@!!prover:smt
@!!meth:time-limit: 60
@!!already:true
@!!END

@!!BEGIN
@!!type:obligation
@!!id:267
@!!loc:5451:14:5451:16
@!!status:proved
@!!prover:smt
@!!meth:time-limit: 60
@!!already:true
@!!END

@!!BEGIN
@!!type:obligation
@!!id:268
@!!loc:5451:17:5451:22
@!!status:trivial
@!!prover:tlapm
@!!already:false
@!!END

@!!BEGIN
@!!type:obligation
@!!id:269
@!!loc:5451:24:5451:31
@!!status:trivial
@!!prover:tlapm
@!!already:false
@!!END

@!!BEGIN
@!!type:obligation
@!!id:270
@!!loc:5452:71:5452:73
@!!status:proved
@!!prover:smt
@!!meth:time-limit: 60
@!!already:true
@!!END

@!!BEGIN
@!!type:obligation
@!!id:271
@!!loc:5454:3:5454:5
@!!status:proved
@!!prover:smt
@!!meth:time-limit: 60
@!!already:true
@!!END

@!!BEGIN
@!!type:obligation
@!!id:272
@!!loc:5455:35:5455:37
@!!status:proved
@!!prover:smt
@!!meth:time-limit: 60
@!!already:true
@!!END

@!!BEGIN
@!!type:obligation
@!!id:273
@!!loc:5455:38:5455:42
@!!status:trivial
@!!prover:tlapm
@!!already:false
@!!END

@!!BEGIN
@!!type:obligation
@!!id:274
@!!loc:5456:40:5456:42
@!!status:proved
@!!prover:smt
@!!meth:time-limit: 60
@!!already:true
@!!END

@!!BEGIN
@!!type:obligation
@!!id:275
@!!loc:5457:13:5457:15
@!!status:proved
@!!prover:smt
@!!meth:time-limit: 60
@!!already:true
@!!END

@!!BEGIN
@!!type:obligation
@!!id:276
@!!loc:5457:16:5457:20
@!!status:trivial
@!!prover:tlapm
@!!already:false
@!!END

@!!BEGIN
@!!type:obligation
@!!id:277
@!!loc:5457:22:5457:26
@!!status:trivial
@!!prover:tlapm
@!!already:false
@!!END

@!!BEGIN
@!!type:obligation
@!!id:278
@!!loc:5458:21:5458:23
@!!status:proved
@!!prover:smt
@!!meth:time-limit: 60
@!!already:true
@!!END

@!!BEGIN
@!!type:obligation
@!!id:279
@!!loc:5458:24:5458:28
@!!status:trivial
@!!prover:tlapm
@!!already:false
@!!END

@!!BEGIN
@!!type:obligation
@!!id:280
@!!loc:5458:30:5458:36
@!!status:trivial
@!!prover:tlapm
@!!already:false
@!!END

@!!BEGIN
@!!type:obligation
@!!id:281
@!!loc:5473:10:5473:12
@!!status:proved
@!!prover:smt
@!!meth:time-limit: 60
@!!already:true
@!!END

@!!BEGIN
@!!type:obligation
@!!id:282
@!!loc:5473:13:5473:17
@!!status:trivial
@!!prover:tlapm
@!!already:false
@!!END

@!!BEGIN
@!!type:obligation
@!!id:283
@!!loc:5473:19:5473:23
@!!status:trivial
@!!prover:tlapm
@!!already:false
@!!END

@!!BEGIN
@!!type:obligation
@!!id:284
@!!loc:5473:25:5473:29
@!!status:trivial
@!!prover:tlapm
@!!already:false
@!!END

@!!BEGIN
@!!type:obligation
@!!id:285
@!!loc:5473:31:5473:36
@!!status:trivial
@!!prover:tlapm
@!!already:false
@!!END

@!!BEGIN
@!!type:obligation
@!!id:286
@!!loc:5473:38:5473:42
@!!status:trivial
@!!prover:tlapm
@!!already:false
@!!END

@!!BEGIN
@!!type:obligation
@!!id:287
@!!loc:5473:44:5473:48
@!!status:trivial
@!!prover:tlapm
@!!already:false
@!!END

@!!BEGIN
@!!type:obligation
@!!id:288
@!!loc:5473:50:5473:60
@!!status:trivial
@!!prover:tlapm
@!!already:false
@!!END

@!!BEGIN
@!!type:obligation
@!!id:289
@!!loc:5473:62:5473:69
@!!status:trivial
@!!prover:tlapm
@!!already:false
@!!END

@!!BEGIN
@!!type:obligation
@!!id:290
@!!loc:5464:14:5464:16
@!!status:proved
@!!prover:smt
@!!meth:time-limit: 60
@!!already:true
@!!END

@!!BEGIN
@!!type:obligation
@!!id:291
@!!loc:5465:14:5465:16
@!!status:proved
@!!prover:smt
@!!meth:time-limit: 60
@!!already:true
@!!END

@!!BEGIN
@!!type:obligation
@!!id:292
@!!loc:5465:17:5465:22
@!!status:trivial
@!!prover:tlapm
@!!already:false
@!!END

@!!BEGIN
@!!type:obligation
@!!id:293
@!!loc:5465:24:5465:30
@!!status:trivial
@!!prover:tlapm
@!!already:false
@!!END

@!!BEGIN
@!!type:obligation
@!!id:294
@!!loc:5466:71:5466:73
@!!status:proved
@!!prover:smt
@!!meth:time-limit: 60
@!!already:true
@!!END

@!!BEGIN
@!!type:obligation
@!!id:295
@!!loc:5468:3:5468:5
@!!status:proved
@!!prover:smt
@!!meth:time-limit: 60
@!!already:true
@!!END

@!!BEGIN
@!!type:obligation
@!!id:296
@!!loc:5469:35:5469:37
@!!status:proved
@!!prover:smt
@!!meth:time-limit: 60
@!!already:true
@!!END

@!!BEGIN
@!!type:obligation
@!!id:297
@!!loc:5469:38:5469:42
@!!status:trivial
@!!prover:tlapm
@!!already:false
@!!END

@!!BEGIN
@!!type:obligation
@!!id:298
@!!loc:5470:40:5470:42
@!!status:proved
@!!prover:smt
@!!meth:time-limit: 60
@!!already:true
@!!END

@!!BEGIN
@!!type:obligation
@!!id:299
@!!loc:5471:13:5471:15
@!!status:proved
@!!prover:smt
@!!meth:time-limit: 60
@!!already:true
@!!END

@!!BEGIN
@!!type:obligation
@!!id:300
@!!loc:5471:16:5471:20
@!!status:trivial
@!!prover:tlapm
@!!already:false
@!!END

@!!BEGIN
@!!type:obligation
@!!id:301
@!!loc:5471:22:5471:26
@!!status:trivial
@!!prover:tlapm
@!!already:false
@!!END

@!!BEGIN
@!!type:obligation
@!!id:302
@!!loc:5472:21:5472:23
@!!status:proved
@!!prover:smt
@!!meth:time-limit: 60
@!!already:true
@!!END

@!!BEGIN
@!!type:obligation
@!!id:303
@!!loc:5472:24:5472:28
@!!status:trivial
@!!prover:tlapm
@!!already:false
@!!END

@!!BEGIN
@!!type:obligation
@!!id:304
@!!loc:5472:30:5472:36
@!!status:trivial
@!!prover:tlapm
@!!already:false
@!!END

@!!BEGIN
@!!type:obligation
@!!id:305
@!!loc:5487:10:5487:12
@!!status:proved
@!!prover:smt
@!!meth:time-limit: 60
@!!already:true
@!!END

@!!BEGIN
@!!type:obligation
@!!id:306
@!!loc:5487:13:5487:17
@!!status:trivial
@!!prover:tlapm
@!!already:false
@!!END

@!!BEGIN
@!!type:obligation
@!!id:307
@!!loc:5487:19:5487:23
@!!status:trivial
@!!prover:tlapm
@!!already:false
@!!END

@!!BEGIN
@!!type:obligation
@!!id:308
@!!loc:5487:25:5487:29
@!!status:trivial
@!!prover:tlapm
@!!already:false
@!!END

@!!BEGIN
@!!type:obligation
@!!id:309
@!!loc:5487:31:5487:36
@!!status:trivial
@!!prover:tlapm
@!!already:false
@!!END

@!!BEGIN
@!!type:obligation
@!!id:310
@!!loc:5487:38:5487:42
@!!status:trivial
@!!prover:tlapm
@!!already:false
@!!END

@!!BEGIN
@!!type:obligation
@!!id:311
@!!loc:5487:44:5487:48
@!!status:trivial
@!!prover:tlapm
@!!already:false
@!!END

@!!BEGIN
@!!type:obligation
@!!id:312
@!!loc:5487:50:5487:60
@!!status:trivial
@!!prover:tlapm
@!!already:false
@!!END

@!!BEGIN
@!!type:obligation
@!!id:313
@!!loc:5487:62:5487:69
@!!status:trivial
@!!prover:tlapm
@!!already:false
@!!END

@!!BEGIN
@!!type:obligation
@!!id:314
@!!loc:5478:14:5478:16
@!!status:proved
@!!prover:smt
@!!meth:time-limit: 60
@!!already:true
@!!END

@!!BEGIN
@!!type:obligation
@!!id:315
@!!loc:5479:14:5479:16
@!!status:proved
@!!prover:smt
@!!meth:time-limit: 60
@!!already:true
@!!END

@!!BEGIN
@!!type:obligation
@!!id:316
@!!loc:5479:17:5479:22
@!!status:trivial
@!!prover:tlapm
@!!already:false
@!!END

@!!BEGIN
@!!type:obligation
@!!id:317
@!!loc:5479:24:5479:32
@!!status:trivial
@!!prover:tlapm
@!!already:false
@!!END

@!!BEGIN
@!!type:obligation
@!!id:318
@!!loc:5480:71:5480:73
@!!status:proved
@!!prover:smt
@!!meth:time-limit: 60
@!!already:true
@!!END

@!!BEGIN
@!!type:obligation
@!!id:319
@!!loc:5482:3:5482:5
@!!status:proved
@!!prover:smt
@!!meth:time-limit: 60
@!!already:true
@!!END

@!!BEGIN
@!!type:obligation
@!!id:320
@!!loc:5483:35:5483:37
@!!status:proved
@!!prover:smt
@!!meth:time-limit: 60
@!!already:true
@!!END

@!!BEGIN
@!!type:obligation
@!!id:321
@!!loc:5483:38:5483:42
@!!status:trivial
@!!prover:tlapm
@!!already:false
@!!END

@!!BEGIN
@!!type:obligation
@!!id:322
@!!loc:5484:40:5484:42
@!!status:proved
@!!prover:smt
@!!meth:time-limit: 60
@!!already:true
@!!END

@!!BEGIN
@!!type:obligation
@!!id:323
@!!loc:5485:13:5485:15
@!!status:proved
@!!prover:smt
@!!meth:time-limit: 60
@!!already:true
@!!END

@!!BEGIN
@!!type:obligation
@!!id:324
@!!loc:5485:16:5485:20
@!!status:trivial
@!!prover:tlapm
@!!already:false
@!!END

@!!BEGIN
@!!type:obligation
@!!id:325
@!!loc:5485:22:5485:26
@!!status:trivial
@!!prover:tlapm
@!!already:false
@!!END

@!!BEGIN
@!!type:obligation
@!!id:326
@!!loc:5486:21:5486:23
@!!status:proved
@!!prover:smt
@!!meth:time-limit: 60
@!!already:true
@!!END

@!!BEGIN
@!!type:obligation
@!!id:327
@!!loc:5486:24:5486:28
@!!status:trivial
@!!prover:tlapm
@!!already:false
@!!END

@!!BEGIN
@!!type:obligation
@!!id:328
@!!loc:5486:30:5486:36
@!!status:trivial
@!!prover:tlapm
@!!already:false
@!!END

@!!BEGIN
@!!type:obligation
@!!id:329
@!!loc:5533:10:5533:12
@!!status:proved
@!!prover:smt
@!!meth:time-limit: 60
@!!already:true
@!!END

@!!BEGIN
@!!type:obligation
@!!id:330
@!!loc:5533:13:5533:17
@!!status:trivial
@!!prover:tlapm
@!!already:false
@!!END

@!!BEGIN
@!!type:obligation
@!!id:331
@!!loc:5533:19:5533:23
@!!status:trivial
@!!prover:tlapm
@!!already:false
@!!END

@!!BEGIN
@!!type:obligation
@!!id:332
@!!loc:5533:25:5533:29
@!!status:trivial
@!!prover:tlapm
@!!already:false
@!!END

@!!BEGIN
@!!type:obligation
@!!id:333
@!!loc:5533:31:5533:36
@!!status:trivial
@!!prover:tlapm
@!!already:false
@!!END

@!!BEGIN
@!!type:obligation
@!!id:334
@!!loc:5533:38:5533:42
@!!status:trivial
@!!prover:tlapm
@!!already:false
@!!END

@!!BEGIN
@!!type:obligation
@!!id:335
@!!loc:5533:44:5533:48
@!!status:trivial
@!!prover:tlapm
@!!already:false
@!!END

@!!BEGIN
@!!type:obligation
@!!id:336
@!!loc:5533:50:5533:54
@!!status:trivial
@!!prover:tlapm
@!!already:false
@!!END

@!!BEGIN
@!!type:obligation
@!!id:337
@!!loc:5533:56:5533:60
@!!status:trivial
@!!prover:tlapm
@!!already:false
@!!END

@!!BEGIN
@!!type:obligation
@!!id:338
@!!loc:5533:62:5533:66
@!!status:trivial
@!!prover:tlapm
@!!already:false
@!!END

@!!BEGIN
@!!type:obligation
@!!id:339
@!!loc:5533:68:5533:72
@!!status:trivial
@!!prover:tlapm
@!!already:false
@!!END

@!!BEGIN
@!!type:obligation
@!!id:340
@!!loc:5533:74:5533:78
@!!status:trivial
@!!prover:tlapm
@!!already:false
@!!END

@!!BEGIN
@!!type:obligation
@!!id:341
@!!loc:5533:80:5533:87
@!!status:trivial
@!!prover:tlapm
@!!already:false
@!!END

@!!BEGIN
@!!type:obligation
@!!id:342
@!!loc:5495:14:5495:16
@!!status:proved
@!!prover:smt
@!!meth:time-limit: 60
@!!already:true
@!!END

@!!BEGIN
@!!type:obligation
@!!id:343
@!!loc:5496:14:5496:16
@!!status:proved
@!!prover:smt
@!!meth:time-limit: 60
@!!already:true
@!!END

@!!BEGIN
@!!type:obligation
@!!id:344
@!!loc:5496:17:5496:22
@!!status:trivial
@!!prover:tlapm
@!!already:false
@!!END

@!!BEGIN
@!!type:obligation
@!!id:345
@!!loc:5496:24:5496:31
@!!status:trivial
@!!prover:tlapm
@!!already:false
@!!END

@!!BEGIN
@!!type:obligation
@!!id:346
@!!loc:5497:71:5497:73
@!!status:proved
@!!prover:smt
@!!meth:time-limit: 60
@!!already:true
@!!END

@!!BEGIN
@!!type:obligation
@!!id:347
@!!loc:5499:3:5499:5
@!!status:proved
@!!prover:smt
@!!meth:time-limit: 60
@!!already:true
@!!END

@!!BEGIN
@!!type:obligation
@!!id:348
@!!loc:5500:35:5500:37
@!!status:proved
@!!prover:smt
@!!meth:time-limit: 60
@!!already:true
@!!END

@!!BEGIN
@!!type:obligation
@!!id:349
@!!loc:5500:38:5500:42
@!!status:trivial
@!!prover:tlapm
@!!already:false
@!!END

@!!BEGIN
@!!type:obligation
@!!id:350
@!!loc:5501:23:5501:25
@!!status:proved
@!!prover:smt
@!!meth:time-limit: 60
@!!already:true
@!!END

@!!BEGIN
@!!type:obligation
@!!id:351
@!!loc:5501:26:5501:30
@!!status:trivial
@!!prover:tlapm
@!!already:false
@!!END

@!!BEGIN
@!!type:obligation
@!!id:353
@!!loc:5506:6:5506:10
@!!status:trivial
@!!prover:tlapm
@!!already:false
@!!END

@!!BEGIN
@!!type:obligation
@!!id:354
@!!loc:5506:12:5506:24
@!!status:trivial
@!!prover:tlapm
@!!already:false
@!!END

@!!BEGIN
@!!type:obligation
@!!id:355
@!!loc:5507:26:5507:28
@!!status:proved
@!!prover:smt
@!!meth:time-limit: 60
@!!already:true
@!!END

@!!BEGIN
@!!type:obligation
@!!id:356
@!!loc:5508:68:5508:70
@!!status:proved
@!!prover:smt
@!!meth:time-limit: 60
@!!already:true
@!!END

@!!BEGIN
@!!type:obligation
@!!id:357
@!!loc:5509:13:5509:15
@!!status:proved
@!!prover:smt
@!!meth:time-limit: 60
@!!already:true
@!!END

@!!BEGIN
@!!type:obligation
@!!id:358
@!!loc:5510:26:5510:28
@!!status:proved
@!!prover:smt
@!!meth:time-limit: 60
@!!already:true
@!!END

@!!BEGIN
@!!type:obligation
@!!id:359
@!!loc:5510:29:5510:33
@!!status:trivial
@!!prover:tlapm
@!!already:false
@!!END

@!!BEGIN
@!!type:obligation
@!!id:360
@!!loc:5510:35:5510:39
@!!status:trivial
@!!prover:tlapm
@!!already:false
@!!END

@!!BEGIN
@!!type:obligation
@!!id:361
@!!loc:5510:41:5510:49
@!!status:trivial
@!!prover:tlapm
@!!already:false
@!!END

@!!BEGIN
@!!type:obligation
@!!id:362
@!!loc:5518:3:5518:5
@!!status:proved
@!!prover:smt
@!!meth:time-limit: 60
@!!already:true
@!!END

@!!BEGIN
@!!type:obligation
@!!id:363
@!!loc:5526:3:5526:5
@!!status:proved
@!!prover:smt
@!!meth:time-limit: 60
@!!already:true
@!!END

@!!BEGIN
@!!type:obligation
@!!id:364
@!!loc:5527:13:5527:15
@!!status:proved
@!!prover:smt
@!!meth:time-limit: 60
@!!already:true
@!!END

@!!BEGIN
@!!type:obligation
@!!id:365
@!!loc:5527:16:5527:20
@!!status:trivial
@!!prover:tlapm
@!!already:false
@!!END

@!!BEGIN
@!!type:obligation
@!!id:366
@!!loc:5527:22:5527:26
@!!status:trivial
@!!prover:tlapm
@!!already:false
@!!END

@!!BEGIN
@!!type:obligation
@!!id:368
@!!loc:5528:26:5528:30
@!!status:trivial
@!!prover:tlapm
@!!already:false
@!!END

@!!BEGIN
@!!type:obligation
@!!id:369
@!!loc:5528:32:5528:36
@!!status:trivial
@!!prover:tlapm
@!!already:false
@!!END

@!!BEGIN
@!!type:obligation
@!!id:370
@!!loc:5528:38:5528:43
@!!status:trivial
@!!prover:tlapm
@!!already:false
@!!END

@!!BEGIN
@!!type:obligation
@!!id:367
@!!loc:5528:23:5528:25
@!!status:proved
@!!prover:smt
@!!meth:time-limit: 60; time-used: 0.6 (1%)
@!!already:false
@!!END

@!!BEGIN
@!!type:obligation
@!!id:352
@!!loc:5506:3:5506:5
@!!status:proved
@!!prover:smt
@!!meth:time-limit: 60; time-used: 3.1 (5%)
@!!already:false
@!!END

@!!BEGIN
@!!type:obligation
@!!id:371
@!!loc:5528:45:5528:49
@!!status:trivial
@!!prover:tlapm
@!!already:false
@!!END

@!!BEGIN
@!!type:obligation
@!!id:372
@!!loc:5528:51:5528:55
@!!status:trivial
@!!prover:tlapm
@!!already:false
@!!END

@!!BEGIN
@!!type:obligation
@!!id:373
@!!loc:5528:57:5528:61
@!!status:trivial
@!!prover:tlapm
@!!already:false
@!!END

@!!BEGIN
@!!type:obligation
@!!id:374
@!!loc:5529:25:5529:27
@!!status:proved
@!!prover:smt
@!!meth:time-limit: 60
@!!already:true
@!!END

@!!BEGIN
@!!type:obligation
@!!id:375
@!!loc:5529:28:5529:32
@!!status:trivial
@!!prover:tlapm
@!!already:false
@!!END

@!!BEGIN
@!!type:obligation
@!!id:376
@!!loc:5529:34:5529:38
@!!status:trivial
@!!prover:tlapm
@!!already:false
@!!END

@!!BEGIN
@!!type:obligation
@!!id:377
@!!loc:5529:40:5529:45
@!!status:trivial
@!!prover:tlapm
@!!already:false
@!!END

@!!BEGIN
@!!type:obligation
@!!id:378
@!!loc:5529:47:5529:51
@!!status:trivial
@!!prover:tlapm
@!!already:false
@!!END

@!!BEGIN
@!!type:obligation
@!!id:380
@!!loc:5530:29:5530:33
@!!status:trivial
@!!prover:tlapm
@!!already:false
@!!END

@!!BEGIN
@!!type:obligation
@!!id:381
@!!loc:5530:35:5530:39
@!!status:trivial
@!!prover:tlapm
@!!already:false
@!!END

@!!BEGIN
@!!type:obligation
@!!id:382
@!!loc:5530:41:5530:45
@!!status:trivial
@!!prover:tlapm
@!!already:false
@!!END

@!!BEGIN
@!!type:obligation
@!!id:383
@!!loc:5530:47:5530:52
@!!status:trivial
@!!prover:tlapm
@!!already:false
@!!END

@!!BEGIN
@!!type:obligation
@!!id:384
@!!loc:5530:54:5530:58
@!!status:trivial
@!!prover:tlapm
@!!already:false
@!!END

@!!BEGIN
@!!type:obligation
@!!id:386
@!!loc:5531:28:5531:32
@!!status:trivial
@!!prover:tlapm
@!!already:false
@!!END

@!!BEGIN
@!!type:obligation
@!!id:387
@!!loc:5531:34:5531:38
@!!status:trivial
@!!prover:tlapm
@!!already:false
@!!END

@!!BEGIN
@!!type:obligation
@!!id:388
@!!loc:5531:40:5531:44
@!!status:trivial
@!!prover:tlapm
@!!already:false
@!!END

@!!BEGIN
@!!type:obligation
@!!id:389
@!!loc:5531:46:5531:51
@!!status:trivial
@!!prover:tlapm
@!!already:false
@!!END

@!!BEGIN
@!!type:obligation
@!!id:390
@!!loc:5531:53:5531:57
@!!status:trivial
@!!prover:tlapm
@!!already:false
@!!END

@!!BEGIN
@!!type:obligation
@!!id:385
@!!loc:5531:25:5531:27
@!!status:proved
@!!prover:smt
@!!meth:time-limit: 60; time-used: 2.0 (3%)
@!!already:false
@!!END

@!!BEGIN
@!!type:obligation
@!!id:379
@!!loc:5530:26:5530:28
@!!status:proved
@!!prover:smt
@!!meth:time-limit: 60; time-used: 3.9 (7%)
@!!already:false
@!!END

@!!BEGIN
@!!type:obligation
@!!id:392
@!!loc:5532:29:5532:33
@!!status:trivial
@!!prover:tlapm
@!!already:false
@!!END

@!!BEGIN
@!!type:obligation
@!!id:393
@!!loc:5532:35:5532:39
@!!status:trivial
@!!prover:tlapm
@!!already:false
@!!END

@!!BEGIN
@!!type:obligation
@!!id:394
@!!loc:5532:41:5532:45
@!!status:trivial
@!!prover:tlapm
@!!already:false
@!!END

@!!BEGIN
@!!type:obligation
@!!id:395
@!!loc:5532:47:5532:52
@!!status:trivial
@!!prover:tlapm
@!!already:false
@!!END

@!!BEGIN
@!!type:obligation
@!!id:396
@!!loc:5532:54:5532:58
@!!status:trivial
@!!prover:tlapm
@!!already:false
@!!END

@!!BEGIN
@!!type:obligation
@!!id:397
@!!loc:5576:10:5576:12
@!!status:proved
@!!prover:smt
@!!meth:time-limit: 60
@!!already:true
@!!END

@!!BEGIN
@!!type:obligation
@!!id:398
@!!loc:5576:13:5576:17
@!!status:trivial
@!!prover:tlapm
@!!already:false
@!!END

@!!BEGIN
@!!type:obligation
@!!id:399
@!!loc:5576:19:5576:23
@!!status:trivial
@!!prover:tlapm
@!!already:false
@!!END

@!!BEGIN
@!!type:obligation
@!!id:400
@!!loc:5576:25:5576:29
@!!status:trivial
@!!prover:tlapm
@!!already:false
@!!END

@!!BEGIN
@!!type:obligation
@!!id:401
@!!loc:5576:31:5576:36
@!!status:trivial
@!!prover:tlapm
@!!already:false
@!!END

@!!BEGIN
@!!type:obligation
@!!id:402
@!!loc:5576:38:5576:42
@!!status:trivial
@!!prover:tlapm
@!!already:false
@!!END

@!!BEGIN
@!!type:obligation
@!!id:403
@!!loc:5576:44:5576:48
@!!status:trivial
@!!prover:tlapm
@!!already:false
@!!END

@!!BEGIN
@!!type:obligation
@!!id:404
@!!loc:5576:50:5576:54
@!!status:trivial
@!!prover:tlapm
@!!already:false
@!!END

@!!BEGIN
@!!type:obligation
@!!id:405
@!!loc:5576:56:5576:60
@!!status:trivial
@!!prover:tlapm
@!!already:false
@!!END

@!!BEGIN
@!!type:obligation
@!!id:406
@!!loc:5576:62:5576:66
@!!status:trivial
@!!prover:tlapm
@!!already:false
@!!END

@!!BEGIN
@!!type:obligation
@!!id:407
@!!loc:5576:68:5576:72
@!!status:trivial
@!!prover:tlapm
@!!already:false
@!!END

@!!BEGIN
@!!type:obligation
@!!id:391
@!!loc:5532:26:5532:28
@!!status:proved
@!!prover:smt
@!!meth:time-limit: 60; time-used: 3.1 (5%)
@!!already:false
@!!END

@!!BEGIN
@!!type:obligation
@!!id:408
@!!loc:5576:74:5576:78
@!!status:trivial
@!!prover:tlapm
@!!already:false
@!!END

@!!BEGIN
@!!type:obligation
@!!id:409
@!!loc:5576:80:5576:87
@!!status:trivial
@!!prover:tlapm
@!!already:false
@!!END

@!!BEGIN
@!!type:obligation
@!!id:410
@!!loc:5538:14:5538:16
@!!status:proved
@!!prover:smt
@!!meth:time-limit: 60
@!!already:true
@!!END

@!!BEGIN
@!!type:obligation
@!!id:411
@!!loc:5539:14:5539:16
@!!status:proved
@!!prover:smt
@!!meth:time-limit: 60
@!!already:true
@!!END

@!!BEGIN
@!!type:obligation
@!!id:412
@!!loc:5539:17:5539:22
@!!status:trivial
@!!prover:tlapm
@!!already:false
@!!END

@!!BEGIN
@!!type:obligation
@!!id:413
@!!loc:5539:24:5539:33
@!!status:trivial
@!!prover:tlapm
@!!already:false
@!!END

@!!BEGIN
@!!type:obligation
@!!id:414
@!!loc:5540:71:5540:73
@!!status:proved
@!!prover:smt
@!!meth:time-limit: 60
@!!already:true
@!!END

@!!BEGIN
@!!type:obligation
@!!id:415
@!!loc:5542:3:5542:5
@!!status:proved
@!!prover:smt
@!!meth:time-limit: 60
@!!already:true
@!!END

@!!BEGIN
@!!type:obligation
@!!id:416
@!!loc:5543:35:5543:37
@!!status:proved
@!!prover:smt
@!!meth:time-limit: 60
@!!already:true
@!!END

@!!BEGIN
@!!type:obligation
@!!id:417
@!!loc:5543:38:5543:42
@!!status:trivial
@!!prover:tlapm
@!!already:false
@!!END

@!!BEGIN
@!!type:obligation
@!!id:418
@!!loc:5544:23:5544:25
@!!status:proved
@!!prover:smt
@!!meth:time-limit: 60
@!!already:true
@!!END

@!!BEGIN
@!!type:obligation
@!!id:419
@!!loc:5544:26:5544:30
@!!status:trivial
@!!prover:tlapm
@!!already:false
@!!END

@!!BEGIN
@!!type:obligation
@!!id:420
@!!loc:5549:3:5549:5
@!!status:proved
@!!prover:smt
@!!meth:time-limit: 60
@!!already:true
@!!END

@!!BEGIN
@!!type:obligation
@!!id:421
@!!loc:5549:6:5549:10
@!!status:trivial
@!!prover:tlapm
@!!already:false
@!!END

@!!BEGIN
@!!type:obligation
@!!id:422
@!!loc:5549:12:5549:24
@!!status:trivial
@!!prover:tlapm
@!!already:false
@!!END

@!!BEGIN
@!!type:obligation
@!!id:423
@!!loc:5550:26:5550:28
@!!status:proved
@!!prover:smt
@!!meth:time-limit: 60
@!!already:true
@!!END

@!!BEGIN
@!!type:obligation
@!!id:424
@!!loc:5551:70:5551:72
@!!status:proved
@!!prover:smt
@!!meth:time-limit: 60
@!!already:true
@!!END

@!!BEGIN
@!!type:obligation
@!!id:425
@!!loc:5552:13:5552:15
@!!status:proved
@!!prover:smt
@!!meth:time-limit: 60
@!!already:true
@!!END

@!!BEGIN
@!!type:obligation
@!!id:426
@!!loc:5553:28:5553:30
@!!status:proved
@!!prover:smt
@!!meth:time-limit: 60
@!!already:true
@!!END

@!!BEGIN
@!!type:obligation
@!!id:427
@!!loc:5553:31:5553:35
@!!status:trivial
@!!prover:tlapm
@!!already:false
@!!END

@!!BEGIN
@!!type:obligation
@!!id:428
@!!loc:5553:37:5553:41
@!!status:trivial
@!!prover:tlapm
@!!already:false
@!!END

@!!BEGIN
@!!type:obligation
@!!id:429
@!!loc:5553:43:5553:51
@!!status:trivial
@!!prover:tlapm
@!!already:false
@!!END

@!!BEGIN
@!!type:obligation
@!!id:430
@!!loc:5561:3:5561:5
@!!status:proved
@!!prover:smt
@!!meth:time-limit: 60
@!!already:true
@!!END

@!!BEGIN
@!!type:obligation
@!!id:431
@!!loc:5569:3:5569:5
@!!status:proved
@!!prover:smt
@!!meth:time-limit: 60
@!!already:true
@!!END

@!!BEGIN
@!!type:obligation
@!!id:432
@!!loc:5570:13:5570:15
@!!status:proved
@!!prover:smt
@!!meth:time-limit: 60
@!!already:true
@!!END

@!!BEGIN
@!!type:obligation
@!!id:433
@!!loc:5570:16:5570:20
@!!status:trivial
@!!prover:tlapm
@!!already:false
@!!END

@!!BEGIN
@!!type:obligation
@!!id:434
@!!loc:5570:22:5570:26
@!!status:trivial
@!!prover:tlapm
@!!already:false
@!!END

@!!BEGIN
@!!type:obligation
@!!id:435
@!!loc:5571:25:5571:27
@!!status:proved
@!!prover:smt
@!!meth:time-limit: 60
@!!already:true
@!!END

@!!BEGIN
@!!type:obligation
@!!id:436
@!!loc:5571:28:5571:32
@!!status:trivial
@!!prover:tlapm
@!!already:false
@!!END

@!!BEGIN
@!!type:obligation
@!!id:437
@!!loc:5571:34:5571:38
@!!status:trivial
@!!prover:tlapm
@!!already:false
@!!END

@!!BEGIN
@!!type:obligation
@!!id:438
@!!loc:5571:40:5571:45
@!!status:trivial
@!!prover:tlapm
@!!already:false
@!!END

@!!BEGIN
@!!type:obligation
@!!id:439
@!!loc:5571:47:5571:51
@!!status:trivial
@!!prover:tlapm
@!!already:false
@!!END

@!!BEGIN
@!!type:obligation
@!!id:440
@!!loc:5571:53:5571:57
@!!status:trivial
@!!prover:tlapm
@!!already:false
@!!END

@!!BEGIN
@!!type:obligation
@!!id:441
@!!loc:5571:59:5571:63
@!!status:trivial
@!!prover:tlapm
@!!already:false
@!!END

@!!BEGIN
@!!type:obligation
@!!id:442
@!!loc:5572:27:5572:29
@!!status:proved
@!!prover:smt
@!!meth:time-limit: 60
@!!already:true
@!!END

@!!BEGIN
@!!type:obligation
@!!id:443
@!!loc:5572:30:5572:34
@!!status:trivial
@!!prover:tlapm
@!!already:false
@!!END

@!!BEGIN
@!!type:obligation
@!!id:444
@!!loc:5572:36:5572:40
@!!status:trivial
@!!prover:tlapm
@!!already:false
@!!END

@!!BEGIN
@!!type:obligation
@!!id:445
@!!loc:5572:42:5572:47
@!!status:trivial
@!!prover:tlapm
@!!already:false
@!!END

@!!BEGIN
@!!type:obligation
@!!id:446
@!!loc:5572:49:5572:53
@!!status:trivial
@!!prover:tlapm
@!!already:false
@!!END

@!!BEGIN
@!!type:obligation
@!!id:447
@!!loc:5573:28:5573:30
@!!status:proved
@!!prover:smt
@!!meth:time-limit: 60
@!!already:true
@!!END

@!!BEGIN
@!!type:obligation
@!!id:448
@!!loc:5573:31:5573:35
@!!status:trivial
@!!prover:tlapm
@!!already:false
@!!END

@!!BEGIN
@!!type:obligation
@!!id:449
@!!loc:5573:37:5573:41
@!!status:trivial
@!!prover:tlapm
@!!already:false
@!!END

@!!BEGIN
@!!type:obligation
@!!id:450
@!!loc:5573:43:5573:47
@!!status:trivial
@!!prover:tlapm
@!!already:false
@!!END

@!!BEGIN
@!!type:obligation
@!!id:451
@!!loc:5573:49:5573:54
@!!status:trivial
@!!prover:tlapm
@!!already:false
@!!END

@!!BEGIN
@!!type:obligation
@!!id:452
@!!loc:5573:56:5573:60
@!!status:trivial
@!!prover:tlapm
@!!already:false
@!!END

@!!BEGIN
@!!type:obligation
@!!id:453
@!!loc:5574:27:5574:29
@!!status:proved
@!!prover:smt
@!!meth:time-limit: 60
@!!already:true
@!!END

@!!BEGIN
@!!type:obligation
@!!id:454
@!!loc:5574:30:5574:34
@!!status:trivial
@!!prover:tlapm
@!!already:false
@!!END

@!!BEGIN
@!!type:obligation
@!!id:455
@!!loc:5574:36:5574:40
@!!status:trivial
@!!prover:tlapm
@!!already:false
@!!END

@!!BEGIN
@!!type:obligation
@!!id:456
@!!loc:5574:42:5574:46
@!!status:trivial
@!!prover:tlapm
@!!already:false
@!!END

@!!BEGIN
@!!type:obligation
@!!id:457
@!!loc:5574:48:5574:53
@!!status:trivial
@!!prover:tlapm
@!!already:false
@!!END

@!!BEGIN
@!!type:obligation
@!!id:458
@!!loc:5574:55:5574:59
@!!status:trivial
@!!prover:tlapm
@!!already:false
@!!END

@!!BEGIN
@!!type:obligation
@!!id:459
@!!loc:5575:28:5575:30
@!!status:proved
@!!prover:smt
@!!meth:time-limit: 60
@!!already:true
@!!END

@!!BEGIN
@!!type:obligation
@!!id:460
@!!loc:5575:31:5575:35
@!!status:trivial
@!!prover:tlapm
@!!already:false
@!!END

@!!BEGIN
@!!type:obligation
@!!id:461
@!!loc:5575:37:5575:41
@!!status:trivial
@!!prover:tlapm
@!!already:false
@!!END

@!!BEGIN
@!!type:obligation
@!!id:462
@!!loc:5575:43:5575:47
@!!status:trivial
@!!prover:tlapm
@!!already:false
@!!END

@!!BEGIN
@!!type:obligation
@!!id:463
@!!loc:5575:49:5575:54
@!!status:trivial
@!!prover:tlapm
@!!already:false
@!!END

@!!BEGIN
@!!type:obligation
@!!id:464
@!!loc:5575:56:5575:60
@!!status:trivial
@!!prover:tlapm
@!!already:false
@!!END

@!!BEGIN
@!!type:obligation
@!!id:465
@!!loc:5619:10:5619:12
@!!status:proved
@!!prover:smt
@!!meth:time-limit: 60
@!!already:true
@!!END

@!!BEGIN
@!!type:obligation
@!!id:466
@!!loc:5619:13:5619:17
@!!status:trivial
@!!prover:tlapm
@!!already:false
@!!END

@!!BEGIN
@!!type:obligation
@!!id:467
@!!loc:5619:19:5619:23
@!!status:trivial
@!!prover:tlapm
@!!already:false
@!!END

@!!BEGIN
@!!type:obligation
@!!id:468
@!!loc:5619:25:5619:29
@!!status:trivial
@!!prover:tlapm
@!!already:false
@!!END

@!!BEGIN
@!!type:obligation
@!!id:469
@!!loc:5619:31:5619:36
@!!status:trivial
@!!prover:tlapm
@!!already:false
@!!END

@!!BEGIN
@!!type:obligation
@!!id:470
@!!loc:5619:38:5619:42
@!!status:trivial
@!!prover:tlapm
@!!already:false
@!!END

@!!BEGIN
@!!type:obligation
@!!id:471
@!!loc:5619:44:5619:48
@!!status:trivial
@!!prover:tlapm
@!!already:false
@!!END

@!!BEGIN
@!!type:obligation
@!!id:472
@!!loc:5619:50:5619:54
@!!status:trivial
@!!prover:tlapm
@!!already:false
@!!END

@!!BEGIN
@!!type:obligation
@!!id:473
@!!loc:5619:56:5619:60
@!!status:trivial
@!!prover:tlapm
@!!already:false
@!!END

@!!BEGIN
@!!type:obligation
@!!id:474
@!!loc:5619:62:5619:66
@!!status:trivial
@!!prover:tlapm
@!!already:false
@!!END

@!!BEGIN
@!!type:obligation
@!!id:475
@!!loc:5619:68:5619:72
@!!status:trivial
@!!prover:tlapm
@!!already:false
@!!END

@!!BEGIN
@!!type:obligation
@!!id:476
@!!loc:5619:74:5619:78
@!!status:trivial
@!!prover:tlapm
@!!already:false
@!!END

@!!BEGIN
@!!type:obligation
@!!id:477
@!!loc:5619:80:5619:87
@!!status:trivial
@!!prover:tlapm
@!!already:false
@!!END

@!!BEGIN
@!!type:obligation
@!!id:478
@!!loc:5581:14:5581:16
@!!status:proved
@!!prover:smt
@!!meth:time-limit: 60
@!!already:true
@!!END

@!!BEGIN
@!!type:obligation
@!!id:479
@!!loc:5582:14:5582:16
@!!status:proved
@!!prover:smt
@!!meth:time-limit: 60
@!!already:true
@!!END

@!!BEGIN
@!!type:obligation
@!!id:480
@!!loc:5582:17:5582:22
@!!status:trivial
@!!prover:tlapm
@!!already:false
@!!END

@!!BEGIN
@!!type:obligation
@!!id:481
@!!loc:5582:24:5582:35
@!!status:trivial
@!!prover:tlapm
@!!already:false
@!!END

@!!BEGIN
@!!type:obligation
@!!id:482
@!!loc:5583:71:5583:73
@!!status:proved
@!!prover:smt
@!!meth:time-limit: 60
@!!already:true
@!!END

@!!BEGIN
@!!type:obligation
@!!id:483
@!!loc:5585:3:5585:5
@!!status:proved
@!!prover:smt
@!!meth:time-limit: 60
@!!already:true
@!!END

@!!BEGIN
@!!type:obligation
@!!id:484
@!!loc:5586:35:5586:37
@!!status:proved
@!!prover:smt
@!!meth:time-limit: 60
@!!already:true
@!!END

@!!BEGIN
@!!type:obligation
@!!id:485
@!!loc:5586:38:5586:42
@!!status:trivial
@!!prover:tlapm
@!!already:false
@!!END

@!!BEGIN
@!!type:obligation
@!!id:486
@!!loc:5587:23:5587:25
@!!status:proved
@!!prover:smt
@!!meth:time-limit: 60
@!!already:true
@!!END

@!!BEGIN
@!!type:obligation
@!!id:487
@!!loc:5587:26:5587:30
@!!status:trivial
@!!prover:tlapm
@!!already:false
@!!END

@!!BEGIN
@!!type:obligation
@!!id:489
@!!loc:5592:6:5592:10
@!!status:trivial
@!!prover:tlapm
@!!already:false
@!!END

@!!BEGIN
@!!type:obligation
@!!id:490
@!!loc:5592:12:5592:24
@!!status:trivial
@!!prover:tlapm
@!!already:false
@!!END

@!!BEGIN
@!!type:obligation
@!!id:491
@!!loc:5593:26:5593:28
@!!status:proved
@!!prover:smt
@!!meth:time-limit: 60
@!!already:true
@!!END

@!!BEGIN
@!!type:obligation
@!!id:492
@!!loc:5594:92:5594:94
@!!status:proved
@!!prover:smt
@!!meth:time-limit: 60
@!!already:true
@!!END

@!!BEGIN
@!!type:obligation
@!!id:494
@!!loc:5595:23:5595:25
@!!status:proved
@!!prover:smt
@!!meth:time-limit: 60
@!!already:true
@!!END

@!!BEGIN
@!!type:obligation
@!!id:495
@!!loc:5596:30:5596:32
@!!status:proved
@!!prover:smt
@!!meth:time-limit: 60
@!!already:true
@!!END

@!!BEGIN
@!!type:obligation
@!!id:496
@!!loc:5596:33:5596:37
@!!status:trivial
@!!prover:tlapm
@!!already:false
@!!END

@!!BEGIN
@!!type:obligation
@!!id:497
@!!loc:5596:39:5596:43
@!!status:trivial
@!!prover:tlapm
@!!already:false
@!!END

@!!BEGIN
@!!type:obligation
@!!id:498
@!!loc:5596:45:5596:53
@!!status:trivial
@!!prover:tlapm
@!!already:false
@!!END

@!!BEGIN
@!!type:obligation
@!!id:499
@!!loc:5604:3:5604:5
@!!status:proved
@!!prover:smt
@!!meth:time-limit: 60
@!!already:true
@!!END

@!!BEGIN
@!!type:obligation
@!!id:500
@!!loc:5612:3:5612:5
@!!status:proved
@!!prover:smt
@!!meth:time-limit: 60
@!!already:true
@!!END

@!!BEGIN
@!!type:obligation
@!!id:501
@!!loc:5613:13:5613:15
@!!status:proved
@!!prover:smt
@!!meth:time-limit: 60
@!!already:true
@!!END

@!!BEGIN
@!!type:obligation
@!!id:502
@!!loc:5613:16:5613:20
@!!status:trivial
@!!prover:tlapm
@!!already:false
@!!END

@!!BEGIN
@!!type:obligation
@!!id:503
@!!loc:5613:22:5613:26
@!!status:trivial
@!!prover:tlapm
@!!already:false
@!!END

@!!BEGIN
@!!type:obligation
@!!id:505
@!!loc:5614:30:5614:34
@!!status:trivial
@!!prover:tlapm
@!!already:false
@!!END

@!!BEGIN
@!!type:obligation
@!!id:506
@!!loc:5614:36:5614:40
@!!status:trivial
@!!prover:tlapm
@!!already:false
@!!END

@!!BEGIN
@!!type:obligation
@!!id:504
@!!loc:5614:27:5614:29
@!!status:proved
@!!prover:smt
@!!meth:time-limit: 60; time-used: 0.4 (1%)
@!!already:false
@!!END

@!!BEGIN
@!!type:obligation
@!!id:488
@!!loc:5592:3:5592:5
@!!status:proved
@!!prover:smt
@!!meth:time-limit: 60; time-used: 3.1 (5%)
@!!already:false
@!!END

@!!BEGIN
@!!type:obligation
@!!id:507
@!!loc:5614:42:5614:47
@!!status:trivial
@!!prover:tlapm
@!!already:false
@!!END

@!!BEGIN
@!!type:obligation
@!!id:508
@!!loc:5614:49:5614:53
@!!status:trivial
@!!prover:tlapm
@!!already:false
@!!END

@!!BEGIN
@!!type:obligation
@!!id:509
@!!loc:5614:55:5614:59
@!!status:trivial
@!!prover:tlapm
@!!already:false
@!!END

@!!BEGIN
@!!type:obligation
@!!id:510
@!!loc:5614:61:5614:65
@!!status:trivial
@!!prover:tlapm
@!!already:false
@!!END

@!!BEGIN
@!!type:obligation
@!!id:511
@!!loc:5615:29:5615:31
@!!status:proved
@!!prover:smt
@!!meth:time-limit: 60
@!!already:true
@!!END

@!!BEGIN
@!!type:obligation
@!!id:512
@!!loc:5615:32:5615:36
@!!status:trivial
@!!prover:tlapm
@!!already:false
@!!END

@!!BEGIN
@!!type:obligation
@!!id:513
@!!loc:5615:38:5615:42
@!!status:trivial
@!!prover:tlapm
@!!already:false
@!!END

@!!BEGIN
@!!type:obligation
@!!id:514
@!!loc:5615:44:5615:49
@!!status:trivial
@!!prover:tlapm
@!!already:false
@!!END

@!!BEGIN
@!!type:obligation
@!!id:515
@!!loc:5616:30:5616:32
@!!status:proved
@!!prover:smt
@!!meth:time-limit: 60
@!!already:true
@!!END

@!!BEGIN
@!!type:obligation
@!!id:516
@!!loc:5616:33:5616:37
@!!status:trivial
@!!prover:tlapm
@!!already:false
@!!END

@!!BEGIN
@!!type:obligation
@!!id:517
@!!loc:5616:39:5616:43
@!!status:trivial
@!!prover:tlapm
@!!already:false
@!!END

@!!BEGIN
@!!type:obligation
@!!id:518
@!!loc:5616:45:5616:49
@!!status:trivial
@!!prover:tlapm
@!!already:false
@!!END

@!!BEGIN
@!!type:obligation
@!!id:519
@!!loc:5617:29:5617:31
@!!status:proved
@!!prover:smt
@!!meth:time-limit: 60
@!!already:true
@!!END

@!!BEGIN
@!!type:obligation
@!!id:520
@!!loc:5617:32:5617:36
@!!status:trivial
@!!prover:tlapm
@!!already:false
@!!END

@!!BEGIN
@!!type:obligation
@!!id:521
@!!loc:5617:38:5617:42
@!!status:trivial
@!!prover:tlapm
@!!already:false
@!!END

@!!BEGIN
@!!type:obligation
@!!id:522
@!!loc:5617:44:5617:48
@!!status:trivial
@!!prover:tlapm
@!!already:false
@!!END

@!!BEGIN
@!!type:obligation
@!!id:523
@!!loc:5618:30:5618:32
@!!status:proved
@!!prover:smt
@!!meth:time-limit: 60
@!!already:true
@!!END

@!!BEGIN
@!!type:obligation
@!!id:524
@!!loc:5618:33:5618:37
@!!status:trivial
@!!prover:tlapm
@!!already:false
@!!END

@!!BEGIN
@!!type:obligation
@!!id:525
@!!loc:5618:39:5618:43
@!!status:trivial
@!!prover:tlapm
@!!already:false
@!!END

@!!BEGIN
@!!type:obligation
@!!id:526
@!!loc:5618:45:5618:49
@!!status:trivial
@!!prover:tlapm
@!!already:false
@!!END

@!!BEGIN
@!!type:obligation
@!!id:527
@!!loc:5705:10:5705:12
@!!status:proved
@!!prover:smt
@!!meth:time-limit: 60
@!!already:true
@!!END

@!!BEGIN
@!!type:obligation
@!!id:528
@!!loc:5705:13:5705:17
@!!status:trivial
@!!prover:tlapm
@!!already:false
@!!END

@!!BEGIN
@!!type:obligation
@!!id:529
@!!loc:5705:19:5705:23
@!!status:trivial
@!!prover:tlapm
@!!already:false
@!!END

@!!BEGIN
@!!type:obligation
@!!id:530
@!!loc:5624:14:5624:16
@!!status:proved
@!!prover:smt
@!!meth:time-limit: 60
@!!already:true
@!!END

@!!BEGIN
@!!type:obligation
@!!id:531
@!!loc:5625:14:5625:16
@!!status:proved
@!!prover:smt
@!!meth:time-limit: 60
@!!already:true
@!!END

@!!BEGIN
@!!type:obligation
@!!id:532
@!!loc:5625:17:5625:22
@!!status:trivial
@!!prover:tlapm
@!!already:false
@!!END

@!!BEGIN
@!!type:obligation
@!!id:533
@!!loc:5625:24:5625:34
@!!status:trivial
@!!prover:tlapm
@!!already:false
@!!END

@!!BEGIN
@!!type:obligation
@!!id:534
@!!loc:5626:71:5626:73
@!!status:proved
@!!prover:smt
@!!meth:time-limit: 60
@!!already:true
@!!END

@!!BEGIN
@!!type:obligation
@!!id:535
@!!loc:5628:3:5628:5
@!!status:proved
@!!prover:smt
@!!meth:time-limit: 60
@!!already:true
@!!END

@!!BEGIN
@!!type:obligation
@!!id:536
@!!loc:5629:35:5629:37
@!!status:proved
@!!prover:smt
@!!meth:time-limit: 60
@!!already:true
@!!END

@!!BEGIN
@!!type:obligation
@!!id:537
@!!loc:5629:38:5629:42
@!!status:trivial
@!!prover:tlapm
@!!already:false
@!!END

@!!BEGIN
@!!type:obligation
@!!id:538
@!!loc:5630:23:5630:25
@!!status:proved
@!!prover:smt
@!!meth:time-limit: 60
@!!already:true
@!!END

@!!BEGIN
@!!type:obligation
@!!id:539
@!!loc:5630:26:5630:30
@!!status:trivial
@!!prover:tlapm
@!!already:false
@!!END

@!!BEGIN
@!!type:obligation
@!!id:540
@!!loc:5635:3:5635:5
@!!status:proved
@!!prover:smt
@!!meth:time-limit: 60
@!!already:true
@!!END

@!!BEGIN
@!!type:obligation
@!!id:541
@!!loc:5635:6:5635:10
@!!status:trivial
@!!prover:tlapm
@!!already:false
@!!END

@!!BEGIN
@!!type:obligation
@!!id:542
@!!loc:5635:12:5635:24
@!!status:trivial
@!!prover:tlapm
@!!already:false
@!!END

@!!BEGIN
@!!type:obligation
@!!id:543
@!!loc:5636:26:5636:28
@!!status:proved
@!!prover:smt
@!!meth:time-limit: 60
@!!already:true
@!!END

@!!BEGIN
@!!type:obligation
@!!id:544
@!!loc:5637:46:5637:48
@!!status:proved
@!!prover:smt
@!!meth:time-limit: 60
@!!already:true
@!!END

@!!BEGIN
@!!type:obligation
@!!id:545
@!!loc:5637:49:5637:61
@!!status:trivial
@!!prover:tlapm
@!!already:false
@!!END

@!!BEGIN
@!!type:obligation
@!!id:546
@!!loc:5664:12:5664:14
@!!status:proved
@!!prover:smt
@!!meth:time-limit: 60
@!!already:true
@!!END

@!!BEGIN
@!!type:obligation
@!!id:547
@!!loc:5664:15:5664:19
@!!status:trivial
@!!prover:tlapm
@!!already:false
@!!END

@!!BEGIN
@!!type:obligation
@!!id:548
@!!loc:5664:21:5664:25
@!!status:trivial
@!!prover:tlapm
@!!already:false
@!!END

@!!BEGIN
@!!type:obligation
@!!id:549
@!!loc:5664:27:5664:31
@!!status:trivial
@!!prover:tlapm
@!!already:false
@!!END

@!!BEGIN
@!!type:obligation
@!!id:550
@!!loc:5664:33:5664:38
@!!status:trivial
@!!prover:tlapm
@!!already:false
@!!END

@!!BEGIN
@!!type:obligation
@!!id:551
@!!loc:5664:40:5664:44
@!!status:trivial
@!!prover:tlapm
@!!already:false
@!!END

@!!BEGIN
@!!type:obligation
@!!id:552
@!!loc:5664:46:5664:50
@!!status:trivial
@!!prover:tlapm
@!!already:false
@!!END

@!!BEGIN
@!!type:obligation
@!!id:553
@!!loc:5664:52:5664:56
@!!status:trivial
@!!prover:tlapm
@!!already:false
@!!END

@!!BEGIN
@!!type:obligation
@!!id:554
@!!loc:5664:58:5664:62
@!!status:trivial
@!!prover:tlapm
@!!already:false
@!!END

@!!BEGIN
@!!type:obligation
@!!id:555
@!!loc:5664:64:5664:68
@!!status:trivial
@!!prover:tlapm
@!!already:false
@!!END

@!!BEGIN
@!!type:obligation
@!!id:556
@!!loc:5664:70:5664:74
@!!status:trivial
@!!prover:tlapm
@!!already:false
@!!END

@!!BEGIN
@!!type:obligation
@!!id:557
@!!loc:5664:76:5664:80
@!!status:trivial
@!!prover:tlapm
@!!already:false
@!!END

@!!BEGIN
@!!type:obligation
@!!id:558
@!!loc:5664:82:5664:89
@!!status:trivial
@!!prover:tlapm
@!!already:false
@!!END

@!!BEGIN
@!!type:obligation
@!!id:559
@!!loc:5639:75:5639:77
@!!status:proved
@!!prover:smt
@!!meth:time-limit: 60
@!!already:true
@!!END

@!!BEGIN
@!!type:obligation
@!!id:560
@!!loc:5639:78:5639:82
@!!status:trivial
@!!prover:tlapm
@!!already:false
@!!END

@!!BEGIN
@!!type:obligation
@!!id:561
@!!loc:5640:35:5640:37
@!!status:proved
@!!prover:smt
@!!meth:time-limit: 60
@!!already:true
@!!END

@!!BEGIN
@!!type:obligation
@!!id:562
@!!loc:5641:33:5641:35
@!!status:proved
@!!prover:smt
@!!meth:time-limit: 60
@!!already:true
@!!END

@!!BEGIN
@!!type:obligation
@!!id:563
@!!loc:5641:36:5641:40
@!!status:trivial
@!!prover:tlapm
@!!already:false
@!!END

@!!BEGIN
@!!type:obligation
@!!id:564
@!!loc:5641:42:5641:46
@!!status:trivial
@!!prover:tlapm
@!!already:false
@!!END

@!!BEGIN
@!!type:obligation
@!!id:565
@!!loc:5641:48:5641:56
@!!status:trivial
@!!prover:tlapm
@!!already:false
@!!END

@!!BEGIN
@!!type:obligation
@!!id:566
@!!loc:5649:5:5649:7
@!!status:proved
@!!prover:smt
@!!meth:time-limit: 60
@!!already:true
@!!END

@!!BEGIN
@!!type:obligation
@!!id:567
@!!loc:5657:5:5657:7
@!!status:proved
@!!prover:smt
@!!meth:time-limit: 60
@!!already:true
@!!END

@!!BEGIN
@!!type:obligation
@!!id:568
@!!loc:5658:15:5658:17
@!!status:proved
@!!prover:smt
@!!meth:time-limit: 60
@!!already:true
@!!END

@!!BEGIN
@!!type:obligation
@!!id:569
@!!loc:5658:18:5658:22
@!!status:trivial
@!!prover:tlapm
@!!already:false
@!!END

@!!BEGIN
@!!type:obligation
@!!id:570
@!!loc:5658:24:5658:28
@!!status:trivial
@!!prover:tlapm
@!!already:false
@!!END

@!!BEGIN
@!!type:obligation
@!!id:572
@!!loc:5659:33:5659:37
@!!status:trivial
@!!prover:tlapm
@!!already:false
@!!END

@!!BEGIN
@!!type:obligation
@!!id:573
@!!loc:5659:39:5659:43
@!!status:trivial
@!!prover:tlapm
@!!already:false
@!!END

@!!BEGIN
@!!type:obligation
@!!id:574
@!!loc:5659:45:5659:50
@!!status:trivial
@!!prover:tlapm
@!!already:false
@!!END

@!!BEGIN
@!!type:obligation
@!!id:575
@!!loc:5659:52:5659:56
@!!status:trivial
@!!prover:tlapm
@!!already:false
@!!END

@!!BEGIN
@!!type:obligation
@!!id:576
@!!loc:5659:58:5659:62
@!!status:trivial
@!!prover:tlapm
@!!already:false
@!!END

@!!BEGIN
@!!type:obligation
@!!id:577
@!!loc:5659:64:5659:68
@!!status:trivial
@!!prover:tlapm
@!!already:false
@!!END

@!!BEGIN
@!!type:obligation
@!!id:578
@!!loc:5660:32:5660:34
@!!status:proved
@!!prover:smt
@!!meth:time-limit: 60
@!!already:true
@!!END

@!!BEGIN
@!!type:obligation
@!!id:579
@!!loc:5660:35:5660:39
@!!status:trivial
@!!prover:tlapm
@!!already:false
@!!END

@!!BEGIN
@!!type:obligation
@!!id:580
@!!loc:5660:41:5660:45
@!!status:trivial
@!!prover:tlapm
@!!already:false
@!!END

@!!BEGIN
@!!type:obligation
@!!id:581
@!!loc:5660:47:5660:52
@!!status:trivial
@!!prover:tlapm
@!!already:false
@!!END

@!!BEGIN
@!!type:obligation
@!!id:582
@!!loc:5660:54:5660:58
@!!status:trivial
@!!prover:tlapm
@!!already:false
@!!END

@!!BEGIN
@!!type:obligation
@!!id:571
@!!loc:5659:30:5659:32
@!!status:proved
@!!prover:smt
@!!meth:time-limit: 60; time-used: 3.2 (5%)
@!!already:false
@!!END

@!!BEGIN
@!!type:obligation
@!!id:584
@!!loc:5661:36:5661:40
@!!status:trivial
@!!prover:tlapm
@!!already:false
@!!END

@!!BEGIN
@!!type:obligation
@!!id:585
@!!loc:5661:42:5661:46
@!!status:trivial
@!!prover:tlapm
@!!already:false
@!!END

@!!BEGIN
@!!type:obligation
@!!id:586
@!!loc:5661:48:5661:52
@!!status:trivial
@!!prover:tlapm
@!!already:false
@!!END

@!!BEGIN
@!!type:obligation
@!!id:587
@!!loc:5661:54:5661:59
@!!status:trivial
@!!prover:tlapm
@!!already:false
@!!END

@!!BEGIN
@!!type:obligation
@!!id:588
@!!loc:5661:61:5661:65
@!!status:trivial
@!!prover:tlapm
@!!already:false
@!!END

@!!BEGIN
@!!type:obligation
@!!id:590
@!!loc:5662:35:5662:39
@!!status:trivial
@!!prover:tlapm
@!!already:false
@!!END

@!!BEGIN
@!!type:obligation
@!!id:591
@!!loc:5662:41:5662:45
@!!status:trivial
@!!prover:tlapm
@!!already:false
@!!END

@!!BEGIN
@!!type:obligation
@!!id:592
@!!loc:5662:47:5662:51
@!!status:trivial
@!!prover:tlapm
@!!already:false
@!!END

@!!BEGIN
@!!type:obligation
@!!id:593
@!!loc:5662:53:5662:58
@!!status:trivial
@!!prover:tlapm
@!!already:false
@!!END

@!!BEGIN
@!!type:obligation
@!!id:589
@!!loc:5662:32:5662:34
@!!status:proved
@!!prover:smt
@!!meth:time-limit: 60; time-used: 0.8 (1%)
@!!already:false
@!!END

@!!BEGIN
@!!type:obligation
@!!id:583
@!!loc:5661:33:5661:35
@!!status:proved
@!!prover:smt
@!!meth:time-limit: 60; time-used: 3.1 (5%)
@!!already:false
@!!END

@!!BEGIN
@!!type:obligation
@!!id:594
@!!loc:5662:60:5662:64
@!!status:trivial
@!!prover:tlapm
@!!already:false
@!!END

@!!BEGIN
@!!type:obligation
@!!id:596
@!!loc:5663:36:5663:40
@!!status:trivial
@!!prover:tlapm
@!!already:false
@!!END

@!!BEGIN
@!!type:obligation
@!!id:597
@!!loc:5663:42:5663:46
@!!status:trivial
@!!prover:tlapm
@!!already:false
@!!END

@!!BEGIN
@!!type:obligation
@!!id:598
@!!loc:5663:48:5663:52
@!!status:trivial
@!!prover:tlapm
@!!already:false
@!!END

@!!BEGIN
@!!type:obligation
@!!id:599
@!!loc:5663:54:5663:59
@!!status:trivial
@!!prover:tlapm
@!!already:false
@!!END

@!!BEGIN
@!!type:obligation
@!!id:600
@!!loc:5663:61:5663:65
@!!status:trivial
@!!prover:tlapm
@!!already:false
@!!END

@!!BEGIN
@!!type:obligation
@!!id:601
@!!loc:5704:12:5704:14
@!!status:proved
@!!prover:smt
@!!meth:time-limit: 60
@!!already:true
@!!END

@!!BEGIN
@!!type:obligation
@!!id:602
@!!loc:5704:15:5704:19
@!!status:trivial
@!!prover:tlapm
@!!already:false
@!!END

@!!BEGIN
@!!type:obligation
@!!id:603
@!!loc:5704:21:5704:25
@!!status:trivial
@!!prover:tlapm
@!!already:false
@!!END

@!!BEGIN
@!!type:obligation
@!!id:604
@!!loc:5704:27:5704:31
@!!status:trivial
@!!prover:tlapm
@!!already:false
@!!END

@!!BEGIN
@!!type:obligation
@!!id:605
@!!loc:5704:33:5704:38
@!!status:trivial
@!!prover:tlapm
@!!already:false
@!!END

@!!BEGIN
@!!type:obligation
@!!id:606
@!!loc:5704:40:5704:44
@!!status:trivial
@!!prover:tlapm
@!!already:false
@!!END

@!!BEGIN
@!!type:obligation
@!!id:607
@!!loc:5704:46:5704:50
@!!status:trivial
@!!prover:tlapm
@!!already:false
@!!END

@!!BEGIN
@!!type:obligation
@!!id:608
@!!loc:5704:52:5704:56
@!!status:trivial
@!!prover:tlapm
@!!already:false
@!!END

@!!BEGIN
@!!type:obligation
@!!id:609
@!!loc:5704:58:5704:62
@!!status:trivial
@!!prover:tlapm
@!!already:false
@!!END

@!!BEGIN
@!!type:obligation
@!!id:610
@!!loc:5704:64:5704:68
@!!status:trivial
@!!prover:tlapm
@!!already:false
@!!END

@!!BEGIN
@!!type:obligation
@!!id:611
@!!loc:5704:70:5704:74
@!!status:trivial
@!!prover:tlapm
@!!already:false
@!!END

@!!BEGIN
@!!type:obligation
@!!id:595
@!!loc:5663:33:5663:35
@!!status:proved
@!!prover:smt
@!!meth:time-limit: 60; time-used: 3.1 (5%)
@!!already:false
@!!END

@!!BEGIN
@!!type:obligation
@!!id:612
@!!loc:5704:76:5704:80
@!!status:trivial
@!!prover:tlapm
@!!already:false
@!!END

@!!BEGIN
@!!type:obligation
@!!id:613
@!!loc:5704:82:5704:89
@!!status:trivial
@!!prover:tlapm
@!!already:false
@!!END

@!!BEGIN
@!!type:obligation
@!!id:614
@!!loc:5666:114:5666:116
@!!status:proved
@!!prover:smt
@!!meth:time-limit: 60
@!!already:true
@!!END

@!!BEGIN
@!!type:obligation
@!!id:615
@!!loc:5666:117:5666:121
@!!status:trivial
@!!prover:tlapm
@!!already:false
@!!END

@!!BEGIN
@!!type:obligation
@!!id:617
@!!loc:5667:35:5667:37
@!!status:proved
@!!prover:smt
@!!meth:time-limit: 60
@!!already:true
@!!END

@!!BEGIN
@!!type:obligation
@!!id:618
@!!loc:5668:34:5668:36
@!!status:proved
@!!prover:smt
@!!meth:time-limit: 60
@!!already:true
@!!END

@!!BEGIN
@!!type:obligation
@!!id:619
@!!loc:5668:37:5668:41
@!!status:trivial
@!!prover:tlapm
@!!already:false
@!!END

@!!BEGIN
@!!type:obligation
@!!id:620
@!!loc:5668:43:5668:47
@!!status:trivial
@!!prover:tlapm
@!!already:false
@!!END

@!!BEGIN
@!!type:obligation
@!!id:621
@!!loc:5668:49:5668:57
@!!status:trivial
@!!prover:tlapm
@!!already:false
@!!END

@!!BEGIN
@!!type:obligation
@!!id:622
@!!loc:5677:5:5677:7
@!!status:proved
@!!prover:smt
@!!meth:time-limit: 60
@!!already:true
@!!END

@!!BEGIN
@!!type:obligation
@!!id:623
@!!loc:5685:5:5685:7
@!!status:proved
@!!prover:smt
@!!meth:time-limit: 60
@!!already:true
@!!END

@!!BEGIN
@!!type:obligation
@!!id:624
@!!loc:5686:15:5686:17
@!!status:proved
@!!prover:smt
@!!meth:time-limit: 60
@!!already:true
@!!END

@!!BEGIN
@!!type:obligation
@!!id:625
@!!loc:5686:18:5686:22
@!!status:trivial
@!!prover:tlapm
@!!already:false
@!!END

@!!BEGIN
@!!type:obligation
@!!id:626
@!!loc:5686:24:5686:28
@!!status:trivial
@!!prover:tlapm
@!!already:false
@!!END

@!!BEGIN
@!!type:obligation
@!!id:628
@!!loc:5687:34:5687:38
@!!status:trivial
@!!prover:tlapm
@!!already:false
@!!END

@!!BEGIN
@!!type:obligation
@!!id:629
@!!loc:5687:40:5687:44
@!!status:trivial
@!!prover:tlapm
@!!already:false
@!!END

@!!BEGIN
@!!type:obligation
@!!id:630
@!!loc:5687:46:5687:50
@!!status:trivial
@!!prover:tlapm
@!!already:false
@!!END

@!!BEGIN
@!!type:obligation
@!!id:631
@!!loc:5687:52:5687:56
@!!status:trivial
@!!prover:tlapm
@!!already:false
@!!END

@!!BEGIN
@!!type:obligation
@!!id:632
@!!loc:5687:58:5687:62
@!!status:trivial
@!!prover:tlapm
@!!already:false
@!!END

@!!BEGIN
@!!type:obligation
@!!id:633
@!!loc:5700:14:5700:16
@!!status:proved
@!!prover:smt
@!!meth:time-limit: 60
@!!already:true
@!!END

@!!BEGIN
@!!type:obligation
@!!id:634
@!!loc:5700:17:5700:21
@!!status:trivial
@!!prover:tlapm
@!!already:false
@!!END

@!!BEGIN
@!!type:obligation
@!!id:635
@!!loc:5700:23:5700:27
@!!status:trivial
@!!prover:tlapm
@!!already:false
@!!END

@!!BEGIN
@!!type:obligation
@!!id:636
@!!loc:5690:7:5690:9
@!!status:proved
@!!prover:smt
@!!meth:time-limit: 60
@!!already:true
@!!END

@!!BEGIN
@!!type:obligation
@!!id:637
@!!loc:5690:10:5690:14
@!!status:trivial
@!!prover:tlapm
@!!already:false
@!!END

@!!BEGIN
@!!type:obligation
@!!id:638
@!!loc:5690:16:5690:20
@!!status:trivial
@!!prover:tlapm
@!!already:false
@!!END

@!!BEGIN
@!!type:obligation
@!!id:639
@!!loc:5690:22:5690:26
@!!status:trivial
@!!prover:tlapm
@!!already:false
@!!END

@!!BEGIN
@!!type:obligation
@!!id:640
@!!loc:5690:28:5690:32
@!!status:trivial
@!!prover:tlapm
@!!already:false
@!!END

@!!BEGIN
@!!type:obligation
@!!id:641
@!!loc:5690:34:5690:38
@!!status:trivial
@!!prover:tlapm
@!!already:false
@!!END

@!!BEGIN
@!!type:obligation
@!!id:642
@!!loc:5699:16:5699:18
@!!status:proved
@!!prover:smt
@!!meth:time-limit: 60
@!!already:true
@!!END

@!!BEGIN
@!!type:obligation
@!!id:643
@!!loc:5699:19:5699:23
@!!status:trivial
@!!prover:tlapm
@!!already:false
@!!END

@!!BEGIN
@!!type:obligation
@!!id:644
@!!loc:5699:25:5699:29
@!!status:trivial
@!!prover:tlapm
@!!already:false
@!!END

@!!BEGIN
@!!type:obligation
@!!id:627
@!!loc:5687:31:5687:33
@!!status:proved
@!!prover:smt
@!!meth:time-limit: 60; time-used: 3.0 (5%)
@!!already:false
@!!END

@!!BEGIN
@!!type:obligation
@!!id:645
@!!loc:5699:31:5699:35
@!!status:trivial
@!!prover:tlapm
@!!already:false
@!!END

@!!BEGIN
@!!type:obligation
@!!id:646
@!!loc:5699:37:5699:41
@!!status:trivial
@!!prover:tlapm
@!!already:false
@!!END

@!!BEGIN
@!!type:obligation
@!!id:647
@!!loc:5699:43:5699:47
@!!status:trivial
@!!prover:tlapm
@!!already:false
@!!END

@!!BEGIN
@!!type:obligation
@!!id:648
@!!loc:5699:49:5699:53
@!!status:trivial
@!!prover:tlapm
@!!already:false
@!!END

@!!BEGIN
@!!type:obligation
@!!id:649
@!!loc:5699:55:5699:59
@!!status:trivial
@!!prover:tlapm
@!!already:false
@!!END

@!!BEGIN
@!!type:obligation
@!!id:650
@!!loc:5694:44:5694:46
@!!status:proved
@!!prover:smt
@!!meth:time-limit: 60
@!!already:true
@!!END

@!!BEGIN
@!!type:obligation
@!!id:651
@!!loc:5694:47:5694:51
@!!status:trivial
@!!prover:tlapm
@!!already:false
@!!END

@!!BEGIN
@!!type:obligation
@!!id:652
@!!loc:5694:53:5694:57
@!!status:trivial
@!!prover:tlapm
@!!already:false
@!!END

@!!BEGIN
@!!type:obligation
@!!id:653
@!!loc:5694:59:5694:64
@!!status:trivial
@!!prover:tlapm
@!!already:false
@!!END

@!!BEGIN
@!!type:obligation
@!!id:654
@!!loc:5695:25:5695:27
@!!status:proved
@!!prover:smt
@!!meth:time-limit: 60
@!!already:true
@!!END

@!!BEGIN
@!!type:obligation
@!!id:655
@!!loc:5695:28:5695:32
@!!status:trivial
@!!prover:tlapm
@!!already:false
@!!END

@!!BEGIN
@!!type:obligation
@!!id:656
@!!loc:5695:34:5695:38
@!!status:trivial
@!!prover:tlapm
@!!already:false
@!!END

@!!BEGIN
@!!type:obligation
@!!id:657
@!!loc:5696:62:5696:64
@!!status:proved
@!!prover:smt
@!!meth:time-limit: 60
@!!already:true
@!!END

@!!BEGIN
@!!type:obligation
@!!id:658
@!!loc:5696:65:5696:69
@!!status:trivial
@!!prover:tlapm
@!!already:false
@!!END

@!!BEGIN
@!!type:obligation
@!!id:659
@!!loc:5696:71:5696:76
@!!status:trivial
@!!prover:tlapm
@!!already:false
@!!END

@!!BEGIN
@!!type:obligation
@!!id:660
@!!loc:5697:24:5697:26
@!!status:proved
@!!prover:smt
@!!meth:time-limit: 60
@!!already:true
@!!END

@!!BEGIN
@!!type:obligation
@!!id:661
@!!loc:5697:27:5697:31
@!!status:trivial
@!!prover:tlapm
@!!already:false
@!!END

@!!BEGIN
@!!type:obligation
@!!id:662
@!!loc:5697:33:5697:37
@!!status:trivial
@!!prover:tlapm
@!!already:false
@!!END

@!!BEGIN
@!!type:obligation
@!!id:663
@!!loc:5697:39:5697:43
@!!status:trivial
@!!prover:tlapm
@!!already:false
@!!END

@!!BEGIN
@!!type:obligation
@!!id:664
@!!loc:5698:46:5698:48
@!!status:proved
@!!prover:smt
@!!meth:time-limit: 60
@!!already:true
@!!END

@!!BEGIN
@!!type:obligation
@!!id:665
@!!loc:5698:49:5698:53
@!!status:trivial
@!!prover:tlapm
@!!already:false
@!!END

@!!BEGIN
@!!type:obligation
@!!id:666
@!!loc:5698:55:5698:59
@!!status:trivial
@!!prover:tlapm
@!!already:false
@!!END

@!!BEGIN
@!!type:obligation
@!!id:667
@!!loc:5698:61:5698:65
@!!status:trivial
@!!prover:tlapm
@!!already:false
@!!END

@!!BEGIN
@!!type:obligation
@!!id:668
@!!loc:5698:67:5698:71
@!!status:trivial
@!!prover:tlapm
@!!already:false
@!!END

@!!BEGIN
@!!type:obligation
@!!id:669
@!!loc:5698:73:5698:77
@!!status:trivial
@!!prover:tlapm
@!!already:false
@!!END

@!!BEGIN
@!!type:obligation
@!!id:670
@!!loc:5698:79:5698:83
@!!status:trivial
@!!prover:tlapm
@!!already:false
@!!END

@!!BEGIN
@!!type:obligation
@!!id:672
@!!loc:5701:37:5701:41
@!!status:trivial
@!!prover:tlapm
@!!already:false
@!!END

@!!BEGIN
@!!type:obligation
@!!id:673
@!!loc:5701:43:5701:47
@!!status:trivial
@!!prover:tlapm
@!!already:false
@!!END

@!!BEGIN
@!!type:obligation
@!!id:674
@!!loc:5701:49:5701:53
@!!status:trivial
@!!prover:tlapm
@!!already:false
@!!END

@!!BEGIN
@!!type:obligation
@!!id:675
@!!loc:5701:55:5701:60
@!!status:trivial
@!!prover:tlapm
@!!already:false
@!!END

@!!BEGIN
@!!type:obligation
@!!id:676
@!!loc:5701:62:5701:66
@!!status:trivial
@!!prover:tlapm
@!!already:false
@!!END

@!!BEGIN
@!!type:obligation
@!!id:678
@!!loc:5702:36:5702:40
@!!status:trivial
@!!prover:tlapm
@!!already:false
@!!END

@!!BEGIN
@!!type:obligation
@!!id:679
@!!loc:5702:42:5702:46
@!!status:trivial
@!!prover:tlapm
@!!already:false
@!!END

@!!BEGIN
@!!type:obligation
@!!id:680
@!!loc:5702:48:5702:52
@!!status:trivial
@!!prover:tlapm
@!!already:false
@!!END

@!!BEGIN
@!!type:obligation
@!!id:677
@!!loc:5702:33:5702:35
@!!status:proved
@!!prover:smt
@!!meth:time-limit: 60; time-used: 0.6 (1%)
@!!already:false
@!!END

@!!BEGIN
@!!type:obligation
@!!id:671
@!!loc:5701:34:5701:36
@!!status:proved
@!!prover:smt
@!!meth:time-limit: 60; time-used: 3.1 (5%)
@!!already:false
@!!END

@!!BEGIN
@!!type:obligation
@!!id:681
@!!loc:5702:54:5702:59
@!!status:trivial
@!!prover:tlapm
@!!already:false
@!!END

@!!BEGIN
@!!type:obligation
@!!id:682
@!!loc:5702:61:5702:65
@!!status:trivial
@!!prover:tlapm
@!!already:false
@!!END

@!!BEGIN
@!!type:obligation
@!!id:684
@!!loc:5703:37:5703:41
@!!status:trivial
@!!prover:tlapm
@!!already:false
@!!END

@!!BEGIN
@!!type:obligation
@!!id:685
@!!loc:5703:43:5703:47
@!!status:trivial
@!!prover:tlapm
@!!already:false
@!!END

@!!BEGIN
@!!type:obligation
@!!id:686
@!!loc:5703:49:5703:53
@!!status:trivial
@!!prover:tlapm
@!!already:false
@!!END

@!!BEGIN
@!!type:obligation
@!!id:687
@!!loc:5703:55:5703:60
@!!status:trivial
@!!prover:tlapm
@!!already:false
@!!END

@!!BEGIN
@!!type:obligation
@!!id:688
@!!loc:5703:62:5703:66
@!!status:trivial
@!!prover:tlapm
@!!already:false
@!!END

@!!BEGIN
@!!type:obligation
@!!id:689
@!!loc:5744:10:5744:12
@!!status:proved
@!!prover:smt
@!!meth:time-limit: 60
@!!already:true
@!!END

@!!BEGIN
@!!type:obligation
@!!id:690
@!!loc:5744:13:5744:17
@!!status:trivial
@!!prover:tlapm
@!!already:false
@!!END

@!!BEGIN
@!!type:obligation
@!!id:691
@!!loc:5744:19:5744:23
@!!status:trivial
@!!prover:tlapm
@!!already:false
@!!END

@!!BEGIN
@!!type:obligation
@!!id:692
@!!loc:5744:25:5744:29
@!!status:trivial
@!!prover:tlapm
@!!already:false
@!!END

@!!BEGIN
@!!type:obligation
@!!id:693
@!!loc:5744:31:5744:36
@!!status:trivial
@!!prover:tlapm
@!!already:false
@!!END

@!!BEGIN
@!!type:obligation
@!!id:694
@!!loc:5744:38:5744:42
@!!status:trivial
@!!prover:tlapm
@!!already:false
@!!END

@!!BEGIN
@!!type:obligation
@!!id:695
@!!loc:5744:44:5744:48
@!!status:trivial
@!!prover:tlapm
@!!already:false
@!!END

@!!BEGIN
@!!type:obligation
@!!id:696
@!!loc:5744:50:5744:54
@!!status:trivial
@!!prover:tlapm
@!!already:false
@!!END

@!!BEGIN
@!!type:obligation
@!!id:697
@!!loc:5744:56:5744:60
@!!status:trivial
@!!prover:tlapm
@!!already:false
@!!END

@!!BEGIN
@!!type:obligation
@!!id:698
@!!loc:5744:62:5744:66
@!!status:trivial
@!!prover:tlapm
@!!already:false
@!!END

@!!BEGIN
@!!type:obligation
@!!id:699
@!!loc:5744:68:5744:72
@!!status:trivial
@!!prover:tlapm
@!!already:false
@!!END

@!!BEGIN
@!!type:obligation
@!!id:683
@!!loc:5703:34:5703:36
@!!status:proved
@!!prover:smt
@!!meth:time-limit: 60; time-used: 3.2 (5%)
@!!already:false
@!!END

@!!BEGIN
@!!type:obligation
@!!id:700
@!!loc:5744:74:5744:78
@!!status:trivial
@!!prover:tlapm
@!!already:false
@!!END

@!!BEGIN
@!!type:obligation
@!!id:701
@!!loc:5744:80:5744:87
@!!status:trivial
@!!prover:tlapm
@!!already:false
@!!END

@!!BEGIN
@!!type:obligation
@!!id:702
@!!loc:5710:14:5710:16
@!!status:proved
@!!prover:smt
@!!meth:time-limit: 60
@!!already:true
@!!END

@!!BEGIN
@!!type:obligation
@!!id:703
@!!loc:5711:14:5711:16
@!!status:proved
@!!prover:smt
@!!meth:time-limit: 60
@!!already:true
@!!END

@!!BEGIN
@!!type:obligation
@!!id:704
@!!loc:5711:17:5711:22
@!!status:trivial
@!!prover:tlapm
@!!already:false
@!!END

@!!BEGIN
@!!type:obligation
@!!id:705
@!!loc:5711:24:5711:31
@!!status:trivial
@!!prover:tlapm
@!!already:false
@!!END

@!!BEGIN
@!!type:obligation
@!!id:706
@!!loc:5712:71:5712:73
@!!status:proved
@!!prover:smt
@!!meth:time-limit: 60
@!!already:true
@!!END

@!!BEGIN
@!!type:obligation
@!!id:707
@!!loc:5714:3:5714:5
@!!status:proved
@!!prover:smt
@!!meth:time-limit: 60
@!!already:true
@!!END

@!!BEGIN
@!!type:obligation
@!!id:708
@!!loc:5715:35:5715:37
@!!status:proved
@!!prover:smt
@!!meth:time-limit: 60
@!!already:true
@!!END

@!!BEGIN
@!!type:obligation
@!!id:709
@!!loc:5715:38:5715:42
@!!status:trivial
@!!prover:tlapm
@!!already:false
@!!END

@!!BEGIN
@!!type:obligation
@!!id:710
@!!loc:5716:23:5716:25
@!!status:proved
@!!prover:smt
@!!meth:time-limit: 60
@!!already:true
@!!END

@!!BEGIN
@!!type:obligation
@!!id:711
@!!loc:5716:26:5716:30
@!!status:trivial
@!!prover:tlapm
@!!already:false
@!!END

@!!BEGIN
@!!type:obligation
@!!id:712
@!!loc:5721:3:5721:5
@!!status:proved
@!!prover:smt
@!!meth:time-limit: 60
@!!already:true
@!!END

@!!BEGIN
@!!type:obligation
@!!id:713
@!!loc:5721:6:5721:10
@!!status:trivial
@!!prover:tlapm
@!!already:false
@!!END

@!!BEGIN
@!!type:obligation
@!!id:714
@!!loc:5721:12:5721:24
@!!status:trivial
@!!prover:tlapm
@!!already:false
@!!END

@!!BEGIN
@!!type:obligation
@!!id:715
@!!loc:5722:26:5722:28
@!!status:proved
@!!prover:smt
@!!meth:time-limit: 60
@!!already:true
@!!END

@!!BEGIN
@!!type:obligation
@!!id:716
@!!loc:5723:108:5723:110
@!!status:proved
@!!prover:smt
@!!meth:time-limit: 60
@!!already:true
@!!END

@!!BEGIN
@!!type:obligation
@!!id:718
@!!loc:5724:37:5724:39
@!!status:proved
@!!prover:smt
@!!meth:time-limit: 60
@!!already:true
@!!END

@!!BEGIN
@!!type:obligation
@!!id:719
@!!loc:5725:29:5725:31
@!!status:proved
@!!prover:smt
@!!meth:time-limit: 60
@!!already:true
@!!END

@!!BEGIN
@!!type:obligation
@!!id:720
@!!loc:5725:32:5725:36
@!!status:trivial
@!!prover:tlapm
@!!already:false
@!!END

@!!BEGIN
@!!type:obligation
@!!id:721
@!!loc:5725:38:5725:42
@!!status:trivial
@!!prover:tlapm
@!!already:false
@!!END

@!!BEGIN
@!!type:obligation
@!!id:722
@!!loc:5725:44:5725:52
@!!status:trivial
@!!prover:tlapm
@!!already:false
@!!END

@!!BEGIN
@!!type:obligation
@!!id:723
@!!loc:5733:3:5733:5
@!!status:proved
@!!prover:smt
@!!meth:time-limit: 60
@!!already:true
@!!END

@!!BEGIN
@!!type:obligation
@!!id:724
@!!loc:5737:3:5737:5
@!!status:proved
@!!prover:smt
@!!meth:time-limit: 60
@!!already:true
@!!END

@!!BEGIN
@!!type:obligation
@!!id:725
@!!loc:5738:13:5738:15
@!!status:proved
@!!prover:smt
@!!meth:time-limit: 60
@!!already:true
@!!END

@!!BEGIN
@!!type:obligation
@!!id:726
@!!loc:5738:16:5738:20
@!!status:trivial
@!!prover:tlapm
@!!already:false
@!!END

@!!BEGIN
@!!type:obligation
@!!id:727
@!!loc:5738:22:5738:26
@!!status:trivial
@!!prover:tlapm
@!!already:false
@!!END

@!!BEGIN
@!!type:obligation
@!!id:729
@!!loc:5739:29:5739:33
@!!status:trivial
@!!prover:tlapm
@!!already:false
@!!END

@!!BEGIN
@!!type:obligation
@!!id:730
@!!loc:5739:35:5739:39
@!!status:trivial
@!!prover:tlapm
@!!already:false
@!!END

@!!BEGIN
@!!type:obligation
@!!id:731
@!!loc:5739:41:5739:46
@!!status:trivial
@!!prover:tlapm
@!!already:false
@!!END

@!!BEGIN
@!!type:obligation
@!!id:732
@!!loc:5739:48:5739:52
@!!status:trivial
@!!prover:tlapm
@!!already:false
@!!END

@!!BEGIN
@!!type:obligation
@!!id:733
@!!loc:5739:54:5739:58
@!!status:trivial
@!!prover:tlapm
@!!already:false
@!!END

@!!BEGIN
@!!type:obligation
@!!id:734
@!!loc:5739:60:5739:64
@!!status:trivial
@!!prover:tlapm
@!!already:false
@!!END

@!!BEGIN
@!!type:obligation
@!!id:735
@!!loc:5740:28:5740:30
@!!status:proved
@!!prover:smt
@!!meth:time-limit: 60
@!!already:true
@!!END

@!!BEGIN
@!!type:obligation
@!!id:736
@!!loc:5740:31:5740:35
@!!status:trivial
@!!prover:tlapm
@!!already:false
@!!END

@!!BEGIN
@!!type:obligation
@!!id:737
@!!loc:5740:37:5740:41
@!!status:trivial
@!!prover:tlapm
@!!already:false
@!!END

@!!BEGIN
@!!type:obligation
@!!id:738
@!!loc:5740:43:5740:48
@!!status:trivial
@!!prover:tlapm
@!!already:false
@!!END

@!!BEGIN
@!!type:obligation
@!!id:739
@!!loc:5740:50:5740:54
@!!status:trivial
@!!prover:tlapm
@!!already:false
@!!END

@!!BEGIN
@!!type:obligation
@!!id:728
@!!loc:5739:26:5739:28
@!!status:proved
@!!prover:smt
@!!meth:time-limit: 60; time-used: 3.2 (5%)
@!!already:false
@!!END

@!!BEGIN
@!!type:obligation
@!!id:741
@!!loc:5741:32:5741:36
@!!status:trivial
@!!prover:tlapm
@!!already:false
@!!END

@!!BEGIN
@!!type:obligation
@!!id:742
@!!loc:5741:38:5741:42
@!!status:trivial
@!!prover:tlapm
@!!already:false
@!!END

@!!BEGIN
@!!type:obligation
@!!id:743
@!!loc:5741:44:5741:48
@!!status:trivial
@!!prover:tlapm
@!!already:false
@!!END

@!!BEGIN
@!!type:obligation
@!!id:744
@!!loc:5741:50:5741:55
@!!status:trivial
@!!prover:tlapm
@!!already:false
@!!END

@!!BEGIN
@!!type:obligation
@!!id:745
@!!loc:5741:57:5741:61
@!!status:trivial
@!!prover:tlapm
@!!already:false
@!!END

@!!BEGIN
@!!type:obligation
@!!id:747
@!!loc:5742:31:5742:35
@!!status:trivial
@!!prover:tlapm
@!!already:false
@!!END

@!!BEGIN
@!!type:obligation
@!!id:748
@!!loc:5742:37:5742:41
@!!status:trivial
@!!prover:tlapm
@!!already:false
@!!END

@!!BEGIN
@!!type:obligation
@!!id:749
@!!loc:5742:43:5742:47
@!!status:trivial
@!!prover:tlapm
@!!already:false
@!!END

@!!BEGIN
@!!type:obligation
@!!id:750
@!!loc:5742:49:5742:54
@!!status:trivial
@!!prover:tlapm
@!!already:false
@!!END

@!!BEGIN
@!!type:obligation
@!!id:746
@!!loc:5742:28:5742:30
@!!status:proved
@!!prover:smt
@!!meth:time-limit: 60; time-used: 0.8 (1%)
@!!already:false
@!!END

@!!BEGIN
@!!type:obligation
@!!id:740
@!!loc:5741:29:5741:31
@!!status:proved
@!!prover:smt
@!!meth:time-limit: 60; time-used: 3.0 (5%)
@!!already:false
@!!END

@!!BEGIN
@!!type:obligation
@!!id:751
@!!loc:5742:56:5742:60
@!!status:trivial
@!!prover:tlapm
@!!already:false
@!!END

@!!BEGIN
@!!type:obligation
@!!id:753
@!!loc:5743:32:5743:36
@!!status:trivial
@!!prover:tlapm
@!!already:false
@!!END

@!!BEGIN
@!!type:obligation
@!!id:754
@!!loc:5743:38:5743:42
@!!status:trivial
@!!prover:tlapm
@!!already:false
@!!END

@!!BEGIN
@!!type:obligation
@!!id:755
@!!loc:5743:44:5743:48
@!!status:trivial
@!!prover:tlapm
@!!already:false
@!!END

@!!BEGIN
@!!type:obligation
@!!id:756
@!!loc:5743:50:5743:55
@!!status:trivial
@!!prover:tlapm
@!!already:false
@!!END

@!!BEGIN
@!!type:obligation
@!!id:757
@!!loc:5743:57:5743:61
@!!status:trivial
@!!prover:tlapm
@!!already:false
@!!END

@!!BEGIN
@!!type:obligation
@!!id:758
@!!loc:5787:10:5787:12
@!!status:proved
@!!prover:smt
@!!meth:time-limit: 60
@!!already:true
@!!END

@!!BEGIN
@!!type:obligation
@!!id:759
@!!loc:5787:13:5787:17
@!!status:trivial
@!!prover:tlapm
@!!already:false
@!!END

@!!BEGIN
@!!type:obligation
@!!id:760
@!!loc:5787:19:5787:23
@!!status:trivial
@!!prover:tlapm
@!!already:false
@!!END

@!!BEGIN
@!!type:obligation
@!!id:761
@!!loc:5787:25:5787:29
@!!status:trivial
@!!prover:tlapm
@!!already:false
@!!END

@!!BEGIN
@!!type:obligation
@!!id:762
@!!loc:5787:31:5787:36
@!!status:trivial
@!!prover:tlapm
@!!already:false
@!!END

@!!BEGIN
@!!type:obligation
@!!id:763
@!!loc:5787:38:5787:42
@!!status:trivial
@!!prover:tlapm
@!!already:false
@!!END

@!!BEGIN
@!!type:obligation
@!!id:764
@!!loc:5787:44:5787:48
@!!status:trivial
@!!prover:tlapm
@!!already:false
@!!END

@!!BEGIN
@!!type:obligation
@!!id:765
@!!loc:5787:50:5787:54
@!!status:trivial
@!!prover:tlapm
@!!already:false
@!!END

@!!BEGIN
@!!type:obligation
@!!id:766
@!!loc:5787:56:5787:60
@!!status:trivial
@!!prover:tlapm
@!!already:false
@!!END

@!!BEGIN
@!!type:obligation
@!!id:767
@!!loc:5787:62:5787:66
@!!status:trivial
@!!prover:tlapm
@!!already:false
@!!END

@!!BEGIN
@!!type:obligation
@!!id:768
@!!loc:5787:68:5787:72
@!!status:trivial
@!!prover:tlapm
@!!already:false
@!!END

@!!BEGIN
@!!type:obligation
@!!id:752
@!!loc:5743:29:5743:31
@!!status:proved
@!!prover:smt
@!!meth:time-limit: 60; time-used: 3.2 (5%)
@!!already:false
@!!END

@!!BEGIN
@!!type:obligation
@!!id:769
@!!loc:5787:74:5787:78
@!!status:trivial
@!!prover:tlapm
@!!already:false
@!!END

@!!BEGIN
@!!type:obligation
@!!id:770
@!!loc:5787:80:5787:87
@!!status:trivial
@!!prover:tlapm
@!!already:false
@!!END

@!!BEGIN
@!!type:obligation
@!!id:771
@!!loc:5749:14:5749:16
@!!status:proved
@!!prover:smt
@!!meth:time-limit: 60
@!!already:true
@!!END

@!!BEGIN
@!!type:obligation
@!!id:772
@!!loc:5750:14:5750:16
@!!status:proved
@!!prover:smt
@!!meth:time-limit: 60
@!!already:true
@!!END

@!!BEGIN
@!!type:obligation
@!!id:773
@!!loc:5750:17:5750:22
@!!status:trivial
@!!prover:tlapm
@!!already:false
@!!END

@!!BEGIN
@!!type:obligation
@!!id:774
@!!loc:5750:24:5750:31
@!!status:trivial
@!!prover:tlapm
@!!already:false
@!!END

@!!BEGIN
@!!type:obligation
@!!id:775
@!!loc:5751:71:5751:73
@!!status:proved
@!!prover:smt
@!!meth:time-limit: 60
@!!already:true
@!!END

@!!BEGIN
@!!type:obligation
@!!id:776
@!!loc:5753:3:5753:5
@!!status:proved
@!!prover:smt
@!!meth:time-limit: 60
@!!already:true
@!!END

@!!BEGIN
@!!type:obligation
@!!id:777
@!!loc:5754:35:5754:37
@!!status:proved
@!!prover:smt
@!!meth:time-limit: 60
@!!already:true
@!!END

@!!BEGIN
@!!type:obligation
@!!id:778
@!!loc:5754:38:5754:42
@!!status:trivial
@!!prover:tlapm
@!!already:false
@!!END

@!!BEGIN
@!!type:obligation
@!!id:779
@!!loc:5755:23:5755:25
@!!status:proved
@!!prover:smt
@!!meth:time-limit: 60
@!!already:true
@!!END

@!!BEGIN
@!!type:obligation
@!!id:780
@!!loc:5755:26:5755:30
@!!status:trivial
@!!prover:tlapm
@!!already:false
@!!END

@!!BEGIN
@!!type:obligation
@!!id:781
@!!loc:5760:3:5760:5
@!!status:proved
@!!prover:smt
@!!meth:time-limit: 60
@!!already:true
@!!END

@!!BEGIN
@!!type:obligation
@!!id:782
@!!loc:5760:6:5760:10
@!!status:trivial
@!!prover:tlapm
@!!already:false
@!!END

@!!BEGIN
@!!type:obligation
@!!id:783
@!!loc:5760:12:5760:24
@!!status:trivial
@!!prover:tlapm
@!!already:false
@!!END

@!!BEGIN
@!!type:obligation
@!!id:784
@!!loc:5761:26:5761:28
@!!status:proved
@!!prover:smt
@!!meth:time-limit: 60
@!!already:true
@!!END

@!!BEGIN
@!!type:obligation
@!!id:785
@!!loc:5762:65:5762:67
@!!status:proved
@!!prover:smt
@!!meth:time-limit: 60
@!!already:true
@!!END

@!!BEGIN
@!!type:obligation
@!!id:786
@!!loc:5763:37:5763:39
@!!status:proved
@!!prover:smt
@!!meth:time-limit: 60
@!!already:true
@!!END

@!!BEGIN
@!!type:obligation
@!!id:787
@!!loc:5764:23:5764:25
@!!status:proved
@!!prover:smt
@!!meth:time-limit: 60
@!!already:true
@!!END

@!!BEGIN
@!!type:obligation
@!!id:788
@!!loc:5764:26:5764:30
@!!status:trivial
@!!prover:tlapm
@!!already:false
@!!END

@!!BEGIN
@!!type:obligation
@!!id:789
@!!loc:5764:32:5764:36
@!!status:trivial
@!!prover:tlapm
@!!already:false
@!!END

@!!BEGIN
@!!type:obligation
@!!id:790
@!!loc:5764:38:5764:46
@!!status:trivial
@!!prover:tlapm
@!!already:false
@!!END

@!!BEGIN
@!!type:obligation
@!!id:791
@!!loc:5772:3:5772:5
@!!status:proved
@!!prover:smt
@!!meth:time-limit: 60
@!!already:true
@!!END

@!!BEGIN
@!!type:obligation
@!!id:792
@!!loc:5780:3:5780:5
@!!status:proved
@!!prover:smt
@!!meth:time-limit: 60
@!!already:true
@!!END

@!!BEGIN
@!!type:obligation
@!!id:793
@!!loc:5781:13:5781:15
@!!status:proved
@!!prover:smt
@!!meth:time-limit: 60
@!!already:true
@!!END

@!!BEGIN
@!!type:obligation
@!!id:794
@!!loc:5781:16:5781:20
@!!status:trivial
@!!prover:tlapm
@!!already:false
@!!END

@!!BEGIN
@!!type:obligation
@!!id:795
@!!loc:5781:22:5781:26
@!!status:trivial
@!!prover:tlapm
@!!already:false
@!!END

@!!BEGIN
@!!type:obligation
@!!id:797
@!!loc:5782:23:5782:27
@!!status:trivial
@!!prover:tlapm
@!!already:false
@!!END

@!!BEGIN
@!!type:obligation
@!!id:798
@!!loc:5782:29:5782:33
@!!status:trivial
@!!prover:tlapm
@!!already:false
@!!END

@!!BEGIN
@!!type:obligation
@!!id:799
@!!loc:5782:35:5782:40
@!!status:trivial
@!!prover:tlapm
@!!already:false
@!!END

@!!BEGIN
@!!type:obligation
@!!id:800
@!!loc:5782:42:5782:46
@!!status:trivial
@!!prover:tlapm
@!!already:false
@!!END

@!!BEGIN
@!!type:obligation
@!!id:801
@!!loc:5782:48:5782:52
@!!status:trivial
@!!prover:tlapm
@!!already:false
@!!END

@!!BEGIN
@!!type:obligation
@!!id:802
@!!loc:5782:54:5782:58
@!!status:trivial
@!!prover:tlapm
@!!already:false
@!!END

@!!BEGIN
@!!type:obligation
@!!id:803
@!!loc:5783:22:5783:24
@!!status:proved
@!!prover:smt
@!!meth:time-limit: 60
@!!already:true
@!!END

@!!BEGIN
@!!type:obligation
@!!id:804
@!!loc:5783:25:5783:29
@!!status:trivial
@!!prover:tlapm
@!!already:false
@!!END

@!!BEGIN
@!!type:obligation
@!!id:805
@!!loc:5783:31:5783:35
@!!status:trivial
@!!prover:tlapm
@!!already:false
@!!END

@!!BEGIN
@!!type:obligation
@!!id:806
@!!loc:5783:37:5783:42
@!!status:trivial
@!!prover:tlapm
@!!already:false
@!!END

@!!BEGIN
@!!type:obligation
@!!id:807
@!!loc:5783:44:5783:48
@!!status:trivial
@!!prover:tlapm
@!!already:false
@!!END

@!!BEGIN
@!!type:obligation
@!!id:796
@!!loc:5782:20:5782:22
@!!status:proved
@!!prover:smt
@!!meth:time-limit: 60; time-used: 3.3 (6%)
@!!already:false
@!!END

@!!BEGIN
@!!type:obligation
@!!id:809
@!!loc:5784:26:5784:30
@!!status:trivial
@!!prover:tlapm
@!!already:false
@!!END

@!!BEGIN
@!!type:obligation
@!!id:810
@!!loc:5784:32:5784:36
@!!status:trivial
@!!prover:tlapm
@!!already:false
@!!END

@!!BEGIN
@!!type:obligation
@!!id:811
@!!loc:5784:38:5784:42
@!!status:trivial
@!!prover:tlapm
@!!already:false
@!!END

@!!BEGIN
@!!type:obligation
@!!id:812
@!!loc:5784:44:5784:49
@!!status:trivial
@!!prover:tlapm
@!!already:false
@!!END

@!!BEGIN
@!!type:obligation
@!!id:813
@!!loc:5784:51:5784:55
@!!status:trivial
@!!prover:tlapm
@!!already:false
@!!END

@!!BEGIN
@!!type:obligation
@!!id:815
@!!loc:5785:25:5785:29
@!!status:trivial
@!!prover:tlapm
@!!already:false
@!!END

@!!BEGIN
@!!type:obligation
@!!id:816
@!!loc:5785:31:5785:35
@!!status:trivial
@!!prover:tlapm
@!!already:false
@!!END

@!!BEGIN
@!!type:obligation
@!!id:817
@!!loc:5785:37:5785:41
@!!status:trivial
@!!prover:tlapm
@!!already:false
@!!END

@!!BEGIN
@!!type:obligation
@!!id:818
@!!loc:5785:43:5785:48
@!!status:trivial
@!!prover:tlapm
@!!already:false
@!!END

@!!BEGIN
@!!type:obligation
@!!id:814
@!!loc:5785:22:5785:24
@!!status:proved
@!!prover:smt
@!!meth:time-limit: 60; time-used: 0.9 (2%)
@!!already:false
@!!END

@!!BEGIN
@!!type:obligation
@!!id:808
@!!loc:5784:23:5784:25
@!!status:proved
@!!prover:smt
@!!meth:time-limit: 60; time-used: 3.2 (5%)
@!!already:false
@!!END

@!!BEGIN
@!!type:obligation
@!!id:819
@!!loc:5785:50:5785:54
@!!status:trivial
@!!prover:tlapm
@!!already:false
@!!END

@!!BEGIN
@!!type:obligation
@!!id:821
@!!loc:5786:26:5786:30
@!!status:trivial
@!!prover:tlapm
@!!already:false
@!!END

@!!BEGIN
@!!type:obligation
@!!id:822
@!!loc:5786:32:5786:36
@!!status:trivial
@!!prover:tlapm
@!!already:false
@!!END

@!!BEGIN
@!!type:obligation
@!!id:823
@!!loc:5786:38:5786:42
@!!status:trivial
@!!prover:tlapm
@!!already:false
@!!END

@!!BEGIN
@!!type:obligation
@!!id:824
@!!loc:5786:44:5786:49
@!!status:trivial
@!!prover:tlapm
@!!already:false
@!!END

@!!BEGIN
@!!type:obligation
@!!id:825
@!!loc:5786:51:5786:55
@!!status:trivial
@!!prover:tlapm
@!!already:false
@!!END

@!!BEGIN
@!!type:obligation
@!!id:826
@!!loc:5857:10:5857:12
@!!status:proved
@!!prover:smt
@!!meth:time-limit: 60
@!!already:true
@!!END

@!!BEGIN
@!!type:obligation
@!!id:827
@!!loc:5857:13:5857:17
@!!status:trivial
@!!prover:tlapm
@!!already:false
@!!END

@!!BEGIN
@!!type:obligation
@!!id:828
@!!loc:5857:19:5857:23
@!!status:trivial
@!!prover:tlapm
@!!already:false
@!!END

@!!BEGIN
@!!type:obligation
@!!id:829
@!!loc:5792:14:5792:16
@!!status:proved
@!!prover:smt
@!!meth:time-limit: 60
@!!already:true
@!!END

@!!BEGIN
@!!type:obligation
@!!id:830
@!!loc:5793:14:5793:16
@!!status:proved
@!!prover:smt
@!!meth:time-limit: 60
@!!already:true
@!!END

@!!BEGIN
@!!type:obligation
@!!id:831
@!!loc:5793:17:5793:22
@!!status:trivial
@!!prover:tlapm
@!!already:false
@!!END

@!!BEGIN
@!!type:obligation
@!!id:832
@!!loc:5793:24:5793:33
@!!status:trivial
@!!prover:tlapm
@!!already:false
@!!END

@!!BEGIN
@!!type:obligation
@!!id:833
@!!loc:5794:71:5794:73
@!!status:proved
@!!prover:smt
@!!meth:time-limit: 60
@!!already:true
@!!END

@!!BEGIN
@!!type:obligation
@!!id:834
@!!loc:5796:3:5796:5
@!!status:proved
@!!prover:smt
@!!meth:time-limit: 60
@!!already:true
@!!END

@!!BEGIN
@!!type:obligation
@!!id:835
@!!loc:5797:35:5797:37
@!!status:proved
@!!prover:smt
@!!meth:time-limit: 60
@!!already:true
@!!END

@!!BEGIN
@!!type:obligation
@!!id:836
@!!loc:5797:38:5797:42
@!!status:trivial
@!!prover:tlapm
@!!already:false
@!!END

@!!BEGIN
@!!type:obligation
@!!id:837
@!!loc:5798:23:5798:25
@!!status:proved
@!!prover:smt
@!!meth:time-limit: 60
@!!already:true
@!!END

@!!BEGIN
@!!type:obligation
@!!id:838
@!!loc:5798:26:5798:30
@!!status:trivial
@!!prover:tlapm
@!!already:false
@!!END

@!!BEGIN
@!!type:obligation
@!!id:839
@!!loc:5803:3:5803:5
@!!status:proved
@!!prover:smt
@!!meth:time-limit: 60
@!!already:true
@!!END

@!!BEGIN
@!!type:obligation
@!!id:840
@!!loc:5803:6:5803:10
@!!status:trivial
@!!prover:tlapm
@!!already:false
@!!END

@!!BEGIN
@!!type:obligation
@!!id:841
@!!loc:5803:12:5803:24
@!!status:trivial
@!!prover:tlapm
@!!already:false
@!!END

@!!BEGIN
@!!type:obligation
@!!id:842
@!!loc:5804:26:5804:28
@!!status:proved
@!!prover:smt
@!!meth:time-limit: 60
@!!already:true
@!!END

@!!BEGIN
@!!type:obligation
@!!id:843
@!!loc:5830:12:5830:14
@!!status:proved
@!!prover:smt
@!!meth:time-limit: 60
@!!already:true
@!!END

@!!BEGIN
@!!type:obligation
@!!id:844
@!!loc:5830:15:5830:19
@!!status:trivial
@!!prover:tlapm
@!!already:false
@!!END

@!!BEGIN
@!!type:obligation
@!!id:820
@!!loc:5786:23:5786:25
@!!status:proved
@!!prover:smt
@!!meth:time-limit: 60; time-used: 3.2 (5%)
@!!already:false
@!!END

@!!BEGIN
@!!type:obligation
@!!id:845
@!!loc:5830:21:5830:25
@!!status:trivial
@!!prover:tlapm
@!!already:false
@!!END

@!!BEGIN
@!!type:obligation
@!!id:846
@!!loc:5830:27:5830:31
@!!status:trivial
@!!prover:tlapm
@!!already:false
@!!END

@!!BEGIN
@!!type:obligation
@!!id:847
@!!loc:5830:33:5830:38
@!!status:trivial
@!!prover:tlapm
@!!already:false
@!!END

@!!BEGIN
@!!type:obligation
@!!id:848
@!!loc:5830:40:5830:44
@!!status:trivial
@!!prover:tlapm
@!!already:false
@!!END

@!!BEGIN
@!!type:obligation
@!!id:849
@!!loc:5830:46:5830:50
@!!status:trivial
@!!prover:tlapm
@!!already:false
@!!END

@!!BEGIN
@!!type:obligation
@!!id:850
@!!loc:5830:52:5830:56
@!!status:trivial
@!!prover:tlapm
@!!already:false
@!!END

@!!BEGIN
@!!type:obligation
@!!id:851
@!!loc:5830:58:5830:62
@!!status:trivial
@!!prover:tlapm
@!!already:false
@!!END

@!!BEGIN
@!!type:obligation
@!!id:852
@!!loc:5830:64:5830:68
@!!status:trivial
@!!prover:tlapm
@!!already:false
@!!END

@!!BEGIN
@!!type:obligation
@!!id:853
@!!loc:5830:70:5830:74
@!!status:trivial
@!!prover:tlapm
@!!already:false
@!!END

@!!BEGIN
@!!type:obligation
@!!id:854
@!!loc:5830:76:5830:80
@!!status:trivial
@!!prover:tlapm
@!!already:false
@!!END

@!!BEGIN
@!!type:obligation
@!!id:855
@!!loc:5830:82:5830:89
@!!status:trivial
@!!prover:tlapm
@!!already:false
@!!END

@!!BEGIN
@!!type:obligation
@!!id:856
@!!loc:5806:72:5806:74
@!!status:proved
@!!prover:smt
@!!meth:time-limit: 60
@!!already:true
@!!END

@!!BEGIN
@!!type:obligation
@!!id:857
@!!loc:5806:75:5806:79
@!!status:trivial
@!!prover:tlapm
@!!already:false
@!!END

@!!BEGIN
@!!type:obligation
@!!id:858
@!!loc:5807:38:5807:40
@!!status:proved
@!!prover:smt
@!!meth:time-limit: 60
@!!already:true
@!!END

@!!BEGIN
@!!type:obligation
@!!id:859
@!!loc:5808:30:5808:32
@!!status:proved
@!!prover:smt
@!!meth:time-limit: 60
@!!already:true
@!!END

@!!BEGIN
@!!type:obligation
@!!id:860
@!!loc:5808:33:5808:37
@!!status:trivial
@!!prover:tlapm
@!!already:false
@!!END

@!!BEGIN
@!!type:obligation
@!!id:861
@!!loc:5808:39:5808:43
@!!status:trivial
@!!prover:tlapm
@!!already:false
@!!END

@!!BEGIN
@!!type:obligation
@!!id:862
@!!loc:5808:45:5808:53
@!!status:trivial
@!!prover:tlapm
@!!already:false
@!!END

@!!BEGIN
@!!type:obligation
@!!id:863
@!!loc:5816:5:5816:7
@!!status:proved
@!!prover:smt
@!!meth:time-limit: 60
@!!already:true
@!!END

@!!BEGIN
@!!type:obligation
@!!id:864
@!!loc:5823:5:5823:7
@!!status:proved
@!!prover:smt
@!!meth:time-limit: 60
@!!already:true
@!!END

@!!BEGIN
@!!type:obligation
@!!id:865
@!!loc:5824:15:5824:17
@!!status:proved
@!!prover:smt
@!!meth:time-limit: 60
@!!already:true
@!!END

@!!BEGIN
@!!type:obligation
@!!id:866
@!!loc:5824:18:5824:22
@!!status:trivial
@!!prover:tlapm
@!!already:false
@!!END

@!!BEGIN
@!!type:obligation
@!!id:867
@!!loc:5824:24:5824:28
@!!status:trivial
@!!prover:tlapm
@!!already:false
@!!END

@!!BEGIN
@!!type:obligation
@!!id:869
@!!loc:5825:30:5825:34
@!!status:trivial
@!!prover:tlapm
@!!already:false
@!!END

@!!BEGIN
@!!type:obligation
@!!id:870
@!!loc:5825:36:5825:40
@!!status:trivial
@!!prover:tlapm
@!!already:false
@!!END

@!!BEGIN
@!!type:obligation
@!!id:871
@!!loc:5825:42:5825:47
@!!status:trivial
@!!prover:tlapm
@!!already:false
@!!END

@!!BEGIN
@!!type:obligation
@!!id:872
@!!loc:5825:49:5825:53
@!!status:trivial
@!!prover:tlapm
@!!already:false
@!!END

@!!BEGIN
@!!type:obligation
@!!id:873
@!!loc:5825:55:5825:59
@!!status:trivial
@!!prover:tlapm
@!!already:false
@!!END

@!!BEGIN
@!!type:obligation
@!!id:874
@!!loc:5825:61:5825:65
@!!status:trivial
@!!prover:tlapm
@!!already:false
@!!END

@!!BEGIN
@!!type:obligation
@!!id:875
@!!loc:5826:29:5826:31
@!!status:proved
@!!prover:smt
@!!meth:time-limit: 60
@!!already:true
@!!END

@!!BEGIN
@!!type:obligation
@!!id:876
@!!loc:5826:32:5826:36
@!!status:trivial
@!!prover:tlapm
@!!already:false
@!!END

@!!BEGIN
@!!type:obligation
@!!id:877
@!!loc:5826:38:5826:42
@!!status:trivial
@!!prover:tlapm
@!!already:false
@!!END

@!!BEGIN
@!!type:obligation
@!!id:878
@!!loc:5826:44:5826:49
@!!status:trivial
@!!prover:tlapm
@!!already:false
@!!END

@!!BEGIN
@!!type:obligation
@!!id:879
@!!loc:5826:51:5826:55
@!!status:trivial
@!!prover:tlapm
@!!already:false
@!!END

@!!BEGIN
@!!type:obligation
@!!id:868
@!!loc:5825:27:5825:29
@!!status:proved
@!!prover:smt
@!!meth:time-limit: 60; time-used: 3.3 (5%)
@!!already:false
@!!END

@!!BEGIN
@!!type:obligation
@!!id:881
@!!loc:5827:33:5827:37
@!!status:trivial
@!!prover:tlapm
@!!already:false
@!!END

@!!BEGIN
@!!type:obligation
@!!id:882
@!!loc:5827:39:5827:43
@!!status:trivial
@!!prover:tlapm
@!!already:false
@!!END

@!!BEGIN
@!!type:obligation
@!!id:883
@!!loc:5827:45:5827:49
@!!status:trivial
@!!prover:tlapm
@!!already:false
@!!END

@!!BEGIN
@!!type:obligation
@!!id:884
@!!loc:5827:51:5827:56
@!!status:trivial
@!!prover:tlapm
@!!already:false
@!!END

@!!BEGIN
@!!type:obligation
@!!id:885
@!!loc:5827:58:5827:62
@!!status:trivial
@!!prover:tlapm
@!!already:false
@!!END

@!!BEGIN
@!!type:obligation
@!!id:887
@!!loc:5828:32:5828:36
@!!status:trivial
@!!prover:tlapm
@!!already:false
@!!END

@!!BEGIN
@!!type:obligation
@!!id:888
@!!loc:5828:38:5828:42
@!!status:trivial
@!!prover:tlapm
@!!already:false
@!!END

@!!BEGIN
@!!type:obligation
@!!id:889
@!!loc:5828:44:5828:48
@!!status:trivial
@!!prover:tlapm
@!!already:false
@!!END

@!!BEGIN
@!!type:obligation
@!!id:890
@!!loc:5828:50:5828:55
@!!status:trivial
@!!prover:tlapm
@!!already:false
@!!END

@!!BEGIN
@!!type:obligation
@!!id:886
@!!loc:5828:29:5828:31
@!!status:proved
@!!prover:smt
@!!meth:time-limit: 60; time-used: 0.9 (1%)
@!!already:false
@!!END

@!!BEGIN
@!!type:obligation
@!!id:880
@!!loc:5827:30:5827:32
@!!status:proved
@!!prover:smt
@!!meth:time-limit: 60; time-used: 3.1 (5%)
@!!already:false
@!!END

@!!BEGIN
@!!type:obligation
@!!id:891
@!!loc:5828:57:5828:61
@!!status:trivial
@!!prover:tlapm
@!!already:false
@!!END

@!!BEGIN
@!!type:obligation
@!!id:893
@!!loc:5829:33:5829:37
@!!status:trivial
@!!prover:tlapm
@!!already:false
@!!END

@!!BEGIN
@!!type:obligation
@!!id:894
@!!loc:5829:39:5829:43
@!!status:trivial
@!!prover:tlapm
@!!already:false
@!!END

@!!BEGIN
@!!type:obligation
@!!id:895
@!!loc:5829:45:5829:49
@!!status:trivial
@!!prover:tlapm
@!!already:false
@!!END

@!!BEGIN
@!!type:obligation
@!!id:896
@!!loc:5829:51:5829:56
@!!status:trivial
@!!prover:tlapm
@!!already:false
@!!END

@!!BEGIN
@!!type:obligation
@!!id:897
@!!loc:5829:58:5829:62
@!!status:trivial
@!!prover:tlapm
@!!already:false
@!!END

@!!BEGIN
@!!type:obligation
@!!id:898
@!!loc:5856:12:5856:14
@!!status:proved
@!!prover:smt
@!!meth:time-limit: 60
@!!already:true
@!!END

@!!BEGIN
@!!type:obligation
@!!id:899
@!!loc:5856:15:5856:19
@!!status:trivial
@!!prover:tlapm
@!!already:false
@!!END

@!!BEGIN
@!!type:obligation
@!!id:900
@!!loc:5856:21:5856:25
@!!status:trivial
@!!prover:tlapm
@!!already:false
@!!END

@!!BEGIN
@!!type:obligation
@!!id:901
@!!loc:5856:27:5856:31
@!!status:trivial
@!!prover:tlapm
@!!already:false
@!!END

@!!BEGIN
@!!type:obligation
@!!id:902
@!!loc:5856:33:5856:38
@!!status:trivial
@!!prover:tlapm
@!!already:false
@!!END

@!!BEGIN
@!!type:obligation
@!!id:903
@!!loc:5856:40:5856:44
@!!status:trivial
@!!prover:tlapm
@!!already:false
@!!END

@!!BEGIN
@!!type:obligation
@!!id:904
@!!loc:5856:46:5856:50
@!!status:trivial
@!!prover:tlapm
@!!already:false
@!!END

@!!BEGIN
@!!type:obligation
@!!id:905
@!!loc:5856:52:5856:56
@!!status:trivial
@!!prover:tlapm
@!!already:false
@!!END

@!!BEGIN
@!!type:obligation
@!!id:906
@!!loc:5856:58:5856:62
@!!status:trivial
@!!prover:tlapm
@!!already:false
@!!END

@!!BEGIN
@!!type:obligation
@!!id:907
@!!loc:5856:64:5856:68
@!!status:trivial
@!!prover:tlapm
@!!already:false
@!!END

@!!BEGIN
@!!type:obligation
@!!id:892
@!!loc:5829:30:5829:32
@!!status:proved
@!!prover:smt
@!!meth:time-limit: 60; time-used: 3.0 (5%)
@!!already:false
@!!END

@!!BEGIN
@!!type:obligation
@!!id:908
@!!loc:5856:70:5856:74
@!!status:trivial
@!!prover:tlapm
@!!already:false
@!!END

@!!BEGIN
@!!type:obligation
@!!id:909
@!!loc:5856:76:5856:80
@!!status:trivial
@!!prover:tlapm
@!!already:false
@!!END

@!!BEGIN
@!!type:obligation
@!!id:910
@!!loc:5856:82:5856:89
@!!status:trivial
@!!prover:tlapm
@!!already:false
@!!END

@!!BEGIN
@!!type:obligation
@!!id:911
@!!loc:5833:79:5833:81
@!!status:proved
@!!prover:smt
@!!meth:time-limit: 60
@!!already:true
@!!END

@!!BEGIN
@!!type:obligation
@!!id:912
@!!loc:5833:82:5833:86
@!!status:trivial
@!!prover:tlapm
@!!already:false
@!!END

@!!BEGIN
@!!type:obligation
@!!id:913
@!!loc:5834:38:5834:40
@!!status:proved
@!!prover:smt
@!!meth:time-limit: 60
@!!already:true
@!!END

@!!BEGIN
@!!type:obligation
@!!id:914
@!!loc:5835:37:5835:39
@!!status:proved
@!!prover:smt
@!!meth:time-limit: 60
@!!already:true
@!!END

@!!BEGIN
@!!type:obligation
@!!id:915
@!!loc:5835:40:5835:44
@!!status:trivial
@!!prover:tlapm
@!!already:false
@!!END

@!!BEGIN
@!!type:obligation
@!!id:916
@!!loc:5835:46:5835:50
@!!status:trivial
@!!prover:tlapm
@!!already:false
@!!END

@!!BEGIN
@!!type:obligation
@!!id:917
@!!loc:5835:52:5835:60
@!!status:trivial
@!!prover:tlapm
@!!already:false
@!!END

@!!BEGIN
@!!type:obligation
@!!id:918
@!!loc:5843:5:5843:7
@!!status:proved
@!!prover:smt
@!!meth:time-limit: 60
@!!already:true
@!!END

@!!BEGIN
@!!type:obligation
@!!id:919
@!!loc:5849:5:5849:7
@!!status:proved
@!!prover:smt
@!!meth:time-limit: 60
@!!already:true
@!!END

@!!BEGIN
@!!type:obligation
@!!id:920
@!!loc:5850:15:5850:17
@!!status:proved
@!!prover:smt
@!!meth:time-limit: 60
@!!already:true
@!!END

@!!BEGIN
@!!type:obligation
@!!id:921
@!!loc:5850:18:5850:22
@!!status:trivial
@!!prover:tlapm
@!!already:false
@!!END

@!!BEGIN
@!!type:obligation
@!!id:922
@!!loc:5850:24:5850:28
@!!status:trivial
@!!prover:tlapm
@!!already:false
@!!END

@!!BEGIN
@!!type:obligation
@!!id:924
@!!loc:5851:37:5851:41
@!!status:trivial
@!!prover:tlapm
@!!already:false
@!!END

@!!BEGIN
@!!type:obligation
@!!id:925
@!!loc:5851:43:5851:47
@!!status:trivial
@!!prover:tlapm
@!!already:false
@!!END

@!!BEGIN
@!!type:obligation
@!!id:926
@!!loc:5851:49:5851:54
@!!status:trivial
@!!prover:tlapm
@!!already:false
@!!END

@!!BEGIN
@!!type:obligation
@!!id:927
@!!loc:5851:56:5851:60
@!!status:trivial
@!!prover:tlapm
@!!already:false
@!!END

@!!BEGIN
@!!type:obligation
@!!id:928
@!!loc:5851:62:5851:66
@!!status:trivial
@!!prover:tlapm
@!!already:false
@!!END

@!!BEGIN
@!!type:obligation
@!!id:929
@!!loc:5851:68:5851:72
@!!status:trivial
@!!prover:tlapm
@!!already:false
@!!END

@!!BEGIN
@!!type:obligation
@!!id:930
@!!loc:5852:36:5852:38
@!!status:proved
@!!prover:smt
@!!meth:time-limit: 60
@!!already:true
@!!END

@!!BEGIN
@!!type:obligation
@!!id:931
@!!loc:5852:39:5852:43
@!!status:trivial
@!!prover:tlapm
@!!already:false
@!!END

@!!BEGIN
@!!type:obligation
@!!id:932
@!!loc:5852:45:5852:49
@!!status:trivial
@!!prover:tlapm
@!!already:false
@!!END

@!!BEGIN
@!!type:obligation
@!!id:933
@!!loc:5852:51:5852:56
@!!status:trivial
@!!prover:tlapm
@!!already:false
@!!END

@!!BEGIN
@!!type:obligation
@!!id:934
@!!loc:5852:58:5852:62
@!!status:trivial
@!!prover:tlapm
@!!already:false
@!!END

@!!BEGIN
@!!type:obligation
@!!id:923
@!!loc:5851:34:5851:36
@!!status:proved
@!!prover:smt
@!!meth:time-limit: 60; time-used: 3.5 (6%)
@!!already:false
@!!END

@!!BEGIN
@!!type:obligation
@!!id:936
@!!loc:5853:40:5853:44
@!!status:trivial
@!!prover:tlapm
@!!already:false
@!!END

@!!BEGIN
@!!type:obligation
@!!id:937
@!!loc:5853:46:5853:50
@!!status:trivial
@!!prover:tlapm
@!!already:false
@!!END

@!!BEGIN
@!!type:obligation
@!!id:938
@!!loc:5853:52:5853:56
@!!status:trivial
@!!prover:tlapm
@!!already:false
@!!END

@!!BEGIN
@!!type:obligation
@!!id:939
@!!loc:5853:58:5853:63
@!!status:trivial
@!!prover:tlapm
@!!already:false
@!!END

@!!BEGIN
@!!type:obligation
@!!id:940
@!!loc:5853:65:5853:69
@!!status:trivial
@!!prover:tlapm
@!!already:false
@!!END

@!!BEGIN
@!!type:obligation
@!!id:942
@!!loc:5854:39:5854:43
@!!status:trivial
@!!prover:tlapm
@!!already:false
@!!END

@!!BEGIN
@!!type:obligation
@!!id:943
@!!loc:5854:45:5854:49
@!!status:trivial
@!!prover:tlapm
@!!already:false
@!!END

@!!BEGIN
@!!type:obligation
@!!id:944
@!!loc:5854:51:5854:55
@!!status:trivial
@!!prover:tlapm
@!!already:false
@!!END

@!!BEGIN
@!!type:obligation
@!!id:945
@!!loc:5854:57:5854:62
@!!status:trivial
@!!prover:tlapm
@!!already:false
@!!END

@!!BEGIN
@!!type:obligation
@!!id:941
@!!loc:5854:36:5854:38
@!!status:proved
@!!prover:smt
@!!meth:time-limit: 60; time-used: 0.9 (1%)
@!!already:false
@!!END

@!!BEGIN
@!!type:obligation
@!!id:935
@!!loc:5853:37:5853:39
@!!status:proved
@!!prover:smt
@!!meth:time-limit: 60; time-used: 3.1 (5%)
@!!already:false
@!!END

@!!BEGIN
@!!type:obligation
@!!id:946
@!!loc:5854:64:5854:68
@!!status:trivial
@!!prover:tlapm
@!!already:false
@!!END

@!!BEGIN
@!!type:obligation
@!!id:948
@!!loc:5855:40:5855:44
@!!status:trivial
@!!prover:tlapm
@!!already:false
@!!END

@!!BEGIN
@!!type:obligation
@!!id:949
@!!loc:5855:46:5855:50
@!!status:trivial
@!!prover:tlapm
@!!already:false
@!!END

@!!BEGIN
@!!type:obligation
@!!id:950
@!!loc:5855:52:5855:56
@!!status:trivial
@!!prover:tlapm
@!!already:false
@!!END

@!!BEGIN
@!!type:obligation
@!!id:951
@!!loc:5855:58:5855:63
@!!status:trivial
@!!prover:tlapm
@!!already:false
@!!END

@!!BEGIN
@!!type:obligation
@!!id:952
@!!loc:5855:65:5855:69
@!!status:trivial
@!!prover:tlapm
@!!already:false
@!!END

@!!BEGIN
@!!type:obligation
@!!id:953
@!!loc:5897:10:5897:12
@!!status:proved
@!!prover:smt
@!!meth:time-limit: 60
@!!already:true
@!!END

@!!BEGIN
@!!type:obligation
@!!id:954
@!!loc:5897:13:5897:17
@!!status:trivial
@!!prover:tlapm
@!!already:false
@!!END

@!!BEGIN
@!!type:obligation
@!!id:955
@!!loc:5897:19:5897:23
@!!status:trivial
@!!prover:tlapm
@!!already:false
@!!END

@!!BEGIN
@!!type:obligation
@!!id:956
@!!loc:5897:25:5897:29
@!!status:trivial
@!!prover:tlapm
@!!already:false
@!!END

@!!BEGIN
@!!type:obligation
@!!id:957
@!!loc:5897:31:5897:36
@!!status:trivial
@!!prover:tlapm
@!!already:false
@!!END

@!!BEGIN
@!!type:obligation
@!!id:958
@!!loc:5897:38:5897:42
@!!status:trivial
@!!prover:tlapm
@!!already:false
@!!END

@!!BEGIN
@!!type:obligation
@!!id:959
@!!loc:5897:44:5897:48
@!!status:trivial
@!!prover:tlapm
@!!already:false
@!!END

@!!BEGIN
@!!type:obligation
@!!id:960
@!!loc:5897:50:5897:54
@!!status:trivial
@!!prover:tlapm
@!!already:false
@!!END

@!!BEGIN
@!!type:obligation
@!!id:961
@!!loc:5897:56:5897:60
@!!status:trivial
@!!prover:tlapm
@!!already:false
@!!END

@!!BEGIN
@!!type:obligation
@!!id:962
@!!loc:5897:62:5897:66
@!!status:trivial
@!!prover:tlapm
@!!already:false
@!!END

@!!BEGIN
@!!type:obligation
@!!id:947
@!!loc:5855:37:5855:39
@!!status:proved
@!!prover:smt
@!!meth:time-limit: 60; time-used: 3.1 (5%)
@!!already:false
@!!END

@!!BEGIN
@!!type:obligation
@!!id:963
@!!loc:5897:68:5897:72
@!!status:trivial
@!!prover:tlapm
@!!already:false
@!!END

@!!BEGIN
@!!type:obligation
@!!id:964
@!!loc:5897:74:5897:78
@!!status:trivial
@!!prover:tlapm
@!!already:false
@!!END

@!!BEGIN
@!!type:obligation
@!!id:965
@!!loc:5897:80:5897:87
@!!status:trivial
@!!prover:tlapm
@!!already:false
@!!END

@!!BEGIN
@!!type:obligation
@!!id:966
@!!loc:5862:14:5862:16
@!!status:proved
@!!prover:smt
@!!meth:time-limit: 60
@!!already:true
@!!END

@!!BEGIN
@!!type:obligation
@!!id:967
@!!loc:5863:14:5863:16
@!!status:proved
@!!prover:smt
@!!meth:time-limit: 60
@!!already:true
@!!END

@!!BEGIN
@!!type:obligation
@!!id:968
@!!loc:5863:17:5863:22
@!!status:trivial
@!!prover:tlapm
@!!already:false
@!!END

@!!BEGIN
@!!type:obligation
@!!id:969
@!!loc:5863:24:5863:35
@!!status:trivial
@!!prover:tlapm
@!!already:false
@!!END

@!!BEGIN
@!!type:obligation
@!!id:970
@!!loc:5864:71:5864:73
@!!status:proved
@!!prover:smt
@!!meth:time-limit: 60
@!!already:true
@!!END

@!!BEGIN
@!!type:obligation
@!!id:971
@!!loc:5866:3:5866:5
@!!status:proved
@!!prover:smt
@!!meth:time-limit: 60
@!!already:true
@!!END

@!!BEGIN
@!!type:obligation
@!!id:972
@!!loc:5867:35:5867:37
@!!status:proved
@!!prover:smt
@!!meth:time-limit: 60
@!!already:true
@!!END

@!!BEGIN
@!!type:obligation
@!!id:973
@!!loc:5867:38:5867:42
@!!status:trivial
@!!prover:tlapm
@!!already:false
@!!END

@!!BEGIN
@!!type:obligation
@!!id:974
@!!loc:5868:23:5868:25
@!!status:proved
@!!prover:smt
@!!meth:time-limit: 60
@!!already:true
@!!END

@!!BEGIN
@!!type:obligation
@!!id:975
@!!loc:5868:26:5868:30
@!!status:trivial
@!!prover:tlapm
@!!already:false
@!!END

@!!BEGIN
@!!type:obligation
@!!id:976
@!!loc:5873:3:5873:5
@!!status:proved
@!!prover:smt
@!!meth:time-limit: 60
@!!already:true
@!!END

@!!BEGIN
@!!type:obligation
@!!id:977
@!!loc:5873:6:5873:10
@!!status:trivial
@!!prover:tlapm
@!!already:false
@!!END

@!!BEGIN
@!!type:obligation
@!!id:978
@!!loc:5873:12:5873:24
@!!status:trivial
@!!prover:tlapm
@!!already:false
@!!END

@!!BEGIN
@!!type:obligation
@!!id:979
@!!loc:5874:26:5874:28
@!!status:proved
@!!prover:smt
@!!meth:time-limit: 60
@!!already:true
@!!END

@!!BEGIN
@!!type:obligation
@!!id:980
@!!loc:5875:69:5875:71
@!!status:proved
@!!prover:smt
@!!meth:time-limit: 60
@!!already:true
@!!END

@!!BEGIN
@!!type:obligation
@!!id:981
@!!loc:5876:36:5876:38
@!!status:proved
@!!prover:smt
@!!meth:time-limit: 60
@!!already:true
@!!END

@!!BEGIN
@!!type:obligation
@!!id:982
@!!loc:5877:27:5877:29
@!!status:proved
@!!prover:smt
@!!meth:time-limit: 60
@!!already:true
@!!END

@!!BEGIN
@!!type:obligation
@!!id:983
@!!loc:5877:30:5877:34
@!!status:trivial
@!!prover:tlapm
@!!already:false
@!!END

@!!BEGIN
@!!type:obligation
@!!id:984
@!!loc:5877:36:5877:40
@!!status:trivial
@!!prover:tlapm
@!!already:false
@!!END

@!!BEGIN
@!!type:obligation
@!!id:985
@!!loc:5877:42:5877:50
@!!status:trivial
@!!prover:tlapm
@!!already:false
@!!END

@!!BEGIN
@!!type:obligation
@!!id:986
@!!loc:5885:3:5885:5
@!!status:proved
@!!prover:smt
@!!meth:time-limit: 60
@!!already:true
@!!END

@!!BEGIN
@!!type:obligation
@!!id:987
@!!loc:5890:3:5890:5
@!!status:proved
@!!prover:smt
@!!meth:time-limit: 60
@!!already:true
@!!END

@!!BEGIN
@!!type:obligation
@!!id:988
@!!loc:5891:13:5891:15
@!!status:proved
@!!prover:smt
@!!meth:time-limit: 60
@!!already:true
@!!END

@!!BEGIN
@!!type:obligation
@!!id:989
@!!loc:5891:16:5891:20
@!!status:trivial
@!!prover:tlapm
@!!already:false
@!!END

@!!BEGIN
@!!type:obligation
@!!id:990
@!!loc:5891:22:5891:26
@!!status:trivial
@!!prover:tlapm
@!!already:false
@!!END

@!!BEGIN
@!!type:obligation
@!!id:992
@!!loc:5892:27:5892:31
@!!status:trivial
@!!prover:tlapm
@!!already:false
@!!END

@!!BEGIN
@!!type:obligation
@!!id:993
@!!loc:5892:33:5892:37
@!!status:trivial
@!!prover:tlapm
@!!already:false
@!!END

@!!BEGIN
@!!type:obligation
@!!id:994
@!!loc:5892:39:5892:44
@!!status:trivial
@!!prover:tlapm
@!!already:false
@!!END

@!!BEGIN
@!!type:obligation
@!!id:995
@!!loc:5892:46:5892:50
@!!status:trivial
@!!prover:tlapm
@!!already:false
@!!END

@!!BEGIN
@!!type:obligation
@!!id:996
@!!loc:5892:52:5892:56
@!!status:trivial
@!!prover:tlapm
@!!already:false
@!!END

@!!BEGIN
@!!type:obligation
@!!id:997
@!!loc:5892:58:5892:62
@!!status:trivial
@!!prover:tlapm
@!!already:false
@!!END

@!!BEGIN
@!!type:obligation
@!!id:998
@!!loc:5893:26:5893:28
@!!status:proved
@!!prover:smt
@!!meth:time-limit: 60
@!!already:true
@!!END

@!!BEGIN
@!!type:obligation
@!!id:999
@!!loc:5893:29:5893:33
@!!status:trivial
@!!prover:tlapm
@!!already:false
@!!END

@!!BEGIN
@!!type:obligation
@!!id:1000
@!!loc:5893:35:5893:39
@!!status:trivial
@!!prover:tlapm
@!!already:false
@!!END

@!!BEGIN
@!!type:obligation
@!!id:1001
@!!loc:5893:41:5893:46
@!!status:trivial
@!!prover:tlapm
@!!already:false
@!!END

@!!BEGIN
@!!type:obligation
@!!id:1002
@!!loc:5893:48:5893:52
@!!status:trivial
@!!prover:tlapm
@!!already:false
@!!END

@!!BEGIN
@!!type:obligation
@!!id:991
@!!loc:5892:24:5892:26
@!!status:proved
@!!prover:smt
@!!meth:time-limit: 60; time-used: 3.4 (6%)
@!!already:false
@!!END

@!!BEGIN
@!!type:obligation
@!!id:1004
@!!loc:5894:30:5894:34
@!!status:trivial
@!!prover:tlapm
@!!already:false
@!!END

@!!BEGIN
@!!type:obligation
@!!id:1005
@!!loc:5894:36:5894:40
@!!status:trivial
@!!prover:tlapm
@!!already:false
@!!END

@!!BEGIN
@!!type:obligation
@!!id:1006
@!!loc:5894:42:5894:46
@!!status:trivial
@!!prover:tlapm
@!!already:false
@!!END

@!!BEGIN
@!!type:obligation
@!!id:1007
@!!loc:5894:48:5894:53
@!!status:trivial
@!!prover:tlapm
@!!already:false
@!!END

@!!BEGIN
@!!type:obligation
@!!id:1008
@!!loc:5894:55:5894:59
@!!status:trivial
@!!prover:tlapm
@!!already:false
@!!END

@!!BEGIN
@!!type:obligation
@!!id:1010
@!!loc:5895:29:5895:33
@!!status:trivial
@!!prover:tlapm
@!!already:false
@!!END

@!!BEGIN
@!!type:obligation
@!!id:1011
@!!loc:5895:35:5895:39
@!!status:trivial
@!!prover:tlapm
@!!already:false
@!!END

@!!BEGIN
@!!type:obligation
@!!id:1012
@!!loc:5895:41:5895:45
@!!status:trivial
@!!prover:tlapm
@!!already:false
@!!END

@!!BEGIN
@!!type:obligation
@!!id:1013
@!!loc:5895:47:5895:52
@!!status:trivial
@!!prover:tlapm
@!!already:false
@!!END

@!!BEGIN
@!!type:obligation
@!!id:1009
@!!loc:5895:26:5895:28
@!!status:proved
@!!prover:smt
@!!meth:time-limit: 60; time-used: 0.9 (1%)
@!!already:false
@!!END

@!!BEGIN
@!!type:obligation
@!!id:1003
@!!loc:5894:27:5894:29
@!!status:proved
@!!prover:smt
@!!meth:time-limit: 60; time-used: 3.1 (5%)
@!!already:false
@!!END

@!!BEGIN
@!!type:obligation
@!!id:1014
@!!loc:5895:54:5895:58
@!!status:trivial
@!!prover:tlapm
@!!already:false
@!!END

@!!BEGIN
@!!type:obligation
@!!id:1016
@!!loc:5896:30:5896:34
@!!status:trivial
@!!prover:tlapm
@!!already:false
@!!END

@!!BEGIN
@!!type:obligation
@!!id:1017
@!!loc:5896:36:5896:40
@!!status:trivial
@!!prover:tlapm
@!!already:false
@!!END

@!!BEGIN
@!!type:obligation
@!!id:1018
@!!loc:5896:42:5896:46
@!!status:trivial
@!!prover:tlapm
@!!already:false
@!!END

@!!BEGIN
@!!type:obligation
@!!id:1019
@!!loc:5896:48:5896:53
@!!status:trivial
@!!prover:tlapm
@!!already:false
@!!END

@!!BEGIN
@!!type:obligation
@!!id:1020
@!!loc:5896:55:5896:59
@!!status:trivial
@!!prover:tlapm
@!!already:false
@!!END

@!!BEGIN
@!!type:obligation
@!!id:1021
@!!loc:5940:10:5940:12
@!!status:proved
@!!prover:smt
@!!meth:time-limit: 60
@!!already:true
@!!END

@!!BEGIN
@!!type:obligation
@!!id:1022
@!!loc:5940:13:5940:17
@!!status:trivial
@!!prover:tlapm
@!!already:false
@!!END

@!!BEGIN
@!!type:obligation
@!!id:1023
@!!loc:5940:19:5940:23
@!!status:trivial
@!!prover:tlapm
@!!already:false
@!!END

@!!BEGIN
@!!type:obligation
@!!id:1024
@!!loc:5940:25:5940:29
@!!status:trivial
@!!prover:tlapm
@!!already:false
@!!END

@!!BEGIN
@!!type:obligation
@!!id:1025
@!!loc:5940:31:5940:36
@!!status:trivial
@!!prover:tlapm
@!!already:false
@!!END

@!!BEGIN
@!!type:obligation
@!!id:1026
@!!loc:5940:38:5940:42
@!!status:trivial
@!!prover:tlapm
@!!already:false
@!!END

@!!BEGIN
@!!type:obligation
@!!id:1027
@!!loc:5940:44:5940:48
@!!status:trivial
@!!prover:tlapm
@!!already:false
@!!END

@!!BEGIN
@!!type:obligation
@!!id:1015
@!!loc:5896:27:5896:29
@!!status:proved
@!!prover:smt
@!!meth:time-limit: 60; time-used: 3.2 (5%)
@!!already:false
@!!END

@!!BEGIN
@!!type:obligation
@!!id:1028
@!!loc:5940:50:5940:54
@!!status:trivial
@!!prover:tlapm
@!!already:false
@!!END

@!!BEGIN
@!!type:obligation
@!!id:1029
@!!loc:5940:56:5940:60
@!!status:trivial
@!!prover:tlapm
@!!already:false
@!!END

@!!BEGIN
@!!type:obligation
@!!id:1030
@!!loc:5940:62:5940:66
@!!status:trivial
@!!prover:tlapm
@!!already:false
@!!END

@!!BEGIN
@!!type:obligation
@!!id:1031
@!!loc:5940:68:5940:72
@!!status:trivial
@!!prover:tlapm
@!!already:false
@!!END

@!!BEGIN
@!!type:obligation
@!!id:1032
@!!loc:5940:74:5940:78
@!!status:trivial
@!!prover:tlapm
@!!already:false
@!!END

@!!BEGIN
@!!type:obligation
@!!id:1033
@!!loc:5940:80:5940:87
@!!status:trivial
@!!prover:tlapm
@!!already:false
@!!END

@!!BEGIN
@!!type:obligation
@!!id:1034
@!!loc:5902:14:5902:16
@!!status:proved
@!!prover:smt
@!!meth:time-limit: 60
@!!already:true
@!!END

@!!BEGIN
@!!type:obligation
@!!id:1035
@!!loc:5903:14:5903:16
@!!status:proved
@!!prover:smt
@!!meth:time-limit: 60
@!!already:true
@!!END

@!!BEGIN
@!!type:obligation
@!!id:1036
@!!loc:5903:17:5903:22
@!!status:trivial
@!!prover:tlapm
@!!already:false
@!!END

@!!BEGIN
@!!type:obligation
@!!id:1037
@!!loc:5903:24:5903:32
@!!status:trivial
@!!prover:tlapm
@!!already:false
@!!END

@!!BEGIN
@!!type:obligation
@!!id:1038
@!!loc:5904:71:5904:73
@!!status:proved
@!!prover:smt
@!!meth:time-limit: 60
@!!already:true
@!!END

@!!BEGIN
@!!type:obligation
@!!id:1039
@!!loc:5906:3:5906:5
@!!status:proved
@!!prover:smt
@!!meth:time-limit: 60
@!!already:true
@!!END

@!!BEGIN
@!!type:obligation
@!!id:1040
@!!loc:5907:35:5907:37
@!!status:proved
@!!prover:smt
@!!meth:time-limit: 60
@!!already:true
@!!END

@!!BEGIN
@!!type:obligation
@!!id:1041
@!!loc:5907:38:5907:42
@!!status:trivial
@!!prover:tlapm
@!!already:false
@!!END

@!!BEGIN
@!!type:obligation
@!!id:1042
@!!loc:5908:23:5908:25
@!!status:proved
@!!prover:smt
@!!meth:time-limit: 60
@!!already:true
@!!END

@!!BEGIN
@!!type:obligation
@!!id:1043
@!!loc:5908:26:5908:30
@!!status:trivial
@!!prover:tlapm
@!!already:false
@!!END

@!!BEGIN
@!!type:obligation
@!!id:1044
@!!loc:5913:3:5913:5
@!!status:proved
@!!prover:smt
@!!meth:time-limit: 60
@!!already:true
@!!END

@!!BEGIN
@!!type:obligation
@!!id:1045
@!!loc:5913:6:5913:10
@!!status:trivial
@!!prover:tlapm
@!!already:false
@!!END

@!!BEGIN
@!!type:obligation
@!!id:1046
@!!loc:5913:12:5913:24
@!!status:trivial
@!!prover:tlapm
@!!already:false
@!!END

@!!BEGIN
@!!type:obligation
@!!id:1047
@!!loc:5914:26:5914:28
@!!status:proved
@!!prover:smt
@!!meth:time-limit: 60
@!!already:true
@!!END

@!!BEGIN
@!!type:obligation
@!!id:1048
@!!loc:5915:66:5915:68
@!!status:proved
@!!prover:smt
@!!meth:time-limit: 60
@!!already:true
@!!END

@!!BEGIN
@!!type:obligation
@!!id:1049
@!!loc:5916:36:5916:38
@!!status:proved
@!!prover:smt
@!!meth:time-limit: 60
@!!already:true
@!!END

@!!BEGIN
@!!type:obligation
@!!id:1050
@!!loc:5917:24:5917:26
@!!status:proved
@!!prover:smt
@!!meth:time-limit: 60
@!!already:true
@!!END

@!!BEGIN
@!!type:obligation
@!!id:1051
@!!loc:5917:27:5917:31
@!!status:trivial
@!!prover:tlapm
@!!already:false
@!!END

@!!BEGIN
@!!type:obligation
@!!id:1052
@!!loc:5917:33:5917:37
@!!status:trivial
@!!prover:tlapm
@!!already:false
@!!END

@!!BEGIN
@!!type:obligation
@!!id:1053
@!!loc:5917:39:5917:47
@!!status:trivial
@!!prover:tlapm
@!!already:false
@!!END

@!!BEGIN
@!!type:obligation
@!!id:1054
@!!loc:5925:3:5925:5
@!!status:proved
@!!prover:smt
@!!meth:time-limit: 60
@!!already:true
@!!END

@!!BEGIN
@!!type:obligation
@!!id:1055
@!!loc:5933:3:5933:5
@!!status:proved
@!!prover:smt
@!!meth:time-limit: 60
@!!already:true
@!!END

@!!BEGIN
@!!type:obligation
@!!id:1056
@!!loc:5934:13:5934:15
@!!status:proved
@!!prover:smt
@!!meth:time-limit: 60
@!!already:true
@!!END

@!!BEGIN
@!!type:obligation
@!!id:1057
@!!loc:5934:16:5934:20
@!!status:trivial
@!!prover:tlapm
@!!already:false
@!!END

@!!BEGIN
@!!type:obligation
@!!id:1058
@!!loc:5934:22:5934:26
@!!status:trivial
@!!prover:tlapm
@!!already:false
@!!END

@!!BEGIN
@!!type:obligation
@!!id:1060
@!!loc:5935:24:5935:28
@!!status:trivial
@!!prover:tlapm
@!!already:false
@!!END

@!!BEGIN
@!!type:obligation
@!!id:1061
@!!loc:5935:30:5935:34
@!!status:trivial
@!!prover:tlapm
@!!already:false
@!!END

@!!BEGIN
@!!type:obligation
@!!id:1062
@!!loc:5935:36:5935:41
@!!status:trivial
@!!prover:tlapm
@!!already:false
@!!END

@!!BEGIN
@!!type:obligation
@!!id:1063
@!!loc:5935:43:5935:47
@!!status:trivial
@!!prover:tlapm
@!!already:false
@!!END

@!!BEGIN
@!!type:obligation
@!!id:1064
@!!loc:5935:49:5935:53
@!!status:trivial
@!!prover:tlapm
@!!already:false
@!!END

@!!BEGIN
@!!type:obligation
@!!id:1065
@!!loc:5935:55:5935:59
@!!status:trivial
@!!prover:tlapm
@!!already:false
@!!END

@!!BEGIN
@!!type:obligation
@!!id:1066
@!!loc:5936:23:5936:25
@!!status:proved
@!!prover:smt
@!!meth:time-limit: 60
@!!already:true
@!!END

@!!BEGIN
@!!type:obligation
@!!id:1067
@!!loc:5936:26:5936:30
@!!status:trivial
@!!prover:tlapm
@!!already:false
@!!END

@!!BEGIN
@!!type:obligation
@!!id:1068
@!!loc:5936:32:5936:36
@!!status:trivial
@!!prover:tlapm
@!!already:false
@!!END

@!!BEGIN
@!!type:obligation
@!!id:1069
@!!loc:5936:38:5936:43
@!!status:trivial
@!!prover:tlapm
@!!already:false
@!!END

@!!BEGIN
@!!type:obligation
@!!id:1070
@!!loc:5936:45:5936:49
@!!status:trivial
@!!prover:tlapm
@!!already:false
@!!END

@!!BEGIN
@!!type:obligation
@!!id:1059
@!!loc:5935:21:5935:23
@!!status:proved
@!!prover:smt
@!!meth:time-limit: 60; time-used: 4.6 (8%)
@!!already:false
@!!END

@!!BEGIN
@!!type:obligation
@!!id:1072
@!!loc:5937:27:5937:31
@!!status:trivial
@!!prover:tlapm
@!!already:false
@!!END

@!!BEGIN
@!!type:obligation
@!!id:1073
@!!loc:5937:33:5937:37
@!!status:trivial
@!!prover:tlapm
@!!already:false
@!!END

@!!BEGIN
@!!type:obligation
@!!id:1074
@!!loc:5937:39:5937:43
@!!status:trivial
@!!prover:tlapm
@!!already:false
@!!END

@!!BEGIN
@!!type:obligation
@!!id:1075
@!!loc:5937:45:5937:50
@!!status:trivial
@!!prover:tlapm
@!!already:false
@!!END

@!!BEGIN
@!!type:obligation
@!!id:1076
@!!loc:5937:52:5937:56
@!!status:trivial
@!!prover:tlapm
@!!already:false
@!!END

@!!BEGIN
@!!type:obligation
@!!id:1071
@!!loc:5937:24:5937:26
@!!status:proved
@!!prover:smt
@!!meth:time-limit: 60; time-used: 3.1 (5%)
@!!already:false
@!!END

@!!BEGIN
@!!type:obligation
@!!id:1078
@!!loc:5938:26:5938:30
@!!status:trivial
@!!prover:tlapm
@!!already:false
@!!END

@!!BEGIN
@!!type:obligation
@!!id:1079
@!!loc:5938:32:5938:36
@!!status:trivial
@!!prover:tlapm
@!!already:false
@!!END

@!!BEGIN
@!!type:obligation
@!!id:1080
@!!loc:5938:38:5938:42
@!!status:trivial
@!!prover:tlapm
@!!already:false
@!!END

@!!BEGIN
@!!type:obligation
@!!id:1081
@!!loc:5938:44:5938:49
@!!status:trivial
@!!prover:tlapm
@!!already:false
@!!END

@!!BEGIN
@!!type:obligation
@!!id:1082
@!!loc:5938:51:5938:55
@!!status:trivial
@!!prover:tlapm
@!!already:false
@!!END

@!!BEGIN
@!!type:obligation
@!!id:1077
@!!loc:5938:23:5938:25
@!!status:proved
@!!prover:smt
@!!meth:time-limit: 60; time-used: 3.1 (5%)
@!!already:false
@!!END

@!!BEGIN
@!!type:obligation
@!!id:1084
@!!loc:5939:27:5939:31
@!!status:trivial
@!!prover:tlapm
@!!already:false
@!!END

@!!BEGIN
@!!type:obligation
@!!id:1085
@!!loc:5939:33:5939:37
@!!status:trivial
@!!prover:tlapm
@!!already:false
@!!END

@!!BEGIN
@!!type:obligation
@!!id:1086
@!!loc:5939:39:5939:43
@!!status:trivial
@!!prover:tlapm
@!!already:false
@!!END

@!!BEGIN
@!!type:obligation
@!!id:1087
@!!loc:5939:45:5939:50
@!!status:trivial
@!!prover:tlapm
@!!already:false
@!!END

@!!BEGIN
@!!type:obligation
@!!id:1088
@!!loc:5939:52:5939:56
@!!status:trivial
@!!prover:tlapm
@!!already:false
@!!END

@!!BEGIN
@!!type:obligation
@!!id:1089
@!!loc:5983:10:5983:12
@!!status:proved
@!!prover:smt
@!!meth:time-limit: 60
@!!already:true
@!!END

@!!BEGIN
@!!type:obligation
@!!id:1090
@!!loc:5983:13:5983:17
@!!status:trivial
@!!prover:tlapm
@!!already:false
@!!END

@!!BEGIN
@!!type:obligation
@!!id:1091
@!!loc:5983:19:5983:23
@!!status:trivial
@!!prover:tlapm
@!!already:false
@!!END

@!!BEGIN
@!!type:obligation
@!!id:1092
@!!loc:5983:25:5983:29
@!!status:trivial
@!!prover:tlapm
@!!already:false
@!!END

@!!BEGIN
@!!type:obligation
@!!id:1093
@!!loc:5983:31:5983:36
@!!status:trivial
@!!prover:tlapm
@!!already:false
@!!END

@!!BEGIN
@!!type:obligation
@!!id:1094
@!!loc:5983:38:5983:42
@!!status:trivial
@!!prover:tlapm
@!!already:false
@!!END

@!!BEGIN
@!!type:obligation
@!!id:1083
@!!loc:5939:24:5939:26
@!!status:proved
@!!prover:smt
@!!meth:time-limit: 60; time-used: 3.0 (5%)
@!!already:false
@!!END

@!!BEGIN
@!!type:obligation
@!!id:1095
@!!loc:5983:44:5983:48
@!!status:trivial
@!!prover:tlapm
@!!already:false
@!!END

@!!BEGIN
@!!type:obligation
@!!id:1096
@!!loc:5983:50:5983:54
@!!status:trivial
@!!prover:tlapm
@!!already:false
@!!END

@!!BEGIN
@!!type:obligation
@!!id:1097
@!!loc:5983:56:5983:60
@!!status:trivial
@!!prover:tlapm
@!!already:false
@!!END

@!!BEGIN
@!!type:obligation
@!!id:1098
@!!loc:5983:62:5983:66
@!!status:trivial
@!!prover:tlapm
@!!already:false
@!!END

@!!BEGIN
@!!type:obligation
@!!id:1099
@!!loc:5983:68:5983:72
@!!status:trivial
@!!prover:tlapm
@!!already:false
@!!END

@!!BEGIN
@!!type:obligation
@!!id:1100
@!!loc:5983:74:5983:78
@!!status:trivial
@!!prover:tlapm
@!!already:false
@!!END

@!!BEGIN
@!!type:obligation
@!!id:1101
@!!loc:5983:80:5983:87
@!!status:trivial
@!!prover:tlapm
@!!already:false
@!!END

@!!BEGIN
@!!type:obligation
@!!id:1102
@!!loc:5945:14:5945:16
@!!status:proved
@!!prover:smt
@!!meth:time-limit: 60
@!!already:true
@!!END

@!!BEGIN
@!!type:obligation
@!!id:1103
@!!loc:5946:14:5946:16
@!!status:proved
@!!prover:smt
@!!meth:time-limit: 60
@!!already:true
@!!END

@!!BEGIN
@!!type:obligation
@!!id:1104
@!!loc:5946:17:5946:22
@!!status:trivial
@!!prover:tlapm
@!!already:false
@!!END

@!!BEGIN
@!!type:obligation
@!!id:1105
@!!loc:5946:24:5946:33
@!!status:trivial
@!!prover:tlapm
@!!already:false
@!!END

@!!BEGIN
@!!type:obligation
@!!id:1106
@!!loc:5947:71:5947:73
@!!status:proved
@!!prover:smt
@!!meth:time-limit: 60
@!!already:true
@!!END

@!!BEGIN
@!!type:obligation
@!!id:1107
@!!loc:5949:3:5949:5
@!!status:proved
@!!prover:smt
@!!meth:time-limit: 60
@!!already:true
@!!END

@!!BEGIN
@!!type:obligation
@!!id:1108
@!!loc:5950:35:5950:37
@!!status:proved
@!!prover:smt
@!!meth:time-limit: 60
@!!already:true
@!!END

@!!BEGIN
@!!type:obligation
@!!id:1109
@!!loc:5950:38:5950:42
@!!status:trivial
@!!prover:tlapm
@!!already:false
@!!END

@!!BEGIN
@!!type:obligation
@!!id:1110
@!!loc:5951:23:5951:25
@!!status:proved
@!!prover:smt
@!!meth:time-limit: 60
@!!already:true
@!!END

@!!BEGIN
@!!type:obligation
@!!id:1111
@!!loc:5951:26:5951:30
@!!status:trivial
@!!prover:tlapm
@!!already:false
@!!END

@!!BEGIN
@!!type:obligation
@!!id:1112
@!!loc:5956:3:5956:5
@!!status:proved
@!!prover:smt
@!!meth:time-limit: 60
@!!already:true
@!!END

@!!BEGIN
@!!type:obligation
@!!id:1113
@!!loc:5956:6:5956:10
@!!status:trivial
@!!prover:tlapm
@!!already:false
@!!END

@!!BEGIN
@!!type:obligation
@!!id:1114
@!!loc:5956:12:5956:24
@!!status:trivial
@!!prover:tlapm
@!!already:false
@!!END

@!!BEGIN
@!!type:obligation
@!!id:1115
@!!loc:5957:26:5957:28
@!!status:proved
@!!prover:smt
@!!meth:time-limit: 60
@!!already:true
@!!END

@!!BEGIN
@!!type:obligation
@!!id:1116
@!!loc:5958:67:5958:69
@!!status:proved
@!!prover:smt
@!!meth:time-limit: 60
@!!already:true
@!!END

@!!BEGIN
@!!type:obligation
@!!id:1117
@!!loc:5959:36:5959:38
@!!status:proved
@!!prover:smt
@!!meth:time-limit: 60
@!!already:true
@!!END

@!!BEGIN
@!!type:obligation
@!!id:1118
@!!loc:5960:25:5960:27
@!!status:proved
@!!prover:smt
@!!meth:time-limit: 60
@!!already:true
@!!END

@!!BEGIN
@!!type:obligation
@!!id:1119
@!!loc:5960:28:5960:32
@!!status:trivial
@!!prover:tlapm
@!!already:false
@!!END

@!!BEGIN
@!!type:obligation
@!!id:1120
@!!loc:5960:34:5960:38
@!!status:trivial
@!!prover:tlapm
@!!already:false
@!!END

@!!BEGIN
@!!type:obligation
@!!id:1121
@!!loc:5960:40:5960:48
@!!status:trivial
@!!prover:tlapm
@!!already:false
@!!END

@!!BEGIN
@!!type:obligation
@!!id:1122
@!!loc:5968:3:5968:5
@!!status:proved
@!!prover:smt
@!!meth:time-limit: 60
@!!already:true
@!!END

@!!BEGIN
@!!type:obligation
@!!id:1123
@!!loc:5976:3:5976:5
@!!status:proved
@!!prover:smt
@!!meth:time-limit: 60
@!!already:true
@!!END

@!!BEGIN
@!!type:obligation
@!!id:1124
@!!loc:5977:13:5977:15
@!!status:proved
@!!prover:smt
@!!meth:time-limit: 60
@!!already:true
@!!END

@!!BEGIN
@!!type:obligation
@!!id:1125
@!!loc:5977:16:5977:20
@!!status:trivial
@!!prover:tlapm
@!!already:false
@!!END

@!!BEGIN
@!!type:obligation
@!!id:1126
@!!loc:5977:22:5977:26
@!!status:trivial
@!!prover:tlapm
@!!already:false
@!!END

@!!BEGIN
@!!type:obligation
@!!id:1128
@!!loc:5978:25:5978:29
@!!status:trivial
@!!prover:tlapm
@!!already:false
@!!END

@!!BEGIN
@!!type:obligation
@!!id:1129
@!!loc:5978:31:5978:35
@!!status:trivial
@!!prover:tlapm
@!!already:false
@!!END

@!!BEGIN
@!!type:obligation
@!!id:1130
@!!loc:5978:37:5978:42
@!!status:trivial
@!!prover:tlapm
@!!already:false
@!!END

@!!BEGIN
@!!type:obligation
@!!id:1131
@!!loc:5978:44:5978:48
@!!status:trivial
@!!prover:tlapm
@!!already:false
@!!END

@!!BEGIN
@!!type:obligation
@!!id:1132
@!!loc:5978:50:5978:54
@!!status:trivial
@!!prover:tlapm
@!!already:false
@!!END

@!!BEGIN
@!!type:obligation
@!!id:1133
@!!loc:5978:56:5978:60
@!!status:trivial
@!!prover:tlapm
@!!already:false
@!!END

@!!BEGIN
@!!type:obligation
@!!id:1134
@!!loc:5979:24:5979:26
@!!status:proved
@!!prover:smt
@!!meth:time-limit: 60
@!!already:true
@!!END

@!!BEGIN
@!!type:obligation
@!!id:1135
@!!loc:5979:27:5979:31
@!!status:trivial
@!!prover:tlapm
@!!already:false
@!!END

@!!BEGIN
@!!type:obligation
@!!id:1136
@!!loc:5979:33:5979:37
@!!status:trivial
@!!prover:tlapm
@!!already:false
@!!END

@!!BEGIN
@!!type:obligation
@!!id:1137
@!!loc:5979:39:5979:44
@!!status:trivial
@!!prover:tlapm
@!!already:false
@!!END

@!!BEGIN
@!!type:obligation
@!!id:1138
@!!loc:5979:46:5979:50
@!!status:trivial
@!!prover:tlapm
@!!already:false
@!!END

@!!BEGIN
@!!type:obligation
@!!id:1127
@!!loc:5978:22:5978:24
@!!status:proved
@!!prover:smt
@!!meth:time-limit: 60; time-used: 3.0 (5%)
@!!already:false
@!!END

@!!BEGIN
@!!type:obligation
@!!id:1140
@!!loc:5980:28:5980:32
@!!status:trivial
@!!prover:tlapm
@!!already:false
@!!END

@!!BEGIN
@!!type:obligation
@!!id:1141
@!!loc:5980:34:5980:38
@!!status:trivial
@!!prover:tlapm
@!!already:false
@!!END

@!!BEGIN
@!!type:obligation
@!!id:1142
@!!loc:5980:40:5980:44
@!!status:trivial
@!!prover:tlapm
@!!already:false
@!!END

@!!BEGIN
@!!type:obligation
@!!id:1143
@!!loc:5980:46:5980:51
@!!status:trivial
@!!prover:tlapm
@!!already:false
@!!END

@!!BEGIN
@!!type:obligation
@!!id:1144
@!!loc:5980:53:5980:57
@!!status:trivial
@!!prover:tlapm
@!!already:false
@!!END

@!!BEGIN
@!!type:obligation
@!!id:1146
@!!loc:5981:27:5981:31
@!!status:trivial
@!!prover:tlapm
@!!already:false
@!!END

@!!BEGIN
@!!type:obligation
@!!id:1147
@!!loc:5981:33:5981:37
@!!status:trivial
@!!prover:tlapm
@!!already:false
@!!END

@!!BEGIN
@!!type:obligation
@!!id:1148
@!!loc:5981:39:5981:43
@!!status:trivial
@!!prover:tlapm
@!!already:false
@!!END

@!!BEGIN
@!!type:obligation
@!!id:1149
@!!loc:5981:45:5981:50
@!!status:trivial
@!!prover:tlapm
@!!already:false
@!!END

@!!BEGIN
@!!type:obligation
@!!id:1145
@!!loc:5981:24:5981:26
@!!status:proved
@!!prover:smt
@!!meth:time-limit: 60; time-used: 0.9 (1%)
@!!already:false
@!!END

@!!BEGIN
@!!type:obligation
@!!id:1139
@!!loc:5980:25:5980:27
@!!status:proved
@!!prover:smt
@!!meth:time-limit: 60; time-used: 3.1 (5%)
@!!already:false
@!!END

@!!BEGIN
@!!type:obligation
@!!id:1150
@!!loc:5981:52:5981:56
@!!status:trivial
@!!prover:tlapm
@!!already:false
@!!END

@!!BEGIN
@!!type:obligation
@!!id:1152
@!!loc:5982:28:5982:32
@!!status:trivial
@!!prover:tlapm
@!!already:false
@!!END

@!!BEGIN
@!!type:obligation
@!!id:1153
@!!loc:5982:34:5982:38
@!!status:trivial
@!!prover:tlapm
@!!already:false
@!!END

@!!BEGIN
@!!type:obligation
@!!id:1154
@!!loc:5982:40:5982:44
@!!status:trivial
@!!prover:tlapm
@!!already:false
@!!END

@!!BEGIN
@!!type:obligation
@!!id:1155
@!!loc:5982:46:5982:51
@!!status:trivial
@!!prover:tlapm
@!!already:false
@!!END

@!!BEGIN
@!!type:obligation
@!!id:1156
@!!loc:5982:53:5982:57
@!!status:trivial
@!!prover:tlapm
@!!already:false
@!!END

@!!BEGIN
@!!type:obligation
@!!id:1157
@!!loc:6053:10:6053:12
@!!status:proved
@!!prover:smt
@!!meth:time-limit: 60
@!!already:true
@!!END

@!!BEGIN
@!!type:obligation
@!!id:1158
@!!loc:6053:13:6053:17
@!!status:trivial
@!!prover:tlapm
@!!already:false
@!!END

@!!BEGIN
@!!type:obligation
@!!id:1159
@!!loc:6053:19:6053:23
@!!status:trivial
@!!prover:tlapm
@!!already:false
@!!END

@!!BEGIN
@!!type:obligation
@!!id:1160
@!!loc:6053:25:6053:29
@!!status:trivial
@!!prover:tlapm
@!!already:false
@!!END

@!!BEGIN
@!!type:obligation
@!!id:1161
@!!loc:6053:31:6053:36
@!!status:trivial
@!!prover:tlapm
@!!already:false
@!!END

@!!BEGIN
@!!type:obligation
@!!id:1162
@!!loc:6053:38:6053:42
@!!status:trivial
@!!prover:tlapm
@!!already:false
@!!END

@!!BEGIN
@!!type:obligation
@!!id:1163
@!!loc:6053:44:6053:48
@!!status:trivial
@!!prover:tlapm
@!!already:false
@!!END

@!!BEGIN
@!!type:obligation
@!!id:1164
@!!loc:6053:50:6053:54
@!!status:trivial
@!!prover:tlapm
@!!already:false
@!!END

@!!BEGIN
@!!type:obligation
@!!id:1165
@!!loc:6053:56:6053:60
@!!status:trivial
@!!prover:tlapm
@!!already:false
@!!END

@!!BEGIN
@!!type:obligation
@!!id:1166
@!!loc:6053:62:6053:66
@!!status:trivial
@!!prover:tlapm
@!!already:false
@!!END

@!!BEGIN
@!!type:obligation
@!!id:1151
@!!loc:5982:25:5982:27
@!!status:proved
@!!prover:smt
@!!meth:time-limit: 60; time-used: 3.1 (5%)
@!!already:false
@!!END

@!!BEGIN
@!!type:obligation
@!!id:1167
@!!loc:6053:68:6053:72
@!!status:trivial
@!!prover:tlapm
@!!already:false
@!!END

@!!BEGIN
@!!type:obligation
@!!id:1168
@!!loc:6053:74:6053:78
@!!status:trivial
@!!prover:tlapm
@!!already:false
@!!END

@!!BEGIN
@!!type:obligation
@!!id:1169
@!!loc:6053:80:6053:87
@!!status:trivial
@!!prover:tlapm
@!!already:false
@!!END

@!!BEGIN
@!!type:obligation
@!!id:1170
@!!loc:5988:14:5988:16
@!!status:proved
@!!prover:smt
@!!meth:time-limit: 60
@!!already:true
@!!END

@!!BEGIN
@!!type:obligation
@!!id:1171
@!!loc:5989:14:5989:16
@!!status:proved
@!!prover:smt
@!!meth:time-limit: 60
@!!already:true
@!!END

@!!BEGIN
@!!type:obligation
@!!id:1172
@!!loc:5989:17:5989:22
@!!status:trivial
@!!prover:tlapm
@!!already:false
@!!END

@!!BEGIN
@!!type:obligation
@!!id:1173
@!!loc:5989:24:5989:34
@!!status:trivial
@!!prover:tlapm
@!!already:false
@!!END

@!!BEGIN
@!!type:obligation
@!!id:1174
@!!loc:5990:71:5990:73
@!!status:proved
@!!prover:smt
@!!meth:time-limit: 60
@!!already:true
@!!END

@!!BEGIN
@!!type:obligation
@!!id:1175
@!!loc:5992:3:5992:5
@!!status:proved
@!!prover:smt
@!!meth:time-limit: 60
@!!already:true
@!!END

@!!BEGIN
@!!type:obligation
@!!id:1176
@!!loc:5993:35:5993:37
@!!status:proved
@!!prover:smt
@!!meth:time-limit: 60
@!!already:true
@!!END

@!!BEGIN
@!!type:obligation
@!!id:1177
@!!loc:5993:38:5993:42
@!!status:trivial
@!!prover:tlapm
@!!already:false
@!!END

@!!BEGIN
@!!type:obligation
@!!id:1178
@!!loc:5994:23:5994:25
@!!status:proved
@!!prover:smt
@!!meth:time-limit: 60
@!!already:true
@!!END

@!!BEGIN
@!!type:obligation
@!!id:1179
@!!loc:5994:26:5994:30
@!!status:trivial
@!!prover:tlapm
@!!already:false
@!!END

@!!BEGIN
@!!type:obligation
@!!id:1180
@!!loc:5999:3:5999:5
@!!status:proved
@!!prover:smt
@!!meth:time-limit: 60
@!!already:true
@!!END

@!!BEGIN
@!!type:obligation
@!!id:1181
@!!loc:5999:6:5999:10
@!!status:trivial
@!!prover:tlapm
@!!already:false
@!!END

@!!BEGIN
@!!type:obligation
@!!id:1182
@!!loc:5999:12:5999:24
@!!status:trivial
@!!prover:tlapm
@!!already:false
@!!END

@!!BEGIN
@!!type:obligation
@!!id:1183
@!!loc:6000:26:6000:28
@!!status:proved
@!!prover:smt
@!!meth:time-limit: 60
@!!already:true
@!!END

@!!BEGIN
@!!type:obligation
@!!id:1184
@!!loc:6001:28:6001:30
@!!status:proved
@!!prover:smt
@!!meth:time-limit: 60
@!!already:true
@!!END

@!!BEGIN
@!!type:obligation
@!!id:1185
@!!loc:6001:31:6001:43
@!!status:trivial
@!!prover:tlapm
@!!already:false
@!!END

@!!BEGIN
@!!type:obligation
@!!id:1186
@!!loc:6002:28:6002:30
@!!status:proved
@!!prover:smt
@!!meth:time-limit: 60
@!!already:true
@!!END

@!!BEGIN
@!!type:obligation
@!!id:1187
@!!loc:6003:29:6003:31
@!!status:proved
@!!prover:smt
@!!meth:time-limit: 60
@!!already:true
@!!END

@!!BEGIN
@!!type:obligation
@!!id:1188
@!!loc:6003:32:6003:36
@!!status:trivial
@!!prover:tlapm
@!!already:false
@!!END

@!!BEGIN
@!!type:obligation
@!!id:1189
@!!loc:6003:38:6003:43
@!!status:trivial
@!!prover:tlapm
@!!already:false
@!!END

@!!BEGIN
@!!type:obligation
@!!id:1190
@!!loc:6006:3:6006:5
@!!status:proved
@!!prover:smt
@!!meth:time-limit: 60
@!!already:true
@!!END

@!!BEGIN
@!!type:obligation
@!!id:1191
@!!loc:6009:3:6009:5
@!!status:proved
@!!prover:smt
@!!meth:time-limit: 60
@!!already:true
@!!END

@!!BEGIN
@!!type:obligation
@!!id:1192
@!!loc:6010:36:6010:38
@!!status:proved
@!!prover:smt
@!!meth:time-limit: 60
@!!already:true
@!!END

@!!BEGIN
@!!type:obligation
@!!id:1193
@!!loc:6011:26:6011:28
@!!status:proved
@!!prover:smt
@!!meth:time-limit: 60
@!!already:true
@!!END

@!!BEGIN
@!!type:obligation
@!!id:1194
@!!loc:6011:29:6011:33
@!!status:trivial
@!!prover:tlapm
@!!already:false
@!!END

@!!BEGIN
@!!type:obligation
@!!id:1195
@!!loc:6011:35:6011:39
@!!status:trivial
@!!prover:tlapm
@!!already:false
@!!END

@!!BEGIN
@!!type:obligation
@!!id:1196
@!!loc:6011:41:6011:49
@!!status:trivial
@!!prover:tlapm
@!!already:false
@!!END

@!!BEGIN
@!!type:obligation
@!!id:1197
@!!loc:6019:3:6019:5
@!!status:proved
@!!prover:smt
@!!meth:time-limit: 60
@!!already:true
@!!END

@!!BEGIN
@!!type:obligation
@!!id:1198
@!!loc:6027:3:6027:5
@!!status:proved
@!!prover:smt
@!!meth:time-limit: 60
@!!already:true
@!!END

@!!BEGIN
@!!type:obligation
@!!id:1199
@!!loc:6028:13:6028:15
@!!status:proved
@!!prover:smt
@!!meth:time-limit: 60
@!!already:true
@!!END

@!!BEGIN
@!!type:obligation
@!!id:1200
@!!loc:6028:16:6028:20
@!!status:trivial
@!!prover:tlapm
@!!already:false
@!!END

@!!BEGIN
@!!type:obligation
@!!id:1201
@!!loc:6028:22:6028:26
@!!status:trivial
@!!prover:tlapm
@!!already:false
@!!END

@!!BEGIN
@!!type:obligation
@!!id:1203
@!!loc:6029:26:6029:30
@!!status:trivial
@!!prover:tlapm
@!!already:false
@!!END

@!!BEGIN
@!!type:obligation
@!!id:1204
@!!loc:6029:32:6029:36
@!!status:trivial
@!!prover:tlapm
@!!already:false
@!!END

@!!BEGIN
@!!type:obligation
@!!id:1205
@!!loc:6029:38:6029:42
@!!status:trivial
@!!prover:tlapm
@!!already:false
@!!END

@!!BEGIN
@!!type:obligation
@!!id:1206
@!!loc:6029:44:6029:48
@!!status:trivial
@!!prover:tlapm
@!!already:false
@!!END

@!!BEGIN
@!!type:obligation
@!!id:1207
@!!loc:6029:50:6029:54
@!!status:trivial
@!!prover:tlapm
@!!already:false
@!!END

@!!BEGIN
@!!type:obligation
@!!id:1208
@!!loc:6029:56:6029:60
@!!status:trivial
@!!prover:tlapm
@!!already:false
@!!END

@!!BEGIN
@!!type:obligation
@!!id:1209
@!!loc:6033:12:6033:14
@!!status:proved
@!!prover:smt
@!!meth:time-limit: 60
@!!already:true
@!!END

@!!BEGIN
@!!type:obligation
@!!id:1210
@!!loc:6033:15:6033:19
@!!status:trivial
@!!prover:tlapm
@!!already:false
@!!END

@!!BEGIN
@!!type:obligation
@!!id:1211
@!!loc:6033:21:6033:25
@!!status:trivial
@!!prover:tlapm
@!!already:false
@!!END

@!!BEGIN
@!!type:obligation
@!!id:1212
@!!loc:6033:27:6033:32
@!!status:trivial
@!!prover:tlapm
@!!already:false
@!!END

@!!BEGIN
@!!type:obligation
@!!id:1213
@!!loc:6033:34:6033:39
@!!status:trivial
@!!prover:tlapm
@!!already:false
@!!END

@!!BEGIN
@!!type:obligation
@!!id:1214
@!!loc:6033:41:6033:45
@!!status:trivial
@!!prover:tlapm
@!!already:false
@!!END

@!!BEGIN
@!!type:obligation
@!!id:1202
@!!loc:6029:23:6029:25
@!!status:proved
@!!prover:smt
@!!meth:time-limit: 60; time-used: 3.6 (6%)
@!!already:false
@!!END

@!!BEGIN
@!!type:obligation
@!!id:1216
@!!loc:6032:8:6032:12
@!!status:trivial
@!!prover:tlapm
@!!already:false
@!!END

@!!BEGIN
@!!type:obligation
@!!id:1217
@!!loc:6032:14:6032:18
@!!status:trivial
@!!prover:tlapm
@!!already:false
@!!END

@!!BEGIN
@!!type:obligation
@!!id:1218
@!!loc:6032:20:6032:24
@!!status:trivial
@!!prover:tlapm
@!!already:false
@!!END

@!!BEGIN
@!!type:obligation
@!!id:1219
@!!loc:6032:26:6032:30
@!!status:trivial
@!!prover:tlapm
@!!already:false
@!!END

@!!BEGIN
@!!type:obligation
@!!id:1220
@!!loc:6032:32:6032:36
@!!status:trivial
@!!prover:tlapm
@!!already:false
@!!END

@!!BEGIN
@!!type:obligation
@!!id:1221
@!!loc:6032:38:6032:42
@!!status:trivial
@!!prover:tlapm
@!!already:false
@!!END

@!!BEGIN
@!!type:obligation
@!!id:1222
@!!loc:6032:44:6032:48
@!!status:trivial
@!!prover:tlapm
@!!already:false
@!!END

@!!BEGIN
@!!type:obligation
@!!id:1224
@!!loc:6038:15:6038:19
@!!status:trivial
@!!prover:tlapm
@!!already:false
@!!END

@!!BEGIN
@!!type:obligation
@!!id:1223
@!!loc:6038:12:6038:14
@!!status:proved
@!!prover:smt
@!!meth:time-limit: 60; time-used: 1.4 (2%)
@!!already:false
@!!END

@!!BEGIN
@!!type:obligation
@!!id:1215
@!!loc:6032:5:6032:7
@!!status:proved
@!!prover:smt
@!!meth:time-limit: 60; time-used: 3.4 (6%)
@!!already:false
@!!END

@!!BEGIN
@!!type:obligation
@!!id:1226
@!!loc:6036:8:6036:12
@!!status:trivial
@!!prover:tlapm
@!!already:false
@!!END

@!!BEGIN
@!!type:obligation
@!!id:1227
@!!loc:6036:14:6036:19
@!!status:trivial
@!!prover:tlapm
@!!already:false
@!!END

@!!BEGIN
@!!type:obligation
@!!id:1229
@!!loc:6037:70:6037:74
@!!status:trivial
@!!prover:tlapm
@!!already:false
@!!END

@!!BEGIN
@!!type:obligation
@!!id:1230
@!!loc:6048:12:6048:14
@!!status:proved
@!!prover:smt
@!!meth:time-limit: 60
@!!already:true
@!!END

@!!BEGIN
@!!type:obligation
@!!id:1231
@!!loc:6048:15:6048:19
@!!status:trivial
@!!prover:tlapm
@!!already:false
@!!END

@!!BEGIN
@!!type:obligation
@!!id:1232
@!!loc:6048:21:6048:25
@!!status:trivial
@!!prover:tlapm
@!!already:false
@!!END

@!!BEGIN
@!!type:obligation
@!!id:1233
@!!loc:6040:57:6040:59
@!!status:proved
@!!prover:smt
@!!meth:time-limit: 60
@!!already:true
@!!END

@!!BEGIN
@!!type:obligation
@!!id:1234
@!!loc:6040:60:6040:64
@!!status:trivial
@!!prover:tlapm
@!!already:false
@!!END

@!!BEGIN
@!!type:obligation
@!!id:1235
@!!loc:6040:66:6040:71
@!!status:trivial
@!!prover:tlapm
@!!already:false
@!!END

@!!BEGIN
@!!type:obligation
@!!id:1228
@!!loc:6037:67:6037:69
@!!status:proved
@!!prover:smt
@!!meth:time-limit: 60; time-used: 1.6 (3%)
@!!already:false
@!!END

@!!BEGIN
@!!type:obligation
@!!id:1225
@!!loc:6036:5:6036:7
@!!status:proved
@!!prover:smt
@!!meth:time-limit: 60; time-used: 3.1 (5%)
@!!already:false
@!!END

@!!BEGIN
@!!type:obligation
@!!id:1236
@!!loc:6040:73:6040:77
@!!status:trivial
@!!prover:tlapm
@!!already:false
@!!END

@!!BEGIN
@!!type:obligation
@!!id:1237
@!!loc:6047:14:6047:16
@!!status:proved
@!!prover:smt
@!!meth:time-limit: 60
@!!already:true
@!!END

@!!BEGIN
@!!type:obligation
@!!id:1238
@!!loc:6047:17:6047:21
@!!status:trivial
@!!prover:tlapm
@!!already:false
@!!END

@!!BEGIN
@!!type:obligation
@!!id:1239
@!!loc:6047:23:6047:27
@!!status:trivial
@!!prover:tlapm
@!!already:false
@!!END

@!!BEGIN
@!!type:obligation
@!!id:1240
@!!loc:6047:29:6047:33
@!!status:trivial
@!!prover:tlapm
@!!already:false
@!!END

@!!BEGIN
@!!type:obligation
@!!id:1241
@!!loc:6047:35:6047:39
@!!status:trivial
@!!prover:tlapm
@!!already:false
@!!END

@!!BEGIN
@!!type:obligation
@!!id:1242
@!!loc:6047:41:6047:46
@!!status:trivial
@!!prover:tlapm
@!!already:false
@!!END

@!!BEGIN
@!!type:obligation
@!!id:1243
@!!loc:6047:48:6047:52
@!!status:trivial
@!!prover:tlapm
@!!already:false
@!!END

@!!BEGIN
@!!type:obligation
@!!id:1244
@!!loc:6045:38:6045:40
@!!status:proved
@!!prover:smt
@!!meth:time-limit: 60
@!!already:true
@!!END

@!!BEGIN
@!!type:obligation
@!!id:1245
@!!loc:6045:41:6045:45
@!!status:trivial
@!!prover:tlapm
@!!already:false
@!!END

@!!BEGIN
@!!type:obligation
@!!id:1246
@!!loc:6045:47:6045:52
@!!status:trivial
@!!prover:tlapm
@!!already:false
@!!END

@!!BEGIN
@!!type:obligation
@!!id:1247
@!!loc:6045:54:6045:59
@!!status:trivial
@!!prover:tlapm
@!!already:false
@!!END

@!!BEGIN
@!!type:obligation
@!!id:1248
@!!loc:6046:51:6046:53
@!!status:proved
@!!prover:smt
@!!meth:time-limit: 60
@!!already:true
@!!END

@!!BEGIN
@!!type:obligation
@!!id:1249
@!!loc:6046:54:6046:58
@!!status:trivial
@!!prover:tlapm
@!!already:false
@!!END

@!!BEGIN
@!!type:obligation
@!!id:1250
@!!loc:6046:60:6046:64
@!!status:trivial
@!!prover:tlapm
@!!already:false
@!!END

@!!BEGIN
@!!type:obligation
@!!id:1251
@!!loc:6046:66:6046:70
@!!status:trivial
@!!prover:tlapm
@!!already:false
@!!END

@!!BEGIN
@!!type:obligation
@!!id:1252
@!!loc:6046:72:6046:77
@!!status:trivial
@!!prover:tlapm
@!!already:false
@!!END

@!!BEGIN
@!!type:obligation
@!!id:1253
@!!loc:6052:12:6052:14
@!!status:proved
@!!prover:smt
@!!meth:time-limit: 60
@!!already:true
@!!END

@!!BEGIN
@!!type:obligation
@!!id:1254
@!!loc:6052:15:6052:19
@!!status:trivial
@!!prover:tlapm
@!!already:false
@!!END

@!!BEGIN
@!!type:obligation
@!!id:1255
@!!loc:6052:21:6052:25
@!!status:trivial
@!!prover:tlapm
@!!already:false
@!!END

@!!BEGIN
@!!type:obligation
@!!id:1256
@!!loc:6052:27:6052:31
@!!status:trivial
@!!prover:tlapm
@!!already:false
@!!END

@!!BEGIN
@!!type:obligation
@!!id:1257
@!!loc:6052:33:6052:38
@!!status:trivial
@!!prover:tlapm
@!!already:false
@!!END

@!!BEGIN
@!!type:obligation
@!!id:1258
@!!loc:6052:40:6052:44
@!!status:trivial
@!!prover:tlapm
@!!already:false
@!!END

@!!BEGIN
@!!type:obligation
@!!id:1260
@!!loc:6051:8:6051:12
@!!status:trivial
@!!prover:tlapm
@!!already:false
@!!END

@!!BEGIN
@!!type:obligation
@!!id:1261
@!!loc:6051:14:6051:18
@!!status:trivial
@!!prover:tlapm
@!!already:false
@!!END

@!!BEGIN
@!!type:obligation
@!!id:1262
@!!loc:6051:20:6051:24
@!!status:trivial
@!!prover:tlapm
@!!already:false
@!!END

@!!BEGIN
@!!type:obligation
@!!id:1263
@!!loc:6051:26:6051:30
@!!status:trivial
@!!prover:tlapm
@!!already:false
@!!END

@!!BEGIN
@!!type:obligation
@!!id:1264
@!!loc:6051:32:6051:36
@!!status:trivial
@!!prover:tlapm
@!!already:false
@!!END

@!!BEGIN
@!!type:obligation
@!!id:1265
@!!loc:6051:38:6051:42
@!!status:trivial
@!!prover:tlapm
@!!already:false
@!!END

@!!BEGIN
@!!type:obligation
@!!id:1266
@!!loc:6051:44:6051:48
@!!status:trivial
@!!prover:tlapm
@!!already:false
@!!END

@!!BEGIN
@!!type:obligation
@!!id:1267
@!!loc:6096:10:6096:12
@!!status:proved
@!!prover:smt
@!!meth:time-limit: 60
@!!already:true
@!!END

@!!BEGIN
@!!type:obligation
@!!id:1268
@!!loc:6096:13:6096:17
@!!status:trivial
@!!prover:tlapm
@!!already:false
@!!END

@!!BEGIN
@!!type:obligation
@!!id:1269
@!!loc:6096:19:6096:23
@!!status:trivial
@!!prover:tlapm
@!!already:false
@!!END

@!!BEGIN
@!!type:obligation
@!!id:1270
@!!loc:6096:25:6096:29
@!!status:trivial
@!!prover:tlapm
@!!already:false
@!!END

@!!BEGIN
@!!type:obligation
@!!id:1259
@!!loc:6051:5:6051:7
@!!status:proved
@!!prover:smt
@!!meth:time-limit: 60; time-used: 3.0 (5%)
@!!already:false
@!!END

@!!BEGIN
@!!type:obligation
@!!id:1271
@!!loc:6096:31:6096:36
@!!status:trivial
@!!prover:tlapm
@!!already:false
@!!END

@!!BEGIN
@!!type:obligation
@!!id:1272
@!!loc:6096:38:6096:42
@!!status:trivial
@!!prover:tlapm
@!!already:false
@!!END

@!!BEGIN
@!!type:obligation
@!!id:1273
@!!loc:6096:44:6096:48
@!!status:trivial
@!!prover:tlapm
@!!already:false
@!!END

@!!BEGIN
@!!type:obligation
@!!id:1274
@!!loc:6096:50:6096:54
@!!status:trivial
@!!prover:tlapm
@!!already:false
@!!END

@!!BEGIN
@!!type:obligation
@!!id:1275
@!!loc:6096:56:6096:60
@!!status:trivial
@!!prover:tlapm
@!!already:false
@!!END

@!!BEGIN
@!!type:obligation
@!!id:1276
@!!loc:6096:62:6096:66
@!!status:trivial
@!!prover:tlapm
@!!already:false
@!!END

@!!BEGIN
@!!type:obligation
@!!id:1277
@!!loc:6096:68:6096:72
@!!status:trivial
@!!prover:tlapm
@!!already:false
@!!END

@!!BEGIN
@!!type:obligation
@!!id:1278
@!!loc:6096:74:6096:78
@!!status:trivial
@!!prover:tlapm
@!!already:false
@!!END

@!!BEGIN
@!!type:obligation
@!!id:1279
@!!loc:6096:80:6096:87
@!!status:trivial
@!!prover:tlapm
@!!already:false
@!!END

@!!BEGIN
@!!type:obligation
@!!id:1280
@!!loc:6058:14:6058:16
@!!status:proved
@!!prover:smt
@!!meth:time-limit: 60
@!!already:true
@!!END

@!!BEGIN
@!!type:obligation
@!!id:1281
@!!loc:6059:14:6059:16
@!!status:proved
@!!prover:smt
@!!meth:time-limit: 60
@!!already:true
@!!END

@!!BEGIN
@!!type:obligation
@!!id:1282
@!!loc:6059:17:6059:22
@!!status:trivial
@!!prover:tlapm
@!!already:false
@!!END

@!!BEGIN
@!!type:obligation
@!!id:1283
@!!loc:6059:24:6059:34
@!!status:trivial
@!!prover:tlapm
@!!already:false
@!!END

@!!BEGIN
@!!type:obligation
@!!id:1284
@!!loc:6060:71:6060:73
@!!status:proved
@!!prover:smt
@!!meth:time-limit: 60
@!!already:true
@!!END

@!!BEGIN
@!!type:obligation
@!!id:1285
@!!loc:6062:3:6062:5
@!!status:proved
@!!prover:smt
@!!meth:time-limit: 60
@!!already:true
@!!END

@!!BEGIN
@!!type:obligation
@!!id:1286
@!!loc:6063:35:6063:37
@!!status:proved
@!!prover:smt
@!!meth:time-limit: 60
@!!already:true
@!!END

@!!BEGIN
@!!type:obligation
@!!id:1287
@!!loc:6063:38:6063:42
@!!status:trivial
@!!prover:tlapm
@!!already:false
@!!END

@!!BEGIN
@!!type:obligation
@!!id:1288
@!!loc:6064:23:6064:25
@!!status:proved
@!!prover:smt
@!!meth:time-limit: 60
@!!already:true
@!!END

@!!BEGIN
@!!type:obligation
@!!id:1289
@!!loc:6064:26:6064:30
@!!status:trivial
@!!prover:tlapm
@!!already:false
@!!END

@!!BEGIN
@!!type:obligation
@!!id:1290
@!!loc:6069:3:6069:5
@!!status:proved
@!!prover:smt
@!!meth:time-limit: 60
@!!already:true
@!!END

@!!BEGIN
@!!type:obligation
@!!id:1291
@!!loc:6069:6:6069:10
@!!status:trivial
@!!prover:tlapm
@!!already:false
@!!END

@!!BEGIN
@!!type:obligation
@!!id:1292
@!!loc:6069:12:6069:24
@!!status:trivial
@!!prover:tlapm
@!!already:false
@!!END

@!!BEGIN
@!!type:obligation
@!!id:1293
@!!loc:6070:26:6070:28
@!!status:proved
@!!prover:smt
@!!meth:time-limit: 60
@!!already:true
@!!END

@!!BEGIN
@!!type:obligation
@!!id:1294
@!!loc:6071:68:6071:70
@!!status:proved
@!!prover:smt
@!!meth:time-limit: 60
@!!already:true
@!!END

@!!BEGIN
@!!type:obligation
@!!id:1295
@!!loc:6072:34:6072:36
@!!status:proved
@!!prover:smt
@!!meth:time-limit: 60
@!!already:true
@!!END

@!!BEGIN
@!!type:obligation
@!!id:1296
@!!loc:6073:26:6073:28
@!!status:proved
@!!prover:smt
@!!meth:time-limit: 60
@!!already:true
@!!END

@!!BEGIN
@!!type:obligation
@!!id:1297
@!!loc:6073:29:6073:33
@!!status:trivial
@!!prover:tlapm
@!!already:false
@!!END

@!!BEGIN
@!!type:obligation
@!!id:1298
@!!loc:6073:35:6073:39
@!!status:trivial
@!!prover:tlapm
@!!already:false
@!!END

@!!BEGIN
@!!type:obligation
@!!id:1299
@!!loc:6073:41:6073:49
@!!status:trivial
@!!prover:tlapm
@!!already:false
@!!END

@!!BEGIN
@!!type:obligation
@!!id:1300
@!!loc:6081:3:6081:5
@!!status:proved
@!!prover:smt
@!!meth:time-limit: 60
@!!already:true
@!!END

@!!BEGIN
@!!type:obligation
@!!id:1301
@!!loc:6089:3:6089:5
@!!status:proved
@!!prover:smt
@!!meth:time-limit: 60
@!!already:true
@!!END

@!!BEGIN
@!!type:obligation
@!!id:1302
@!!loc:6090:13:6090:15
@!!status:proved
@!!prover:smt
@!!meth:time-limit: 60
@!!already:true
@!!END

@!!BEGIN
@!!type:obligation
@!!id:1303
@!!loc:6090:16:6090:20
@!!status:trivial
@!!prover:tlapm
@!!already:false
@!!END

@!!BEGIN
@!!type:obligation
@!!id:1304
@!!loc:6090:22:6090:26
@!!status:trivial
@!!prover:tlapm
@!!already:false
@!!END

@!!BEGIN
@!!type:obligation
@!!id:1305
@!!loc:6091:23:6091:25
@!!status:proved
@!!prover:smt
@!!meth:time-limit: 60
@!!already:true
@!!END

@!!BEGIN
@!!type:obligation
@!!id:1306
@!!loc:6091:26:6091:30
@!!status:trivial
@!!prover:tlapm
@!!already:false
@!!END

@!!BEGIN
@!!type:obligation
@!!id:1307
@!!loc:6091:32:6091:36
@!!status:trivial
@!!prover:tlapm
@!!already:false
@!!END

@!!BEGIN
@!!type:obligation
@!!id:1308
@!!loc:6091:38:6091:43
@!!status:trivial
@!!prover:tlapm
@!!already:false
@!!END

@!!BEGIN
@!!type:obligation
@!!id:1309
@!!loc:6091:45:6091:49
@!!status:trivial
@!!prover:tlapm
@!!already:false
@!!END

@!!BEGIN
@!!type:obligation
@!!id:1310
@!!loc:6091:51:6091:55
@!!status:trivial
@!!prover:tlapm
@!!already:false
@!!END

@!!BEGIN
@!!type:obligation
@!!id:1311
@!!loc:6091:57:6091:61
@!!status:trivial
@!!prover:tlapm
@!!already:false
@!!END

@!!BEGIN
@!!type:obligation
@!!id:1312
@!!loc:6092:25:6092:27
@!!status:proved
@!!prover:smt
@!!meth:time-limit: 60
@!!already:true
@!!END

@!!BEGIN
@!!type:obligation
@!!id:1313
@!!loc:6092:28:6092:32
@!!status:trivial
@!!prover:tlapm
@!!already:false
@!!END

@!!BEGIN
@!!type:obligation
@!!id:1314
@!!loc:6092:34:6092:38
@!!status:trivial
@!!prover:tlapm
@!!already:false
@!!END

@!!BEGIN
@!!type:obligation
@!!id:1315
@!!loc:6092:40:6092:45
@!!status:trivial
@!!prover:tlapm
@!!already:false
@!!END

@!!BEGIN
@!!type:obligation
@!!id:1316
@!!loc:6092:47:6092:51
@!!status:trivial
@!!prover:tlapm
@!!already:false
@!!END

@!!BEGIN
@!!type:obligation
@!!id:1318
@!!loc:6093:29:6093:33
@!!status:trivial
@!!prover:tlapm
@!!already:false
@!!END

@!!BEGIN
@!!type:obligation
@!!id:1319
@!!loc:6093:35:6093:39
@!!status:trivial
@!!prover:tlapm
@!!already:false
@!!END

@!!BEGIN
@!!type:obligation
@!!id:1320
@!!loc:6093:41:6093:45
@!!status:trivial
@!!prover:tlapm
@!!already:false
@!!END

@!!BEGIN
@!!type:obligation
@!!id:1321
@!!loc:6093:47:6093:52
@!!status:trivial
@!!prover:tlapm
@!!already:false
@!!END

@!!BEGIN
@!!type:obligation
@!!id:1322
@!!loc:6093:54:6093:58
@!!status:trivial
@!!prover:tlapm
@!!already:false
@!!END

@!!BEGIN
@!!type:obligation
@!!id:1324
@!!loc:6094:28:6094:32
@!!status:trivial
@!!prover:tlapm
@!!already:false
@!!END

@!!BEGIN
@!!type:obligation
@!!id:1325
@!!loc:6094:34:6094:38
@!!status:trivial
@!!prover:tlapm
@!!already:false
@!!END

@!!BEGIN
@!!type:obligation
@!!id:1326
@!!loc:6094:40:6094:44
@!!status:trivial
@!!prover:tlapm
@!!already:false
@!!END

@!!BEGIN
@!!type:obligation
@!!id:1327
@!!loc:6094:46:6094:51
@!!status:trivial
@!!prover:tlapm
@!!already:false
@!!END

@!!BEGIN
@!!type:obligation
@!!id:1323
@!!loc:6094:25:6094:27
@!!status:proved
@!!prover:smt
@!!meth:time-limit: 60; time-used: 0.8 (1%)
@!!already:false
@!!END

@!!BEGIN
@!!type:obligation
@!!id:1317
@!!loc:6093:26:6093:28
@!!status:proved
@!!prover:smt
@!!meth:time-limit: 60; time-used: 3.0 (5%)
@!!already:false
@!!END

@!!BEGIN
@!!type:obligation
@!!id:1328
@!!loc:6094:53:6094:57
@!!status:trivial
@!!prover:tlapm
@!!already:false
@!!END

@!!BEGIN
@!!type:obligation
@!!id:1330
@!!loc:6095:29:6095:33
@!!status:trivial
@!!prover:tlapm
@!!already:false
@!!END

@!!BEGIN
@!!type:obligation
@!!id:1331
@!!loc:6095:35:6095:39
@!!status:trivial
@!!prover:tlapm
@!!already:false
@!!END

@!!BEGIN
@!!type:obligation
@!!id:1332
@!!loc:6095:41:6095:45
@!!status:trivial
@!!prover:tlapm
@!!already:false
@!!END

@!!BEGIN
@!!type:obligation
@!!id:1333
@!!loc:6095:47:6095:52
@!!status:trivial
@!!prover:tlapm
@!!already:false
@!!END

@!!BEGIN
@!!type:obligation
@!!id:1334
@!!loc:6095:54:6095:58
@!!status:trivial
@!!prover:tlapm
@!!already:false
@!!END

@!!BEGIN
@!!type:obligation
@!!id:1335
@!!loc:6155:10:6155:12
@!!status:proved
@!!prover:smt
@!!meth:time-limit: 60
@!!already:true
@!!END

@!!BEGIN
@!!type:obligation
@!!id:1336
@!!loc:6155:13:6155:17
@!!status:trivial
@!!prover:tlapm
@!!already:false
@!!END

@!!BEGIN
@!!type:obligation
@!!id:1337
@!!loc:6155:19:6155:23
@!!status:trivial
@!!prover:tlapm
@!!already:false
@!!END

@!!BEGIN
@!!type:obligation
@!!id:1338
@!!loc:6155:25:6155:29
@!!status:trivial
@!!prover:tlapm
@!!already:false
@!!END

@!!BEGIN
@!!type:obligation
@!!id:1339
@!!loc:6155:31:6155:36
@!!status:trivial
@!!prover:tlapm
@!!already:false
@!!END

@!!BEGIN
@!!type:obligation
@!!id:1340
@!!loc:6155:38:6155:42
@!!status:trivial
@!!prover:tlapm
@!!already:false
@!!END

@!!BEGIN
@!!type:obligation
@!!id:1341
@!!loc:6155:44:6155:48
@!!status:trivial
@!!prover:tlapm
@!!already:false
@!!END

@!!BEGIN
@!!type:obligation
@!!id:1342
@!!loc:6155:50:6155:54
@!!status:trivial
@!!prover:tlapm
@!!already:false
@!!END

@!!BEGIN
@!!type:obligation
@!!id:1343
@!!loc:6155:56:6155:60
@!!status:trivial
@!!prover:tlapm
@!!already:false
@!!END

@!!BEGIN
@!!type:obligation
@!!id:1344
@!!loc:6155:62:6155:66
@!!status:trivial
@!!prover:tlapm
@!!already:false
@!!END

@!!BEGIN
@!!type:obligation
@!!id:1329
@!!loc:6095:26:6095:28
@!!status:proved
@!!prover:smt
@!!meth:time-limit: 60; time-used: 3.1 (5%)
@!!already:false
@!!END

@!!BEGIN
@!!type:obligation
@!!id:1345
@!!loc:6155:68:6155:72
@!!status:trivial
@!!prover:tlapm
@!!already:false
@!!END

@!!BEGIN
@!!type:obligation
@!!id:1346
@!!loc:6155:74:6155:78
@!!status:trivial
@!!prover:tlapm
@!!already:false
@!!END

@!!BEGIN
@!!type:obligation
@!!id:1347
@!!loc:6155:80:6155:87
@!!status:trivial
@!!prover:tlapm
@!!already:false
@!!END

@!!BEGIN
@!!type:obligation
@!!id:1348
@!!loc:6101:14:6101:16
@!!status:proved
@!!prover:smt
@!!meth:time-limit: 60
@!!already:true
@!!END

@!!BEGIN
@!!type:obligation
@!!id:1349
@!!loc:6102:14:6102:16
@!!status:proved
@!!prover:smt
@!!meth:time-limit: 60
@!!already:true
@!!END

@!!BEGIN
@!!type:obligation
@!!id:1350
@!!loc:6102:17:6102:22
@!!status:trivial
@!!prover:tlapm
@!!already:false
@!!END

@!!BEGIN
@!!type:obligation
@!!id:1351
@!!loc:6102:24:6102:33
@!!status:trivial
@!!prover:tlapm
@!!already:false
@!!END

@!!BEGIN
@!!type:obligation
@!!id:1352
@!!loc:6103:71:6103:73
@!!status:proved
@!!prover:smt
@!!meth:time-limit: 60
@!!already:true
@!!END

@!!BEGIN
@!!type:obligation
@!!id:1353
@!!loc:6105:3:6105:5
@!!status:proved
@!!prover:smt
@!!meth:time-limit: 60
@!!already:true
@!!END

@!!BEGIN
@!!type:obligation
@!!id:1354
@!!loc:6106:35:6106:37
@!!status:proved
@!!prover:smt
@!!meth:time-limit: 60
@!!already:true
@!!END

@!!BEGIN
@!!type:obligation
@!!id:1355
@!!loc:6106:38:6106:42
@!!status:trivial
@!!prover:tlapm
@!!already:false
@!!END

@!!BEGIN
@!!type:obligation
@!!id:1356
@!!loc:6107:23:6107:25
@!!status:proved
@!!prover:smt
@!!meth:time-limit: 60
@!!already:true
@!!END

@!!BEGIN
@!!type:obligation
@!!id:1357
@!!loc:6107:26:6107:30
@!!status:trivial
@!!prover:tlapm
@!!already:false
@!!END

@!!BEGIN
@!!type:obligation
@!!id:1358
@!!loc:6112:3:6112:5
@!!status:proved
@!!prover:smt
@!!meth:time-limit: 60
@!!already:true
@!!END

@!!BEGIN
@!!type:obligation
@!!id:1359
@!!loc:6112:6:6112:10
@!!status:trivial
@!!prover:tlapm
@!!already:false
@!!END

@!!BEGIN
@!!type:obligation
@!!id:1360
@!!loc:6112:12:6112:24
@!!status:trivial
@!!prover:tlapm
@!!already:false
@!!END

@!!BEGIN
@!!type:obligation
@!!id:1361
@!!loc:6113:26:6113:28
@!!status:proved
@!!prover:smt
@!!meth:time-limit: 60
@!!already:true
@!!END

@!!BEGIN
@!!type:obligation
@!!id:1362
@!!loc:6114:67:6114:69
@!!status:proved
@!!prover:smt
@!!meth:time-limit: 60
@!!already:true
@!!END

@!!BEGIN
@!!type:obligation
@!!id:1363
@!!loc:6115:34:6115:36
@!!status:proved
@!!prover:smt
@!!meth:time-limit: 60
@!!already:true
@!!END

@!!BEGIN
@!!type:obligation
@!!id:1364
@!!loc:6116:25:6116:27
@!!status:proved
@!!prover:smt
@!!meth:time-limit: 60
@!!already:true
@!!END

@!!BEGIN
@!!type:obligation
@!!id:1365
@!!loc:6116:28:6116:32
@!!status:trivial
@!!prover:tlapm
@!!already:false
@!!END

@!!BEGIN
@!!type:obligation
@!!id:1366
@!!loc:6116:34:6116:38
@!!status:trivial
@!!prover:tlapm
@!!already:false
@!!END

@!!BEGIN
@!!type:obligation
@!!id:1367
@!!loc:6116:40:6116:48
@!!status:trivial
@!!prover:tlapm
@!!already:false
@!!END

@!!BEGIN
@!!type:obligation
@!!id:1368
@!!loc:6126:3:6126:5
@!!status:proved
@!!prover:smt
@!!meth:time-limit: 60
@!!already:true
@!!END

@!!BEGIN
@!!type:obligation
@!!id:1369
@!!loc:6131:3:6131:5
@!!status:proved
@!!prover:smt
@!!meth:time-limit: 60
@!!already:true
@!!END

@!!BEGIN
@!!type:obligation
@!!id:1370
@!!loc:6132:13:6132:15
@!!status:proved
@!!prover:smt
@!!meth:time-limit: 60
@!!already:true
@!!END

@!!BEGIN
@!!type:obligation
@!!id:1371
@!!loc:6132:16:6132:20
@!!status:trivial
@!!prover:tlapm
@!!already:false
@!!END

@!!BEGIN
@!!type:obligation
@!!id:1372
@!!loc:6132:22:6132:26
@!!status:trivial
@!!prover:tlapm
@!!already:false
@!!END

@!!BEGIN
@!!type:obligation
@!!id:1374
@!!loc:6133:25:6133:29
@!!status:trivial
@!!prover:tlapm
@!!already:false
@!!END

@!!BEGIN
@!!type:obligation
@!!id:1375
@!!loc:6133:31:6133:35
@!!status:trivial
@!!prover:tlapm
@!!already:false
@!!END

@!!BEGIN
@!!type:obligation
@!!id:1376
@!!loc:6133:37:6133:42
@!!status:trivial
@!!prover:tlapm
@!!already:false
@!!END

@!!BEGIN
@!!type:obligation
@!!id:1377
@!!loc:6133:44:6133:48
@!!status:trivial
@!!prover:tlapm
@!!already:false
@!!END

@!!BEGIN
@!!type:obligation
@!!id:1378
@!!loc:6133:50:6133:54
@!!status:trivial
@!!prover:tlapm
@!!already:false
@!!END

@!!BEGIN
@!!type:obligation
@!!id:1379
@!!loc:6133:56:6133:60
@!!status:trivial
@!!prover:tlapm
@!!already:false
@!!END

@!!BEGIN
@!!type:obligation
@!!id:1380
@!!loc:6151:12:6151:14
@!!status:proved
@!!prover:smt
@!!meth:time-limit: 60
@!!already:true
@!!END

@!!BEGIN
@!!type:obligation
@!!id:1381
@!!loc:6151:15:6151:19
@!!status:trivial
@!!prover:tlapm
@!!already:false
@!!END

@!!BEGIN
@!!type:obligation
@!!id:1382
@!!loc:6151:21:6151:25
@!!status:trivial
@!!prover:tlapm
@!!already:false
@!!END

@!!BEGIN
@!!type:obligation
@!!id:1383
@!!loc:6135:51:6135:53
@!!status:proved
@!!prover:smt
@!!meth:time-limit: 60
@!!already:true
@!!END

@!!BEGIN
@!!type:obligation
@!!id:1384
@!!loc:6135:54:6135:58
@!!status:trivial
@!!prover:tlapm
@!!already:false
@!!END

@!!BEGIN
@!!type:obligation
@!!id:1385
@!!loc:6135:60:6135:64
@!!status:trivial
@!!prover:tlapm
@!!already:false
@!!END

@!!BEGIN
@!!type:obligation
@!!id:1386
@!!loc:6147:14:6147:16
@!!status:proved
@!!prover:smt
@!!meth:time-limit: 60
@!!already:true
@!!END

@!!BEGIN
@!!type:obligation
@!!id:1387
@!!loc:6147:17:6147:21
@!!status:trivial
@!!prover:tlapm
@!!already:false
@!!END

@!!BEGIN
@!!type:obligation
@!!id:1388
@!!loc:6147:23:6147:27
@!!status:trivial
@!!prover:tlapm
@!!already:false
@!!END

@!!BEGIN
@!!type:obligation
@!!id:1389
@!!loc:6147:29:6147:33
@!!status:trivial
@!!prover:tlapm
@!!already:false
@!!END

@!!BEGIN
@!!type:obligation
@!!id:1390
@!!loc:6147:35:6147:39
@!!status:trivial
@!!prover:tlapm
@!!already:false
@!!END

@!!BEGIN
@!!type:obligation
@!!id:1373
@!!loc:6133:22:6133:24
@!!status:proved
@!!prover:smt
@!!meth:time-limit: 60; time-used: 3.2 (5%)
@!!already:false
@!!END

@!!BEGIN
@!!type:obligation
@!!id:1391
@!!loc:6147:41:6147:45
@!!status:trivial
@!!prover:tlapm
@!!already:false
@!!END

@!!BEGIN
@!!type:obligation
@!!id:1392
@!!loc:6139:7:6139:9
@!!status:proved
@!!prover:smt
@!!meth:time-limit: 60
@!!already:true
@!!END

@!!BEGIN
@!!type:obligation
@!!id:1393
@!!loc:6139:10:6139:14
@!!status:trivial
@!!prover:tlapm
@!!already:false
@!!END

@!!BEGIN
@!!type:obligation
@!!id:1394
@!!loc:6141:7:6141:9
@!!status:proved
@!!prover:smt
@!!meth:time-limit: 60
@!!already:true
@!!END

@!!BEGIN
@!!type:obligation
@!!id:1395
@!!loc:6141:10:6141:14
@!!status:trivial
@!!prover:tlapm
@!!already:false
@!!END

@!!BEGIN
@!!type:obligation
@!!id:1396
@!!loc:6141:16:6141:20
@!!status:trivial
@!!prover:tlapm
@!!already:false
@!!END

@!!BEGIN
@!!type:obligation
@!!id:1397
@!!loc:6141:22:6141:27
@!!status:trivial
@!!prover:tlapm
@!!already:false
@!!END

@!!BEGIN
@!!type:obligation
@!!id:1398
@!!loc:6141:29:6141:33
@!!status:trivial
@!!prover:tlapm
@!!already:false
@!!END

@!!BEGIN
@!!type:obligation
@!!id:1399
@!!loc:6143:7:6143:9
@!!status:proved
@!!prover:smt
@!!meth:time-limit: 60
@!!already:true
@!!END

@!!BEGIN
@!!type:obligation
@!!id:1400
@!!loc:6143:10:6143:14
@!!status:trivial
@!!prover:tlapm
@!!already:false
@!!END

@!!BEGIN
@!!type:obligation
@!!id:1401
@!!loc:6143:16:6143:20
@!!status:trivial
@!!prover:tlapm
@!!already:false
@!!END

@!!BEGIN
@!!type:obligation
@!!id:1402
@!!loc:6143:22:6143:26
@!!status:trivial
@!!prover:tlapm
@!!already:false
@!!END

@!!BEGIN
@!!type:obligation
@!!id:1403
@!!loc:6143:28:6143:33
@!!status:trivial
@!!prover:tlapm
@!!already:false
@!!END

@!!BEGIN
@!!type:obligation
@!!id:1404
@!!loc:6143:35:6143:39
@!!status:trivial
@!!prover:tlapm
@!!already:false
@!!END

@!!BEGIN
@!!type:obligation
@!!id:1405
@!!loc:6144:53:6144:55
@!!status:proved
@!!prover:smt
@!!meth:time-limit: 60
@!!already:true
@!!END

@!!BEGIN
@!!type:obligation
@!!id:1406
@!!loc:6144:56:6144:60
@!!status:trivial
@!!prover:tlapm
@!!already:false
@!!END

@!!BEGIN
@!!type:obligation
@!!id:1407
@!!loc:6144:62:6144:66
@!!status:trivial
@!!prover:tlapm
@!!already:false
@!!END

@!!BEGIN
@!!type:obligation
@!!id:1408
@!!loc:6144:68:6144:73
@!!status:trivial
@!!prover:tlapm
@!!already:false
@!!END

@!!BEGIN
@!!type:obligation
@!!id:1409
@!!loc:6145:57:6145:59
@!!status:proved
@!!prover:smt
@!!meth:time-limit: 60
@!!already:true
@!!END

@!!BEGIN
@!!type:obligation
@!!id:1410
@!!loc:6145:60:6145:64
@!!status:trivial
@!!prover:tlapm
@!!already:false
@!!END

@!!BEGIN
@!!type:obligation
@!!id:1411
@!!loc:6145:66:6145:70
@!!status:trivial
@!!prover:tlapm
@!!already:false
@!!END

@!!BEGIN
@!!type:obligation
@!!id:1412
@!!loc:6145:72:6145:76
@!!status:trivial
@!!prover:tlapm
@!!already:false
@!!END

@!!BEGIN
@!!type:obligation
@!!id:1413
@!!loc:6146:30:6146:32
@!!status:proved
@!!prover:smt
@!!meth:time-limit: 60
@!!already:true
@!!END

@!!BEGIN
@!!type:obligation
@!!id:1414
@!!loc:6146:33:6146:37
@!!status:trivial
@!!prover:tlapm
@!!already:false
@!!END

@!!BEGIN
@!!type:obligation
@!!id:1415
@!!loc:6146:39:6146:43
@!!status:trivial
@!!prover:tlapm
@!!already:false
@!!END

@!!BEGIN
@!!type:obligation
@!!id:1416
@!!loc:6146:45:6146:49
@!!status:trivial
@!!prover:tlapm
@!!already:false
@!!END

@!!BEGIN
@!!type:obligation
@!!id:1417
@!!loc:6146:51:6146:55
@!!status:trivial
@!!prover:tlapm
@!!already:false
@!!END

@!!BEGIN
@!!type:obligation
@!!id:1418
@!!loc:6146:57:6146:61
@!!status:trivial
@!!prover:tlapm
@!!already:false
@!!END

@!!BEGIN
@!!type:obligation
@!!id:1419
@!!loc:6146:63:6146:67
@!!status:trivial
@!!prover:tlapm
@!!already:false
@!!END

@!!BEGIN
@!!type:obligation
@!!id:1420
@!!loc:6150:14:6150:16
@!!status:proved
@!!prover:smt
@!!meth:time-limit: 60
@!!already:true
@!!END

@!!BEGIN
@!!type:obligation
@!!id:1421
@!!loc:6150:17:6150:21
@!!status:trivial
@!!prover:tlapm
@!!already:false
@!!END

@!!BEGIN
@!!type:obligation
@!!id:1422
@!!loc:6150:23:6150:27
@!!status:trivial
@!!prover:tlapm
@!!already:false
@!!END

@!!BEGIN
@!!type:obligation
@!!id:1423
@!!loc:6150:29:6150:33
@!!status:trivial
@!!prover:tlapm
@!!already:false
@!!END

@!!BEGIN
@!!type:obligation
@!!id:1424
@!!loc:6150:35:6150:39
@!!status:trivial
@!!prover:tlapm
@!!already:false
@!!END

@!!BEGIN
@!!type:obligation
@!!id:1425
@!!loc:6149:30:6149:32
@!!status:proved
@!!prover:smt
@!!meth:time-limit: 60
@!!already:true
@!!END

@!!BEGIN
@!!type:obligation
@!!id:1426
@!!loc:6149:33:6149:37
@!!status:trivial
@!!prover:tlapm
@!!already:false
@!!END

@!!BEGIN
@!!type:obligation
@!!id:1427
@!!loc:6149:39:6149:43
@!!status:trivial
@!!prover:tlapm
@!!already:false
@!!END

@!!BEGIN
@!!type:obligation
@!!id:1428
@!!loc:6149:45:6149:49
@!!status:trivial
@!!prover:tlapm
@!!already:false
@!!END

@!!BEGIN
@!!type:obligation
@!!id:1430
@!!loc:6152:28:6152:32
@!!status:trivial
@!!prover:tlapm
@!!already:false
@!!END

@!!BEGIN
@!!type:obligation
@!!id:1431
@!!loc:6152:34:6152:38
@!!status:trivial
@!!prover:tlapm
@!!already:false
@!!END

@!!BEGIN
@!!type:obligation
@!!id:1432
@!!loc:6152:40:6152:44
@!!status:trivial
@!!prover:tlapm
@!!already:false
@!!END

@!!BEGIN
@!!type:obligation
@!!id:1433
@!!loc:6152:46:6152:51
@!!status:trivial
@!!prover:tlapm
@!!already:false
@!!END

@!!BEGIN
@!!type:obligation
@!!id:1434
@!!loc:6152:53:6152:57
@!!status:trivial
@!!prover:tlapm
@!!already:false
@!!END

@!!BEGIN
@!!type:obligation
@!!id:1436
@!!loc:6153:27:6153:31
@!!status:trivial
@!!prover:tlapm
@!!already:false
@!!END

@!!BEGIN
@!!type:obligation
@!!id:1437
@!!loc:6153:33:6153:37
@!!status:trivial
@!!prover:tlapm
@!!already:false
@!!END

@!!BEGIN
@!!type:obligation
@!!id:1438
@!!loc:6153:39:6153:43
@!!status:trivial
@!!prover:tlapm
@!!already:false
@!!END

@!!BEGIN
@!!type:obligation
@!!id:1439
@!!loc:6153:45:6153:50
@!!status:trivial
@!!prover:tlapm
@!!already:false
@!!END

@!!BEGIN
@!!type:obligation
@!!id:1435
@!!loc:6153:24:6153:26
@!!status:proved
@!!prover:smt
@!!meth:time-limit: 60; time-used: 1.0 (2%)
@!!already:false
@!!END

@!!BEGIN
@!!type:obligation
@!!id:1429
@!!loc:6152:25:6152:27
@!!status:proved
@!!prover:smt
@!!meth:time-limit: 60; time-used: 3.2 (5%)
@!!already:false
@!!END

@!!BEGIN
@!!type:obligation
@!!id:1440
@!!loc:6153:52:6153:56
@!!status:trivial
@!!prover:tlapm
@!!already:false
@!!END

@!!BEGIN
@!!type:obligation
@!!id:1442
@!!loc:6154:28:6154:32
@!!status:trivial
@!!prover:tlapm
@!!already:false
@!!END

@!!BEGIN
@!!type:obligation
@!!id:1443
@!!loc:6154:34:6154:38
@!!status:trivial
@!!prover:tlapm
@!!already:false
@!!END

@!!BEGIN
@!!type:obligation
@!!id:1444
@!!loc:6154:40:6154:44
@!!status:trivial
@!!prover:tlapm
@!!already:false
@!!END

@!!BEGIN
@!!type:obligation
@!!id:1445
@!!loc:6154:46:6154:51
@!!status:trivial
@!!prover:tlapm
@!!already:false
@!!END

@!!BEGIN
@!!type:obligation
@!!id:1446
@!!loc:6154:53:6154:57
@!!status:trivial
@!!prover:tlapm
@!!already:false
@!!END

@!!BEGIN
@!!type:obligation
@!!id:1447
@!!loc:6195:10:6195:12
@!!status:proved
@!!prover:smt
@!!meth:time-limit: 60
@!!already:true
@!!END

@!!BEGIN
@!!type:obligation
@!!id:1448
@!!loc:6195:13:6195:17
@!!status:trivial
@!!prover:tlapm
@!!already:false
@!!END

@!!BEGIN
@!!type:obligation
@!!id:1449
@!!loc:6195:19:6195:23
@!!status:trivial
@!!prover:tlapm
@!!already:false
@!!END

@!!BEGIN
@!!type:obligation
@!!id:1450
@!!loc:6195:25:6195:29
@!!status:trivial
@!!prover:tlapm
@!!already:false
@!!END

@!!BEGIN
@!!type:obligation
@!!id:1451
@!!loc:6195:31:6195:36
@!!status:trivial
@!!prover:tlapm
@!!already:false
@!!END

@!!BEGIN
@!!type:obligation
@!!id:1452
@!!loc:6195:38:6195:42
@!!status:trivial
@!!prover:tlapm
@!!already:false
@!!END

@!!BEGIN
@!!type:obligation
@!!id:1453
@!!loc:6195:44:6195:48
@!!status:trivial
@!!prover:tlapm
@!!already:false
@!!END

@!!BEGIN
@!!type:obligation
@!!id:1454
@!!loc:6195:50:6195:54
@!!status:trivial
@!!prover:tlapm
@!!already:false
@!!END

@!!BEGIN
@!!type:obligation
@!!id:1455
@!!loc:6195:56:6195:60
@!!status:trivial
@!!prover:tlapm
@!!already:false
@!!END

@!!BEGIN
@!!type:obligation
@!!id:1456
@!!loc:6195:62:6195:66
@!!status:trivial
@!!prover:tlapm
@!!already:false
@!!END

@!!BEGIN
@!!type:obligation
@!!id:1441
@!!loc:6154:25:6154:27
@!!status:proved
@!!prover:smt
@!!meth:time-limit: 60; time-used: 3.2 (5%)
@!!already:false
@!!END

@!!BEGIN
@!!type:obligation
@!!id:1457
@!!loc:6195:68:6195:72
@!!status:trivial
@!!prover:tlapm
@!!already:false
@!!END

@!!BEGIN
@!!type:obligation
@!!id:1458
@!!loc:6195:74:6195:78
@!!status:trivial
@!!prover:tlapm
@!!already:false
@!!END

@!!BEGIN
@!!type:obligation
@!!id:1459
@!!loc:6195:80:6195:87
@!!status:trivial
@!!prover:tlapm
@!!already:false
@!!END

@!!BEGIN
@!!type:obligation
@!!id:1460
@!!loc:6163:14:6163:16
@!!status:proved
@!!prover:smt
@!!meth:time-limit: 60
@!!already:true
@!!END

@!!BEGIN
@!!type:obligation
@!!id:1461
@!!loc:6164:14:6164:16
@!!status:proved
@!!prover:smt
@!!meth:time-limit: 60
@!!already:true
@!!END

@!!BEGIN
@!!type:obligation
@!!id:1462
@!!loc:6164:17:6164:22
@!!status:trivial
@!!prover:tlapm
@!!already:false
@!!END

@!!BEGIN
@!!type:obligation
@!!id:1463
@!!loc:6164:24:6164:34
@!!status:trivial
@!!prover:tlapm
@!!already:false
@!!END

@!!BEGIN
@!!type:obligation
@!!id:1464
@!!loc:6165:71:6165:73
@!!status:proved
@!!prover:smt
@!!meth:time-limit: 60
@!!already:true
@!!END

@!!BEGIN
@!!type:obligation
@!!id:1465
@!!loc:6167:3:6167:5
@!!status:proved
@!!prover:smt
@!!meth:time-limit: 60
@!!already:true
@!!END

@!!BEGIN
@!!type:obligation
@!!id:1466
@!!loc:6168:35:6168:37
@!!status:proved
@!!prover:smt
@!!meth:time-limit: 60
@!!already:true
@!!END

@!!BEGIN
@!!type:obligation
@!!id:1467
@!!loc:6168:38:6168:42
@!!status:trivial
@!!prover:tlapm
@!!already:false
@!!END

@!!BEGIN
@!!type:obligation
@!!id:1468
@!!loc:6169:23:6169:25
@!!status:proved
@!!prover:smt
@!!meth:time-limit: 60
@!!already:true
@!!END

@!!BEGIN
@!!type:obligation
@!!id:1469
@!!loc:6169:26:6169:30
@!!status:trivial
@!!prover:tlapm
@!!already:false
@!!END

@!!BEGIN
@!!type:obligation
@!!id:1470
@!!loc:6174:3:6174:5
@!!status:proved
@!!prover:smt
@!!meth:time-limit: 60
@!!already:true
@!!END

@!!BEGIN
@!!type:obligation
@!!id:1471
@!!loc:6174:6:6174:10
@!!status:trivial
@!!prover:tlapm
@!!already:false
@!!END

@!!BEGIN
@!!type:obligation
@!!id:1472
@!!loc:6174:12:6174:24
@!!status:trivial
@!!prover:tlapm
@!!already:false
@!!END

@!!BEGIN
@!!type:obligation
@!!id:1473
@!!loc:6175:26:6175:28
@!!status:proved
@!!prover:smt
@!!meth:time-limit: 60
@!!already:true
@!!END

@!!BEGIN
@!!type:obligation
@!!id:1474
@!!loc:6176:68:6176:70
@!!status:proved
@!!prover:smt
@!!meth:time-limit: 60
@!!already:true
@!!END

@!!BEGIN
@!!type:obligation
@!!id:1475
@!!loc:6177:13:6177:15
@!!status:proved
@!!prover:smt
@!!meth:time-limit: 60
@!!already:true
@!!END

@!!BEGIN
@!!type:obligation
@!!id:1476
@!!loc:6178:26:6178:28
@!!status:proved
@!!prover:smt
@!!meth:time-limit: 60
@!!already:true
@!!END

@!!BEGIN
@!!type:obligation
@!!id:1477
@!!loc:6178:29:6178:33
@!!status:trivial
@!!prover:tlapm
@!!already:false
@!!END

@!!BEGIN
@!!type:obligation
@!!id:1478
@!!loc:6178:35:6178:39
@!!status:trivial
@!!prover:tlapm
@!!already:false
@!!END

@!!BEGIN
@!!type:obligation
@!!id:1479
@!!loc:6178:41:6178:49
@!!status:trivial
@!!prover:tlapm
@!!already:false
@!!END

@!!BEGIN
@!!type:obligation
@!!id:1480
@!!loc:6186:3:6186:5
@!!status:proved
@!!prover:smt
@!!meth:time-limit: 60
@!!already:true
@!!END

@!!BEGIN
@!!type:obligation
@!!id:1481
@!!loc:6188:3:6188:5
@!!status:proved
@!!prover:smt
@!!meth:time-limit: 60
@!!already:true
@!!END

@!!BEGIN
@!!type:obligation
@!!id:1482
@!!loc:6189:13:6189:15
@!!status:proved
@!!prover:smt
@!!meth:time-limit: 60
@!!already:true
@!!END

@!!BEGIN
@!!type:obligation
@!!id:1483
@!!loc:6189:16:6189:20
@!!status:trivial
@!!prover:tlapm
@!!already:false
@!!END

@!!BEGIN
@!!type:obligation
@!!id:1484
@!!loc:6189:22:6189:26
@!!status:trivial
@!!prover:tlapm
@!!already:false
@!!END

@!!BEGIN
@!!type:obligation
@!!id:1486
@!!loc:6190:26:6190:30
@!!status:trivial
@!!prover:tlapm
@!!already:false
@!!END

@!!BEGIN
@!!type:obligation
@!!id:1487
@!!loc:6190:32:6190:36
@!!status:trivial
@!!prover:tlapm
@!!already:false
@!!END

@!!BEGIN
@!!type:obligation
@!!id:1488
@!!loc:6190:38:6190:43
@!!status:trivial
@!!prover:tlapm
@!!already:false
@!!END

@!!BEGIN
@!!type:obligation
@!!id:1489
@!!loc:6190:45:6190:49
@!!status:trivial
@!!prover:tlapm
@!!already:false
@!!END

@!!BEGIN
@!!type:obligation
@!!id:1490
@!!loc:6190:51:6190:55
@!!status:trivial
@!!prover:tlapm
@!!already:false
@!!END

@!!BEGIN
@!!type:obligation
@!!id:1491
@!!loc:6190:57:6190:61
@!!status:trivial
@!!prover:tlapm
@!!already:false
@!!END

@!!BEGIN
@!!type:obligation
@!!id:1492
@!!loc:6191:25:6191:27
@!!status:proved
@!!prover:smt
@!!meth:time-limit: 60
@!!already:true
@!!END

@!!BEGIN
@!!type:obligation
@!!id:1493
@!!loc:6191:28:6191:32
@!!status:trivial
@!!prover:tlapm
@!!already:false
@!!END

@!!BEGIN
@!!type:obligation
@!!id:1494
@!!loc:6191:34:6191:38
@!!status:trivial
@!!prover:tlapm
@!!already:false
@!!END

@!!BEGIN
@!!type:obligation
@!!id:1495
@!!loc:6191:40:6191:45
@!!status:trivial
@!!prover:tlapm
@!!already:false
@!!END

@!!BEGIN
@!!type:obligation
@!!id:1496
@!!loc:6191:47:6191:51
@!!status:trivial
@!!prover:tlapm
@!!already:false
@!!END

@!!BEGIN
@!!type:obligation
@!!id:1485
@!!loc:6190:23:6190:25
@!!status:proved
@!!prover:smt
@!!meth:time-limit: 60; time-used: 3.4 (6%)
@!!already:false
@!!END

@!!BEGIN
@!!type:obligation
@!!id:1498
@!!loc:6192:29:6192:33
@!!status:trivial
@!!prover:tlapm
@!!already:false
@!!END

@!!BEGIN
@!!type:obligation
@!!id:1499
@!!loc:6192:35:6192:39
@!!status:trivial
@!!prover:tlapm
@!!already:false
@!!END

@!!BEGIN
@!!type:obligation
@!!id:1500
@!!loc:6192:41:6192:45
@!!status:trivial
@!!prover:tlapm
@!!already:false
@!!END

@!!BEGIN
@!!type:obligation
@!!id:1501
@!!loc:6192:47:6192:52
@!!status:trivial
@!!prover:tlapm
@!!already:false
@!!END

@!!BEGIN
@!!type:obligation
@!!id:1502
@!!loc:6192:54:6192:58
@!!status:trivial
@!!prover:tlapm
@!!already:false
@!!END

@!!BEGIN
@!!type:obligation
@!!id:1504
@!!loc:6193:28:6193:32
@!!status:trivial
@!!prover:tlapm
@!!already:false
@!!END

@!!BEGIN
@!!type:obligation
@!!id:1505
@!!loc:6193:34:6193:38
@!!status:trivial
@!!prover:tlapm
@!!already:false
@!!END

@!!BEGIN
@!!type:obligation
@!!id:1506
@!!loc:6193:40:6193:44
@!!status:trivial
@!!prover:tlapm
@!!already:false
@!!END

@!!BEGIN
@!!type:obligation
@!!id:1507
@!!loc:6193:46:6193:51
@!!status:trivial
@!!prover:tlapm
@!!already:false
@!!END

@!!BEGIN
@!!type:obligation
@!!id:1503
@!!loc:6193:25:6193:27
@!!status:proved
@!!prover:smt
@!!meth:time-limit: 60; time-used: 1.0 (2%)
@!!already:false
@!!END

@!!BEGIN
@!!type:obligation
@!!id:1497
@!!loc:6192:26:6192:28
@!!status:proved
@!!prover:smt
@!!meth:time-limit: 60; time-used: 3.3 (5%)
@!!already:false
@!!END

@!!BEGIN
@!!type:obligation
@!!id:1508
@!!loc:6193:53:6193:57
@!!status:trivial
@!!prover:tlapm
@!!already:false
@!!END

@!!BEGIN
@!!type:obligation
@!!id:1510
@!!loc:6194:29:6194:33
@!!status:trivial
@!!prover:tlapm
@!!already:false
@!!END

@!!BEGIN
@!!type:obligation
@!!id:1511
@!!loc:6194:35:6194:39
@!!status:trivial
@!!prover:tlapm
@!!already:false
@!!END

@!!BEGIN
@!!type:obligation
@!!id:1512
@!!loc:6194:41:6194:45
@!!status:trivial
@!!prover:tlapm
@!!already:false
@!!END

@!!BEGIN
@!!type:obligation
@!!id:1513
@!!loc:6194:47:6194:52
@!!status:trivial
@!!prover:tlapm
@!!already:false
@!!END

@!!BEGIN
@!!type:obligation
@!!id:1514
@!!loc:6194:54:6194:58
@!!status:trivial
@!!prover:tlapm
@!!already:false
@!!END

@!!BEGIN
@!!type:obligation
@!!id:1515
@!!loc:6252:10:6252:12
@!!status:proved
@!!prover:smt
@!!meth:time-limit: 60
@!!already:true
@!!END

@!!BEGIN
@!!type:obligation
@!!id:1516
@!!loc:6252:13:6252:17
@!!status:trivial
@!!prover:tlapm
@!!already:false
@!!END

@!!BEGIN
@!!type:obligation
@!!id:1517
@!!loc:6252:19:6252:23
@!!status:trivial
@!!prover:tlapm
@!!already:false
@!!END

@!!BEGIN
@!!type:obligation
@!!id:1518
@!!loc:6252:25:6252:29
@!!status:trivial
@!!prover:tlapm
@!!already:false
@!!END

@!!BEGIN
@!!type:obligation
@!!id:1519
@!!loc:6252:31:6252:36
@!!status:trivial
@!!prover:tlapm
@!!already:false
@!!END

@!!BEGIN
@!!type:obligation
@!!id:1520
@!!loc:6252:38:6252:42
@!!status:trivial
@!!prover:tlapm
@!!already:false
@!!END

@!!BEGIN
@!!type:obligation
@!!id:1521
@!!loc:6252:44:6252:48
@!!status:trivial
@!!prover:tlapm
@!!already:false
@!!END

@!!BEGIN
@!!type:obligation
@!!id:1522
@!!loc:6252:50:6252:54
@!!status:trivial
@!!prover:tlapm
@!!already:false
@!!END

@!!BEGIN
@!!type:obligation
@!!id:1523
@!!loc:6252:56:6252:60
@!!status:trivial
@!!prover:tlapm
@!!already:false
@!!END

@!!BEGIN
@!!type:obligation
@!!id:1524
@!!loc:6252:62:6252:66
@!!status:trivial
@!!prover:tlapm
@!!already:false
@!!END

@!!BEGIN
@!!type:obligation
@!!id:1509
@!!loc:6194:26:6194:28
@!!status:proved
@!!prover:smt
@!!meth:time-limit: 60; time-used: 3.2 (5%)
@!!already:false
@!!END

@!!BEGIN
@!!type:obligation
@!!id:1525
@!!loc:6252:68:6252:72
@!!status:trivial
@!!prover:tlapm
@!!already:false
@!!END

@!!BEGIN
@!!type:obligation
@!!id:1526
@!!loc:6252:74:6252:78
@!!status:trivial
@!!prover:tlapm
@!!already:false
@!!END

@!!BEGIN
@!!type:obligation
@!!id:1527
@!!loc:6252:80:6252:87
@!!status:trivial
@!!prover:tlapm
@!!already:false
@!!END

@!!BEGIN
@!!type:obligation
@!!id:1528
@!!loc:6200:14:6200:16
@!!status:proved
@!!prover:smt
@!!meth:time-limit: 60
@!!already:true
@!!END

@!!BEGIN
@!!type:obligation
@!!id:1529
@!!loc:6201:14:6201:16
@!!status:proved
@!!prover:smt
@!!meth:time-limit: 60
@!!already:true
@!!END

@!!BEGIN
@!!type:obligation
@!!id:1530
@!!loc:6201:17:6201:22
@!!status:trivial
@!!prover:tlapm
@!!already:false
@!!END

@!!BEGIN
@!!type:obligation
@!!id:1531
@!!loc:6201:24:6201:31
@!!status:trivial
@!!prover:tlapm
@!!already:false
@!!END

@!!BEGIN
@!!type:obligation
@!!id:1532
@!!loc:6202:71:6202:73
@!!status:proved
@!!prover:smt
@!!meth:time-limit: 60
@!!already:true
@!!END

@!!BEGIN
@!!type:obligation
@!!id:1533
@!!loc:6204:3:6204:5
@!!status:proved
@!!prover:smt
@!!meth:time-limit: 60
@!!already:true
@!!END

@!!BEGIN
@!!type:obligation
@!!id:1534
@!!loc:6205:35:6205:37
@!!status:proved
@!!prover:smt
@!!meth:time-limit: 60
@!!already:true
@!!END

@!!BEGIN
@!!type:obligation
@!!id:1535
@!!loc:6205:38:6205:42
@!!status:trivial
@!!prover:tlapm
@!!already:false
@!!END

@!!BEGIN
@!!type:obligation
@!!id:1536
@!!loc:6206:23:6206:25
@!!status:proved
@!!prover:smt
@!!meth:time-limit: 60
@!!already:true
@!!END

@!!BEGIN
@!!type:obligation
@!!id:1537
@!!loc:6206:26:6206:30
@!!status:trivial
@!!prover:tlapm
@!!already:false
@!!END

@!!BEGIN
@!!type:obligation
@!!id:1538
@!!loc:6211:3:6211:5
@!!status:proved
@!!prover:smt
@!!meth:time-limit: 60
@!!already:true
@!!END

@!!BEGIN
@!!type:obligation
@!!id:1539
@!!loc:6211:6:6211:10
@!!status:trivial
@!!prover:tlapm
@!!already:false
@!!END

@!!BEGIN
@!!type:obligation
@!!id:1540
@!!loc:6211:12:6211:24
@!!status:trivial
@!!prover:tlapm
@!!already:false
@!!END

@!!BEGIN
@!!type:obligation
@!!id:1541
@!!loc:6212:26:6212:28
@!!status:proved
@!!prover:smt
@!!meth:time-limit: 60
@!!already:true
@!!END

@!!BEGIN
@!!type:obligation
@!!id:1542
@!!loc:6213:43:6213:45
@!!status:proved
@!!prover:smt
@!!meth:time-limit: 60
@!!already:true
@!!END

@!!BEGIN
@!!type:obligation
@!!id:1543
@!!loc:6213:46:6213:58
@!!status:trivial
@!!prover:tlapm
@!!already:false
@!!END

@!!BEGIN
@!!type:obligation
@!!id:1544
@!!loc:6214:105:6214:107
@!!status:proved
@!!prover:smt
@!!meth:time-limit: 60
@!!already:true
@!!END

@!!BEGIN
@!!type:obligation
@!!id:1546
@!!loc:6215:33:6215:35
@!!status:proved
@!!prover:smt
@!!meth:time-limit: 60
@!!already:true
@!!END

@!!BEGIN
@!!type:obligation
@!!id:1547
@!!loc:6216:29:6216:31
@!!status:proved
@!!prover:smt
@!!meth:time-limit: 60
@!!already:true
@!!END

@!!BEGIN
@!!type:obligation
@!!id:1548
@!!loc:6216:32:6216:36
@!!status:trivial
@!!prover:tlapm
@!!already:false
@!!END

@!!BEGIN
@!!type:obligation
@!!id:1549
@!!loc:6216:38:6216:42
@!!status:trivial
@!!prover:tlapm
@!!already:false
@!!END

@!!BEGIN
@!!type:obligation
@!!id:1550
@!!loc:6216:44:6216:52
@!!status:trivial
@!!prover:tlapm
@!!already:false
@!!END

@!!BEGIN
@!!type:obligation
@!!id:1551
@!!loc:6225:3:6225:5
@!!status:proved
@!!prover:smt
@!!meth:time-limit: 60
@!!already:true
@!!END

@!!BEGIN
@!!type:obligation
@!!id:1552
@!!loc:6233:3:6233:5
@!!status:proved
@!!prover:smt
@!!meth:time-limit: 60
@!!already:true
@!!END

@!!BEGIN
@!!type:obligation
@!!id:1553
@!!loc:6234:13:6234:15
@!!status:proved
@!!prover:smt
@!!meth:time-limit: 60
@!!already:true
@!!END

@!!BEGIN
@!!type:obligation
@!!id:1554
@!!loc:6234:16:6234:20
@!!status:trivial
@!!prover:tlapm
@!!already:false
@!!END

@!!BEGIN
@!!type:obligation
@!!id:1555
@!!loc:6234:22:6234:26
@!!status:trivial
@!!prover:tlapm
@!!already:false
@!!END

@!!BEGIN
@!!type:obligation
@!!id:1557
@!!loc:6235:29:6235:33
@!!status:trivial
@!!prover:tlapm
@!!already:false
@!!END

@!!BEGIN
@!!type:obligation
@!!id:1558
@!!loc:6235:35:6235:39
@!!status:trivial
@!!prover:tlapm
@!!already:false
@!!END

@!!BEGIN
@!!type:obligation
@!!id:1559
@!!loc:6235:41:6235:45
@!!status:trivial
@!!prover:tlapm
@!!already:false
@!!END

@!!BEGIN
@!!type:obligation
@!!id:1560
@!!loc:6235:47:6235:51
@!!status:trivial
@!!prover:tlapm
@!!already:false
@!!END

@!!BEGIN
@!!type:obligation
@!!id:1561
@!!loc:6235:53:6235:57
@!!status:trivial
@!!prover:tlapm
@!!already:false
@!!END

@!!BEGIN
@!!type:obligation
@!!id:1562
@!!loc:6248:12:6248:14
@!!status:proved
@!!prover:smt
@!!meth:time-limit: 60
@!!already:true
@!!END

@!!BEGIN
@!!type:obligation
@!!id:1563
@!!loc:6248:15:6248:19
@!!status:trivial
@!!prover:tlapm
@!!already:false
@!!END

@!!BEGIN
@!!type:obligation
@!!id:1564
@!!loc:6248:21:6248:25
@!!status:trivial
@!!prover:tlapm
@!!already:false
@!!END

@!!BEGIN
@!!type:obligation
@!!id:1565
@!!loc:6238:5:6238:7
@!!status:proved
@!!prover:smt
@!!meth:time-limit: 60
@!!already:true
@!!END

@!!BEGIN
@!!type:obligation
@!!id:1566
@!!loc:6238:8:6238:12
@!!status:trivial
@!!prover:tlapm
@!!already:false
@!!END

@!!BEGIN
@!!type:obligation
@!!id:1567
@!!loc:6238:14:6238:18
@!!status:trivial
@!!prover:tlapm
@!!already:false
@!!END

@!!BEGIN
@!!type:obligation
@!!id:1568
@!!loc:6238:20:6238:24
@!!status:trivial
@!!prover:tlapm
@!!already:false
@!!END

@!!BEGIN
@!!type:obligation
@!!id:1569
@!!loc:6238:26:6238:30
@!!status:trivial
@!!prover:tlapm
@!!already:false
@!!END

@!!BEGIN
@!!type:obligation
@!!id:1570
@!!loc:6238:32:6238:36
@!!status:trivial
@!!prover:tlapm
@!!already:false
@!!END

@!!BEGIN
@!!type:obligation
@!!id:1571
@!!loc:6247:14:6247:16
@!!status:proved
@!!prover:smt
@!!meth:time-limit: 60
@!!already:true
@!!END

@!!BEGIN
@!!type:obligation
@!!id:1572
@!!loc:6247:17:6247:21
@!!status:trivial
@!!prover:tlapm
@!!already:false
@!!END

@!!BEGIN
@!!type:obligation
@!!id:1573
@!!loc:6247:23:6247:27
@!!status:trivial
@!!prover:tlapm
@!!already:false
@!!END

@!!BEGIN
@!!type:obligation
@!!id:1556
@!!loc:6235:26:6235:28
@!!status:proved
@!!prover:smt
@!!meth:time-limit: 60; time-used: 3.2 (5%)
@!!already:false
@!!END

@!!BEGIN
@!!type:obligation
@!!id:1574
@!!loc:6247:29:6247:33
@!!status:trivial
@!!prover:tlapm
@!!already:false
@!!END

@!!BEGIN
@!!type:obligation
@!!id:1575
@!!loc:6247:35:6247:39
@!!status:trivial
@!!prover:tlapm
@!!already:false
@!!END

@!!BEGIN
@!!type:obligation
@!!id:1576
@!!loc:6247:41:6247:45
@!!status:trivial
@!!prover:tlapm
@!!already:false
@!!END

@!!BEGIN
@!!type:obligation
@!!id:1577
@!!loc:6247:47:6247:51
@!!status:trivial
@!!prover:tlapm
@!!already:false
@!!END

@!!BEGIN
@!!type:obligation
@!!id:1578
@!!loc:6247:53:6247:57
@!!status:trivial
@!!prover:tlapm
@!!already:false
@!!END

@!!BEGIN
@!!type:obligation
@!!id:1579
@!!loc:6242:38:6242:40
@!!status:proved
@!!prover:smt
@!!meth:time-limit: 60
@!!already:true
@!!END

@!!BEGIN
@!!type:obligation
@!!id:1580
@!!loc:6242:41:6242:45
@!!status:trivial
@!!prover:tlapm
@!!already:false
@!!END

@!!BEGIN
@!!type:obligation
@!!id:1581
@!!loc:6242:47:6242:51
@!!status:trivial
@!!prover:tlapm
@!!already:false
@!!END

@!!BEGIN
@!!type:obligation
@!!id:1582
@!!loc:6242:53:6242:58
@!!status:trivial
@!!prover:tlapm
@!!already:false
@!!END

@!!BEGIN
@!!type:obligation
@!!id:1583
@!!loc:6243:23:6243:25
@!!status:proved
@!!prover:smt
@!!meth:time-limit: 60
@!!already:true
@!!END

@!!BEGIN
@!!type:obligation
@!!id:1584
@!!loc:6243:26:6243:30
@!!status:trivial
@!!prover:tlapm
@!!already:false
@!!END

@!!BEGIN
@!!type:obligation
@!!id:1585
@!!loc:6243:32:6243:36
@!!status:trivial
@!!prover:tlapm
@!!already:false
@!!END

@!!BEGIN
@!!type:obligation
@!!id:1586
@!!loc:6244:57:6244:59
@!!status:proved
@!!prover:smt
@!!meth:time-limit: 60
@!!already:true
@!!END

@!!BEGIN
@!!type:obligation
@!!id:1587
@!!loc:6244:60:6244:64
@!!status:trivial
@!!prover:tlapm
@!!already:false
@!!END

@!!BEGIN
@!!type:obligation
@!!id:1588
@!!loc:6244:66:6244:71
@!!status:trivial
@!!prover:tlapm
@!!already:false
@!!END

@!!BEGIN
@!!type:obligation
@!!id:1589
@!!loc:6245:22:6245:24
@!!status:proved
@!!prover:smt
@!!meth:time-limit: 60
@!!already:true
@!!END

@!!BEGIN
@!!type:obligation
@!!id:1590
@!!loc:6245:25:6245:29
@!!status:trivial
@!!prover:tlapm
@!!already:false
@!!END

@!!BEGIN
@!!type:obligation
@!!id:1591
@!!loc:6245:31:6245:35
@!!status:trivial
@!!prover:tlapm
@!!already:false
@!!END

@!!BEGIN
@!!type:obligation
@!!id:1592
@!!loc:6245:37:6245:41
@!!status:trivial
@!!prover:tlapm
@!!already:false
@!!END

@!!BEGIN
@!!type:obligation
@!!id:1593
@!!loc:6246:44:6246:46
@!!status:proved
@!!prover:smt
@!!meth:time-limit: 60
@!!already:true
@!!END

@!!BEGIN
@!!type:obligation
@!!id:1594
@!!loc:6246:47:6246:51
@!!status:trivial
@!!prover:tlapm
@!!already:false
@!!END

@!!BEGIN
@!!type:obligation
@!!id:1595
@!!loc:6246:53:6246:57
@!!status:trivial
@!!prover:tlapm
@!!already:false
@!!END

@!!BEGIN
@!!type:obligation
@!!id:1596
@!!loc:6246:59:6246:63
@!!status:trivial
@!!prover:tlapm
@!!already:false
@!!END

@!!BEGIN
@!!type:obligation
@!!id:1597
@!!loc:6246:65:6246:69
@!!status:trivial
@!!prover:tlapm
@!!already:false
@!!END

@!!BEGIN
@!!type:obligation
@!!id:1598
@!!loc:6246:71:6246:75
@!!status:trivial
@!!prover:tlapm
@!!already:false
@!!END

@!!BEGIN
@!!type:obligation
@!!id:1599
@!!loc:6246:77:6246:81
@!!status:trivial
@!!prover:tlapm
@!!already:false
@!!END

@!!BEGIN
@!!type:obligation
@!!id:1601
@!!loc:6249:32:6249:36
@!!status:trivial
@!!prover:tlapm
@!!already:false
@!!END

@!!BEGIN
@!!type:obligation
@!!id:1602
@!!loc:6249:38:6249:42
@!!status:trivial
@!!prover:tlapm
@!!already:false
@!!END

@!!BEGIN
@!!type:obligation
@!!id:1603
@!!loc:6249:44:6249:48
@!!status:trivial
@!!prover:tlapm
@!!already:false
@!!END

@!!BEGIN
@!!type:obligation
@!!id:1604
@!!loc:6249:50:6249:55
@!!status:trivial
@!!prover:tlapm
@!!already:false
@!!END

@!!BEGIN
@!!type:obligation
@!!id:1605
@!!loc:6249:57:6249:61
@!!status:trivial
@!!prover:tlapm
@!!already:false
@!!END

@!!BEGIN
@!!type:obligation
@!!id:1607
@!!loc:6250:31:6250:35
@!!status:trivial
@!!prover:tlapm
@!!already:false
@!!END

@!!BEGIN
@!!type:obligation
@!!id:1608
@!!loc:6250:37:6250:41
@!!status:trivial
@!!prover:tlapm
@!!already:false
@!!END

@!!BEGIN
@!!type:obligation
@!!id:1609
@!!loc:6250:43:6250:47
@!!status:trivial
@!!prover:tlapm
@!!already:false
@!!END

@!!BEGIN
@!!type:obligation
@!!id:1606
@!!loc:6250:28:6250:30
@!!status:proved
@!!prover:smt
@!!meth:time-limit: 60; time-used: 0.7 (1%)
@!!already:false
@!!END

@!!BEGIN
@!!type:obligation
@!!id:1600
@!!loc:6249:29:6249:31
@!!status:proved
@!!prover:smt
@!!meth:time-limit: 60; time-used: 3.1 (5%)
@!!already:false
@!!END

@!!BEGIN
@!!type:obligation
@!!id:1610
@!!loc:6250:49:6250:54
@!!status:trivial
@!!prover:tlapm
@!!already:false
@!!END

@!!BEGIN
@!!type:obligation
@!!id:1611
@!!loc:6250:56:6250:60
@!!status:trivial
@!!prover:tlapm
@!!already:false
@!!END

@!!BEGIN
@!!type:obligation
@!!id:1613
@!!loc:6251:32:6251:36
@!!status:trivial
@!!prover:tlapm
@!!already:false
@!!END

@!!BEGIN
@!!type:obligation
@!!id:1614
@!!loc:6251:38:6251:42
@!!status:trivial
@!!prover:tlapm
@!!already:false
@!!END

@!!BEGIN
@!!type:obligation
@!!id:1615
@!!loc:6251:44:6251:48
@!!status:trivial
@!!prover:tlapm
@!!already:false
@!!END

@!!BEGIN
@!!type:obligation
@!!id:1616
@!!loc:6251:50:6251:55
@!!status:trivial
@!!prover:tlapm
@!!already:false
@!!END

@!!BEGIN
@!!type:obligation
@!!id:1617
@!!loc:6251:57:6251:61
@!!status:trivial
@!!prover:tlapm
@!!already:false
@!!END

@!!BEGIN
@!!type:obligation
@!!id:1619
@!!loc:6298:13:6298:17
@!!status:trivial
@!!prover:tlapm
@!!already:false
@!!END

@!!BEGIN
@!!type:obligation
@!!id:1620
@!!loc:6298:19:6298:23
@!!status:trivial
@!!prover:tlapm
@!!already:false
@!!END

@!!BEGIN
@!!type:obligation
@!!id:1621
@!!loc:6298:25:6298:29
@!!status:trivial
@!!prover:tlapm
@!!already:false
@!!END

@!!BEGIN
@!!type:obligation
@!!id:1622
@!!loc:6298:31:6298:36
@!!status:trivial
@!!prover:tlapm
@!!already:false
@!!END

@!!BEGIN
@!!type:obligation
@!!id:1618
@!!loc:6298:10:6298:12
@!!status:proved
@!!prover:smt
@!!meth:time-limit: 60; time-used: 1.4 (2%)
@!!already:false
@!!END

@!!BEGIN
@!!type:obligation
@!!id:1612
@!!loc:6251:29:6251:31
@!!status:proved
@!!prover:smt
@!!meth:time-limit: 60; time-used: 3.1 (5%)
@!!already:false
@!!END

@!!BEGIN
@!!type:obligation
@!!id:1623
@!!loc:6298:38:6298:42
@!!status:trivial
@!!prover:tlapm
@!!already:false
@!!END

@!!BEGIN
@!!type:obligation
@!!id:1624
@!!loc:6298:44:6298:48
@!!status:trivial
@!!prover:tlapm
@!!already:false
@!!END

@!!BEGIN
@!!type:obligation
@!!id:1625
@!!loc:6298:50:6298:54
@!!status:trivial
@!!prover:tlapm
@!!already:false
@!!END

@!!BEGIN
@!!type:obligation
@!!id:1626
@!!loc:6298:56:6298:60
@!!status:trivial
@!!prover:tlapm
@!!already:false
@!!END

@!!BEGIN
@!!type:obligation
@!!id:1627
@!!loc:6298:62:6298:66
@!!status:trivial
@!!prover:tlapm
@!!already:false
@!!END

@!!BEGIN
@!!type:obligation
@!!id:1628
@!!loc:6298:68:6298:72
@!!status:trivial
@!!prover:tlapm
@!!already:false
@!!END

@!!BEGIN
@!!type:obligation
@!!id:1629
@!!loc:6298:74:6298:78
@!!status:trivial
@!!prover:tlapm
@!!already:false
@!!END

@!!BEGIN
@!!type:obligation
@!!id:1630
@!!loc:6298:80:6298:87
@!!status:trivial
@!!prover:tlapm
@!!already:false
@!!END

@!!BEGIN
@!!type:obligation
@!!id:1631
@!!loc:6260:14:6260:16
@!!status:proved
@!!prover:smt
@!!meth:time-limit: 60
@!!already:true
@!!END

@!!BEGIN
@!!type:obligation
@!!id:1632
@!!loc:6261:14:6261:16
@!!status:proved
@!!prover:smt
@!!meth:time-limit: 60
@!!already:true
@!!END

@!!BEGIN
@!!type:obligation
@!!id:1633
@!!loc:6261:17:6261:22
@!!status:trivial
@!!prover:tlapm
@!!already:false
@!!END

@!!BEGIN
@!!type:obligation
@!!id:1634
@!!loc:6261:24:6261:39
@!!status:trivial
@!!prover:tlapm
@!!already:false
@!!END

@!!BEGIN
@!!type:obligation
@!!id:1635
@!!loc:6262:71:6262:73
@!!status:proved
@!!prover:smt
@!!meth:time-limit: 60
@!!already:true
@!!END

@!!BEGIN
@!!type:obligation
@!!id:1636
@!!loc:6264:3:6264:5
@!!status:proved
@!!prover:smt
@!!meth:time-limit: 60
@!!already:true
@!!END

@!!BEGIN
@!!type:obligation
@!!id:1637
@!!loc:6265:35:6265:37
@!!status:proved
@!!prover:smt
@!!meth:time-limit: 60
@!!already:true
@!!END

@!!BEGIN
@!!type:obligation
@!!id:1638
@!!loc:6265:38:6265:42
@!!status:trivial
@!!prover:tlapm
@!!already:false
@!!END

@!!BEGIN
@!!type:obligation
@!!id:1639
@!!loc:6266:23:6266:25
@!!status:proved
@!!prover:smt
@!!meth:time-limit: 60
@!!already:true
@!!END

@!!BEGIN
@!!type:obligation
@!!id:1640
@!!loc:6266:26:6266:30
@!!status:trivial
@!!prover:tlapm
@!!already:false
@!!END

@!!BEGIN
@!!type:obligation
@!!id:1641
@!!loc:6271:3:6271:5
@!!status:proved
@!!prover:smt
@!!meth:time-limit: 60
@!!already:true
@!!END

@!!BEGIN
@!!type:obligation
@!!id:1642
@!!loc:6271:6:6271:10
@!!status:trivial
@!!prover:tlapm
@!!already:false
@!!END

@!!BEGIN
@!!type:obligation
@!!id:1643
@!!loc:6271:12:6271:24
@!!status:trivial
@!!prover:tlapm
@!!already:false
@!!END

@!!BEGIN
@!!type:obligation
@!!id:1644
@!!loc:6272:26:6272:28
@!!status:proved
@!!prover:smt
@!!meth:time-limit: 60
@!!already:true
@!!END

@!!BEGIN
@!!type:obligation
@!!id:1647
@!!loc:6274:33:6274:35
@!!status:proved
@!!prover:smt
@!!meth:time-limit: 60
@!!already:true
@!!END

@!!BEGIN
@!!type:obligation
@!!id:1649
@!!loc:6275:37:6275:41
@!!status:trivial
@!!prover:tlapm
@!!already:false
@!!END

@!!BEGIN
@!!type:obligation
@!!id:1650
@!!loc:6275:43:6275:47
@!!status:trivial
@!!prover:tlapm
@!!already:false
@!!END

@!!BEGIN
@!!type:obligation
@!!id:1651
@!!loc:6275:49:6275:57
@!!status:trivial
@!!prover:tlapm
@!!already:false
@!!END

@!!BEGIN
@!!type:obligation
@!!id:1648
@!!loc:6275:34:6275:36
@!!status:proved
@!!prover:smt
@!!meth:time-limit: 60; time-used: 4.8 (8%)
@!!already:false
@!!END

@!!BEGIN
@!!type:obligation
@!!id:1645
@!!loc:6273:111:6273:113
@!!status:proved
@!!prover:smt
@!!meth:time-limit: 60; time-used: 5.3 (9%)
@!!already:false
@!!END

@!!BEGIN
@!!type:obligation
@!!id:1652
@!!loc:6283:3:6283:5
@!!status:proved
@!!prover:smt
@!!meth:time-limit: 60; time-used: 3.9 (7%)
@!!already:false
@!!END

@!!BEGIN
@!!type:obligation
@!!id:1655
@!!loc:6292:16:6292:20
@!!status:trivial
@!!prover:tlapm
@!!already:false
@!!END

@!!BEGIN
@!!type:obligation
@!!id:1656
@!!loc:6292:22:6292:26
@!!status:trivial
@!!prover:tlapm
@!!already:false
@!!END

@!!BEGIN
@!!type:obligation
@!!id:1658
@!!loc:6293:34:6293:38
@!!status:trivial
@!!prover:tlapm
@!!already:false
@!!END

@!!BEGIN
@!!type:obligation
@!!id:1657
@!!loc:6293:31:6293:33
@!!status:proved
@!!prover:smt
@!!meth:time-limit: 60; time-used: 0.4 (1%)
@!!already:false
@!!END

@!!BEGIN
@!!type:obligation
@!!id:1654
@!!loc:6292:13:6292:15
@!!status:proved
@!!prover:smt
@!!meth:time-limit: 60; time-used: 2.7 (4%)
@!!already:false
@!!END

@!!BEGIN
@!!type:obligation
@!!id:1653
@!!loc:6291:3:6291:5
@!!status:proved
@!!prover:smt
@!!meth:time-limit: 60; time-used: 3.4 (6%)
@!!already:false
@!!END

@!!BEGIN
@!!type:obligation
@!!id:1659
@!!loc:6293:40:6293:44
@!!status:trivial
@!!prover:tlapm
@!!already:false
@!!END

@!!BEGIN
@!!type:obligation
@!!id:1660
@!!loc:6293:46:6293:51
@!!status:trivial
@!!prover:tlapm
@!!already:false
@!!END

@!!BEGIN
@!!type:obligation
@!!id:1661
@!!loc:6293:53:6293:57
@!!status:trivial
@!!prover:tlapm
@!!already:false
@!!END

@!!BEGIN
@!!type:obligation
@!!id:1662
@!!loc:6293:59:6293:63
@!!status:trivial
@!!prover:tlapm
@!!already:false
@!!END

@!!BEGIN
@!!type:obligation
@!!id:1663
@!!loc:6293:65:6293:69
@!!status:trivial
@!!prover:tlapm
@!!already:false
@!!END

@!!BEGIN
@!!type:obligation
@!!id:1665
@!!loc:6294:36:6294:40
@!!status:trivial
@!!prover:tlapm
@!!already:false
@!!END

@!!BEGIN
@!!type:obligation
@!!id:1666
@!!loc:6294:42:6294:46
@!!status:trivial
@!!prover:tlapm
@!!already:false
@!!END

@!!BEGIN
@!!type:obligation
@!!id:1667
@!!loc:6294:48:6294:53
@!!status:trivial
@!!prover:tlapm
@!!already:false
@!!END

@!!BEGIN
@!!type:obligation
@!!id:1668
@!!loc:6294:55:6294:59
@!!status:trivial
@!!prover:tlapm
@!!already:false
@!!END

@!!BEGIN
@!!type:obligation
@!!id:1670
@!!loc:6295:37:6295:41
@!!status:trivial
@!!prover:tlapm
@!!already:false
@!!END

@!!BEGIN
@!!type:obligation
@!!id:1669
@!!loc:6295:34:6295:36
@!!status:proved
@!!prover:smt
@!!meth:time-limit: 60; time-used: 0.2 (0%)
@!!already:false
@!!END

@!!BEGIN
@!!type:obligation
@!!id:1664
@!!loc:6294:33:6294:35
@!!status:proved
@!!prover:smt
@!!meth:time-limit: 60; time-used: 3.2 (5%)
@!!already:false
@!!END

@!!BEGIN
@!!type:obligation
@!!id:1671
@!!loc:6295:43:6295:47
@!!status:trivial
@!!prover:tlapm
@!!already:false
@!!END

@!!BEGIN
@!!type:obligation
@!!id:1672
@!!loc:6295:49:6295:53
@!!status:trivial
@!!prover:tlapm
@!!already:false
@!!END

@!!BEGIN
@!!type:obligation
@!!id:1673
@!!loc:6295:55:6295:60
@!!status:trivial
@!!prover:tlapm
@!!already:false
@!!END

@!!BEGIN
@!!type:obligation
@!!id:1674
@!!loc:6295:62:6295:66
@!!status:trivial
@!!prover:tlapm
@!!already:false
@!!END

@!!BEGIN
@!!type:obligation
@!!id:1676
@!!loc:6296:36:6296:40
@!!status:trivial
@!!prover:tlapm
@!!already:false
@!!END

@!!BEGIN
@!!type:obligation
@!!id:1677
@!!loc:6296:42:6296:46
@!!status:trivial
@!!prover:tlapm
@!!already:false
@!!END

@!!BEGIN
@!!type:obligation
@!!id:1678
@!!loc:6296:48:6296:52
@!!status:trivial
@!!prover:tlapm
@!!already:false
@!!END

@!!BEGIN
@!!type:obligation
@!!id:1679
@!!loc:6296:54:6296:59
@!!status:trivial
@!!prover:tlapm
@!!already:false
@!!END

@!!BEGIN
@!!type:obligation
@!!id:1680
@!!loc:6296:61:6296:65
@!!status:trivial
@!!prover:tlapm
@!!already:false
@!!END

@!!BEGIN
@!!type:obligation
@!!id:1675
@!!loc:6296:33:6296:35
@!!status:proved
@!!prover:smt
@!!meth:time-limit: 60; time-used: 3.4 (6%)
@!!already:false
@!!END

@!!BEGIN
@!!type:obligation
@!!id:1682
@!!loc:6297:37:6297:41
@!!status:trivial
@!!prover:tlapm
@!!already:false
@!!END

@!!BEGIN
@!!type:obligation
@!!id:1683
@!!loc:6297:43:6297:47
@!!status:trivial
@!!prover:tlapm
@!!already:false
@!!END

@!!BEGIN
@!!type:obligation
@!!id:1684
@!!loc:6297:49:6297:53
@!!status:trivial
@!!prover:tlapm
@!!already:false
@!!END

@!!BEGIN
@!!type:obligation
@!!id:1685
@!!loc:6297:55:6297:60
@!!status:trivial
@!!prover:tlapm
@!!already:false
@!!END

@!!BEGIN
@!!type:obligation
@!!id:1686
@!!loc:6297:62:6297:66
@!!status:trivial
@!!prover:tlapm
@!!already:false
@!!END

@!!BEGIN
@!!type:obligation
@!!id:1687
@!!loc:6340:10:6340:12
@!!status:proved
@!!prover:smt
@!!meth:time-limit: 60
@!!already:true
@!!END

@!!BEGIN
@!!type:obligation
@!!id:1688
@!!loc:6340:13:6340:17
@!!status:trivial
@!!prover:tlapm
@!!already:false
@!!END

@!!BEGIN
@!!type:obligation
@!!id:1689
@!!loc:6340:19:6340:23
@!!status:trivial
@!!prover:tlapm
@!!already:false
@!!END

@!!BEGIN
@!!type:obligation
@!!id:1690
@!!loc:6340:25:6340:29
@!!status:trivial
@!!prover:tlapm
@!!already:false
@!!END

@!!BEGIN
@!!type:obligation
@!!id:1691
@!!loc:6340:31:6340:36
@!!status:trivial
@!!prover:tlapm
@!!already:false
@!!END

@!!BEGIN
@!!type:obligation
@!!id:1692
@!!loc:6340:38:6340:42
@!!status:trivial
@!!prover:tlapm
@!!already:false
@!!END

@!!BEGIN
@!!type:obligation
@!!id:1693
@!!loc:6340:44:6340:48
@!!status:trivial
@!!prover:tlapm
@!!already:false
@!!END

@!!BEGIN
@!!type:obligation
@!!id:1681
@!!loc:6297:34:6297:36
@!!status:proved
@!!prover:smt
@!!meth:time-limit: 60; time-used: 3.2 (5%)
@!!already:false
@!!END

@!!BEGIN
@!!type:obligation
@!!id:1694
@!!loc:6340:50:6340:54
@!!status:trivial
@!!prover:tlapm
@!!already:false
@!!END

@!!BEGIN
@!!type:obligation
@!!id:1695
@!!loc:6340:56:6340:60
@!!status:trivial
@!!prover:tlapm
@!!already:false
@!!END

@!!BEGIN
@!!type:obligation
@!!id:1696
@!!loc:6340:62:6340:66
@!!status:trivial
@!!prover:tlapm
@!!already:false
@!!END

@!!BEGIN
@!!type:obligation
@!!id:1697
@!!loc:6340:68:6340:72
@!!status:trivial
@!!prover:tlapm
@!!already:false
@!!END

@!!BEGIN
@!!type:obligation
@!!id:1698
@!!loc:6340:74:6340:78
@!!status:trivial
@!!prover:tlapm
@!!already:false
@!!END

@!!BEGIN
@!!type:obligation
@!!id:1699
@!!loc:6340:80:6340:87
@!!status:trivial
@!!prover:tlapm
@!!already:false
@!!END

@!!BEGIN
@!!type:obligation
@!!id:1700
@!!loc:6303:14:6303:16
@!!status:proved
@!!prover:smt
@!!meth:time-limit: 60
@!!already:true
@!!END

@!!BEGIN
@!!type:obligation
@!!id:1701
@!!loc:6304:14:6304:16
@!!status:proved
@!!prover:smt
@!!meth:time-limit: 60
@!!already:true
@!!END

@!!BEGIN
@!!type:obligation
@!!id:1702
@!!loc:6304:17:6304:22
@!!status:trivial
@!!prover:tlapm
@!!already:false
@!!END

@!!BEGIN
@!!type:obligation
@!!id:1703
@!!loc:6304:24:6304:39
@!!status:trivial
@!!prover:tlapm
@!!already:false
@!!END

@!!BEGIN
@!!type:obligation
@!!id:1704
@!!loc:6305:71:6305:73
@!!status:proved
@!!prover:smt
@!!meth:time-limit: 60
@!!already:true
@!!END

@!!BEGIN
@!!type:obligation
@!!id:1705
@!!loc:6307:3:6307:5
@!!status:proved
@!!prover:smt
@!!meth:time-limit: 60
@!!already:true
@!!END

@!!BEGIN
@!!type:obligation
@!!id:1706
@!!loc:6308:35:6308:37
@!!status:proved
@!!prover:smt
@!!meth:time-limit: 60
@!!already:true
@!!END

@!!BEGIN
@!!type:obligation
@!!id:1707
@!!loc:6308:38:6308:42
@!!status:trivial
@!!prover:tlapm
@!!already:false
@!!END

@!!BEGIN
@!!type:obligation
@!!id:1708
@!!loc:6309:23:6309:25
@!!status:proved
@!!prover:smt
@!!meth:time-limit: 60
@!!already:true
@!!END

@!!BEGIN
@!!type:obligation
@!!id:1709
@!!loc:6309:26:6309:30
@!!status:trivial
@!!prover:tlapm
@!!already:false
@!!END

@!!BEGIN
@!!type:obligation
@!!id:1710
@!!loc:6314:3:6314:5
@!!status:proved
@!!prover:smt
@!!meth:time-limit: 60
@!!already:true
@!!END

@!!BEGIN
@!!type:obligation
@!!id:1711
@!!loc:6314:6:6314:10
@!!status:trivial
@!!prover:tlapm
@!!already:false
@!!END

@!!BEGIN
@!!type:obligation
@!!id:1712
@!!loc:6314:12:6314:24
@!!status:trivial
@!!prover:tlapm
@!!already:false
@!!END

@!!BEGIN
@!!type:obligation
@!!id:1713
@!!loc:6315:26:6315:28
@!!status:proved
@!!prover:smt
@!!meth:time-limit: 60
@!!already:true
@!!END

@!!BEGIN
@!!type:obligation
@!!id:1715
@!!loc:6317:33:6317:35
@!!status:proved
@!!prover:smt
@!!meth:time-limit: 60
@!!already:true
@!!END

@!!BEGIN
@!!type:obligation
@!!id:1716
@!!loc:6318:31:6318:33
@!!status:proved
@!!prover:smt
@!!meth:time-limit: 60
@!!already:true
@!!END

@!!BEGIN
@!!type:obligation
@!!id:1717
@!!loc:6318:34:6318:38
@!!status:trivial
@!!prover:tlapm
@!!already:false
@!!END

@!!BEGIN
@!!type:obligation
@!!id:1718
@!!loc:6318:40:6318:44
@!!status:trivial
@!!prover:tlapm
@!!already:false
@!!END

@!!BEGIN
@!!type:obligation
@!!id:1719
@!!loc:6318:46:6318:54
@!!status:trivial
@!!prover:tlapm
@!!already:false
@!!END

@!!BEGIN
@!!type:obligation
@!!id:1714
@!!loc:6316:73:6316:75
@!!status:proved
@!!prover:smt
@!!meth:time-limit: 60; time-used: 3.8 (6%)
@!!already:false
@!!END

@!!BEGIN
@!!type:obligation
@!!id:1720
@!!loc:6326:3:6326:5
@!!status:proved
@!!prover:smt
@!!meth:time-limit: 60; time-used: 3.2 (5%)
@!!already:false
@!!END

@!!BEGIN
@!!type:obligation
@!!id:1722
@!!loc:6334:13:6334:15
@!!status:proved
@!!prover:smt
@!!meth:time-limit: 60
@!!already:true
@!!END

@!!BEGIN
@!!type:obligation
@!!id:1723
@!!loc:6334:16:6334:20
@!!status:trivial
@!!prover:tlapm
@!!already:false
@!!END

@!!BEGIN
@!!type:obligation
@!!id:1724
@!!loc:6334:22:6334:26
@!!status:trivial
@!!prover:tlapm
@!!already:false
@!!END

@!!BEGIN
@!!type:obligation
@!!id:1726
@!!loc:6335:31:6335:35
@!!status:trivial
@!!prover:tlapm
@!!already:false
@!!END

@!!BEGIN
@!!type:obligation
@!!id:1727
@!!loc:6335:37:6335:41
@!!status:trivial
@!!prover:tlapm
@!!already:false
@!!END

@!!BEGIN
@!!type:obligation
@!!id:1728
@!!loc:6335:43:6335:48
@!!status:trivial
@!!prover:tlapm
@!!already:false
@!!END

@!!BEGIN
@!!type:obligation
@!!id:1729
@!!loc:6335:50:6335:54
@!!status:trivial
@!!prover:tlapm
@!!already:false
@!!END

@!!BEGIN
@!!type:obligation
@!!id:1730
@!!loc:6335:56:6335:60
@!!status:trivial
@!!prover:tlapm
@!!already:false
@!!END

@!!BEGIN
@!!type:obligation
@!!id:1731
@!!loc:6335:62:6335:66
@!!status:trivial
@!!prover:tlapm
@!!already:false
@!!END

@!!BEGIN
@!!type:obligation
@!!id:1725
@!!loc:6335:28:6335:30
@!!status:proved
@!!prover:smt
@!!meth:time-limit: 60; time-used: 1.4 (2%)
@!!already:false
@!!END

@!!BEGIN
@!!type:obligation
@!!id:1721
@!!loc:6333:3:6333:5
@!!status:proved
@!!prover:smt
@!!meth:time-limit: 60; time-used: 3.1 (5%)
@!!already:false
@!!END

@!!BEGIN
@!!type:obligation
@!!id:1733
@!!loc:6336:33:6336:37
@!!status:trivial
@!!prover:tlapm
@!!already:false
@!!END

@!!BEGIN
@!!type:obligation
@!!id:1734
@!!loc:6336:39:6336:43
@!!status:trivial
@!!prover:tlapm
@!!already:false
@!!END

@!!BEGIN
@!!type:obligation
@!!id:1735
@!!loc:6336:45:6336:50
@!!status:trivial
@!!prover:tlapm
@!!already:false
@!!END

@!!BEGIN
@!!type:obligation
@!!id:1736
@!!loc:6336:52:6336:56
@!!status:trivial
@!!prover:tlapm
@!!already:false
@!!END

@!!BEGIN
@!!type:obligation
@!!id:1738
@!!loc:6337:34:6337:38
@!!status:trivial
@!!prover:tlapm
@!!already:false
@!!END

@!!BEGIN
@!!type:obligation
@!!id:1739
@!!loc:6337:40:6337:44
@!!status:trivial
@!!prover:tlapm
@!!already:false
@!!END

@!!BEGIN
@!!type:obligation
@!!id:1740
@!!loc:6337:46:6337:50
@!!status:trivial
@!!prover:tlapm
@!!already:false
@!!END

@!!BEGIN
@!!type:obligation
@!!id:1741
@!!loc:6337:52:6337:57
@!!status:trivial
@!!prover:tlapm
@!!already:false
@!!END

@!!BEGIN
@!!type:obligation
@!!id:1737
@!!loc:6337:31:6337:33
@!!status:proved
@!!prover:smt
@!!meth:time-limit: 60; time-used: 0.9 (2%)
@!!already:false
@!!END

@!!BEGIN
@!!type:obligation
@!!id:1732
@!!loc:6336:30:6336:32
@!!status:proved
@!!prover:smt
@!!meth:time-limit: 60; time-used: 3.1 (5%)
@!!already:false
@!!END

@!!BEGIN
@!!type:obligation
@!!id:1742
@!!loc:6337:59:6337:63
@!!status:trivial
@!!prover:tlapm
@!!already:false
@!!END

@!!BEGIN
@!!type:obligation
@!!id:1744
@!!loc:6338:33:6338:37
@!!status:trivial
@!!prover:tlapm
@!!already:false
@!!END

@!!BEGIN
@!!type:obligation
@!!id:1745
@!!loc:6338:39:6338:43
@!!status:trivial
@!!prover:tlapm
@!!already:false
@!!END

@!!BEGIN
@!!type:obligation
@!!id:1746
@!!loc:6338:45:6338:49
@!!status:trivial
@!!prover:tlapm
@!!already:false
@!!END

@!!BEGIN
@!!type:obligation
@!!id:1747
@!!loc:6338:51:6338:56
@!!status:trivial
@!!prover:tlapm
@!!already:false
@!!END

@!!BEGIN
@!!type:obligation
@!!id:1748
@!!loc:6338:58:6338:62
@!!status:trivial
@!!prover:tlapm
@!!already:false
@!!END

@!!BEGIN
@!!type:obligation
@!!id:1750
@!!loc:6339:34:6339:38
@!!status:trivial
@!!prover:tlapm
@!!already:false
@!!END

@!!BEGIN
@!!type:obligation
@!!id:1751
@!!loc:6339:40:6339:44
@!!status:trivial
@!!prover:tlapm
@!!already:false
@!!END

@!!BEGIN
@!!type:obligation
@!!id:1752
@!!loc:6339:46:6339:50
@!!status:trivial
@!!prover:tlapm
@!!already:false
@!!END

@!!BEGIN
@!!type:obligation
@!!id:1753
@!!loc:6339:52:6339:57
@!!status:trivial
@!!prover:tlapm
@!!already:false
@!!END

@!!BEGIN
@!!type:obligation
@!!id:1749
@!!loc:6339:31:6339:33
@!!status:proved
@!!prover:smt
@!!meth:time-limit: 60; time-used: 0.9 (1%)
@!!already:false
@!!END

@!!BEGIN
@!!type:obligation
@!!id:1743
@!!loc:6338:30:6338:32
@!!status:proved
@!!prover:smt
@!!meth:time-limit: 60; time-used: 3.2 (5%)
@!!already:false
@!!END

@!!BEGIN
@!!type:obligation
@!!id:1754
@!!loc:6339:59:6339:63
@!!status:trivial
@!!prover:tlapm
@!!already:false
@!!END

@!!BEGIN
@!!type:obligation
@!!id:1756
@!!loc:6383:13:6383:17
@!!status:trivial
@!!prover:tlapm
@!!already:false
@!!END

@!!BEGIN
@!!type:obligation
@!!id:1757
@!!loc:6383:19:6383:23
@!!status:trivial
@!!prover:tlapm
@!!already:false
@!!END

@!!BEGIN
@!!type:obligation
@!!id:1758
@!!loc:6383:25:6383:29
@!!status:trivial
@!!prover:tlapm
@!!already:false
@!!END

@!!BEGIN
@!!type:obligation
@!!id:1759
@!!loc:6383:31:6383:36
@!!status:trivial
@!!prover:tlapm
@!!already:false
@!!END

@!!BEGIN
@!!type:obligation
@!!id:1760
@!!loc:6383:38:6383:42
@!!status:trivial
@!!prover:tlapm
@!!already:false
@!!END

@!!BEGIN
@!!type:obligation
@!!id:1761
@!!loc:6383:44:6383:48
@!!status:trivial
@!!prover:tlapm
@!!already:false
@!!END

@!!BEGIN
@!!type:obligation
@!!id:1762
@!!loc:6383:50:6383:54
@!!status:trivial
@!!prover:tlapm
@!!already:false
@!!END

@!!BEGIN
@!!type:obligation
@!!id:1763
@!!loc:6383:56:6383:60
@!!status:trivial
@!!prover:tlapm
@!!already:false
@!!END

@!!BEGIN
@!!type:obligation
@!!id:1764
@!!loc:6383:62:6383:66
@!!status:trivial
@!!prover:tlapm
@!!already:false
@!!END

@!!BEGIN
@!!type:obligation
@!!id:1765
@!!loc:6383:68:6383:72
@!!status:trivial
@!!prover:tlapm
@!!already:false
@!!END

@!!BEGIN
@!!type:obligation
@!!id:1766
@!!loc:6383:74:6383:78
@!!status:trivial
@!!prover:tlapm
@!!already:false
@!!END

@!!BEGIN
@!!type:obligation
@!!id:1767
@!!loc:6383:80:6383:87
@!!status:trivial
@!!prover:tlapm
@!!already:false
@!!END

@!!BEGIN
@!!type:obligation
@!!id:1768
@!!loc:6345:14:6345:16
@!!status:proved
@!!prover:smt
@!!meth:time-limit: 60
@!!already:true
@!!END

@!!BEGIN
@!!type:obligation
@!!id:1769
@!!loc:6346:14:6346:16
@!!status:proved
@!!prover:smt
@!!meth:time-limit: 60
@!!already:true
@!!END

@!!BEGIN
@!!type:obligation
@!!id:1770
@!!loc:6346:17:6346:22
@!!status:trivial
@!!prover:tlapm
@!!already:false
@!!END

@!!BEGIN
@!!type:obligation
@!!id:1755
@!!loc:6383:10:6383:12
@!!status:proved
@!!prover:smt
@!!meth:time-limit: 60; time-used: 3.0 (5%)
@!!already:false
@!!END

@!!BEGIN
@!!type:obligation
@!!id:1771
@!!loc:6346:24:6346:40
@!!status:trivial
@!!prover:tlapm
@!!already:false
@!!END

@!!BEGIN
@!!type:obligation
@!!id:1772
@!!loc:6347:71:6347:73
@!!status:proved
@!!prover:smt
@!!meth:time-limit: 60
@!!already:true
@!!END

@!!BEGIN
@!!type:obligation
@!!id:1773
@!!loc:6349:3:6349:5
@!!status:proved
@!!prover:smt
@!!meth:time-limit: 60
@!!already:true
@!!END

@!!BEGIN
@!!type:obligation
@!!id:1774
@!!loc:6350:35:6350:37
@!!status:proved
@!!prover:smt
@!!meth:time-limit: 60
@!!already:true
@!!END

@!!BEGIN
@!!type:obligation
@!!id:1775
@!!loc:6350:38:6350:42
@!!status:trivial
@!!prover:tlapm
@!!already:false
@!!END

@!!BEGIN
@!!type:obligation
@!!id:1776
@!!loc:6351:23:6351:25
@!!status:proved
@!!prover:smt
@!!meth:time-limit: 60
@!!already:true
@!!END

@!!BEGIN
@!!type:obligation
@!!id:1777
@!!loc:6351:26:6351:30
@!!status:trivial
@!!prover:tlapm
@!!already:false
@!!END

@!!BEGIN
@!!type:obligation
@!!id:1778
@!!loc:6356:3:6356:5
@!!status:proved
@!!prover:smt
@!!meth:time-limit: 60
@!!already:true
@!!END

@!!BEGIN
@!!type:obligation
@!!id:1779
@!!loc:6356:6:6356:10
@!!status:trivial
@!!prover:tlapm
@!!already:false
@!!END

@!!BEGIN
@!!type:obligation
@!!id:1780
@!!loc:6356:12:6356:24
@!!status:trivial
@!!prover:tlapm
@!!already:false
@!!END

@!!BEGIN
@!!type:obligation
@!!id:1781
@!!loc:6357:26:6357:28
@!!status:proved
@!!prover:smt
@!!meth:time-limit: 60
@!!already:true
@!!END

@!!BEGIN
@!!type:obligation
@!!id:1784
@!!loc:6361:33:6361:35
@!!status:proved
@!!prover:smt
@!!meth:time-limit: 60
@!!already:true
@!!END

@!!BEGIN
@!!type:obligation
@!!id:1786
@!!loc:6362:42:6362:46
@!!status:trivial
@!!prover:tlapm
@!!already:false
@!!END

@!!BEGIN
@!!type:obligation
@!!id:1787
@!!loc:6362:48:6362:52
@!!status:trivial
@!!prover:tlapm
@!!already:false
@!!END

@!!BEGIN
@!!type:obligation
@!!id:1788
@!!loc:6362:54:6362:62
@!!status:trivial
@!!prover:tlapm
@!!already:false
@!!END

@!!BEGIN
@!!type:obligation
@!!id:1785
@!!loc:6362:39:6362:41
@!!status:proved
@!!prover:smt
@!!meth:time-limit: 60; time-used: 3.9 (7%)
@!!already:false
@!!END

@!!BEGIN
@!!type:obligation
@!!id:1782
@!!loc:6360:3:6360:5
@!!status:proved
@!!prover:smt
@!!meth:time-limit: 60; time-used: 4.3 (7%)
@!!already:false
@!!END

@!!BEGIN
@!!type:obligation
@!!id:1789
@!!loc:6369:3:6369:5
@!!status:proved
@!!prover:smt
@!!meth:time-limit: 60; time-used: 3.3 (5%)
@!!already:false
@!!END

@!!BEGIN
@!!type:obligation
@!!id:1792
@!!loc:6377:16:6377:20
@!!status:trivial
@!!prover:tlapm
@!!already:false
@!!END

@!!BEGIN
@!!type:obligation
@!!id:1793
@!!loc:6377:22:6377:26
@!!status:trivial
@!!prover:tlapm
@!!already:false
@!!END

@!!BEGIN
@!!type:obligation
@!!id:1795
@!!loc:6378:39:6378:43
@!!status:trivial
@!!prover:tlapm
@!!already:false
@!!END

@!!BEGIN
@!!type:obligation
@!!id:1796
@!!loc:6378:45:6378:49
@!!status:trivial
@!!prover:tlapm
@!!already:false
@!!END

@!!BEGIN
@!!type:obligation
@!!id:1797
@!!loc:6378:51:6378:55
@!!status:trivial
@!!prover:tlapm
@!!already:false
@!!END

@!!BEGIN
@!!type:obligation
@!!id:1798
@!!loc:6378:57:6378:61
@!!status:trivial
@!!prover:tlapm
@!!already:false
@!!END

@!!BEGIN
@!!type:obligation
@!!id:1799
@!!loc:6378:63:6378:67
@!!status:trivial
@!!prover:tlapm
@!!already:false
@!!END

@!!BEGIN
@!!type:obligation
@!!id:1794
@!!loc:6378:36:6378:38
@!!status:proved
@!!prover:smt
@!!meth:time-limit: 60; time-used: 1.3 (2%)
@!!already:false
@!!END

@!!BEGIN
@!!type:obligation
@!!id:1791
@!!loc:6377:13:6377:15
@!!status:proved
@!!prover:smt
@!!meth:time-limit: 60; time-used: 2.8 (5%)
@!!already:false
@!!END

@!!BEGIN
@!!type:obligation
@!!id:1790
@!!loc:6376:3:6376:5
@!!status:proved
@!!prover:smt
@!!meth:time-limit: 60; time-used: 3.2 (5%)
@!!already:false
@!!END

@!!BEGIN
@!!type:obligation
@!!id:1801
@!!loc:6379:41:6379:45
@!!status:trivial
@!!prover:tlapm
@!!already:false
@!!END

@!!BEGIN
@!!type:obligation
@!!id:1802
@!!loc:6379:47:6379:51
@!!status:trivial
@!!prover:tlapm
@!!already:false
@!!END

@!!BEGIN
@!!type:obligation
@!!id:1803
@!!loc:6379:53:6379:57
@!!status:trivial
@!!prover:tlapm
@!!already:false
@!!END

@!!BEGIN
@!!type:obligation
@!!id:1805
@!!loc:6380:42:6380:46
@!!status:trivial
@!!prover:tlapm
@!!already:false
@!!END

@!!BEGIN
@!!type:obligation
@!!id:1806
@!!loc:6380:48:6380:52
@!!status:trivial
@!!prover:tlapm
@!!already:false
@!!END

@!!BEGIN
@!!type:obligation
@!!id:1807
@!!loc:6380:54:6380:58
@!!status:trivial
@!!prover:tlapm
@!!already:false
@!!END

@!!BEGIN
@!!type:obligation
@!!id:1808
@!!loc:6380:60:6380:65
@!!status:trivial
@!!prover:tlapm
@!!already:false
@!!END

@!!BEGIN
@!!type:obligation
@!!id:1809
@!!loc:6380:67:6380:71
@!!status:trivial
@!!prover:tlapm
@!!already:false
@!!END

@!!BEGIN
@!!type:obligation
@!!id:1804
@!!loc:6380:39:6380:41
@!!status:proved
@!!prover:smt
@!!meth:time-limit: 60; time-used: 1.2 (2%)
@!!already:false
@!!END

@!!BEGIN
@!!type:obligation
@!!id:1800
@!!loc:6379:38:6379:40
@!!status:proved
@!!prover:smt
@!!meth:time-limit: 60; time-used: 3.0 (5%)
@!!already:false
@!!END

@!!BEGIN
@!!type:obligation
@!!id:1811
@!!loc:6381:41:6381:45
@!!status:trivial
@!!prover:tlapm
@!!already:false
@!!END

@!!BEGIN
@!!type:obligation
@!!id:1812
@!!loc:6381:47:6381:51
@!!status:trivial
@!!prover:tlapm
@!!already:false
@!!END

@!!BEGIN
@!!type:obligation
@!!id:1813
@!!loc:6381:53:6381:57
@!!status:trivial
@!!prover:tlapm
@!!already:false
@!!END

@!!BEGIN
@!!type:obligation
@!!id:1814
@!!loc:6381:59:6381:64
@!!status:trivial
@!!prover:tlapm
@!!already:false
@!!END

@!!BEGIN
@!!type:obligation
@!!id:1815
@!!loc:6381:66:6381:70
@!!status:trivial
@!!prover:tlapm
@!!already:false
@!!END

@!!BEGIN
@!!type:obligation
@!!id:1817
@!!loc:6382:42:6382:46
@!!status:trivial
@!!prover:tlapm
@!!already:false
@!!END

@!!BEGIN
@!!type:obligation
@!!id:1818
@!!loc:6382:48:6382:52
@!!status:trivial
@!!prover:tlapm
@!!already:false
@!!END

@!!BEGIN
@!!type:obligation
@!!id:1819
@!!loc:6382:54:6382:58
@!!status:trivial
@!!prover:tlapm
@!!already:false
@!!END

@!!BEGIN
@!!type:obligation
@!!id:1820
@!!loc:6382:60:6382:65
@!!status:trivial
@!!prover:tlapm
@!!already:false
@!!END

@!!BEGIN
@!!type:obligation
@!!id:1816
@!!loc:6382:39:6382:41
@!!status:proved
@!!prover:smt
@!!meth:time-limit: 60; time-used: 0.9 (2%)
@!!already:false
@!!END

@!!BEGIN
@!!type:obligation
@!!id:1810
@!!loc:6381:38:6381:40
@!!status:proved
@!!prover:smt
@!!meth:time-limit: 60; time-used: 3.2 (5%)
@!!already:false
@!!END

@!!BEGIN
@!!type:obligation
@!!id:1821
@!!loc:6382:67:6382:71
@!!status:trivial
@!!prover:tlapm
@!!already:false
@!!END

@!!BEGIN
@!!type:obligation
@!!id:1822
@!!loc:6429:10:6429:12
@!!status:proved
@!!prover:smt
@!!meth:time-limit: 60
@!!already:true
@!!END

@!!BEGIN
@!!type:obligation
@!!id:1823
@!!loc:6429:13:6429:17
@!!status:trivial
@!!prover:tlapm
@!!already:false
@!!END

@!!BEGIN
@!!type:obligation
@!!id:1824
@!!loc:6429:19:6429:23
@!!status:trivial
@!!prover:tlapm
@!!already:false
@!!END

@!!BEGIN
@!!type:obligation
@!!id:1825
@!!loc:6429:25:6429:29
@!!status:trivial
@!!prover:tlapm
@!!already:false
@!!END

@!!BEGIN
@!!type:obligation
@!!id:1826
@!!loc:6429:31:6429:36
@!!status:trivial
@!!prover:tlapm
@!!already:false
@!!END

@!!BEGIN
@!!type:obligation
@!!id:1827
@!!loc:6429:38:6429:42
@!!status:trivial
@!!prover:tlapm
@!!already:false
@!!END

@!!BEGIN
@!!type:obligation
@!!id:1828
@!!loc:6429:44:6429:48
@!!status:trivial
@!!prover:tlapm
@!!already:false
@!!END

@!!BEGIN
@!!type:obligation
@!!id:1829
@!!loc:6429:50:6429:54
@!!status:trivial
@!!prover:tlapm
@!!already:false
@!!END

@!!BEGIN
@!!type:obligation
@!!id:1830
@!!loc:6429:56:6429:60
@!!status:trivial
@!!prover:tlapm
@!!already:false
@!!END

@!!BEGIN
@!!type:obligation
@!!id:1831
@!!loc:6429:62:6429:66
@!!status:trivial
@!!prover:tlapm
@!!already:false
@!!END

@!!BEGIN
@!!type:obligation
@!!id:1832
@!!loc:6429:68:6429:72
@!!status:trivial
@!!prover:tlapm
@!!already:false
@!!END

@!!BEGIN
@!!type:obligation
@!!id:1833
@!!loc:6429:74:6429:78
@!!status:trivial
@!!prover:tlapm
@!!already:false
@!!END

@!!BEGIN
@!!type:obligation
@!!id:1834
@!!loc:6429:80:6429:87
@!!status:trivial
@!!prover:tlapm
@!!already:false
@!!END

@!!BEGIN
@!!type:obligation
@!!id:1835
@!!loc:6391:14:6391:16
@!!status:proved
@!!prover:smt
@!!meth:time-limit: 60
@!!already:true
@!!END

@!!BEGIN
@!!type:obligation
@!!id:1836
@!!loc:6392:14:6392:16
@!!status:proved
@!!prover:smt
@!!meth:time-limit: 60
@!!already:true
@!!END

@!!BEGIN
@!!type:obligation
@!!id:1837
@!!loc:6392:17:6392:22
@!!status:trivial
@!!prover:tlapm
@!!already:false
@!!END

@!!BEGIN
@!!type:obligation
@!!id:1838
@!!loc:6392:24:6392:36
@!!status:trivial
@!!prover:tlapm
@!!already:false
@!!END

@!!BEGIN
@!!type:obligation
@!!id:1839
@!!loc:6393:71:6393:73
@!!status:proved
@!!prover:smt
@!!meth:time-limit: 60
@!!already:true
@!!END

@!!BEGIN
@!!type:obligation
@!!id:1840
@!!loc:6395:3:6395:5
@!!status:proved
@!!prover:smt
@!!meth:time-limit: 60
@!!already:true
@!!END

@!!BEGIN
@!!type:obligation
@!!id:1841
@!!loc:6396:35:6396:37
@!!status:proved
@!!prover:smt
@!!meth:time-limit: 60
@!!already:true
@!!END

@!!BEGIN
@!!type:obligation
@!!id:1842
@!!loc:6396:38:6396:42
@!!status:trivial
@!!prover:tlapm
@!!already:false
@!!END

@!!BEGIN
@!!type:obligation
@!!id:1843
@!!loc:6397:23:6397:25
@!!status:proved
@!!prover:smt
@!!meth:time-limit: 60
@!!already:true
@!!END

@!!BEGIN
@!!type:obligation
@!!id:1844
@!!loc:6397:26:6397:30
@!!status:trivial
@!!prover:tlapm
@!!already:false
@!!END

@!!BEGIN
@!!type:obligation
@!!id:1845
@!!loc:6402:3:6402:5
@!!status:proved
@!!prover:smt
@!!meth:time-limit: 60
@!!already:true
@!!END

@!!BEGIN
@!!type:obligation
@!!id:1846
@!!loc:6402:6:6402:10
@!!status:trivial
@!!prover:tlapm
@!!already:false
@!!END

@!!BEGIN
@!!type:obligation
@!!id:1847
@!!loc:6402:12:6402:24
@!!status:trivial
@!!prover:tlapm
@!!already:false
@!!END

@!!BEGIN
@!!type:obligation
@!!id:1848
@!!loc:6403:26:6403:28
@!!status:proved
@!!prover:smt
@!!meth:time-limit: 60
@!!already:true
@!!END

@!!BEGIN
@!!type:obligation
@!!id:1850
@!!loc:6405:33:6405:35
@!!status:proved
@!!prover:smt
@!!meth:time-limit: 60
@!!already:true
@!!END

@!!BEGIN
@!!type:obligation
@!!id:1851
@!!loc:6406:28:6406:30
@!!status:proved
@!!prover:smt
@!!meth:time-limit: 60
@!!already:true
@!!END

@!!BEGIN
@!!type:obligation
@!!id:1852
@!!loc:6406:31:6406:35
@!!status:trivial
@!!prover:tlapm
@!!already:false
@!!END

@!!BEGIN
@!!type:obligation
@!!id:1853
@!!loc:6406:37:6406:41
@!!status:trivial
@!!prover:tlapm
@!!already:false
@!!END

@!!BEGIN
@!!type:obligation
@!!id:1854
@!!loc:6406:43:6406:51
@!!status:trivial
@!!prover:tlapm
@!!already:false
@!!END

@!!BEGIN
@!!type:obligation
@!!id:1849
@!!loc:6404:70:6404:72
@!!status:proved
@!!prover:smt
@!!meth:time-limit: 60; time-used: 3.5 (6%)
@!!already:false
@!!END

@!!BEGIN
@!!type:obligation
@!!id:1857
@!!loc:6423:13:6423:15
@!!status:proved
@!!prover:smt
@!!meth:time-limit: 60
@!!already:true
@!!END

@!!BEGIN
@!!type:obligation
@!!id:1858
@!!loc:6423:16:6423:20
@!!status:trivial
@!!prover:tlapm
@!!already:false
@!!END

@!!BEGIN
@!!type:obligation
@!!id:1856
@!!loc:6422:3:6422:5
@!!status:proved
@!!prover:smt
@!!meth:time-limit: 60; time-used: 0.3 (1%)
@!!already:false
@!!END

@!!BEGIN
@!!type:obligation
@!!id:1855
@!!loc:6414:3:6414:5
@!!status:proved
@!!prover:smt
@!!meth:time-limit: 60; time-used: 3.3 (5%)
@!!already:false
@!!END

@!!BEGIN
@!!type:obligation
@!!id:1859
@!!loc:6423:22:6423:26
@!!status:trivial
@!!prover:tlapm
@!!already:false
@!!END

@!!BEGIN
@!!type:obligation
@!!id:1861
@!!loc:6424:28:6424:32
@!!status:trivial
@!!prover:tlapm
@!!already:false
@!!END

@!!BEGIN
@!!type:obligation
@!!id:1862
@!!loc:6424:34:6424:38
@!!status:trivial
@!!prover:tlapm
@!!already:false
@!!END

@!!BEGIN
@!!type:obligation
@!!id:1863
@!!loc:6424:40:6424:45
@!!status:trivial
@!!prover:tlapm
@!!already:false
@!!END

@!!BEGIN
@!!type:obligation
@!!id:1864
@!!loc:6424:47:6424:51
@!!status:trivial
@!!prover:tlapm
@!!already:false
@!!END

@!!BEGIN
@!!type:obligation
@!!id:1865
@!!loc:6424:53:6424:57
@!!status:trivial
@!!prover:tlapm
@!!already:false
@!!END

@!!BEGIN
@!!type:obligation
@!!id:1866
@!!loc:6424:59:6424:63
@!!status:trivial
@!!prover:tlapm
@!!already:false
@!!END

@!!BEGIN
@!!type:obligation
@!!id:1868
@!!loc:6425:30:6425:34
@!!status:trivial
@!!prover:tlapm
@!!already:false
@!!END

@!!BEGIN
@!!type:obligation
@!!id:1869
@!!loc:6425:36:6425:40
@!!status:trivial
@!!prover:tlapm
@!!already:false
@!!END

@!!BEGIN
@!!type:obligation
@!!id:1870
@!!loc:6425:42:6425:47
@!!status:trivial
@!!prover:tlapm
@!!already:false
@!!END

@!!BEGIN
@!!type:obligation
@!!id:1867
@!!loc:6425:27:6425:29
@!!status:proved
@!!prover:smt
@!!meth:time-limit: 60; time-used: 0.6 (1%)
@!!already:false
@!!END

@!!BEGIN
@!!type:obligation
@!!id:1860
@!!loc:6424:25:6424:27
@!!status:proved
@!!prover:smt
@!!meth:time-limit: 60; time-used: 3.1 (5%)
@!!already:false
@!!END

@!!BEGIN
@!!type:obligation
@!!id:1871
@!!loc:6425:49:6425:53
@!!status:trivial
@!!prover:tlapm
@!!already:false
@!!END

@!!BEGIN
@!!type:obligation
@!!id:1873
@!!loc:6426:31:6426:35
@!!status:trivial
@!!prover:tlapm
@!!already:false
@!!END

@!!BEGIN
@!!type:obligation
@!!id:1874
@!!loc:6426:37:6426:41
@!!status:trivial
@!!prover:tlapm
@!!already:false
@!!END

@!!BEGIN
@!!type:obligation
@!!id:1875
@!!loc:6426:43:6426:47
@!!status:trivial
@!!prover:tlapm
@!!already:false
@!!END

@!!BEGIN
@!!type:obligation
@!!id:1876
@!!loc:6426:49:6426:54
@!!status:trivial
@!!prover:tlapm
@!!already:false
@!!END

@!!BEGIN
@!!type:obligation
@!!id:1877
@!!loc:6426:56:6426:60
@!!status:trivial
@!!prover:tlapm
@!!already:false
@!!END

@!!BEGIN
@!!type:obligation
@!!id:1879
@!!loc:6427:30:6427:34
@!!status:trivial
@!!prover:tlapm
@!!already:false
@!!END

@!!BEGIN
@!!type:obligation
@!!id:1880
@!!loc:6427:36:6427:40
@!!status:trivial
@!!prover:tlapm
@!!already:false
@!!END

@!!BEGIN
@!!type:obligation
@!!id:1878
@!!loc:6427:27:6427:29
@!!status:proved
@!!prover:smt
@!!meth:time-limit: 60; time-used: 0.6 (1%)
@!!already:false
@!!END

@!!BEGIN
@!!type:obligation
@!!id:1872
@!!loc:6426:28:6426:30
@!!status:proved
@!!prover:smt
@!!meth:time-limit: 60; time-used: 3.1 (5%)
@!!already:false
@!!END

@!!BEGIN
@!!type:obligation
@!!id:1881
@!!loc:6427:42:6427:46
@!!status:trivial
@!!prover:tlapm
@!!already:false
@!!END

@!!BEGIN
@!!type:obligation
@!!id:1882
@!!loc:6427:48:6427:53
@!!status:trivial
@!!prover:tlapm
@!!already:false
@!!END

@!!BEGIN
@!!type:obligation
@!!id:1883
@!!loc:6427:55:6427:59
@!!status:trivial
@!!prover:tlapm
@!!already:false
@!!END

@!!BEGIN
@!!type:obligation
@!!id:1885
@!!loc:6428:31:6428:35
@!!status:trivial
@!!prover:tlapm
@!!already:false
@!!END

@!!BEGIN
@!!type:obligation
@!!id:1886
@!!loc:6428:37:6428:41
@!!status:trivial
@!!prover:tlapm
@!!already:false
@!!END

@!!BEGIN
@!!type:obligation
@!!id:1887
@!!loc:6428:43:6428:47
@!!status:trivial
@!!prover:tlapm
@!!already:false
@!!END

@!!BEGIN
@!!type:obligation
@!!id:1888
@!!loc:6428:49:6428:54
@!!status:trivial
@!!prover:tlapm
@!!already:false
@!!END

@!!BEGIN
@!!type:obligation
@!!id:1889
@!!loc:6428:56:6428:60
@!!status:trivial
@!!prover:tlapm
@!!already:false
@!!END

@!!BEGIN
@!!type:obligation
@!!id:1890
@!!loc:6486:10:6486:12
@!!status:proved
@!!prover:smt
@!!meth:time-limit: 60
@!!already:true
@!!END

@!!BEGIN
@!!type:obligation
@!!id:1891
@!!loc:6486:13:6486:17
@!!status:trivial
@!!prover:tlapm
@!!already:false
@!!END

@!!BEGIN
@!!type:obligation
@!!id:1892
@!!loc:6486:19:6486:23
@!!status:trivial
@!!prover:tlapm
@!!already:false
@!!END

@!!BEGIN
@!!type:obligation
@!!id:1893
@!!loc:6486:25:6486:29
@!!status:trivial
@!!prover:tlapm
@!!already:false
@!!END

@!!BEGIN
@!!type:obligation
@!!id:1894
@!!loc:6486:31:6486:36
@!!status:trivial
@!!prover:tlapm
@!!already:false
@!!END

@!!BEGIN
@!!type:obligation
@!!id:1895
@!!loc:6486:38:6486:42
@!!status:trivial
@!!prover:tlapm
@!!already:false
@!!END

@!!BEGIN
@!!type:obligation
@!!id:1896
@!!loc:6486:44:6486:48
@!!status:trivial
@!!prover:tlapm
@!!already:false
@!!END

@!!BEGIN
@!!type:obligation
@!!id:1897
@!!loc:6486:50:6486:54
@!!status:trivial
@!!prover:tlapm
@!!already:false
@!!END

@!!BEGIN
@!!type:obligation
@!!id:1898
@!!loc:6486:56:6486:60
@!!status:trivial
@!!prover:tlapm
@!!already:false
@!!END

@!!BEGIN
@!!type:obligation
@!!id:1884
@!!loc:6428:28:6428:30
@!!status:proved
@!!prover:smt
@!!meth:time-limit: 60; time-used: 3.1 (5%)
@!!already:false
@!!END

@!!BEGIN
@!!type:obligation
@!!id:1899
@!!loc:6486:62:6486:66
@!!status:trivial
@!!prover:tlapm
@!!already:false
@!!END

@!!BEGIN
@!!type:obligation
@!!id:1900
@!!loc:6486:68:6486:72
@!!status:trivial
@!!prover:tlapm
@!!already:false
@!!END

@!!BEGIN
@!!type:obligation
@!!id:1901
@!!loc:6486:74:6486:78
@!!status:trivial
@!!prover:tlapm
@!!already:false
@!!END

@!!BEGIN
@!!type:obligation
@!!id:1902
@!!loc:6486:80:6486:87
@!!status:trivial
@!!prover:tlapm
@!!already:false
@!!END

@!!BEGIN
@!!type:obligation
@!!id:1903
@!!loc:6434:14:6434:16
@!!status:proved
@!!prover:smt
@!!meth:time-limit: 60
@!!already:true
@!!END

@!!BEGIN
@!!type:obligation
@!!id:1904
@!!loc:6435:14:6435:16
@!!status:proved
@!!prover:smt
@!!meth:time-limit: 60
@!!already:true
@!!END

@!!BEGIN
@!!type:obligation
@!!id:1905
@!!loc:6435:17:6435:22
@!!status:trivial
@!!prover:tlapm
@!!already:false
@!!END

@!!BEGIN
@!!type:obligation
@!!id:1906
@!!loc:6435:24:6435:36
@!!status:trivial
@!!prover:tlapm
@!!already:false
@!!END

@!!BEGIN
@!!type:obligation
@!!id:1907
@!!loc:6436:71:6436:73
@!!status:proved
@!!prover:smt
@!!meth:time-limit: 60
@!!already:true
@!!END

@!!BEGIN
@!!type:obligation
@!!id:1908
@!!loc:6438:3:6438:5
@!!status:proved
@!!prover:smt
@!!meth:time-limit: 60
@!!already:true
@!!END

@!!BEGIN
@!!type:obligation
@!!id:1909
@!!loc:6439:35:6439:37
@!!status:proved
@!!prover:smt
@!!meth:time-limit: 60
@!!already:true
@!!END

@!!BEGIN
@!!type:obligation
@!!id:1910
@!!loc:6439:38:6439:42
@!!status:trivial
@!!prover:tlapm
@!!already:false
@!!END

@!!BEGIN
@!!type:obligation
@!!id:1911
@!!loc:6440:23:6440:25
@!!status:proved
@!!prover:smt
@!!meth:time-limit: 60
@!!already:true
@!!END

@!!BEGIN
@!!type:obligation
@!!id:1912
@!!loc:6440:26:6440:30
@!!status:trivial
@!!prover:tlapm
@!!already:false
@!!END

@!!BEGIN
@!!type:obligation
@!!id:1913
@!!loc:6445:3:6445:5
@!!status:proved
@!!prover:smt
@!!meth:time-limit: 60
@!!already:true
@!!END

@!!BEGIN
@!!type:obligation
@!!id:1914
@!!loc:6445:6:6445:10
@!!status:trivial
@!!prover:tlapm
@!!already:false
@!!END

@!!BEGIN
@!!type:obligation
@!!id:1915
@!!loc:6445:12:6445:24
@!!status:trivial
@!!prover:tlapm
@!!already:false
@!!END

@!!BEGIN
@!!type:obligation
@!!id:1916
@!!loc:6446:26:6446:28
@!!status:proved
@!!prover:smt
@!!meth:time-limit: 60
@!!already:true
@!!END

@!!BEGIN
@!!type:obligation
@!!id:1917
@!!loc:6447:43:6447:45
@!!status:proved
@!!prover:smt
@!!meth:time-limit: 60
@!!already:true
@!!END

@!!BEGIN
@!!type:obligation
@!!id:1918
@!!loc:6447:46:6447:58
@!!status:trivial
@!!prover:tlapm
@!!already:false
@!!END

@!!BEGIN
@!!type:obligation
@!!id:1921
@!!loc:6449:36:6449:38
@!!status:proved
@!!prover:smt
@!!meth:time-limit: 60
@!!already:true
@!!END

@!!BEGIN
@!!type:obligation
@!!id:1922
@!!loc:6450:34:6450:36
@!!status:proved
@!!prover:smt
@!!meth:time-limit: 60
@!!already:true
@!!END

@!!BEGIN
@!!type:obligation
@!!id:1923
@!!loc:6450:37:6450:41
@!!status:trivial
@!!prover:tlapm
@!!already:false
@!!END

@!!BEGIN
@!!type:obligation
@!!id:1924
@!!loc:6450:43:6450:47
@!!status:trivial
@!!prover:tlapm
@!!already:false
@!!END

@!!BEGIN
@!!type:obligation
@!!id:1925
@!!loc:6450:49:6450:57
@!!status:trivial
@!!prover:tlapm
@!!already:false
@!!END

@!!BEGIN
@!!type:obligation
@!!id:1919
@!!loc:6448:110:6448:112
@!!status:proved
@!!prover:smt
@!!meth:time-limit: 60; time-used: 4.0 (7%)
@!!already:false
@!!END

@!!BEGIN
@!!type:obligation
@!!id:1926
@!!loc:6459:3:6459:5
@!!status:proved
@!!prover:smt
@!!meth:time-limit: 60; time-used: 3.5 (6%)
@!!already:false
@!!END

@!!BEGIN
@!!type:obligation
@!!id:1928
@!!loc:6468:13:6468:15
@!!status:proved
@!!prover:smt
@!!meth:time-limit: 60
@!!already:true
@!!END

@!!BEGIN
@!!type:obligation
@!!id:1929
@!!loc:6468:16:6468:20
@!!status:trivial
@!!prover:tlapm
@!!already:false
@!!END

@!!BEGIN
@!!type:obligation
@!!id:1930
@!!loc:6468:22:6468:26
@!!status:trivial
@!!prover:tlapm
@!!already:false
@!!END

@!!BEGIN
@!!type:obligation
@!!id:1932
@!!loc:6469:34:6469:38
@!!status:trivial
@!!prover:tlapm
@!!already:false
@!!END

@!!BEGIN
@!!type:obligation
@!!id:1933
@!!loc:6469:40:6469:44
@!!status:trivial
@!!prover:tlapm
@!!already:false
@!!END

@!!BEGIN
@!!type:obligation
@!!id:1934
@!!loc:6469:46:6469:50
@!!status:trivial
@!!prover:tlapm
@!!already:false
@!!END

@!!BEGIN
@!!type:obligation
@!!id:1935
@!!loc:6469:52:6469:56
@!!status:trivial
@!!prover:tlapm
@!!already:false
@!!END

@!!BEGIN
@!!type:obligation
@!!id:1936
@!!loc:6469:58:6469:62
@!!status:trivial
@!!prover:tlapm
@!!already:false
@!!END

@!!BEGIN
@!!type:obligation
@!!id:1937
@!!loc:6482:12:6482:14
@!!status:proved
@!!prover:smt
@!!meth:time-limit: 60
@!!already:true
@!!END

@!!BEGIN
@!!type:obligation
@!!id:1938
@!!loc:6482:15:6482:19
@!!status:trivial
@!!prover:tlapm
@!!already:false
@!!END

@!!BEGIN
@!!type:obligation
@!!id:1931
@!!loc:6469:31:6469:33
@!!status:proved
@!!prover:smt
@!!meth:time-limit: 60; time-used: 1.5 (3%)
@!!already:false
@!!END

@!!BEGIN
@!!type:obligation
@!!id:1927
@!!loc:6467:3:6467:5
@!!status:proved
@!!prover:smt
@!!meth:time-limit: 60; time-used: 3.1 (5%)
@!!already:false
@!!END

@!!BEGIN
@!!type:obligation
@!!id:1939
@!!loc:6482:21:6482:25
@!!status:trivial
@!!prover:tlapm
@!!already:false
@!!END

@!!BEGIN
@!!type:obligation
@!!id:1941
@!!loc:6472:8:6472:12
@!!status:trivial
@!!prover:tlapm
@!!already:false
@!!END

@!!BEGIN
@!!type:obligation
@!!id:1942
@!!loc:6472:14:6472:18
@!!status:trivial
@!!prover:tlapm
@!!already:false
@!!END

@!!BEGIN
@!!type:obligation
@!!id:1943
@!!loc:6472:20:6472:24
@!!status:trivial
@!!prover:tlapm
@!!already:false
@!!END

@!!BEGIN
@!!type:obligation
@!!id:1944
@!!loc:6472:26:6472:30
@!!status:trivial
@!!prover:tlapm
@!!already:false
@!!END

@!!BEGIN
@!!type:obligation
@!!id:1945
@!!loc:6472:32:6472:36
@!!status:trivial
@!!prover:tlapm
@!!already:false
@!!END

@!!BEGIN
@!!type:obligation
@!!id:1947
@!!loc:6481:17:6481:21
@!!status:trivial
@!!prover:tlapm
@!!already:false
@!!END

@!!BEGIN
@!!type:obligation
@!!id:1948
@!!loc:6481:23:6481:27
@!!status:trivial
@!!prover:tlapm
@!!already:false
@!!END

@!!BEGIN
@!!type:obligation
@!!id:1949
@!!loc:6481:29:6481:33
@!!status:trivial
@!!prover:tlapm
@!!already:false
@!!END

@!!BEGIN
@!!type:obligation
@!!id:1950
@!!loc:6481:35:6481:39
@!!status:trivial
@!!prover:tlapm
@!!already:false
@!!END

@!!BEGIN
@!!type:obligation
@!!id:1946
@!!loc:6481:14:6481:16
@!!status:proved
@!!prover:smt
@!!meth:time-limit: 60; time-used: 1.0 (2%)
@!!already:false
@!!END

@!!BEGIN
@!!type:obligation
@!!id:1940
@!!loc:6472:5:6472:7
@!!status:proved
@!!prover:smt
@!!meth:time-limit: 60; time-used: 3.0 (5%)
@!!already:false
@!!END

@!!BEGIN
@!!type:obligation
@!!id:1951
@!!loc:6481:41:6481:45
@!!status:trivial
@!!prover:tlapm
@!!already:false
@!!END

@!!BEGIN
@!!type:obligation
@!!id:1952
@!!loc:6481:47:6481:51
@!!status:trivial
@!!prover:tlapm
@!!already:false
@!!END

@!!BEGIN
@!!type:obligation
@!!id:1953
@!!loc:6481:53:6481:57
@!!status:trivial
@!!prover:tlapm
@!!already:false
@!!END

@!!BEGIN
@!!type:obligation
@!!id:1954
@!!loc:6476:38:6476:40
@!!status:proved
@!!prover:smt
@!!meth:time-limit: 60
@!!already:true
@!!END

@!!BEGIN
@!!type:obligation
@!!id:1955
@!!loc:6476:41:6476:45
@!!status:trivial
@!!prover:tlapm
@!!already:false
@!!END

@!!BEGIN
@!!type:obligation
@!!id:1956
@!!loc:6476:47:6476:51
@!!status:trivial
@!!prover:tlapm
@!!already:false
@!!END

@!!BEGIN
@!!type:obligation
@!!id:1957
@!!loc:6476:53:6476:58
@!!status:trivial
@!!prover:tlapm
@!!already:false
@!!END

@!!BEGIN
@!!type:obligation
@!!id:1958
@!!loc:6477:23:6477:25
@!!status:proved
@!!prover:smt
@!!meth:time-limit: 60
@!!already:true
@!!END

@!!BEGIN
@!!type:obligation
@!!id:1959
@!!loc:6477:26:6477:30
@!!status:trivial
@!!prover:tlapm
@!!already:false
@!!END

@!!BEGIN
@!!type:obligation
@!!id:1960
@!!loc:6477:32:6477:36
@!!status:trivial
@!!prover:tlapm
@!!already:false
@!!END

@!!BEGIN
@!!type:obligation
@!!id:1961
@!!loc:6478:62:6478:64
@!!status:proved
@!!prover:smt
@!!meth:time-limit: 60
@!!already:true
@!!END

@!!BEGIN
@!!type:obligation
@!!id:1962
@!!loc:6478:65:6478:69
@!!status:trivial
@!!prover:tlapm
@!!already:false
@!!END

@!!BEGIN
@!!type:obligation
@!!id:1963
@!!loc:6478:71:6478:76
@!!status:trivial
@!!prover:tlapm
@!!already:false
@!!END

@!!BEGIN
@!!type:obligation
@!!id:1965
@!!loc:6479:25:6479:29
@!!status:trivial
@!!prover:tlapm
@!!already:false
@!!END

@!!BEGIN
@!!type:obligation
@!!id:1966
@!!loc:6479:31:6479:35
@!!status:trivial
@!!prover:tlapm
@!!already:false
@!!END

@!!BEGIN
@!!type:obligation
@!!id:1967
@!!loc:6479:37:6479:41
@!!status:trivial
@!!prover:tlapm
@!!already:false
@!!END

@!!BEGIN
@!!type:obligation
@!!id:1968
@!!loc:6480:44:6480:46
@!!status:proved
@!!prover:smt
@!!meth:time-limit: 60
@!!already:true
@!!END

@!!BEGIN
@!!type:obligation
@!!id:1969
@!!loc:6480:47:6480:51
@!!status:trivial
@!!prover:tlapm
@!!already:false
@!!END

@!!BEGIN
@!!type:obligation
@!!id:1970
@!!loc:6480:53:6480:57
@!!status:trivial
@!!prover:tlapm
@!!already:false
@!!END

@!!BEGIN
@!!type:obligation
@!!id:1971
@!!loc:6480:59:6480:63
@!!status:trivial
@!!prover:tlapm
@!!already:false
@!!END

@!!BEGIN
@!!type:obligation
@!!id:1972
@!!loc:6480:65:6480:69
@!!status:trivial
@!!prover:tlapm
@!!already:false
@!!END

@!!BEGIN
@!!type:obligation
@!!id:1973
@!!loc:6480:71:6480:75
@!!status:trivial
@!!prover:tlapm
@!!already:false
@!!END

@!!BEGIN
@!!type:obligation
@!!id:1974
@!!loc:6480:77:6480:81
@!!status:trivial
@!!prover:tlapm
@!!already:false
@!!END

@!!BEGIN
@!!type:obligation
@!!id:1964
@!!loc:6479:22:6479:24
@!!status:proved
@!!prover:smt
@!!meth:time-limit: 60; time-used: 3.6 (6%)
@!!already:false
@!!END

@!!BEGIN
@!!type:obligation
@!!id:1976
@!!loc:6483:37:6483:41
@!!status:trivial
@!!prover:tlapm
@!!already:false
@!!END

@!!BEGIN
@!!type:obligation
@!!id:1977
@!!loc:6483:43:6483:47
@!!status:trivial
@!!prover:tlapm
@!!already:false
@!!END

@!!BEGIN
@!!type:obligation
@!!id:1978
@!!loc:6483:49:6483:53
@!!status:trivial
@!!prover:tlapm
@!!already:false
@!!END

@!!BEGIN
@!!type:obligation
@!!id:1979
@!!loc:6483:55:6483:60
@!!status:trivial
@!!prover:tlapm
@!!already:false
@!!END

@!!BEGIN
@!!type:obligation
@!!id:1980
@!!loc:6483:62:6483:66
@!!status:trivial
@!!prover:tlapm
@!!already:false
@!!END

@!!BEGIN
@!!type:obligation
@!!id:1982
@!!loc:6484:36:6484:40
@!!status:trivial
@!!prover:tlapm
@!!already:false
@!!END

@!!BEGIN
@!!type:obligation
@!!id:1983
@!!loc:6484:42:6484:46
@!!status:trivial
@!!prover:tlapm
@!!already:false
@!!END

@!!BEGIN
@!!type:obligation
@!!id:1981
@!!loc:6484:33:6484:35
@!!status:proved
@!!prover:smt
@!!meth:time-limit: 60; time-used: 0.6 (1%)
@!!already:false
@!!END

@!!BEGIN
@!!type:obligation
@!!id:1975
@!!loc:6483:34:6483:36
@!!status:proved
@!!prover:smt
@!!meth:time-limit: 60; time-used: 3.2 (5%)
@!!already:false
@!!END

@!!BEGIN
@!!type:obligation
@!!id:1984
@!!loc:6484:48:6484:52
@!!status:trivial
@!!prover:tlapm
@!!already:false
@!!END

@!!BEGIN
@!!type:obligation
@!!id:1985
@!!loc:6484:54:6484:59
@!!status:trivial
@!!prover:tlapm
@!!already:false
@!!END

@!!BEGIN
@!!type:obligation
@!!id:1986
@!!loc:6484:61:6484:65
@!!status:trivial
@!!prover:tlapm
@!!already:false
@!!END

@!!BEGIN
@!!type:obligation
@!!id:1988
@!!loc:6485:37:6485:41
@!!status:trivial
@!!prover:tlapm
@!!already:false
@!!END

@!!BEGIN
@!!type:obligation
@!!id:1989
@!!loc:6485:43:6485:47
@!!status:trivial
@!!prover:tlapm
@!!already:false
@!!END

@!!BEGIN
@!!type:obligation
@!!id:1990
@!!loc:6485:49:6485:53
@!!status:trivial
@!!prover:tlapm
@!!already:false
@!!END

@!!BEGIN
@!!type:obligation
@!!id:1991
@!!loc:6485:55:6485:60
@!!status:trivial
@!!prover:tlapm
@!!already:false
@!!END

@!!BEGIN
@!!type:obligation
@!!id:1992
@!!loc:6485:62:6485:66
@!!status:trivial
@!!prover:tlapm
@!!already:false
@!!END

@!!BEGIN
@!!type:obligation
@!!id:1993
@!!loc:6534:10:6534:12
@!!status:proved
@!!prover:smt
@!!meth:time-limit: 60
@!!already:true
@!!END

@!!BEGIN
@!!type:obligation
@!!id:1994
@!!loc:6534:13:6534:17
@!!status:trivial
@!!prover:tlapm
@!!already:false
@!!END

@!!BEGIN
@!!type:obligation
@!!id:1995
@!!loc:6534:19:6534:23
@!!status:trivial
@!!prover:tlapm
@!!already:false
@!!END

@!!BEGIN
@!!type:obligation
@!!id:1996
@!!loc:6492:47:6492:54
@!!status:proved
@!!prover:smt
@!!meth:time-limit: 60
@!!already:true
@!!END

@!!BEGIN
@!!type:obligation
@!!id:1997
@!!loc:6527:12:6527:14
@!!status:proved
@!!prover:smt
@!!meth:time-limit: 60
@!!already:true
@!!END

@!!BEGIN
@!!type:obligation
@!!id:1998
@!!loc:6527:15:6527:19
@!!status:trivial
@!!prover:tlapm
@!!already:false
@!!END

@!!BEGIN
@!!type:obligation
@!!id:1999
@!!loc:6527:21:6527:25
@!!status:trivial
@!!prover:tlapm
@!!already:false
@!!END

@!!BEGIN
@!!type:obligation
@!!id:2000
@!!loc:6527:27:6527:31
@!!status:trivial
@!!prover:tlapm
@!!already:false
@!!END

@!!BEGIN
@!!type:obligation
@!!id:2001
@!!loc:6494:14:6494:16
@!!status:proved
@!!prover:smt
@!!meth:time-limit: 60
@!!already:true
@!!END

@!!BEGIN
@!!type:obligation
@!!id:2002
@!!loc:6494:17:6494:21
@!!status:trivial
@!!prover:tlapm
@!!already:false
@!!END

@!!BEGIN
@!!type:obligation
@!!id:2003
@!!loc:6501:14:6501:16
@!!status:proved
@!!prover:smt
@!!meth:time-limit: 60
@!!already:true
@!!END

@!!BEGIN
@!!type:obligation
@!!id:2004
@!!loc:6501:17:6501:21
@!!status:trivial
@!!prover:tlapm
@!!already:false
@!!END

@!!BEGIN
@!!type:obligation
@!!id:2005
@!!loc:6501:23:6501:27
@!!status:trivial
@!!prover:tlapm
@!!already:false
@!!END

@!!BEGIN
@!!type:obligation
@!!id:1987
@!!loc:6485:34:6485:36
@!!status:proved
@!!prover:smt
@!!meth:time-limit: 60; time-used: 3.1 (5%)
@!!already:false
@!!END

@!!BEGIN
@!!type:obligation
@!!id:2006
@!!loc:6501:29:6501:33
@!!status:trivial
@!!prover:tlapm
@!!already:false
@!!END

@!!BEGIN
@!!type:obligation
@!!id:2007
@!!loc:6501:35:6501:39
@!!status:trivial
@!!prover:tlapm
@!!already:false
@!!END

@!!BEGIN
@!!type:obligation
@!!id:2008
@!!loc:6501:41:6501:45
@!!status:trivial
@!!prover:tlapm
@!!already:false
@!!END

@!!BEGIN
@!!type:obligation
@!!id:2009
@!!loc:6501:47:6501:51
@!!status:trivial
@!!prover:tlapm
@!!already:false
@!!END

@!!BEGIN
@!!type:obligation
@!!id:2010
@!!loc:6496:56:6496:58
@!!status:proved
@!!prover:smt
@!!meth:time-limit: 60
@!!already:true
@!!END

@!!BEGIN
@!!type:obligation
@!!id:2011
@!!loc:6496:59:6496:63
@!!status:trivial
@!!prover:tlapm
@!!already:false
@!!END

@!!BEGIN
@!!type:obligation
@!!id:2012
@!!loc:6496:65:6496:72
@!!status:trivial
@!!prover:tlapm
@!!already:false
@!!END

@!!BEGIN
@!!type:obligation
@!!id:2013
@!!loc:6497:56:6497:58
@!!status:proved
@!!prover:smt
@!!meth:time-limit: 60
@!!already:true
@!!END

@!!BEGIN
@!!type:obligation
@!!id:2014
@!!loc:6497:59:6497:63
@!!status:trivial
@!!prover:tlapm
@!!already:false
@!!END

@!!BEGIN
@!!type:obligation
@!!id:2015
@!!loc:6497:65:6497:72
@!!status:trivial
@!!prover:tlapm
@!!already:false
@!!END

@!!BEGIN
@!!type:obligation
@!!id:2016
@!!loc:6498:59:6498:61
@!!status:proved
@!!prover:smt
@!!meth:time-limit: 60
@!!already:true
@!!END

@!!BEGIN
@!!type:obligation
@!!id:2017
@!!loc:6498:62:6498:66
@!!status:trivial
@!!prover:tlapm
@!!already:false
@!!END

@!!BEGIN
@!!type:obligation
@!!id:2018
@!!loc:6498:68:6498:78
@!!status:trivial
@!!prover:tlapm
@!!already:false
@!!END

@!!BEGIN
@!!type:obligation
@!!id:2019
@!!loc:6499:79:6499:81
@!!status:proved
@!!prover:smt
@!!meth:time-limit: 60
@!!already:true
@!!END

@!!BEGIN
@!!type:obligation
@!!id:2020
@!!loc:6499:82:6499:86
@!!status:trivial
@!!prover:tlapm
@!!already:false
@!!END

@!!BEGIN
@!!type:obligation
@!!id:2021
@!!loc:6499:88:6499:98
@!!status:trivial
@!!prover:tlapm
@!!already:false
@!!END

@!!BEGIN
@!!type:obligation
@!!id:2022
@!!loc:6500:30:6500:32
@!!status:proved
@!!prover:smt
@!!meth:time-limit: 60
@!!already:true
@!!END

@!!BEGIN
@!!type:obligation
@!!id:2023
@!!loc:6500:33:6500:37
@!!status:trivial
@!!prover:tlapm
@!!already:false
@!!END

@!!BEGIN
@!!type:obligation
@!!id:2024
@!!loc:6500:39:6500:55
@!!status:trivial
@!!prover:tlapm
@!!already:false
@!!END

@!!BEGIN
@!!type:obligation
@!!id:2025
@!!loc:6524:14:6524:16
@!!status:proved
@!!prover:smt
@!!meth:time-limit: 60
@!!already:true
@!!END

@!!BEGIN
@!!type:obligation
@!!id:2026
@!!loc:6524:17:6524:21
@!!status:trivial
@!!prover:tlapm
@!!already:false
@!!END

@!!BEGIN
@!!type:obligation
@!!id:2027
@!!loc:6524:23:6524:27
@!!status:trivial
@!!prover:tlapm
@!!already:false
@!!END

@!!BEGIN
@!!type:obligation
@!!id:2028
@!!loc:6524:29:6524:33
@!!status:trivial
@!!prover:tlapm
@!!already:false
@!!END

@!!BEGIN
@!!type:obligation
@!!id:2029
@!!loc:6524:35:6524:39
@!!status:trivial
@!!prover:tlapm
@!!already:false
@!!END

@!!BEGIN
@!!type:obligation
@!!id:2030
@!!loc:6524:41:6524:45
@!!status:trivial
@!!prover:tlapm
@!!already:false
@!!END

@!!BEGIN
@!!type:obligation
@!!id:2031
@!!loc:6524:47:6524:51
@!!status:trivial
@!!prover:tlapm
@!!already:false
@!!END

@!!BEGIN
@!!type:obligation
@!!id:2032
@!!loc:6524:53:6524:57
@!!status:trivial
@!!prover:tlapm
@!!already:false
@!!END

@!!BEGIN
@!!type:obligation
@!!id:2033
@!!loc:6524:59:6524:63
@!!status:trivial
@!!prover:tlapm
@!!already:false
@!!END

@!!BEGIN
@!!type:obligation
@!!id:2034
@!!loc:6524:65:6524:69
@!!status:trivial
@!!prover:tlapm
@!!already:false
@!!END

@!!BEGIN
@!!type:obligation
@!!id:2035
@!!loc:6524:71:6524:75
@!!status:trivial
@!!prover:tlapm
@!!already:false
@!!END

@!!BEGIN
@!!type:obligation
@!!id:2036
@!!loc:6524:77:6524:82
@!!status:trivial
@!!prover:tlapm
@!!already:false
@!!END

@!!BEGIN
@!!type:obligation
@!!id:2037
@!!loc:6525:17:6525:22
@!!status:trivial
@!!prover:tlapm
@!!already:false
@!!END

@!!BEGIN
@!!type:obligation
@!!id:2038
@!!loc:6525:24:6525:29
@!!status:trivial
@!!prover:tlapm
@!!already:false
@!!END

@!!BEGIN
@!!type:obligation
@!!id:2039
@!!loc:6525:31:6525:36
@!!status:trivial
@!!prover:tlapm
@!!already:false
@!!END

@!!BEGIN
@!!type:obligation
@!!id:2040
@!!loc:6525:38:6525:43
@!!status:trivial
@!!prover:tlapm
@!!already:false
@!!END

@!!BEGIN
@!!type:obligation
@!!id:2041
@!!loc:6525:45:6525:50
@!!status:trivial
@!!prover:tlapm
@!!already:false
@!!END

@!!BEGIN
@!!type:obligation
@!!id:2042
@!!loc:6525:52:6525:57
@!!status:trivial
@!!prover:tlapm
@!!already:false
@!!END

@!!BEGIN
@!!type:obligation
@!!id:2043
@!!loc:6525:59:6525:64
@!!status:trivial
@!!prover:tlapm
@!!already:false
@!!END

@!!BEGIN
@!!type:obligation
@!!id:2044
@!!loc:6525:66:6525:71
@!!status:trivial
@!!prover:tlapm
@!!already:false
@!!END

@!!BEGIN
@!!type:obligation
@!!id:2045
@!!loc:6525:73:6525:78
@!!status:trivial
@!!prover:tlapm
@!!already:false
@!!END

@!!BEGIN
@!!type:obligation
@!!id:2046
@!!loc:6525:80:6525:85
@!!status:trivial
@!!prover:tlapm
@!!already:false
@!!END

@!!BEGIN
@!!type:obligation
@!!id:2047
@!!loc:6525:87:6525:92
@!!status:trivial
@!!prover:tlapm
@!!already:false
@!!END

@!!BEGIN
@!!type:obligation
@!!id:2048
@!!loc:6503:62:6503:64
@!!status:proved
@!!prover:smt
@!!meth:time-limit: 60
@!!already:true
@!!END

@!!BEGIN
@!!type:obligation
@!!id:2049
@!!loc:6503:65:6503:69
@!!status:trivial
@!!prover:tlapm
@!!already:false
@!!END

@!!BEGIN
@!!type:obligation
@!!id:2050
@!!loc:6503:71:6503:82
@!!status:trivial
@!!prover:tlapm
@!!already:false
@!!END

@!!BEGIN
@!!type:obligation
@!!id:2051
@!!loc:6504:61:6504:63
@!!status:proved
@!!prover:smt
@!!meth:time-limit: 60
@!!already:true
@!!END

@!!BEGIN
@!!type:obligation
@!!id:2052
@!!loc:6504:64:6504:68
@!!status:trivial
@!!prover:tlapm
@!!already:false
@!!END

@!!BEGIN
@!!type:obligation
@!!id:2053
@!!loc:6504:70:6504:80
@!!status:trivial
@!!prover:tlapm
@!!already:false
@!!END

@!!BEGIN
@!!type:obligation
@!!id:2054
@!!loc:6505:58:6505:60
@!!status:proved
@!!prover:smt
@!!meth:time-limit: 60
@!!already:true
@!!END

@!!BEGIN
@!!type:obligation
@!!id:2055
@!!loc:6505:61:6505:65
@!!status:trivial
@!!prover:tlapm
@!!already:false
@!!END

@!!BEGIN
@!!type:obligation
@!!id:2056
@!!loc:6505:67:6505:74
@!!status:trivial
@!!prover:tlapm
@!!already:false
@!!END

@!!BEGIN
@!!type:obligation
@!!id:2057
@!!loc:6506:58:6506:60
@!!status:proved
@!!prover:smt
@!!meth:time-limit: 60
@!!already:true
@!!END

@!!BEGIN
@!!type:obligation
@!!id:2058
@!!loc:6506:61:6506:65
@!!status:trivial
@!!prover:tlapm
@!!already:false
@!!END

@!!BEGIN
@!!type:obligation
@!!id:2059
@!!loc:6506:67:6506:74
@!!status:trivial
@!!prover:tlapm
@!!already:false
@!!END

@!!BEGIN
@!!type:obligation
@!!id:2060
@!!loc:6507:62:6507:64
@!!status:proved
@!!prover:smt
@!!meth:time-limit: 60
@!!already:true
@!!END

@!!BEGIN
@!!type:obligation
@!!id:2061
@!!loc:6507:65:6507:69
@!!status:trivial
@!!prover:tlapm
@!!already:false
@!!END

@!!BEGIN
@!!type:obligation
@!!id:2062
@!!loc:6507:71:6507:82
@!!status:trivial
@!!prover:tlapm
@!!already:false
@!!END

@!!BEGIN
@!!type:obligation
@!!id:2063
@!!loc:6508:59:6508:61
@!!status:proved
@!!prover:smt
@!!meth:time-limit: 60
@!!already:true
@!!END

@!!BEGIN
@!!type:obligation
@!!id:2064
@!!loc:6508:62:6508:66
@!!status:trivial
@!!prover:tlapm
@!!already:false
@!!END

@!!BEGIN
@!!type:obligation
@!!id:2065
@!!loc:6508:68:6508:76
@!!status:trivial
@!!prover:tlapm
@!!already:false
@!!END

@!!BEGIN
@!!type:obligation
@!!id:2066
@!!loc:6509:60:6509:62
@!!status:proved
@!!prover:smt
@!!meth:time-limit: 60
@!!already:true
@!!END

@!!BEGIN
@!!type:obligation
@!!id:2067
@!!loc:6509:63:6509:67
@!!status:trivial
@!!prover:tlapm
@!!already:false
@!!END

@!!BEGIN
@!!type:obligation
@!!id:2068
@!!loc:6509:69:6509:78
@!!status:trivial
@!!prover:tlapm
@!!already:false
@!!END

@!!BEGIN
@!!type:obligation
@!!id:2069
@!!loc:6510:61:6510:63
@!!status:proved
@!!prover:smt
@!!meth:time-limit: 60
@!!already:true
@!!END

@!!BEGIN
@!!type:obligation
@!!id:2070
@!!loc:6510:64:6510:68
@!!status:trivial
@!!prover:tlapm
@!!already:false
@!!END

@!!BEGIN
@!!type:obligation
@!!id:2071
@!!loc:6510:70:6510:80
@!!status:trivial
@!!prover:tlapm
@!!already:false
@!!END

@!!BEGIN
@!!type:obligation
@!!id:2072
@!!loc:6511:61:6511:63
@!!status:proved
@!!prover:smt
@!!meth:time-limit: 60
@!!already:true
@!!END

@!!BEGIN
@!!type:obligation
@!!id:2073
@!!loc:6511:64:6511:68
@!!status:trivial
@!!prover:tlapm
@!!already:false
@!!END

@!!BEGIN
@!!type:obligation
@!!id:2074
@!!loc:6511:70:6511:80
@!!status:trivial
@!!prover:tlapm
@!!already:false
@!!END

@!!BEGIN
@!!type:obligation
@!!id:2075
@!!loc:6512:61:6512:63
@!!status:proved
@!!prover:smt
@!!meth:time-limit: 60
@!!already:true
@!!END

@!!BEGIN
@!!type:obligation
@!!id:2076
@!!loc:6512:64:6512:69
@!!status:trivial
@!!prover:tlapm
@!!already:false
@!!END

@!!BEGIN
@!!type:obligation
@!!id:2077
@!!loc:6512:71:6512:80
@!!status:trivial
@!!prover:tlapm
@!!already:false
@!!END

@!!BEGIN
@!!type:obligation
@!!id:2078
@!!loc:6513:62:6513:64
@!!status:proved
@!!prover:smt
@!!meth:time-limit: 60
@!!already:true
@!!END

@!!BEGIN
@!!type:obligation
@!!id:2079
@!!loc:6513:65:6513:70
@!!status:trivial
@!!prover:tlapm
@!!already:false
@!!END

@!!BEGIN
@!!type:obligation
@!!id:2080
@!!loc:6513:72:6513:82
@!!status:trivial
@!!prover:tlapm
@!!already:false
@!!END

@!!BEGIN
@!!type:obligation
@!!id:2081
@!!loc:6514:59:6514:61
@!!status:proved
@!!prover:smt
@!!meth:time-limit: 60
@!!already:true
@!!END

@!!BEGIN
@!!type:obligation
@!!id:2082
@!!loc:6514:62:6514:67
@!!status:trivial
@!!prover:tlapm
@!!already:false
@!!END

@!!BEGIN
@!!type:obligation
@!!id:2083
@!!loc:6514:69:6514:76
@!!status:trivial
@!!prover:tlapm
@!!already:false
@!!END

@!!BEGIN
@!!type:obligation
@!!id:2084
@!!loc:6515:67:6515:69
@!!status:proved
@!!prover:smt
@!!meth:time-limit: 60
@!!already:true
@!!END

@!!BEGIN
@!!type:obligation
@!!id:2085
@!!loc:6515:70:6515:75
@!!status:trivial
@!!prover:tlapm
@!!already:false
@!!END

@!!BEGIN
@!!type:obligation
@!!id:2086
@!!loc:6515:77:6515:92
@!!status:trivial
@!!prover:tlapm
@!!already:false
@!!END

@!!BEGIN
@!!type:obligation
@!!id:2087
@!!loc:6516:67:6516:69
@!!status:proved
@!!prover:smt
@!!meth:time-limit: 60
@!!already:true
@!!END

@!!BEGIN
@!!type:obligation
@!!id:2088
@!!loc:6516:70:6516:75
@!!status:trivial
@!!prover:tlapm
@!!already:false
@!!END

@!!BEGIN
@!!type:obligation
@!!id:2089
@!!loc:6516:77:6516:92
@!!status:trivial
@!!prover:tlapm
@!!already:false
@!!END

@!!BEGIN
@!!type:obligation
@!!id:2090
@!!loc:6517:68:6517:70
@!!status:proved
@!!prover:smt
@!!meth:time-limit: 60
@!!already:true
@!!END

@!!BEGIN
@!!type:obligation
@!!id:2091
@!!loc:6517:71:6517:76
@!!status:trivial
@!!prover:tlapm
@!!already:false
@!!END

@!!BEGIN
@!!type:obligation
@!!id:2092
@!!loc:6517:78:6517:94
@!!status:trivial
@!!prover:tlapm
@!!already:false
@!!END

@!!BEGIN
@!!type:obligation
@!!id:2093
@!!loc:6518:64:6518:66
@!!status:proved
@!!prover:smt
@!!meth:time-limit: 60
@!!already:true
@!!END

@!!BEGIN
@!!type:obligation
@!!id:2094
@!!loc:6518:67:6518:72
@!!status:trivial
@!!prover:tlapm
@!!already:false
@!!END

@!!BEGIN
@!!type:obligation
@!!id:2095
@!!loc:6518:74:6518:86
@!!status:trivial
@!!prover:tlapm
@!!already:false
@!!END

@!!BEGIN
@!!type:obligation
@!!id:2096
@!!loc:6519:64:6519:66
@!!status:proved
@!!prover:smt
@!!meth:time-limit: 60
@!!already:true
@!!END

@!!BEGIN
@!!type:obligation
@!!id:2097
@!!loc:6519:67:6519:72
@!!status:trivial
@!!prover:tlapm
@!!already:false
@!!END

@!!BEGIN
@!!type:obligation
@!!id:2098
@!!loc:6519:74:6519:86
@!!status:trivial
@!!prover:tlapm
@!!already:false
@!!END

@!!BEGIN
@!!type:obligation
@!!id:2099
@!!loc:6520:79:6520:81
@!!status:proved
@!!prover:smt
@!!meth:time-limit: 60
@!!already:true
@!!END

@!!BEGIN
@!!type:obligation
@!!id:2100
@!!loc:6520:82:6520:87
@!!status:trivial
@!!prover:tlapm
@!!already:false
@!!END

@!!BEGIN
@!!type:obligation
@!!id:2101
@!!loc:6520:89:6520:96
@!!status:trivial
@!!prover:tlapm
@!!already:false
@!!END

@!!BEGIN
@!!type:obligation
@!!id:2102
@!!loc:6521:81:6521:83
@!!status:proved
@!!prover:smt
@!!meth:time-limit: 60
@!!already:true
@!!END

@!!BEGIN
@!!type:obligation
@!!id:2103
@!!loc:6521:84:6521:89
@!!status:trivial
@!!prover:tlapm
@!!already:false
@!!END

@!!BEGIN
@!!type:obligation
@!!id:2104
@!!loc:6521:91:6521:100
@!!status:trivial
@!!prover:tlapm
@!!already:false
@!!END

@!!BEGIN
@!!type:obligation
@!!id:2105
@!!loc:6522:81:6522:83
@!!status:proved
@!!prover:smt
@!!meth:time-limit: 60
@!!already:true
@!!END

@!!BEGIN
@!!type:obligation
@!!id:2106
@!!loc:6522:84:6522:89
@!!status:trivial
@!!prover:tlapm
@!!already:false
@!!END

@!!BEGIN
@!!type:obligation
@!!id:2107
@!!loc:6522:91:6522:100
@!!status:trivial
@!!prover:tlapm
@!!already:false
@!!END

@!!BEGIN
@!!type:obligation
@!!id:2108
@!!loc:6523:82:6523:84
@!!status:proved
@!!prover:smt
@!!meth:time-limit: 60
@!!already:true
@!!END

@!!BEGIN
@!!type:obligation
@!!id:2109
@!!loc:6523:85:6523:90
@!!status:trivial
@!!prover:tlapm
@!!already:false
@!!END

@!!BEGIN
@!!type:obligation
@!!id:2110
@!!loc:6523:92:6523:100
@!!status:trivial
@!!prover:tlapm
@!!already:false
@!!END

@!!BEGIN
@!!type:obligation
@!!id:2111
@!!loc:6533:12:6533:14
@!!status:proved
@!!prover:smt
@!!meth:time-limit: 60
@!!already:true
@!!END

@!!BEGIN
@!!type:obligation
@!!id:2112
@!!loc:6533:15:6533:19
@!!status:trivial
@!!prover:tlapm
@!!already:false
@!!END

@!!BEGIN
@!!type:obligation
@!!id:2113
@!!loc:6533:21:6533:25
@!!status:trivial
@!!prover:tlapm
@!!already:false
@!!END

@!!BEGIN
@!!type:obligation
@!!id:2114
@!!loc:6533:27:6533:31
@!!status:trivial
@!!prover:tlapm
@!!already:false
@!!END

@!!BEGIN
@!!type:obligation
@!!id:2115
@!!loc:6533:33:6533:37
@!!status:trivial
@!!prover:tlapm
@!!already:false
@!!END

@!!BEGIN
@!!type:obligation
@!!id:2116
@!!loc:6529:22:6529:24
@!!status:proved
@!!prover:smt
@!!meth:time-limit: 60
@!!already:true
@!!END

@!!BEGIN
@!!type:obligation
@!!id:2117
@!!loc:6529:25:6529:29
@!!status:trivial
@!!prover:tlapm
@!!already:false
@!!END

@!!BEGIN
@!!type:obligation
@!!id:2118
@!!loc:6530:18:6530:20
@!!status:proved
@!!prover:smt
@!!meth:time-limit: 60
@!!already:true
@!!END

@!!BEGIN
@!!type:obligation
@!!id:2119
@!!loc:6530:21:6530:25
@!!status:trivial
@!!prover:tlapm
@!!already:false
@!!END

@!!BEGIN
@!!type:obligation
@!!id:2120
@!!loc:6530:27:6530:33
@!!status:trivial
@!!prover:tlapm
@!!already:false
@!!END

@!!BEGIN
@!!type:obligation
@!!id:2121
@!!loc:6531:20:6531:22
@!!status:proved
@!!prover:smt
@!!meth:time-limit: 60
@!!already:true
@!!END

@!!BEGIN
@!!type:obligation
@!!id:2122
@!!loc:6531:23:6531:27
@!!status:trivial
@!!prover:tlapm
@!!already:false
@!!END

@!!BEGIN
@!!type:obligation
@!!id:2123
@!!loc:6531:29:6531:37
@!!status:trivial
@!!prover:tlapm
@!!already:false
@!!END

@!!BEGIN
@!!type:obligation
@!!id:2124
@!!loc:6532:78:6532:80
@!!status:proved
@!!prover:smt
@!!meth:time-limit: 60
@!!already:true
@!!END

@!!BEGIN
@!!type:obligation
@!!id:2125
@!!loc:6532:81:6532:85
@!!status:trivial
@!!prover:tlapm
@!!already:false
@!!END

@!!BEGIN
@!!type:obligation
@!!id:2126
@!!loc:6532:87:6532:94
@!!status:trivial
@!!prover:tlapm
@!!already:false
@!!END

@!!BEGIN
@!!type:obligation
@!!id:2127
@!!loc:6548:10:6548:12
@!!status:proved
@!!prover:ls4
@!!meth:time-limit: 120
@!!already:true
@!!END

@!!BEGIN
@!!type:obligation
@!!id:2128
@!!loc:6548:13:6548:17
@!!status:trivial
@!!prover:tlapm
@!!already:false
@!!END

@!!BEGIN
@!!type:obligation
@!!id:2129
@!!loc:6548:19:6548:23
@!!status:trivial
@!!prover:tlapm
@!!already:false
@!!END

@!!BEGIN
@!!type:obligation
@!!id:2130
@!!loc:6548:25:6548:28
@!!status:trivial
@!!prover:tlapm
@!!already:false
@!!END

@!!BEGIN
@!!type:obligation
@!!id:2131
@!!loc:6537:21:6537:23
@!!status:proved
@!!prover:smt
@!!meth:time-limit: 60
@!!already:true
@!!END

@!!BEGIN
@!!type:obligation
@!!id:2132
@!!loc:6537:24:6537:31
@!!status:trivial
@!!prover:tlapm
@!!already:false
@!!END

@!!BEGIN
@!!type:obligation
@!!id:2133
@!!loc:6547:12:6547:14
@!!status:proved
@!!prover:smt
@!!meth:time-limit: 60
@!!already:true
@!!END

@!!BEGIN
@!!type:obligation
@!!id:2134
@!!loc:6547:15:6547:19
@!!status:trivial
@!!prover:tlapm
@!!already:false
@!!END

@!!BEGIN
@!!type:obligation
@!!id:2135
@!!loc:6547:21:6547:25
@!!status:trivial
@!!prover:tlapm
@!!already:false
@!!END

@!!BEGIN
@!!type:obligation
@!!id:2136
@!!loc:6539:33:6539:35
@!!status:proved
@!!prover:smt
@!!meth:time-limit: 60
@!!already:true
@!!END

@!!BEGIN
@!!type:obligation
@!!id:2137
@!!loc:6539:36:6539:43
@!!status:trivial
@!!prover:tlapm
@!!already:false
@!!END

@!!BEGIN
@!!type:obligation
@!!id:2139
@!!loc:6546:17:6546:21
@!!status:trivial
@!!prover:tlapm
@!!already:false
@!!END

@!!BEGIN
@!!type:obligation
@!!id:2140
@!!loc:6546:23:6546:27
@!!status:trivial
@!!prover:tlapm
@!!already:false
@!!END

@!!BEGIN
@!!type:obligation
@!!id:2141
@!!loc:6546:29:6546:33
@!!status:trivial
@!!prover:tlapm
@!!already:false
@!!END

@!!BEGIN
@!!type:obligation
@!!id:2142
@!!loc:6546:35:6546:39
@!!status:trivial
@!!prover:tlapm
@!!already:false
@!!END

@!!BEGIN
@!!type:obligation
@!!id:2138
@!!loc:6546:14:6546:16
@!!status:proved
@!!prover:smt
@!!meth:time-limit: 60; time-used: 3.8 (6%)
@!!already:false
@!!END

@!!BEGIN
@!!type:obligation
@!!id:2145
@!!loc:6543:45:6543:51
@!!status:trivial
@!!prover:tlapm
@!!already:false
@!!END

@!!BEGIN
@!!type:obligation
@!!id:2147
@!!loc:6544:45:6544:51
@!!status:trivial
@!!prover:tlapm
@!!already:false
@!!END

@!!BEGIN
@!!type:obligation
@!!id:2146
@!!loc:6544:42:6544:44
@!!status:proved
@!!prover:smt
@!!meth:time-limit: 60; time-used: 0.9 (1%)
@!!already:false
@!!END

@!!BEGIN
@!!type:obligation
@!!id:2144
@!!loc:6543:42:6543:44
@!!status:proved
@!!prover:smt
@!!meth:time-limit: 60; time-used: 1.5 (3%)
@!!already:false
@!!END

@!!BEGIN
@!!type:obligation
@!!id:2143
@!!loc:6542:7:6542:9
@!!status:proved
@!!prover:smt
@!!meth:time-limit: 60; time-used: 2.2 (4%)
@!!already:false
@!!END

@!!BEGIN
@!!type:obligation
@!!id:2149
@!!loc:6545:45:6545:51
@!!status:trivial
@!!prover:tlapm
@!!already:false
@!!END

@!!BEGIN
@!!type:obligation
@!!id:2151
@!!loc:6562:13:6562:17
@!!status:trivial
@!!prover:tlapm
@!!already:false
@!!END

@!!BEGIN
@!!type:obligation
@!!id:2152
@!!loc:6562:19:6562:23
@!!status:trivial
@!!prover:tlapm
@!!already:false
@!!END

@!!BEGIN
@!!type:obligation
@!!id:2153
@!!loc:6562:25:6562:29
@!!status:trivial
@!!prover:tlapm
@!!already:false
@!!END

@!!BEGIN
@!!type:obligation
@!!id:2154
@!!loc:6557:3:6557:5
@!!status:proved
@!!prover:smt
@!!meth:time-limit: 60; time-used: 0.5 (1%)
@!!already:false
@!!END

@!!BEGIN
@!!type:obligation
@!!id:2150
@!!loc:6562:10:6562:12
@!!status:proved
@!!prover:smt
@!!meth:time-limit: 60; time-used: 2.0 (3%)
@!!already:false
@!!END

@!!BEGIN
@!!type:obligation
@!!id:2148
@!!loc:6545:42:6545:44
@!!status:proved
@!!prover:smt
@!!meth:time-limit: 60; time-used: 2.9 (5%)
@!!already:false
@!!END

@!!BEGIN
@!!type:obligation
@!!id:2156
@!!loc:6558:47:6558:59
@!!status:trivial
@!!prover:tlapm
@!!already:false
@!!END

@!!BEGIN
@!!type:obligation
@!!id:2158
@!!loc:6559:89:6559:93
@!!status:trivial
@!!prover:tlapm
@!!already:false
@!!END

@!!BEGIN
@!!type:obligation
@!!id:2160
@!!loc:6560:86:6560:90
@!!status:trivial
@!!prover:tlapm
@!!already:false
@!!END

@!!BEGIN
@!!type:obligation
@!!id:2159
@!!loc:6560:83:6560:85
@!!status:proved
@!!prover:smt
@!!meth:time-limit: 60; time-used: 1.3 (2%)
@!!already:false
@!!END

@!!BEGIN
@!!type:obligation
@!!id:2157
@!!loc:6559:86:6559:88
@!!status:proved
@!!prover:smt
@!!meth:time-limit: 60; time-used: 2.1 (3%)
@!!already:false
@!!END

@!!BEGIN
@!!type:obligation
@!!id:2155
@!!loc:6558:44:6558:46
@!!status:proved
@!!prover:smt
@!!meth:time-limit: 60; time-used: 3.3 (5%)
@!!already:false
@!!END

@!!BEGIN
@!!type:obligation
@!!id:2162
@!!loc:6561:29:6561:33
@!!status:trivial
@!!prover:tlapm
@!!already:false
@!!END

@!!BEGIN
@!!type:obligation
@!!id:2163
@!!loc:6561:35:6561:39
@!!status:trivial
@!!prover:tlapm
@!!already:false
@!!END

@!!BEGIN
@!!type:obligation
@!!id:2165
@!!loc:6580:13:6580:17
@!!status:trivial
@!!prover:tlapm
@!!already:false
@!!END

@!!BEGIN
@!!type:obligation
@!!id:2166
@!!loc:6580:19:6580:23
@!!status:trivial
@!!prover:tlapm
@!!already:false
@!!END

@!!BEGIN
@!!type:obligation
@!!id:2167
@!!loc:6580:25:6580:29
@!!status:trivial
@!!prover:tlapm
@!!already:false
@!!END

@!!BEGIN
@!!type:obligation
@!!id:2168
@!!loc:6570:3:6570:5
@!!status:proved
@!!prover:smt
@!!meth:time-limit: 60; time-used: 0.8 (1%)
@!!already:false
@!!END

@!!BEGIN
@!!type:obligation
@!!id:2164
@!!loc:6580:10:6580:12
@!!status:proved
@!!prover:smt
@!!meth:time-limit: 60; time-used: 2.1 (4%)
@!!already:false
@!!END

@!!BEGIN
@!!type:obligation
@!!id:2161
@!!loc:6561:26:6561:28
@!!status:proved
@!!prover:smt
@!!meth:time-limit: 60; time-used: 3.5 (6%)
@!!already:false
@!!END

@!!BEGIN
@!!type:obligation
@!!id:2170
@!!loc:6571:24:6571:38
@!!status:trivial
@!!prover:tlapm
@!!already:false
@!!END

@!!BEGIN
@!!type:obligation
@!!id:2172
@!!loc:6572:51:6572:63
@!!status:trivial
@!!prover:tlapm
@!!already:false
@!!END

@!!BEGIN
@!!type:obligation
@!!id:2171
@!!loc:6572:48:6572:50
@!!status:proved
@!!prover:smt
@!!meth:time-limit: 60; time-used: 2.3 (4%)
@!!already:false
@!!END

@!!BEGIN
@!!type:obligation
@!!id:2169
@!!loc:6571:21:6571:23
@!!status:proved
@!!prover:smt
@!!meth:time-limit: 60; time-used: 3.1 (5%)
@!!already:false
@!!END

@!!BEGIN
@!!type:obligation
@!!id:2174
@!!loc:6573:41:6573:45
@!!status:trivial
@!!prover:tlapm
@!!already:false
@!!END

@!!BEGIN
@!!type:obligation
@!!id:2173
@!!loc:6573:38:6573:40
@!!status:proved
@!!prover:smt
@!!meth:time-limit: 60; time-used: 6.7 (11%)
@!!already:false
@!!END

@!!BEGIN
@!!type:obligation
@!!id:2176
@!!loc:6574:52:6574:56
@!!status:trivial
@!!prover:tlapm
@!!already:false
@!!END

@!!BEGIN
@!!type:obligation
@!!id:2177
@!!loc:6574:58:6574:70
@!!status:trivial
@!!prover:tlapm
@!!already:false
@!!END

@!!BEGIN
@!!type:obligation
@!!id:2179
@!!loc:6576:6:6576:10
@!!status:trivial
@!!prover:tlapm
@!!already:false
@!!END

@!!BEGIN
@!!type:obligation
@!!id:2181
@!!loc:6577:29:6577:33
@!!status:trivial
@!!prover:tlapm
@!!already:false
@!!END

@!!BEGIN
@!!type:obligation
@!!id:2180
@!!loc:6577:26:6577:28
@!!status:proved
@!!prover:smt
@!!meth:time-limit: 60; time-used: 0.5 (1%)
@!!already:false
@!!END

@!!BEGIN
@!!type:obligation
@!!id:2178
@!!loc:6576:3:6576:5
@!!status:proved
@!!prover:smt
@!!meth:time-limit: 60; time-used: 1.6 (3%)
@!!already:false
@!!END

@!!BEGIN
@!!type:obligation
@!!id:2175
@!!loc:6574:49:6574:51
@!!status:proved
@!!prover:smt
@!!meth:time-limit: 60; time-used: 3.2 (5%)
@!!already:false
@!!END

@!!BEGIN
@!!type:obligation
@!!id:2182
@!!loc:6577:35:6577:39
@!!status:trivial
@!!prover:tlapm
@!!already:false
@!!END

@!!BEGIN
@!!type:obligation
@!!id:2183
@!!loc:6577:41:6577:45
@!!status:trivial
@!!prover:tlapm
@!!already:false
@!!END

@!!BEGIN
@!!type:obligation
@!!id:2184
@!!loc:6577:47:6577:51
@!!status:trivial
@!!prover:tlapm
@!!already:false
@!!END

@!!BEGIN
@!!type:obligation
@!!id:2186
@!!loc:6578:86:6578:90
@!!status:trivial
@!!prover:tlapm
@!!already:false
@!!END

@!!BEGIN
@!!type:obligation
@!!id:2188
@!!loc:6579:29:6579:33
@!!status:trivial
@!!prover:tlapm
@!!already:false
@!!END

@!!BEGIN
@!!type:obligation
@!!id:2189
@!!loc:6579:35:6579:39
@!!status:trivial
@!!prover:tlapm
@!!already:false
@!!END

@!!BEGIN
@!!type:obligation
@!!id:2190
@!!loc:6579:41:6579:45
@!!status:trivial
@!!prover:tlapm
@!!already:false
@!!END

@!!BEGIN
@!!type:obligation
@!!id:2191
@!!loc:6583:1:6583:3
@!!status:proved
@!!prover:ls4
@!!meth:time-limit: 120
@!!already:true
@!!END

@!!BEGIN
@!!type:obligation
@!!id:2192
@!!loc:6583:4:6583:15
@!!status:trivial
@!!prover:tlapm
@!!already:false
@!!END

@!!BEGIN
@!!type:obligation
@!!id:2193
@!!loc:6583:17:6583:35
@!!status:trivial
@!!prover:tlapm
@!!already:false
@!!END

@!!BEGIN
@!!type:obligation
@!!id:2194
@!!loc:6583:37:6583:40
@!!status:trivial
@!!prover:tlapm
@!!already:false
@!!END

@!!BEGIN
@!!type:obligation
@!!id:2195
@!!loc:6586:1:6586:3
@!!status:proved
@!!prover:ls4
@!!meth:time-limit: 120
@!!already:true
@!!END

@!!BEGIN
@!!type:obligation
@!!id:2196
@!!loc:6586:4:6586:15
@!!status:trivial
@!!prover:tlapm
@!!already:false
@!!END

@!!BEGIN
@!!type:obligation
@!!id:2197
@!!loc:6586:17:6586:33
@!!status:trivial
@!!prover:tlapm
@!!already:false
@!!END

@!!BEGIN
@!!type:obligation
@!!id:2198
@!!loc:6586:35:6586:38
@!!status:trivial
@!!prover:tlapm
@!!already:false
@!!END

@!!BEGIN
@!!type:obligation
@!!id:2187
@!!loc:6579:26:6579:28
@!!status:proved
@!!prover:smt
@!!meth:time-limit: 60; time-used: 1.8 (3%)
@!!already:false
@!!END

@!!BEGIN
@!!type:obligation
@!!id:2185
@!!loc:6578:83:6578:85
@!!status:proved
@!!prover:smt
@!!meth:time-limit: 60; time-used: 3.1 (5%)
@!!already:false
@!!END

(* created new ".tlacache/LeanP1Proof.tlaps/LeanP1Proof.thy" *)
(* fingerprints written in ".tlacache/LeanP1Proof.tlaps/fingerprints" *)
File "./LeanP1Proof.tla", line 1, character 1 to line 6587, character 78:
[INFO]: All 2191 obligations proved.
WALL 545.43 s MAXRSS 2336480 kB rc 0
PROOFDONE 21:17:22Z
