M5 RUN 2 2026-10-08T14:49:35Z lines 7198-8048
a5812043199df3034338ac0716c5d31f  LeanP1Proof.tla
9a06fcbf8f186a0c4f1e5e92a44c0bd8  LeanP1Anc.tla

\* TLAPM version bfa9468
\* launched at 2026-10-08 14:49:35 with command line:
\* /mnt/nvme/tlaps/unpack/tlapm/bin/tlapm --toolbox 7198 8048 --method smt --stretch 12 --threads 4 -k LeanP1Proof.tla

(* loading fingerprints in ".tlacache/LeanP1Proof.tlaps/fingerprints" *)
@!!BEGIN
@!!type:obligation
@!!id:1
@!!loc:7238:1:7238:3
@!!status:to be proved
@!!END

@!!BEGIN
@!!type:obligation
@!!id:2
@!!loc:7241:1:7241:3
@!!status:to be proved
@!!END

@!!BEGIN
@!!type:obligation
@!!id:3
@!!loc:7247:1:7247:3
@!!status:to be proved
@!!END

@!!BEGIN
@!!type:obligation
@!!id:4
@!!loc:7253:1:7253:3
@!!status:to be proved
@!!END

@!!BEGIN
@!!type:obligation
@!!id:5
@!!loc:7325:10:7325:12
@!!status:to be proved
@!!END

@!!BEGIN
@!!type:obligation
@!!id:6
@!!loc:7325:13:7325:17
@!!status:to be proved
@!!END

@!!BEGIN
@!!type:obligation
@!!id:7
@!!loc:7325:19:7325:23
@!!status:to be proved
@!!END

@!!BEGIN
@!!type:obligation
@!!id:8
@!!loc:7325:25:7325:29
@!!status:to be proved
@!!END

@!!BEGIN
@!!type:obligation
@!!id:9
@!!loc:7325:31:7325:35
@!!status:to be proved
@!!END

@!!BEGIN
@!!type:obligation
@!!id:10
@!!loc:7258:42:7258:44
@!!status:to be proved
@!!END

@!!BEGIN
@!!type:obligation
@!!id:11
@!!loc:7258:45:7258:52
@!!status:to be proved
@!!END

@!!BEGIN
@!!type:obligation
@!!id:12
@!!loc:7266:12:7266:14
@!!status:to be proved
@!!END

@!!BEGIN
@!!type:obligation
@!!id:13
@!!loc:7266:15:7266:19
@!!status:to be proved
@!!END

@!!BEGIN
@!!type:obligation
@!!id:14
@!!loc:7266:21:7266:25
@!!status:to be proved
@!!END

@!!BEGIN
@!!type:obligation
@!!id:15
@!!loc:7266:27:7266:31
@!!status:to be proved
@!!END

@!!BEGIN
@!!type:obligation
@!!id:16
@!!loc:7261:5:7261:7
@!!status:to be proved
@!!END

@!!BEGIN
@!!type:obligation
@!!id:17
@!!loc:7262:25:7262:27
@!!status:to be proved
@!!END

@!!BEGIN
@!!type:obligation
@!!id:18
@!!loc:7263:38:7263:40
@!!status:to be proved
@!!END

@!!BEGIN
@!!type:obligation
@!!id:19
@!!loc:7263:41:7263:45
@!!status:to be proved
@!!END

@!!BEGIN
@!!type:obligation
@!!id:20
@!!loc:7264:42:7264:44
@!!status:to be proved
@!!END

@!!BEGIN
@!!type:obligation
@!!id:21
@!!loc:7265:26:7265:28
@!!status:to be proved
@!!END

@!!BEGIN
@!!type:obligation
@!!id:22
@!!loc:7265:29:7265:33
@!!status:to be proved
@!!END

@!!BEGIN
@!!type:obligation
@!!id:23
@!!loc:7265:35:7265:39
@!!status:to be proved
@!!END

@!!BEGIN
@!!type:obligation
@!!id:24
@!!loc:7288:12:7288:14
@!!status:to be proved
@!!END

@!!BEGIN
@!!type:obligation
@!!id:25
@!!loc:7288:15:7288:19
@!!status:to be proved
@!!END

@!!BEGIN
@!!type:obligation
@!!id:26
@!!loc:7288:21:7288:25
@!!status:to be proved
@!!END

@!!BEGIN
@!!type:obligation
@!!id:27
@!!loc:7270:5:7270:7
@!!status:to be proved
@!!END

@!!BEGIN
@!!type:obligation
@!!id:28
@!!loc:7276:14:7276:16
@!!status:to be proved
@!!END

@!!BEGIN
@!!type:obligation
@!!id:29
@!!loc:7276:17:7276:21
@!!status:to be proved
@!!END

@!!BEGIN
@!!type:obligation
@!!id:30
@!!loc:7276:23:7276:27
@!!status:to be proved
@!!END

@!!BEGIN
@!!type:obligation
@!!id:31
@!!loc:7276:29:7276:33
@!!status:to be proved
@!!END

@!!BEGIN
@!!type:obligation
@!!id:32
@!!loc:7272:50:7272:52
@!!status:to be proved
@!!END

@!!BEGIN
@!!type:obligation
@!!id:33
@!!loc:7272:53:7272:57
@!!status:to be proved
@!!END

@!!BEGIN
@!!type:obligation
@!!id:34
@!!loc:7272:59:7272:63
@!!status:to be proved
@!!END

@!!BEGIN
@!!type:obligation
@!!id:35
@!!loc:7273:78:7273:80
@!!status:to be proved
@!!END

@!!BEGIN
@!!type:obligation
@!!id:36
@!!loc:7274:35:7274:37
@!!status:to be proved
@!!END

@!!BEGIN
@!!type:obligation
@!!id:37
@!!loc:7274:38:7274:42
@!!status:to be proved
@!!END

@!!BEGIN
@!!type:obligation
@!!id:38
@!!loc:7275:57:7275:59
@!!status:to be proved
@!!END

@!!BEGIN
@!!type:obligation
@!!id:39
@!!loc:7275:60:7275:64
@!!status:to be proved
@!!END

@!!BEGIN
@!!type:obligation
@!!id:40
@!!loc:7275:66:7275:70
@!!status:to be proved
@!!END

@!!BEGIN
@!!type:obligation
@!!id:41
@!!loc:7287:14:7287:16
@!!status:to be proved
@!!END

@!!BEGIN
@!!type:obligation
@!!id:42
@!!loc:7287:17:7287:21
@!!status:to be proved
@!!END

@!!BEGIN
@!!type:obligation
@!!id:43
@!!loc:7287:23:7287:27
@!!status:to be proved
@!!END

@!!BEGIN
@!!type:obligation
@!!id:44
@!!loc:7278:40:7278:42
@!!status:to be proved
@!!END

@!!BEGIN
@!!type:obligation
@!!id:45
@!!loc:7278:43:7278:47
@!!status:to be proved
@!!END

@!!BEGIN
@!!type:obligation
@!!id:46
@!!loc:7281:16:7281:18
@!!status:to be proved
@!!END

@!!BEGIN
@!!type:obligation
@!!id:47
@!!loc:7281:19:7281:23
@!!status:to be proved
@!!END

@!!BEGIN
@!!type:obligation
@!!id:48
@!!loc:7281:25:7281:29
@!!status:to be proved
@!!END

@!!BEGIN
@!!type:obligation
@!!id:49
@!!loc:7281:31:7281:35
@!!status:to be proved
@!!END

@!!BEGIN
@!!type:obligation
@!!id:50
@!!loc:7280:30:7280:32
@!!status:to be proved
@!!END

@!!BEGIN
@!!type:obligation
@!!id:51
@!!loc:7280:33:7280:37
@!!status:to be proved
@!!END

@!!BEGIN
@!!type:obligation
@!!id:52
@!!loc:7280:39:7280:43
@!!status:to be proved
@!!END

@!!BEGIN
@!!type:obligation
@!!id:53
@!!loc:7286:16:7286:18
@!!status:to be proved
@!!END

@!!BEGIN
@!!type:obligation
@!!id:54
@!!loc:7286:19:7286:23
@!!status:to be proved
@!!END

@!!BEGIN
@!!type:obligation
@!!id:55
@!!loc:7286:25:7286:29
@!!status:to be proved
@!!END

@!!BEGIN
@!!type:obligation
@!!id:56
@!!loc:7286:31:7286:35
@!!status:to be proved
@!!END

@!!BEGIN
@!!type:obligation
@!!id:57
@!!loc:7286:37:7286:41
@!!status:to be proved
@!!END

@!!BEGIN
@!!type:obligation
@!!id:58
@!!loc:7283:27:7283:29
@!!status:to be proved
@!!END

@!!BEGIN
@!!type:obligation
@!!id:59
@!!loc:7283:30:7283:34
@!!status:to be proved
@!!END

@!!BEGIN
@!!type:obligation
@!!id:60
@!!loc:7284:33:7284:35
@!!status:to be proved
@!!END

@!!BEGIN
@!!type:obligation
@!!id:61
@!!loc:7284:36:7284:40
@!!status:to be proved
@!!END

@!!BEGIN
@!!type:obligation
@!!id:62
@!!loc:7284:42:7284:46
@!!status:to be proved
@!!END

@!!BEGIN
@!!type:obligation
@!!id:63
@!!loc:7284:48:7284:52
@!!status:to be proved
@!!END

@!!BEGIN
@!!type:obligation
@!!id:64
@!!loc:7285:53:7285:55
@!!status:to be proved
@!!END

@!!BEGIN
@!!type:obligation
@!!id:65
@!!loc:7285:56:7285:60
@!!status:to be proved
@!!END

@!!BEGIN
@!!type:obligation
@!!id:66
@!!loc:7285:62:7285:66
@!!status:to be proved
@!!END

@!!BEGIN
@!!type:obligation
@!!id:67
@!!loc:7317:12:7317:14
@!!status:to be proved
@!!END

@!!BEGIN
@!!type:obligation
@!!id:68
@!!loc:7317:15:7317:19
@!!status:to be proved
@!!END

@!!BEGIN
@!!type:obligation
@!!id:69
@!!loc:7317:21:7317:25
@!!status:to be proved
@!!END

@!!BEGIN
@!!type:obligation
@!!id:70
@!!loc:7293:5:7293:7
@!!status:to be proved
@!!END

@!!BEGIN
@!!type:obligation
@!!id:71
@!!loc:7294:34:7294:36
@!!status:to be proved
@!!END

@!!BEGIN
@!!type:obligation
@!!id:72
@!!loc:7301:14:7301:16
@!!status:to be proved
@!!END

@!!BEGIN
@!!type:obligation
@!!id:73
@!!loc:7301:17:7301:21
@!!status:to be proved
@!!END

@!!BEGIN
@!!type:obligation
@!!id:74
@!!loc:7301:23:7301:27
@!!status:to be proved
@!!END

@!!BEGIN
@!!type:obligation
@!!id:75
@!!loc:7301:29:7301:33
@!!status:to be proved
@!!END

@!!BEGIN
@!!type:obligation
@!!id:76
@!!loc:7301:35:7301:39
@!!status:to be proved
@!!END

@!!BEGIN
@!!type:obligation
@!!id:77
@!!loc:7296:72:7296:74
@!!status:to be proved
@!!END

@!!BEGIN
@!!type:obligation
@!!id:78
@!!loc:7296:75:7296:79
@!!status:to be proved
@!!END

@!!BEGIN
@!!type:obligation
@!!id:79
@!!loc:7296:81:7296:85
@!!status:to be proved
@!!END

@!!BEGIN
@!!type:obligation
@!!id:80
@!!loc:7299:7:7299:9
@!!status:to be proved
@!!END

@!!BEGIN
@!!type:obligation
@!!id:81
@!!loc:7299:10:7299:14
@!!status:to be proved
@!!END

@!!BEGIN
@!!type:obligation
@!!id:82
@!!loc:7300:59:7300:61
@!!status:to be proved
@!!END

@!!BEGIN
@!!type:obligation
@!!id:83
@!!loc:7300:62:7300:66
@!!status:to be proved
@!!END

@!!BEGIN
@!!type:obligation
@!!id:84
@!!loc:7316:14:7316:16
@!!status:to be proved
@!!END

@!!BEGIN
@!!type:obligation
@!!id:85
@!!loc:7316:17:7316:21
@!!status:to be proved
@!!END

@!!BEGIN
@!!type:obligation
@!!id:86
@!!loc:7316:23:7316:27
@!!status:to be proved
@!!END

@!!BEGIN
@!!type:obligation
@!!id:87
@!!loc:7316:29:7316:33
@!!status:to be proved
@!!END

@!!BEGIN
@!!type:obligation
@!!id:88
@!!loc:7316:35:7316:39
@!!status:to be proved
@!!END

@!!BEGIN
@!!type:obligation
@!!id:89
@!!loc:7305:7:7305:9
@!!status:to be proved
@!!END

@!!BEGIN
@!!type:obligation
@!!id:90
@!!loc:7305:10:7305:14
@!!status:to be proved
@!!END

@!!BEGIN
@!!type:obligation
@!!id:91
@!!loc:7306:40:7306:42
@!!status:to be proved
@!!END

@!!BEGIN
@!!type:obligation
@!!id:92
@!!loc:7306:43:7306:47
@!!status:to be proved
@!!END

@!!BEGIN
@!!type:obligation
@!!id:93
@!!loc:7314:16:7314:18
@!!status:to be proved
@!!END

@!!BEGIN
@!!type:obligation
@!!id:94
@!!loc:7314:19:7314:23
@!!status:to be proved
@!!END

@!!BEGIN
@!!type:obligation
@!!id:95
@!!loc:7314:25:7314:29
@!!status:to be proved
@!!END

@!!BEGIN
@!!type:obligation
@!!id:96
@!!loc:7308:33:7308:35
@!!status:to be proved
@!!END

@!!BEGIN
@!!type:obligation
@!!id:97
@!!loc:7308:36:7308:40
@!!status:to be proved
@!!END

@!!BEGIN
@!!type:obligation
@!!id:98
@!!loc:7308:42:7308:46
@!!status:to be proved
@!!END

@!!BEGIN
@!!type:obligation
@!!id:99
@!!loc:7313:18:7313:20
@!!status:to be proved
@!!END

@!!BEGIN
@!!type:obligation
@!!id:100
@!!loc:7313:21:7313:25
@!!status:to be proved
@!!END

@!!BEGIN
@!!type:obligation
@!!id:101
@!!loc:7313:27:7313:31
@!!status:to be proved
@!!END

@!!BEGIN
@!!type:obligation
@!!id:102
@!!loc:7313:33:7313:37
@!!status:to be proved
@!!END

@!!BEGIN
@!!type:obligation
@!!id:103
@!!loc:7310:35:7310:37
@!!status:to be proved
@!!END

@!!BEGIN
@!!type:obligation
@!!id:104
@!!loc:7310:38:7310:42
@!!status:to be proved
@!!END

@!!BEGIN
@!!type:obligation
@!!id:105
@!!loc:7310:44:7310:48
@!!status:to be proved
@!!END

@!!BEGIN
@!!type:obligation
@!!id:106
@!!loc:7311:55:7311:57
@!!status:to be proved
@!!END

@!!BEGIN
@!!type:obligation
@!!id:107
@!!loc:7311:58:7311:62
@!!status:to be proved
@!!END

@!!BEGIN
@!!type:obligation
@!!id:108
@!!loc:7311:64:7311:68
@!!status:to be proved
@!!END

@!!BEGIN
@!!type:obligation
@!!id:109
@!!loc:7312:46:7312:48
@!!status:to be proved
@!!END

@!!BEGIN
@!!type:obligation
@!!id:110
@!!loc:7312:49:7312:53
@!!status:to be proved
@!!END

@!!BEGIN
@!!type:obligation
@!!id:111
@!!loc:7315:62:7315:64
@!!status:to be proved
@!!END

@!!BEGIN
@!!type:obligation
@!!id:112
@!!loc:7315:65:7315:69
@!!status:to be proved
@!!END

@!!BEGIN
@!!type:obligation
@!!id:113
@!!loc:7324:12:7324:14
@!!status:to be proved
@!!END

@!!BEGIN
@!!type:obligation
@!!id:114
@!!loc:7324:15:7324:19
@!!status:to be proved
@!!END

@!!BEGIN
@!!type:obligation
@!!id:115
@!!loc:7324:21:7324:25
@!!status:to be proved
@!!END

@!!BEGIN
@!!type:obligation
@!!id:116
@!!loc:7324:27:7324:31
@!!status:to be proved
@!!END

@!!BEGIN
@!!type:obligation
@!!id:117
@!!loc:7320:5:7320:7
@!!status:to be proved
@!!END

@!!BEGIN
@!!type:obligation
@!!id:118
@!!loc:7321:77:7321:79
@!!status:to be proved
@!!END

@!!BEGIN
@!!type:obligation
@!!id:119
@!!loc:7322:42:7322:44
@!!status:to be proved
@!!END

@!!BEGIN
@!!type:obligation
@!!id:120
@!!loc:7323:64:7323:66
@!!status:to be proved
@!!END

@!!BEGIN
@!!type:obligation
@!!id:121
@!!loc:7343:10:7343:12
@!!status:to be proved
@!!END

@!!BEGIN
@!!type:obligation
@!!id:122
@!!loc:7343:13:7343:17
@!!status:to be proved
@!!END

@!!BEGIN
@!!type:obligation
@!!id:123
@!!loc:7343:19:7343:23
@!!status:to be proved
@!!END

@!!BEGIN
@!!type:obligation
@!!id:124
@!!loc:7332:26:7332:28
@!!status:to be proved
@!!END

@!!BEGIN
@!!type:obligation
@!!id:125
@!!loc:7332:29:7332:38
@!!status:to be proved
@!!END

@!!BEGIN
@!!type:obligation
@!!id:126
@!!loc:7333:24:7333:26
@!!status:to be proved
@!!END

@!!BEGIN
@!!type:obligation
@!!id:127
@!!loc:7333:27:7333:34
@!!status:to be proved
@!!END

@!!BEGIN
@!!type:obligation
@!!id:128
@!!loc:7334:31:7334:33
@!!status:to be proved
@!!END

@!!BEGIN
@!!type:obligation
@!!id:129
@!!loc:7335:50:7335:52
@!!status:to be proved
@!!END

@!!BEGIN
@!!type:obligation
@!!id:130
@!!loc:7336:32:7336:34
@!!status:to be proved
@!!END

@!!BEGIN
@!!type:obligation
@!!id:131
@!!loc:7336:35:7336:39
@!!status:to be proved
@!!END

@!!BEGIN
@!!type:obligation
@!!id:132
@!!loc:7342:12:7342:14
@!!status:to be proved
@!!END

@!!BEGIN
@!!type:obligation
@!!id:133
@!!loc:7342:15:7342:19
@!!status:to be proved
@!!END

@!!BEGIN
@!!type:obligation
@!!id:134
@!!loc:7342:21:7342:25
@!!status:to be proved
@!!END

@!!BEGIN
@!!type:obligation
@!!id:135
@!!loc:7342:27:7342:31
@!!status:to be proved
@!!END

@!!BEGIN
@!!type:obligation
@!!id:136
@!!loc:7338:28:7338:30
@!!status:to be proved
@!!END

@!!BEGIN
@!!type:obligation
@!!id:137
@!!loc:7338:31:7338:35
@!!status:to be proved
@!!END

@!!BEGIN
@!!type:obligation
@!!id:138
@!!loc:7341:5:7341:7
@!!status:to be proved
@!!END

@!!BEGIN
@!!type:obligation
@!!id:139
@!!loc:7341:8:7341:12
@!!status:to be proved
@!!END

@!!BEGIN
@!!type:obligation
@!!id:140
@!!loc:7341:14:7341:18
@!!status:to be proved
@!!END

@!!BEGIN
@!!type:obligation
@!!id:141
@!!loc:7341:20:7341:24
@!!status:to be proved
@!!END

@!!BEGIN
@!!type:obligation
@!!id:142
@!!loc:7349:1:7349:3
@!!status:to be proved
@!!END

@!!BEGIN
@!!type:obligation
@!!id:143
@!!loc:7365:10:7365:12
@!!status:to be proved
@!!END

@!!BEGIN
@!!type:obligation
@!!id:144
@!!loc:7365:13:7365:17
@!!status:to be proved
@!!END

@!!BEGIN
@!!type:obligation
@!!id:145
@!!loc:7365:19:7365:23
@!!status:to be proved
@!!END

@!!BEGIN
@!!type:obligation
@!!id:146
@!!loc:7365:25:7365:29
@!!status:to be proved
@!!END

@!!BEGIN
@!!type:obligation
@!!id:147
@!!loc:7355:39:7355:46
@!!status:to be proved
@!!END

@!!BEGIN
@!!type:obligation
@!!id:148
@!!loc:7356:13:7356:15
@!!status:to be proved
@!!END

@!!BEGIN
@!!type:obligation
@!!id:149
@!!loc:7356:16:7356:23
@!!status:to be proved
@!!END

@!!BEGIN
@!!type:obligation
@!!id:150
@!!loc:7357:44:7357:46
@!!status:to be proved
@!!END

@!!BEGIN
@!!type:obligation
@!!id:151
@!!loc:7358:32:7358:34
@!!status:to be proved
@!!END

@!!BEGIN
@!!type:obligation
@!!id:152
@!!loc:7358:35:7358:39
@!!status:to be proved
@!!END

@!!BEGIN
@!!type:obligation
@!!id:153
@!!loc:7359:104:7359:106
@!!status:to be proved
@!!END

@!!BEGIN
@!!type:obligation
@!!id:154
@!!loc:7360:16:7360:18
@!!status:to be proved
@!!END

@!!BEGIN
@!!type:obligation
@!!id:155
@!!loc:7360:19:7360:23
@!!status:to be proved
@!!END

@!!BEGIN
@!!type:obligation
@!!id:156
@!!loc:7361:16:7361:18
@!!status:to be proved
@!!END

@!!BEGIN
@!!type:obligation
@!!id:157
@!!loc:7361:19:7361:23
@!!status:to be proved
@!!END

@!!BEGIN
@!!type:obligation
@!!id:158
@!!loc:7362:19:7362:21
@!!status:to be proved
@!!END

@!!BEGIN
@!!type:obligation
@!!id:159
@!!loc:7362:22:7362:26
@!!status:to be proved
@!!END

@!!BEGIN
@!!type:obligation
@!!id:160
@!!loc:7362:28:7362:32
@!!status:to be proved
@!!END

@!!BEGIN
@!!type:obligation
@!!id:161
@!!loc:7363:40:7363:42
@!!status:to be proved
@!!END

@!!BEGIN
@!!type:obligation
@!!id:162
@!!loc:7363:43:7363:48
@!!status:to be proved
@!!END

@!!BEGIN
@!!type:obligation
@!!id:163
@!!loc:7363:50:7363:55
@!!status:to be proved
@!!END

@!!BEGIN
@!!type:obligation
@!!id:164
@!!loc:7363:57:7363:62
@!!status:to be proved
@!!END

@!!BEGIN
@!!type:obligation
@!!id:165
@!!loc:7364:22:7364:24
@!!status:to be proved
@!!END

@!!BEGIN
@!!type:obligation
@!!id:166
@!!loc:7364:25:7364:29
@!!status:to be proved
@!!END

@!!BEGIN
@!!type:obligation
@!!id:167
@!!loc:7412:10:7412:12
@!!status:to be proved
@!!END

@!!BEGIN
@!!type:obligation
@!!id:168
@!!loc:7412:13:7412:17
@!!status:to be proved
@!!END

@!!BEGIN
@!!type:obligation
@!!id:169
@!!loc:7412:19:7412:23
@!!status:to be proved
@!!END

@!!BEGIN
@!!type:obligation
@!!id:170
@!!loc:7412:25:7412:29
@!!status:to be proved
@!!END

@!!BEGIN
@!!type:obligation
@!!id:171
@!!loc:7412:31:7412:36
@!!status:to be proved
@!!END

@!!BEGIN
@!!type:obligation
@!!id:172
@!!loc:7412:38:7412:42
@!!status:to be proved
@!!END

@!!BEGIN
@!!type:obligation
@!!id:173
@!!loc:7412:44:7412:48
@!!status:to be proved
@!!END

@!!BEGIN
@!!type:obligation
@!!id:174
@!!loc:7412:50:7412:54
@!!status:to be proved
@!!END

@!!BEGIN
@!!type:obligation
@!!id:175
@!!loc:7412:56:7412:65
@!!status:to be proved
@!!END

@!!BEGIN
@!!type:obligation
@!!id:176
@!!loc:7373:14:7373:16
@!!status:to be proved
@!!END

@!!BEGIN
@!!type:obligation
@!!id:177
@!!loc:7373:17:7373:24
@!!status:to be proved
@!!END

@!!BEGIN
@!!type:obligation
@!!id:178
@!!loc:7374:12:7374:14
@!!status:to be proved
@!!END

@!!BEGIN
@!!type:obligation
@!!id:179
@!!loc:7377:3:7377:5
@!!status:to be proved
@!!END

@!!BEGIN
@!!type:obligation
@!!id:180
@!!loc:7378:15:7378:17
@!!status:to be proved
@!!END

@!!BEGIN
@!!type:obligation
@!!id:181
@!!loc:7378:18:7378:22
@!!status:to be proved
@!!END

@!!BEGIN
@!!type:obligation
@!!id:182
@!!loc:7378:24:7378:28
@!!status:to be proved
@!!END

@!!BEGIN
@!!type:obligation
@!!id:183
@!!loc:7379:17:7379:19
@!!status:to be proved
@!!END

@!!BEGIN
@!!type:obligation
@!!id:184
@!!loc:7410:10:7410:12
@!!status:to be proved
@!!END

@!!BEGIN
@!!type:obligation
@!!id:185
@!!loc:7410:13:7410:18
@!!status:to be proved
@!!END

@!!BEGIN
@!!type:obligation
@!!id:186
@!!loc:7410:20:7410:25
@!!status:to be proved
@!!END

@!!BEGIN
@!!type:obligation
@!!id:187
@!!loc:7410:27:7410:32
@!!status:to be proved
@!!END

@!!BEGIN
@!!type:obligation
@!!id:188
@!!loc:7410:34:7410:39
@!!status:to be proved
@!!END

@!!BEGIN
@!!type:obligation
@!!id:189
@!!loc:7384:5:7384:7
@!!status:to be proved
@!!END

@!!BEGIN
@!!type:obligation
@!!id:190
@!!loc:7385:43:7385:45
@!!status:to be proved
@!!END

@!!BEGIN
@!!type:obligation
@!!id:191
@!!loc:7386:23:7386:25
@!!status:to be proved
@!!END

@!!BEGIN
@!!type:obligation
@!!id:192
@!!loc:7386:26:7386:30
@!!status:to be proved
@!!END

@!!BEGIN
@!!type:obligation
@!!id:193
@!!loc:7386:32:7386:36
@!!status:to be proved
@!!END

@!!BEGIN
@!!type:obligation
@!!id:194
@!!loc:7386:38:7386:50
@!!status:to be proved
@!!END

@!!BEGIN
@!!type:obligation
@!!id:195
@!!loc:7386:52:7386:62
@!!status:to be proved
@!!END

@!!BEGIN
@!!type:obligation
@!!id:196
@!!loc:7389:14:7389:16
@!!status:to be proved
@!!END

@!!BEGIN
@!!type:obligation
@!!id:197
@!!loc:7389:17:7389:21
@!!status:to be proved
@!!END

@!!BEGIN
@!!type:obligation
@!!id:198
@!!loc:7389:23:7389:27
@!!status:to be proved
@!!END

@!!BEGIN
@!!type:obligation
@!!id:199
@!!loc:7389:29:7389:33
@!!status:to be proved
@!!END

@!!BEGIN
@!!type:obligation
@!!id:200
@!!loc:7389:35:7389:45
@!!status:to be proved
@!!END

@!!BEGIN
@!!type:obligation
@!!id:201
@!!loc:7388:66:7388:68
@!!status:to be proved
@!!END

@!!BEGIN
@!!type:obligation
@!!id:202
@!!loc:7390:32:7390:34
@!!status:to be proved
@!!END

@!!BEGIN
@!!type:obligation
@!!id:203
@!!loc:7390:35:7390:39
@!!status:to be proved
@!!END

@!!BEGIN
@!!type:obligation
@!!id:204
@!!loc:7391:75:7391:77
@!!status:to be proved
@!!END

@!!BEGIN
@!!type:obligation
@!!id:205
@!!loc:7391:78:7391:82
@!!status:to be proved
@!!END

@!!BEGIN
@!!type:obligation
@!!id:206
@!!loc:7391:84:7391:88
@!!status:to be proved
@!!END

@!!BEGIN
@!!type:obligation
@!!id:207
@!!loc:7391:90:7391:94
@!!status:to be proved
@!!END

@!!BEGIN
@!!type:obligation
@!!id:208
@!!loc:7392:33:7392:35
@!!status:to be proved
@!!END

@!!BEGIN
@!!type:obligation
@!!id:209
@!!loc:7392:36:7392:40
@!!status:to be proved
@!!END

@!!BEGIN
@!!type:obligation
@!!id:210
@!!loc:7394:3:7394:5
@!!status:to be proved
@!!END

@!!BEGIN
@!!type:obligation
@!!id:211
@!!loc:7394:6:7394:10
@!!status:to be proved
@!!END

@!!BEGIN
@!!type:obligation
@!!id:212
@!!loc:7394:12:7394:16
@!!status:to be proved
@!!END

@!!BEGIN
@!!type:obligation
@!!id:213
@!!loc:7394:18:7394:23
@!!status:to be proved
@!!END

@!!BEGIN
@!!type:obligation
@!!id:214
@!!loc:7403:12:7403:14
@!!status:to be proved
@!!END

@!!BEGIN
@!!type:obligation
@!!id:215
@!!loc:7403:15:7403:19
@!!status:to be proved
@!!END

@!!BEGIN
@!!type:obligation
@!!id:216
@!!loc:7403:21:7403:25
@!!status:to be proved
@!!END

@!!BEGIN
@!!type:obligation
@!!id:217
@!!loc:7403:27:7403:31
@!!status:to be proved
@!!END

@!!BEGIN
@!!type:obligation
@!!id:218
@!!loc:7403:33:7403:37
@!!status:to be proved
@!!END

@!!BEGIN
@!!type:obligation
@!!id:219
@!!loc:7400:5:7400:12
@!!status:to be proved
@!!END

@!!BEGIN
@!!type:obligation
@!!id:220
@!!loc:7401:15:7401:17
@!!status:to be proved
@!!END

@!!BEGIN
@!!type:obligation
@!!id:221
@!!loc:7401:18:7401:22
@!!status:to be proved
@!!END

@!!BEGIN
@!!type:obligation
@!!id:222
@!!loc:7402:49:7402:51
@!!status:to be proved
@!!END

@!!BEGIN
@!!type:obligation
@!!id:223
@!!loc:7402:52:7402:56
@!!status:to be proved
@!!END

@!!BEGIN
@!!type:obligation
@!!id:224
@!!loc:7402:58:7402:62
@!!status:to be proved
@!!END

@!!BEGIN
@!!type:obligation
@!!id:225
@!!loc:7402:64:7402:69
@!!status:to be proved
@!!END

@!!BEGIN
@!!type:obligation
@!!id:226
@!!loc:7409:12:7409:14
@!!status:to be proved
@!!END

@!!BEGIN
@!!type:obligation
@!!id:227
@!!loc:7409:15:7409:19
@!!status:to be proved
@!!END

@!!BEGIN
@!!type:obligation
@!!id:228
@!!loc:7409:21:7409:25
@!!status:to be proved
@!!END

@!!BEGIN
@!!type:obligation
@!!id:229
@!!loc:7409:27:7409:31
@!!status:to be proved
@!!END

@!!BEGIN
@!!type:obligation
@!!id:230
@!!loc:7406:5:7406:12
@!!status:to be proved
@!!END

@!!BEGIN
@!!type:obligation
@!!id:231
@!!loc:7407:34:7407:36
@!!status:to be proved
@!!END

@!!BEGIN
@!!type:obligation
@!!id:232
@!!loc:7407:37:7407:41
@!!status:to be proved
@!!END

@!!BEGIN
@!!type:obligation
@!!id:233
@!!loc:7408:50:7408:52
@!!status:to be proved
@!!END

@!!BEGIN
@!!type:obligation
@!!id:234
@!!loc:7408:53:7408:57
@!!status:to be proved
@!!END

@!!BEGIN
@!!type:obligation
@!!id:235
@!!loc:7408:59:7408:63
@!!status:to be proved
@!!END

@!!BEGIN
@!!type:obligation
@!!id:236
@!!loc:7408:65:7408:70
@!!status:to be proved
@!!END

@!!BEGIN
@!!type:obligation
@!!id:237
@!!loc:7411:12:7411:14
@!!status:to be proved
@!!END

@!!BEGIN
@!!type:obligation
@!!id:238
@!!loc:7411:15:7411:21
@!!status:to be proved
@!!END

@!!BEGIN
@!!type:obligation
@!!id:239
@!!loc:7426:10:7426:12
@!!status:to be proved
@!!END

@!!BEGIN
@!!type:obligation
@!!id:240
@!!loc:7426:13:7426:17
@!!status:to be proved
@!!END

@!!BEGIN
@!!type:obligation
@!!id:241
@!!loc:7426:19:7426:23
@!!status:to be proved
@!!END

@!!BEGIN
@!!type:obligation
@!!id:242
@!!loc:7426:25:7426:29
@!!status:to be proved
@!!END

@!!BEGIN
@!!type:obligation
@!!id:243
@!!loc:7426:31:7426:36
@!!status:to be proved
@!!END

@!!BEGIN
@!!type:obligation
@!!id:244
@!!loc:7426:38:7426:42
@!!status:to be proved
@!!END

@!!BEGIN
@!!type:obligation
@!!id:245
@!!loc:7426:44:7426:48
@!!status:to be proved
@!!END

@!!BEGIN
@!!type:obligation
@!!id:246
@!!loc:7426:50:7426:54
@!!status:to be proved
@!!END

@!!BEGIN
@!!type:obligation
@!!id:247
@!!loc:7426:56:7426:65
@!!status:to be proved
@!!END

@!!BEGIN
@!!type:obligation
@!!id:248
@!!loc:7417:14:7417:16
@!!status:to be proved
@!!END

@!!BEGIN
@!!type:obligation
@!!id:249
@!!loc:7417:17:7417:24
@!!status:to be proved
@!!END

@!!BEGIN
@!!type:obligation
@!!id:250
@!!loc:7418:12:7418:14
@!!status:to be proved
@!!END

@!!BEGIN
@!!type:obligation
@!!id:251
@!!loc:7421:3:7421:5
@!!status:to be proved
@!!END

@!!BEGIN
@!!type:obligation
@!!id:252
@!!loc:7422:15:7422:17
@!!status:to be proved
@!!END

@!!BEGIN
@!!type:obligation
@!!id:253
@!!loc:7422:18:7422:22
@!!status:to be proved
@!!END

@!!BEGIN
@!!type:obligation
@!!id:254
@!!loc:7422:24:7422:28
@!!status:to be proved
@!!END

@!!BEGIN
@!!type:obligation
@!!id:255
@!!loc:7423:17:7423:19
@!!status:to be proved
@!!END

@!!BEGIN
@!!type:obligation
@!!id:256
@!!loc:7424:14:7424:16
@!!status:to be proved
@!!END

@!!BEGIN
@!!type:obligation
@!!id:257
@!!loc:7424:17:7424:21
@!!status:to be proved
@!!END

@!!BEGIN
@!!type:obligation
@!!id:258
@!!loc:7424:23:7424:31
@!!status:to be proved
@!!END

@!!BEGIN
@!!type:obligation
@!!id:259
@!!loc:7425:12:7425:14
@!!status:to be proved
@!!END

@!!BEGIN
@!!type:obligation
@!!id:260
@!!loc:7425:15:7425:21
@!!status:to be proved
@!!END

@!!BEGIN
@!!type:obligation
@!!id:261
@!!loc:7440:10:7440:12
@!!status:to be proved
@!!END

@!!BEGIN
@!!type:obligation
@!!id:262
@!!loc:7440:13:7440:17
@!!status:to be proved
@!!END

@!!BEGIN
@!!type:obligation
@!!id:263
@!!loc:7440:19:7440:23
@!!status:to be proved
@!!END

@!!BEGIN
@!!type:obligation
@!!id:264
@!!loc:7440:25:7440:29
@!!status:to be proved
@!!END

@!!BEGIN
@!!type:obligation
@!!id:265
@!!loc:7440:31:7440:36
@!!status:to be proved
@!!END

@!!BEGIN
@!!type:obligation
@!!id:266
@!!loc:7440:38:7440:42
@!!status:to be proved
@!!END

@!!BEGIN
@!!type:obligation
@!!id:267
@!!loc:7440:44:7440:48
@!!status:to be proved
@!!END

@!!BEGIN
@!!type:obligation
@!!id:268
@!!loc:7440:50:7440:54
@!!status:to be proved
@!!END

@!!BEGIN
@!!type:obligation
@!!id:269
@!!loc:7440:56:7440:65
@!!status:to be proved
@!!END

@!!BEGIN
@!!type:obligation
@!!id:270
@!!loc:7431:14:7431:16
@!!status:to be proved
@!!END

@!!BEGIN
@!!type:obligation
@!!id:271
@!!loc:7431:17:7431:27
@!!status:to be proved
@!!END

@!!BEGIN
@!!type:obligation
@!!id:272
@!!loc:7432:12:7432:14
@!!status:to be proved
@!!END

@!!BEGIN
@!!type:obligation
@!!id:273
@!!loc:7435:3:7435:5
@!!status:to be proved
@!!END

@!!BEGIN
@!!type:obligation
@!!id:274
@!!loc:7436:15:7436:17
@!!status:to be proved
@!!END

@!!BEGIN
@!!type:obligation
@!!id:275
@!!loc:7436:18:7436:22
@!!status:to be proved
@!!END

@!!BEGIN
@!!type:obligation
@!!id:276
@!!loc:7436:24:7436:28
@!!status:to be proved
@!!END

@!!BEGIN
@!!type:obligation
@!!id:277
@!!loc:7437:17:7437:19
@!!status:to be proved
@!!END

@!!BEGIN
@!!type:obligation
@!!id:278
@!!loc:7438:14:7438:16
@!!status:to be proved
@!!END

@!!BEGIN
@!!type:obligation
@!!id:279
@!!loc:7438:17:7438:21
@!!status:to be proved
@!!END

@!!BEGIN
@!!type:obligation
@!!id:280
@!!loc:7438:23:7438:31
@!!status:to be proved
@!!END

@!!BEGIN
@!!type:obligation
@!!id:281
@!!loc:7439:12:7439:14
@!!status:to be proved
@!!END

@!!BEGIN
@!!type:obligation
@!!id:282
@!!loc:7439:15:7439:21
@!!status:to be proved
@!!END

@!!BEGIN
@!!type:obligation
@!!id:283
@!!loc:7446:10:7446:12
@!!status:to be proved
@!!END

@!!BEGIN
@!!type:obligation
@!!id:284
@!!loc:7446:13:7446:17
@!!status:to be proved
@!!END

@!!BEGIN
@!!type:obligation
@!!id:285
@!!loc:7445:16:7445:18
@!!status:to be proved
@!!END

@!!BEGIN
@!!type:obligation
@!!id:286
@!!loc:7460:10:7460:12
@!!status:to be proved
@!!END

@!!BEGIN
@!!type:obligation
@!!id:287
@!!loc:7460:13:7460:17
@!!status:to be proved
@!!END

@!!BEGIN
@!!type:obligation
@!!id:288
@!!loc:7460:19:7460:23
@!!status:to be proved
@!!END

@!!BEGIN
@!!type:obligation
@!!id:289
@!!loc:7460:25:7460:29
@!!status:to be proved
@!!END

@!!BEGIN
@!!type:obligation
@!!id:290
@!!loc:7460:31:7460:36
@!!status:to be proved
@!!END

@!!BEGIN
@!!type:obligation
@!!id:291
@!!loc:7460:38:7460:42
@!!status:to be proved
@!!END

@!!BEGIN
@!!type:obligation
@!!id:292
@!!loc:7460:44:7460:48
@!!status:to be proved
@!!END

@!!BEGIN
@!!type:obligation
@!!id:293
@!!loc:7460:50:7460:54
@!!status:to be proved
@!!END

@!!BEGIN
@!!type:obligation
@!!id:294
@!!loc:7460:56:7460:65
@!!status:to be proved
@!!END

@!!BEGIN
@!!type:obligation
@!!id:295
@!!loc:7451:14:7451:16
@!!status:to be proved
@!!END

@!!BEGIN
@!!type:obligation
@!!id:296
@!!loc:7451:17:7451:27
@!!status:to be proved
@!!END

@!!BEGIN
@!!type:obligation
@!!id:297
@!!loc:7452:12:7452:14
@!!status:to be proved
@!!END

@!!BEGIN
@!!type:obligation
@!!id:298
@!!loc:7455:3:7455:5
@!!status:to be proved
@!!END

@!!BEGIN
@!!type:obligation
@!!id:299
@!!loc:7456:15:7456:17
@!!status:to be proved
@!!END

@!!BEGIN
@!!type:obligation
@!!id:300
@!!loc:7456:18:7456:22
@!!status:to be proved
@!!END

@!!BEGIN
@!!type:obligation
@!!id:301
@!!loc:7456:24:7456:28
@!!status:to be proved
@!!END

@!!BEGIN
@!!type:obligation
@!!id:302
@!!loc:7457:17:7457:19
@!!status:to be proved
@!!END

@!!BEGIN
@!!type:obligation
@!!id:303
@!!loc:7458:14:7458:16
@!!status:to be proved
@!!END

@!!BEGIN
@!!type:obligation
@!!id:304
@!!loc:7458:17:7458:21
@!!status:to be proved
@!!END

@!!BEGIN
@!!type:obligation
@!!id:305
@!!loc:7458:23:7458:31
@!!status:to be proved
@!!END

@!!BEGIN
@!!type:obligation
@!!id:306
@!!loc:7459:12:7459:14
@!!status:to be proved
@!!END

@!!BEGIN
@!!type:obligation
@!!id:307
@!!loc:7459:15:7459:21
@!!status:to be proved
@!!END

@!!BEGIN
@!!type:obligation
@!!id:308
@!!loc:7474:10:7474:12
@!!status:to be proved
@!!END

@!!BEGIN
@!!type:obligation
@!!id:309
@!!loc:7474:13:7474:17
@!!status:to be proved
@!!END

@!!BEGIN
@!!type:obligation
@!!id:310
@!!loc:7474:19:7474:23
@!!status:to be proved
@!!END

@!!BEGIN
@!!type:obligation
@!!id:311
@!!loc:7474:25:7474:29
@!!status:to be proved
@!!END

@!!BEGIN
@!!type:obligation
@!!id:312
@!!loc:7474:31:7474:36
@!!status:to be proved
@!!END

@!!BEGIN
@!!type:obligation
@!!id:313
@!!loc:7474:38:7474:42
@!!status:to be proved
@!!END

@!!BEGIN
@!!type:obligation
@!!id:314
@!!loc:7474:44:7474:48
@!!status:to be proved
@!!END

@!!BEGIN
@!!type:obligation
@!!id:315
@!!loc:7474:50:7474:54
@!!status:to be proved
@!!END

@!!BEGIN
@!!type:obligation
@!!id:316
@!!loc:7474:56:7474:65
@!!status:to be proved
@!!END

@!!BEGIN
@!!type:obligation
@!!id:317
@!!loc:7465:14:7465:16
@!!status:to be proved
@!!END

@!!BEGIN
@!!type:obligation
@!!id:318
@!!loc:7465:17:7465:25
@!!status:to be proved
@!!END

@!!BEGIN
@!!type:obligation
@!!id:319
@!!loc:7466:12:7466:14
@!!status:to be proved
@!!END

@!!BEGIN
@!!type:obligation
@!!id:320
@!!loc:7469:3:7469:5
@!!status:to be proved
@!!END

@!!BEGIN
@!!type:obligation
@!!id:321
@!!loc:7470:15:7470:17
@!!status:to be proved
@!!END

@!!BEGIN
@!!type:obligation
@!!id:322
@!!loc:7470:18:7470:22
@!!status:to be proved
@!!END

@!!BEGIN
@!!type:obligation
@!!id:323
@!!loc:7470:24:7470:28
@!!status:to be proved
@!!END

@!!BEGIN
@!!type:obligation
@!!id:324
@!!loc:7471:17:7471:19
@!!status:to be proved
@!!END

@!!BEGIN
@!!type:obligation
@!!id:325
@!!loc:7472:14:7472:16
@!!status:to be proved
@!!END

@!!BEGIN
@!!type:obligation
@!!id:326
@!!loc:7472:17:7472:21
@!!status:to be proved
@!!END

@!!BEGIN
@!!type:obligation
@!!id:327
@!!loc:7472:23:7472:31
@!!status:to be proved
@!!END

@!!BEGIN
@!!type:obligation
@!!id:328
@!!loc:7473:12:7473:14
@!!status:to be proved
@!!END

@!!BEGIN
@!!type:obligation
@!!id:329
@!!loc:7473:15:7473:21
@!!status:to be proved
@!!END

@!!BEGIN
@!!type:obligation
@!!id:330
@!!loc:7526:10:7526:12
@!!status:to be proved
@!!END

@!!BEGIN
@!!type:obligation
@!!id:331
@!!loc:7526:13:7526:17
@!!status:to be proved
@!!END

@!!BEGIN
@!!type:obligation
@!!id:332
@!!loc:7526:19:7526:23
@!!status:to be proved
@!!END

@!!BEGIN
@!!type:obligation
@!!id:333
@!!loc:7526:25:7526:29
@!!status:to be proved
@!!END

@!!BEGIN
@!!type:obligation
@!!id:334
@!!loc:7526:31:7526:36
@!!status:to be proved
@!!END

@!!BEGIN
@!!type:obligation
@!!id:335
@!!loc:7526:38:7526:42
@!!status:to be proved
@!!END

@!!BEGIN
@!!type:obligation
@!!id:336
@!!loc:7526:44:7526:48
@!!status:to be proved
@!!END

@!!BEGIN
@!!type:obligation
@!!id:337
@!!loc:7526:50:7526:54
@!!status:to be proved
@!!END

@!!BEGIN
@!!type:obligation
@!!id:338
@!!loc:7526:56:7526:65
@!!status:to be proved
@!!END

@!!BEGIN
@!!type:obligation
@!!id:339
@!!loc:7482:14:7482:16
@!!status:to be proved
@!!END

@!!BEGIN
@!!type:obligation
@!!id:340
@!!loc:7482:17:7482:24
@!!status:to be proved
@!!END

@!!BEGIN
@!!type:obligation
@!!id:341
@!!loc:7483:12:7483:14
@!!status:to be proved
@!!END

@!!BEGIN
@!!type:obligation
@!!id:342
@!!loc:7486:3:7486:5
@!!status:to be proved
@!!END

@!!BEGIN
@!!type:obligation
@!!id:343
@!!loc:7487:15:7487:17
@!!status:to be proved
@!!END

@!!BEGIN
@!!type:obligation
@!!id:344
@!!loc:7487:18:7487:22
@!!status:to be proved
@!!END

@!!BEGIN
@!!type:obligation
@!!id:345
@!!loc:7487:24:7487:28
@!!status:to be proved
@!!END

@!!BEGIN
@!!type:obligation
@!!id:346
@!!loc:7488:17:7488:19
@!!status:to be proved
@!!END

@!!BEGIN
@!!type:obligation
@!!id:347
@!!loc:7489:42:7489:44
@!!status:to be proved
@!!END

@!!BEGIN
@!!type:obligation
@!!id:348
@!!loc:7490:26:7490:28
@!!status:to be proved
@!!END

@!!BEGIN
@!!type:obligation
@!!id:349
@!!loc:7490:29:7490:33
@!!status:to be proved
@!!END

@!!BEGIN
@!!type:obligation
@!!id:350
@!!loc:7490:35:7490:39
@!!status:to be proved
@!!END

@!!BEGIN
@!!type:obligation
@!!id:351
@!!loc:7490:41:7490:49
@!!status:to be proved
@!!END

@!!BEGIN
@!!type:obligation
@!!id:352
@!!loc:7491:44:7491:46
@!!status:to be proved
@!!END

@!!BEGIN
@!!type:obligation
@!!id:353
@!!loc:7493:3:7493:5
@!!status:to be proved
@!!END

@!!BEGIN
@!!type:obligation
@!!id:354
@!!loc:7493:6:7493:10
@!!status:to be proved
@!!END

@!!BEGIN
@!!type:obligation
@!!id:355
@!!loc:7494:12:7494:14
@!!status:to be proved
@!!END

@!!BEGIN
@!!type:obligation
@!!id:356
@!!loc:7494:15:7494:19
@!!status:to be proved
@!!END

@!!BEGIN
@!!type:obligation
@!!id:357
@!!loc:7494:21:7494:25
@!!status:to be proved
@!!END

@!!BEGIN
@!!type:obligation
@!!id:358
@!!loc:7494:27:7494:34
@!!status:to be proved
@!!END

@!!BEGIN
@!!type:obligation
@!!id:359
@!!loc:7525:10:7525:12
@!!status:to be proved
@!!END

@!!BEGIN
@!!type:obligation
@!!id:360
@!!loc:7525:13:7525:18
@!!status:to be proved
@!!END

@!!BEGIN
@!!type:obligation
@!!id:361
@!!loc:7525:20:7525:25
@!!status:to be proved
@!!END

@!!BEGIN
@!!type:obligation
@!!id:362
@!!loc:7525:27:7525:32
@!!status:to be proved
@!!END

@!!BEGIN
@!!type:obligation
@!!id:363
@!!loc:7525:34:7525:39
@!!status:to be proved
@!!END

@!!BEGIN
@!!type:obligation
@!!id:364
@!!loc:7499:5:7499:7
@!!status:to be proved
@!!END

@!!BEGIN
@!!type:obligation
@!!id:365
@!!loc:7500:43:7500:45
@!!status:to be proved
@!!END

@!!BEGIN
@!!type:obligation
@!!id:366
@!!loc:7501:23:7501:25
@!!status:to be proved
@!!END

@!!BEGIN
@!!type:obligation
@!!id:367
@!!loc:7501:26:7501:30
@!!status:to be proved
@!!END

@!!BEGIN
@!!type:obligation
@!!id:368
@!!loc:7501:32:7501:36
@!!status:to be proved
@!!END

@!!BEGIN
@!!type:obligation
@!!id:369
@!!loc:7501:38:7501:50
@!!status:to be proved
@!!END

@!!BEGIN
@!!type:obligation
@!!id:370
@!!loc:7501:52:7501:62
@!!status:to be proved
@!!END

@!!BEGIN
@!!type:obligation
@!!id:371
@!!loc:7504:14:7504:16
@!!status:to be proved
@!!END

@!!BEGIN
@!!type:obligation
@!!id:372
@!!loc:7504:17:7504:21
@!!status:to be proved
@!!END

@!!BEGIN
@!!type:obligation
@!!id:373
@!!loc:7504:23:7504:27
@!!status:to be proved
@!!END

@!!BEGIN
@!!type:obligation
@!!id:374
@!!loc:7504:29:7504:33
@!!status:to be proved
@!!END

@!!BEGIN
@!!type:obligation
@!!id:375
@!!loc:7504:35:7504:45
@!!status:to be proved
@!!END

@!!BEGIN
@!!type:obligation
@!!id:376
@!!loc:7503:66:7503:68
@!!status:to be proved
@!!END

@!!BEGIN
@!!type:obligation
@!!id:377
@!!loc:7505:42:7505:44
@!!status:to be proved
@!!END

@!!BEGIN
@!!type:obligation
@!!id:378
@!!loc:7505:45:7505:49
@!!status:to be proved
@!!END

@!!BEGIN
@!!type:obligation
@!!id:379
@!!loc:7506:75:7506:77
@!!status:to be proved
@!!END

@!!BEGIN
@!!type:obligation
@!!id:380
@!!loc:7506:78:7506:82
@!!status:to be proved
@!!END

@!!BEGIN
@!!type:obligation
@!!id:381
@!!loc:7506:84:7506:88
@!!status:to be proved
@!!END

@!!BEGIN
@!!type:obligation
@!!id:382
@!!loc:7506:90:7506:94
@!!status:to be proved
@!!END

@!!BEGIN
@!!type:obligation
@!!id:383
@!!loc:7507:33:7507:35
@!!status:to be proved
@!!END

@!!BEGIN
@!!type:obligation
@!!id:384
@!!loc:7507:36:7507:40
@!!status:to be proved
@!!END

@!!BEGIN
@!!type:obligation
@!!id:385
@!!loc:7509:3:7509:5
@!!status:to be proved
@!!END

@!!BEGIN
@!!type:obligation
@!!id:386
@!!loc:7509:6:7509:10
@!!status:to be proved
@!!END

@!!BEGIN
@!!type:obligation
@!!id:387
@!!loc:7509:12:7509:16
@!!status:to be proved
@!!END

@!!BEGIN
@!!type:obligation
@!!id:388
@!!loc:7509:18:7509:23
@!!status:to be proved
@!!END

@!!BEGIN
@!!type:obligation
@!!id:389
@!!loc:7518:12:7518:14
@!!status:to be proved
@!!END

@!!BEGIN
@!!type:obligation
@!!id:390
@!!loc:7518:15:7518:19
@!!status:to be proved
@!!END

@!!BEGIN
@!!type:obligation
@!!id:391
@!!loc:7518:21:7518:25
@!!status:to be proved
@!!END

@!!BEGIN
@!!type:obligation
@!!id:392
@!!loc:7518:27:7518:31
@!!status:to be proved
@!!END

@!!BEGIN
@!!type:obligation
@!!id:393
@!!loc:7518:33:7518:37
@!!status:to be proved
@!!END

@!!BEGIN
@!!type:obligation
@!!id:394
@!!loc:7515:5:7515:12
@!!status:to be proved
@!!END

@!!BEGIN
@!!type:obligation
@!!id:395
@!!loc:7516:15:7516:17
@!!status:to be proved
@!!END

@!!BEGIN
@!!type:obligation
@!!id:396
@!!loc:7516:18:7516:22
@!!status:to be proved
@!!END

@!!BEGIN
@!!type:obligation
@!!id:397
@!!loc:7517:59:7517:61
@!!status:to be proved
@!!END

@!!BEGIN
@!!type:obligation
@!!id:398
@!!loc:7517:62:7517:66
@!!status:to be proved
@!!END

@!!BEGIN
@!!type:obligation
@!!id:399
@!!loc:7517:68:7517:72
@!!status:to be proved
@!!END

@!!BEGIN
@!!type:obligation
@!!id:400
@!!loc:7517:74:7517:79
@!!status:to be proved
@!!END

@!!BEGIN
@!!type:obligation
@!!id:401
@!!loc:7524:12:7524:14
@!!status:to be proved
@!!END

@!!BEGIN
@!!type:obligation
@!!id:402
@!!loc:7524:15:7524:19
@!!status:to be proved
@!!END

@!!BEGIN
@!!type:obligation
@!!id:403
@!!loc:7524:21:7524:25
@!!status:to be proved
@!!END

@!!BEGIN
@!!type:obligation
@!!id:404
@!!loc:7524:27:7524:31
@!!status:to be proved
@!!END

@!!BEGIN
@!!type:obligation
@!!id:405
@!!loc:7521:5:7521:12
@!!status:to be proved
@!!END

@!!BEGIN
@!!type:obligation
@!!id:406
@!!loc:7522:34:7522:36
@!!status:to be proved
@!!END

@!!BEGIN
@!!type:obligation
@!!id:407
@!!loc:7522:37:7522:41
@!!status:to be proved
@!!END

@!!BEGIN
@!!type:obligation
@!!id:408
@!!loc:7523:50:7523:52
@!!status:to be proved
@!!END

@!!BEGIN
@!!type:obligation
@!!id:409
@!!loc:7523:53:7523:57
@!!status:to be proved
@!!END

@!!BEGIN
@!!type:obligation
@!!id:410
@!!loc:7523:59:7523:63
@!!status:to be proved
@!!END

@!!BEGIN
@!!type:obligation
@!!id:411
@!!loc:7523:65:7523:70
@!!status:to be proved
@!!END

@!!BEGIN
@!!type:obligation
@!!id:412
@!!loc:7545:10:7545:12
@!!status:to be proved
@!!END

@!!BEGIN
@!!type:obligation
@!!id:413
@!!loc:7545:13:7545:17
@!!status:to be proved
@!!END

@!!BEGIN
@!!type:obligation
@!!id:414
@!!loc:7545:19:7545:23
@!!status:to be proved
@!!END

@!!BEGIN
@!!type:obligation
@!!id:415
@!!loc:7545:25:7545:29
@!!status:to be proved
@!!END

@!!BEGIN
@!!type:obligation
@!!id:416
@!!loc:7545:31:7545:36
@!!status:to be proved
@!!END

@!!BEGIN
@!!type:obligation
@!!id:417
@!!loc:7545:38:7545:42
@!!status:to be proved
@!!END

@!!BEGIN
@!!type:obligation
@!!id:418
@!!loc:7545:44:7545:48
@!!status:to be proved
@!!END

@!!BEGIN
@!!type:obligation
@!!id:419
@!!loc:7545:50:7545:54
@!!status:to be proved
@!!END

@!!BEGIN
@!!type:obligation
@!!id:420
@!!loc:7545:56:7545:65
@!!status:to be proved
@!!END

@!!BEGIN
@!!type:obligation
@!!id:421
@!!loc:7531:14:7531:16
@!!status:to be proved
@!!END

@!!BEGIN
@!!type:obligation
@!!id:422
@!!loc:7531:17:7531:26
@!!status:to be proved
@!!END

@!!BEGIN
@!!type:obligation
@!!id:423
@!!loc:7532:12:7532:14
@!!status:to be proved
@!!END

@!!BEGIN
@!!type:obligation
@!!id:424
@!!loc:7535:3:7535:5
@!!status:to be proved
@!!END

@!!BEGIN
@!!type:obligation
@!!id:425
@!!loc:7536:15:7536:17
@!!status:to be proved
@!!END

@!!BEGIN
@!!type:obligation
@!!id:426
@!!loc:7536:18:7536:22
@!!status:to be proved
@!!END

@!!BEGIN
@!!type:obligation
@!!id:427
@!!loc:7536:24:7536:28
@!!status:to be proved
@!!END

@!!BEGIN
@!!type:obligation
@!!id:428
@!!loc:7537:17:7537:19
@!!status:to be proved
@!!END

@!!BEGIN
@!!type:obligation
@!!id:429
@!!loc:7538:85:7538:87
@!!status:to be proved
@!!END

@!!BEGIN
@!!type:obligation
@!!id:430
@!!loc:7539:28:7539:30
@!!status:to be proved
@!!END

@!!BEGIN
@!!type:obligation
@!!id:431
@!!loc:7539:31:7539:35
@!!status:to be proved
@!!END

@!!BEGIN
@!!type:obligation
@!!id:432
@!!loc:7539:37:7539:41
@!!status:to be proved
@!!END

@!!BEGIN
@!!type:obligation
@!!id:433
@!!loc:7539:43:7539:51
@!!status:to be proved
@!!END

@!!BEGIN
@!!type:obligation
@!!id:434
@!!loc:7540:46:7540:48
@!!status:to be proved
@!!END

@!!BEGIN
@!!type:obligation
@!!id:435
@!!loc:7542:3:7542:5
@!!status:to be proved
@!!END

@!!BEGIN
@!!type:obligation
@!!id:436
@!!loc:7542:6:7542:10
@!!status:to be proved
@!!END

@!!BEGIN
@!!type:obligation
@!!id:437
@!!loc:7543:12:7543:14
@!!status:to be proved
@!!END

@!!BEGIN
@!!type:obligation
@!!id:438
@!!loc:7543:15:7543:19
@!!status:to be proved
@!!END

@!!BEGIN
@!!type:obligation
@!!id:439
@!!loc:7543:21:7543:25
@!!status:to be proved
@!!END

@!!BEGIN
@!!type:obligation
@!!id:440
@!!loc:7543:27:7543:34
@!!status:to be proved
@!!END

@!!BEGIN
@!!type:obligation
@!!id:441
@!!loc:7544:14:7544:16
@!!status:to be proved
@!!END

@!!BEGIN
@!!type:obligation
@!!id:442
@!!loc:7544:17:7544:21
@!!status:to be proved
@!!END

@!!BEGIN
@!!type:obligation
@!!id:443
@!!loc:7544:23:7544:27
@!!status:to be proved
@!!END

@!!BEGIN
@!!type:obligation
@!!id:444
@!!loc:7544:29:7544:37
@!!status:to be proved
@!!END

@!!BEGIN
@!!type:obligation
@!!id:445
@!!loc:7564:10:7564:12
@!!status:to be proved
@!!END

@!!BEGIN
@!!type:obligation
@!!id:446
@!!loc:7564:13:7564:17
@!!status:to be proved
@!!END

@!!BEGIN
@!!type:obligation
@!!id:447
@!!loc:7564:19:7564:23
@!!status:to be proved
@!!END

@!!BEGIN
@!!type:obligation
@!!id:448
@!!loc:7564:25:7564:29
@!!status:to be proved
@!!END

@!!BEGIN
@!!type:obligation
@!!id:449
@!!loc:7564:31:7564:36
@!!status:to be proved
@!!END

@!!BEGIN
@!!type:obligation
@!!id:450
@!!loc:7564:38:7564:42
@!!status:to be proved
@!!END

@!!BEGIN
@!!type:obligation
@!!id:451
@!!loc:7564:44:7564:48
@!!status:to be proved
@!!END

@!!BEGIN
@!!type:obligation
@!!id:452
@!!loc:7564:50:7564:54
@!!status:to be proved
@!!END

@!!BEGIN
@!!type:obligation
@!!id:453
@!!loc:7564:56:7564:65
@!!status:to be proved
@!!END

@!!BEGIN
@!!type:obligation
@!!id:454
@!!loc:7550:14:7550:16
@!!status:to be proved
@!!END

@!!BEGIN
@!!type:obligation
@!!id:455
@!!loc:7550:17:7550:28
@!!status:to be proved
@!!END

@!!BEGIN
@!!type:obligation
@!!id:456
@!!loc:7551:12:7551:14
@!!status:to be proved
@!!END

@!!BEGIN
@!!type:obligation
@!!id:457
@!!loc:7554:3:7554:5
@!!status:to be proved
@!!END

@!!BEGIN
@!!type:obligation
@!!id:458
@!!loc:7555:15:7555:17
@!!status:to be proved
@!!END

@!!BEGIN
@!!type:obligation
@!!id:459
@!!loc:7555:18:7555:22
@!!status:to be proved
@!!END

@!!BEGIN
@!!type:obligation
@!!id:460
@!!loc:7555:24:7555:28
@!!status:to be proved
@!!END

@!!BEGIN
@!!type:obligation
@!!id:461
@!!loc:7556:17:7556:19
@!!status:to be proved
@!!END

@!!BEGIN
@!!type:obligation
@!!id:462
@!!loc:7557:107:7557:109
@!!status:to be proved
@!!END

@!!BEGIN
@!!type:obligation
@!!id:464
@!!loc:7558:30:7558:32
@!!status:to be proved
@!!END

@!!BEGIN
@!!type:obligation
@!!id:465
@!!loc:7558:33:7558:37
@!!status:to be proved
@!!END

@!!BEGIN
@!!type:obligation
@!!id:466
@!!loc:7558:39:7558:43
@!!status:to be proved
@!!END

@!!BEGIN
@!!type:obligation
@!!id:467
@!!loc:7558:45:7558:53
@!!status:to be proved
@!!END

@!!BEGIN
@!!type:obligation
@!!id:468
@!!loc:7559:53:7559:55
@!!status:to be proved
@!!END

@!!BEGIN
@!!type:obligation
@!!id:469
@!!loc:7561:3:7561:5
@!!status:to be proved
@!!END

@!!BEGIN
@!!type:obligation
@!!id:470
@!!loc:7561:6:7561:10
@!!status:to be proved
@!!END

@!!BEGIN
@!!type:obligation
@!!id:471
@!!loc:7562:12:7562:14
@!!status:to be proved
@!!END

@!!BEGIN
@!!type:obligation
@!!id:472
@!!loc:7562:15:7562:19
@!!status:to be proved
@!!END

@!!BEGIN
@!!type:obligation
@!!id:473
@!!loc:7562:21:7562:25
@!!status:to be proved
@!!END

@!!BEGIN
@!!type:obligation
@!!id:474
@!!loc:7562:27:7562:34
@!!status:to be proved
@!!END

@!!BEGIN
@!!type:obligation
@!!id:475
@!!loc:7563:14:7563:16
@!!status:to be proved
@!!END

@!!BEGIN
@!!type:obligation
@!!id:476
@!!loc:7563:17:7563:21
@!!status:to be proved
@!!END

@!!BEGIN
@!!type:obligation
@!!id:477
@!!loc:7563:23:7563:27
@!!status:to be proved
@!!END

@!!BEGIN
@!!type:obligation
@!!id:478
@!!loc:7563:29:7563:37
@!!status:to be proved
@!!END

@!!BEGIN
@!!type:obligation
@!!id:479
@!!loc:7594:10:7594:12
@!!status:to be proved
@!!END

@!!BEGIN
@!!type:obligation
@!!id:480
@!!loc:7594:13:7594:17
@!!status:to be proved
@!!END

@!!BEGIN
@!!type:obligation
@!!id:481
@!!loc:7594:19:7594:23
@!!status:to be proved
@!!END

@!!BEGIN
@!!type:obligation
@!!id:482
@!!loc:7569:14:7569:16
@!!status:to be proved
@!!END

@!!BEGIN
@!!type:obligation
@!!id:483
@!!loc:7569:17:7569:27
@!!status:to be proved
@!!END

@!!BEGIN
@!!type:obligation
@!!id:484
@!!loc:7570:12:7570:14
@!!status:to be proved
@!!END

@!!BEGIN
@!!type:obligation
@!!id:485
@!!loc:7573:3:7573:5
@!!status:to be proved
@!!END

@!!BEGIN
@!!type:obligation
@!!id:486
@!!loc:7574:15:7574:17
@!!status:to be proved
@!!END

@!!BEGIN
@!!type:obligation
@!!id:487
@!!loc:7574:18:7574:22
@!!status:to be proved
@!!END

@!!BEGIN
@!!type:obligation
@!!id:488
@!!loc:7574:24:7574:28
@!!status:to be proved
@!!END

@!!BEGIN
@!!type:obligation
@!!id:489
@!!loc:7575:17:7575:19
@!!status:to be proved
@!!END

@!!BEGIN
@!!type:obligation
@!!id:490
@!!loc:7584:12:7584:14
@!!status:to be proved
@!!END

@!!BEGIN
@!!type:obligation
@!!id:491
@!!loc:7584:15:7584:19
@!!status:to be proved
@!!END

@!!BEGIN
@!!type:obligation
@!!id:492
@!!loc:7584:21:7584:25
@!!status:to be proved
@!!END

@!!BEGIN
@!!type:obligation
@!!id:493
@!!loc:7584:27:7584:31
@!!status:to be proved
@!!END

@!!BEGIN
@!!type:obligation
@!!id:494
@!!loc:7584:33:7584:38
@!!status:to be proved
@!!END

@!!BEGIN
@!!type:obligation
@!!id:495
@!!loc:7584:40:7584:44
@!!status:to be proved
@!!END

@!!BEGIN
@!!type:obligation
@!!id:496
@!!loc:7584:46:7584:50
@!!status:to be proved
@!!END

@!!BEGIN
@!!type:obligation
@!!id:497
@!!loc:7584:52:7584:56
@!!status:to be proved
@!!END

@!!BEGIN
@!!type:obligation
@!!id:498
@!!loc:7584:58:7584:67
@!!status:to be proved
@!!END

@!!BEGIN
@!!type:obligation
@!!id:499
@!!loc:7577:90:7577:92
@!!status:to be proved
@!!END

@!!BEGIN
@!!type:obligation
@!!id:500
@!!loc:7577:93:7577:97
@!!status:to be proved
@!!END

@!!BEGIN
@!!type:obligation
@!!id:501
@!!loc:7578:33:7578:35
@!!status:to be proved
@!!END

@!!BEGIN
@!!type:obligation
@!!id:502
@!!loc:7578:36:7578:40
@!!status:to be proved
@!!END

@!!BEGIN
@!!type:obligation
@!!id:503
@!!loc:7578:42:7578:46
@!!status:to be proved
@!!END

@!!BEGIN
@!!type:obligation
@!!id:504
@!!loc:7578:48:7578:56
@!!status:to be proved
@!!END

@!!BEGIN
@!!type:obligation
@!!id:505
@!!loc:7579:51:7579:53
@!!status:to be proved
@!!END

@!!BEGIN
@!!type:obligation
@!!id:506
@!!loc:7581:5:7581:7
@!!status:to be proved
@!!END

@!!BEGIN
@!!type:obligation
@!!id:507
@!!loc:7581:8:7581:12
@!!status:to be proved
@!!END

@!!BEGIN
@!!type:obligation
@!!id:508
@!!loc:7582:14:7582:16
@!!status:to be proved
@!!END

@!!BEGIN
@!!type:obligation
@!!id:509
@!!loc:7582:17:7582:21
@!!status:to be proved
@!!END

@!!BEGIN
@!!type:obligation
@!!id:510
@!!loc:7582:23:7582:27
@!!status:to be proved
@!!END

@!!BEGIN
@!!type:obligation
@!!id:511
@!!loc:7582:29:7582:36
@!!status:to be proved
@!!END

@!!BEGIN
@!!type:obligation
@!!id:512
@!!loc:7583:16:7583:18
@!!status:to be proved
@!!END

@!!BEGIN
@!!type:obligation
@!!id:513
@!!loc:7583:19:7583:23
@!!status:to be proved
@!!END

@!!BEGIN
@!!type:obligation
@!!id:514
@!!loc:7583:25:7583:29
@!!status:to be proved
@!!END

@!!BEGIN
@!!type:obligation
@!!id:515
@!!loc:7583:31:7583:39
@!!status:to be proved
@!!END

@!!BEGIN
@!!type:obligation
@!!id:516
@!!loc:7593:12:7593:14
@!!status:to be proved
@!!END

@!!BEGIN
@!!type:obligation
@!!id:517
@!!loc:7593:15:7593:19
@!!status:to be proved
@!!END

@!!BEGIN
@!!type:obligation
@!!id:518
@!!loc:7593:21:7593:25
@!!status:to be proved
@!!END

@!!BEGIN
@!!type:obligation
@!!id:519
@!!loc:7593:27:7593:31
@!!status:to be proved
@!!END

@!!BEGIN
@!!type:obligation
@!!id:520
@!!loc:7593:33:7593:38
@!!status:to be proved
@!!END

@!!BEGIN
@!!type:obligation
@!!id:521
@!!loc:7593:40:7593:44
@!!status:to be proved
@!!END

@!!BEGIN
@!!type:obligation
@!!id:522
@!!loc:7593:46:7593:50
@!!status:to be proved
@!!END

@!!BEGIN
@!!type:obligation
@!!id:523
@!!loc:7593:52:7593:56
@!!status:to be proved
@!!END

@!!BEGIN
@!!type:obligation
@!!id:524
@!!loc:7593:58:7593:67
@!!status:to be proved
@!!END

@!!BEGIN
@!!type:obligation
@!!id:525
@!!loc:7586:129:7586:131
@!!status:to be proved
@!!END

@!!BEGIN
@!!type:obligation
@!!id:526
@!!loc:7586:132:7586:136
@!!status:to be proved
@!!END

@!!BEGIN
@!!type:obligation
@!!id:528
@!!loc:7587:34:7587:36
@!!status:to be proved
@!!END

@!!BEGIN
@!!type:obligation
@!!id:529
@!!loc:7587:37:7587:41
@!!status:to be proved
@!!END

@!!BEGIN
@!!type:obligation
@!!id:530
@!!loc:7587:43:7587:47
@!!status:to be proved
@!!END

@!!BEGIN
@!!type:obligation
@!!id:531
@!!loc:7587:49:7587:57
@!!status:to be proved
@!!END

@!!BEGIN
@!!type:obligation
@!!id:532
@!!loc:7588:121:7588:123
@!!status:to be proved
@!!END

@!!BEGIN
@!!type:obligation
@!!id:533
@!!loc:7590:5:7590:7
@!!status:to be proved
@!!END

@!!BEGIN
@!!type:obligation
@!!id:534
@!!loc:7590:8:7590:12
@!!status:to be proved
@!!END

@!!BEGIN
@!!type:obligation
@!!id:535
@!!loc:7591:14:7591:16
@!!status:to be proved
@!!END

@!!BEGIN
@!!type:obligation
@!!id:536
@!!loc:7591:17:7591:21
@!!status:to be proved
@!!END

@!!BEGIN
@!!type:obligation
@!!id:537
@!!loc:7591:23:7591:27
@!!status:to be proved
@!!END

@!!BEGIN
@!!type:obligation
@!!id:538
@!!loc:7591:29:7591:36
@!!status:to be proved
@!!END

@!!BEGIN
@!!type:obligation
@!!id:539
@!!loc:7592:16:7592:18
@!!status:to be proved
@!!END

@!!BEGIN
@!!type:obligation
@!!id:540
@!!loc:7592:19:7592:23
@!!status:to be proved
@!!END

@!!BEGIN
@!!type:obligation
@!!id:541
@!!loc:7592:25:7592:29
@!!status:to be proved
@!!END

@!!BEGIN
@!!type:obligation
@!!id:542
@!!loc:7592:31:7592:39
@!!status:to be proved
@!!END

@!!BEGIN
@!!type:obligation
@!!id:543
@!!loc:7613:10:7613:12
@!!status:to be proved
@!!END

@!!BEGIN
@!!type:obligation
@!!id:544
@!!loc:7613:13:7613:17
@!!status:to be proved
@!!END

@!!BEGIN
@!!type:obligation
@!!id:545
@!!loc:7613:19:7613:23
@!!status:to be proved
@!!END

@!!BEGIN
@!!type:obligation
@!!id:546
@!!loc:7613:25:7613:29
@!!status:to be proved
@!!END

@!!BEGIN
@!!type:obligation
@!!id:547
@!!loc:7613:31:7613:36
@!!status:to be proved
@!!END

@!!BEGIN
@!!type:obligation
@!!id:548
@!!loc:7613:38:7613:42
@!!status:to be proved
@!!END

@!!BEGIN
@!!type:obligation
@!!id:549
@!!loc:7613:44:7613:48
@!!status:to be proved
@!!END

@!!BEGIN
@!!type:obligation
@!!id:550
@!!loc:7613:50:7613:54
@!!status:to be proved
@!!END

@!!BEGIN
@!!type:obligation
@!!id:551
@!!loc:7613:56:7613:65
@!!status:to be proved
@!!END

@!!BEGIN
@!!type:obligation
@!!id:552
@!!loc:7599:14:7599:16
@!!status:to be proved
@!!END

@!!BEGIN
@!!type:obligation
@!!id:553
@!!loc:7599:17:7599:24
@!!status:to be proved
@!!END

@!!BEGIN
@!!type:obligation
@!!id:554
@!!loc:7600:12:7600:14
@!!status:to be proved
@!!END

@!!BEGIN
@!!type:obligation
@!!id:555
@!!loc:7603:3:7603:5
@!!status:to be proved
@!!END

@!!BEGIN
@!!type:obligation
@!!id:556
@!!loc:7604:15:7604:17
@!!status:to be proved
@!!END

@!!BEGIN
@!!type:obligation
@!!id:557
@!!loc:7604:18:7604:22
@!!status:to be proved
@!!END

@!!BEGIN
@!!type:obligation
@!!id:558
@!!loc:7604:24:7604:28
@!!status:to be proved
@!!END

@!!BEGIN
@!!type:obligation
@!!id:559
@!!loc:7605:17:7605:19
@!!status:to be proved
@!!END

@!!BEGIN
@!!type:obligation
@!!id:560
@!!loc:7606:123:7606:125
@!!status:to be proved
@!!END

@!!BEGIN
@!!type:obligation
@!!id:562
@!!loc:7607:29:7607:31
@!!status:to be proved
@!!END

@!!BEGIN
@!!type:obligation
@!!id:563
@!!loc:7607:32:7607:36
@!!status:to be proved
@!!END

@!!BEGIN
@!!type:obligation
@!!id:564
@!!loc:7607:38:7607:42
@!!status:to be proved
@!!END

@!!BEGIN
@!!type:obligation
@!!id:565
@!!loc:7607:44:7607:52
@!!status:to be proved
@!!END

@!!BEGIN
@!!type:obligation
@!!id:566
@!!loc:7608:47:7608:49
@!!status:to be proved
@!!END

@!!BEGIN
@!!type:obligation
@!!id:567
@!!loc:7610:3:7610:5
@!!status:to be proved
@!!END

@!!BEGIN
@!!type:obligation
@!!id:568
@!!loc:7610:6:7610:10
@!!status:to be proved
@!!END

@!!BEGIN
@!!type:obligation
@!!id:569
@!!loc:7611:12:7611:14
@!!status:to be proved
@!!END

@!!BEGIN
@!!type:obligation
@!!id:570
@!!loc:7611:15:7611:19
@!!status:to be proved
@!!END

@!!BEGIN
@!!type:obligation
@!!id:571
@!!loc:7611:21:7611:25
@!!status:to be proved
@!!END

@!!BEGIN
@!!type:obligation
@!!id:572
@!!loc:7611:27:7611:34
@!!status:to be proved
@!!END

@!!BEGIN
@!!type:obligation
@!!id:573
@!!loc:7612:14:7612:16
@!!status:to be proved
@!!END

@!!BEGIN
@!!type:obligation
@!!id:574
@!!loc:7612:17:7612:21
@!!status:to be proved
@!!END

@!!BEGIN
@!!type:obligation
@!!id:575
@!!loc:7612:23:7612:27
@!!status:to be proved
@!!END

@!!BEGIN
@!!type:obligation
@!!id:576
@!!loc:7612:29:7612:37
@!!status:to be proved
@!!END

@!!BEGIN
@!!type:obligation
@!!id:577
@!!loc:7632:10:7632:12
@!!status:to be proved
@!!END

@!!BEGIN
@!!type:obligation
@!!id:578
@!!loc:7632:13:7632:17
@!!status:to be proved
@!!END

@!!BEGIN
@!!type:obligation
@!!id:579
@!!loc:7632:19:7632:23
@!!status:to be proved
@!!END

@!!BEGIN
@!!type:obligation
@!!id:580
@!!loc:7632:25:7632:29
@!!status:to be proved
@!!END

@!!BEGIN
@!!type:obligation
@!!id:581
@!!loc:7632:31:7632:36
@!!status:to be proved
@!!END

@!!BEGIN
@!!type:obligation
@!!id:582
@!!loc:7632:38:7632:42
@!!status:to be proved
@!!END

@!!BEGIN
@!!type:obligation
@!!id:583
@!!loc:7632:44:7632:48
@!!status:to be proved
@!!END

@!!BEGIN
@!!type:obligation
@!!id:584
@!!loc:7632:50:7632:54
@!!status:to be proved
@!!END

@!!BEGIN
@!!type:obligation
@!!id:585
@!!loc:7632:56:7632:65
@!!status:to be proved
@!!END

@!!BEGIN
@!!type:obligation
@!!id:586
@!!loc:7618:14:7618:16
@!!status:to be proved
@!!END

@!!BEGIN
@!!type:obligation
@!!id:587
@!!loc:7618:17:7618:24
@!!status:to be proved
@!!END

@!!BEGIN
@!!type:obligation
@!!id:588
@!!loc:7619:12:7619:14
@!!status:to be proved
@!!END

@!!BEGIN
@!!type:obligation
@!!id:589
@!!loc:7622:3:7622:5
@!!status:to be proved
@!!END

@!!BEGIN
@!!type:obligation
@!!id:590
@!!loc:7623:15:7623:17
@!!status:to be proved
@!!END

@!!BEGIN
@!!type:obligation
@!!id:591
@!!loc:7623:18:7623:22
@!!status:to be proved
@!!END

@!!BEGIN
@!!type:obligation
@!!id:592
@!!loc:7623:24:7623:28
@!!status:to be proved
@!!END

@!!BEGIN
@!!type:obligation
@!!id:593
@!!loc:7624:17:7624:19
@!!status:to be proved
@!!END

@!!BEGIN
@!!type:obligation
@!!id:594
@!!loc:7625:80:7625:82
@!!status:to be proved
@!!END

@!!BEGIN
@!!type:obligation
@!!id:595
@!!loc:7626:23:7626:25
@!!status:to be proved
@!!END

@!!BEGIN
@!!type:obligation
@!!id:596
@!!loc:7626:26:7626:30
@!!status:to be proved
@!!END

@!!BEGIN
@!!type:obligation
@!!id:597
@!!loc:7626:32:7626:36
@!!status:to be proved
@!!END

@!!BEGIN
@!!type:obligation
@!!id:598
@!!loc:7626:38:7626:46
@!!status:to be proved
@!!END

@!!BEGIN
@!!type:obligation
@!!id:599
@!!loc:7627:41:7627:43
@!!status:to be proved
@!!END

@!!BEGIN
@!!type:obligation
@!!id:600
@!!loc:7629:3:7629:5
@!!status:to be proved
@!!END

@!!BEGIN
@!!type:obligation
@!!id:601
@!!loc:7629:6:7629:10
@!!status:to be proved
@!!END

@!!BEGIN
@!!type:obligation
@!!id:602
@!!loc:7630:12:7630:14
@!!status:to be proved
@!!END

@!!BEGIN
@!!type:obligation
@!!id:603
@!!loc:7630:15:7630:19
@!!status:to be proved
@!!END

@!!BEGIN
@!!type:obligation
@!!id:604
@!!loc:7630:21:7630:25
@!!status:to be proved
@!!END

@!!BEGIN
@!!type:obligation
@!!id:605
@!!loc:7630:27:7630:34
@!!status:to be proved
@!!END

@!!BEGIN
@!!type:obligation
@!!id:606
@!!loc:7631:14:7631:16
@!!status:to be proved
@!!END

@!!BEGIN
@!!type:obligation
@!!id:607
@!!loc:7631:17:7631:21
@!!status:to be proved
@!!END

@!!BEGIN
@!!type:obligation
@!!id:608
@!!loc:7631:23:7631:27
@!!status:to be proved
@!!END

@!!BEGIN
@!!type:obligation
@!!id:609
@!!loc:7631:29:7631:37
@!!status:to be proved
@!!END

@!!BEGIN
@!!type:obligation
@!!id:610
@!!loc:7705:10:7705:12
@!!status:to be proved
@!!END

@!!BEGIN
@!!type:obligation
@!!id:611
@!!loc:7705:13:7705:17
@!!status:to be proved
@!!END

@!!BEGIN
@!!type:obligation
@!!id:612
@!!loc:7705:19:7705:23
@!!status:to be proved
@!!END

@!!BEGIN
@!!type:obligation
@!!id:613
@!!loc:7637:14:7637:16
@!!status:to be proved
@!!END

@!!BEGIN
@!!type:obligation
@!!id:614
@!!loc:7637:17:7637:26
@!!status:to be proved
@!!END

@!!BEGIN
@!!type:obligation
@!!id:615
@!!loc:7638:12:7638:14
@!!status:to be proved
@!!END

@!!BEGIN
@!!type:obligation
@!!id:616
@!!loc:7641:3:7641:5
@!!status:to be proved
@!!END

@!!BEGIN
@!!type:obligation
@!!id:617
@!!loc:7642:15:7642:17
@!!status:to be proved
@!!END

@!!BEGIN
@!!type:obligation
@!!id:618
@!!loc:7642:18:7642:22
@!!status:to be proved
@!!END

@!!BEGIN
@!!type:obligation
@!!id:619
@!!loc:7642:24:7642:28
@!!status:to be proved
@!!END

@!!BEGIN
@!!type:obligation
@!!id:620
@!!loc:7643:17:7643:19
@!!status:to be proved
@!!END

@!!BEGIN
@!!type:obligation
@!!id:621
@!!loc:7652:12:7652:14
@!!status:to be proved
@!!END

@!!BEGIN
@!!type:obligation
@!!id:622
@!!loc:7652:15:7652:19
@!!status:to be proved
@!!END

@!!BEGIN
@!!type:obligation
@!!id:623
@!!loc:7652:21:7652:25
@!!status:to be proved
@!!END

@!!BEGIN
@!!type:obligation
@!!id:624
@!!loc:7652:27:7652:31
@!!status:to be proved
@!!END

@!!BEGIN
@!!type:obligation
@!!id:625
@!!loc:7652:33:7652:38
@!!status:to be proved
@!!END

@!!BEGIN
@!!type:obligation
@!!id:626
@!!loc:7652:40:7652:44
@!!status:to be proved
@!!END

@!!BEGIN
@!!type:obligation
@!!id:627
@!!loc:7652:46:7652:50
@!!status:to be proved
@!!END

@!!BEGIN
@!!type:obligation
@!!id:628
@!!loc:7652:52:7652:56
@!!status:to be proved
@!!END

@!!BEGIN
@!!type:obligation
@!!id:629
@!!loc:7652:58:7652:67
@!!status:to be proved
@!!END

@!!BEGIN
@!!type:obligation
@!!id:630
@!!loc:7645:87:7645:89
@!!status:to be proved
@!!END

@!!BEGIN
@!!type:obligation
@!!id:631
@!!loc:7645:90:7645:94
@!!status:to be proved
@!!END

@!!BEGIN
@!!type:obligation
@!!id:632
@!!loc:7646:30:7646:32
@!!status:to be proved
@!!END

@!!BEGIN
@!!type:obligation
@!!id:633
@!!loc:7646:33:7646:37
@!!status:to be proved
@!!END

@!!BEGIN
@!!type:obligation
@!!id:634
@!!loc:7646:39:7646:43
@!!status:to be proved
@!!END

@!!BEGIN
@!!type:obligation
@!!id:635
@!!loc:7646:45:7646:53
@!!status:to be proved
@!!END

@!!BEGIN
@!!type:obligation
@!!id:636
@!!loc:7647:48:7647:50
@!!status:to be proved
@!!END

@!!BEGIN
@!!type:obligation
@!!id:637
@!!loc:7649:5:7649:7
@!!status:to be proved
@!!END

@!!BEGIN
@!!type:obligation
@!!id:638
@!!loc:7649:8:7649:12
@!!status:to be proved
@!!END

@!!BEGIN
@!!type:obligation
@!!id:639
@!!loc:7650:14:7650:16
@!!status:to be proved
@!!END

@!!BEGIN
@!!type:obligation
@!!id:640
@!!loc:7650:17:7650:21
@!!status:to be proved
@!!END

@!!BEGIN
@!!type:obligation
@!!id:641
@!!loc:7650:23:7650:27
@!!status:to be proved
@!!END

@!!BEGIN
@!!type:obligation
@!!id:642
@!!loc:7650:29:7650:36
@!!status:to be proved
@!!END

@!!BEGIN
@!!type:obligation
@!!id:643
@!!loc:7651:16:7651:18
@!!status:to be proved
@!!END

@!!BEGIN
@!!type:obligation
@!!id:644
@!!loc:7651:19:7651:23
@!!status:to be proved
@!!END

@!!BEGIN
@!!type:obligation
@!!id:645
@!!loc:7651:25:7651:29
@!!status:to be proved
@!!END

@!!BEGIN
@!!type:obligation
@!!id:646
@!!loc:7651:31:7651:39
@!!status:to be proved
@!!END

@!!BEGIN
@!!type:obligation
@!!id:647
@!!loc:7704:12:7704:14
@!!status:to be proved
@!!END

@!!BEGIN
@!!type:obligation
@!!id:648
@!!loc:7704:15:7704:19
@!!status:to be proved
@!!END

@!!BEGIN
@!!type:obligation
@!!id:649
@!!loc:7704:21:7704:25
@!!status:to be proved
@!!END

@!!BEGIN
@!!type:obligation
@!!id:650
@!!loc:7704:27:7704:31
@!!status:to be proved
@!!END

@!!BEGIN
@!!type:obligation
@!!id:651
@!!loc:7704:33:7704:38
@!!status:to be proved
@!!END

@!!BEGIN
@!!type:obligation
@!!id:652
@!!loc:7704:40:7704:44
@!!status:to be proved
@!!END

@!!BEGIN
@!!type:obligation
@!!id:653
@!!loc:7704:46:7704:50
@!!status:to be proved
@!!END

@!!BEGIN
@!!type:obligation
@!!id:654
@!!loc:7704:52:7704:56
@!!status:to be proved
@!!END

@!!BEGIN
@!!type:obligation
@!!id:655
@!!loc:7704:58:7704:67
@!!status:to be proved
@!!END

@!!BEGIN
@!!type:obligation
@!!id:656
@!!loc:7659:5:7659:7
@!!status:to be proved
@!!END

@!!BEGIN
@!!type:obligation
@!!id:657
@!!loc:7659:8:7659:12
@!!status:to be proved
@!!END

@!!BEGIN
@!!type:obligation
@!!id:658
@!!loc:7660:37:7660:39
@!!status:to be proved
@!!END

@!!BEGIN
@!!type:obligation
@!!id:659
@!!loc:7660:40:7660:44
@!!status:to be proved
@!!END

@!!BEGIN
@!!type:obligation
@!!id:660
@!!loc:7660:46:7660:50
@!!status:to be proved
@!!END

@!!BEGIN
@!!type:obligation
@!!id:661
@!!loc:7660:52:7660:60
@!!status:to be proved
@!!END

@!!BEGIN
@!!type:obligation
@!!id:662
@!!loc:7661:55:7661:57
@!!status:to be proved
@!!END

@!!BEGIN
@!!type:obligation
@!!id:663
@!!loc:7663:5:7663:7
@!!status:to be proved
@!!END

@!!BEGIN
@!!type:obligation
@!!id:664
@!!loc:7663:8:7663:12
@!!status:to be proved
@!!END

@!!BEGIN
@!!type:obligation
@!!id:665
@!!loc:7664:14:7664:16
@!!status:to be proved
@!!END

@!!BEGIN
@!!type:obligation
@!!id:666
@!!loc:7664:17:7664:21
@!!status:to be proved
@!!END

@!!BEGIN
@!!type:obligation
@!!id:667
@!!loc:7664:23:7664:27
@!!status:to be proved
@!!END

@!!BEGIN
@!!type:obligation
@!!id:668
@!!loc:7664:29:7664:36
@!!status:to be proved
@!!END

@!!BEGIN
@!!type:obligation
@!!id:669
@!!loc:7703:12:7703:14
@!!status:to be proved
@!!END

@!!BEGIN
@!!type:obligation
@!!id:670
@!!loc:7703:15:7703:20
@!!status:to be proved
@!!END

@!!BEGIN
@!!type:obligation
@!!id:671
@!!loc:7703:22:7703:27
@!!status:to be proved
@!!END

@!!BEGIN
@!!type:obligation
@!!id:672
@!!loc:7703:29:7703:34
@!!status:to be proved
@!!END

@!!BEGIN
@!!type:obligation
@!!id:673
@!!loc:7703:36:7703:41
@!!status:to be proved
@!!END

@!!BEGIN
@!!type:obligation
@!!id:674
@!!loc:7668:7:7668:9
@!!status:to be proved
@!!END

@!!BEGIN
@!!type:obligation
@!!id:675
@!!loc:7668:10:7668:14
@!!status:to be proved
@!!END

@!!BEGIN
@!!type:obligation
@!!id:676
@!!loc:7670:7:7670:9
@!!status:to be proved
@!!END

@!!BEGIN
@!!type:obligation
@!!id:677
@!!loc:7671:25:7671:27
@!!status:to be proved
@!!END

@!!BEGIN
@!!type:obligation
@!!id:678
@!!loc:7671:28:7671:32
@!!status:to be proved
@!!END

@!!BEGIN
@!!type:obligation
@!!id:679
@!!loc:7671:34:7671:38
@!!status:to be proved
@!!END

@!!BEGIN
@!!type:obligation
@!!id:680
@!!loc:7671:40:7671:52
@!!status:to be proved
@!!END

@!!BEGIN
@!!type:obligation
@!!id:681
@!!loc:7671:54:7671:64
@!!status:to be proved
@!!END

@!!BEGIN
@!!type:obligation
@!!id:682
@!!loc:7675:16:7675:18
@!!status:to be proved
@!!END

@!!BEGIN
@!!type:obligation
@!!id:683
@!!loc:7675:19:7675:23
@!!status:to be proved
@!!END

@!!BEGIN
@!!type:obligation
@!!id:684
@!!loc:7675:25:7675:29
@!!status:to be proved
@!!END

@!!BEGIN
@!!type:obligation
@!!id:685
@!!loc:7675:31:7675:41
@!!status:to be proved
@!!END

@!!BEGIN
@!!type:obligation
@!!id:686
@!!loc:7674:9:7674:11
@!!status:to be proved
@!!END

@!!BEGIN
@!!type:obligation
@!!id:687
@!!loc:7676:25:7676:27
@!!status:to be proved
@!!END

@!!BEGIN
@!!type:obligation
@!!id:688
@!!loc:7676:28:7676:32
@!!status:to be proved
@!!END

@!!BEGIN
@!!type:obligation
@!!id:689
@!!loc:7678:7:7678:9
@!!status:to be proved
@!!END

@!!BEGIN
@!!type:obligation
@!!id:690
@!!loc:7678:10:7678:15
@!!status:to be proved
@!!END

@!!BEGIN
@!!type:obligation
@!!id:691
@!!loc:7678:17:7678:21
@!!status:to be proved
@!!END

@!!BEGIN
@!!type:obligation
@!!id:692
@!!loc:7679:35:7679:37
@!!status:to be proved
@!!END

@!!BEGIN
@!!type:obligation
@!!id:693
@!!loc:7679:38:7679:43
@!!status:to be proved
@!!END

@!!BEGIN
@!!type:obligation
@!!id:694
@!!loc:7684:16:7684:18
@!!status:to be proved
@!!END

@!!BEGIN
@!!type:obligation
@!!id:695
@!!loc:7684:19:7684:23
@!!status:to be proved
@!!END

@!!BEGIN
@!!type:obligation
@!!id:696
@!!loc:7684:25:7684:29
@!!status:to be proved
@!!END

@!!BEGIN
@!!type:obligation
@!!id:697
@!!loc:7681:21:7681:23
@!!status:to be proved
@!!END

@!!BEGIN
@!!type:obligation
@!!id:698
@!!loc:7681:24:7681:29
@!!status:to be proved
@!!END

@!!BEGIN
@!!type:obligation
@!!id:699
@!!loc:7681:31:7681:40
@!!status:to be proved
@!!END

@!!BEGIN
@!!type:obligation
@!!id:700
@!!loc:7681:42:7681:47
@!!status:to be proved
@!!END

@!!BEGIN
@!!type:obligation
@!!id:701
@!!loc:7682:32:7682:34
@!!status:to be proved
@!!END

@!!BEGIN
@!!type:obligation
@!!id:702
@!!loc:7682:35:7682:39
@!!status:to be proved
@!!END

@!!BEGIN
@!!type:obligation
@!!id:703
@!!loc:7682:41:7682:45
@!!status:to be proved
@!!END

@!!BEGIN
@!!type:obligation
@!!id:704
@!!loc:7682:47:7682:52
@!!status:to be proved
@!!END

@!!BEGIN
@!!type:obligation
@!!id:705
@!!loc:7683:32:7683:34
@!!status:to be proved
@!!END

@!!BEGIN
@!!type:obligation
@!!id:706
@!!loc:7683:35:7683:39
@!!status:to be proved
@!!END

@!!BEGIN
@!!type:obligation
@!!id:707
@!!loc:7683:41:7683:45
@!!status:to be proved
@!!END

@!!BEGIN
@!!type:obligation
@!!id:708
@!!loc:7683:47:7683:52
@!!status:to be proved
@!!END

@!!BEGIN
@!!type:obligation
@!!id:709
@!!loc:7685:35:7685:37
@!!status:to be proved
@!!END

@!!BEGIN
@!!type:obligation
@!!id:710
@!!loc:7685:38:7685:42
@!!status:to be proved
@!!END

@!!BEGIN
@!!type:obligation
@!!id:711
@!!loc:7687:5:7687:7
@!!status:to be proved
@!!END

@!!BEGIN
@!!type:obligation
@!!id:712
@!!loc:7687:8:7687:12
@!!status:to be proved
@!!END

@!!BEGIN
@!!type:obligation
@!!id:713
@!!loc:7687:14:7687:18
@!!status:to be proved
@!!END

@!!BEGIN
@!!type:obligation
@!!id:714
@!!loc:7687:20:7687:25
@!!status:to be proved
@!!END

@!!BEGIN
@!!type:obligation
@!!id:715
@!!loc:7696:14:7696:16
@!!status:to be proved
@!!END

@!!BEGIN
@!!type:obligation
@!!id:716
@!!loc:7696:17:7696:21
@!!status:to be proved
@!!END

@!!BEGIN
@!!type:obligation
@!!id:717
@!!loc:7696:23:7696:27
@!!status:to be proved
@!!END

@!!BEGIN
@!!type:obligation
@!!id:718
@!!loc:7696:29:7696:33
@!!status:to be proved
@!!END

@!!BEGIN
@!!type:obligation
@!!id:719
@!!loc:7696:35:7696:39
@!!status:to be proved
@!!END

@!!BEGIN
@!!type:obligation
@!!id:720
@!!loc:7693:7:7693:14
@!!status:to be proved
@!!END

@!!BEGIN
@!!type:obligation
@!!id:721
@!!loc:7694:17:7694:19
@!!status:to be proved
@!!END

@!!BEGIN
@!!type:obligation
@!!id:722
@!!loc:7694:20:7694:24
@!!status:to be proved
@!!END

@!!BEGIN
@!!type:obligation
@!!id:723
@!!loc:7695:55:7695:57
@!!status:to be proved
@!!END

@!!BEGIN
@!!type:obligation
@!!id:724
@!!loc:7695:58:7695:62
@!!status:to be proved
@!!END

@!!BEGIN
@!!type:obligation
@!!id:725
@!!loc:7695:64:7695:68
@!!status:to be proved
@!!END

@!!BEGIN
@!!type:obligation
@!!id:726
@!!loc:7695:70:7695:75
@!!status:to be proved
@!!END

@!!BEGIN
@!!type:obligation
@!!id:727
@!!loc:7702:14:7702:16
@!!status:to be proved
@!!END

@!!BEGIN
@!!type:obligation
@!!id:728
@!!loc:7702:17:7702:21
@!!status:to be proved
@!!END

@!!BEGIN
@!!type:obligation
@!!id:729
@!!loc:7702:23:7702:27
@!!status:to be proved
@!!END

@!!BEGIN
@!!type:obligation
@!!id:730
@!!loc:7702:29:7702:33
@!!status:to be proved
@!!END

@!!BEGIN
@!!type:obligation
@!!id:731
@!!loc:7699:7:7699:14
@!!status:to be proved
@!!END

@!!BEGIN
@!!type:obligation
@!!id:732
@!!loc:7700:36:7700:38
@!!status:to be proved
@!!END

@!!BEGIN
@!!type:obligation
@!!id:733
@!!loc:7700:39:7700:43
@!!status:to be proved
@!!END

@!!BEGIN
@!!type:obligation
@!!id:734
@!!loc:7701:52:7701:54
@!!status:to be proved
@!!END

@!!BEGIN
@!!type:obligation
@!!id:735
@!!loc:7701:55:7701:59
@!!status:to be proved
@!!END

@!!BEGIN
@!!type:obligation
@!!id:736
@!!loc:7701:61:7701:65
@!!status:to be proved
@!!END

@!!BEGIN
@!!type:obligation
@!!id:737
@!!loc:7701:67:7701:72
@!!status:to be proved
@!!END

@!!BEGIN
@!!type:obligation
@!!id:738
@!!loc:7724:10:7724:12
@!!status:to be proved
@!!END

@!!BEGIN
@!!type:obligation
@!!id:739
@!!loc:7724:13:7724:17
@!!status:to be proved
@!!END

@!!BEGIN
@!!type:obligation
@!!id:740
@!!loc:7724:19:7724:23
@!!status:to be proved
@!!END

@!!BEGIN
@!!type:obligation
@!!id:741
@!!loc:7724:25:7724:29
@!!status:to be proved
@!!END

@!!BEGIN
@!!type:obligation
@!!id:742
@!!loc:7724:31:7724:36
@!!status:to be proved
@!!END

@!!BEGIN
@!!type:obligation
@!!id:743
@!!loc:7724:38:7724:42
@!!status:to be proved
@!!END

@!!BEGIN
@!!type:obligation
@!!id:744
@!!loc:7724:44:7724:48
@!!status:to be proved
@!!END

@!!BEGIN
@!!type:obligation
@!!id:745
@!!loc:7724:50:7724:54
@!!status:to be proved
@!!END

@!!BEGIN
@!!type:obligation
@!!id:746
@!!loc:7724:56:7724:65
@!!status:to be proved
@!!END

@!!BEGIN
@!!type:obligation
@!!id:747
@!!loc:7710:14:7710:16
@!!status:to be proved
@!!END

@!!BEGIN
@!!type:obligation
@!!id:748
@!!loc:7710:17:7710:28
@!!status:to be proved
@!!END

@!!BEGIN
@!!type:obligation
@!!id:749
@!!loc:7711:12:7711:14
@!!status:to be proved
@!!END

@!!BEGIN
@!!type:obligation
@!!id:750
@!!loc:7714:3:7714:5
@!!status:to be proved
@!!END

@!!BEGIN
@!!type:obligation
@!!id:751
@!!loc:7715:15:7715:17
@!!status:to be proved
@!!END

@!!BEGIN
@!!type:obligation
@!!id:752
@!!loc:7715:18:7715:22
@!!status:to be proved
@!!END

@!!BEGIN
@!!type:obligation
@!!id:753
@!!loc:7715:24:7715:28
@!!status:to be proved
@!!END

@!!BEGIN
@!!type:obligation
@!!id:754
@!!loc:7716:17:7716:19
@!!status:to be proved
@!!END

@!!BEGIN
@!!type:obligation
@!!id:755
@!!loc:7717:79:7717:81
@!!status:to be proved
@!!END

@!!BEGIN
@!!type:obligation
@!!id:756
@!!loc:7718:27:7718:29
@!!status:to be proved
@!!END

@!!BEGIN
@!!type:obligation
@!!id:757
@!!loc:7718:30:7718:34
@!!status:to be proved
@!!END

@!!BEGIN
@!!type:obligation
@!!id:758
@!!loc:7718:36:7718:40
@!!status:to be proved
@!!END

@!!BEGIN
@!!type:obligation
@!!id:759
@!!loc:7718:42:7718:50
@!!status:to be proved
@!!END

@!!BEGIN
@!!type:obligation
@!!id:760
@!!loc:7719:45:7719:47
@!!status:to be proved
@!!END

@!!BEGIN
@!!type:obligation
@!!id:761
@!!loc:7721:3:7721:5
@!!status:to be proved
@!!END

@!!BEGIN
@!!type:obligation
@!!id:762
@!!loc:7721:6:7721:10
@!!status:to be proved
@!!END

@!!BEGIN
@!!type:obligation
@!!id:763
@!!loc:7722:12:7722:14
@!!status:to be proved
@!!END

@!!BEGIN
@!!type:obligation
@!!id:764
@!!loc:7722:15:7722:19
@!!status:to be proved
@!!END

@!!BEGIN
@!!type:obligation
@!!id:765
@!!loc:7722:21:7722:25
@!!status:to be proved
@!!END

@!!BEGIN
@!!type:obligation
@!!id:766
@!!loc:7722:27:7722:34
@!!status:to be proved
@!!END

@!!BEGIN
@!!type:obligation
@!!id:767
@!!loc:7723:14:7723:16
@!!status:to be proved
@!!END

@!!BEGIN
@!!type:obligation
@!!id:768
@!!loc:7723:17:7723:21
@!!status:to be proved
@!!END

@!!BEGIN
@!!type:obligation
@!!id:769
@!!loc:7723:23:7723:27
@!!status:to be proved
@!!END

@!!BEGIN
@!!type:obligation
@!!id:770
@!!loc:7723:29:7723:37
@!!status:to be proved
@!!END

@!!BEGIN
@!!type:obligation
@!!id:771
@!!loc:7743:10:7743:12
@!!status:to be proved
@!!END

@!!BEGIN
@!!type:obligation
@!!id:772
@!!loc:7743:13:7743:17
@!!status:to be proved
@!!END

@!!BEGIN
@!!type:obligation
@!!id:773
@!!loc:7743:19:7743:23
@!!status:to be proved
@!!END

@!!BEGIN
@!!type:obligation
@!!id:774
@!!loc:7743:25:7743:29
@!!status:to be proved
@!!END

@!!BEGIN
@!!type:obligation
@!!id:775
@!!loc:7743:31:7743:36
@!!status:to be proved
@!!END

@!!BEGIN
@!!type:obligation
@!!id:776
@!!loc:7743:38:7743:42
@!!status:to be proved
@!!END

@!!BEGIN
@!!type:obligation
@!!id:777
@!!loc:7743:44:7743:48
@!!status:to be proved
@!!END

@!!BEGIN
@!!type:obligation
@!!id:778
@!!loc:7743:50:7743:54
@!!status:to be proved
@!!END

@!!BEGIN
@!!type:obligation
@!!id:779
@!!loc:7743:56:7743:65
@!!status:to be proved
@!!END

@!!BEGIN
@!!type:obligation
@!!id:780
@!!loc:7729:14:7729:16
@!!status:to be proved
@!!END

@!!BEGIN
@!!type:obligation
@!!id:781
@!!loc:7729:17:7729:25
@!!status:to be proved
@!!END

@!!BEGIN
@!!type:obligation
@!!id:782
@!!loc:7730:12:7730:14
@!!status:to be proved
@!!END

@!!BEGIN
@!!type:obligation
@!!id:783
@!!loc:7733:3:7733:5
@!!status:to be proved
@!!END

@!!BEGIN
@!!type:obligation
@!!id:784
@!!loc:7734:15:7734:17
@!!status:to be proved
@!!END

@!!BEGIN
@!!type:obligation
@!!id:785
@!!loc:7734:18:7734:22
@!!status:to be proved
@!!END

@!!BEGIN
@!!type:obligation
@!!id:786
@!!loc:7734:24:7734:28
@!!status:to be proved
@!!END

@!!BEGIN
@!!type:obligation
@!!id:787
@!!loc:7735:17:7735:19
@!!status:to be proved
@!!END

@!!BEGIN
@!!type:obligation
@!!id:788
@!!loc:7736:76:7736:78
@!!status:to be proved
@!!END

@!!BEGIN
@!!type:obligation
@!!id:789
@!!loc:7737:24:7737:26
@!!status:to be proved
@!!END

@!!BEGIN
@!!type:obligation
@!!id:790
@!!loc:7737:27:7737:31
@!!status:to be proved
@!!END

@!!BEGIN
@!!type:obligation
@!!id:791
@!!loc:7737:33:7737:37
@!!status:to be proved
@!!END

@!!BEGIN
@!!type:obligation
@!!id:792
@!!loc:7737:39:7737:47
@!!status:to be proved
@!!END

@!!BEGIN
@!!type:obligation
@!!id:793
@!!loc:7738:42:7738:44
@!!status:to be proved
@!!END

@!!BEGIN
@!!type:obligation
@!!id:794
@!!loc:7740:3:7740:5
@!!status:to be proved
@!!END

@!!BEGIN
@!!type:obligation
@!!id:795
@!!loc:7740:6:7740:10
@!!status:to be proved
@!!END

@!!BEGIN
@!!type:obligation
@!!id:796
@!!loc:7741:12:7741:14
@!!status:to be proved
@!!END

@!!BEGIN
@!!type:obligation
@!!id:797
@!!loc:7741:15:7741:19
@!!status:to be proved
@!!END

@!!BEGIN
@!!type:obligation
@!!id:798
@!!loc:7741:21:7741:25
@!!status:to be proved
@!!END

@!!BEGIN
@!!type:obligation
@!!id:799
@!!loc:7741:27:7741:34
@!!status:to be proved
@!!END

@!!BEGIN
@!!type:obligation
@!!id:800
@!!loc:7742:14:7742:16
@!!status:to be proved
@!!END

@!!BEGIN
@!!type:obligation
@!!id:801
@!!loc:7742:17:7742:21
@!!status:to be proved
@!!END

@!!BEGIN
@!!type:obligation
@!!id:802
@!!loc:7742:23:7742:27
@!!status:to be proved
@!!END

@!!BEGIN
@!!type:obligation
@!!id:803
@!!loc:7742:29:7742:37
@!!status:to be proved
@!!END

@!!BEGIN
@!!type:obligation
@!!id:804
@!!loc:7762:10:7762:12
@!!status:to be proved
@!!END

@!!BEGIN
@!!type:obligation
@!!id:805
@!!loc:7762:13:7762:17
@!!status:to be proved
@!!END

@!!BEGIN
@!!type:obligation
@!!id:806
@!!loc:7762:19:7762:23
@!!status:to be proved
@!!END

@!!BEGIN
@!!type:obligation
@!!id:807
@!!loc:7762:25:7762:29
@!!status:to be proved
@!!END

@!!BEGIN
@!!type:obligation
@!!id:808
@!!loc:7762:31:7762:36
@!!status:to be proved
@!!END

@!!BEGIN
@!!type:obligation
@!!id:809
@!!loc:7762:38:7762:42
@!!status:to be proved
@!!END

@!!BEGIN
@!!type:obligation
@!!id:810
@!!loc:7762:44:7762:48
@!!status:to be proved
@!!END

@!!BEGIN
@!!type:obligation
@!!id:811
@!!loc:7762:50:7762:54
@!!status:to be proved
@!!END

@!!BEGIN
@!!type:obligation
@!!id:812
@!!loc:7762:56:7762:65
@!!status:to be proved
@!!END

@!!BEGIN
@!!type:obligation
@!!id:813
@!!loc:7748:14:7748:16
@!!status:to be proved
@!!END

@!!BEGIN
@!!type:obligation
@!!id:814
@!!loc:7748:17:7748:26
@!!status:to be proved
@!!END

@!!BEGIN
@!!type:obligation
@!!id:815
@!!loc:7749:12:7749:14
@!!status:to be proved
@!!END

@!!BEGIN
@!!type:obligation
@!!id:816
@!!loc:7752:3:7752:5
@!!status:to be proved
@!!END

@!!BEGIN
@!!type:obligation
@!!id:817
@!!loc:7753:15:7753:17
@!!status:to be proved
@!!END

@!!BEGIN
@!!type:obligation
@!!id:818
@!!loc:7753:18:7753:22
@!!status:to be proved
@!!END

@!!BEGIN
@!!type:obligation
@!!id:819
@!!loc:7753:24:7753:28
@!!status:to be proved
@!!END

@!!BEGIN
@!!type:obligation
@!!id:820
@!!loc:7754:17:7754:19
@!!status:to be proved
@!!END

@!!BEGIN
@!!type:obligation
@!!id:821
@!!loc:7755:77:7755:79
@!!status:to be proved
@!!END

@!!BEGIN
@!!type:obligation
@!!id:822
@!!loc:7756:25:7756:27
@!!status:to be proved
@!!END

@!!BEGIN
@!!type:obligation
@!!id:823
@!!loc:7756:28:7756:32
@!!status:to be proved
@!!END

@!!BEGIN
@!!type:obligation
@!!id:824
@!!loc:7756:34:7756:38
@!!status:to be proved
@!!END

@!!BEGIN
@!!type:obligation
@!!id:825
@!!loc:7756:40:7756:48
@!!status:to be proved
@!!END

@!!BEGIN
@!!type:obligation
@!!id:826
@!!loc:7757:43:7757:45
@!!status:to be proved
@!!END

@!!BEGIN
@!!type:obligation
@!!id:827
@!!loc:7759:3:7759:5
@!!status:to be proved
@!!END

@!!BEGIN
@!!type:obligation
@!!id:828
@!!loc:7759:6:7759:10
@!!status:to be proved
@!!END

@!!BEGIN
@!!type:obligation
@!!id:829
@!!loc:7760:12:7760:14
@!!status:to be proved
@!!END

@!!BEGIN
@!!type:obligation
@!!id:830
@!!loc:7760:15:7760:19
@!!status:to be proved
@!!END

@!!BEGIN
@!!type:obligation
@!!id:831
@!!loc:7760:21:7760:25
@!!status:to be proved
@!!END

@!!BEGIN
@!!type:obligation
@!!id:832
@!!loc:7760:27:7760:34
@!!status:to be proved
@!!END

@!!BEGIN
@!!type:obligation
@!!id:833
@!!loc:7761:14:7761:16
@!!status:to be proved
@!!END

@!!BEGIN
@!!type:obligation
@!!id:834
@!!loc:7761:17:7761:21
@!!status:to be proved
@!!END

@!!BEGIN
@!!type:obligation
@!!id:835
@!!loc:7761:23:7761:27
@!!status:to be proved
@!!END

@!!BEGIN
@!!type:obligation
@!!id:836
@!!loc:7761:29:7761:37
@!!status:to be proved
@!!END

@!!BEGIN
@!!type:obligation
@!!id:837
@!!loc:7781:10:7781:12
@!!status:to be proved
@!!END

@!!BEGIN
@!!type:obligation
@!!id:838
@!!loc:7781:13:7781:17
@!!status:to be proved
@!!END

@!!BEGIN
@!!type:obligation
@!!id:839
@!!loc:7781:19:7781:23
@!!status:to be proved
@!!END

@!!BEGIN
@!!type:obligation
@!!id:840
@!!loc:7781:25:7781:29
@!!status:to be proved
@!!END

@!!BEGIN
@!!type:obligation
@!!id:841
@!!loc:7781:31:7781:36
@!!status:to be proved
@!!END

@!!BEGIN
@!!type:obligation
@!!id:842
@!!loc:7781:38:7781:42
@!!status:to be proved
@!!END

@!!BEGIN
@!!type:obligation
@!!id:843
@!!loc:7781:44:7781:48
@!!status:to be proved
@!!END

@!!BEGIN
@!!type:obligation
@!!id:844
@!!loc:7781:50:7781:54
@!!status:to be proved
@!!END

@!!BEGIN
@!!type:obligation
@!!id:845
@!!loc:7781:56:7781:65
@!!status:to be proved
@!!END

@!!BEGIN
@!!type:obligation
@!!id:846
@!!loc:7767:14:7767:16
@!!status:to be proved
@!!END

@!!BEGIN
@!!type:obligation
@!!id:847
@!!loc:7767:17:7767:27
@!!status:to be proved
@!!END

@!!BEGIN
@!!type:obligation
@!!id:848
@!!loc:7768:12:7768:14
@!!status:to be proved
@!!END

@!!BEGIN
@!!type:obligation
@!!id:849
@!!loc:7771:3:7771:5
@!!status:to be proved
@!!END

@!!BEGIN
@!!type:obligation
@!!id:850
@!!loc:7772:15:7772:17
@!!status:to be proved
@!!END

@!!BEGIN
@!!type:obligation
@!!id:851
@!!loc:7772:18:7772:22
@!!status:to be proved
@!!END

@!!BEGIN
@!!type:obligation
@!!id:852
@!!loc:7772:24:7772:28
@!!status:to be proved
@!!END

@!!BEGIN
@!!type:obligation
@!!id:853
@!!loc:7773:17:7773:19
@!!status:to be proved
@!!END

@!!BEGIN
@!!type:obligation
@!!id:854
@!!loc:7774:78:7774:80
@!!status:to be proved
@!!END

@!!BEGIN
@!!type:obligation
@!!id:855
@!!loc:7775:26:7775:28
@!!status:to be proved
@!!END

@!!BEGIN
@!!type:obligation
@!!id:856
@!!loc:7775:29:7775:33
@!!status:to be proved
@!!END

@!!BEGIN
@!!type:obligation
@!!id:857
@!!loc:7775:35:7775:39
@!!status:to be proved
@!!END

@!!BEGIN
@!!type:obligation
@!!id:858
@!!loc:7775:41:7775:49
@!!status:to be proved
@!!END

@!!BEGIN
@!!type:obligation
@!!id:859
@!!loc:7776:44:7776:46
@!!status:to be proved
@!!END

@!!BEGIN
@!!type:obligation
@!!id:860
@!!loc:7778:3:7778:5
@!!status:to be proved
@!!END

@!!BEGIN
@!!type:obligation
@!!id:861
@!!loc:7778:6:7778:10
@!!status:to be proved
@!!END

@!!BEGIN
@!!type:obligation
@!!id:862
@!!loc:7779:12:7779:14
@!!status:to be proved
@!!END

@!!BEGIN
@!!type:obligation
@!!id:863
@!!loc:7779:15:7779:19
@!!status:to be proved
@!!END

@!!BEGIN
@!!type:obligation
@!!id:864
@!!loc:7779:21:7779:25
@!!status:to be proved
@!!END

@!!BEGIN
@!!type:obligation
@!!id:865
@!!loc:7779:27:7779:34
@!!status:to be proved
@!!END

@!!BEGIN
@!!type:obligation
@!!id:866
@!!loc:7780:14:7780:16
@!!status:to be proved
@!!END

@!!BEGIN
@!!type:obligation
@!!id:867
@!!loc:7780:17:7780:21
@!!status:to be proved
@!!END

@!!BEGIN
@!!type:obligation
@!!id:868
@!!loc:7780:23:7780:27
@!!status:to be proved
@!!END

@!!BEGIN
@!!type:obligation
@!!id:869
@!!loc:7780:29:7780:37
@!!status:to be proved
@!!END

@!!BEGIN
@!!type:obligation
@!!id:870
@!!loc:7800:10:7800:12
@!!status:to be proved
@!!END

@!!BEGIN
@!!type:obligation
@!!id:871
@!!loc:7800:13:7800:17
@!!status:to be proved
@!!END

@!!BEGIN
@!!type:obligation
@!!id:872
@!!loc:7800:19:7800:23
@!!status:to be proved
@!!END

@!!BEGIN
@!!type:obligation
@!!id:873
@!!loc:7800:25:7800:29
@!!status:to be proved
@!!END

@!!BEGIN
@!!type:obligation
@!!id:874
@!!loc:7800:31:7800:36
@!!status:to be proved
@!!END

@!!BEGIN
@!!type:obligation
@!!id:875
@!!loc:7800:38:7800:42
@!!status:to be proved
@!!END

@!!BEGIN
@!!type:obligation
@!!id:876
@!!loc:7800:44:7800:48
@!!status:to be proved
@!!END

@!!BEGIN
@!!type:obligation
@!!id:877
@!!loc:7800:50:7800:54
@!!status:to be proved
@!!END

@!!BEGIN
@!!type:obligation
@!!id:878
@!!loc:7800:56:7800:65
@!!status:to be proved
@!!END

@!!BEGIN
@!!type:obligation
@!!id:879
@!!loc:7786:14:7786:16
@!!status:to be proved
@!!END

@!!BEGIN
@!!type:obligation
@!!id:880
@!!loc:7786:17:7786:27
@!!status:to be proved
@!!END

@!!BEGIN
@!!type:obligation
@!!id:881
@!!loc:7787:12:7787:14
@!!status:to be proved
@!!END

@!!BEGIN
@!!type:obligation
@!!id:882
@!!loc:7790:3:7790:5
@!!status:to be proved
@!!END

@!!BEGIN
@!!type:obligation
@!!id:883
@!!loc:7791:15:7791:17
@!!status:to be proved
@!!END

@!!BEGIN
@!!type:obligation
@!!id:884
@!!loc:7791:18:7791:22
@!!status:to be proved
@!!END

@!!BEGIN
@!!type:obligation
@!!id:885
@!!loc:7791:24:7791:28
@!!status:to be proved
@!!END

@!!BEGIN
@!!type:obligation
@!!id:886
@!!loc:7792:17:7792:19
@!!status:to be proved
@!!END

@!!BEGIN
@!!type:obligation
@!!id:887
@!!loc:7793:78:7793:80
@!!status:to be proved
@!!END

@!!BEGIN
@!!type:obligation
@!!id:888
@!!loc:7794:26:7794:28
@!!status:to be proved
@!!END

@!!BEGIN
@!!type:obligation
@!!id:889
@!!loc:7794:29:7794:33
@!!status:to be proved
@!!END

@!!BEGIN
@!!type:obligation
@!!id:890
@!!loc:7794:35:7794:39
@!!status:to be proved
@!!END

@!!BEGIN
@!!type:obligation
@!!id:891
@!!loc:7794:41:7794:49
@!!status:to be proved
@!!END

@!!BEGIN
@!!type:obligation
@!!id:892
@!!loc:7795:44:7795:46
@!!status:to be proved
@!!END

@!!BEGIN
@!!type:obligation
@!!id:893
@!!loc:7797:3:7797:5
@!!status:to be proved
@!!END

@!!BEGIN
@!!type:obligation
@!!id:894
@!!loc:7797:6:7797:10
@!!status:to be proved
@!!END

@!!BEGIN
@!!type:obligation
@!!id:895
@!!loc:7798:12:7798:14
@!!status:to be proved
@!!END

@!!BEGIN
@!!type:obligation
@!!id:896
@!!loc:7798:15:7798:19
@!!status:to be proved
@!!END

@!!BEGIN
@!!type:obligation
@!!id:897
@!!loc:7798:21:7798:25
@!!status:to be proved
@!!END

@!!BEGIN
@!!type:obligation
@!!id:898
@!!loc:7798:27:7798:34
@!!status:to be proved
@!!END

@!!BEGIN
@!!type:obligation
@!!id:899
@!!loc:7799:14:7799:16
@!!status:to be proved
@!!END

@!!BEGIN
@!!type:obligation
@!!id:900
@!!loc:7799:17:7799:21
@!!status:to be proved
@!!END

@!!BEGIN
@!!type:obligation
@!!id:901
@!!loc:7799:23:7799:27
@!!status:to be proved
@!!END

@!!BEGIN
@!!type:obligation
@!!id:902
@!!loc:7799:29:7799:37
@!!status:to be proved
@!!END

@!!BEGIN
@!!type:obligation
@!!id:903
@!!loc:7821:10:7821:12
@!!status:to be proved
@!!END

@!!BEGIN
@!!type:obligation
@!!id:904
@!!loc:7821:13:7821:17
@!!status:to be proved
@!!END

@!!BEGIN
@!!type:obligation
@!!id:905
@!!loc:7821:19:7821:23
@!!status:to be proved
@!!END

@!!BEGIN
@!!type:obligation
@!!id:906
@!!loc:7821:25:7821:29
@!!status:to be proved
@!!END

@!!BEGIN
@!!type:obligation
@!!id:907
@!!loc:7821:31:7821:36
@!!status:to be proved
@!!END

@!!BEGIN
@!!type:obligation
@!!id:908
@!!loc:7821:38:7821:42
@!!status:to be proved
@!!END

@!!BEGIN
@!!type:obligation
@!!id:909
@!!loc:7821:44:7821:48
@!!status:to be proved
@!!END

@!!BEGIN
@!!type:obligation
@!!id:910
@!!loc:7821:50:7821:54
@!!status:to be proved
@!!END

@!!BEGIN
@!!type:obligation
@!!id:911
@!!loc:7821:56:7821:65
@!!status:to be proved
@!!END

@!!BEGIN
@!!type:obligation
@!!id:912
@!!loc:7805:14:7805:16
@!!status:to be proved
@!!END

@!!BEGIN
@!!type:obligation
@!!id:913
@!!loc:7805:17:7805:26
@!!status:to be proved
@!!END

@!!BEGIN
@!!type:obligation
@!!id:914
@!!loc:7806:12:7806:14
@!!status:to be proved
@!!END

@!!BEGIN
@!!type:obligation
@!!id:915
@!!loc:7809:3:7809:5
@!!status:to be proved
@!!END

@!!BEGIN
@!!type:obligation
@!!id:916
@!!loc:7810:15:7810:17
@!!status:to be proved
@!!END

@!!BEGIN
@!!type:obligation
@!!id:917
@!!loc:7810:18:7810:22
@!!status:to be proved
@!!END

@!!BEGIN
@!!type:obligation
@!!id:918
@!!loc:7810:24:7810:28
@!!status:to be proved
@!!END

@!!BEGIN
@!!type:obligation
@!!id:919
@!!loc:7811:17:7811:19
@!!status:to be proved
@!!END

@!!BEGIN
@!!type:obligation
@!!id:920
@!!loc:7812:77:7812:79
@!!status:to be proved
@!!END

@!!BEGIN
@!!type:obligation
@!!id:921
@!!loc:7813:25:7813:27
@!!status:to be proved
@!!END

@!!BEGIN
@!!type:obligation
@!!id:922
@!!loc:7813:28:7813:32
@!!status:to be proved
@!!END

@!!BEGIN
@!!type:obligation
@!!id:923
@!!loc:7813:34:7813:38
@!!status:to be proved
@!!END

@!!BEGIN
@!!type:obligation
@!!id:924
@!!loc:7813:40:7813:48
@!!status:to be proved
@!!END

@!!BEGIN
@!!type:obligation
@!!id:925
@!!loc:7816:50:7816:52
@!!status:to be proved
@!!END

@!!BEGIN
@!!type:obligation
@!!id:926
@!!loc:7818:3:7818:5
@!!status:to be proved
@!!END

@!!BEGIN
@!!type:obligation
@!!id:927
@!!loc:7818:6:7818:10
@!!status:to be proved
@!!END

@!!BEGIN
@!!type:obligation
@!!id:928
@!!loc:7819:12:7819:14
@!!status:to be proved
@!!END

@!!BEGIN
@!!type:obligation
@!!id:929
@!!loc:7819:15:7819:19
@!!status:to be proved
@!!END

@!!BEGIN
@!!type:obligation
@!!id:930
@!!loc:7819:21:7819:25
@!!status:to be proved
@!!END

@!!BEGIN
@!!type:obligation
@!!id:931
@!!loc:7819:27:7819:34
@!!status:to be proved
@!!END

@!!BEGIN
@!!type:obligation
@!!id:932
@!!loc:7820:14:7820:16
@!!status:to be proved
@!!END

@!!BEGIN
@!!type:obligation
@!!id:933
@!!loc:7820:17:7820:21
@!!status:to be proved
@!!END

@!!BEGIN
@!!type:obligation
@!!id:934
@!!loc:7820:23:7820:27
@!!status:to be proved
@!!END

@!!BEGIN
@!!type:obligation
@!!id:935
@!!loc:7820:29:7820:37
@!!status:to be proved
@!!END

@!!BEGIN
@!!type:obligation
@!!id:936
@!!loc:7840:10:7840:12
@!!status:to be proved
@!!END

@!!BEGIN
@!!type:obligation
@!!id:937
@!!loc:7840:13:7840:17
@!!status:to be proved
@!!END

@!!BEGIN
@!!type:obligation
@!!id:938
@!!loc:7840:19:7840:23
@!!status:to be proved
@!!END

@!!BEGIN
@!!type:obligation
@!!id:939
@!!loc:7840:25:7840:29
@!!status:to be proved
@!!END

@!!BEGIN
@!!type:obligation
@!!id:940
@!!loc:7840:31:7840:36
@!!status:to be proved
@!!END

@!!BEGIN
@!!type:obligation
@!!id:941
@!!loc:7840:38:7840:42
@!!status:to be proved
@!!END

@!!BEGIN
@!!type:obligation
@!!id:942
@!!loc:7840:44:7840:48
@!!status:to be proved
@!!END

@!!BEGIN
@!!type:obligation
@!!id:943
@!!loc:7840:50:7840:54
@!!status:to be proved
@!!END

@!!BEGIN
@!!type:obligation
@!!id:944
@!!loc:7840:56:7840:65
@!!status:to be proved
@!!END

@!!BEGIN
@!!type:obligation
@!!id:945
@!!loc:7826:14:7826:16
@!!status:to be proved
@!!END

@!!BEGIN
@!!type:obligation
@!!id:946
@!!loc:7826:17:7826:27
@!!status:to be proved
@!!END

@!!BEGIN
@!!type:obligation
@!!id:947
@!!loc:7827:12:7827:14
@!!status:to be proved
@!!END

@!!BEGIN
@!!type:obligation
@!!id:948
@!!loc:7830:3:7830:5
@!!status:to be proved
@!!END

@!!BEGIN
@!!type:obligation
@!!id:949
@!!loc:7831:15:7831:17
@!!status:to be proved
@!!END

@!!BEGIN
@!!type:obligation
@!!id:950
@!!loc:7831:18:7831:22
@!!status:to be proved
@!!END

@!!BEGIN
@!!type:obligation
@!!id:951
@!!loc:7831:24:7831:28
@!!status:to be proved
@!!END

@!!BEGIN
@!!type:obligation
@!!id:952
@!!loc:7832:17:7832:19
@!!status:to be proved
@!!END

@!!BEGIN
@!!type:obligation
@!!id:953
@!!loc:7833:78:7833:80
@!!status:to be proved
@!!END

@!!BEGIN
@!!type:obligation
@!!id:954
@!!loc:7834:26:7834:28
@!!status:to be proved
@!!END

@!!BEGIN
@!!type:obligation
@!!id:955
@!!loc:7834:29:7834:33
@!!status:to be proved
@!!END

@!!BEGIN
@!!type:obligation
@!!id:956
@!!loc:7834:35:7834:39
@!!status:to be proved
@!!END

@!!BEGIN
@!!type:obligation
@!!id:957
@!!loc:7834:41:7834:49
@!!status:to be proved
@!!END

@!!BEGIN
@!!type:obligation
@!!id:958
@!!loc:7835:44:7835:46
@!!status:to be proved
@!!END

@!!BEGIN
@!!type:obligation
@!!id:959
@!!loc:7837:3:7837:5
@!!status:to be proved
@!!END

@!!BEGIN
@!!type:obligation
@!!id:960
@!!loc:7837:6:7837:10
@!!status:to be proved
@!!END

@!!BEGIN
@!!type:obligation
@!!id:961
@!!loc:7838:12:7838:14
@!!status:to be proved
@!!END

@!!BEGIN
@!!type:obligation
@!!id:962
@!!loc:7838:15:7838:19
@!!status:to be proved
@!!END

@!!BEGIN
@!!type:obligation
@!!id:963
@!!loc:7838:21:7838:25
@!!status:to be proved
@!!END

@!!BEGIN
@!!type:obligation
@!!id:964
@!!loc:7838:27:7838:34
@!!status:to be proved
@!!END

@!!BEGIN
@!!type:obligation
@!!id:965
@!!loc:7839:14:7839:16
@!!status:to be proved
@!!END

@!!BEGIN
@!!type:obligation
@!!id:966
@!!loc:7839:17:7839:21
@!!status:to be proved
@!!END

@!!BEGIN
@!!type:obligation
@!!id:967
@!!loc:7839:23:7839:27
@!!status:to be proved
@!!END

@!!BEGIN
@!!type:obligation
@!!id:968
@!!loc:7839:29:7839:37
@!!status:to be proved
@!!END

@!!BEGIN
@!!type:obligation
@!!id:969
@!!loc:7859:10:7859:12
@!!status:to be proved
@!!END

@!!BEGIN
@!!type:obligation
@!!id:970
@!!loc:7859:13:7859:17
@!!status:to be proved
@!!END

@!!BEGIN
@!!type:obligation
@!!id:971
@!!loc:7859:19:7859:23
@!!status:to be proved
@!!END

@!!BEGIN
@!!type:obligation
@!!id:972
@!!loc:7859:25:7859:29
@!!status:to be proved
@!!END

@!!BEGIN
@!!type:obligation
@!!id:973
@!!loc:7859:31:7859:36
@!!status:to be proved
@!!END

@!!BEGIN
@!!type:obligation
@!!id:974
@!!loc:7859:38:7859:42
@!!status:to be proved
@!!END

@!!BEGIN
@!!type:obligation
@!!id:975
@!!loc:7859:44:7859:48
@!!status:to be proved
@!!END

@!!BEGIN
@!!type:obligation
@!!id:976
@!!loc:7859:50:7859:54
@!!status:to be proved
@!!END

@!!BEGIN
@!!type:obligation
@!!id:977
@!!loc:7859:56:7859:65
@!!status:to be proved
@!!END

@!!BEGIN
@!!type:obligation
@!!id:978
@!!loc:7845:14:7845:16
@!!status:to be proved
@!!END

@!!BEGIN
@!!type:obligation
@!!id:979
@!!loc:7845:17:7845:24
@!!status:to be proved
@!!END

@!!BEGIN
@!!type:obligation
@!!id:980
@!!loc:7846:12:7846:14
@!!status:to be proved
@!!END

@!!BEGIN
@!!type:obligation
@!!id:981
@!!loc:7849:3:7849:5
@!!status:to be proved
@!!END

@!!BEGIN
@!!type:obligation
@!!id:982
@!!loc:7850:15:7850:17
@!!status:to be proved
@!!END

@!!BEGIN
@!!type:obligation
@!!id:983
@!!loc:7850:18:7850:22
@!!status:to be proved
@!!END

@!!BEGIN
@!!type:obligation
@!!id:984
@!!loc:7850:24:7850:28
@!!status:to be proved
@!!END

@!!BEGIN
@!!type:obligation
@!!id:985
@!!loc:7851:17:7851:19
@!!status:to be proved
@!!END

@!!BEGIN
@!!type:obligation
@!!id:986
@!!loc:7852:115:7852:117
@!!status:to be proved
@!!END

@!!BEGIN
@!!type:obligation
@!!id:988
@!!loc:7853:29:7853:31
@!!status:to be proved
@!!END

@!!BEGIN
@!!type:obligation
@!!id:989
@!!loc:7853:32:7853:36
@!!status:to be proved
@!!END

@!!BEGIN
@!!type:obligation
@!!id:990
@!!loc:7853:38:7853:42
@!!status:to be proved
@!!END

@!!BEGIN
@!!type:obligation
@!!id:991
@!!loc:7853:44:7853:52
@!!status:to be proved
@!!END

@!!BEGIN
@!!type:obligation
@!!id:992
@!!loc:7854:49:7854:51
@!!status:to be proved
@!!END

@!!BEGIN
@!!type:obligation
@!!id:993
@!!loc:7856:3:7856:5
@!!status:to be proved
@!!END

@!!BEGIN
@!!type:obligation
@!!id:994
@!!loc:7856:6:7856:10
@!!status:to be proved
@!!END

@!!BEGIN
@!!type:obligation
@!!id:995
@!!loc:7857:12:7857:14
@!!status:to be proved
@!!END

@!!BEGIN
@!!type:obligation
@!!id:996
@!!loc:7857:15:7857:19
@!!status:to be proved
@!!END

@!!BEGIN
@!!type:obligation
@!!id:997
@!!loc:7857:21:7857:25
@!!status:to be proved
@!!END

@!!BEGIN
@!!type:obligation
@!!id:998
@!!loc:7857:27:7857:34
@!!status:to be proved
@!!END

@!!BEGIN
@!!type:obligation
@!!id:999
@!!loc:7858:14:7858:16
@!!status:to be proved
@!!END

@!!BEGIN
@!!type:obligation
@!!id:1000
@!!loc:7858:17:7858:21
@!!status:to be proved
@!!END

@!!BEGIN
@!!type:obligation
@!!id:1001
@!!loc:7858:23:7858:27
@!!status:to be proved
@!!END

@!!BEGIN
@!!type:obligation
@!!id:1002
@!!loc:7858:29:7858:37
@!!status:to be proved
@!!END

@!!BEGIN
@!!type:obligation
@!!id:1003
@!!loc:7878:10:7878:12
@!!status:to be proved
@!!END

@!!BEGIN
@!!type:obligation
@!!id:1004
@!!loc:7878:13:7878:17
@!!status:to be proved
@!!END

@!!BEGIN
@!!type:obligation
@!!id:1005
@!!loc:7878:19:7878:23
@!!status:to be proved
@!!END

@!!BEGIN
@!!type:obligation
@!!id:1006
@!!loc:7878:25:7878:29
@!!status:to be proved
@!!END

@!!BEGIN
@!!type:obligation
@!!id:1007
@!!loc:7878:31:7878:36
@!!status:to be proved
@!!END

@!!BEGIN
@!!type:obligation
@!!id:1008
@!!loc:7878:38:7878:42
@!!status:to be proved
@!!END

@!!BEGIN
@!!type:obligation
@!!id:1009
@!!loc:7878:44:7878:48
@!!status:to be proved
@!!END

@!!BEGIN
@!!type:obligation
@!!id:1010
@!!loc:7878:50:7878:54
@!!status:to be proved
@!!END

@!!BEGIN
@!!type:obligation
@!!id:1011
@!!loc:7878:56:7878:65
@!!status:to be proved
@!!END

@!!BEGIN
@!!type:obligation
@!!id:1012
@!!loc:7864:14:7864:16
@!!status:to be proved
@!!END

@!!BEGIN
@!!type:obligation
@!!id:1013
@!!loc:7864:17:7864:32
@!!status:to be proved
@!!END

@!!BEGIN
@!!type:obligation
@!!id:1014
@!!loc:7865:12:7865:14
@!!status:to be proved
@!!END

@!!BEGIN
@!!type:obligation
@!!id:1015
@!!loc:7868:3:7868:5
@!!status:to be proved
@!!END

@!!BEGIN
@!!type:obligation
@!!id:1016
@!!loc:7869:15:7869:17
@!!status:to be proved
@!!END

@!!BEGIN
@!!type:obligation
@!!id:1017
@!!loc:7869:18:7869:22
@!!status:to be proved
@!!END

@!!BEGIN
@!!type:obligation
@!!id:1018
@!!loc:7869:24:7869:28
@!!status:to be proved
@!!END

@!!BEGIN
@!!type:obligation
@!!id:1019
@!!loc:7870:17:7870:19
@!!status:to be proved
@!!END

@!!BEGIN
@!!type:obligation
@!!id:1020
@!!loc:7871:121:7871:123
@!!status:to be proved
@!!END

@!!BEGIN
@!!type:obligation
@!!id:1022
@!!loc:7872:34:7872:36
@!!status:to be proved
@!!END

@!!BEGIN
@!!type:obligation
@!!id:1023
@!!loc:7872:37:7872:41
@!!status:to be proved
@!!END

@!!BEGIN
@!!type:obligation
@!!id:1024
@!!loc:7872:43:7872:47
@!!status:to be proved
@!!END

@!!BEGIN
@!!type:obligation
@!!id:1025
@!!loc:7872:49:7872:57
@!!status:to be proved
@!!END

@!!BEGIN
@!!type:obligation
@!!id:1026
@!!loc:7873:52:7873:54
@!!status:to be proved
@!!END

@!!BEGIN
@!!type:obligation
@!!id:1027
@!!loc:7875:3:7875:5
@!!status:to be proved
@!!END

@!!BEGIN
@!!type:obligation
@!!id:1028
@!!loc:7875:6:7875:10
@!!status:to be proved
@!!END

@!!BEGIN
@!!type:obligation
@!!id:1029
@!!loc:7876:12:7876:14
@!!status:to be proved
@!!END

@!!BEGIN
@!!type:obligation
@!!id:1030
@!!loc:7876:15:7876:19
@!!status:to be proved
@!!END

@!!BEGIN
@!!type:obligation
@!!id:1031
@!!loc:7876:21:7876:25
@!!status:to be proved
@!!END

@!!BEGIN
@!!type:obligation
@!!id:1032
@!!loc:7876:27:7876:34
@!!status:to be proved
@!!END

@!!BEGIN
@!!type:obligation
@!!id:1033
@!!loc:7877:14:7877:16
@!!status:to be proved
@!!END

@!!BEGIN
@!!type:obligation
@!!id:1034
@!!loc:7877:17:7877:21
@!!status:to be proved
@!!END

@!!BEGIN
@!!type:obligation
@!!id:1035
@!!loc:7877:23:7877:27
@!!status:to be proved
@!!END

@!!BEGIN
@!!type:obligation
@!!id:1036
@!!loc:7877:29:7877:37
@!!status:to be proved
@!!END

@!!BEGIN
@!!type:obligation
@!!id:1037
@!!loc:7899:10:7899:12
@!!status:to be proved
@!!END

@!!BEGIN
@!!type:obligation
@!!id:1038
@!!loc:7899:13:7899:17
@!!status:to be proved
@!!END

@!!BEGIN
@!!type:obligation
@!!id:1039
@!!loc:7899:19:7899:23
@!!status:to be proved
@!!END

@!!BEGIN
@!!type:obligation
@!!id:1040
@!!loc:7899:25:7899:29
@!!status:to be proved
@!!END

@!!BEGIN
@!!type:obligation
@!!id:1041
@!!loc:7899:31:7899:36
@!!status:to be proved
@!!END

@!!BEGIN
@!!type:obligation
@!!id:1042
@!!loc:7899:38:7899:42
@!!status:to be proved
@!!END

@!!BEGIN
@!!type:obligation
@!!id:1043
@!!loc:7899:44:7899:48
@!!status:to be proved
@!!END

@!!BEGIN
@!!type:obligation
@!!id:1044
@!!loc:7899:50:7899:54
@!!status:to be proved
@!!END

@!!BEGIN
@!!type:obligation
@!!id:1045
@!!loc:7899:56:7899:65
@!!status:to be proved
@!!END

@!!BEGIN
@!!type:obligation
@!!id:1046
@!!loc:7883:14:7883:16
@!!status:to be proved
@!!END

@!!BEGIN
@!!type:obligation
@!!id:1047
@!!loc:7883:17:7883:32
@!!status:to be proved
@!!END

@!!BEGIN
@!!type:obligation
@!!id:1048
@!!loc:7884:12:7884:14
@!!status:to be proved
@!!END

@!!BEGIN
@!!type:obligation
@!!id:1049
@!!loc:7887:3:7887:5
@!!status:to be proved
@!!END

@!!BEGIN
@!!type:obligation
@!!id:1050
@!!loc:7888:15:7888:17
@!!status:to be proved
@!!END

@!!BEGIN
@!!type:obligation
@!!id:1051
@!!loc:7888:18:7888:22
@!!status:to be proved
@!!END

@!!BEGIN
@!!type:obligation
@!!id:1052
@!!loc:7888:24:7888:28
@!!status:to be proved
@!!END

@!!BEGIN
@!!type:obligation
@!!id:1053
@!!loc:7889:17:7889:19
@!!status:to be proved
@!!END

@!!BEGIN
@!!type:obligation
@!!id:1054
@!!loc:7890:83:7890:85
@!!status:to be proved
@!!END

@!!BEGIN
@!!type:obligation
@!!id:1055
@!!loc:7891:31:7891:33
@!!status:to be proved
@!!END

@!!BEGIN
@!!type:obligation
@!!id:1056
@!!loc:7891:34:7891:38
@!!status:to be proved
@!!END

@!!BEGIN
@!!type:obligation
@!!id:1057
@!!loc:7891:40:7891:44
@!!status:to be proved
@!!END

@!!BEGIN
@!!type:obligation
@!!id:1058
@!!loc:7891:46:7891:54
@!!status:to be proved
@!!END

@!!BEGIN
@!!type:obligation
@!!id:1059
@!!loc:7894:36:7894:38
@!!status:to be proved
@!!END

@!!BEGIN
@!!type:obligation
@!!id:1060
@!!loc:7896:3:7896:5
@!!status:to be proved
@!!END

@!!BEGIN
@!!type:obligation
@!!id:1061
@!!loc:7896:6:7896:10
@!!status:to be proved
@!!END

@!!BEGIN
@!!type:obligation
@!!id:1062
@!!loc:7897:12:7897:14
@!!status:to be proved
@!!END

@!!BEGIN
@!!type:obligation
@!!id:1063
@!!loc:7897:15:7897:19
@!!status:to be proved
@!!END

@!!BEGIN
@!!type:obligation
@!!id:1064
@!!loc:7897:21:7897:25
@!!status:to be proved
@!!END

@!!BEGIN
@!!type:obligation
@!!id:1065
@!!loc:7897:27:7897:34
@!!status:to be proved
@!!END

@!!BEGIN
@!!type:obligation
@!!id:1066
@!!loc:7898:14:7898:16
@!!status:to be proved
@!!END

@!!BEGIN
@!!type:obligation
@!!id:1067
@!!loc:7898:17:7898:21
@!!status:to be proved
@!!END

@!!BEGIN
@!!type:obligation
@!!id:1068
@!!loc:7898:23:7898:27
@!!status:to be proved
@!!END

@!!BEGIN
@!!type:obligation
@!!id:1069
@!!loc:7898:29:7898:37
@!!status:to be proved
@!!END

@!!BEGIN
@!!type:obligation
@!!id:1070
@!!loc:7920:10:7920:12
@!!status:to be proved
@!!END

@!!BEGIN
@!!type:obligation
@!!id:1071
@!!loc:7920:13:7920:17
@!!status:to be proved
@!!END

@!!BEGIN
@!!type:obligation
@!!id:1072
@!!loc:7920:19:7920:23
@!!status:to be proved
@!!END

@!!BEGIN
@!!type:obligation
@!!id:1073
@!!loc:7920:25:7920:29
@!!status:to be proved
@!!END

@!!BEGIN
@!!type:obligation
@!!id:1074
@!!loc:7920:31:7920:36
@!!status:to be proved
@!!END

@!!BEGIN
@!!type:obligation
@!!id:1075
@!!loc:7920:38:7920:42
@!!status:to be proved
@!!END

@!!BEGIN
@!!type:obligation
@!!id:1076
@!!loc:7920:44:7920:48
@!!status:to be proved
@!!END

@!!BEGIN
@!!type:obligation
@!!id:1077
@!!loc:7920:50:7920:54
@!!status:to be proved
@!!END

@!!BEGIN
@!!type:obligation
@!!id:1078
@!!loc:7920:56:7920:65
@!!status:to be proved
@!!END

@!!BEGIN
@!!type:obligation
@!!id:1079
@!!loc:7904:14:7904:16
@!!status:to be proved
@!!END

@!!BEGIN
@!!type:obligation
@!!id:1080
@!!loc:7904:17:7904:33
@!!status:to be proved
@!!END

@!!BEGIN
@!!type:obligation
@!!id:1081
@!!loc:7905:12:7905:14
@!!status:to be proved
@!!END

@!!BEGIN
@!!type:obligation
@!!id:1082
@!!loc:7908:3:7908:5
@!!status:to be proved
@!!END

@!!BEGIN
@!!type:obligation
@!!id:1083
@!!loc:7909:15:7909:17
@!!status:to be proved
@!!END

@!!BEGIN
@!!type:obligation
@!!id:1084
@!!loc:7909:18:7909:22
@!!status:to be proved
@!!END

@!!BEGIN
@!!type:obligation
@!!id:1085
@!!loc:7909:24:7909:28
@!!status:to be proved
@!!END

@!!BEGIN
@!!type:obligation
@!!id:1086
@!!loc:7910:17:7910:19
@!!status:to be proved
@!!END

@!!BEGIN
@!!type:obligation
@!!id:1087
@!!loc:7913:5:7913:7
@!!status:to be proved
@!!END

@!!BEGIN
@!!type:obligation
@!!id:1089
@!!loc:7914:39:7914:41
@!!status:to be proved
@!!END

@!!BEGIN
@!!type:obligation
@!!id:1090
@!!loc:7914:42:7914:46
@!!status:to be proved
@!!END

@!!BEGIN
@!!type:obligation
@!!id:1091
@!!loc:7914:48:7914:52
@!!status:to be proved
@!!END

@!!BEGIN
@!!type:obligation
@!!id:1092
@!!loc:7914:54:7914:62
@!!status:to be proved
@!!END

@!!BEGIN
@!!type:obligation
@!!id:1093
@!!loc:7915:133:7915:135
@!!status:to be proved
@!!END

@!!BEGIN
@!!type:obligation
@!!id:1094
@!!loc:7917:3:7917:5
@!!status:to be proved
@!!END

@!!BEGIN
@!!type:obligation
@!!id:1095
@!!loc:7917:6:7917:10
@!!status:to be proved
@!!END

@!!BEGIN
@!!type:obligation
@!!id:1096
@!!loc:7918:12:7918:14
@!!status:to be proved
@!!END

@!!BEGIN
@!!type:obligation
@!!id:1097
@!!loc:7918:15:7918:19
@!!status:to be proved
@!!END

@!!BEGIN
@!!type:obligation
@!!id:1098
@!!loc:7918:21:7918:25
@!!status:to be proved
@!!END

@!!BEGIN
@!!type:obligation
@!!id:1099
@!!loc:7918:27:7918:34
@!!status:to be proved
@!!END

@!!BEGIN
@!!type:obligation
@!!id:1100
@!!loc:7919:14:7919:16
@!!status:to be proved
@!!END

@!!BEGIN
@!!type:obligation
@!!id:1101
@!!loc:7919:17:7919:21
@!!status:to be proved
@!!END

@!!BEGIN
@!!type:obligation
@!!id:1102
@!!loc:7919:23:7919:27
@!!status:to be proved
@!!END

@!!BEGIN
@!!type:obligation
@!!id:1103
@!!loc:7919:29:7919:37
@!!status:to be proved
@!!END

@!!BEGIN
@!!type:obligation
@!!id:1104
@!!loc:7939:10:7939:12
@!!status:to be proved
@!!END

@!!BEGIN
@!!type:obligation
@!!id:1105
@!!loc:7939:13:7939:17
@!!status:to be proved
@!!END

@!!BEGIN
@!!type:obligation
@!!id:1106
@!!loc:7939:19:7939:23
@!!status:to be proved
@!!END

@!!BEGIN
@!!type:obligation
@!!id:1107
@!!loc:7939:25:7939:29
@!!status:to be proved
@!!END

@!!BEGIN
@!!type:obligation
@!!id:1108
@!!loc:7939:31:7939:36
@!!status:to be proved
@!!END

@!!BEGIN
@!!type:obligation
@!!id:1109
@!!loc:7939:38:7939:42
@!!status:to be proved
@!!END

@!!BEGIN
@!!type:obligation
@!!id:1110
@!!loc:7939:44:7939:48
@!!status:to be proved
@!!END

@!!BEGIN
@!!type:obligation
@!!id:1111
@!!loc:7939:50:7939:54
@!!status:to be proved
@!!END

@!!BEGIN
@!!type:obligation
@!!id:1112
@!!loc:7939:56:7939:65
@!!status:to be proved
@!!END

@!!BEGIN
@!!type:obligation
@!!id:1113
@!!loc:7925:14:7925:16
@!!status:to be proved
@!!END

@!!BEGIN
@!!type:obligation
@!!id:1114
@!!loc:7925:17:7925:29
@!!status:to be proved
@!!END

@!!BEGIN
@!!type:obligation
@!!id:1115
@!!loc:7926:12:7926:14
@!!status:to be proved
@!!END

@!!BEGIN
@!!type:obligation
@!!id:1116
@!!loc:7929:3:7929:5
@!!status:to be proved
@!!END

@!!BEGIN
@!!type:obligation
@!!id:1117
@!!loc:7930:15:7930:17
@!!status:to be proved
@!!END

@!!BEGIN
@!!type:obligation
@!!id:1118
@!!loc:7930:18:7930:22
@!!status:to be proved
@!!END

@!!BEGIN
@!!type:obligation
@!!id:1119
@!!loc:7930:24:7930:28
@!!status:to be proved
@!!END

@!!BEGIN
@!!type:obligation
@!!id:1120
@!!loc:7931:17:7931:19
@!!status:to be proved
@!!END

@!!BEGIN
@!!type:obligation
@!!id:1121
@!!loc:7932:80:7932:82
@!!status:to be proved
@!!END

@!!BEGIN
@!!type:obligation
@!!id:1122
@!!loc:7933:28:7933:30
@!!status:to be proved
@!!END

@!!BEGIN
@!!type:obligation
@!!id:1123
@!!loc:7933:31:7933:35
@!!status:to be proved
@!!END

@!!BEGIN
@!!type:obligation
@!!id:1124
@!!loc:7933:37:7933:41
@!!status:to be proved
@!!END

@!!BEGIN
@!!type:obligation
@!!id:1125
@!!loc:7933:43:7933:51
@!!status:to be proved
@!!END

@!!BEGIN
@!!type:obligation
@!!id:1126
@!!loc:7934:46:7934:48
@!!status:to be proved
@!!END

@!!BEGIN
@!!type:obligation
@!!id:1127
@!!loc:7936:3:7936:5
@!!status:to be proved
@!!END

@!!BEGIN
@!!type:obligation
@!!id:1128
@!!loc:7936:6:7936:10
@!!status:to be proved
@!!END

@!!BEGIN
@!!type:obligation
@!!id:1129
@!!loc:7937:12:7937:14
@!!status:to be proved
@!!END

@!!BEGIN
@!!type:obligation
@!!id:1130
@!!loc:7937:15:7937:19
@!!status:to be proved
@!!END

@!!BEGIN
@!!type:obligation
@!!id:1131
@!!loc:7937:21:7937:25
@!!status:to be proved
@!!END

@!!BEGIN
@!!type:obligation
@!!id:1132
@!!loc:7937:27:7937:34
@!!status:to be proved
@!!END

@!!BEGIN
@!!type:obligation
@!!id:1133
@!!loc:7938:14:7938:16
@!!status:to be proved
@!!END

@!!BEGIN
@!!type:obligation
@!!id:1134
@!!loc:7938:17:7938:21
@!!status:to be proved
@!!END

@!!BEGIN
@!!type:obligation
@!!id:1135
@!!loc:7938:23:7938:27
@!!status:to be proved
@!!END

@!!BEGIN
@!!type:obligation
@!!id:1136
@!!loc:7938:29:7938:37
@!!status:to be proved
@!!END

@!!BEGIN
@!!type:obligation
@!!id:1137
@!!loc:7958:10:7958:12
@!!status:to be proved
@!!END

@!!BEGIN
@!!type:obligation
@!!id:1138
@!!loc:7958:13:7958:17
@!!status:to be proved
@!!END

@!!BEGIN
@!!type:obligation
@!!id:1139
@!!loc:7958:19:7958:23
@!!status:to be proved
@!!END

@!!BEGIN
@!!type:obligation
@!!id:1140
@!!loc:7958:25:7958:29
@!!status:to be proved
@!!END

@!!BEGIN
@!!type:obligation
@!!id:1141
@!!loc:7958:31:7958:36
@!!status:to be proved
@!!END

@!!BEGIN
@!!type:obligation
@!!id:1142
@!!loc:7958:38:7958:42
@!!status:to be proved
@!!END

@!!BEGIN
@!!type:obligation
@!!id:1143
@!!loc:7958:44:7958:48
@!!status:to be proved
@!!END

@!!BEGIN
@!!type:obligation
@!!id:1144
@!!loc:7958:50:7958:54
@!!status:to be proved
@!!END

@!!BEGIN
@!!type:obligation
@!!id:1145
@!!loc:7958:56:7958:65
@!!status:to be proved
@!!END

@!!BEGIN
@!!type:obligation
@!!id:1146
@!!loc:7944:14:7944:16
@!!status:to be proved
@!!END

@!!BEGIN
@!!type:obligation
@!!id:1147
@!!loc:7944:17:7944:29
@!!status:to be proved
@!!END

@!!BEGIN
@!!type:obligation
@!!id:1148
@!!loc:7945:12:7945:14
@!!status:to be proved
@!!END

@!!BEGIN
@!!type:obligation
@!!id:1149
@!!loc:7948:3:7948:5
@!!status:to be proved
@!!END

@!!BEGIN
@!!type:obligation
@!!id:1150
@!!loc:7949:15:7949:17
@!!status:to be proved
@!!END

@!!BEGIN
@!!type:obligation
@!!id:1151
@!!loc:7949:18:7949:22
@!!status:to be proved
@!!END

@!!BEGIN
@!!type:obligation
@!!id:1152
@!!loc:7949:24:7949:28
@!!status:to be proved
@!!END

@!!BEGIN
@!!type:obligation
@!!id:1153
@!!loc:7950:17:7950:19
@!!status:to be proved
@!!END

@!!BEGIN
@!!type:obligation
@!!id:1154
@!!loc:7951:120:7951:122
@!!status:to be proved
@!!END

@!!BEGIN
@!!type:obligation
@!!id:1156
@!!loc:7952:34:7952:36
@!!status:to be proved
@!!END

@!!BEGIN
@!!type:obligation
@!!id:1157
@!!loc:7952:37:7952:41
@!!status:to be proved
@!!END

@!!BEGIN
@!!type:obligation
@!!id:1158
@!!loc:7952:43:7952:47
@!!status:to be proved
@!!END

@!!BEGIN
@!!type:obligation
@!!id:1159
@!!loc:7952:49:7952:57
@!!status:to be proved
@!!END

@!!BEGIN
@!!type:obligation
@!!id:1160
@!!loc:7953:54:7953:56
@!!status:to be proved
@!!END

@!!BEGIN
@!!type:obligation
@!!id:1161
@!!loc:7955:3:7955:5
@!!status:to be proved
@!!END

@!!BEGIN
@!!type:obligation
@!!id:1162
@!!loc:7955:6:7955:10
@!!status:to be proved
@!!END

@!!BEGIN
@!!type:obligation
@!!id:1163
@!!loc:7956:12:7956:14
@!!status:to be proved
@!!END

@!!BEGIN
@!!type:obligation
@!!id:1164
@!!loc:7956:15:7956:19
@!!status:to be proved
@!!END

@!!BEGIN
@!!type:obligation
@!!id:1165
@!!loc:7956:21:7956:25
@!!status:to be proved
@!!END

@!!BEGIN
@!!type:obligation
@!!id:1166
@!!loc:7956:27:7956:34
@!!status:to be proved
@!!END

@!!BEGIN
@!!type:obligation
@!!id:1167
@!!loc:7957:14:7957:16
@!!status:to be proved
@!!END

@!!BEGIN
@!!type:obligation
@!!id:1168
@!!loc:7957:17:7957:21
@!!status:to be proved
@!!END

@!!BEGIN
@!!type:obligation
@!!id:1169
@!!loc:7957:23:7957:27
@!!status:to be proved
@!!END

@!!BEGIN
@!!type:obligation
@!!id:1170
@!!loc:7957:29:7957:37
@!!status:to be proved
@!!END

@!!BEGIN
@!!type:obligation
@!!id:1171
@!!loc:7968:10:7968:12
@!!status:to be proved
@!!END

@!!BEGIN
@!!type:obligation
@!!id:1172
@!!loc:7968:13:7968:17
@!!status:to be proved
@!!END

@!!BEGIN
@!!type:obligation
@!!id:1173
@!!loc:7968:19:7968:23
@!!status:to be proved
@!!END

@!!BEGIN
@!!type:obligation
@!!id:1174
@!!loc:7966:14:7966:16
@!!status:to be proved
@!!END

@!!BEGIN
@!!type:obligation
@!!id:1175
@!!loc:7966:17:7966:23
@!!status:to be proved
@!!END

@!!BEGIN
@!!type:obligation
@!!id:1176
@!!loc:7967:13:7967:15
@!!status:to be proved
@!!END

@!!BEGIN
@!!type:obligation
@!!id:1177
@!!loc:7967:16:7967:23
@!!status:to be proved
@!!END

@!!BEGIN
@!!type:obligation
@!!id:1178
@!!loc:7975:10:7975:12
@!!status:to be proved
@!!END

@!!BEGIN
@!!type:obligation
@!!id:1179
@!!loc:7975:13:7975:17
@!!status:to be proved
@!!END

@!!BEGIN
@!!type:obligation
@!!id:1180
@!!loc:7975:19:7975:23
@!!status:to be proved
@!!END

@!!BEGIN
@!!type:obligation
@!!id:1181
@!!loc:7973:14:7973:16
@!!status:to be proved
@!!END

@!!BEGIN
@!!type:obligation
@!!id:1182
@!!loc:7973:17:7973:24
@!!status:to be proved
@!!END

@!!BEGIN
@!!type:obligation
@!!id:1183
@!!loc:7974:13:7974:15
@!!status:to be proved
@!!END

@!!BEGIN
@!!type:obligation
@!!id:1184
@!!loc:7974:16:7974:23
@!!status:to be proved
@!!END

@!!BEGIN
@!!type:obligation
@!!id:1185
@!!loc:7982:10:7982:12
@!!status:to be proved
@!!END

@!!BEGIN
@!!type:obligation
@!!id:1186
@!!loc:7982:13:7982:17
@!!status:to be proved
@!!END

@!!BEGIN
@!!type:obligation
@!!id:1187
@!!loc:7982:19:7982:23
@!!status:to be proved
@!!END

@!!BEGIN
@!!type:obligation
@!!id:1188
@!!loc:7980:14:7980:16
@!!status:to be proved
@!!END

@!!BEGIN
@!!type:obligation
@!!id:1189
@!!loc:7980:17:7980:25
@!!status:to be proved
@!!END

@!!BEGIN
@!!type:obligation
@!!id:1190
@!!loc:7981:13:7981:15
@!!status:to be proved
@!!END

@!!BEGIN
@!!type:obligation
@!!id:1191
@!!loc:7981:16:7981:23
@!!status:to be proved
@!!END

@!!BEGIN
@!!type:obligation
@!!id:1192
@!!loc:8030:10:8030:12
@!!status:to be proved
@!!END

@!!BEGIN
@!!type:obligation
@!!id:1193
@!!loc:8030:13:8030:17
@!!status:to be proved
@!!END

@!!BEGIN
@!!type:obligation
@!!id:1194
@!!loc:8030:19:8030:23
@!!status:to be proved
@!!END

@!!BEGIN
@!!type:obligation
@!!id:1195
@!!loc:7988:47:7988:54
@!!status:to be proved
@!!END

@!!BEGIN
@!!type:obligation
@!!id:1196
@!!loc:8023:12:8023:14
@!!status:to be proved
@!!END

@!!BEGIN
@!!type:obligation
@!!id:1197
@!!loc:8023:15:8023:19
@!!status:to be proved
@!!END

@!!BEGIN
@!!type:obligation
@!!id:1198
@!!loc:8023:21:8023:25
@!!status:to be proved
@!!END

@!!BEGIN
@!!type:obligation
@!!id:1199
@!!loc:8023:27:8023:31
@!!status:to be proved
@!!END

@!!BEGIN
@!!type:obligation
@!!id:1200
@!!loc:7990:14:7990:16
@!!status:to be proved
@!!END

@!!BEGIN
@!!type:obligation
@!!id:1201
@!!loc:7990:17:7990:21
@!!status:to be proved
@!!END

@!!BEGIN
@!!type:obligation
@!!id:1202
@!!loc:7997:14:7997:16
@!!status:to be proved
@!!END

@!!BEGIN
@!!type:obligation
@!!id:1203
@!!loc:7997:17:7997:21
@!!status:to be proved
@!!END

@!!BEGIN
@!!type:obligation
@!!id:1204
@!!loc:7997:23:7997:27
@!!status:to be proved
@!!END

@!!BEGIN
@!!type:obligation
@!!id:1205
@!!loc:7997:29:7997:33
@!!status:to be proved
@!!END

@!!BEGIN
@!!type:obligation
@!!id:1206
@!!loc:7997:35:7997:39
@!!status:to be proved
@!!END

@!!BEGIN
@!!type:obligation
@!!id:1207
@!!loc:7997:41:7997:45
@!!status:to be proved
@!!END

@!!BEGIN
@!!type:obligation
@!!id:1208
@!!loc:7997:47:7997:51
@!!status:to be proved
@!!END

@!!BEGIN
@!!type:obligation
@!!id:1209
@!!loc:7992:56:7992:58
@!!status:to be proved
@!!END

@!!BEGIN
@!!type:obligation
@!!id:1210
@!!loc:7992:59:7992:63
@!!status:to be proved
@!!END

@!!BEGIN
@!!type:obligation
@!!id:1211
@!!loc:7992:65:7992:72
@!!status:to be proved
@!!END

@!!BEGIN
@!!type:obligation
@!!id:1212
@!!loc:7993:56:7993:58
@!!status:to be proved
@!!END

@!!BEGIN
@!!type:obligation
@!!id:1213
@!!loc:7993:59:7993:63
@!!status:to be proved
@!!END

@!!BEGIN
@!!type:obligation
@!!id:1214
@!!loc:7993:65:7993:72
@!!status:to be proved
@!!END

@!!BEGIN
@!!type:obligation
@!!id:1215
@!!loc:7994:59:7994:61
@!!status:to be proved
@!!END

@!!BEGIN
@!!type:obligation
@!!id:1216
@!!loc:7994:62:7994:66
@!!status:to be proved
@!!END

@!!BEGIN
@!!type:obligation
@!!id:1217
@!!loc:7994:68:7994:78
@!!status:to be proved
@!!END

@!!BEGIN
@!!type:obligation
@!!id:1218
@!!loc:7995:79:7995:81
@!!status:to be proved
@!!END

@!!BEGIN
@!!type:obligation
@!!id:1219
@!!loc:7995:82:7995:86
@!!status:to be proved
@!!END

@!!BEGIN
@!!type:obligation
@!!id:1220
@!!loc:7995:88:7995:98
@!!status:to be proved
@!!END

@!!BEGIN
@!!type:obligation
@!!id:1221
@!!loc:7996:30:7996:32
@!!status:to be proved
@!!END

@!!BEGIN
@!!type:obligation
@!!id:1222
@!!loc:7996:33:7996:37
@!!status:to be proved
@!!END

@!!BEGIN
@!!type:obligation
@!!id:1223
@!!loc:7996:39:7996:55
@!!status:to be proved
@!!END

@!!BEGIN
@!!type:obligation
@!!id:1224
@!!loc:8020:14:8020:16
@!!status:to be proved
@!!END

@!!BEGIN
@!!type:obligation
@!!id:1225
@!!loc:8020:17:8020:21
@!!status:to be proved
@!!END

@!!BEGIN
@!!type:obligation
@!!id:1226
@!!loc:8020:23:8020:27
@!!status:to be proved
@!!END

@!!BEGIN
@!!type:obligation
@!!id:1227
@!!loc:8020:29:8020:33
@!!status:to be proved
@!!END

@!!BEGIN
@!!type:obligation
@!!id:1228
@!!loc:8020:35:8020:39
@!!status:to be proved
@!!END

@!!BEGIN
@!!type:obligation
@!!id:1229
@!!loc:8020:41:8020:45
@!!status:to be proved
@!!END

@!!BEGIN
@!!type:obligation
@!!id:1230
@!!loc:8020:47:8020:51
@!!status:to be proved
@!!END

@!!BEGIN
@!!type:obligation
@!!id:1231
@!!loc:8020:53:8020:57
@!!status:to be proved
@!!END

@!!BEGIN
@!!type:obligation
@!!id:1232
@!!loc:8020:59:8020:63
@!!status:to be proved
@!!END

@!!BEGIN
@!!type:obligation
@!!id:1233
@!!loc:8020:65:8020:69
@!!status:to be proved
@!!END

@!!BEGIN
@!!type:obligation
@!!id:1234
@!!loc:8020:71:8020:75
@!!status:to be proved
@!!END

@!!BEGIN
@!!type:obligation
@!!id:1235
@!!loc:8020:77:8020:82
@!!status:to be proved
@!!END

@!!BEGIN
@!!type:obligation
@!!id:1236
@!!loc:8021:17:8021:22
@!!status:to be proved
@!!END

@!!BEGIN
@!!type:obligation
@!!id:1237
@!!loc:8021:24:8021:29
@!!status:to be proved
@!!END

@!!BEGIN
@!!type:obligation
@!!id:1238
@!!loc:8021:31:8021:36
@!!status:to be proved
@!!END

@!!BEGIN
@!!type:obligation
@!!id:1239
@!!loc:8021:38:8021:43
@!!status:to be proved
@!!END

@!!BEGIN
@!!type:obligation
@!!id:1240
@!!loc:8021:45:8021:50
@!!status:to be proved
@!!END

@!!BEGIN
@!!type:obligation
@!!id:1241
@!!loc:8021:52:8021:57
@!!status:to be proved
@!!END

@!!BEGIN
@!!type:obligation
@!!id:1242
@!!loc:8021:59:8021:64
@!!status:to be proved
@!!END

@!!BEGIN
@!!type:obligation
@!!id:1243
@!!loc:8021:66:8021:71
@!!status:to be proved
@!!END

@!!BEGIN
@!!type:obligation
@!!id:1244
@!!loc:8021:73:8021:78
@!!status:to be proved
@!!END

@!!BEGIN
@!!type:obligation
@!!id:1245
@!!loc:8021:80:8021:85
@!!status:to be proved
@!!END

@!!BEGIN
@!!type:obligation
@!!id:1246
@!!loc:8021:87:8021:92
@!!status:to be proved
@!!END

@!!BEGIN
@!!type:obligation
@!!id:1247
@!!loc:7999:62:7999:64
@!!status:to be proved
@!!END

@!!BEGIN
@!!type:obligation
@!!id:1248
@!!loc:7999:65:7999:69
@!!status:to be proved
@!!END

@!!BEGIN
@!!type:obligation
@!!id:1249
@!!loc:7999:71:7999:82
@!!status:to be proved
@!!END

@!!BEGIN
@!!type:obligation
@!!id:1250
@!!loc:8000:61:8000:63
@!!status:to be proved
@!!END

@!!BEGIN
@!!type:obligation
@!!id:1251
@!!loc:8000:64:8000:68
@!!status:to be proved
@!!END

@!!BEGIN
@!!type:obligation
@!!id:1252
@!!loc:8000:70:8000:80
@!!status:to be proved
@!!END

@!!BEGIN
@!!type:obligation
@!!id:1253
@!!loc:8001:58:8001:60
@!!status:to be proved
@!!END

@!!BEGIN
@!!type:obligation
@!!id:1254
@!!loc:8001:61:8001:65
@!!status:to be proved
@!!END

@!!BEGIN
@!!type:obligation
@!!id:1255
@!!loc:8001:67:8001:74
@!!status:to be proved
@!!END

@!!BEGIN
@!!type:obligation
@!!id:1256
@!!loc:8002:58:8002:60
@!!status:to be proved
@!!END

@!!BEGIN
@!!type:obligation
@!!id:1257
@!!loc:8002:61:8002:65
@!!status:to be proved
@!!END

@!!BEGIN
@!!type:obligation
@!!id:1258
@!!loc:8002:67:8002:74
@!!status:to be proved
@!!END

@!!BEGIN
@!!type:obligation
@!!id:1259
@!!loc:8003:62:8003:64
@!!status:to be proved
@!!END

@!!BEGIN
@!!type:obligation
@!!id:1260
@!!loc:8003:65:8003:69
@!!status:to be proved
@!!END

@!!BEGIN
@!!type:obligation
@!!id:1261
@!!loc:8003:71:8003:82
@!!status:to be proved
@!!END

@!!BEGIN
@!!type:obligation
@!!id:1262
@!!loc:8004:59:8004:61
@!!status:to be proved
@!!END

@!!BEGIN
@!!type:obligation
@!!id:1263
@!!loc:8004:62:8004:66
@!!status:to be proved
@!!END

@!!BEGIN
@!!type:obligation
@!!id:1264
@!!loc:8004:68:8004:76
@!!status:to be proved
@!!END

@!!BEGIN
@!!type:obligation
@!!id:1265
@!!loc:8005:60:8005:62
@!!status:to be proved
@!!END

@!!BEGIN
@!!type:obligation
@!!id:1266
@!!loc:8005:63:8005:67
@!!status:to be proved
@!!END

@!!BEGIN
@!!type:obligation
@!!id:1267
@!!loc:8005:69:8005:78
@!!status:to be proved
@!!END

@!!BEGIN
@!!type:obligation
@!!id:1268
@!!loc:8006:61:8006:63
@!!status:to be proved
@!!END

@!!BEGIN
@!!type:obligation
@!!id:1269
@!!loc:8006:64:8006:68
@!!status:to be proved
@!!END

@!!BEGIN
@!!type:obligation
@!!id:1270
@!!loc:8006:70:8006:80
@!!status:to be proved
@!!END

@!!BEGIN
@!!type:obligation
@!!id:1271
@!!loc:8007:61:8007:63
@!!status:to be proved
@!!END

@!!BEGIN
@!!type:obligation
@!!id:1272
@!!loc:8007:64:8007:68
@!!status:to be proved
@!!END

@!!BEGIN
@!!type:obligation
@!!id:1273
@!!loc:8007:70:8007:80
@!!status:to be proved
@!!END

@!!BEGIN
@!!type:obligation
@!!id:1274
@!!loc:8008:61:8008:63
@!!status:to be proved
@!!END

@!!BEGIN
@!!type:obligation
@!!id:1275
@!!loc:8008:64:8008:69
@!!status:to be proved
@!!END

@!!BEGIN
@!!type:obligation
@!!id:1276
@!!loc:8008:71:8008:80
@!!status:to be proved
@!!END

@!!BEGIN
@!!type:obligation
@!!id:1277
@!!loc:8009:62:8009:64
@!!status:to be proved
@!!END

@!!BEGIN
@!!type:obligation
@!!id:1278
@!!loc:8009:65:8009:70
@!!status:to be proved
@!!END

@!!BEGIN
@!!type:obligation
@!!id:1279
@!!loc:8009:72:8009:82
@!!status:to be proved
@!!END

@!!BEGIN
@!!type:obligation
@!!id:1280
@!!loc:8010:59:8010:61
@!!status:to be proved
@!!END

@!!BEGIN
@!!type:obligation
@!!id:1281
@!!loc:8010:62:8010:67
@!!status:to be proved
@!!END

@!!BEGIN
@!!type:obligation
@!!id:1282
@!!loc:8010:69:8010:76
@!!status:to be proved
@!!END

@!!BEGIN
@!!type:obligation
@!!id:1283
@!!loc:8011:67:8011:69
@!!status:to be proved
@!!END

@!!BEGIN
@!!type:obligation
@!!id:1284
@!!loc:8011:70:8011:75
@!!status:to be proved
@!!END

@!!BEGIN
@!!type:obligation
@!!id:1285
@!!loc:8011:77:8011:92
@!!status:to be proved
@!!END

@!!BEGIN
@!!type:obligation
@!!id:1286
@!!loc:8012:67:8012:69
@!!status:to be proved
@!!END

@!!BEGIN
@!!type:obligation
@!!id:1287
@!!loc:8012:70:8012:75
@!!status:to be proved
@!!END

@!!BEGIN
@!!type:obligation
@!!id:1288
@!!loc:8012:77:8012:92
@!!status:to be proved
@!!END

@!!BEGIN
@!!type:obligation
@!!id:1289
@!!loc:8013:68:8013:70
@!!status:to be proved
@!!END

@!!BEGIN
@!!type:obligation
@!!id:1290
@!!loc:8013:71:8013:76
@!!status:to be proved
@!!END

@!!BEGIN
@!!type:obligation
@!!id:1291
@!!loc:8013:78:8013:94
@!!status:to be proved
@!!END

@!!BEGIN
@!!type:obligation
@!!id:1292
@!!loc:8014:64:8014:66
@!!status:to be proved
@!!END

@!!BEGIN
@!!type:obligation
@!!id:1293
@!!loc:8014:67:8014:72
@!!status:to be proved
@!!END

@!!BEGIN
@!!type:obligation
@!!id:1294
@!!loc:8014:74:8014:86
@!!status:to be proved
@!!END

@!!BEGIN
@!!type:obligation
@!!id:1295
@!!loc:8015:64:8015:66
@!!status:to be proved
@!!END

@!!BEGIN
@!!type:obligation
@!!id:1296
@!!loc:8015:67:8015:72
@!!status:to be proved
@!!END

@!!BEGIN
@!!type:obligation
@!!id:1297
@!!loc:8015:74:8015:86
@!!status:to be proved
@!!END

@!!BEGIN
@!!type:obligation
@!!id:1298
@!!loc:8016:79:8016:81
@!!status:to be proved
@!!END

@!!BEGIN
@!!type:obligation
@!!id:1299
@!!loc:8016:82:8016:87
@!!status:to be proved
@!!END

@!!BEGIN
@!!type:obligation
@!!id:1300
@!!loc:8016:89:8016:96
@!!status:to be proved
@!!END

@!!BEGIN
@!!type:obligation
@!!id:1301
@!!loc:8017:81:8017:83
@!!status:to be proved
@!!END

@!!BEGIN
@!!type:obligation
@!!id:1302
@!!loc:8017:84:8017:89
@!!status:to be proved
@!!END

@!!BEGIN
@!!type:obligation
@!!id:1303
@!!loc:8017:91:8017:100
@!!status:to be proved
@!!END

@!!BEGIN
@!!type:obligation
@!!id:1304
@!!loc:8018:81:8018:83
@!!status:to be proved
@!!END

@!!BEGIN
@!!type:obligation
@!!id:1305
@!!loc:8018:84:8018:89
@!!status:to be proved
@!!END

@!!BEGIN
@!!type:obligation
@!!id:1306
@!!loc:8018:91:8018:100
@!!status:to be proved
@!!END

@!!BEGIN
@!!type:obligation
@!!id:1307
@!!loc:8019:82:8019:84
@!!status:to be proved
@!!END

@!!BEGIN
@!!type:obligation
@!!id:1308
@!!loc:8019:85:8019:90
@!!status:to be proved
@!!END

@!!BEGIN
@!!type:obligation
@!!id:1309
@!!loc:8019:92:8019:100
@!!status:to be proved
@!!END

@!!BEGIN
@!!type:obligation
@!!id:1310
@!!loc:8029:12:8029:14
@!!status:to be proved
@!!END

@!!BEGIN
@!!type:obligation
@!!id:1311
@!!loc:8029:15:8029:19
@!!status:to be proved
@!!END

@!!BEGIN
@!!type:obligation
@!!id:1312
@!!loc:8029:21:8029:25
@!!status:to be proved
@!!END

@!!BEGIN
@!!type:obligation
@!!id:1313
@!!loc:8029:27:8029:31
@!!status:to be proved
@!!END

@!!BEGIN
@!!type:obligation
@!!id:1314
@!!loc:8029:33:8029:37
@!!status:to be proved
@!!END

@!!BEGIN
@!!type:obligation
@!!id:1315
@!!loc:8025:22:8025:24
@!!status:to be proved
@!!END

@!!BEGIN
@!!type:obligation
@!!id:1316
@!!loc:8025:25:8025:29
@!!status:to be proved
@!!END

@!!BEGIN
@!!type:obligation
@!!id:1317
@!!loc:8026:18:8026:20
@!!status:to be proved
@!!END

@!!BEGIN
@!!type:obligation
@!!id:1318
@!!loc:8026:21:8026:25
@!!status:to be proved
@!!END

@!!BEGIN
@!!type:obligation
@!!id:1319
@!!loc:8026:27:8026:33
@!!status:to be proved
@!!END

@!!BEGIN
@!!type:obligation
@!!id:1320
@!!loc:8027:20:8027:22
@!!status:to be proved
@!!END

@!!BEGIN
@!!type:obligation
@!!id:1321
@!!loc:8027:23:8027:27
@!!status:to be proved
@!!END

@!!BEGIN
@!!type:obligation
@!!id:1322
@!!loc:8027:29:8027:37
@!!status:to be proved
@!!END

@!!BEGIN
@!!type:obligation
@!!id:1323
@!!loc:8028:78:8028:80
@!!status:to be proved
@!!END

@!!BEGIN
@!!type:obligation
@!!id:1324
@!!loc:8028:81:8028:85
@!!status:to be proved
@!!END

@!!BEGIN
@!!type:obligation
@!!id:1325
@!!loc:8028:87:8028:94
@!!status:to be proved
@!!END

@!!BEGIN
@!!type:obligation
@!!id:1326
@!!loc:8046:10:8046:12
@!!status:to be proved
@!!END

@!!BEGIN
@!!type:obligation
@!!id:1327
@!!loc:8046:13:8046:17
@!!status:to be proved
@!!END

@!!BEGIN
@!!type:obligation
@!!id:1328
@!!loc:8046:19:8046:23
@!!status:to be proved
@!!END

@!!BEGIN
@!!type:obligation
@!!id:1329
@!!loc:8046:25:8046:28
@!!status:to be proved
@!!END

@!!BEGIN
@!!type:obligation
@!!id:1330
@!!loc:8033:21:8033:23
@!!status:to be proved
@!!END

@!!BEGIN
@!!type:obligation
@!!id:1331
@!!loc:8033:24:8033:31
@!!status:to be proved
@!!END

@!!BEGIN
@!!type:obligation
@!!id:1332
@!!loc:8045:12:8045:14
@!!status:to be proved
@!!END

@!!BEGIN
@!!type:obligation
@!!id:1333
@!!loc:8045:15:8045:19
@!!status:to be proved
@!!END

@!!BEGIN
@!!type:obligation
@!!id:1334
@!!loc:8045:21:8045:25
@!!status:to be proved
@!!END

@!!BEGIN
@!!type:obligation
@!!id:1335
@!!loc:8035:33:8035:35
@!!status:to be proved
@!!END

@!!BEGIN
@!!type:obligation
@!!id:1336
@!!loc:8035:36:8035:43
@!!status:to be proved
@!!END

@!!BEGIN
@!!type:obligation
@!!id:1337
@!!loc:8044:14:8044:16
@!!status:to be proved
@!!END

@!!BEGIN
@!!type:obligation
@!!id:1338
@!!loc:8044:17:8044:21
@!!status:to be proved
@!!END

@!!BEGIN
@!!type:obligation
@!!id:1339
@!!loc:8044:23:8044:27
@!!status:to be proved
@!!END

@!!BEGIN
@!!type:obligation
@!!id:1340
@!!loc:8044:29:8044:33
@!!status:to be proved
@!!END

@!!BEGIN
@!!type:obligation
@!!id:1341
@!!loc:8044:35:8044:39
@!!status:to be proved
@!!END

@!!BEGIN
@!!type:obligation
@!!id:1342
@!!loc:8044:41:8044:45
@!!status:to be proved
@!!END

@!!BEGIN
@!!type:obligation
@!!id:1343
@!!loc:8044:47:8044:51
@!!status:to be proved
@!!END

@!!BEGIN
@!!type:obligation
@!!id:1344
@!!loc:8038:7:8038:9
@!!status:to be proved
@!!END

@!!BEGIN
@!!type:obligation
@!!id:1345
@!!loc:8039:42:8039:44
@!!status:to be proved
@!!END

@!!BEGIN
@!!type:obligation
@!!id:1346
@!!loc:8039:45:8039:51
@!!status:to be proved
@!!END

@!!BEGIN
@!!type:obligation
@!!id:1347
@!!loc:8040:42:8040:44
@!!status:to be proved
@!!END

@!!BEGIN
@!!type:obligation
@!!id:1348
@!!loc:8040:45:8040:51
@!!status:to be proved
@!!END

@!!BEGIN
@!!type:obligation
@!!id:1349
@!!loc:8041:42:8041:44
@!!status:to be proved
@!!END

@!!BEGIN
@!!type:obligation
@!!id:1350
@!!loc:8041:45:8041:51
@!!status:to be proved
@!!END

@!!BEGIN
@!!type:obligation
@!!id:1351
@!!loc:8042:42:8042:44
@!!status:to be proved
@!!END

@!!BEGIN
@!!type:obligation
@!!id:1352
@!!loc:8042:45:8042:51
@!!status:to be proved
@!!END

@!!BEGIN
@!!type:obligation
@!!id:1353
@!!loc:8043:42:8043:44
@!!status:to be proved
@!!END

@!!BEGIN
@!!type:obligation
@!!id:1354
@!!loc:8043:45:8043:52
@!!status:to be proved
@!!END

@!!BEGIN
@!!type:obligationsnumber
@!!count:1347
@!!END

@!!BEGIN
@!!type:obligation
@!!id:3
@!!loc:7247:1:7247:3
@!!status:proved
@!!prover:smt
@!!meth:time-limit: 60; time-used: 0.6 (1%)
@!!already:false
@!!END

@!!BEGIN
@!!type:obligation
@!!id:2
@!!loc:7241:1:7241:3
@!!status:proved
@!!prover:smt
@!!meth:time-limit: 60; time-used: 1.2 (2%)
@!!already:false
@!!END

@!!BEGIN
@!!type:obligation
@!!id:1
@!!loc:7238:1:7238:3
@!!status:proved
@!!prover:smt
@!!meth:time-limit: 60; time-used: 1.8 (3%)
@!!already:false
@!!END

@!!BEGIN
@!!type:obligation
@!!id:6
@!!loc:7325:13:7325:17
@!!status:trivial
@!!prover:tlapm
@!!already:false
@!!END

@!!BEGIN
@!!type:obligation
@!!id:7
@!!loc:7325:19:7325:23
@!!status:trivial
@!!prover:tlapm
@!!already:false
@!!END

@!!BEGIN
@!!type:obligation
@!!id:8
@!!loc:7325:25:7325:29
@!!status:trivial
@!!prover:tlapm
@!!already:false
@!!END

@!!BEGIN
@!!type:obligation
@!!id:9
@!!loc:7325:31:7325:35
@!!status:trivial
@!!prover:tlapm
@!!already:false
@!!END

@!!BEGIN
@!!type:obligation
@!!id:11
@!!loc:7258:45:7258:52
@!!status:trivial
@!!prover:tlapm
@!!already:false
@!!END

@!!BEGIN
@!!type:obligation
@!!id:10
@!!loc:7258:42:7258:44
@!!status:proved
@!!prover:smt
@!!meth:time-limit: 60; time-used: 0.9 (1%)
@!!already:false
@!!END

@!!BEGIN
@!!type:obligation
@!!id:5
@!!loc:7325:10:7325:12
@!!status:proved
@!!prover:smt
@!!meth:time-limit: 60; time-used: 2.8 (5%)
@!!already:false
@!!END

@!!BEGIN
@!!type:obligation
@!!id:4
@!!loc:7253:1:7253:3
@!!status:proved
@!!prover:smt
@!!meth:time-limit: 60; time-used: 3.3 (5%)
@!!already:false
@!!END

@!!BEGIN
@!!type:obligation
@!!id:13
@!!loc:7266:15:7266:19
@!!status:trivial
@!!prover:tlapm
@!!already:false
@!!END

@!!BEGIN
@!!type:obligation
@!!id:14
@!!loc:7266:21:7266:25
@!!status:trivial
@!!prover:tlapm
@!!already:false
@!!END

@!!BEGIN
@!!type:obligation
@!!id:15
@!!loc:7266:27:7266:31
@!!status:trivial
@!!prover:tlapm
@!!already:false
@!!END

@!!BEGIN
@!!type:obligation
@!!id:17
@!!loc:7262:25:7262:27
@!!status:proved
@!!prover:smt
@!!meth:time-limit: 60; time-used: 0.5 (1%)
@!!already:false
@!!END

@!!BEGIN
@!!type:obligation
@!!id:16
@!!loc:7261:5:7261:7
@!!status:proved
@!!prover:smt
@!!meth:time-limit: 60; time-used: 1.1 (2%)
@!!already:false
@!!END

@!!BEGIN
@!!type:obligation
@!!id:12
@!!loc:7266:12:7266:14
@!!status:proved
@!!prover:smt
@!!meth:time-limit: 60; time-used: 2.7 (4%)
@!!already:false
@!!END

@!!BEGIN
@!!type:obligation
@!!id:19
@!!loc:7263:41:7263:45
@!!status:trivial
@!!prover:tlapm
@!!already:false
@!!END

@!!BEGIN
@!!type:obligation
@!!id:22
@!!loc:7265:29:7265:33
@!!status:trivial
@!!prover:tlapm
@!!already:false
@!!END

@!!BEGIN
@!!type:obligation
@!!id:23
@!!loc:7265:35:7265:39
@!!status:trivial
@!!prover:tlapm
@!!already:false
@!!END

@!!BEGIN
@!!type:obligation
@!!id:21
@!!loc:7265:26:7265:28
@!!status:proved
@!!prover:smt
@!!meth:time-limit: 60; time-used: 1.3 (2%)
@!!already:false
@!!END

@!!BEGIN
@!!type:obligation
@!!id:20
@!!loc:7264:42:7264:44
@!!status:proved
@!!prover:smt
@!!meth:time-limit: 60; time-used: 1.9 (3%)
@!!already:false
@!!END

@!!BEGIN
@!!type:obligation
@!!id:18
@!!loc:7263:38:7263:40
@!!status:proved
@!!prover:smt
@!!meth:time-limit: 60; time-used: 2.8 (5%)
@!!already:false
@!!END

@!!BEGIN
@!!type:obligation
@!!id:25
@!!loc:7288:15:7288:19
@!!status:trivial
@!!prover:tlapm
@!!already:false
@!!END

@!!BEGIN
@!!type:obligation
@!!id:26
@!!loc:7288:21:7288:25
@!!status:trivial
@!!prover:tlapm
@!!already:false
@!!END

@!!BEGIN
@!!type:obligation
@!!id:29
@!!loc:7276:17:7276:21
@!!status:trivial
@!!prover:tlapm
@!!already:false
@!!END

@!!BEGIN
@!!type:obligation
@!!id:30
@!!loc:7276:23:7276:27
@!!status:trivial
@!!prover:tlapm
@!!already:false
@!!END

@!!BEGIN
@!!type:obligation
@!!id:31
@!!loc:7276:29:7276:33
@!!status:trivial
@!!prover:tlapm
@!!already:false
@!!END

@!!BEGIN
@!!type:obligation
@!!id:28
@!!loc:7276:14:7276:16
@!!status:proved
@!!prover:smt
@!!meth:time-limit: 60; time-used: 1.6 (3%)
@!!already:false
@!!END

@!!BEGIN
@!!type:obligation
@!!id:27
@!!loc:7270:5:7270:7
@!!status:proved
@!!prover:smt
@!!meth:time-limit: 60; time-used: 2.1 (4%)
@!!already:false
@!!END

@!!BEGIN
@!!type:obligation
@!!id:24
@!!loc:7288:12:7288:14
@!!status:proved
@!!prover:smt
@!!meth:time-limit: 60; time-used: 3.4 (6%)
@!!already:false
@!!END

@!!BEGIN
@!!type:obligation
@!!id:33
@!!loc:7272:53:7272:57
@!!status:trivial
@!!prover:tlapm
@!!already:false
@!!END

@!!BEGIN
@!!type:obligation
@!!id:34
@!!loc:7272:59:7272:63
@!!status:trivial
@!!prover:tlapm
@!!already:false
@!!END

@!!BEGIN
@!!type:obligation
@!!id:37
@!!loc:7274:38:7274:42
@!!status:trivial
@!!prover:tlapm
@!!already:false
@!!END

@!!BEGIN
@!!type:obligation
@!!id:36
@!!loc:7274:35:7274:37
@!!status:proved
@!!prover:smt
@!!meth:time-limit: 60; time-used: 0.9 (2%)
@!!already:false
@!!END

@!!BEGIN
@!!type:obligation
@!!id:35
@!!loc:7273:78:7273:80
@!!status:proved
@!!prover:smt
@!!meth:time-limit: 60; time-used: 1.5 (2%)
@!!already:false
@!!END

@!!BEGIN
@!!type:obligation
@!!id:32
@!!loc:7272:50:7272:52
@!!status:proved
@!!prover:smt
@!!meth:time-limit: 60; time-used: 2.8 (5%)
@!!already:false
@!!END

@!!BEGIN
@!!type:obligation
@!!id:39
@!!loc:7275:60:7275:64
@!!status:trivial
@!!prover:tlapm
@!!already:false
@!!END

@!!BEGIN
@!!type:obligation
@!!id:40
@!!loc:7275:66:7275:70
@!!status:trivial
@!!prover:tlapm
@!!already:false
@!!END

@!!BEGIN
@!!type:obligation
@!!id:42
@!!loc:7287:17:7287:21
@!!status:trivial
@!!prover:tlapm
@!!already:false
@!!END

@!!BEGIN
@!!type:obligation
@!!id:43
@!!loc:7287:23:7287:27
@!!status:trivial
@!!prover:tlapm
@!!already:false
@!!END

@!!BEGIN
@!!type:obligation
@!!id:45
@!!loc:7278:43:7278:47
@!!status:trivial
@!!prover:tlapm
@!!already:false
@!!END

@!!BEGIN
@!!type:obligation
@!!id:44
@!!loc:7278:40:7278:42
@!!status:proved
@!!prover:smt
@!!meth:time-limit: 60; time-used: 0.9 (1%)
@!!already:false
@!!END

@!!BEGIN
@!!type:obligation
@!!id:41
@!!loc:7287:14:7287:16
@!!status:proved
@!!prover:smt
@!!meth:time-limit: 60; time-used: 2.2 (4%)
@!!already:false
@!!END

@!!BEGIN
@!!type:obligation
@!!id:38
@!!loc:7275:57:7275:59
@!!status:proved
@!!prover:smt
@!!meth:time-limit: 60; time-used: 3.5 (6%)
@!!already:false
@!!END

@!!BEGIN
@!!type:obligation
@!!id:47
@!!loc:7281:19:7281:23
@!!status:trivial
@!!prover:tlapm
@!!already:false
@!!END

@!!BEGIN
@!!type:obligation
@!!id:48
@!!loc:7281:25:7281:29
@!!status:trivial
@!!prover:tlapm
@!!already:false
@!!END

@!!BEGIN
@!!type:obligation
@!!id:49
@!!loc:7281:31:7281:35
@!!status:trivial
@!!prover:tlapm
@!!already:false
@!!END

@!!BEGIN
@!!type:obligation
@!!id:51
@!!loc:7280:33:7280:37
@!!status:trivial
@!!prover:tlapm
@!!already:false
@!!END

@!!BEGIN
@!!type:obligation
@!!id:52
@!!loc:7280:39:7280:43
@!!status:trivial
@!!prover:tlapm
@!!already:false
@!!END

@!!BEGIN
@!!type:obligation
@!!id:50
@!!loc:7280:30:7280:32
@!!status:proved
@!!prover:smt
@!!meth:time-limit: 60; time-used: 1.4 (2%)
@!!already:false
@!!END

@!!BEGIN
@!!type:obligation
@!!id:46
@!!loc:7281:16:7281:18
@!!status:proved
@!!prover:smt
@!!meth:time-limit: 60; time-used: 3.1 (5%)
@!!already:false
@!!END

@!!BEGIN
@!!type:obligation
@!!id:54
@!!loc:7286:19:7286:23
@!!status:trivial
@!!prover:tlapm
@!!already:false
@!!END

@!!BEGIN
@!!type:obligation
@!!id:55
@!!loc:7286:25:7286:29
@!!status:trivial
@!!prover:tlapm
@!!already:false
@!!END

@!!BEGIN
@!!type:obligation
@!!id:56
@!!loc:7286:31:7286:35
@!!status:trivial
@!!prover:tlapm
@!!already:false
@!!END

@!!BEGIN
@!!type:obligation
@!!id:57
@!!loc:7286:37:7286:41
@!!status:trivial
@!!prover:tlapm
@!!already:false
@!!END

@!!BEGIN
@!!type:obligation
@!!id:59
@!!loc:7283:30:7283:34
@!!status:trivial
@!!prover:tlapm
@!!already:false
@!!END

@!!BEGIN
@!!type:obligation
@!!id:61
@!!loc:7284:36:7284:40
@!!status:trivial
@!!prover:tlapm
@!!already:false
@!!END

@!!BEGIN
@!!type:obligation
@!!id:60
@!!loc:7284:33:7284:35
@!!status:proved
@!!prover:smt
@!!meth:time-limit: 60; time-used: 0.4 (1%)
@!!already:false
@!!END

@!!BEGIN
@!!type:obligation
@!!id:58
@!!loc:7283:27:7283:29
@!!status:proved
@!!prover:smt
@!!meth:time-limit: 60; time-used: 1.4 (2%)
@!!already:false
@!!END

@!!BEGIN
@!!type:obligation
@!!id:53
@!!loc:7286:16:7286:18
@!!status:proved
@!!prover:smt
@!!meth:time-limit: 60; time-used: 3.3 (6%)
@!!already:false
@!!END

@!!BEGIN
@!!type:obligation
@!!id:62
@!!loc:7284:42:7284:46
@!!status:trivial
@!!prover:tlapm
@!!already:false
@!!END

@!!BEGIN
@!!type:obligation
@!!id:63
@!!loc:7284:48:7284:52
@!!status:trivial
@!!prover:tlapm
@!!already:false
@!!END

@!!BEGIN
@!!type:obligation
@!!id:65
@!!loc:7285:56:7285:60
@!!status:trivial
@!!prover:tlapm
@!!already:false
@!!END

@!!BEGIN
@!!type:obligation
@!!id:66
@!!loc:7285:62:7285:66
@!!status:trivial
@!!prover:tlapm
@!!already:false
@!!END

@!!BEGIN
@!!type:obligation
@!!id:68
@!!loc:7317:15:7317:19
@!!status:trivial
@!!prover:tlapm
@!!already:false
@!!END

@!!BEGIN
@!!type:obligation
@!!id:69
@!!loc:7317:21:7317:25
@!!status:trivial
@!!prover:tlapm
@!!already:false
@!!END

@!!BEGIN
@!!type:obligation
@!!id:70
@!!loc:7293:5:7293:7
@!!status:proved
@!!prover:smt
@!!meth:time-limit: 60; time-used: 0.6 (1%)
@!!already:false
@!!END

@!!BEGIN
@!!type:obligation
@!!id:67
@!!loc:7317:12:7317:14
@!!status:proved
@!!prover:smt
@!!meth:time-limit: 60; time-used: 1.9 (3%)
@!!already:false
@!!END

@!!BEGIN
@!!type:obligation
@!!id:64
@!!loc:7285:53:7285:55
@!!status:proved
@!!prover:smt
@!!meth:time-limit: 60; time-used: 3.2 (5%)
@!!already:false
@!!END

@!!BEGIN
@!!type:obligation
@!!id:73
@!!loc:7301:17:7301:21
@!!status:trivial
@!!prover:tlapm
@!!already:false
@!!END

@!!BEGIN
@!!type:obligation
@!!id:74
@!!loc:7301:23:7301:27
@!!status:trivial
@!!prover:tlapm
@!!already:false
@!!END

@!!BEGIN
@!!type:obligation
@!!id:75
@!!loc:7301:29:7301:33
@!!status:trivial
@!!prover:tlapm
@!!already:false
@!!END

@!!BEGIN
@!!type:obligation
@!!id:76
@!!loc:7301:35:7301:39
@!!status:trivial
@!!prover:tlapm
@!!already:false
@!!END

@!!BEGIN
@!!type:obligation
@!!id:78
@!!loc:7296:75:7296:79
@!!status:trivial
@!!prover:tlapm
@!!already:false
@!!END

@!!BEGIN
@!!type:obligation
@!!id:79
@!!loc:7296:81:7296:85
@!!status:trivial
@!!prover:tlapm
@!!already:false
@!!END

@!!BEGIN
@!!type:obligation
@!!id:77
@!!loc:7296:72:7296:74
@!!status:proved
@!!prover:smt
@!!meth:time-limit: 60; time-used: 0.7 (1%)
@!!already:false
@!!END

@!!BEGIN
@!!type:obligation
@!!id:72
@!!loc:7301:14:7301:16
@!!status:proved
@!!prover:smt
@!!meth:time-limit: 60; time-used: 2.8 (5%)
@!!already:false
@!!END

@!!BEGIN
@!!type:obligation
@!!id:71
@!!loc:7294:34:7294:36
@!!status:proved
@!!prover:smt
@!!meth:time-limit: 60; time-used: 3.3 (6%)
@!!already:false
@!!END

@!!BEGIN
@!!type:obligation
@!!id:81
@!!loc:7299:10:7299:14
@!!status:trivial
@!!prover:tlapm
@!!already:false
@!!END

@!!BEGIN
@!!type:obligation
@!!id:83
@!!loc:7300:62:7300:66
@!!status:trivial
@!!prover:tlapm
@!!already:false
@!!END

@!!BEGIN
@!!type:obligation
@!!id:85
@!!loc:7316:17:7316:21
@!!status:trivial
@!!prover:tlapm
@!!already:false
@!!END

@!!BEGIN
@!!type:obligation
@!!id:86
@!!loc:7316:23:7316:27
@!!status:trivial
@!!prover:tlapm
@!!already:false
@!!END

@!!BEGIN
@!!type:obligation
@!!id:87
@!!loc:7316:29:7316:33
@!!status:trivial
@!!prover:tlapm
@!!already:false
@!!END

@!!BEGIN
@!!type:obligation
@!!id:84
@!!loc:7316:14:7316:16
@!!status:proved
@!!prover:smt
@!!meth:time-limit: 60; time-used: 1.2 (2%)
@!!already:false
@!!END

@!!BEGIN
@!!type:obligation
@!!id:82
@!!loc:7300:59:7300:61
@!!status:proved
@!!prover:smt
@!!meth:time-limit: 60; time-used: 2.1 (3%)
@!!already:false
@!!END

@!!BEGIN
@!!type:obligation
@!!id:80
@!!loc:7299:7:7299:9
@!!status:proved
@!!prover:smt
@!!meth:time-limit: 60; time-used: 3.0 (5%)
@!!already:false
@!!END

@!!BEGIN
@!!type:obligation
@!!id:88
@!!loc:7316:35:7316:39
@!!status:trivial
@!!prover:tlapm
@!!already:false
@!!END

@!!BEGIN
@!!type:obligation
@!!id:90
@!!loc:7305:10:7305:14
@!!status:trivial
@!!prover:tlapm
@!!already:false
@!!END

@!!BEGIN
@!!type:obligation
@!!id:92
@!!loc:7306:43:7306:47
@!!status:trivial
@!!prover:tlapm
@!!already:false
@!!END

@!!BEGIN
@!!type:obligation
@!!id:94
@!!loc:7314:19:7314:23
@!!status:trivial
@!!prover:tlapm
@!!already:false
@!!END

@!!BEGIN
@!!type:obligation
@!!id:95
@!!loc:7314:25:7314:29
@!!status:trivial
@!!prover:tlapm
@!!already:false
@!!END

@!!BEGIN
@!!type:obligation
@!!id:93
@!!loc:7314:16:7314:18
@!!status:proved
@!!prover:smt
@!!meth:time-limit: 60; time-used: 1.3 (2%)
@!!already:false
@!!END

@!!BEGIN
@!!type:obligation
@!!id:91
@!!loc:7306:40:7306:42
@!!status:proved
@!!prover:smt
@!!meth:time-limit: 60; time-used: 2.3 (4%)
@!!already:false
@!!END

@!!BEGIN
@!!type:obligation
@!!id:89
@!!loc:7305:7:7305:9
@!!status:proved
@!!prover:smt
@!!meth:time-limit: 60; time-used: 3.2 (5%)
@!!already:false
@!!END

@!!BEGIN
@!!type:obligation
@!!id:97
@!!loc:7308:36:7308:40
@!!status:trivial
@!!prover:tlapm
@!!already:false
@!!END

@!!BEGIN
@!!type:obligation
@!!id:98
@!!loc:7308:42:7308:46
@!!status:trivial
@!!prover:tlapm
@!!already:false
@!!END

@!!BEGIN
@!!type:obligation
@!!id:100
@!!loc:7313:21:7313:25
@!!status:trivial
@!!prover:tlapm
@!!already:false
@!!END

@!!BEGIN
@!!type:obligation
@!!id:101
@!!loc:7313:27:7313:31
@!!status:trivial
@!!prover:tlapm
@!!already:false
@!!END

@!!BEGIN
@!!type:obligation
@!!id:102
@!!loc:7313:33:7313:37
@!!status:trivial
@!!prover:tlapm
@!!already:false
@!!END

@!!BEGIN
@!!type:obligation
@!!id:99
@!!loc:7313:18:7313:20
@!!status:proved
@!!prover:smt
@!!meth:time-limit: 60; time-used: 1.7 (3%)
@!!already:false
@!!END

@!!BEGIN
@!!type:obligation
@!!id:96
@!!loc:7308:33:7308:35
@!!status:proved
@!!prover:smt
@!!meth:time-limit: 60; time-used: 3.1 (5%)
@!!already:false
@!!END

@!!BEGIN
@!!type:obligation
@!!id:104
@!!loc:7310:38:7310:42
@!!status:trivial
@!!prover:tlapm
@!!already:false
@!!END

@!!BEGIN
@!!type:obligation
@!!id:105
@!!loc:7310:44:7310:48
@!!status:trivial
@!!prover:tlapm
@!!already:false
@!!END

@!!BEGIN
@!!type:obligation
@!!id:107
@!!loc:7311:58:7311:62
@!!status:trivial
@!!prover:tlapm
@!!already:false
@!!END

@!!BEGIN
@!!type:obligation
@!!id:108
@!!loc:7311:64:7311:68
@!!status:trivial
@!!prover:tlapm
@!!already:false
@!!END

@!!BEGIN
@!!type:obligation
@!!id:110
@!!loc:7312:49:7312:53
@!!status:trivial
@!!prover:tlapm
@!!already:false
@!!END

@!!BEGIN
@!!type:obligation
@!!id:109
@!!loc:7312:46:7312:48
@!!status:proved
@!!prover:smt
@!!meth:time-limit: 60; time-used: 0.3 (0%)
@!!already:false
@!!END

@!!BEGIN
@!!type:obligation
@!!id:106
@!!loc:7311:55:7311:57
@!!status:proved
@!!prover:smt
@!!meth:time-limit: 60; time-used: 1.7 (3%)
@!!already:false
@!!END

@!!BEGIN
@!!type:obligation
@!!id:103
@!!loc:7310:35:7310:37
@!!status:proved
@!!prover:smt
@!!meth:time-limit: 60; time-used: 3.2 (5%)
@!!already:false
@!!END

@!!BEGIN
@!!type:obligation
@!!id:112
@!!loc:7315:65:7315:69
@!!status:trivial
@!!prover:tlapm
@!!already:false
@!!END

@!!BEGIN
@!!type:obligation
@!!id:114
@!!loc:7324:15:7324:19
@!!status:trivial
@!!prover:tlapm
@!!already:false
@!!END

@!!BEGIN
@!!type:obligation
@!!id:115
@!!loc:7324:21:7324:25
@!!status:trivial
@!!prover:tlapm
@!!already:false
@!!END

@!!BEGIN
@!!type:obligation
@!!id:116
@!!loc:7324:27:7324:31
@!!status:trivial
@!!prover:tlapm
@!!already:false
@!!END

@!!BEGIN
@!!type:obligation
@!!id:117
@!!loc:7320:5:7320:7
@!!status:proved
@!!prover:smt
@!!meth:time-limit: 60; time-used: 0.6 (1%)
@!!already:false
@!!END

@!!BEGIN
@!!type:obligation
@!!id:113
@!!loc:7324:12:7324:14
@!!status:proved
@!!prover:smt
@!!meth:time-limit: 60; time-used: 2.3 (4%)
@!!already:false
@!!END

@!!BEGIN
@!!type:obligation
@!!id:111
@!!loc:7315:62:7315:64
@!!status:proved
@!!prover:smt
@!!meth:time-limit: 60; time-used: 3.3 (5%)
@!!already:false
@!!END

@!!BEGIN
@!!type:obligation
@!!id:120
@!!loc:7323:64:7323:66
@!!status:proved
@!!prover:smt
@!!meth:time-limit: 60; time-used: 0.4 (1%)
@!!already:false
@!!END

@!!BEGIN
@!!type:obligation
@!!id:119
@!!loc:7322:42:7322:44
@!!status:proved
@!!prover:smt
@!!meth:time-limit: 60; time-used: 1.1 (2%)
@!!already:false
@!!END

@!!BEGIN
@!!type:obligation
@!!id:118
@!!loc:7321:77:7321:79
@!!status:proved
@!!prover:smt
@!!meth:time-limit: 60; time-used: 1.6 (3%)
@!!already:false
@!!END

@!!BEGIN
@!!type:obligation
@!!id:122
@!!loc:7343:13:7343:17
@!!status:trivial
@!!prover:tlapm
@!!already:false
@!!END

@!!BEGIN
@!!type:obligation
@!!id:123
@!!loc:7343:19:7343:23
@!!status:trivial
@!!prover:tlapm
@!!already:false
@!!END

@!!BEGIN
@!!type:obligation
@!!id:125
@!!loc:7332:29:7332:38
@!!status:trivial
@!!prover:tlapm
@!!already:false
@!!END

@!!BEGIN
@!!type:obligation
@!!id:127
@!!loc:7333:27:7333:34
@!!status:trivial
@!!prover:tlapm
@!!already:false
@!!END

@!!BEGIN
@!!type:obligation
@!!id:126
@!!loc:7333:24:7333:26
@!!status:proved
@!!prover:smt
@!!meth:time-limit: 60; time-used: 0.9 (2%)
@!!already:false
@!!END

@!!BEGIN
@!!type:obligation
@!!id:124
@!!loc:7332:26:7332:28
@!!status:proved
@!!prover:smt
@!!meth:time-limit: 60; time-used: 1.8 (3%)
@!!already:false
@!!END

@!!BEGIN
@!!type:obligation
@!!id:121
@!!loc:7343:10:7343:12
@!!status:proved
@!!prover:smt
@!!meth:time-limit: 60; time-used: 3.2 (5%)
@!!already:false
@!!END

@!!BEGIN
@!!type:obligation
@!!id:131
@!!loc:7336:35:7336:39
@!!status:trivial
@!!prover:tlapm
@!!already:false
@!!END

@!!BEGIN
@!!type:obligation
@!!id:130
@!!loc:7336:32:7336:34
@!!status:proved
@!!prover:smt
@!!meth:time-limit: 60; time-used: 1.0 (2%)
@!!already:false
@!!END

@!!BEGIN
@!!type:obligation
@!!id:129
@!!loc:7335:50:7335:52
@!!status:proved
@!!prover:smt
@!!meth:time-limit: 60; time-used: 1.6 (3%)
@!!already:false
@!!END

@!!BEGIN
@!!type:obligation
@!!id:128
@!!loc:7334:31:7334:33
@!!status:proved
@!!prover:smt
@!!meth:time-limit: 60; time-used: 2.1 (3%)
@!!already:false
@!!END

@!!BEGIN
@!!type:obligation
@!!id:133
@!!loc:7342:15:7342:19
@!!status:trivial
@!!prover:tlapm
@!!already:false
@!!END

@!!BEGIN
@!!type:obligation
@!!id:134
@!!loc:7342:21:7342:25
@!!status:trivial
@!!prover:tlapm
@!!already:false
@!!END

@!!BEGIN
@!!type:obligation
@!!id:135
@!!loc:7342:27:7342:31
@!!status:trivial
@!!prover:tlapm
@!!already:false
@!!END

@!!BEGIN
@!!type:obligation
@!!id:137
@!!loc:7338:31:7338:35
@!!status:trivial
@!!prover:tlapm
@!!already:false
@!!END

@!!BEGIN
@!!type:obligation
@!!id:139
@!!loc:7341:8:7341:12
@!!status:trivial
@!!prover:tlapm
@!!already:false
@!!END

@!!BEGIN
@!!type:obligation
@!!id:138
@!!loc:7341:5:7341:7
@!!status:proved
@!!prover:smt
@!!meth:time-limit: 60; time-used: 0.5 (1%)
@!!already:false
@!!END

@!!BEGIN
@!!type:obligation
@!!id:136
@!!loc:7338:28:7338:30
@!!status:proved
@!!prover:smt
@!!meth:time-limit: 60; time-used: 1.4 (2%)
@!!already:false
@!!END

@!!BEGIN
@!!type:obligation
@!!id:132
@!!loc:7342:12:7342:14
@!!status:proved
@!!prover:smt
@!!meth:time-limit: 60; time-used: 3.1 (5%)
@!!already:false
@!!END

@!!BEGIN
@!!type:obligation
@!!id:140
@!!loc:7341:14:7341:18
@!!status:trivial
@!!prover:tlapm
@!!already:false
@!!END

@!!BEGIN
@!!type:obligation
@!!id:141
@!!loc:7341:20:7341:24
@!!status:trivial
@!!prover:tlapm
@!!already:false
@!!END

@!!BEGIN
@!!type:obligation
@!!id:144
@!!loc:7365:13:7365:17
@!!status:trivial
@!!prover:tlapm
@!!already:false
@!!END

@!!BEGIN
@!!type:obligation
@!!id:145
@!!loc:7365:19:7365:23
@!!status:trivial
@!!prover:tlapm
@!!already:false
@!!END

@!!BEGIN
@!!type:obligation
@!!id:146
@!!loc:7365:25:7365:29
@!!status:trivial
@!!prover:tlapm
@!!already:false
@!!END

@!!BEGIN
@!!type:obligation
@!!id:147
@!!loc:7355:39:7355:46
@!!status:proved
@!!prover:smt
@!!meth:time-limit: 60
@!!already:true
@!!END

@!!BEGIN
@!!type:obligation
@!!id:148
@!!loc:7356:13:7356:15
@!!status:proved
@!!prover:smt
@!!meth:time-limit: 60
@!!already:true
@!!END

@!!BEGIN
@!!type:obligation
@!!id:149
@!!loc:7356:16:7356:23
@!!status:trivial
@!!prover:tlapm
@!!already:false
@!!END

@!!BEGIN
@!!type:obligation
@!!id:150
@!!loc:7357:44:7357:46
@!!status:proved
@!!prover:smt
@!!meth:time-limit: 60
@!!already:true
@!!END

@!!BEGIN
@!!type:obligation
@!!id:143
@!!loc:7365:10:7365:12
@!!status:proved
@!!prover:smt
@!!meth:time-limit: 60; time-used: 3.7 (6%)
@!!already:false
@!!END

@!!BEGIN
@!!type:obligation
@!!id:142
@!!loc:7349:1:7349:3
@!!status:proved
@!!prover:smt
@!!meth:time-limit: 60; time-used: 4.3 (7%)
@!!already:false
@!!END

@!!BEGIN
@!!type:obligation
@!!id:152
@!!loc:7358:35:7358:39
@!!status:trivial
@!!prover:tlapm
@!!already:false
@!!END

@!!BEGIN
@!!type:obligation
@!!id:155
@!!loc:7360:19:7360:23
@!!status:trivial
@!!prover:tlapm
@!!already:false
@!!END

@!!BEGIN
@!!type:obligation
@!!id:154
@!!loc:7360:16:7360:18
@!!status:proved
@!!prover:smt
@!!meth:time-limit: 60; time-used: 1.0 (2%)
@!!already:false
@!!END

@!!BEGIN
@!!type:obligation
@!!id:153
@!!loc:7359:104:7359:106
@!!status:proved
@!!prover:smt
@!!meth:time-limit: 60; time-used: 1.5 (2%)
@!!already:false
@!!END

@!!BEGIN
@!!type:obligation
@!!id:151
@!!loc:7358:32:7358:34
@!!status:proved
@!!prover:smt
@!!meth:time-limit: 60; time-used: 2.9 (5%)
@!!already:false
@!!END

@!!BEGIN
@!!type:obligation
@!!id:157
@!!loc:7361:19:7361:23
@!!status:trivial
@!!prover:tlapm
@!!already:false
@!!END

@!!BEGIN
@!!type:obligation
@!!id:159
@!!loc:7362:22:7362:26
@!!status:trivial
@!!prover:tlapm
@!!already:false
@!!END

@!!BEGIN
@!!type:obligation
@!!id:160
@!!loc:7362:28:7362:32
@!!status:trivial
@!!prover:tlapm
@!!already:false
@!!END

@!!BEGIN
@!!type:obligation
@!!id:162
@!!loc:7363:43:7363:48
@!!status:trivial
@!!prover:tlapm
@!!already:false
@!!END

@!!BEGIN
@!!type:obligation
@!!id:163
@!!loc:7363:50:7363:55
@!!status:trivial
@!!prover:tlapm
@!!already:false
@!!END

@!!BEGIN
@!!type:obligation
@!!id:161
@!!loc:7363:40:7363:42
@!!status:proved
@!!prover:smt
@!!meth:time-limit: 60; time-used: 0.8 (1%)
@!!already:false
@!!END

@!!BEGIN
@!!type:obligation
@!!id:158
@!!loc:7362:19:7362:21
@!!status:proved
@!!prover:smt
@!!meth:time-limit: 60; time-used: 2.1 (3%)
@!!already:false
@!!END

@!!BEGIN
@!!type:obligation
@!!id:156
@!!loc:7361:16:7361:18
@!!status:proved
@!!prover:smt
@!!meth:time-limit: 60; time-used: 3.1 (5%)
@!!already:false
@!!END

@!!BEGIN
@!!type:obligation
@!!id:164
@!!loc:7363:57:7363:62
@!!status:trivial
@!!prover:tlapm
@!!already:false
@!!END

@!!BEGIN
@!!type:obligation
@!!id:166
@!!loc:7364:25:7364:29
@!!status:trivial
@!!prover:tlapm
@!!already:false
@!!END

@!!BEGIN
@!!type:obligation
@!!id:168
@!!loc:7412:13:7412:17
@!!status:trivial
@!!prover:tlapm
@!!already:false
@!!END

@!!BEGIN
@!!type:obligation
@!!id:169
@!!loc:7412:19:7412:23
@!!status:trivial
@!!prover:tlapm
@!!already:false
@!!END

@!!BEGIN
@!!type:obligation
@!!id:170
@!!loc:7412:25:7412:29
@!!status:trivial
@!!prover:tlapm
@!!already:false
@!!END

@!!BEGIN
@!!type:obligation
@!!id:171
@!!loc:7412:31:7412:36
@!!status:trivial
@!!prover:tlapm
@!!already:false
@!!END

@!!BEGIN
@!!type:obligation
@!!id:172
@!!loc:7412:38:7412:42
@!!status:trivial
@!!prover:tlapm
@!!already:false
@!!END

@!!BEGIN
@!!type:obligation
@!!id:173
@!!loc:7412:44:7412:48
@!!status:trivial
@!!prover:tlapm
@!!already:false
@!!END

@!!BEGIN
@!!type:obligation
@!!id:167
@!!loc:7412:10:7412:12
@!!status:proved
@!!prover:smt
@!!meth:time-limit: 60; time-used: 2.2 (4%)
@!!already:false
@!!END

@!!BEGIN
@!!type:obligation
@!!id:165
@!!loc:7364:22:7364:24
@!!status:proved
@!!prover:smt
@!!meth:time-limit: 60; time-used: 3.1 (5%)
@!!already:false
@!!END

@!!BEGIN
@!!type:obligation
@!!id:174
@!!loc:7412:50:7412:54
@!!status:trivial
@!!prover:tlapm
@!!already:false
@!!END

@!!BEGIN
@!!type:obligation
@!!id:175
@!!loc:7412:56:7412:65
@!!status:trivial
@!!prover:tlapm
@!!already:false
@!!END

@!!BEGIN
@!!type:obligation
@!!id:177
@!!loc:7373:17:7373:24
@!!status:trivial
@!!prover:tlapm
@!!already:false
@!!END

@!!BEGIN
@!!type:obligation
@!!id:178
@!!loc:7374:12:7374:14
@!!status:proved
@!!prover:smt
@!!meth:time-limit: 60; time-used: 2.4 (4%)
@!!already:false
@!!END

@!!BEGIN
@!!type:obligation
@!!id:176
@!!loc:7373:14:7373:16
@!!status:proved
@!!prover:smt
@!!meth:time-limit: 60; time-used: 3.3 (5%)
@!!already:false
@!!END

@!!BEGIN
@!!type:obligation
@!!id:181
@!!loc:7378:18:7378:22
@!!status:trivial
@!!prover:tlapm
@!!already:false
@!!END

@!!BEGIN
@!!type:obligation
@!!id:182
@!!loc:7378:24:7378:28
@!!status:trivial
@!!prover:tlapm
@!!already:false
@!!END

@!!BEGIN
@!!type:obligation
@!!id:180
@!!loc:7378:15:7378:17
@!!status:proved
@!!prover:smt
@!!meth:time-limit: 60; time-used: 1.3 (2%)
@!!already:false
@!!END

@!!BEGIN
@!!type:obligation
@!!id:179
@!!loc:7377:3:7377:5
@!!status:proved
@!!prover:smt
@!!meth:time-limit: 60; time-used: 3.6 (6%)
@!!already:false
@!!END

@!!BEGIN
@!!type:obligation
@!!id:185
@!!loc:7410:13:7410:18
@!!status:trivial
@!!prover:tlapm
@!!already:false
@!!END

@!!BEGIN
@!!type:obligation
@!!id:186
@!!loc:7410:20:7410:25
@!!status:trivial
@!!prover:tlapm
@!!already:false
@!!END

@!!BEGIN
@!!type:obligation
@!!id:187
@!!loc:7410:27:7410:32
@!!status:trivial
@!!prover:tlapm
@!!already:false
@!!END

@!!BEGIN
@!!type:obligation
@!!id:188
@!!loc:7410:34:7410:39
@!!status:trivial
@!!prover:tlapm
@!!already:false
@!!END

@!!BEGIN
@!!type:obligation
@!!id:184
@!!loc:7410:10:7410:12
@!!status:proved
@!!prover:smt
@!!meth:time-limit: 60; time-used: 2.4 (4%)
@!!already:false
@!!END

@!!BEGIN
@!!type:obligation
@!!id:183
@!!loc:7379:17:7379:19
@!!status:proved
@!!prover:smt
@!!meth:time-limit: 60; time-used: 3.1 (5%)
@!!already:false
@!!END

@!!BEGIN
@!!type:obligation
@!!id:192
@!!loc:7386:26:7386:30
@!!status:trivial
@!!prover:tlapm
@!!already:false
@!!END

@!!BEGIN
@!!type:obligation
@!!id:191
@!!loc:7386:23:7386:25
@!!status:proved
@!!prover:smt
@!!meth:time-limit: 60; time-used: 0.4 (1%)
@!!already:false
@!!END

@!!BEGIN
@!!type:obligation
@!!id:190
@!!loc:7385:43:7385:45
@!!status:proved
@!!prover:smt
@!!meth:time-limit: 60; time-used: 1.1 (2%)
@!!already:false
@!!END

@!!BEGIN
@!!type:obligation
@!!id:189
@!!loc:7384:5:7384:7
@!!status:proved
@!!prover:smt
@!!meth:time-limit: 60; time-used: 3.3 (6%)
@!!already:false
@!!END

@!!BEGIN
@!!type:obligation
@!!id:193
@!!loc:7386:32:7386:36
@!!status:trivial
@!!prover:tlapm
@!!already:false
@!!END

@!!BEGIN
@!!type:obligation
@!!id:194
@!!loc:7386:38:7386:50
@!!status:trivial
@!!prover:tlapm
@!!already:false
@!!END

@!!BEGIN
@!!type:obligation
@!!id:195
@!!loc:7386:52:7386:62
@!!status:trivial
@!!prover:tlapm
@!!already:false
@!!END

@!!BEGIN
@!!type:obligation
@!!id:197
@!!loc:7389:17:7389:21
@!!status:trivial
@!!prover:tlapm
@!!already:false
@!!END

@!!BEGIN
@!!type:obligation
@!!id:198
@!!loc:7389:23:7389:27
@!!status:trivial
@!!prover:tlapm
@!!already:false
@!!END

@!!BEGIN
@!!type:obligation
@!!id:199
@!!loc:7389:29:7389:33
@!!status:trivial
@!!prover:tlapm
@!!already:false
@!!END

@!!BEGIN
@!!type:obligation
@!!id:200
@!!loc:7389:35:7389:45
@!!status:trivial
@!!prover:tlapm
@!!already:false
@!!END

@!!BEGIN
@!!type:obligation
@!!id:203
@!!loc:7390:35:7390:39
@!!status:trivial
@!!prover:tlapm
@!!already:false
@!!END

@!!BEGIN
@!!type:obligation
@!!id:202
@!!loc:7390:32:7390:34
@!!status:proved
@!!prover:smt
@!!meth:time-limit: 60; time-used: 0.3 (0%)
@!!already:false
@!!END

@!!BEGIN
@!!type:obligation
@!!id:201
@!!loc:7388:66:7388:68
@!!status:proved
@!!prover:smt
@!!meth:time-limit: 60; time-used: 1.0 (2%)
@!!already:false
@!!END

@!!BEGIN
@!!type:obligation
@!!id:196
@!!loc:7389:14:7389:16
@!!status:proved
@!!prover:smt
@!!meth:time-limit: 60; time-used: 3.2 (5%)
@!!already:false
@!!END

@!!BEGIN
@!!type:obligation
@!!id:205
@!!loc:7391:78:7391:82
@!!status:trivial
@!!prover:tlapm
@!!already:false
@!!END

@!!BEGIN
@!!type:obligation
@!!id:206
@!!loc:7391:84:7391:88
@!!status:trivial
@!!prover:tlapm
@!!already:false
@!!END

@!!BEGIN
@!!type:obligation
@!!id:207
@!!loc:7391:90:7391:94
@!!status:trivial
@!!prover:tlapm
@!!already:false
@!!END

@!!BEGIN
@!!type:obligation
@!!id:209
@!!loc:7392:36:7392:40
@!!status:trivial
@!!prover:tlapm
@!!already:false
@!!END

@!!BEGIN
@!!type:obligation
@!!id:208
@!!loc:7392:33:7392:35
@!!status:proved
@!!prover:smt
@!!meth:time-limit: 60; time-used: 1.3 (2%)
@!!already:false
@!!END

@!!BEGIN
@!!type:obligation
@!!id:204
@!!loc:7391:75:7391:77
@!!status:proved
@!!prover:smt
@!!meth:time-limit: 60; time-used: 3.1 (5%)
@!!already:false
@!!END

@!!BEGIN
@!!type:obligation
@!!id:211
@!!loc:7394:6:7394:10
@!!status:trivial
@!!prover:tlapm
@!!already:false
@!!END

@!!BEGIN
@!!type:obligation
@!!id:212
@!!loc:7394:12:7394:16
@!!status:trivial
@!!prover:tlapm
@!!already:false
@!!END

@!!BEGIN
@!!type:obligation
@!!id:213
@!!loc:7394:18:7394:23
@!!status:trivial
@!!prover:tlapm
@!!already:false
@!!END

@!!BEGIN
@!!type:obligation
@!!id:215
@!!loc:7403:15:7403:19
@!!status:trivial
@!!prover:tlapm
@!!already:false
@!!END

@!!BEGIN
@!!type:obligation
@!!id:216
@!!loc:7403:21:7403:25
@!!status:trivial
@!!prover:tlapm
@!!already:false
@!!END

@!!BEGIN
@!!type:obligation
@!!id:217
@!!loc:7403:27:7403:31
@!!status:trivial
@!!prover:tlapm
@!!already:false
@!!END

@!!BEGIN
@!!type:obligation
@!!id:218
@!!loc:7403:33:7403:37
@!!status:trivial
@!!prover:tlapm
@!!already:false
@!!END

@!!BEGIN
@!!type:obligation
@!!id:214
@!!loc:7403:12:7403:14
@!!status:proved
@!!prover:smt
@!!meth:time-limit: 60; time-used: 1.5 (3%)
@!!already:false
@!!END

@!!BEGIN
@!!type:obligation
@!!id:210
@!!loc:7394:3:7394:5
@!!status:proved
@!!prover:smt
@!!meth:time-limit: 60; time-used: 3.3 (5%)
@!!already:false
@!!END

@!!BEGIN
@!!type:obligation
@!!id:221
@!!loc:7401:18:7401:22
@!!status:trivial
@!!prover:tlapm
@!!already:false
@!!END

@!!BEGIN
@!!type:obligation
@!!id:223
@!!loc:7402:52:7402:56
@!!status:trivial
@!!prover:tlapm
@!!already:false
@!!END

@!!BEGIN
@!!type:obligation
@!!id:224
@!!loc:7402:58:7402:62
@!!status:trivial
@!!prover:tlapm
@!!already:false
@!!END

@!!BEGIN
@!!type:obligation
@!!id:225
@!!loc:7402:64:7402:69
@!!status:trivial
@!!prover:tlapm
@!!already:false
@!!END

@!!BEGIN
@!!type:obligation
@!!id:222
@!!loc:7402:49:7402:51
@!!status:proved
@!!prover:smt
@!!meth:time-limit: 60; time-used: 1.2 (2%)
@!!already:false
@!!END

@!!BEGIN
@!!type:obligation
@!!id:220
@!!loc:7401:15:7401:17
@!!status:proved
@!!prover:smt
@!!meth:time-limit: 60; time-used: 2.2 (4%)
@!!already:false
@!!END

@!!BEGIN
@!!type:obligation
@!!id:219
@!!loc:7400:5:7400:12
@!!status:proved
@!!prover:smt
@!!meth:time-limit: 60; time-used: 3.1 (5%)
@!!already:false
@!!END

@!!BEGIN
@!!type:obligation
@!!id:227
@!!loc:7409:15:7409:19
@!!status:trivial
@!!prover:tlapm
@!!already:false
@!!END

@!!BEGIN
@!!type:obligation
@!!id:228
@!!loc:7409:21:7409:25
@!!status:trivial
@!!prover:tlapm
@!!already:false
@!!END

@!!BEGIN
@!!type:obligation
@!!id:229
@!!loc:7409:27:7409:31
@!!status:trivial
@!!prover:tlapm
@!!already:false
@!!END

@!!BEGIN
@!!type:obligation
@!!id:232
@!!loc:7407:37:7407:41
@!!status:trivial
@!!prover:tlapm
@!!already:false
@!!END

@!!BEGIN
@!!type:obligation
@!!id:231
@!!loc:7407:34:7407:36
@!!status:proved
@!!prover:smt
@!!meth:time-limit: 60; time-used: 1.3 (2%)
@!!already:false
@!!END

@!!BEGIN
@!!type:obligation
@!!id:230
@!!loc:7406:5:7406:12
@!!status:proved
@!!prover:smt
@!!meth:time-limit: 60; time-used: 1.9 (3%)
@!!already:false
@!!END

@!!BEGIN
@!!type:obligation
@!!id:226
@!!loc:7409:12:7409:14
@!!status:proved
@!!prover:smt
@!!meth:time-limit: 60; time-used: 3.6 (6%)
@!!already:false
@!!END

@!!BEGIN
@!!type:obligation
@!!id:234
@!!loc:7408:53:7408:57
@!!status:trivial
@!!prover:tlapm
@!!already:false
@!!END

@!!BEGIN
@!!type:obligation
@!!id:235
@!!loc:7408:59:7408:63
@!!status:trivial
@!!prover:tlapm
@!!already:false
@!!END

@!!BEGIN
@!!type:obligation
@!!id:236
@!!loc:7408:65:7408:70
@!!status:trivial
@!!prover:tlapm
@!!already:false
@!!END

@!!BEGIN
@!!type:obligation
@!!id:238
@!!loc:7411:15:7411:21
@!!status:trivial
@!!prover:tlapm
@!!already:false
@!!END

@!!BEGIN
@!!type:obligation
@!!id:239
@!!loc:7426:10:7426:12
@!!status:proved
@!!prover:smt
@!!meth:time-limit: 60
@!!already:true
@!!END

@!!BEGIN
@!!type:obligation
@!!id:240
@!!loc:7426:13:7426:17
@!!status:trivial
@!!prover:tlapm
@!!already:false
@!!END

@!!BEGIN
@!!type:obligation
@!!id:241
@!!loc:7426:19:7426:23
@!!status:trivial
@!!prover:tlapm
@!!already:false
@!!END

@!!BEGIN
@!!type:obligation
@!!id:237
@!!loc:7411:12:7411:14
@!!status:proved
@!!prover:smt
@!!meth:time-limit: 60; time-used: 1.2 (2%)
@!!already:false
@!!END

@!!BEGIN
@!!type:obligation
@!!id:233
@!!loc:7408:50:7408:52
@!!status:proved
@!!prover:smt
@!!meth:time-limit: 60; time-used: 3.1 (5%)
@!!already:false
@!!END

@!!BEGIN
@!!type:obligation
@!!id:242
@!!loc:7426:25:7426:29
@!!status:trivial
@!!prover:tlapm
@!!already:false
@!!END

@!!BEGIN
@!!type:obligation
@!!id:243
@!!loc:7426:31:7426:36
@!!status:trivial
@!!prover:tlapm
@!!already:false
@!!END

@!!BEGIN
@!!type:obligation
@!!id:244
@!!loc:7426:38:7426:42
@!!status:trivial
@!!prover:tlapm
@!!already:false
@!!END

@!!BEGIN
@!!type:obligation
@!!id:245
@!!loc:7426:44:7426:48
@!!status:trivial
@!!prover:tlapm
@!!already:false
@!!END

@!!BEGIN
@!!type:obligation
@!!id:246
@!!loc:7426:50:7426:54
@!!status:trivial
@!!prover:tlapm
@!!already:false
@!!END

@!!BEGIN
@!!type:obligation
@!!id:247
@!!loc:7426:56:7426:65
@!!status:trivial
@!!prover:tlapm
@!!already:false
@!!END

@!!BEGIN
@!!type:obligation
@!!id:248
@!!loc:7417:14:7417:16
@!!status:proved
@!!prover:smt
@!!meth:time-limit: 60
@!!already:true
@!!END

@!!BEGIN
@!!type:obligation
@!!id:249
@!!loc:7417:17:7417:24
@!!status:trivial
@!!prover:tlapm
@!!already:false
@!!END

@!!BEGIN
@!!type:obligation
@!!id:250
@!!loc:7418:12:7418:14
@!!status:proved
@!!prover:smt
@!!meth:time-limit: 60
@!!already:true
@!!END

@!!BEGIN
@!!type:obligation
@!!id:251
@!!loc:7421:3:7421:5
@!!status:proved
@!!prover:smt
@!!meth:time-limit: 60
@!!already:true
@!!END

@!!BEGIN
@!!type:obligation
@!!id:252
@!!loc:7422:15:7422:17
@!!status:proved
@!!prover:smt
@!!meth:time-limit: 60
@!!already:true
@!!END

@!!BEGIN
@!!type:obligation
@!!id:253
@!!loc:7422:18:7422:22
@!!status:trivial
@!!prover:tlapm
@!!already:false
@!!END

@!!BEGIN
@!!type:obligation
@!!id:254
@!!loc:7422:24:7422:28
@!!status:trivial
@!!prover:tlapm
@!!already:false
@!!END

@!!BEGIN
@!!type:obligation
@!!id:255
@!!loc:7423:17:7423:19
@!!status:proved
@!!prover:smt
@!!meth:time-limit: 60
@!!already:true
@!!END

@!!BEGIN
@!!type:obligation
@!!id:257
@!!loc:7424:17:7424:21
@!!status:trivial
@!!prover:tlapm
@!!already:false
@!!END

@!!BEGIN
@!!type:obligation
@!!id:258
@!!loc:7424:23:7424:31
@!!status:trivial
@!!prover:tlapm
@!!already:false
@!!END

@!!BEGIN
@!!type:obligation
@!!id:260
@!!loc:7425:15:7425:21
@!!status:trivial
@!!prover:tlapm
@!!already:false
@!!END

@!!BEGIN
@!!type:obligation
@!!id:262
@!!loc:7440:13:7440:17
@!!status:trivial
@!!prover:tlapm
@!!already:false
@!!END

@!!BEGIN
@!!type:obligation
@!!id:261
@!!loc:7440:10:7440:12
@!!status:proved
@!!prover:smt
@!!meth:time-limit: 60; time-used: 0.5 (1%)
@!!already:false
@!!END

@!!BEGIN
@!!type:obligation
@!!id:259
@!!loc:7425:12:7425:14
@!!status:proved
@!!prover:smt
@!!meth:time-limit: 60; time-used: 1.4 (2%)
@!!already:false
@!!END

@!!BEGIN
@!!type:obligation
@!!id:256
@!!loc:7424:14:7424:16
@!!status:proved
@!!prover:smt
@!!meth:time-limit: 60; time-used: 3.0 (5%)
@!!already:false
@!!END

@!!BEGIN
@!!type:obligation
@!!id:263
@!!loc:7440:19:7440:23
@!!status:trivial
@!!prover:tlapm
@!!already:false
@!!END

@!!BEGIN
@!!type:obligation
@!!id:264
@!!loc:7440:25:7440:29
@!!status:trivial
@!!prover:tlapm
@!!already:false
@!!END

@!!BEGIN
@!!type:obligation
@!!id:265
@!!loc:7440:31:7440:36
@!!status:trivial
@!!prover:tlapm
@!!already:false
@!!END

@!!BEGIN
@!!type:obligation
@!!id:266
@!!loc:7440:38:7440:42
@!!status:trivial
@!!prover:tlapm
@!!already:false
@!!END

@!!BEGIN
@!!type:obligation
@!!id:267
@!!loc:7440:44:7440:48
@!!status:trivial
@!!prover:tlapm
@!!already:false
@!!END

@!!BEGIN
@!!type:obligation
@!!id:268
@!!loc:7440:50:7440:54
@!!status:trivial
@!!prover:tlapm
@!!already:false
@!!END

@!!BEGIN
@!!type:obligation
@!!id:269
@!!loc:7440:56:7440:65
@!!status:trivial
@!!prover:tlapm
@!!already:false
@!!END

@!!BEGIN
@!!type:obligation
@!!id:271
@!!loc:7431:17:7431:27
@!!status:trivial
@!!prover:tlapm
@!!already:false
@!!END

@!!BEGIN
@!!type:obligation
@!!id:272
@!!loc:7432:12:7432:14
@!!status:proved
@!!prover:smt
@!!meth:time-limit: 60; time-used: 2.3 (4%)
@!!already:false
@!!END

@!!BEGIN
@!!type:obligation
@!!id:270
@!!loc:7431:14:7431:16
@!!status:proved
@!!prover:smt
@!!meth:time-limit: 60; time-used: 3.0 (5%)
@!!already:false
@!!END

@!!BEGIN
@!!type:obligation
@!!id:275
@!!loc:7436:18:7436:22
@!!status:trivial
@!!prover:tlapm
@!!already:false
@!!END

@!!BEGIN
@!!type:obligation
@!!id:274
@!!loc:7436:15:7436:17
@!!status:proved
@!!prover:smt
@!!meth:time-limit: 60; time-used: 0.8 (1%)
@!!already:false
@!!END

@!!BEGIN
@!!type:obligation
@!!id:273
@!!loc:7435:3:7435:5
@!!status:proved
@!!prover:smt
@!!meth:time-limit: 60; time-used: 3.1 (5%)
@!!already:false
@!!END

@!!BEGIN
@!!type:obligation
@!!id:276
@!!loc:7436:24:7436:28
@!!status:trivial
@!!prover:tlapm
@!!already:false
@!!END

@!!BEGIN
@!!type:obligation
@!!id:279
@!!loc:7438:17:7438:21
@!!status:trivial
@!!prover:tlapm
@!!already:false
@!!END

@!!BEGIN
@!!type:obligation
@!!id:280
@!!loc:7438:23:7438:31
@!!status:trivial
@!!prover:tlapm
@!!already:false
@!!END

@!!BEGIN
@!!type:obligation
@!!id:282
@!!loc:7439:15:7439:21
@!!status:trivial
@!!prover:tlapm
@!!already:false
@!!END

@!!BEGIN
@!!type:obligation
@!!id:281
@!!loc:7439:12:7439:14
@!!status:proved
@!!prover:smt
@!!meth:time-limit: 60; time-used: 0.3 (1%)
@!!already:false
@!!END

@!!BEGIN
@!!type:obligation
@!!id:278
@!!loc:7438:14:7438:16
@!!status:proved
@!!prover:smt
@!!meth:time-limit: 60; time-used: 2.1 (3%)
@!!already:false
@!!END

@!!BEGIN
@!!type:obligation
@!!id:277
@!!loc:7437:17:7437:19
@!!status:proved
@!!prover:smt
@!!meth:time-limit: 60; time-used: 3.1 (5%)
@!!already:false
@!!END

@!!BEGIN
@!!type:obligation
@!!id:283
@!!loc:7446:10:7446:12
@!!status:proved
@!!prover:smt
@!!meth:time-limit: 60
@!!already:true
@!!END

@!!BEGIN
@!!type:obligation
@!!id:284
@!!loc:7446:13:7446:17
@!!status:trivial
@!!prover:tlapm
@!!already:false
@!!END

@!!BEGIN
@!!type:obligation
@!!id:286
@!!loc:7460:10:7460:12
@!!status:proved
@!!prover:smt
@!!meth:time-limit: 60
@!!already:true
@!!END

@!!BEGIN
@!!type:obligation
@!!id:287
@!!loc:7460:13:7460:17
@!!status:trivial
@!!prover:tlapm
@!!already:false
@!!END

@!!BEGIN
@!!type:obligation
@!!id:288
@!!loc:7460:19:7460:23
@!!status:trivial
@!!prover:tlapm
@!!already:false
@!!END

@!!BEGIN
@!!type:obligation
@!!id:289
@!!loc:7460:25:7460:29
@!!status:trivial
@!!prover:tlapm
@!!already:false
@!!END

@!!BEGIN
@!!type:obligation
@!!id:290
@!!loc:7460:31:7460:36
@!!status:trivial
@!!prover:tlapm
@!!already:false
@!!END

@!!BEGIN
@!!type:obligation
@!!id:291
@!!loc:7460:38:7460:42
@!!status:trivial
@!!prover:tlapm
@!!already:false
@!!END

@!!BEGIN
@!!type:obligation
@!!id:292
@!!loc:7460:44:7460:48
@!!status:trivial
@!!prover:tlapm
@!!already:false
@!!END

@!!BEGIN
@!!type:obligation
@!!id:293
@!!loc:7460:50:7460:54
@!!status:trivial
@!!prover:tlapm
@!!already:false
@!!END

@!!BEGIN
@!!type:obligation
@!!id:294
@!!loc:7460:56:7460:65
@!!status:trivial
@!!prover:tlapm
@!!already:false
@!!END

@!!BEGIN
@!!type:obligation
@!!id:295
@!!loc:7451:14:7451:16
@!!status:proved
@!!prover:smt
@!!meth:time-limit: 60
@!!already:true
@!!END

@!!BEGIN
@!!type:obligation
@!!id:296
@!!loc:7451:17:7451:27
@!!status:trivial
@!!prover:tlapm
@!!already:false
@!!END

@!!BEGIN
@!!type:obligation
@!!id:285
@!!loc:7445:16:7445:18
@!!status:proved
@!!prover:smt
@!!meth:time-limit: 60; time-used: 3.4 (6%)
@!!already:false
@!!END

@!!BEGIN
@!!type:obligation
@!!id:297
@!!loc:7452:12:7452:14
@!!status:proved
@!!prover:smt
@!!meth:time-limit: 60
@!!already:true
@!!END

@!!BEGIN
@!!type:obligation
@!!id:298
@!!loc:7455:3:7455:5
@!!status:proved
@!!prover:smt
@!!meth:time-limit: 60
@!!already:true
@!!END

@!!BEGIN
@!!type:obligation
@!!id:299
@!!loc:7456:15:7456:17
@!!status:proved
@!!prover:smt
@!!meth:time-limit: 60
@!!already:true
@!!END

@!!BEGIN
@!!type:obligation
@!!id:300
@!!loc:7456:18:7456:22
@!!status:trivial
@!!prover:tlapm
@!!already:false
@!!END

@!!BEGIN
@!!type:obligation
@!!id:301
@!!loc:7456:24:7456:28
@!!status:trivial
@!!prover:tlapm
@!!already:false
@!!END

@!!BEGIN
@!!type:obligation
@!!id:302
@!!loc:7457:17:7457:19
@!!status:proved
@!!prover:smt
@!!meth:time-limit: 60
@!!already:true
@!!END

@!!BEGIN
@!!type:obligation
@!!id:304
@!!loc:7458:17:7458:21
@!!status:trivial
@!!prover:tlapm
@!!already:false
@!!END

@!!BEGIN
@!!type:obligation
@!!id:305
@!!loc:7458:23:7458:31
@!!status:trivial
@!!prover:tlapm
@!!already:false
@!!END

@!!BEGIN
@!!type:obligation
@!!id:307
@!!loc:7459:15:7459:21
@!!status:trivial
@!!prover:tlapm
@!!already:false
@!!END

@!!BEGIN
@!!type:obligation
@!!id:309
@!!loc:7474:13:7474:17
@!!status:trivial
@!!prover:tlapm
@!!already:false
@!!END

@!!BEGIN
@!!type:obligation
@!!id:310
@!!loc:7474:19:7474:23
@!!status:trivial
@!!prover:tlapm
@!!already:false
@!!END

@!!BEGIN
@!!type:obligation
@!!id:308
@!!loc:7474:10:7474:12
@!!status:proved
@!!prover:smt
@!!meth:time-limit: 60; time-used: 0.7 (1%)
@!!already:false
@!!END

@!!BEGIN
@!!type:obligation
@!!id:306
@!!loc:7459:12:7459:14
@!!status:proved
@!!prover:smt
@!!meth:time-limit: 60; time-used: 1.7 (3%)
@!!already:false
@!!END

@!!BEGIN
@!!type:obligation
@!!id:303
@!!loc:7458:14:7458:16
@!!status:proved
@!!prover:smt
@!!meth:time-limit: 60; time-used: 3.2 (5%)
@!!already:false
@!!END

@!!BEGIN
@!!type:obligation
@!!id:311
@!!loc:7474:25:7474:29
@!!status:trivial
@!!prover:tlapm
@!!already:false
@!!END

@!!BEGIN
@!!type:obligation
@!!id:312
@!!loc:7474:31:7474:36
@!!status:trivial
@!!prover:tlapm
@!!already:false
@!!END

@!!BEGIN
@!!type:obligation
@!!id:313
@!!loc:7474:38:7474:42
@!!status:trivial
@!!prover:tlapm
@!!already:false
@!!END

@!!BEGIN
@!!type:obligation
@!!id:314
@!!loc:7474:44:7474:48
@!!status:trivial
@!!prover:tlapm
@!!already:false
@!!END

@!!BEGIN
@!!type:obligation
@!!id:315
@!!loc:7474:50:7474:54
@!!status:trivial
@!!prover:tlapm
@!!already:false
@!!END

@!!BEGIN
@!!type:obligation
@!!id:316
@!!loc:7474:56:7474:65
@!!status:trivial
@!!prover:tlapm
@!!already:false
@!!END

@!!BEGIN
@!!type:obligation
@!!id:318
@!!loc:7465:17:7465:25
@!!status:trivial
@!!prover:tlapm
@!!already:false
@!!END

@!!BEGIN
@!!type:obligation
@!!id:319
@!!loc:7466:12:7466:14
@!!status:proved
@!!prover:smt
@!!meth:time-limit: 60; time-used: 2.3 (4%)
@!!already:false
@!!END

@!!BEGIN
@!!type:obligation
@!!id:317
@!!loc:7465:14:7465:16
@!!status:proved
@!!prover:smt
@!!meth:time-limit: 60; time-used: 3.2 (5%)
@!!already:false
@!!END

@!!BEGIN
@!!type:obligation
@!!id:322
@!!loc:7470:18:7470:22
@!!status:trivial
@!!prover:tlapm
@!!already:false
@!!END

@!!BEGIN
@!!type:obligation
@!!id:321
@!!loc:7470:15:7470:17
@!!status:proved
@!!prover:smt
@!!meth:time-limit: 60; time-used: 0.8 (1%)
@!!already:false
@!!END

@!!BEGIN
@!!type:obligation
@!!id:320
@!!loc:7469:3:7469:5
@!!status:proved
@!!prover:smt
@!!meth:time-limit: 60; time-used: 3.2 (5%)
@!!already:false
@!!END

@!!BEGIN
@!!type:obligation
@!!id:323
@!!loc:7470:24:7470:28
@!!status:trivial
@!!prover:tlapm
@!!already:false
@!!END

@!!BEGIN
@!!type:obligation
@!!id:326
@!!loc:7472:17:7472:21
@!!status:trivial
@!!prover:tlapm
@!!already:false
@!!END

@!!BEGIN
@!!type:obligation
@!!id:327
@!!loc:7472:23:7472:31
@!!status:trivial
@!!prover:tlapm
@!!already:false
@!!END

@!!BEGIN
@!!type:obligation
@!!id:329
@!!loc:7473:15:7473:21
@!!status:trivial
@!!prover:tlapm
@!!already:false
@!!END

@!!BEGIN
@!!type:obligation
@!!id:328
@!!loc:7473:12:7473:14
@!!status:proved
@!!prover:smt
@!!meth:time-limit: 60; time-used: 1.2 (2%)
@!!already:false
@!!END

@!!BEGIN
@!!type:obligation
@!!id:325
@!!loc:7472:14:7472:16
@!!status:proved
@!!prover:smt
@!!meth:time-limit: 60; time-used: 2.6 (4%)
@!!already:false
@!!END

@!!BEGIN
@!!type:obligation
@!!id:324
@!!loc:7471:17:7471:19
@!!status:proved
@!!prover:smt
@!!meth:time-limit: 60; time-used: 3.5 (6%)
@!!already:false
@!!END

@!!BEGIN
@!!type:obligation
@!!id:331
@!!loc:7526:13:7526:17
@!!status:trivial
@!!prover:tlapm
@!!already:false
@!!END

@!!BEGIN
@!!type:obligation
@!!id:332
@!!loc:7526:19:7526:23
@!!status:trivial
@!!prover:tlapm
@!!already:false
@!!END

@!!BEGIN
@!!type:obligation
@!!id:333
@!!loc:7526:25:7526:29
@!!status:trivial
@!!prover:tlapm
@!!already:false
@!!END

@!!BEGIN
@!!type:obligation
@!!id:334
@!!loc:7526:31:7526:36
@!!status:trivial
@!!prover:tlapm
@!!already:false
@!!END

@!!BEGIN
@!!type:obligation
@!!id:335
@!!loc:7526:38:7526:42
@!!status:trivial
@!!prover:tlapm
@!!already:false
@!!END

@!!BEGIN
@!!type:obligation
@!!id:336
@!!loc:7526:44:7526:48
@!!status:trivial
@!!prover:tlapm
@!!already:false
@!!END

@!!BEGIN
@!!type:obligation
@!!id:337
@!!loc:7526:50:7526:54
@!!status:trivial
@!!prover:tlapm
@!!already:false
@!!END

@!!BEGIN
@!!type:obligation
@!!id:338
@!!loc:7526:56:7526:65
@!!status:trivial
@!!prover:tlapm
@!!already:false
@!!END

@!!BEGIN
@!!type:obligation
@!!id:330
@!!loc:7526:10:7526:12
@!!status:proved
@!!prover:smt
@!!meth:time-limit: 60; time-used: 3.6 (6%)
@!!already:false
@!!END

@!!BEGIN
@!!type:obligation
@!!id:340
@!!loc:7482:17:7482:24
@!!status:trivial
@!!prover:tlapm
@!!already:false
@!!END

@!!BEGIN
@!!type:obligation
@!!id:341
@!!loc:7483:12:7483:14
@!!status:proved
@!!prover:smt
@!!meth:time-limit: 60; time-used: 2.5 (4%)
@!!already:false
@!!END

@!!BEGIN
@!!type:obligation
@!!id:339
@!!loc:7482:14:7482:16
@!!status:proved
@!!prover:smt
@!!meth:time-limit: 60; time-used: 3.2 (5%)
@!!already:false
@!!END

@!!BEGIN
@!!type:obligation
@!!id:344
@!!loc:7487:18:7487:22
@!!status:trivial
@!!prover:tlapm
@!!already:false
@!!END

@!!BEGIN
@!!type:obligation
@!!id:345
@!!loc:7487:24:7487:28
@!!status:trivial
@!!prover:tlapm
@!!already:false
@!!END

@!!BEGIN
@!!type:obligation
@!!id:343
@!!loc:7487:15:7487:17
@!!status:proved
@!!prover:smt
@!!meth:time-limit: 60; time-used: 1.0 (2%)
@!!already:false
@!!END

@!!BEGIN
@!!type:obligation
@!!id:342
@!!loc:7486:3:7486:5
@!!status:proved
@!!prover:smt
@!!meth:time-limit: 60; time-used: 3.5 (6%)
@!!already:false
@!!END

@!!BEGIN
@!!type:obligation
@!!id:347
@!!loc:7489:42:7489:44
@!!status:proved
@!!prover:smt
@!!meth:time-limit: 60
@!!already:true
@!!END

@!!BEGIN
@!!type:obligation
@!!id:349
@!!loc:7490:29:7490:33
@!!status:trivial
@!!prover:tlapm
@!!already:false
@!!END

@!!BEGIN
@!!type:obligation
@!!id:350
@!!loc:7490:35:7490:39
@!!status:trivial
@!!prover:tlapm
@!!already:false
@!!END

@!!BEGIN
@!!type:obligation
@!!id:351
@!!loc:7490:41:7490:49
@!!status:trivial
@!!prover:tlapm
@!!already:false
@!!END

@!!BEGIN
@!!type:obligation
@!!id:348
@!!loc:7490:26:7490:28
@!!status:proved
@!!prover:smt
@!!meth:time-limit: 60; time-used: 5.4 (9%)
@!!already:false
@!!END

@!!BEGIN
@!!type:obligation
@!!id:346
@!!loc:7488:17:7488:19
@!!status:proved
@!!prover:smt
@!!meth:time-limit: 60; time-used: 6.0 (10%)
@!!already:false
@!!END

@!!BEGIN
@!!type:obligation
@!!id:354
@!!loc:7493:6:7493:10
@!!status:trivial
@!!prover:tlapm
@!!already:false
@!!END

@!!BEGIN
@!!type:obligation
@!!id:356
@!!loc:7494:15:7494:19
@!!status:trivial
@!!prover:tlapm
@!!already:false
@!!END

@!!BEGIN
@!!type:obligation
@!!id:357
@!!loc:7494:21:7494:25
@!!status:trivial
@!!prover:tlapm
@!!already:false
@!!END

@!!BEGIN
@!!type:obligation
@!!id:358
@!!loc:7494:27:7494:34
@!!status:trivial
@!!prover:tlapm
@!!already:false
@!!END

@!!BEGIN
@!!type:obligation
@!!id:355
@!!loc:7494:12:7494:14
@!!status:proved
@!!prover:smt
@!!meth:time-limit: 60; time-used: 1.8 (3%)
@!!already:false
@!!END

@!!BEGIN
@!!type:obligation
@!!id:353
@!!loc:7493:3:7493:5
@!!status:proved
@!!prover:smt
@!!meth:time-limit: 60; time-used: 2.6 (4%)
@!!already:false
@!!END

@!!BEGIN
@!!type:obligation
@!!id:352
@!!loc:7491:44:7491:46
@!!status:proved
@!!prover:smt
@!!meth:time-limit: 60; time-used: 3.2 (5%)
@!!already:false
@!!END

@!!BEGIN
@!!type:obligation
@!!id:360
@!!loc:7525:13:7525:18
@!!status:trivial
@!!prover:tlapm
@!!already:false
@!!END

@!!BEGIN
@!!type:obligation
@!!id:361
@!!loc:7525:20:7525:25
@!!status:trivial
@!!prover:tlapm
@!!already:false
@!!END

@!!BEGIN
@!!type:obligation
@!!id:362
@!!loc:7525:27:7525:32
@!!status:trivial
@!!prover:tlapm
@!!already:false
@!!END

@!!BEGIN
@!!type:obligation
@!!id:363
@!!loc:7525:34:7525:39
@!!status:trivial
@!!prover:tlapm
@!!already:false
@!!END

@!!BEGIN
@!!type:obligation
@!!id:364
@!!loc:7499:5:7499:7
@!!status:proved
@!!prover:smt
@!!meth:time-limit: 60; time-used: 2.4 (4%)
@!!already:false
@!!END

@!!BEGIN
@!!type:obligation
@!!id:359
@!!loc:7525:10:7525:12
@!!status:proved
@!!prover:smt
@!!meth:time-limit: 60; time-used: 4.8 (8%)
@!!already:false
@!!END

@!!BEGIN
@!!type:obligation
@!!id:367
@!!loc:7501:26:7501:30
@!!status:trivial
@!!prover:tlapm
@!!already:false
@!!END

@!!BEGIN
@!!type:obligation
@!!id:368
@!!loc:7501:32:7501:36
@!!status:trivial
@!!prover:tlapm
@!!already:false
@!!END

@!!BEGIN
@!!type:obligation
@!!id:369
@!!loc:7501:38:7501:50
@!!status:trivial
@!!prover:tlapm
@!!already:false
@!!END

@!!BEGIN
@!!type:obligation
@!!id:370
@!!loc:7501:52:7501:62
@!!status:trivial
@!!prover:tlapm
@!!already:false
@!!END

@!!BEGIN
@!!type:obligation
@!!id:366
@!!loc:7501:23:7501:25
@!!status:proved
@!!prover:smt
@!!meth:time-limit: 60; time-used: 2.4 (4%)
@!!already:false
@!!END

@!!BEGIN
@!!type:obligation
@!!id:365
@!!loc:7500:43:7500:45
@!!status:proved
@!!prover:smt
@!!meth:time-limit: 60; time-used: 3.1 (5%)
@!!already:false
@!!END

@!!BEGIN
@!!type:obligation
@!!id:372
@!!loc:7504:17:7504:21
@!!status:trivial
@!!prover:tlapm
@!!already:false
@!!END

@!!BEGIN
@!!type:obligation
@!!id:373
@!!loc:7504:23:7504:27
@!!status:trivial
@!!prover:tlapm
@!!already:false
@!!END

@!!BEGIN
@!!type:obligation
@!!id:374
@!!loc:7504:29:7504:33
@!!status:trivial
@!!prover:tlapm
@!!already:false
@!!END

@!!BEGIN
@!!type:obligation
@!!id:375
@!!loc:7504:35:7504:45
@!!status:trivial
@!!prover:tlapm
@!!already:false
@!!END

@!!BEGIN
@!!type:obligation
@!!id:378
@!!loc:7505:45:7505:49
@!!status:trivial
@!!prover:tlapm
@!!already:false
@!!END

@!!BEGIN
@!!type:obligation
@!!id:377
@!!loc:7505:42:7505:44
@!!status:proved
@!!prover:smt
@!!meth:time-limit: 60; time-used: 0.4 (1%)
@!!already:false
@!!END

@!!BEGIN
@!!type:obligation
@!!id:376
@!!loc:7503:66:7503:68
@!!status:proved
@!!prover:smt
@!!meth:time-limit: 60; time-used: 0.9 (2%)
@!!already:false
@!!END

@!!BEGIN
@!!type:obligation
@!!id:371
@!!loc:7504:14:7504:16
@!!status:proved
@!!prover:smt
@!!meth:time-limit: 60; time-used: 3.3 (5%)
@!!already:false
@!!END

@!!BEGIN
@!!type:obligation
@!!id:380
@!!loc:7506:78:7506:82
@!!status:trivial
@!!prover:tlapm
@!!already:false
@!!END

@!!BEGIN
@!!type:obligation
@!!id:381
@!!loc:7506:84:7506:88
@!!status:trivial
@!!prover:tlapm
@!!already:false
@!!END

@!!BEGIN
@!!type:obligation
@!!id:382
@!!loc:7506:90:7506:94
@!!status:trivial
@!!prover:tlapm
@!!already:false
@!!END

@!!BEGIN
@!!type:obligation
@!!id:384
@!!loc:7507:36:7507:40
@!!status:trivial
@!!prover:tlapm
@!!already:false
@!!END

@!!BEGIN
@!!type:obligation
@!!id:383
@!!loc:7507:33:7507:35
@!!status:proved
@!!prover:smt
@!!meth:time-limit: 60; time-used: 1.3 (2%)
@!!already:false
@!!END

@!!BEGIN
@!!type:obligation
@!!id:379
@!!loc:7506:75:7506:77
@!!status:proved
@!!prover:smt
@!!meth:time-limit: 60; time-used: 3.0 (5%)
@!!already:false
@!!END

@!!BEGIN
@!!type:obligation
@!!id:386
@!!loc:7509:6:7509:10
@!!status:trivial
@!!prover:tlapm
@!!already:false
@!!END

@!!BEGIN
@!!type:obligation
@!!id:387
@!!loc:7509:12:7509:16
@!!status:trivial
@!!prover:tlapm
@!!already:false
@!!END

@!!BEGIN
@!!type:obligation
@!!id:388
@!!loc:7509:18:7509:23
@!!status:trivial
@!!prover:tlapm
@!!already:false
@!!END

@!!BEGIN
@!!type:obligation
@!!id:390
@!!loc:7518:15:7518:19
@!!status:trivial
@!!prover:tlapm
@!!already:false
@!!END

@!!BEGIN
@!!type:obligation
@!!id:391
@!!loc:7518:21:7518:25
@!!status:trivial
@!!prover:tlapm
@!!already:false
@!!END

@!!BEGIN
@!!type:obligation
@!!id:392
@!!loc:7518:27:7518:31
@!!status:trivial
@!!prover:tlapm
@!!already:false
@!!END

@!!BEGIN
@!!type:obligation
@!!id:393
@!!loc:7518:33:7518:37
@!!status:trivial
@!!prover:tlapm
@!!already:false
@!!END

@!!BEGIN
@!!type:obligation
@!!id:389
@!!loc:7518:12:7518:14
@!!status:proved
@!!prover:smt
@!!meth:time-limit: 60; time-used: 1.3 (2%)
@!!already:false
@!!END

@!!BEGIN
@!!type:obligation
@!!id:385
@!!loc:7509:3:7509:5
@!!status:proved
@!!prover:smt
@!!meth:time-limit: 60; time-used: 3.3 (6%)
@!!already:false
@!!END

@!!BEGIN
@!!type:obligation
@!!id:396
@!!loc:7516:18:7516:22
@!!status:trivial
@!!prover:tlapm
@!!already:false
@!!END

@!!BEGIN
@!!type:obligation
@!!id:398
@!!loc:7517:62:7517:66
@!!status:trivial
@!!prover:tlapm
@!!already:false
@!!END

@!!BEGIN
@!!type:obligation
@!!id:399
@!!loc:7517:68:7517:72
@!!status:trivial
@!!prover:tlapm
@!!already:false
@!!END

@!!BEGIN
@!!type:obligation
@!!id:400
@!!loc:7517:74:7517:79
@!!status:trivial
@!!prover:tlapm
@!!already:false
@!!END

@!!BEGIN
@!!type:obligation
@!!id:397
@!!loc:7517:59:7517:61
@!!status:proved
@!!prover:smt
@!!meth:time-limit: 60; time-used: 1.4 (2%)
@!!already:false
@!!END

@!!BEGIN
@!!type:obligation
@!!id:395
@!!loc:7516:15:7516:17
@!!status:proved
@!!prover:smt
@!!meth:time-limit: 60; time-used: 2.4 (4%)
@!!already:false
@!!END

@!!BEGIN
@!!type:obligation
@!!id:394
@!!loc:7515:5:7515:12
@!!status:proved
@!!prover:smt
@!!meth:time-limit: 60; time-used: 3.1 (5%)
@!!already:false
@!!END

@!!BEGIN
@!!type:obligation
@!!id:402
@!!loc:7524:15:7524:19
@!!status:trivial
@!!prover:tlapm
@!!already:false
@!!END

@!!BEGIN
@!!type:obligation
@!!id:403
@!!loc:7524:21:7524:25
@!!status:trivial
@!!prover:tlapm
@!!already:false
@!!END

@!!BEGIN
@!!type:obligation
@!!id:404
@!!loc:7524:27:7524:31
@!!status:trivial
@!!prover:tlapm
@!!already:false
@!!END

@!!BEGIN
@!!type:obligation
@!!id:407
@!!loc:7522:37:7522:41
@!!status:trivial
@!!prover:tlapm
@!!already:false
@!!END

@!!BEGIN
@!!type:obligation
@!!id:406
@!!loc:7522:34:7522:36
@!!status:proved
@!!prover:smt
@!!meth:time-limit: 60; time-used: 1.3 (2%)
@!!already:false
@!!END

@!!BEGIN
@!!type:obligation
@!!id:405
@!!loc:7521:5:7521:12
@!!status:proved
@!!prover:smt
@!!meth:time-limit: 60; time-used: 1.9 (3%)
@!!already:false
@!!END

@!!BEGIN
@!!type:obligation
@!!id:401
@!!loc:7524:12:7524:14
@!!status:proved
@!!prover:smt
@!!meth:time-limit: 60; time-used: 3.9 (6%)
@!!already:false
@!!END

@!!BEGIN
@!!type:obligation
@!!id:409
@!!loc:7523:53:7523:57
@!!status:trivial
@!!prover:tlapm
@!!already:false
@!!END

@!!BEGIN
@!!type:obligation
@!!id:410
@!!loc:7523:59:7523:63
@!!status:trivial
@!!prover:tlapm
@!!already:false
@!!END

@!!BEGIN
@!!type:obligation
@!!id:411
@!!loc:7523:65:7523:70
@!!status:trivial
@!!prover:tlapm
@!!already:false
@!!END

@!!BEGIN
@!!type:obligation
@!!id:412
@!!loc:7545:10:7545:12
@!!status:proved
@!!prover:smt
@!!meth:time-limit: 60
@!!already:true
@!!END

@!!BEGIN
@!!type:obligation
@!!id:413
@!!loc:7545:13:7545:17
@!!status:trivial
@!!prover:tlapm
@!!already:false
@!!END

@!!BEGIN
@!!type:obligation
@!!id:414
@!!loc:7545:19:7545:23
@!!status:trivial
@!!prover:tlapm
@!!already:false
@!!END

@!!BEGIN
@!!type:obligation
@!!id:415
@!!loc:7545:25:7545:29
@!!status:trivial
@!!prover:tlapm
@!!already:false
@!!END

@!!BEGIN
@!!type:obligation
@!!id:416
@!!loc:7545:31:7545:36
@!!status:trivial
@!!prover:tlapm
@!!already:false
@!!END

@!!BEGIN
@!!type:obligation
@!!id:417
@!!loc:7545:38:7545:42
@!!status:trivial
@!!prover:tlapm
@!!already:false
@!!END

@!!BEGIN
@!!type:obligation
@!!id:408
@!!loc:7523:50:7523:52
@!!status:proved
@!!prover:smt
@!!meth:time-limit: 60; time-used: 3.2 (5%)
@!!already:false
@!!END

@!!BEGIN
@!!type:obligation
@!!id:418
@!!loc:7545:44:7545:48
@!!status:trivial
@!!prover:tlapm
@!!already:false
@!!END

@!!BEGIN
@!!type:obligation
@!!id:419
@!!loc:7545:50:7545:54
@!!status:trivial
@!!prover:tlapm
@!!already:false
@!!END

@!!BEGIN
@!!type:obligation
@!!id:420
@!!loc:7545:56:7545:65
@!!status:trivial
@!!prover:tlapm
@!!already:false
@!!END

@!!BEGIN
@!!type:obligation
@!!id:421
@!!loc:7531:14:7531:16
@!!status:proved
@!!prover:smt
@!!meth:time-limit: 60
@!!already:true
@!!END

@!!BEGIN
@!!type:obligation
@!!id:422
@!!loc:7531:17:7531:26
@!!status:trivial
@!!prover:tlapm
@!!already:false
@!!END

@!!BEGIN
@!!type:obligation
@!!id:423
@!!loc:7532:12:7532:14
@!!status:proved
@!!prover:smt
@!!meth:time-limit: 60
@!!already:true
@!!END

@!!BEGIN
@!!type:obligation
@!!id:424
@!!loc:7535:3:7535:5
@!!status:proved
@!!prover:smt
@!!meth:time-limit: 60
@!!already:true
@!!END

@!!BEGIN
@!!type:obligation
@!!id:425
@!!loc:7536:15:7536:17
@!!status:proved
@!!prover:smt
@!!meth:time-limit: 60
@!!already:true
@!!END

@!!BEGIN
@!!type:obligation
@!!id:426
@!!loc:7536:18:7536:22
@!!status:trivial
@!!prover:tlapm
@!!already:false
@!!END

@!!BEGIN
@!!type:obligation
@!!id:427
@!!loc:7536:24:7536:28
@!!status:trivial
@!!prover:tlapm
@!!already:false
@!!END

@!!BEGIN
@!!type:obligation
@!!id:428
@!!loc:7537:17:7537:19
@!!status:proved
@!!prover:smt
@!!meth:time-limit: 60
@!!already:true
@!!END

@!!BEGIN
@!!type:obligation
@!!id:431
@!!loc:7539:31:7539:35
@!!status:trivial
@!!prover:tlapm
@!!already:false
@!!END

@!!BEGIN
@!!type:obligation
@!!id:432
@!!loc:7539:37:7539:41
@!!status:trivial
@!!prover:tlapm
@!!already:false
@!!END

@!!BEGIN
@!!type:obligation
@!!id:433
@!!loc:7539:43:7539:51
@!!status:trivial
@!!prover:tlapm
@!!already:false
@!!END

@!!BEGIN
@!!type:obligation
@!!id:430
@!!loc:7539:28:7539:30
@!!status:proved
@!!prover:smt
@!!meth:time-limit: 60; time-used: 5.5 (9%)
@!!already:false
@!!END

@!!BEGIN
@!!type:obligation
@!!id:429
@!!loc:7538:85:7538:87
@!!status:proved
@!!prover:smt
@!!meth:time-limit: 60; time-used: 6.3 (10%)
@!!already:false
@!!END

@!!BEGIN
@!!type:obligation
@!!id:435
@!!loc:7542:3:7542:5
@!!status:proved
@!!prover:smt
@!!meth:time-limit: 60
@!!already:true
@!!END

@!!BEGIN
@!!type:obligation
@!!id:436
@!!loc:7542:6:7542:10
@!!status:trivial
@!!prover:tlapm
@!!already:false
@!!END

@!!BEGIN
@!!type:obligation
@!!id:437
@!!loc:7543:12:7543:14
@!!status:proved
@!!prover:smt
@!!meth:time-limit: 60
@!!already:true
@!!END

@!!BEGIN
@!!type:obligation
@!!id:438
@!!loc:7543:15:7543:19
@!!status:trivial
@!!prover:tlapm
@!!already:false
@!!END

@!!BEGIN
@!!type:obligation
@!!id:439
@!!loc:7543:21:7543:25
@!!status:trivial
@!!prover:tlapm
@!!already:false
@!!END

@!!BEGIN
@!!type:obligation
@!!id:440
@!!loc:7543:27:7543:34
@!!status:trivial
@!!prover:tlapm
@!!already:false
@!!END

@!!BEGIN
@!!type:obligation
@!!id:442
@!!loc:7544:17:7544:21
@!!status:trivial
@!!prover:tlapm
@!!already:false
@!!END

@!!BEGIN
@!!type:obligation
@!!id:443
@!!loc:7544:23:7544:27
@!!status:trivial
@!!prover:tlapm
@!!already:false
@!!END

@!!BEGIN
@!!type:obligation
@!!id:444
@!!loc:7544:29:7544:37
@!!status:trivial
@!!prover:tlapm
@!!already:false
@!!END

@!!BEGIN
@!!type:obligation
@!!id:441
@!!loc:7544:14:7544:16
@!!status:proved
@!!prover:smt
@!!meth:time-limit: 60; time-used: 0.9 (2%)
@!!already:false
@!!END

@!!BEGIN
@!!type:obligation
@!!id:434
@!!loc:7540:46:7540:48
@!!status:proved
@!!prover:smt
@!!meth:time-limit: 60; time-used: 3.1 (5%)
@!!already:false
@!!END

@!!BEGIN
@!!type:obligation
@!!id:446
@!!loc:7564:13:7564:17
@!!status:trivial
@!!prover:tlapm
@!!already:false
@!!END

@!!BEGIN
@!!type:obligation
@!!id:447
@!!loc:7564:19:7564:23
@!!status:trivial
@!!prover:tlapm
@!!already:false
@!!END

@!!BEGIN
@!!type:obligation
@!!id:448
@!!loc:7564:25:7564:29
@!!status:trivial
@!!prover:tlapm
@!!already:false
@!!END

@!!BEGIN
@!!type:obligation
@!!id:449
@!!loc:7564:31:7564:36
@!!status:trivial
@!!prover:tlapm
@!!already:false
@!!END

@!!BEGIN
@!!type:obligation
@!!id:450
@!!loc:7564:38:7564:42
@!!status:trivial
@!!prover:tlapm
@!!already:false
@!!END

@!!BEGIN
@!!type:obligation
@!!id:451
@!!loc:7564:44:7564:48
@!!status:trivial
@!!prover:tlapm
@!!already:false
@!!END

@!!BEGIN
@!!type:obligation
@!!id:452
@!!loc:7564:50:7564:54
@!!status:trivial
@!!prover:tlapm
@!!already:false
@!!END

@!!BEGIN
@!!type:obligation
@!!id:453
@!!loc:7564:56:7564:65
@!!status:trivial
@!!prover:tlapm
@!!already:false
@!!END

@!!BEGIN
@!!type:obligation
@!!id:445
@!!loc:7564:10:7564:12
@!!status:proved
@!!prover:smt
@!!meth:time-limit: 60; time-used: 3.2 (5%)
@!!already:false
@!!END

@!!BEGIN
@!!type:obligation
@!!id:455
@!!loc:7550:17:7550:28
@!!status:trivial
@!!prover:tlapm
@!!already:false
@!!END

@!!BEGIN
@!!type:obligation
@!!id:456
@!!loc:7551:12:7551:14
@!!status:proved
@!!prover:smt
@!!meth:time-limit: 60; time-used: 2.6 (4%)
@!!already:false
@!!END

@!!BEGIN
@!!type:obligation
@!!id:454
@!!loc:7550:14:7550:16
@!!status:proved
@!!prover:smt
@!!meth:time-limit: 60; time-used: 3.3 (6%)
@!!already:false
@!!END

@!!BEGIN
@!!type:obligation
@!!id:459
@!!loc:7555:18:7555:22
@!!status:trivial
@!!prover:tlapm
@!!already:false
@!!END

@!!BEGIN
@!!type:obligation
@!!id:458
@!!loc:7555:15:7555:17
@!!status:proved
@!!prover:smt
@!!meth:time-limit: 60; time-used: 0.7 (1%)
@!!already:false
@!!END

@!!BEGIN
@!!type:obligation
@!!id:457
@!!loc:7554:3:7554:5
@!!status:proved
@!!prover:smt
@!!meth:time-limit: 60; time-used: 3.1 (5%)
@!!already:false
@!!END

@!!BEGIN
@!!type:obligation
@!!id:460
@!!loc:7555:24:7555:28
@!!status:trivial
@!!prover:tlapm
@!!already:false
@!!END

@!!BEGIN
@!!type:obligation
@!!id:465
@!!loc:7558:33:7558:37
@!!status:trivial
@!!prover:tlapm
@!!already:false
@!!END

@!!BEGIN
@!!type:obligation
@!!id:466
@!!loc:7558:39:7558:43
@!!status:trivial
@!!prover:tlapm
@!!already:false
@!!END

@!!BEGIN
@!!type:obligation
@!!id:467
@!!loc:7558:45:7558:53
@!!status:trivial
@!!prover:tlapm
@!!already:false
@!!END

@!!BEGIN
@!!type:obligation
@!!id:464
@!!loc:7558:30:7558:32
@!!status:proved
@!!prover:smt
@!!meth:time-limit: 60; time-used: 4.9 (8%)
@!!already:false
@!!END

@!!BEGIN
@!!type:obligation
@!!id:462
@!!loc:7557:107:7557:109
@!!status:proved
@!!prover:smt
@!!meth:time-limit: 60; time-used: 5.7 (10%)
@!!already:false
@!!END

@!!BEGIN
@!!type:obligation
@!!id:461
@!!loc:7556:17:7556:19
@!!status:proved
@!!prover:smt
@!!meth:time-limit: 60; time-used: 6.5 (11%)
@!!already:false
@!!END

@!!BEGIN
@!!type:obligation
@!!id:470
@!!loc:7561:6:7561:10
@!!status:trivial
@!!prover:tlapm
@!!already:false
@!!END

@!!BEGIN
@!!type:obligation
@!!id:472
@!!loc:7562:15:7562:19
@!!status:trivial
@!!prover:tlapm
@!!already:false
@!!END

@!!BEGIN
@!!type:obligation
@!!id:473
@!!loc:7562:21:7562:25
@!!status:trivial
@!!prover:tlapm
@!!already:false
@!!END

@!!BEGIN
@!!type:obligation
@!!id:474
@!!loc:7562:27:7562:34
@!!status:trivial
@!!prover:tlapm
@!!already:false
@!!END

@!!BEGIN
@!!type:obligation
@!!id:471
@!!loc:7562:12:7562:14
@!!status:proved
@!!prover:smt
@!!meth:time-limit: 60; time-used: 1.6 (3%)
@!!already:false
@!!END

@!!BEGIN
@!!type:obligation
@!!id:469
@!!loc:7561:3:7561:5
@!!status:proved
@!!prover:smt
@!!meth:time-limit: 60; time-used: 2.8 (5%)
@!!already:false
@!!END

@!!BEGIN
@!!type:obligation
@!!id:468
@!!loc:7559:53:7559:55
@!!status:proved
@!!prover:smt
@!!meth:time-limit: 60; time-used: 3.3 (5%)
@!!already:false
@!!END

@!!BEGIN
@!!type:obligation
@!!id:476
@!!loc:7563:17:7563:21
@!!status:trivial
@!!prover:tlapm
@!!already:false
@!!END

@!!BEGIN
@!!type:obligation
@!!id:477
@!!loc:7563:23:7563:27
@!!status:trivial
@!!prover:tlapm
@!!already:false
@!!END

@!!BEGIN
@!!type:obligation
@!!id:478
@!!loc:7563:29:7563:37
@!!status:trivial
@!!prover:tlapm
@!!already:false
@!!END

@!!BEGIN
@!!type:obligation
@!!id:479
@!!loc:7594:10:7594:12
@!!status:proved
@!!prover:smt
@!!meth:time-limit: 60
@!!already:true
@!!END

@!!BEGIN
@!!type:obligation
@!!id:480
@!!loc:7594:13:7594:17
@!!status:trivial
@!!prover:tlapm
@!!already:false
@!!END

@!!BEGIN
@!!type:obligation
@!!id:481
@!!loc:7594:19:7594:23
@!!status:trivial
@!!prover:tlapm
@!!already:false
@!!END

@!!BEGIN
@!!type:obligation
@!!id:482
@!!loc:7569:14:7569:16
@!!status:proved
@!!prover:smt
@!!meth:time-limit: 60
@!!already:true
@!!END

@!!BEGIN
@!!type:obligation
@!!id:483
@!!loc:7569:17:7569:27
@!!status:trivial
@!!prover:tlapm
@!!already:false
@!!END

@!!BEGIN
@!!type:obligation
@!!id:484
@!!loc:7570:12:7570:14
@!!status:proved
@!!prover:smt
@!!meth:time-limit: 60
@!!already:true
@!!END

@!!BEGIN
@!!type:obligation
@!!id:485
@!!loc:7573:3:7573:5
@!!status:proved
@!!prover:smt
@!!meth:time-limit: 60
@!!already:true
@!!END

@!!BEGIN
@!!type:obligation
@!!id:486
@!!loc:7574:15:7574:17
@!!status:proved
@!!prover:smt
@!!meth:time-limit: 60
@!!already:true
@!!END

@!!BEGIN
@!!type:obligation
@!!id:487
@!!loc:7574:18:7574:22
@!!status:trivial
@!!prover:tlapm
@!!already:false
@!!END

@!!BEGIN
@!!type:obligation
@!!id:488
@!!loc:7574:24:7574:28
@!!status:trivial
@!!prover:tlapm
@!!already:false
@!!END

@!!BEGIN
@!!type:obligation
@!!id:475
@!!loc:7563:14:7563:16
@!!status:proved
@!!prover:smt
@!!meth:time-limit: 60; time-used: 3.9 (7%)
@!!already:false
@!!END

@!!BEGIN
@!!type:obligation
@!!id:489
@!!loc:7575:17:7575:19
@!!status:proved
@!!prover:smt
@!!meth:time-limit: 60
@!!already:true
@!!END

@!!BEGIN
@!!type:obligation
@!!id:491
@!!loc:7584:15:7584:19
@!!status:trivial
@!!prover:tlapm
@!!already:false
@!!END

@!!BEGIN
@!!type:obligation
@!!id:492
@!!loc:7584:21:7584:25
@!!status:trivial
@!!prover:tlapm
@!!already:false
@!!END

@!!BEGIN
@!!type:obligation
@!!id:493
@!!loc:7584:27:7584:31
@!!status:trivial
@!!prover:tlapm
@!!already:false
@!!END

@!!BEGIN
@!!type:obligation
@!!id:494
@!!loc:7584:33:7584:38
@!!status:trivial
@!!prover:tlapm
@!!already:false
@!!END

@!!BEGIN
@!!type:obligation
@!!id:495
@!!loc:7584:40:7584:44
@!!status:trivial
@!!prover:tlapm
@!!already:false
@!!END

@!!BEGIN
@!!type:obligation
@!!id:496
@!!loc:7584:46:7584:50
@!!status:trivial
@!!prover:tlapm
@!!already:false
@!!END

@!!BEGIN
@!!type:obligation
@!!id:497
@!!loc:7584:52:7584:56
@!!status:trivial
@!!prover:tlapm
@!!already:false
@!!END

@!!BEGIN
@!!type:obligation
@!!id:498
@!!loc:7584:58:7584:67
@!!status:trivial
@!!prover:tlapm
@!!already:false
@!!END

@!!BEGIN
@!!type:obligation
@!!id:490
@!!loc:7584:12:7584:14
@!!status:proved
@!!prover:smt
@!!meth:time-limit: 60; time-used: 3.7 (6%)
@!!already:false
@!!END

@!!BEGIN
@!!type:obligation
@!!id:500
@!!loc:7577:93:7577:97
@!!status:trivial
@!!prover:tlapm
@!!already:false
@!!END

@!!BEGIN
@!!type:obligation
@!!id:502
@!!loc:7578:36:7578:40
@!!status:trivial
@!!prover:tlapm
@!!already:false
@!!END

@!!BEGIN
@!!type:obligation
@!!id:503
@!!loc:7578:42:7578:46
@!!status:trivial
@!!prover:tlapm
@!!already:false
@!!END

@!!BEGIN
@!!type:obligation
@!!id:504
@!!loc:7578:48:7578:56
@!!status:trivial
@!!prover:tlapm
@!!already:false
@!!END

@!!BEGIN
@!!type:obligation
@!!id:501
@!!loc:7578:33:7578:35
@!!status:proved
@!!prover:smt
@!!meth:time-limit: 60; time-used: 5.2 (9%)
@!!already:false
@!!END

@!!BEGIN
@!!type:obligation
@!!id:499
@!!loc:7577:90:7577:92
@!!status:proved
@!!prover:smt
@!!meth:time-limit: 60; time-used: 6.4 (11%)
@!!already:false
@!!END

@!!BEGIN
@!!type:obligation
@!!id:507
@!!loc:7581:8:7581:12
@!!status:trivial
@!!prover:tlapm
@!!already:false
@!!END

@!!BEGIN
@!!type:obligation
@!!id:509
@!!loc:7582:17:7582:21
@!!status:trivial
@!!prover:tlapm
@!!already:false
@!!END

@!!BEGIN
@!!type:obligation
@!!id:510
@!!loc:7582:23:7582:27
@!!status:trivial
@!!prover:tlapm
@!!already:false
@!!END

@!!BEGIN
@!!type:obligation
@!!id:511
@!!loc:7582:29:7582:36
@!!status:trivial
@!!prover:tlapm
@!!already:false
@!!END

@!!BEGIN
@!!type:obligation
@!!id:508
@!!loc:7582:14:7582:16
@!!status:proved
@!!prover:smt
@!!meth:time-limit: 60; time-used: 2.0 (3%)
@!!already:false
@!!END

@!!BEGIN
@!!type:obligation
@!!id:506
@!!loc:7581:5:7581:7
@!!status:proved
@!!prover:smt
@!!meth:time-limit: 60; time-used: 2.8 (5%)
@!!already:false
@!!END

@!!BEGIN
@!!type:obligation
@!!id:505
@!!loc:7579:51:7579:53
@!!status:proved
@!!prover:smt
@!!meth:time-limit: 60; time-used: 3.3 (5%)
@!!already:false
@!!END

@!!BEGIN
@!!type:obligation
@!!id:513
@!!loc:7583:19:7583:23
@!!status:trivial
@!!prover:tlapm
@!!already:false
@!!END

@!!BEGIN
@!!type:obligation
@!!id:514
@!!loc:7583:25:7583:29
@!!status:trivial
@!!prover:tlapm
@!!already:false
@!!END

@!!BEGIN
@!!type:obligation
@!!id:515
@!!loc:7583:31:7583:39
@!!status:trivial
@!!prover:tlapm
@!!already:false
@!!END

@!!BEGIN
@!!type:obligation
@!!id:517
@!!loc:7593:15:7593:19
@!!status:trivial
@!!prover:tlapm
@!!already:false
@!!END

@!!BEGIN
@!!type:obligation
@!!id:518
@!!loc:7593:21:7593:25
@!!status:trivial
@!!prover:tlapm
@!!already:false
@!!END

@!!BEGIN
@!!type:obligation
@!!id:519
@!!loc:7593:27:7593:31
@!!status:trivial
@!!prover:tlapm
@!!already:false
@!!END

@!!BEGIN
@!!type:obligation
@!!id:520
@!!loc:7593:33:7593:38
@!!status:trivial
@!!prover:tlapm
@!!already:false
@!!END

@!!BEGIN
@!!type:obligation
@!!id:516
@!!loc:7593:12:7593:14
@!!status:proved
@!!prover:smt
@!!meth:time-limit: 60; time-used: 1.5 (2%)
@!!already:false
@!!END

@!!BEGIN
@!!type:obligation
@!!id:512
@!!loc:7583:16:7583:18
@!!status:proved
@!!prover:smt
@!!meth:time-limit: 60; time-used: 3.2 (5%)
@!!already:false
@!!END

@!!BEGIN
@!!type:obligation
@!!id:521
@!!loc:7593:40:7593:44
@!!status:trivial
@!!prover:tlapm
@!!already:false
@!!END

@!!BEGIN
@!!type:obligation
@!!id:522
@!!loc:7593:46:7593:50
@!!status:trivial
@!!prover:tlapm
@!!already:false
@!!END

@!!BEGIN
@!!type:obligation
@!!id:523
@!!loc:7593:52:7593:56
@!!status:trivial
@!!prover:tlapm
@!!already:false
@!!END

@!!BEGIN
@!!type:obligation
@!!id:524
@!!loc:7593:58:7593:67
@!!status:trivial
@!!prover:tlapm
@!!already:false
@!!END

@!!BEGIN
@!!type:obligation
@!!id:526
@!!loc:7586:132:7586:136
@!!status:trivial
@!!prover:tlapm
@!!already:false
@!!END

@!!BEGIN
@!!type:obligation
@!!id:529
@!!loc:7587:37:7587:41
@!!status:trivial
@!!prover:tlapm
@!!already:false
@!!END

@!!BEGIN
@!!type:obligation
@!!id:530
@!!loc:7587:43:7587:47
@!!status:trivial
@!!prover:tlapm
@!!already:false
@!!END

@!!BEGIN
@!!type:obligation
@!!id:531
@!!loc:7587:49:7587:57
@!!status:trivial
@!!prover:tlapm
@!!already:false
@!!END

@!!BEGIN
@!!type:obligation
@!!id:528
@!!loc:7587:34:7587:36
@!!status:proved
@!!prover:smt
@!!meth:time-limit: 60; time-used: 5.5 (9%)
@!!already:false
@!!END

@!!BEGIN
@!!type:obligation
@!!id:525
@!!loc:7586:129:7586:131
@!!status:proved
@!!prover:smt
@!!meth:time-limit: 60; time-used: 6.4 (11%)
@!!already:false
@!!END

@!!BEGIN
@!!type:obligation
@!!id:534
@!!loc:7590:8:7590:12
@!!status:trivial
@!!prover:tlapm
@!!already:false
@!!END

@!!BEGIN
@!!type:obligation
@!!id:536
@!!loc:7591:17:7591:21
@!!status:trivial
@!!prover:tlapm
@!!already:false
@!!END

@!!BEGIN
@!!type:obligation
@!!id:537
@!!loc:7591:23:7591:27
@!!status:trivial
@!!prover:tlapm
@!!already:false
@!!END

@!!BEGIN
@!!type:obligation
@!!id:538
@!!loc:7591:29:7591:36
@!!status:trivial
@!!prover:tlapm
@!!already:false
@!!END

@!!BEGIN
@!!type:obligation
@!!id:535
@!!loc:7591:14:7591:16
@!!status:proved
@!!prover:smt
@!!meth:time-limit: 60; time-used: 2.0 (3%)
@!!already:false
@!!END

@!!BEGIN
@!!type:obligation
@!!id:533
@!!loc:7590:5:7590:7
@!!status:proved
@!!prover:smt
@!!meth:time-limit: 60; time-used: 2.8 (5%)
@!!already:false
@!!END

@!!BEGIN
@!!type:obligation
@!!id:532
@!!loc:7588:121:7588:123
@!!status:proved
@!!prover:smt
@!!meth:time-limit: 60; time-used: 3.6 (6%)
@!!already:false
@!!END

@!!BEGIN
@!!type:obligation
@!!id:540
@!!loc:7592:19:7592:23
@!!status:trivial
@!!prover:tlapm
@!!already:false
@!!END

@!!BEGIN
@!!type:obligation
@!!id:541
@!!loc:7592:25:7592:29
@!!status:trivial
@!!prover:tlapm
@!!already:false
@!!END

@!!BEGIN
@!!type:obligation
@!!id:542
@!!loc:7592:31:7592:39
@!!status:trivial
@!!prover:tlapm
@!!already:false
@!!END

@!!BEGIN
@!!type:obligation
@!!id:543
@!!loc:7613:10:7613:12
@!!status:proved
@!!prover:smt
@!!meth:time-limit: 60
@!!already:true
@!!END

@!!BEGIN
@!!type:obligation
@!!id:544
@!!loc:7613:13:7613:17
@!!status:trivial
@!!prover:tlapm
@!!already:false
@!!END

@!!BEGIN
@!!type:obligation
@!!id:545
@!!loc:7613:19:7613:23
@!!status:trivial
@!!prover:tlapm
@!!already:false
@!!END

@!!BEGIN
@!!type:obligation
@!!id:546
@!!loc:7613:25:7613:29
@!!status:trivial
@!!prover:tlapm
@!!already:false
@!!END

@!!BEGIN
@!!type:obligation
@!!id:547
@!!loc:7613:31:7613:36
@!!status:trivial
@!!prover:tlapm
@!!already:false
@!!END

@!!BEGIN
@!!type:obligation
@!!id:548
@!!loc:7613:38:7613:42
@!!status:trivial
@!!prover:tlapm
@!!already:false
@!!END

@!!BEGIN
@!!type:obligation
@!!id:539
@!!loc:7592:16:7592:18
@!!status:proved
@!!prover:smt
@!!meth:time-limit: 60; time-used: 3.1 (5%)
@!!already:false
@!!END

@!!BEGIN
@!!type:obligation
@!!id:549
@!!loc:7613:44:7613:48
@!!status:trivial
@!!prover:tlapm
@!!already:false
@!!END

@!!BEGIN
@!!type:obligation
@!!id:550
@!!loc:7613:50:7613:54
@!!status:trivial
@!!prover:tlapm
@!!already:false
@!!END

@!!BEGIN
@!!type:obligation
@!!id:551
@!!loc:7613:56:7613:65
@!!status:trivial
@!!prover:tlapm
@!!already:false
@!!END

@!!BEGIN
@!!type:obligation
@!!id:552
@!!loc:7599:14:7599:16
@!!status:proved
@!!prover:smt
@!!meth:time-limit: 60
@!!already:true
@!!END

@!!BEGIN
@!!type:obligation
@!!id:553
@!!loc:7599:17:7599:24
@!!status:trivial
@!!prover:tlapm
@!!already:false
@!!END

@!!BEGIN
@!!type:obligation
@!!id:554
@!!loc:7600:12:7600:14
@!!status:proved
@!!prover:smt
@!!meth:time-limit: 60
@!!already:true
@!!END

@!!BEGIN
@!!type:obligation
@!!id:555
@!!loc:7603:3:7603:5
@!!status:proved
@!!prover:smt
@!!meth:time-limit: 60
@!!already:true
@!!END

@!!BEGIN
@!!type:obligation
@!!id:556
@!!loc:7604:15:7604:17
@!!status:proved
@!!prover:smt
@!!meth:time-limit: 60
@!!already:true
@!!END

@!!BEGIN
@!!type:obligation
@!!id:557
@!!loc:7604:18:7604:22
@!!status:trivial
@!!prover:tlapm
@!!already:false
@!!END

@!!BEGIN
@!!type:obligation
@!!id:558
@!!loc:7604:24:7604:28
@!!status:trivial
@!!prover:tlapm
@!!already:false
@!!END

@!!BEGIN
@!!type:obligation
@!!id:559
@!!loc:7605:17:7605:19
@!!status:proved
@!!prover:smt
@!!meth:time-limit: 60
@!!already:true
@!!END

@!!BEGIN
@!!type:obligation
@!!id:562
@!!loc:7607:29:7607:31
@!!status:proved
@!!prover:smt
@!!meth:time-limit: 60
@!!already:true
@!!END

@!!BEGIN
@!!type:obligation
@!!id:563
@!!loc:7607:32:7607:36
@!!status:trivial
@!!prover:tlapm
@!!already:false
@!!END

@!!BEGIN
@!!type:obligation
@!!id:564
@!!loc:7607:38:7607:42
@!!status:trivial
@!!prover:tlapm
@!!already:false
@!!END

@!!BEGIN
@!!type:obligation
@!!id:565
@!!loc:7607:44:7607:52
@!!status:trivial
@!!prover:tlapm
@!!already:false
@!!END

@!!BEGIN
@!!type:obligation
@!!id:560
@!!loc:7606:123:7606:125
@!!status:proved
@!!prover:smt
@!!meth:time-limit: 60; time-used: 5.0 (8%)
@!!already:false
@!!END

@!!BEGIN
@!!type:obligation
@!!id:568
@!!loc:7610:6:7610:10
@!!status:trivial
@!!prover:tlapm
@!!already:false
@!!END

@!!BEGIN
@!!type:obligation
@!!id:569
@!!loc:7611:12:7611:14
@!!status:proved
@!!prover:smt
@!!meth:time-limit: 60
@!!already:true
@!!END

@!!BEGIN
@!!type:obligation
@!!id:570
@!!loc:7611:15:7611:19
@!!status:trivial
@!!prover:tlapm
@!!already:false
@!!END

@!!BEGIN
@!!type:obligation
@!!id:571
@!!loc:7611:21:7611:25
@!!status:trivial
@!!prover:tlapm
@!!already:false
@!!END

@!!BEGIN
@!!type:obligation
@!!id:572
@!!loc:7611:27:7611:34
@!!status:trivial
@!!prover:tlapm
@!!already:false
@!!END

@!!BEGIN
@!!type:obligation
@!!id:573
@!!loc:7612:14:7612:16
@!!status:proved
@!!prover:smt
@!!meth:time-limit: 60
@!!already:true
@!!END

@!!BEGIN
@!!type:obligation
@!!id:574
@!!loc:7612:17:7612:21
@!!status:trivial
@!!prover:tlapm
@!!already:false
@!!END

@!!BEGIN
@!!type:obligation
@!!id:575
@!!loc:7612:23:7612:27
@!!status:trivial
@!!prover:tlapm
@!!already:false
@!!END

@!!BEGIN
@!!type:obligation
@!!id:576
@!!loc:7612:29:7612:37
@!!status:trivial
@!!prover:tlapm
@!!already:false
@!!END

@!!BEGIN
@!!type:obligation
@!!id:567
@!!loc:7610:3:7610:5
@!!status:proved
@!!prover:smt
@!!meth:time-limit: 60; time-used: 2.7 (5%)
@!!already:false
@!!END

@!!BEGIN
@!!type:obligation
@!!id:566
@!!loc:7608:47:7608:49
@!!status:proved
@!!prover:smt
@!!meth:time-limit: 60; time-used: 3.3 (5%)
@!!already:false
@!!END

@!!BEGIN
@!!type:obligation
@!!id:577
@!!loc:7632:10:7632:12
@!!status:proved
@!!prover:smt
@!!meth:time-limit: 60
@!!already:true
@!!END

@!!BEGIN
@!!type:obligation
@!!id:578
@!!loc:7632:13:7632:17
@!!status:trivial
@!!prover:tlapm
@!!already:false
@!!END

@!!BEGIN
@!!type:obligation
@!!id:579
@!!loc:7632:19:7632:23
@!!status:trivial
@!!prover:tlapm
@!!already:false
@!!END

@!!BEGIN
@!!type:obligation
@!!id:580
@!!loc:7632:25:7632:29
@!!status:trivial
@!!prover:tlapm
@!!already:false
@!!END

@!!BEGIN
@!!type:obligation
@!!id:581
@!!loc:7632:31:7632:36
@!!status:trivial
@!!prover:tlapm
@!!already:false
@!!END

@!!BEGIN
@!!type:obligation
@!!id:582
@!!loc:7632:38:7632:42
@!!status:trivial
@!!prover:tlapm
@!!already:false
@!!END

@!!BEGIN
@!!type:obligation
@!!id:583
@!!loc:7632:44:7632:48
@!!status:trivial
@!!prover:tlapm
@!!already:false
@!!END

@!!BEGIN
@!!type:obligation
@!!id:584
@!!loc:7632:50:7632:54
@!!status:trivial
@!!prover:tlapm
@!!already:false
@!!END

@!!BEGIN
@!!type:obligation
@!!id:585
@!!loc:7632:56:7632:65
@!!status:trivial
@!!prover:tlapm
@!!already:false
@!!END

@!!BEGIN
@!!type:obligation
@!!id:586
@!!loc:7618:14:7618:16
@!!status:proved
@!!prover:smt
@!!meth:time-limit: 60
@!!already:true
@!!END

@!!BEGIN
@!!type:obligation
@!!id:587
@!!loc:7618:17:7618:24
@!!status:trivial
@!!prover:tlapm
@!!already:false
@!!END

@!!BEGIN
@!!type:obligation
@!!id:588
@!!loc:7619:12:7619:14
@!!status:proved
@!!prover:smt
@!!meth:time-limit: 60
@!!already:true
@!!END

@!!BEGIN
@!!type:obligation
@!!id:589
@!!loc:7622:3:7622:5
@!!status:proved
@!!prover:smt
@!!meth:time-limit: 60
@!!already:true
@!!END

@!!BEGIN
@!!type:obligation
@!!id:590
@!!loc:7623:15:7623:17
@!!status:proved
@!!prover:smt
@!!meth:time-limit: 60
@!!already:true
@!!END

@!!BEGIN
@!!type:obligation
@!!id:591
@!!loc:7623:18:7623:22
@!!status:trivial
@!!prover:tlapm
@!!already:false
@!!END

@!!BEGIN
@!!type:obligation
@!!id:592
@!!loc:7623:24:7623:28
@!!status:trivial
@!!prover:tlapm
@!!already:false
@!!END

@!!BEGIN
@!!type:obligation
@!!id:593
@!!loc:7624:17:7624:19
@!!status:proved
@!!prover:smt
@!!meth:time-limit: 60
@!!already:true
@!!END

@!!BEGIN
@!!type:obligation
@!!id:595
@!!loc:7626:23:7626:25
@!!status:proved
@!!prover:smt
@!!meth:time-limit: 60
@!!already:true
@!!END

@!!BEGIN
@!!type:obligation
@!!id:596
@!!loc:7626:26:7626:30
@!!status:trivial
@!!prover:tlapm
@!!already:false
@!!END

@!!BEGIN
@!!type:obligation
@!!id:597
@!!loc:7626:32:7626:36
@!!status:trivial
@!!prover:tlapm
@!!already:false
@!!END

@!!BEGIN
@!!type:obligation
@!!id:598
@!!loc:7626:38:7626:46
@!!status:trivial
@!!prover:tlapm
@!!already:false
@!!END

@!!BEGIN
@!!type:obligation
@!!id:594
@!!loc:7625:80:7625:82
@!!status:proved
@!!prover:smt
@!!meth:time-limit: 60; time-used: 5.2 (9%)
@!!already:false
@!!END

@!!BEGIN
@!!type:obligation
@!!id:600
@!!loc:7629:3:7629:5
@!!status:proved
@!!prover:smt
@!!meth:time-limit: 60
@!!already:true
@!!END

@!!BEGIN
@!!type:obligation
@!!id:601
@!!loc:7629:6:7629:10
@!!status:trivial
@!!prover:tlapm
@!!already:false
@!!END

@!!BEGIN
@!!type:obligation
@!!id:602
@!!loc:7630:12:7630:14
@!!status:proved
@!!prover:smt
@!!meth:time-limit: 60
@!!already:true
@!!END

@!!BEGIN
@!!type:obligation
@!!id:603
@!!loc:7630:15:7630:19
@!!status:trivial
@!!prover:tlapm
@!!already:false
@!!END

@!!BEGIN
@!!type:obligation
@!!id:604
@!!loc:7630:21:7630:25
@!!status:trivial
@!!prover:tlapm
@!!already:false
@!!END

@!!BEGIN
@!!type:obligation
@!!id:605
@!!loc:7630:27:7630:34
@!!status:trivial
@!!prover:tlapm
@!!already:false
@!!END

@!!BEGIN
@!!type:obligation
@!!id:606
@!!loc:7631:14:7631:16
@!!status:proved
@!!prover:smt
@!!meth:time-limit: 60
@!!already:true
@!!END

@!!BEGIN
@!!type:obligation
@!!id:607
@!!loc:7631:17:7631:21
@!!status:trivial
@!!prover:tlapm
@!!already:false
@!!END

@!!BEGIN
@!!type:obligation
@!!id:608
@!!loc:7631:23:7631:27
@!!status:trivial
@!!prover:tlapm
@!!already:false
@!!END

@!!BEGIN
@!!type:obligation
@!!id:609
@!!loc:7631:29:7631:37
@!!status:trivial
@!!prover:tlapm
@!!already:false
@!!END

@!!BEGIN
@!!type:obligation
@!!id:610
@!!loc:7705:10:7705:12
@!!status:proved
@!!prover:smt
@!!meth:time-limit: 60
@!!already:true
@!!END

@!!BEGIN
@!!type:obligation
@!!id:611
@!!loc:7705:13:7705:17
@!!status:trivial
@!!prover:tlapm
@!!already:false
@!!END

@!!BEGIN
@!!type:obligation
@!!id:599
@!!loc:7627:41:7627:43
@!!status:proved
@!!prover:smt
@!!meth:time-limit: 60; time-used: 3.4 (6%)
@!!already:false
@!!END

@!!BEGIN
@!!type:obligation
@!!id:612
@!!loc:7705:19:7705:23
@!!status:trivial
@!!prover:tlapm
@!!already:false
@!!END

@!!BEGIN
@!!type:obligation
@!!id:613
@!!loc:7637:14:7637:16
@!!status:proved
@!!prover:smt
@!!meth:time-limit: 60
@!!already:true
@!!END

@!!BEGIN
@!!type:obligation
@!!id:614
@!!loc:7637:17:7637:26
@!!status:trivial
@!!prover:tlapm
@!!already:false
@!!END

@!!BEGIN
@!!type:obligation
@!!id:615
@!!loc:7638:12:7638:14
@!!status:proved
@!!prover:smt
@!!meth:time-limit: 60
@!!already:true
@!!END

@!!BEGIN
@!!type:obligation
@!!id:616
@!!loc:7641:3:7641:5
@!!status:proved
@!!prover:smt
@!!meth:time-limit: 60
@!!already:true
@!!END

@!!BEGIN
@!!type:obligation
@!!id:617
@!!loc:7642:15:7642:17
@!!status:proved
@!!prover:smt
@!!meth:time-limit: 60
@!!already:true
@!!END

@!!BEGIN
@!!type:obligation
@!!id:618
@!!loc:7642:18:7642:22
@!!status:trivial
@!!prover:tlapm
@!!already:false
@!!END

@!!BEGIN
@!!type:obligation
@!!id:619
@!!loc:7642:24:7642:28
@!!status:trivial
@!!prover:tlapm
@!!already:false
@!!END

@!!BEGIN
@!!type:obligation
@!!id:620
@!!loc:7643:17:7643:19
@!!status:proved
@!!prover:smt
@!!meth:time-limit: 60
@!!already:true
@!!END

@!!BEGIN
@!!type:obligation
@!!id:621
@!!loc:7652:12:7652:14
@!!status:proved
@!!prover:smt
@!!meth:time-limit: 60
@!!already:true
@!!END

@!!BEGIN
@!!type:obligation
@!!id:622
@!!loc:7652:15:7652:19
@!!status:trivial
@!!prover:tlapm
@!!already:false
@!!END

@!!BEGIN
@!!type:obligation
@!!id:623
@!!loc:7652:21:7652:25
@!!status:trivial
@!!prover:tlapm
@!!already:false
@!!END

@!!BEGIN
@!!type:obligation
@!!id:624
@!!loc:7652:27:7652:31
@!!status:trivial
@!!prover:tlapm
@!!already:false
@!!END

@!!BEGIN
@!!type:obligation
@!!id:625
@!!loc:7652:33:7652:38
@!!status:trivial
@!!prover:tlapm
@!!already:false
@!!END

@!!BEGIN
@!!type:obligation
@!!id:626
@!!loc:7652:40:7652:44
@!!status:trivial
@!!prover:tlapm
@!!already:false
@!!END

@!!BEGIN
@!!type:obligation
@!!id:627
@!!loc:7652:46:7652:50
@!!status:trivial
@!!prover:tlapm
@!!already:false
@!!END

@!!BEGIN
@!!type:obligation
@!!id:628
@!!loc:7652:52:7652:56
@!!status:trivial
@!!prover:tlapm
@!!already:false
@!!END

@!!BEGIN
@!!type:obligation
@!!id:629
@!!loc:7652:58:7652:67
@!!status:trivial
@!!prover:tlapm
@!!already:false
@!!END

@!!BEGIN
@!!type:obligation
@!!id:631
@!!loc:7645:90:7645:94
@!!status:trivial
@!!prover:tlapm
@!!already:false
@!!END

@!!BEGIN
@!!type:obligation
@!!id:632
@!!loc:7646:30:7646:32
@!!status:proved
@!!prover:smt
@!!meth:time-limit: 60
@!!already:true
@!!END

@!!BEGIN
@!!type:obligation
@!!id:633
@!!loc:7646:33:7646:37
@!!status:trivial
@!!prover:tlapm
@!!already:false
@!!END

@!!BEGIN
@!!type:obligation
@!!id:634
@!!loc:7646:39:7646:43
@!!status:trivial
@!!prover:tlapm
@!!already:false
@!!END

@!!BEGIN
@!!type:obligation
@!!id:635
@!!loc:7646:45:7646:53
@!!status:trivial
@!!prover:tlapm
@!!already:false
@!!END

@!!BEGIN
@!!type:obligation
@!!id:630
@!!loc:7645:87:7645:89
@!!status:proved
@!!prover:smt
@!!meth:time-limit: 60; time-used: 5.1 (8%)
@!!already:false
@!!END

@!!BEGIN
@!!type:obligation
@!!id:637
@!!loc:7649:5:7649:7
@!!status:proved
@!!prover:smt
@!!meth:time-limit: 60
@!!already:true
@!!END

@!!BEGIN
@!!type:obligation
@!!id:638
@!!loc:7649:8:7649:12
@!!status:trivial
@!!prover:tlapm
@!!already:false
@!!END

@!!BEGIN
@!!type:obligation
@!!id:639
@!!loc:7650:14:7650:16
@!!status:proved
@!!prover:smt
@!!meth:time-limit: 60
@!!already:true
@!!END

@!!BEGIN
@!!type:obligation
@!!id:640
@!!loc:7650:17:7650:21
@!!status:trivial
@!!prover:tlapm
@!!already:false
@!!END

@!!BEGIN
@!!type:obligation
@!!id:641
@!!loc:7650:23:7650:27
@!!status:trivial
@!!prover:tlapm
@!!already:false
@!!END

@!!BEGIN
@!!type:obligation
@!!id:642
@!!loc:7650:29:7650:36
@!!status:trivial
@!!prover:tlapm
@!!already:false
@!!END

@!!BEGIN
@!!type:obligation
@!!id:643
@!!loc:7651:16:7651:18
@!!status:proved
@!!prover:smt
@!!meth:time-limit: 60
@!!already:true
@!!END

@!!BEGIN
@!!type:obligation
@!!id:644
@!!loc:7651:19:7651:23
@!!status:trivial
@!!prover:tlapm
@!!already:false
@!!END

@!!BEGIN
@!!type:obligation
@!!id:645
@!!loc:7651:25:7651:29
@!!status:trivial
@!!prover:tlapm
@!!already:false
@!!END

@!!BEGIN
@!!type:obligation
@!!id:646
@!!loc:7651:31:7651:39
@!!status:trivial
@!!prover:tlapm
@!!already:false
@!!END

@!!BEGIN
@!!type:obligation
@!!id:647
@!!loc:7704:12:7704:14
@!!status:proved
@!!prover:smt
@!!meth:time-limit: 60
@!!already:true
@!!END

@!!BEGIN
@!!type:obligation
@!!id:648
@!!loc:7704:15:7704:19
@!!status:trivial
@!!prover:tlapm
@!!already:false
@!!END

@!!BEGIN
@!!type:obligation
@!!id:636
@!!loc:7647:48:7647:50
@!!status:proved
@!!prover:smt
@!!meth:time-limit: 60; time-used: 3.1 (5%)
@!!already:false
@!!END

@!!BEGIN
@!!type:obligation
@!!id:649
@!!loc:7704:21:7704:25
@!!status:trivial
@!!prover:tlapm
@!!already:false
@!!END

@!!BEGIN
@!!type:obligation
@!!id:650
@!!loc:7704:27:7704:31
@!!status:trivial
@!!prover:tlapm
@!!already:false
@!!END

@!!BEGIN
@!!type:obligation
@!!id:651
@!!loc:7704:33:7704:38
@!!status:trivial
@!!prover:tlapm
@!!already:false
@!!END

@!!BEGIN
@!!type:obligation
@!!id:652
@!!loc:7704:40:7704:44
@!!status:trivial
@!!prover:tlapm
@!!already:false
@!!END

@!!BEGIN
@!!type:obligation
@!!id:653
@!!loc:7704:46:7704:50
@!!status:trivial
@!!prover:tlapm
@!!already:false
@!!END

@!!BEGIN
@!!type:obligation
@!!id:654
@!!loc:7704:52:7704:56
@!!status:trivial
@!!prover:tlapm
@!!already:false
@!!END

@!!BEGIN
@!!type:obligation
@!!id:655
@!!loc:7704:58:7704:67
@!!status:trivial
@!!prover:tlapm
@!!already:false
@!!END

@!!BEGIN
@!!type:obligation
@!!id:657
@!!loc:7659:8:7659:12
@!!status:trivial
@!!prover:tlapm
@!!already:false
@!!END

@!!BEGIN
@!!type:obligation
@!!id:659
@!!loc:7660:40:7660:44
@!!status:trivial
@!!prover:tlapm
@!!already:false
@!!END

@!!BEGIN
@!!type:obligation
@!!id:660
@!!loc:7660:46:7660:50
@!!status:trivial
@!!prover:tlapm
@!!already:false
@!!END

@!!BEGIN
@!!type:obligation
@!!id:661
@!!loc:7660:52:7660:60
@!!status:trivial
@!!prover:tlapm
@!!already:false
@!!END

@!!BEGIN
@!!type:obligation
@!!id:658
@!!loc:7660:37:7660:39
@!!status:proved
@!!prover:smt
@!!meth:time-limit: 60; time-used: 5.5 (9%)
@!!already:false
@!!END

@!!BEGIN
@!!type:obligation
@!!id:656
@!!loc:7659:5:7659:7
@!!status:proved
@!!prover:smt
@!!meth:time-limit: 60; time-used: 7.1 (12%)
@!!already:false
@!!END

@!!BEGIN
@!!type:obligation
@!!id:664
@!!loc:7663:8:7663:12
@!!status:trivial
@!!prover:tlapm
@!!already:false
@!!END

@!!BEGIN
@!!type:obligation
@!!id:666
@!!loc:7664:17:7664:21
@!!status:trivial
@!!prover:tlapm
@!!already:false
@!!END

@!!BEGIN
@!!type:obligation
@!!id:667
@!!loc:7664:23:7664:27
@!!status:trivial
@!!prover:tlapm
@!!already:false
@!!END

@!!BEGIN
@!!type:obligation
@!!id:668
@!!loc:7664:29:7664:36
@!!status:trivial
@!!prover:tlapm
@!!already:false
@!!END

@!!BEGIN
@!!type:obligation
@!!id:665
@!!loc:7664:14:7664:16
@!!status:proved
@!!prover:smt
@!!meth:time-limit: 60; time-used: 1.4 (2%)
@!!already:false
@!!END

@!!BEGIN
@!!type:obligation
@!!id:663
@!!loc:7663:5:7663:7
@!!status:proved
@!!prover:smt
@!!meth:time-limit: 60; time-used: 2.5 (4%)
@!!already:false
@!!END

@!!BEGIN
@!!type:obligation
@!!id:662
@!!loc:7661:55:7661:57
@!!status:proved
@!!prover:smt
@!!meth:time-limit: 60; time-used: 3.1 (5%)
@!!already:false
@!!END

@!!BEGIN
@!!type:obligation
@!!id:669
@!!loc:7703:12:7703:14
@!!status:proved
@!!prover:smt
@!!meth:time-limit: 60
@!!already:true
@!!END

@!!BEGIN
@!!type:obligation
@!!id:670
@!!loc:7703:15:7703:20
@!!status:trivial
@!!prover:tlapm
@!!already:false
@!!END

@!!BEGIN
@!!type:obligation
@!!id:671
@!!loc:7703:22:7703:27
@!!status:trivial
@!!prover:tlapm
@!!already:false
@!!END

@!!BEGIN
@!!type:obligation
@!!id:672
@!!loc:7703:29:7703:34
@!!status:trivial
@!!prover:tlapm
@!!already:false
@!!END

@!!BEGIN
@!!type:obligation
@!!id:673
@!!loc:7703:36:7703:41
@!!status:trivial
@!!prover:tlapm
@!!already:false
@!!END

@!!BEGIN
@!!type:obligation
@!!id:675
@!!loc:7668:10:7668:14
@!!status:trivial
@!!prover:tlapm
@!!already:false
@!!END

@!!BEGIN
@!!type:obligation
@!!id:676
@!!loc:7670:7:7670:9
@!!status:proved
@!!prover:smt
@!!meth:time-limit: 60; time-used: 1.2 (2%)
@!!already:false
@!!END

@!!BEGIN
@!!type:obligation
@!!id:674
@!!loc:7668:7:7668:9
@!!status:proved
@!!prover:smt
@!!meth:time-limit: 60; time-used: 4.1 (7%)
@!!already:false
@!!END

@!!BEGIN
@!!type:obligation
@!!id:678
@!!loc:7671:28:7671:32
@!!status:trivial
@!!prover:tlapm
@!!already:false
@!!END

@!!BEGIN
@!!type:obligation
@!!id:679
@!!loc:7671:34:7671:38
@!!status:trivial
@!!prover:tlapm
@!!already:false
@!!END

@!!BEGIN
@!!type:obligation
@!!id:680
@!!loc:7671:40:7671:52
@!!status:trivial
@!!prover:tlapm
@!!already:false
@!!END

@!!BEGIN
@!!type:obligation
@!!id:681
@!!loc:7671:54:7671:64
@!!status:trivial
@!!prover:tlapm
@!!already:false
@!!END

@!!BEGIN
@!!type:obligation
@!!id:683
@!!loc:7675:19:7675:23
@!!status:trivial
@!!prover:tlapm
@!!already:false
@!!END

@!!BEGIN
@!!type:obligation
@!!id:684
@!!loc:7675:25:7675:29
@!!status:trivial
@!!prover:tlapm
@!!already:false
@!!END

@!!BEGIN
@!!type:obligation
@!!id:682
@!!loc:7675:16:7675:18
@!!status:proved
@!!prover:smt
@!!meth:time-limit: 60; time-used: 1.2 (2%)
@!!already:false
@!!END

@!!BEGIN
@!!type:obligation
@!!id:677
@!!loc:7671:25:7671:27
@!!status:proved
@!!prover:smt
@!!meth:time-limit: 60; time-used: 3.3 (5%)
@!!already:false
@!!END

@!!BEGIN
@!!type:obligation
@!!id:685
@!!loc:7675:31:7675:41
@!!status:trivial
@!!prover:tlapm
@!!already:false
@!!END

@!!BEGIN
@!!type:obligation
@!!id:688
@!!loc:7676:28:7676:32
@!!status:trivial
@!!prover:tlapm
@!!already:false
@!!END

@!!BEGIN
@!!type:obligation
@!!id:690
@!!loc:7678:10:7678:15
@!!status:trivial
@!!prover:tlapm
@!!already:false
@!!END

@!!BEGIN
@!!type:obligation
@!!id:691
@!!loc:7678:17:7678:21
@!!status:trivial
@!!prover:tlapm
@!!already:false
@!!END

@!!BEGIN
@!!type:obligation
@!!id:689
@!!loc:7678:7:7678:9
@!!status:proved
@!!prover:smt
@!!meth:time-limit: 60; time-used: 1.4 (2%)
@!!already:false
@!!END

@!!BEGIN
@!!type:obligation
@!!id:687
@!!loc:7676:25:7676:27
@!!status:proved
@!!prover:smt
@!!meth:time-limit: 60; time-used: 2.6 (4%)
@!!already:false
@!!END

@!!BEGIN
@!!type:obligation
@!!id:686
@!!loc:7674:9:7674:11
@!!status:proved
@!!prover:smt
@!!meth:time-limit: 60; time-used: 3.5 (6%)
@!!already:false
@!!END

@!!BEGIN
@!!type:obligation
@!!id:693
@!!loc:7679:38:7679:43
@!!status:trivial
@!!prover:tlapm
@!!already:false
@!!END

@!!BEGIN
@!!type:obligation
@!!id:695
@!!loc:7684:19:7684:23
@!!status:trivial
@!!prover:tlapm
@!!already:false
@!!END

@!!BEGIN
@!!type:obligation
@!!id:696
@!!loc:7684:25:7684:29
@!!status:trivial
@!!prover:tlapm
@!!already:false
@!!END

@!!BEGIN
@!!type:obligation
@!!id:698
@!!loc:7681:24:7681:29
@!!status:trivial
@!!prover:tlapm
@!!already:false
@!!END

@!!BEGIN
@!!type:obligation
@!!id:699
@!!loc:7681:31:7681:40
@!!status:trivial
@!!prover:tlapm
@!!already:false
@!!END

@!!BEGIN
@!!type:obligation
@!!id:697
@!!loc:7681:21:7681:23
@!!status:proved
@!!prover:smt
@!!meth:time-limit: 60; time-used: 0.6 (1%)
@!!already:false
@!!END

@!!BEGIN
@!!type:obligation
@!!id:694
@!!loc:7684:16:7684:18
@!!status:proved
@!!prover:smt
@!!meth:time-limit: 60; time-used: 2.4 (4%)
@!!already:false
@!!END

@!!BEGIN
@!!type:obligation
@!!id:692
@!!loc:7679:35:7679:37
@!!status:proved
@!!prover:smt
@!!meth:time-limit: 60; time-used: 3.3 (5%)
@!!already:false
@!!END

@!!BEGIN
@!!type:obligation
@!!id:700
@!!loc:7681:42:7681:47
@!!status:trivial
@!!prover:tlapm
@!!already:false
@!!END

@!!BEGIN
@!!type:obligation
@!!id:702
@!!loc:7682:35:7682:39
@!!status:trivial
@!!prover:tlapm
@!!already:false
@!!END

@!!BEGIN
@!!type:obligation
@!!id:703
@!!loc:7682:41:7682:45
@!!status:trivial
@!!prover:tlapm
@!!already:false
@!!END

@!!BEGIN
@!!type:obligation
@!!id:704
@!!loc:7682:47:7682:52
@!!status:trivial
@!!prover:tlapm
@!!already:false
@!!END

@!!BEGIN
@!!type:obligation
@!!id:706
@!!loc:7683:35:7683:39
@!!status:trivial
@!!prover:tlapm
@!!already:false
@!!END

@!!BEGIN
@!!type:obligation
@!!id:707
@!!loc:7683:41:7683:45
@!!status:trivial
@!!prover:tlapm
@!!already:false
@!!END

@!!BEGIN
@!!type:obligation
@!!id:708
@!!loc:7683:47:7683:52
@!!status:trivial
@!!prover:tlapm
@!!already:false
@!!END

@!!BEGIN
@!!type:obligation
@!!id:705
@!!loc:7683:32:7683:34
@!!status:proved
@!!prover:smt
@!!meth:time-limit: 60; time-used: 1.0 (2%)
@!!already:false
@!!END

@!!BEGIN
@!!type:obligation
@!!id:701
@!!loc:7682:32:7682:34
@!!status:proved
@!!prover:smt
@!!meth:time-limit: 60; time-used: 3.2 (5%)
@!!already:false
@!!END

@!!BEGIN
@!!type:obligation
@!!id:710
@!!loc:7685:38:7685:42
@!!status:trivial
@!!prover:tlapm
@!!already:false
@!!END

@!!BEGIN
@!!type:obligation
@!!id:712
@!!loc:7687:8:7687:12
@!!status:trivial
@!!prover:tlapm
@!!already:false
@!!END

@!!BEGIN
@!!type:obligation
@!!id:713
@!!loc:7687:14:7687:18
@!!status:trivial
@!!prover:tlapm
@!!already:false
@!!END

@!!BEGIN
@!!type:obligation
@!!id:714
@!!loc:7687:20:7687:25
@!!status:trivial
@!!prover:tlapm
@!!already:false
@!!END

@!!BEGIN
@!!type:obligation
@!!id:711
@!!loc:7687:5:7687:7
@!!status:proved
@!!prover:smt
@!!meth:time-limit: 60; time-used: 1.6 (3%)
@!!already:false
@!!END

@!!BEGIN
@!!type:obligation
@!!id:709
@!!loc:7685:35:7685:37
@!!status:proved
@!!prover:smt
@!!meth:time-limit: 60; time-used: 3.1 (5%)
@!!already:false
@!!END

@!!BEGIN
@!!type:obligation
@!!id:716
@!!loc:7696:17:7696:21
@!!status:trivial
@!!prover:tlapm
@!!already:false
@!!END

@!!BEGIN
@!!type:obligation
@!!id:717
@!!loc:7696:23:7696:27
@!!status:trivial
@!!prover:tlapm
@!!already:false
@!!END

@!!BEGIN
@!!type:obligation
@!!id:718
@!!loc:7696:29:7696:33
@!!status:trivial
@!!prover:tlapm
@!!already:false
@!!END

@!!BEGIN
@!!type:obligation
@!!id:719
@!!loc:7696:35:7696:39
@!!status:trivial
@!!prover:tlapm
@!!already:false
@!!END

@!!BEGIN
@!!type:obligation
@!!id:720
@!!loc:7693:7:7693:14
@!!status:proved
@!!prover:smt
@!!meth:time-limit: 60
@!!already:true
@!!END

@!!BEGIN
@!!type:obligation
@!!id:722
@!!loc:7694:20:7694:24
@!!status:trivial
@!!prover:tlapm
@!!already:false
@!!END

@!!BEGIN
@!!type:obligation
@!!id:721
@!!loc:7694:17:7694:19
@!!status:proved
@!!prover:smt
@!!meth:time-limit: 60; time-used: 1.1 (2%)
@!!already:false
@!!END

@!!BEGIN
@!!type:obligation
@!!id:715
@!!loc:7696:14:7696:16
@!!status:proved
@!!prover:smt
@!!meth:time-limit: 60; time-used: 3.8 (6%)
@!!already:false
@!!END

@!!BEGIN
@!!type:obligation
@!!id:724
@!!loc:7695:58:7695:62
@!!status:trivial
@!!prover:tlapm
@!!already:false
@!!END

@!!BEGIN
@!!type:obligation
@!!id:725
@!!loc:7695:64:7695:68
@!!status:trivial
@!!prover:tlapm
@!!already:false
@!!END

@!!BEGIN
@!!type:obligation
@!!id:726
@!!loc:7695:70:7695:75
@!!status:trivial
@!!prover:tlapm
@!!already:false
@!!END

@!!BEGIN
@!!type:obligation
@!!id:728
@!!loc:7702:17:7702:21
@!!status:trivial
@!!prover:tlapm
@!!already:false
@!!END

@!!BEGIN
@!!type:obligation
@!!id:729
@!!loc:7702:23:7702:27
@!!status:trivial
@!!prover:tlapm
@!!already:false
@!!END

@!!BEGIN
@!!type:obligation
@!!id:730
@!!loc:7702:29:7702:33
@!!status:trivial
@!!prover:tlapm
@!!already:false
@!!END

@!!BEGIN
@!!type:obligation
@!!id:727
@!!loc:7702:14:7702:16
@!!status:proved
@!!prover:smt
@!!meth:time-limit: 60; time-used: 1.0 (2%)
@!!already:false
@!!END

@!!BEGIN
@!!type:obligation
@!!id:723
@!!loc:7695:55:7695:57
@!!status:proved
@!!prover:smt
@!!meth:time-limit: 60; time-used: 3.2 (5%)
@!!already:false
@!!END

@!!BEGIN
@!!type:obligation
@!!id:731
@!!loc:7699:7:7699:14
@!!status:proved
@!!prover:smt
@!!meth:time-limit: 60
@!!already:true
@!!END

@!!BEGIN
@!!type:obligation
@!!id:733
@!!loc:7700:39:7700:43
@!!status:trivial
@!!prover:tlapm
@!!already:false
@!!END

@!!BEGIN
@!!type:obligation
@!!id:735
@!!loc:7701:55:7701:59
@!!status:trivial
@!!prover:tlapm
@!!already:false
@!!END

@!!BEGIN
@!!type:obligation
@!!id:736
@!!loc:7701:61:7701:65
@!!status:trivial
@!!prover:tlapm
@!!already:false
@!!END

@!!BEGIN
@!!type:obligation
@!!id:737
@!!loc:7701:67:7701:72
@!!status:trivial
@!!prover:tlapm
@!!already:false
@!!END

@!!BEGIN
@!!type:obligation
@!!id:738
@!!loc:7724:10:7724:12
@!!status:proved
@!!prover:smt
@!!meth:time-limit: 60
@!!already:true
@!!END

@!!BEGIN
@!!type:obligation
@!!id:739
@!!loc:7724:13:7724:17
@!!status:trivial
@!!prover:tlapm
@!!already:false
@!!END

@!!BEGIN
@!!type:obligation
@!!id:740
@!!loc:7724:19:7724:23
@!!status:trivial
@!!prover:tlapm
@!!already:false
@!!END

@!!BEGIN
@!!type:obligation
@!!id:734
@!!loc:7701:52:7701:54
@!!status:proved
@!!prover:smt
@!!meth:time-limit: 60; time-used: 2.0 (3%)
@!!already:false
@!!END

@!!BEGIN
@!!type:obligation
@!!id:732
@!!loc:7700:36:7700:38
@!!status:proved
@!!prover:smt
@!!meth:time-limit: 60; time-used: 3.3 (5%)
@!!already:false
@!!END

@!!BEGIN
@!!type:obligation
@!!id:741
@!!loc:7724:25:7724:29
@!!status:trivial
@!!prover:tlapm
@!!already:false
@!!END

@!!BEGIN
@!!type:obligation
@!!id:742
@!!loc:7724:31:7724:36
@!!status:trivial
@!!prover:tlapm
@!!already:false
@!!END

@!!BEGIN
@!!type:obligation
@!!id:743
@!!loc:7724:38:7724:42
@!!status:trivial
@!!prover:tlapm
@!!already:false
@!!END

@!!BEGIN
@!!type:obligation
@!!id:744
@!!loc:7724:44:7724:48
@!!status:trivial
@!!prover:tlapm
@!!already:false
@!!END

@!!BEGIN
@!!type:obligation
@!!id:745
@!!loc:7724:50:7724:54
@!!status:trivial
@!!prover:tlapm
@!!already:false
@!!END

@!!BEGIN
@!!type:obligation
@!!id:746
@!!loc:7724:56:7724:65
@!!status:trivial
@!!prover:tlapm
@!!already:false
@!!END

@!!BEGIN
@!!type:obligation
@!!id:747
@!!loc:7710:14:7710:16
@!!status:proved
@!!prover:smt
@!!meth:time-limit: 60
@!!already:true
@!!END

@!!BEGIN
@!!type:obligation
@!!id:748
@!!loc:7710:17:7710:28
@!!status:trivial
@!!prover:tlapm
@!!already:false
@!!END

@!!BEGIN
@!!type:obligation
@!!id:749
@!!loc:7711:12:7711:14
@!!status:proved
@!!prover:smt
@!!meth:time-limit: 60
@!!already:true
@!!END

@!!BEGIN
@!!type:obligation
@!!id:750
@!!loc:7714:3:7714:5
@!!status:proved
@!!prover:smt
@!!meth:time-limit: 60
@!!already:true
@!!END

@!!BEGIN
@!!type:obligation
@!!id:751
@!!loc:7715:15:7715:17
@!!status:proved
@!!prover:smt
@!!meth:time-limit: 60
@!!already:true
@!!END

@!!BEGIN
@!!type:obligation
@!!id:752
@!!loc:7715:18:7715:22
@!!status:trivial
@!!prover:tlapm
@!!already:false
@!!END

@!!BEGIN
@!!type:obligation
@!!id:753
@!!loc:7715:24:7715:28
@!!status:trivial
@!!prover:tlapm
@!!already:false
@!!END

@!!BEGIN
@!!type:obligation
@!!id:754
@!!loc:7716:17:7716:19
@!!status:proved
@!!prover:smt
@!!meth:time-limit: 60
@!!already:true
@!!END

@!!BEGIN
@!!type:obligation
@!!id:757
@!!loc:7718:30:7718:34
@!!status:trivial
@!!prover:tlapm
@!!already:false
@!!END

@!!BEGIN
@!!type:obligation
@!!id:758
@!!loc:7718:36:7718:40
@!!status:trivial
@!!prover:tlapm
@!!already:false
@!!END

@!!BEGIN
@!!type:obligation
@!!id:759
@!!loc:7718:42:7718:50
@!!status:trivial
@!!prover:tlapm
@!!already:false
@!!END

@!!BEGIN
@!!type:obligation
@!!id:756
@!!loc:7718:27:7718:29
@!!status:proved
@!!prover:smt
@!!meth:time-limit: 60; time-used: 5.1 (8%)
@!!already:false
@!!END

@!!BEGIN
@!!type:obligation
@!!id:755
@!!loc:7717:79:7717:81
@!!status:proved
@!!prover:smt
@!!meth:time-limit: 60; time-used: 5.6 (9%)
@!!already:false
@!!END

@!!BEGIN
@!!type:obligation
@!!id:761
@!!loc:7721:3:7721:5
@!!status:proved
@!!prover:smt
@!!meth:time-limit: 60
@!!already:true
@!!END

@!!BEGIN
@!!type:obligation
@!!id:762
@!!loc:7721:6:7721:10
@!!status:trivial
@!!prover:tlapm
@!!already:false
@!!END

@!!BEGIN
@!!type:obligation
@!!id:763
@!!loc:7722:12:7722:14
@!!status:proved
@!!prover:smt
@!!meth:time-limit: 60
@!!already:true
@!!END

@!!BEGIN
@!!type:obligation
@!!id:764
@!!loc:7722:15:7722:19
@!!status:trivial
@!!prover:tlapm
@!!already:false
@!!END

@!!BEGIN
@!!type:obligation
@!!id:765
@!!loc:7722:21:7722:25
@!!status:trivial
@!!prover:tlapm
@!!already:false
@!!END

@!!BEGIN
@!!type:obligation
@!!id:766
@!!loc:7722:27:7722:34
@!!status:trivial
@!!prover:tlapm
@!!already:false
@!!END

@!!BEGIN
@!!type:obligation
@!!id:768
@!!loc:7723:17:7723:21
@!!status:trivial
@!!prover:tlapm
@!!already:false
@!!END

@!!BEGIN
@!!type:obligation
@!!id:769
@!!loc:7723:23:7723:27
@!!status:trivial
@!!prover:tlapm
@!!already:false
@!!END

@!!BEGIN
@!!type:obligation
@!!id:767
@!!loc:7723:14:7723:16
@!!status:proved
@!!prover:smt
@!!meth:time-limit: 60; time-used: 0.6 (1%)
@!!already:false
@!!END

@!!BEGIN
@!!type:obligation
@!!id:760
@!!loc:7719:45:7719:47
@!!status:proved
@!!prover:smt
@!!meth:time-limit: 60; time-used: 3.1 (5%)
@!!already:false
@!!END

@!!BEGIN
@!!type:obligation
@!!id:770
@!!loc:7723:29:7723:37
@!!status:trivial
@!!prover:tlapm
@!!already:false
@!!END

@!!BEGIN
@!!type:obligation
@!!id:771
@!!loc:7743:10:7743:12
@!!status:proved
@!!prover:smt
@!!meth:time-limit: 60
@!!already:true
@!!END

@!!BEGIN
@!!type:obligation
@!!id:772
@!!loc:7743:13:7743:17
@!!status:trivial
@!!prover:tlapm
@!!already:false
@!!END

@!!BEGIN
@!!type:obligation
@!!id:773
@!!loc:7743:19:7743:23
@!!status:trivial
@!!prover:tlapm
@!!already:false
@!!END

@!!BEGIN
@!!type:obligation
@!!id:774
@!!loc:7743:25:7743:29
@!!status:trivial
@!!prover:tlapm
@!!already:false
@!!END

@!!BEGIN
@!!type:obligation
@!!id:775
@!!loc:7743:31:7743:36
@!!status:trivial
@!!prover:tlapm
@!!already:false
@!!END

@!!BEGIN
@!!type:obligation
@!!id:776
@!!loc:7743:38:7743:42
@!!status:trivial
@!!prover:tlapm
@!!already:false
@!!END

@!!BEGIN
@!!type:obligation
@!!id:777
@!!loc:7743:44:7743:48
@!!status:trivial
@!!prover:tlapm
@!!already:false
@!!END

@!!BEGIN
@!!type:obligation
@!!id:778
@!!loc:7743:50:7743:54
@!!status:trivial
@!!prover:tlapm
@!!already:false
@!!END

@!!BEGIN
@!!type:obligation
@!!id:779
@!!loc:7743:56:7743:65
@!!status:trivial
@!!prover:tlapm
@!!already:false
@!!END

@!!BEGIN
@!!type:obligation
@!!id:780
@!!loc:7729:14:7729:16
@!!status:proved
@!!prover:smt
@!!meth:time-limit: 60
@!!already:true
@!!END

@!!BEGIN
@!!type:obligation
@!!id:781
@!!loc:7729:17:7729:25
@!!status:trivial
@!!prover:tlapm
@!!already:false
@!!END

@!!BEGIN
@!!type:obligation
@!!id:782
@!!loc:7730:12:7730:14
@!!status:proved
@!!prover:smt
@!!meth:time-limit: 60
@!!already:true
@!!END

@!!BEGIN
@!!type:obligation
@!!id:783
@!!loc:7733:3:7733:5
@!!status:proved
@!!prover:smt
@!!meth:time-limit: 60
@!!already:true
@!!END

@!!BEGIN
@!!type:obligation
@!!id:784
@!!loc:7734:15:7734:17
@!!status:proved
@!!prover:smt
@!!meth:time-limit: 60
@!!already:true
@!!END

@!!BEGIN
@!!type:obligation
@!!id:785
@!!loc:7734:18:7734:22
@!!status:trivial
@!!prover:tlapm
@!!already:false
@!!END

@!!BEGIN
@!!type:obligation
@!!id:786
@!!loc:7734:24:7734:28
@!!status:trivial
@!!prover:tlapm
@!!already:false
@!!END

@!!BEGIN
@!!type:obligation
@!!id:787
@!!loc:7735:17:7735:19
@!!status:proved
@!!prover:smt
@!!meth:time-limit: 60
@!!already:true
@!!END

@!!BEGIN
@!!type:obligation
@!!id:789
@!!loc:7737:24:7737:26
@!!status:proved
@!!prover:smt
@!!meth:time-limit: 60
@!!already:true
@!!END

@!!BEGIN
@!!type:obligation
@!!id:790
@!!loc:7737:27:7737:31
@!!status:trivial
@!!prover:tlapm
@!!already:false
@!!END

@!!BEGIN
@!!type:obligation
@!!id:791
@!!loc:7737:33:7737:37
@!!status:trivial
@!!prover:tlapm
@!!already:false
@!!END

@!!BEGIN
@!!type:obligation
@!!id:792
@!!loc:7737:39:7737:47
@!!status:trivial
@!!prover:tlapm
@!!already:false
@!!END

@!!BEGIN
@!!type:obligation
@!!id:788
@!!loc:7736:76:7736:78
@!!status:proved
@!!prover:smt
@!!meth:time-limit: 60; time-used: 5.0 (8%)
@!!already:false
@!!END

@!!BEGIN
@!!type:obligation
@!!id:794
@!!loc:7740:3:7740:5
@!!status:proved
@!!prover:smt
@!!meth:time-limit: 60
@!!already:true
@!!END

@!!BEGIN
@!!type:obligation
@!!id:795
@!!loc:7740:6:7740:10
@!!status:trivial
@!!prover:tlapm
@!!already:false
@!!END

@!!BEGIN
@!!type:obligation
@!!id:796
@!!loc:7741:12:7741:14
@!!status:proved
@!!prover:smt
@!!meth:time-limit: 60
@!!already:true
@!!END

@!!BEGIN
@!!type:obligation
@!!id:797
@!!loc:7741:15:7741:19
@!!status:trivial
@!!prover:tlapm
@!!already:false
@!!END

@!!BEGIN
@!!type:obligation
@!!id:798
@!!loc:7741:21:7741:25
@!!status:trivial
@!!prover:tlapm
@!!already:false
@!!END

@!!BEGIN
@!!type:obligation
@!!id:799
@!!loc:7741:27:7741:34
@!!status:trivial
@!!prover:tlapm
@!!already:false
@!!END

@!!BEGIN
@!!type:obligation
@!!id:800
@!!loc:7742:14:7742:16
@!!status:proved
@!!prover:smt
@!!meth:time-limit: 60
@!!already:true
@!!END

@!!BEGIN
@!!type:obligation
@!!id:801
@!!loc:7742:17:7742:21
@!!status:trivial
@!!prover:tlapm
@!!already:false
@!!END

@!!BEGIN
@!!type:obligation
@!!id:802
@!!loc:7742:23:7742:27
@!!status:trivial
@!!prover:tlapm
@!!already:false
@!!END

@!!BEGIN
@!!type:obligation
@!!id:803
@!!loc:7742:29:7742:37
@!!status:trivial
@!!prover:tlapm
@!!already:false
@!!END

@!!BEGIN
@!!type:obligation
@!!id:804
@!!loc:7762:10:7762:12
@!!status:proved
@!!prover:smt
@!!meth:time-limit: 60
@!!already:true
@!!END

@!!BEGIN
@!!type:obligation
@!!id:805
@!!loc:7762:13:7762:17
@!!status:trivial
@!!prover:tlapm
@!!already:false
@!!END

@!!BEGIN
@!!type:obligation
@!!id:793
@!!loc:7738:42:7738:44
@!!status:proved
@!!prover:smt
@!!meth:time-limit: 60; time-used: 3.2 (5%)
@!!already:false
@!!END

@!!BEGIN
@!!type:obligation
@!!id:806
@!!loc:7762:19:7762:23
@!!status:trivial
@!!prover:tlapm
@!!already:false
@!!END

@!!BEGIN
@!!type:obligation
@!!id:807
@!!loc:7762:25:7762:29
@!!status:trivial
@!!prover:tlapm
@!!already:false
@!!END

@!!BEGIN
@!!type:obligation
@!!id:808
@!!loc:7762:31:7762:36
@!!status:trivial
@!!prover:tlapm
@!!already:false
@!!END

@!!BEGIN
@!!type:obligation
@!!id:809
@!!loc:7762:38:7762:42
@!!status:trivial
@!!prover:tlapm
@!!already:false
@!!END

@!!BEGIN
@!!type:obligation
@!!id:810
@!!loc:7762:44:7762:48
@!!status:trivial
@!!prover:tlapm
@!!already:false
@!!END

@!!BEGIN
@!!type:obligation
@!!id:811
@!!loc:7762:50:7762:54
@!!status:trivial
@!!prover:tlapm
@!!already:false
@!!END

@!!BEGIN
@!!type:obligation
@!!id:812
@!!loc:7762:56:7762:65
@!!status:trivial
@!!prover:tlapm
@!!already:false
@!!END

@!!BEGIN
@!!type:obligation
@!!id:813
@!!loc:7748:14:7748:16
@!!status:proved
@!!prover:smt
@!!meth:time-limit: 60
@!!already:true
@!!END

@!!BEGIN
@!!type:obligation
@!!id:814
@!!loc:7748:17:7748:26
@!!status:trivial
@!!prover:tlapm
@!!already:false
@!!END

@!!BEGIN
@!!type:obligation
@!!id:815
@!!loc:7749:12:7749:14
@!!status:proved
@!!prover:smt
@!!meth:time-limit: 60
@!!already:true
@!!END

@!!BEGIN
@!!type:obligation
@!!id:816
@!!loc:7752:3:7752:5
@!!status:proved
@!!prover:smt
@!!meth:time-limit: 60
@!!already:true
@!!END

@!!BEGIN
@!!type:obligation
@!!id:817
@!!loc:7753:15:7753:17
@!!status:proved
@!!prover:smt
@!!meth:time-limit: 60
@!!already:true
@!!END

@!!BEGIN
@!!type:obligation
@!!id:818
@!!loc:7753:18:7753:22
@!!status:trivial
@!!prover:tlapm
@!!already:false
@!!END

@!!BEGIN
@!!type:obligation
@!!id:819
@!!loc:7753:24:7753:28
@!!status:trivial
@!!prover:tlapm
@!!already:false
@!!END

@!!BEGIN
@!!type:obligation
@!!id:820
@!!loc:7754:17:7754:19
@!!status:proved
@!!prover:smt
@!!meth:time-limit: 60
@!!already:true
@!!END

@!!BEGIN
@!!type:obligation
@!!id:822
@!!loc:7756:25:7756:27
@!!status:proved
@!!prover:smt
@!!meth:time-limit: 60
@!!already:true
@!!END

@!!BEGIN
@!!type:obligation
@!!id:823
@!!loc:7756:28:7756:32
@!!status:trivial
@!!prover:tlapm
@!!already:false
@!!END

@!!BEGIN
@!!type:obligation
@!!id:824
@!!loc:7756:34:7756:38
@!!status:trivial
@!!prover:tlapm
@!!already:false
@!!END

@!!BEGIN
@!!type:obligation
@!!id:825
@!!loc:7756:40:7756:48
@!!status:trivial
@!!prover:tlapm
@!!already:false
@!!END

@!!BEGIN
@!!type:obligation
@!!id:821
@!!loc:7755:77:7755:79
@!!status:proved
@!!prover:smt
@!!meth:time-limit: 60; time-used: 5.0 (8%)
@!!already:false
@!!END

@!!BEGIN
@!!type:obligation
@!!id:827
@!!loc:7759:3:7759:5
@!!status:proved
@!!prover:smt
@!!meth:time-limit: 60
@!!already:true
@!!END

@!!BEGIN
@!!type:obligation
@!!id:828
@!!loc:7759:6:7759:10
@!!status:trivial
@!!prover:tlapm
@!!already:false
@!!END

@!!BEGIN
@!!type:obligation
@!!id:829
@!!loc:7760:12:7760:14
@!!status:proved
@!!prover:smt
@!!meth:time-limit: 60
@!!already:true
@!!END

@!!BEGIN
@!!type:obligation
@!!id:830
@!!loc:7760:15:7760:19
@!!status:trivial
@!!prover:tlapm
@!!already:false
@!!END

@!!BEGIN
@!!type:obligation
@!!id:831
@!!loc:7760:21:7760:25
@!!status:trivial
@!!prover:tlapm
@!!already:false
@!!END

@!!BEGIN
@!!type:obligation
@!!id:832
@!!loc:7760:27:7760:34
@!!status:trivial
@!!prover:tlapm
@!!already:false
@!!END

@!!BEGIN
@!!type:obligation
@!!id:833
@!!loc:7761:14:7761:16
@!!status:proved
@!!prover:smt
@!!meth:time-limit: 60
@!!already:true
@!!END

@!!BEGIN
@!!type:obligation
@!!id:834
@!!loc:7761:17:7761:21
@!!status:trivial
@!!prover:tlapm
@!!already:false
@!!END

@!!BEGIN
@!!type:obligation
@!!id:835
@!!loc:7761:23:7761:27
@!!status:trivial
@!!prover:tlapm
@!!already:false
@!!END

@!!BEGIN
@!!type:obligation
@!!id:836
@!!loc:7761:29:7761:37
@!!status:trivial
@!!prover:tlapm
@!!already:false
@!!END

@!!BEGIN
@!!type:obligation
@!!id:837
@!!loc:7781:10:7781:12
@!!status:proved
@!!prover:smt
@!!meth:time-limit: 60
@!!already:true
@!!END

@!!BEGIN
@!!type:obligation
@!!id:838
@!!loc:7781:13:7781:17
@!!status:trivial
@!!prover:tlapm
@!!already:false
@!!END

@!!BEGIN
@!!type:obligation
@!!id:826
@!!loc:7757:43:7757:45
@!!status:proved
@!!prover:smt
@!!meth:time-limit: 60; time-used: 3.2 (5%)
@!!already:false
@!!END

@!!BEGIN
@!!type:obligation
@!!id:839
@!!loc:7781:19:7781:23
@!!status:trivial
@!!prover:tlapm
@!!already:false
@!!END

@!!BEGIN
@!!type:obligation
@!!id:840
@!!loc:7781:25:7781:29
@!!status:trivial
@!!prover:tlapm
@!!already:false
@!!END

@!!BEGIN
@!!type:obligation
@!!id:841
@!!loc:7781:31:7781:36
@!!status:trivial
@!!prover:tlapm
@!!already:false
@!!END

@!!BEGIN
@!!type:obligation
@!!id:842
@!!loc:7781:38:7781:42
@!!status:trivial
@!!prover:tlapm
@!!already:false
@!!END

@!!BEGIN
@!!type:obligation
@!!id:843
@!!loc:7781:44:7781:48
@!!status:trivial
@!!prover:tlapm
@!!already:false
@!!END

@!!BEGIN
@!!type:obligation
@!!id:844
@!!loc:7781:50:7781:54
@!!status:trivial
@!!prover:tlapm
@!!already:false
@!!END

@!!BEGIN
@!!type:obligation
@!!id:845
@!!loc:7781:56:7781:65
@!!status:trivial
@!!prover:tlapm
@!!already:false
@!!END

@!!BEGIN
@!!type:obligation
@!!id:846
@!!loc:7767:14:7767:16
@!!status:proved
@!!prover:smt
@!!meth:time-limit: 60
@!!already:true
@!!END

@!!BEGIN
@!!type:obligation
@!!id:847
@!!loc:7767:17:7767:27
@!!status:trivial
@!!prover:tlapm
@!!already:false
@!!END

@!!BEGIN
@!!type:obligation
@!!id:848
@!!loc:7768:12:7768:14
@!!status:proved
@!!prover:smt
@!!meth:time-limit: 60
@!!already:true
@!!END

@!!BEGIN
@!!type:obligation
@!!id:849
@!!loc:7771:3:7771:5
@!!status:proved
@!!prover:smt
@!!meth:time-limit: 60
@!!already:true
@!!END

@!!BEGIN
@!!type:obligation
@!!id:850
@!!loc:7772:15:7772:17
@!!status:proved
@!!prover:smt
@!!meth:time-limit: 60
@!!already:true
@!!END

@!!BEGIN
@!!type:obligation
@!!id:851
@!!loc:7772:18:7772:22
@!!status:trivial
@!!prover:tlapm
@!!already:false
@!!END

@!!BEGIN
@!!type:obligation
@!!id:852
@!!loc:7772:24:7772:28
@!!status:trivial
@!!prover:tlapm
@!!already:false
@!!END

@!!BEGIN
@!!type:obligation
@!!id:853
@!!loc:7773:17:7773:19
@!!status:proved
@!!prover:smt
@!!meth:time-limit: 60
@!!already:true
@!!END

@!!BEGIN
@!!type:obligation
@!!id:855
@!!loc:7775:26:7775:28
@!!status:proved
@!!prover:smt
@!!meth:time-limit: 60
@!!already:true
@!!END

@!!BEGIN
@!!type:obligation
@!!id:856
@!!loc:7775:29:7775:33
@!!status:trivial
@!!prover:tlapm
@!!already:false
@!!END

@!!BEGIN
@!!type:obligation
@!!id:857
@!!loc:7775:35:7775:39
@!!status:trivial
@!!prover:tlapm
@!!already:false
@!!END

@!!BEGIN
@!!type:obligation
@!!id:858
@!!loc:7775:41:7775:49
@!!status:trivial
@!!prover:tlapm
@!!already:false
@!!END

@!!BEGIN
@!!type:obligation
@!!id:854
@!!loc:7774:78:7774:80
@!!status:proved
@!!prover:smt
@!!meth:time-limit: 60; time-used: 5.1 (9%)
@!!already:false
@!!END

@!!BEGIN
@!!type:obligation
@!!id:860
@!!loc:7778:3:7778:5
@!!status:proved
@!!prover:smt
@!!meth:time-limit: 60
@!!already:true
@!!END

@!!BEGIN
@!!type:obligation
@!!id:861
@!!loc:7778:6:7778:10
@!!status:trivial
@!!prover:tlapm
@!!already:false
@!!END

@!!BEGIN
@!!type:obligation
@!!id:862
@!!loc:7779:12:7779:14
@!!status:proved
@!!prover:smt
@!!meth:time-limit: 60
@!!already:true
@!!END

@!!BEGIN
@!!type:obligation
@!!id:863
@!!loc:7779:15:7779:19
@!!status:trivial
@!!prover:tlapm
@!!already:false
@!!END

@!!BEGIN
@!!type:obligation
@!!id:864
@!!loc:7779:21:7779:25
@!!status:trivial
@!!prover:tlapm
@!!already:false
@!!END

@!!BEGIN
@!!type:obligation
@!!id:865
@!!loc:7779:27:7779:34
@!!status:trivial
@!!prover:tlapm
@!!already:false
@!!END

@!!BEGIN
@!!type:obligation
@!!id:866
@!!loc:7780:14:7780:16
@!!status:proved
@!!prover:smt
@!!meth:time-limit: 60
@!!already:true
@!!END

@!!BEGIN
@!!type:obligation
@!!id:867
@!!loc:7780:17:7780:21
@!!status:trivial
@!!prover:tlapm
@!!already:false
@!!END

@!!BEGIN
@!!type:obligation
@!!id:868
@!!loc:7780:23:7780:27
@!!status:trivial
@!!prover:tlapm
@!!already:false
@!!END

@!!BEGIN
@!!type:obligation
@!!id:869
@!!loc:7780:29:7780:37
@!!status:trivial
@!!prover:tlapm
@!!already:false
@!!END

@!!BEGIN
@!!type:obligation
@!!id:870
@!!loc:7800:10:7800:12
@!!status:proved
@!!prover:smt
@!!meth:time-limit: 60
@!!already:true
@!!END

@!!BEGIN
@!!type:obligation
@!!id:871
@!!loc:7800:13:7800:17
@!!status:trivial
@!!prover:tlapm
@!!already:false
@!!END

@!!BEGIN
@!!type:obligation
@!!id:859
@!!loc:7776:44:7776:46
@!!status:proved
@!!prover:smt
@!!meth:time-limit: 60; time-used: 3.2 (5%)
@!!already:false
@!!END

@!!BEGIN
@!!type:obligation
@!!id:872
@!!loc:7800:19:7800:23
@!!status:trivial
@!!prover:tlapm
@!!already:false
@!!END

@!!BEGIN
@!!type:obligation
@!!id:873
@!!loc:7800:25:7800:29
@!!status:trivial
@!!prover:tlapm
@!!already:false
@!!END

@!!BEGIN
@!!type:obligation
@!!id:874
@!!loc:7800:31:7800:36
@!!status:trivial
@!!prover:tlapm
@!!already:false
@!!END

@!!BEGIN
@!!type:obligation
@!!id:875
@!!loc:7800:38:7800:42
@!!status:trivial
@!!prover:tlapm
@!!already:false
@!!END

@!!BEGIN
@!!type:obligation
@!!id:876
@!!loc:7800:44:7800:48
@!!status:trivial
@!!prover:tlapm
@!!already:false
@!!END

@!!BEGIN
@!!type:obligation
@!!id:877
@!!loc:7800:50:7800:54
@!!status:trivial
@!!prover:tlapm
@!!already:false
@!!END

@!!BEGIN
@!!type:obligation
@!!id:878
@!!loc:7800:56:7800:65
@!!status:trivial
@!!prover:tlapm
@!!already:false
@!!END

@!!BEGIN
@!!type:obligation
@!!id:879
@!!loc:7786:14:7786:16
@!!status:proved
@!!prover:smt
@!!meth:time-limit: 60
@!!already:true
@!!END

@!!BEGIN
@!!type:obligation
@!!id:880
@!!loc:7786:17:7786:27
@!!status:trivial
@!!prover:tlapm
@!!already:false
@!!END

@!!BEGIN
@!!type:obligation
@!!id:881
@!!loc:7787:12:7787:14
@!!status:proved
@!!prover:smt
@!!meth:time-limit: 60
@!!already:true
@!!END

@!!BEGIN
@!!type:obligation
@!!id:882
@!!loc:7790:3:7790:5
@!!status:proved
@!!prover:smt
@!!meth:time-limit: 60
@!!already:true
@!!END

@!!BEGIN
@!!type:obligation
@!!id:883
@!!loc:7791:15:7791:17
@!!status:proved
@!!prover:smt
@!!meth:time-limit: 60
@!!already:true
@!!END

@!!BEGIN
@!!type:obligation
@!!id:884
@!!loc:7791:18:7791:22
@!!status:trivial
@!!prover:tlapm
@!!already:false
@!!END

@!!BEGIN
@!!type:obligation
@!!id:885
@!!loc:7791:24:7791:28
@!!status:trivial
@!!prover:tlapm
@!!already:false
@!!END

@!!BEGIN
@!!type:obligation
@!!id:886
@!!loc:7792:17:7792:19
@!!status:proved
@!!prover:smt
@!!meth:time-limit: 60
@!!already:true
@!!END

@!!BEGIN
@!!type:obligation
@!!id:888
@!!loc:7794:26:7794:28
@!!status:proved
@!!prover:smt
@!!meth:time-limit: 60
@!!already:true
@!!END

@!!BEGIN
@!!type:obligation
@!!id:889
@!!loc:7794:29:7794:33
@!!status:trivial
@!!prover:tlapm
@!!already:false
@!!END

@!!BEGIN
@!!type:obligation
@!!id:890
@!!loc:7794:35:7794:39
@!!status:trivial
@!!prover:tlapm
@!!already:false
@!!END

@!!BEGIN
@!!type:obligation
@!!id:891
@!!loc:7794:41:7794:49
@!!status:trivial
@!!prover:tlapm
@!!already:false
@!!END

@!!BEGIN
@!!type:obligation
@!!id:887
@!!loc:7793:78:7793:80
@!!status:proved
@!!prover:smt
@!!meth:time-limit: 60; time-used: 5.1 (8%)
@!!already:false
@!!END

@!!BEGIN
@!!type:obligation
@!!id:893
@!!loc:7797:3:7797:5
@!!status:proved
@!!prover:smt
@!!meth:time-limit: 60
@!!already:true
@!!END

@!!BEGIN
@!!type:obligation
@!!id:894
@!!loc:7797:6:7797:10
@!!status:trivial
@!!prover:tlapm
@!!already:false
@!!END

@!!BEGIN
@!!type:obligation
@!!id:895
@!!loc:7798:12:7798:14
@!!status:proved
@!!prover:smt
@!!meth:time-limit: 60
@!!already:true
@!!END

@!!BEGIN
@!!type:obligation
@!!id:896
@!!loc:7798:15:7798:19
@!!status:trivial
@!!prover:tlapm
@!!already:false
@!!END

@!!BEGIN
@!!type:obligation
@!!id:897
@!!loc:7798:21:7798:25
@!!status:trivial
@!!prover:tlapm
@!!already:false
@!!END

@!!BEGIN
@!!type:obligation
@!!id:898
@!!loc:7798:27:7798:34
@!!status:trivial
@!!prover:tlapm
@!!already:false
@!!END

@!!BEGIN
@!!type:obligation
@!!id:899
@!!loc:7799:14:7799:16
@!!status:proved
@!!prover:smt
@!!meth:time-limit: 60
@!!already:true
@!!END

@!!BEGIN
@!!type:obligation
@!!id:900
@!!loc:7799:17:7799:21
@!!status:trivial
@!!prover:tlapm
@!!already:false
@!!END

@!!BEGIN
@!!type:obligation
@!!id:901
@!!loc:7799:23:7799:27
@!!status:trivial
@!!prover:tlapm
@!!already:false
@!!END

@!!BEGIN
@!!type:obligation
@!!id:902
@!!loc:7799:29:7799:37
@!!status:trivial
@!!prover:tlapm
@!!already:false
@!!END

@!!BEGIN
@!!type:obligation
@!!id:903
@!!loc:7821:10:7821:12
@!!status:proved
@!!prover:smt
@!!meth:time-limit: 60
@!!already:true
@!!END

@!!BEGIN
@!!type:obligation
@!!id:904
@!!loc:7821:13:7821:17
@!!status:trivial
@!!prover:tlapm
@!!already:false
@!!END

@!!BEGIN
@!!type:obligation
@!!id:892
@!!loc:7795:44:7795:46
@!!status:proved
@!!prover:smt
@!!meth:time-limit: 60; time-used: 3.3 (5%)
@!!already:false
@!!END

@!!BEGIN
@!!type:obligation
@!!id:905
@!!loc:7821:19:7821:23
@!!status:trivial
@!!prover:tlapm
@!!already:false
@!!END

@!!BEGIN
@!!type:obligation
@!!id:906
@!!loc:7821:25:7821:29
@!!status:trivial
@!!prover:tlapm
@!!already:false
@!!END

@!!BEGIN
@!!type:obligation
@!!id:907
@!!loc:7821:31:7821:36
@!!status:trivial
@!!prover:tlapm
@!!already:false
@!!END

@!!BEGIN
@!!type:obligation
@!!id:908
@!!loc:7821:38:7821:42
@!!status:trivial
@!!prover:tlapm
@!!already:false
@!!END

@!!BEGIN
@!!type:obligation
@!!id:909
@!!loc:7821:44:7821:48
@!!status:trivial
@!!prover:tlapm
@!!already:false
@!!END

@!!BEGIN
@!!type:obligation
@!!id:910
@!!loc:7821:50:7821:54
@!!status:trivial
@!!prover:tlapm
@!!already:false
@!!END

@!!BEGIN
@!!type:obligation
@!!id:911
@!!loc:7821:56:7821:65
@!!status:trivial
@!!prover:tlapm
@!!already:false
@!!END

@!!BEGIN
@!!type:obligation
@!!id:912
@!!loc:7805:14:7805:16
@!!status:proved
@!!prover:smt
@!!meth:time-limit: 60
@!!already:true
@!!END

@!!BEGIN
@!!type:obligation
@!!id:913
@!!loc:7805:17:7805:26
@!!status:trivial
@!!prover:tlapm
@!!already:false
@!!END

@!!BEGIN
@!!type:obligation
@!!id:914
@!!loc:7806:12:7806:14
@!!status:proved
@!!prover:smt
@!!meth:time-limit: 60
@!!already:true
@!!END

@!!BEGIN
@!!type:obligation
@!!id:915
@!!loc:7809:3:7809:5
@!!status:proved
@!!prover:smt
@!!meth:time-limit: 60
@!!already:true
@!!END

@!!BEGIN
@!!type:obligation
@!!id:916
@!!loc:7810:15:7810:17
@!!status:proved
@!!prover:smt
@!!meth:time-limit: 60
@!!already:true
@!!END

@!!BEGIN
@!!type:obligation
@!!id:917
@!!loc:7810:18:7810:22
@!!status:trivial
@!!prover:tlapm
@!!already:false
@!!END

@!!BEGIN
@!!type:obligation
@!!id:918
@!!loc:7810:24:7810:28
@!!status:trivial
@!!prover:tlapm
@!!already:false
@!!END

@!!BEGIN
@!!type:obligation
@!!id:919
@!!loc:7811:17:7811:19
@!!status:proved
@!!prover:smt
@!!meth:time-limit: 60
@!!already:true
@!!END

@!!BEGIN
@!!type:obligation
@!!id:921
@!!loc:7813:25:7813:27
@!!status:proved
@!!prover:smt
@!!meth:time-limit: 60
@!!already:true
@!!END

@!!BEGIN
@!!type:obligation
@!!id:922
@!!loc:7813:28:7813:32
@!!status:trivial
@!!prover:tlapm
@!!already:false
@!!END

@!!BEGIN
@!!type:obligation
@!!id:923
@!!loc:7813:34:7813:38
@!!status:trivial
@!!prover:tlapm
@!!already:false
@!!END

@!!BEGIN
@!!type:obligation
@!!id:924
@!!loc:7813:40:7813:48
@!!status:trivial
@!!prover:tlapm
@!!already:false
@!!END

@!!BEGIN
@!!type:obligation
@!!id:920
@!!loc:7812:77:7812:79
@!!status:proved
@!!prover:smt
@!!meth:time-limit: 60; time-used: 5.2 (9%)
@!!already:false
@!!END

@!!BEGIN
@!!type:obligation
@!!id:927
@!!loc:7818:6:7818:10
@!!status:trivial
@!!prover:tlapm
@!!already:false
@!!END

@!!BEGIN
@!!type:obligation
@!!id:928
@!!loc:7819:12:7819:14
@!!status:proved
@!!prover:smt
@!!meth:time-limit: 60
@!!already:true
@!!END

@!!BEGIN
@!!type:obligation
@!!id:929
@!!loc:7819:15:7819:19
@!!status:trivial
@!!prover:tlapm
@!!already:false
@!!END

@!!BEGIN
@!!type:obligation
@!!id:930
@!!loc:7819:21:7819:25
@!!status:trivial
@!!prover:tlapm
@!!already:false
@!!END

@!!BEGIN
@!!type:obligation
@!!id:931
@!!loc:7819:27:7819:34
@!!status:trivial
@!!prover:tlapm
@!!already:false
@!!END

@!!BEGIN
@!!type:obligation
@!!id:932
@!!loc:7820:14:7820:16
@!!status:proved
@!!prover:smt
@!!meth:time-limit: 60
@!!already:true
@!!END

@!!BEGIN
@!!type:obligation
@!!id:933
@!!loc:7820:17:7820:21
@!!status:trivial
@!!prover:tlapm
@!!already:false
@!!END

@!!BEGIN
@!!type:obligation
@!!id:934
@!!loc:7820:23:7820:27
@!!status:trivial
@!!prover:tlapm
@!!already:false
@!!END

@!!BEGIN
@!!type:obligation
@!!id:926
@!!loc:7818:3:7818:5
@!!status:proved
@!!prover:smt
@!!meth:time-limit: 60; time-used: 2.6 (4%)
@!!already:false
@!!END

@!!BEGIN
@!!type:obligation
@!!id:925
@!!loc:7816:50:7816:52
@!!status:proved
@!!prover:smt
@!!meth:time-limit: 60; time-used: 3.3 (5%)
@!!already:false
@!!END

@!!BEGIN
@!!type:obligation
@!!id:935
@!!loc:7820:29:7820:37
@!!status:trivial
@!!prover:tlapm
@!!already:false
@!!END

@!!BEGIN
@!!type:obligation
@!!id:936
@!!loc:7840:10:7840:12
@!!status:proved
@!!prover:smt
@!!meth:time-limit: 60
@!!already:true
@!!END

@!!BEGIN
@!!type:obligation
@!!id:937
@!!loc:7840:13:7840:17
@!!status:trivial
@!!prover:tlapm
@!!already:false
@!!END

@!!BEGIN
@!!type:obligation
@!!id:938
@!!loc:7840:19:7840:23
@!!status:trivial
@!!prover:tlapm
@!!already:false
@!!END

@!!BEGIN
@!!type:obligation
@!!id:939
@!!loc:7840:25:7840:29
@!!status:trivial
@!!prover:tlapm
@!!already:false
@!!END

@!!BEGIN
@!!type:obligation
@!!id:940
@!!loc:7840:31:7840:36
@!!status:trivial
@!!prover:tlapm
@!!already:false
@!!END

@!!BEGIN
@!!type:obligation
@!!id:941
@!!loc:7840:38:7840:42
@!!status:trivial
@!!prover:tlapm
@!!already:false
@!!END

@!!BEGIN
@!!type:obligation
@!!id:942
@!!loc:7840:44:7840:48
@!!status:trivial
@!!prover:tlapm
@!!already:false
@!!END

@!!BEGIN
@!!type:obligation
@!!id:943
@!!loc:7840:50:7840:54
@!!status:trivial
@!!prover:tlapm
@!!already:false
@!!END

@!!BEGIN
@!!type:obligation
@!!id:944
@!!loc:7840:56:7840:65
@!!status:trivial
@!!prover:tlapm
@!!already:false
@!!END

@!!BEGIN
@!!type:obligation
@!!id:945
@!!loc:7826:14:7826:16
@!!status:proved
@!!prover:smt
@!!meth:time-limit: 60
@!!already:true
@!!END

@!!BEGIN
@!!type:obligation
@!!id:946
@!!loc:7826:17:7826:27
@!!status:trivial
@!!prover:tlapm
@!!already:false
@!!END

@!!BEGIN
@!!type:obligation
@!!id:947
@!!loc:7827:12:7827:14
@!!status:proved
@!!prover:smt
@!!meth:time-limit: 60
@!!already:true
@!!END

@!!BEGIN
@!!type:obligation
@!!id:948
@!!loc:7830:3:7830:5
@!!status:proved
@!!prover:smt
@!!meth:time-limit: 60
@!!already:true
@!!END

@!!BEGIN
@!!type:obligation
@!!id:949
@!!loc:7831:15:7831:17
@!!status:proved
@!!prover:smt
@!!meth:time-limit: 60
@!!already:true
@!!END

@!!BEGIN
@!!type:obligation
@!!id:950
@!!loc:7831:18:7831:22
@!!status:trivial
@!!prover:tlapm
@!!already:false
@!!END

@!!BEGIN
@!!type:obligation
@!!id:951
@!!loc:7831:24:7831:28
@!!status:trivial
@!!prover:tlapm
@!!already:false
@!!END

@!!BEGIN
@!!type:obligation
@!!id:952
@!!loc:7832:17:7832:19
@!!status:proved
@!!prover:smt
@!!meth:time-limit: 60
@!!already:true
@!!END

@!!BEGIN
@!!type:obligation
@!!id:954
@!!loc:7834:26:7834:28
@!!status:proved
@!!prover:smt
@!!meth:time-limit: 60
@!!already:true
@!!END

@!!BEGIN
@!!type:obligation
@!!id:955
@!!loc:7834:29:7834:33
@!!status:trivial
@!!prover:tlapm
@!!already:false
@!!END

@!!BEGIN
@!!type:obligation
@!!id:956
@!!loc:7834:35:7834:39
@!!status:trivial
@!!prover:tlapm
@!!already:false
@!!END

@!!BEGIN
@!!type:obligation
@!!id:957
@!!loc:7834:41:7834:49
@!!status:trivial
@!!prover:tlapm
@!!already:false
@!!END

@!!BEGIN
@!!type:obligation
@!!id:953
@!!loc:7833:78:7833:80
@!!status:proved
@!!prover:smt
@!!meth:time-limit: 60; time-used: 5.7 (9%)
@!!already:false
@!!END

@!!BEGIN
@!!type:obligation
@!!id:959
@!!loc:7837:3:7837:5
@!!status:proved
@!!prover:smt
@!!meth:time-limit: 60
@!!already:true
@!!END

@!!BEGIN
@!!type:obligation
@!!id:960
@!!loc:7837:6:7837:10
@!!status:trivial
@!!prover:tlapm
@!!already:false
@!!END

@!!BEGIN
@!!type:obligation
@!!id:961
@!!loc:7838:12:7838:14
@!!status:proved
@!!prover:smt
@!!meth:time-limit: 60
@!!already:true
@!!END

@!!BEGIN
@!!type:obligation
@!!id:962
@!!loc:7838:15:7838:19
@!!status:trivial
@!!prover:tlapm
@!!already:false
@!!END

@!!BEGIN
@!!type:obligation
@!!id:963
@!!loc:7838:21:7838:25
@!!status:trivial
@!!prover:tlapm
@!!already:false
@!!END

@!!BEGIN
@!!type:obligation
@!!id:964
@!!loc:7838:27:7838:34
@!!status:trivial
@!!prover:tlapm
@!!already:false
@!!END

@!!BEGIN
@!!type:obligation
@!!id:965
@!!loc:7839:14:7839:16
@!!status:proved
@!!prover:smt
@!!meth:time-limit: 60
@!!already:true
@!!END

@!!BEGIN
@!!type:obligation
@!!id:966
@!!loc:7839:17:7839:21
@!!status:trivial
@!!prover:tlapm
@!!already:false
@!!END

@!!BEGIN
@!!type:obligation
@!!id:967
@!!loc:7839:23:7839:27
@!!status:trivial
@!!prover:tlapm
@!!already:false
@!!END

@!!BEGIN
@!!type:obligation
@!!id:968
@!!loc:7839:29:7839:37
@!!status:trivial
@!!prover:tlapm
@!!already:false
@!!END

@!!BEGIN
@!!type:obligation
@!!id:969
@!!loc:7859:10:7859:12
@!!status:proved
@!!prover:smt
@!!meth:time-limit: 60
@!!already:true
@!!END

@!!BEGIN
@!!type:obligation
@!!id:970
@!!loc:7859:13:7859:17
@!!status:trivial
@!!prover:tlapm
@!!already:false
@!!END

@!!BEGIN
@!!type:obligation
@!!id:958
@!!loc:7835:44:7835:46
@!!status:proved
@!!prover:smt
@!!meth:time-limit: 60; time-used: 3.1 (5%)
@!!already:false
@!!END

@!!BEGIN
@!!type:obligation
@!!id:971
@!!loc:7859:19:7859:23
@!!status:trivial
@!!prover:tlapm
@!!already:false
@!!END

@!!BEGIN
@!!type:obligation
@!!id:972
@!!loc:7859:25:7859:29
@!!status:trivial
@!!prover:tlapm
@!!already:false
@!!END

@!!BEGIN
@!!type:obligation
@!!id:973
@!!loc:7859:31:7859:36
@!!status:trivial
@!!prover:tlapm
@!!already:false
@!!END

@!!BEGIN
@!!type:obligation
@!!id:974
@!!loc:7859:38:7859:42
@!!status:trivial
@!!prover:tlapm
@!!already:false
@!!END

@!!BEGIN
@!!type:obligation
@!!id:975
@!!loc:7859:44:7859:48
@!!status:trivial
@!!prover:tlapm
@!!already:false
@!!END

@!!BEGIN
@!!type:obligation
@!!id:976
@!!loc:7859:50:7859:54
@!!status:trivial
@!!prover:tlapm
@!!already:false
@!!END

@!!BEGIN
@!!type:obligation
@!!id:977
@!!loc:7859:56:7859:65
@!!status:trivial
@!!prover:tlapm
@!!already:false
@!!END

@!!BEGIN
@!!type:obligation
@!!id:978
@!!loc:7845:14:7845:16
@!!status:proved
@!!prover:smt
@!!meth:time-limit: 60
@!!already:true
@!!END

@!!BEGIN
@!!type:obligation
@!!id:979
@!!loc:7845:17:7845:24
@!!status:trivial
@!!prover:tlapm
@!!already:false
@!!END

@!!BEGIN
@!!type:obligation
@!!id:980
@!!loc:7846:12:7846:14
@!!status:proved
@!!prover:smt
@!!meth:time-limit: 60
@!!already:true
@!!END

@!!BEGIN
@!!type:obligation
@!!id:981
@!!loc:7849:3:7849:5
@!!status:proved
@!!prover:smt
@!!meth:time-limit: 60
@!!already:true
@!!END

@!!BEGIN
@!!type:obligation
@!!id:982
@!!loc:7850:15:7850:17
@!!status:proved
@!!prover:smt
@!!meth:time-limit: 60
@!!already:true
@!!END

@!!BEGIN
@!!type:obligation
@!!id:983
@!!loc:7850:18:7850:22
@!!status:trivial
@!!prover:tlapm
@!!already:false
@!!END

@!!BEGIN
@!!type:obligation
@!!id:984
@!!loc:7850:24:7850:28
@!!status:trivial
@!!prover:tlapm
@!!already:false
@!!END

@!!BEGIN
@!!type:obligation
@!!id:985
@!!loc:7851:17:7851:19
@!!status:proved
@!!prover:smt
@!!meth:time-limit: 60
@!!already:true
@!!END

@!!BEGIN
@!!type:obligation
@!!id:989
@!!loc:7853:32:7853:36
@!!status:trivial
@!!prover:tlapm
@!!already:false
@!!END

@!!BEGIN
@!!type:obligation
@!!id:990
@!!loc:7853:38:7853:42
@!!status:trivial
@!!prover:tlapm
@!!already:false
@!!END

@!!BEGIN
@!!type:obligation
@!!id:991
@!!loc:7853:44:7853:52
@!!status:trivial
@!!prover:tlapm
@!!already:false
@!!END

@!!BEGIN
@!!type:obligation
@!!id:988
@!!loc:7853:29:7853:31
@!!status:proved
@!!prover:smt
@!!meth:time-limit: 60; time-used: 5.1 (9%)
@!!already:false
@!!END

@!!BEGIN
@!!type:obligation
@!!id:986
@!!loc:7852:115:7852:117
@!!status:proved
@!!prover:smt
@!!meth:time-limit: 60; time-used: 5.7 (9%)
@!!already:false
@!!END

@!!BEGIN
@!!type:obligation
@!!id:994
@!!loc:7856:6:7856:10
@!!status:trivial
@!!prover:tlapm
@!!already:false
@!!END

@!!BEGIN
@!!type:obligation
@!!id:995
@!!loc:7857:12:7857:14
@!!status:proved
@!!prover:smt
@!!meth:time-limit: 60
@!!already:true
@!!END

@!!BEGIN
@!!type:obligation
@!!id:996
@!!loc:7857:15:7857:19
@!!status:trivial
@!!prover:tlapm
@!!already:false
@!!END

@!!BEGIN
@!!type:obligation
@!!id:997
@!!loc:7857:21:7857:25
@!!status:trivial
@!!prover:tlapm
@!!already:false
@!!END

@!!BEGIN
@!!type:obligation
@!!id:998
@!!loc:7857:27:7857:34
@!!status:trivial
@!!prover:tlapm
@!!already:false
@!!END

@!!BEGIN
@!!type:obligation
@!!id:993
@!!loc:7856:3:7856:5
@!!status:proved
@!!prover:smt
@!!meth:time-limit: 60; time-used: 2.5 (4%)
@!!already:false
@!!END

@!!BEGIN
@!!type:obligation
@!!id:992
@!!loc:7854:49:7854:51
@!!status:proved
@!!prover:smt
@!!meth:time-limit: 60; time-used: 3.1 (5%)
@!!already:false
@!!END

@!!BEGIN
@!!type:obligation
@!!id:1000
@!!loc:7858:17:7858:21
@!!status:trivial
@!!prover:tlapm
@!!already:false
@!!END

@!!BEGIN
@!!type:obligation
@!!id:1001
@!!loc:7858:23:7858:27
@!!status:trivial
@!!prover:tlapm
@!!already:false
@!!END

@!!BEGIN
@!!type:obligation
@!!id:1002
@!!loc:7858:29:7858:37
@!!status:trivial
@!!prover:tlapm
@!!already:false
@!!END

@!!BEGIN
@!!type:obligation
@!!id:1004
@!!loc:7878:13:7878:17
@!!status:trivial
@!!prover:tlapm
@!!already:false
@!!END

@!!BEGIN
@!!type:obligation
@!!id:1005
@!!loc:7878:19:7878:23
@!!status:trivial
@!!prover:tlapm
@!!already:false
@!!END

@!!BEGIN
@!!type:obligation
@!!id:1006
@!!loc:7878:25:7878:29
@!!status:trivial
@!!prover:tlapm
@!!already:false
@!!END

@!!BEGIN
@!!type:obligation
@!!id:1003
@!!loc:7878:10:7878:12
@!!status:proved
@!!prover:smt
@!!meth:time-limit: 60; time-used: 1.7 (3%)
@!!already:false
@!!END

@!!BEGIN
@!!type:obligation
@!!id:999
@!!loc:7858:14:7858:16
@!!status:proved
@!!prover:smt
@!!meth:time-limit: 60; time-used: 3.2 (5%)
@!!already:false
@!!END

@!!BEGIN
@!!type:obligation
@!!id:1007
@!!loc:7878:31:7878:36
@!!status:trivial
@!!prover:tlapm
@!!already:false
@!!END

@!!BEGIN
@!!type:obligation
@!!id:1008
@!!loc:7878:38:7878:42
@!!status:trivial
@!!prover:tlapm
@!!already:false
@!!END

@!!BEGIN
@!!type:obligation
@!!id:1009
@!!loc:7878:44:7878:48
@!!status:trivial
@!!prover:tlapm
@!!already:false
@!!END

@!!BEGIN
@!!type:obligation
@!!id:1010
@!!loc:7878:50:7878:54
@!!status:trivial
@!!prover:tlapm
@!!already:false
@!!END

@!!BEGIN
@!!type:obligation
@!!id:1011
@!!loc:7878:56:7878:65
@!!status:trivial
@!!prover:tlapm
@!!already:false
@!!END

@!!BEGIN
@!!type:obligation
@!!id:1012
@!!loc:7864:14:7864:16
@!!status:proved
@!!prover:smt
@!!meth:time-limit: 60
@!!already:true
@!!END

@!!BEGIN
@!!type:obligation
@!!id:1013
@!!loc:7864:17:7864:32
@!!status:trivial
@!!prover:tlapm
@!!already:false
@!!END

@!!BEGIN
@!!type:obligation
@!!id:1014
@!!loc:7865:12:7865:14
@!!status:proved
@!!prover:smt
@!!meth:time-limit: 60
@!!already:true
@!!END

@!!BEGIN
@!!type:obligation
@!!id:1015
@!!loc:7868:3:7868:5
@!!status:proved
@!!prover:smt
@!!meth:time-limit: 60
@!!already:true
@!!END

@!!BEGIN
@!!type:obligation
@!!id:1016
@!!loc:7869:15:7869:17
@!!status:proved
@!!prover:smt
@!!meth:time-limit: 60
@!!already:true
@!!END

@!!BEGIN
@!!type:obligation
@!!id:1017
@!!loc:7869:18:7869:22
@!!status:trivial
@!!prover:tlapm
@!!already:false
@!!END

@!!BEGIN
@!!type:obligation
@!!id:1018
@!!loc:7869:24:7869:28
@!!status:trivial
@!!prover:tlapm
@!!already:false
@!!END

@!!BEGIN
@!!type:obligation
@!!id:1019
@!!loc:7870:17:7870:19
@!!status:proved
@!!prover:smt
@!!meth:time-limit: 60
@!!already:true
@!!END

@!!BEGIN
@!!type:obligation
@!!id:1023
@!!loc:7872:37:7872:41
@!!status:trivial
@!!prover:tlapm
@!!already:false
@!!END

@!!BEGIN
@!!type:obligation
@!!id:1024
@!!loc:7872:43:7872:47
@!!status:trivial
@!!prover:tlapm
@!!already:false
@!!END

@!!BEGIN
@!!type:obligation
@!!id:1025
@!!loc:7872:49:7872:57
@!!status:trivial
@!!prover:tlapm
@!!already:false
@!!END

@!!BEGIN
@!!type:obligation
@!!id:1022
@!!loc:7872:34:7872:36
@!!status:proved
@!!prover:smt
@!!meth:time-limit: 60; time-used: 5.1 (9%)
@!!already:false
@!!END

@!!BEGIN
@!!type:obligation
@!!id:1020
@!!loc:7871:121:7871:123
@!!status:proved
@!!prover:smt
@!!meth:time-limit: 60; time-used: 5.7 (10%)
@!!already:false
@!!END

@!!BEGIN
@!!type:obligation
@!!id:1028
@!!loc:7875:6:7875:10
@!!status:trivial
@!!prover:tlapm
@!!already:false
@!!END

@!!BEGIN
@!!type:obligation
@!!id:1030
@!!loc:7876:15:7876:19
@!!status:trivial
@!!prover:tlapm
@!!already:false
@!!END

@!!BEGIN
@!!type:obligation
@!!id:1031
@!!loc:7876:21:7876:25
@!!status:trivial
@!!prover:tlapm
@!!already:false
@!!END

@!!BEGIN
@!!type:obligation
@!!id:1032
@!!loc:7876:27:7876:34
@!!status:trivial
@!!prover:tlapm
@!!already:false
@!!END

@!!BEGIN
@!!type:obligation
@!!id:1029
@!!loc:7876:12:7876:14
@!!status:proved
@!!prover:smt
@!!meth:time-limit: 60; time-used: 1.5 (2%)
@!!already:false
@!!END

@!!BEGIN
@!!type:obligation
@!!id:1027
@!!loc:7875:3:7875:5
@!!status:proved
@!!prover:smt
@!!meth:time-limit: 60; time-used: 2.6 (4%)
@!!already:false
@!!END

@!!BEGIN
@!!type:obligation
@!!id:1026
@!!loc:7873:52:7873:54
@!!status:proved
@!!prover:smt
@!!meth:time-limit: 60; time-used: 3.1 (5%)
@!!already:false
@!!END

@!!BEGIN
@!!type:obligation
@!!id:1034
@!!loc:7877:17:7877:21
@!!status:trivial
@!!prover:tlapm
@!!already:false
@!!END

@!!BEGIN
@!!type:obligation
@!!id:1035
@!!loc:7877:23:7877:27
@!!status:trivial
@!!prover:tlapm
@!!already:false
@!!END

@!!BEGIN
@!!type:obligation
@!!id:1036
@!!loc:7877:29:7877:37
@!!status:trivial
@!!prover:tlapm
@!!already:false
@!!END

@!!BEGIN
@!!type:obligation
@!!id:1037
@!!loc:7899:10:7899:12
@!!status:proved
@!!prover:smt
@!!meth:time-limit: 60
@!!already:true
@!!END

@!!BEGIN
@!!type:obligation
@!!id:1038
@!!loc:7899:13:7899:17
@!!status:trivial
@!!prover:tlapm
@!!already:false
@!!END

@!!BEGIN
@!!type:obligation
@!!id:1039
@!!loc:7899:19:7899:23
@!!status:trivial
@!!prover:tlapm
@!!already:false
@!!END

@!!BEGIN
@!!type:obligation
@!!id:1040
@!!loc:7899:25:7899:29
@!!status:trivial
@!!prover:tlapm
@!!already:false
@!!END

@!!BEGIN
@!!type:obligation
@!!id:1041
@!!loc:7899:31:7899:36
@!!status:trivial
@!!prover:tlapm
@!!already:false
@!!END

@!!BEGIN
@!!type:obligation
@!!id:1033
@!!loc:7877:14:7877:16
@!!status:proved
@!!prover:smt
@!!meth:time-limit: 60; time-used: 3.0 (5%)
@!!already:false
@!!END

@!!BEGIN
@!!type:obligation
@!!id:1042
@!!loc:7899:38:7899:42
@!!status:trivial
@!!prover:tlapm
@!!already:false
@!!END

@!!BEGIN
@!!type:obligation
@!!id:1043
@!!loc:7899:44:7899:48
@!!status:trivial
@!!prover:tlapm
@!!already:false
@!!END

@!!BEGIN
@!!type:obligation
@!!id:1044
@!!loc:7899:50:7899:54
@!!status:trivial
@!!prover:tlapm
@!!already:false
@!!END

@!!BEGIN
@!!type:obligation
@!!id:1045
@!!loc:7899:56:7899:65
@!!status:trivial
@!!prover:tlapm
@!!already:false
@!!END

@!!BEGIN
@!!type:obligation
@!!id:1046
@!!loc:7883:14:7883:16
@!!status:proved
@!!prover:smt
@!!meth:time-limit: 60
@!!already:true
@!!END

@!!BEGIN
@!!type:obligation
@!!id:1047
@!!loc:7883:17:7883:32
@!!status:trivial
@!!prover:tlapm
@!!already:false
@!!END

@!!BEGIN
@!!type:obligation
@!!id:1048
@!!loc:7884:12:7884:14
@!!status:proved
@!!prover:smt
@!!meth:time-limit: 60
@!!already:true
@!!END

@!!BEGIN
@!!type:obligation
@!!id:1049
@!!loc:7887:3:7887:5
@!!status:proved
@!!prover:smt
@!!meth:time-limit: 60
@!!already:true
@!!END

@!!BEGIN
@!!type:obligation
@!!id:1050
@!!loc:7888:15:7888:17
@!!status:proved
@!!prover:smt
@!!meth:time-limit: 60
@!!already:true
@!!END

@!!BEGIN
@!!type:obligation
@!!id:1051
@!!loc:7888:18:7888:22
@!!status:trivial
@!!prover:tlapm
@!!already:false
@!!END

@!!BEGIN
@!!type:obligation
@!!id:1052
@!!loc:7888:24:7888:28
@!!status:trivial
@!!prover:tlapm
@!!already:false
@!!END

@!!BEGIN
@!!type:obligation
@!!id:1053
@!!loc:7889:17:7889:19
@!!status:proved
@!!prover:smt
@!!meth:time-limit: 60
@!!already:true
@!!END

@!!BEGIN
@!!type:obligation
@!!id:1055
@!!loc:7891:31:7891:33
@!!status:proved
@!!prover:smt
@!!meth:time-limit: 60
@!!already:true
@!!END

@!!BEGIN
@!!type:obligation
@!!id:1056
@!!loc:7891:34:7891:38
@!!status:trivial
@!!prover:tlapm
@!!already:false
@!!END

@!!BEGIN
@!!type:obligation
@!!id:1057
@!!loc:7891:40:7891:44
@!!status:trivial
@!!prover:tlapm
@!!already:false
@!!END

@!!BEGIN
@!!type:obligation
@!!id:1058
@!!loc:7891:46:7891:54
@!!status:trivial
@!!prover:tlapm
@!!already:false
@!!END

@!!BEGIN
@!!type:obligation
@!!id:1054
@!!loc:7890:83:7890:85
@!!status:proved
@!!prover:smt
@!!meth:time-limit: 60; time-used: 5.3 (9%)
@!!already:false
@!!END

@!!BEGIN
@!!type:obligation
@!!id:1061
@!!loc:7896:6:7896:10
@!!status:trivial
@!!prover:tlapm
@!!already:false
@!!END

@!!BEGIN
@!!type:obligation
@!!id:1062
@!!loc:7897:12:7897:14
@!!status:proved
@!!prover:smt
@!!meth:time-limit: 60
@!!already:true
@!!END

@!!BEGIN
@!!type:obligation
@!!id:1063
@!!loc:7897:15:7897:19
@!!status:trivial
@!!prover:tlapm
@!!already:false
@!!END

@!!BEGIN
@!!type:obligation
@!!id:1064
@!!loc:7897:21:7897:25
@!!status:trivial
@!!prover:tlapm
@!!already:false
@!!END

@!!BEGIN
@!!type:obligation
@!!id:1065
@!!loc:7897:27:7897:34
@!!status:trivial
@!!prover:tlapm
@!!already:false
@!!END

@!!BEGIN
@!!type:obligation
@!!id:1066
@!!loc:7898:14:7898:16
@!!status:proved
@!!prover:smt
@!!meth:time-limit: 60
@!!already:true
@!!END

@!!BEGIN
@!!type:obligation
@!!id:1067
@!!loc:7898:17:7898:21
@!!status:trivial
@!!prover:tlapm
@!!already:false
@!!END

@!!BEGIN
@!!type:obligation
@!!id:1068
@!!loc:7898:23:7898:27
@!!status:trivial
@!!prover:tlapm
@!!already:false
@!!END

@!!BEGIN
@!!type:obligation
@!!id:1060
@!!loc:7896:3:7896:5
@!!status:proved
@!!prover:smt
@!!meth:time-limit: 60; time-used: 2.7 (4%)
@!!already:false
@!!END

@!!BEGIN
@!!type:obligation
@!!id:1059
@!!loc:7894:36:7894:38
@!!status:proved
@!!prover:smt
@!!meth:time-limit: 60; time-used: 3.2 (5%)
@!!already:false
@!!END

@!!BEGIN
@!!type:obligation
@!!id:1069
@!!loc:7898:29:7898:37
@!!status:trivial
@!!prover:tlapm
@!!already:false
@!!END

@!!BEGIN
@!!type:obligation
@!!id:1071
@!!loc:7920:13:7920:17
@!!status:trivial
@!!prover:tlapm
@!!already:false
@!!END

@!!BEGIN
@!!type:obligation
@!!id:1072
@!!loc:7920:19:7920:23
@!!status:trivial
@!!prover:tlapm
@!!already:false
@!!END

@!!BEGIN
@!!type:obligation
@!!id:1073
@!!loc:7920:25:7920:29
@!!status:trivial
@!!prover:tlapm
@!!already:false
@!!END

@!!BEGIN
@!!type:obligation
@!!id:1074
@!!loc:7920:31:7920:36
@!!status:trivial
@!!prover:tlapm
@!!already:false
@!!END

@!!BEGIN
@!!type:obligation
@!!id:1075
@!!loc:7920:38:7920:42
@!!status:trivial
@!!prover:tlapm
@!!already:false
@!!END

@!!BEGIN
@!!type:obligation
@!!id:1076
@!!loc:7920:44:7920:48
@!!status:trivial
@!!prover:tlapm
@!!already:false
@!!END

@!!BEGIN
@!!type:obligation
@!!id:1077
@!!loc:7920:50:7920:54
@!!status:trivial
@!!prover:tlapm
@!!already:false
@!!END

@!!BEGIN
@!!type:obligation
@!!id:1078
@!!loc:7920:56:7920:65
@!!status:trivial
@!!prover:tlapm
@!!already:false
@!!END

@!!BEGIN
@!!type:obligation
@!!id:1070
@!!loc:7920:10:7920:12
@!!status:proved
@!!prover:smt
@!!meth:time-limit: 60; time-used: 3.3 (5%)
@!!already:false
@!!END

@!!BEGIN
@!!type:obligation
@!!id:1079
@!!loc:7904:14:7904:16
@!!status:proved
@!!prover:smt
@!!meth:time-limit: 60
@!!already:true
@!!END

@!!BEGIN
@!!type:obligation
@!!id:1080
@!!loc:7904:17:7904:33
@!!status:trivial
@!!prover:tlapm
@!!already:false
@!!END

@!!BEGIN
@!!type:obligation
@!!id:1081
@!!loc:7905:12:7905:14
@!!status:proved
@!!prover:smt
@!!meth:time-limit: 60
@!!already:true
@!!END

@!!BEGIN
@!!type:obligation
@!!id:1082
@!!loc:7908:3:7908:5
@!!status:proved
@!!prover:smt
@!!meth:time-limit: 60
@!!already:true
@!!END

@!!BEGIN
@!!type:obligation
@!!id:1083
@!!loc:7909:15:7909:17
@!!status:proved
@!!prover:smt
@!!meth:time-limit: 60
@!!already:true
@!!END

@!!BEGIN
@!!type:obligation
@!!id:1084
@!!loc:7909:18:7909:22
@!!status:trivial
@!!prover:tlapm
@!!already:false
@!!END

@!!BEGIN
@!!type:obligation
@!!id:1085
@!!loc:7909:24:7909:28
@!!status:trivial
@!!prover:tlapm
@!!already:false
@!!END

@!!BEGIN
@!!type:obligation
@!!id:1086
@!!loc:7910:17:7910:19
@!!status:proved
@!!prover:smt
@!!meth:time-limit: 60
@!!already:true
@!!END

@!!BEGIN
@!!type:obligation
@!!id:1090
@!!loc:7914:42:7914:46
@!!status:trivial
@!!prover:tlapm
@!!already:false
@!!END

@!!BEGIN
@!!type:obligation
@!!id:1091
@!!loc:7914:48:7914:52
@!!status:trivial
@!!prover:tlapm
@!!already:false
@!!END

@!!BEGIN
@!!type:obligation
@!!id:1092
@!!loc:7914:54:7914:62
@!!status:trivial
@!!prover:tlapm
@!!already:false
@!!END

@!!BEGIN
@!!type:obligation
@!!id:1089
@!!loc:7914:39:7914:41
@!!status:proved
@!!prover:smt
@!!meth:time-limit: 60; time-used: 5.5 (9%)
@!!already:false
@!!END

@!!BEGIN
@!!type:obligation
@!!id:1087
@!!loc:7913:5:7913:7
@!!status:proved
@!!prover:smt
@!!meth:time-limit: 60; time-used: 6.4 (11%)
@!!already:false
@!!END

@!!BEGIN
@!!type:obligation
@!!id:1095
@!!loc:7917:6:7917:10
@!!status:trivial
@!!prover:tlapm
@!!already:false
@!!END

@!!BEGIN
@!!type:obligation
@!!id:1097
@!!loc:7918:15:7918:19
@!!status:trivial
@!!prover:tlapm
@!!already:false
@!!END

@!!BEGIN
@!!type:obligation
@!!id:1098
@!!loc:7918:21:7918:25
@!!status:trivial
@!!prover:tlapm
@!!already:false
@!!END

@!!BEGIN
@!!type:obligation
@!!id:1099
@!!loc:7918:27:7918:34
@!!status:trivial
@!!prover:tlapm
@!!already:false
@!!END

@!!BEGIN
@!!type:obligation
@!!id:1096
@!!loc:7918:12:7918:14
@!!status:proved
@!!prover:smt
@!!meth:time-limit: 60; time-used: 1.9 (3%)
@!!already:false
@!!END

@!!BEGIN
@!!type:obligation
@!!id:1094
@!!loc:7917:3:7917:5
@!!status:proved
@!!prover:smt
@!!meth:time-limit: 60; time-used: 2.8 (5%)
@!!already:false
@!!END

@!!BEGIN
@!!type:obligation
@!!id:1093
@!!loc:7915:133:7915:135
@!!status:proved
@!!prover:smt
@!!meth:time-limit: 60; time-used: 3.4 (6%)
@!!already:false
@!!END

@!!BEGIN
@!!type:obligation
@!!id:1101
@!!loc:7919:17:7919:21
@!!status:trivial
@!!prover:tlapm
@!!already:false
@!!END

@!!BEGIN
@!!type:obligation
@!!id:1102
@!!loc:7919:23:7919:27
@!!status:trivial
@!!prover:tlapm
@!!already:false
@!!END

@!!BEGIN
@!!type:obligation
@!!id:1103
@!!loc:7919:29:7919:37
@!!status:trivial
@!!prover:tlapm
@!!already:false
@!!END

@!!BEGIN
@!!type:obligation
@!!id:1104
@!!loc:7939:10:7939:12
@!!status:proved
@!!prover:smt
@!!meth:time-limit: 60
@!!already:true
@!!END

@!!BEGIN
@!!type:obligation
@!!id:1105
@!!loc:7939:13:7939:17
@!!status:trivial
@!!prover:tlapm
@!!already:false
@!!END

@!!BEGIN
@!!type:obligation
@!!id:1106
@!!loc:7939:19:7939:23
@!!status:trivial
@!!prover:tlapm
@!!already:false
@!!END

@!!BEGIN
@!!type:obligation
@!!id:1107
@!!loc:7939:25:7939:29
@!!status:trivial
@!!prover:tlapm
@!!already:false
@!!END

@!!BEGIN
@!!type:obligation
@!!id:1108
@!!loc:7939:31:7939:36
@!!status:trivial
@!!prover:tlapm
@!!already:false
@!!END

@!!BEGIN
@!!type:obligation
@!!id:1109
@!!loc:7939:38:7939:42
@!!status:trivial
@!!prover:tlapm
@!!already:false
@!!END

@!!BEGIN
@!!type:obligation
@!!id:1100
@!!loc:7919:14:7919:16
@!!status:proved
@!!prover:smt
@!!meth:time-limit: 60; time-used: 3.0 (5%)
@!!already:false
@!!END

@!!BEGIN
@!!type:obligation
@!!id:1110
@!!loc:7939:44:7939:48
@!!status:trivial
@!!prover:tlapm
@!!already:false
@!!END

@!!BEGIN
@!!type:obligation
@!!id:1111
@!!loc:7939:50:7939:54
@!!status:trivial
@!!prover:tlapm
@!!already:false
@!!END

@!!BEGIN
@!!type:obligation
@!!id:1112
@!!loc:7939:56:7939:65
@!!status:trivial
@!!prover:tlapm
@!!already:false
@!!END

@!!BEGIN
@!!type:obligation
@!!id:1113
@!!loc:7925:14:7925:16
@!!status:proved
@!!prover:smt
@!!meth:time-limit: 60
@!!already:true
@!!END

@!!BEGIN
@!!type:obligation
@!!id:1114
@!!loc:7925:17:7925:29
@!!status:trivial
@!!prover:tlapm
@!!already:false
@!!END

@!!BEGIN
@!!type:obligation
@!!id:1115
@!!loc:7926:12:7926:14
@!!status:proved
@!!prover:smt
@!!meth:time-limit: 60
@!!already:true
@!!END

@!!BEGIN
@!!type:obligation
@!!id:1116
@!!loc:7929:3:7929:5
@!!status:proved
@!!prover:smt
@!!meth:time-limit: 60
@!!already:true
@!!END

@!!BEGIN
@!!type:obligation
@!!id:1117
@!!loc:7930:15:7930:17
@!!status:proved
@!!prover:smt
@!!meth:time-limit: 60
@!!already:true
@!!END

@!!BEGIN
@!!type:obligation
@!!id:1118
@!!loc:7930:18:7930:22
@!!status:trivial
@!!prover:tlapm
@!!already:false
@!!END

@!!BEGIN
@!!type:obligation
@!!id:1119
@!!loc:7930:24:7930:28
@!!status:trivial
@!!prover:tlapm
@!!already:false
@!!END

@!!BEGIN
@!!type:obligation
@!!id:1120
@!!loc:7931:17:7931:19
@!!status:proved
@!!prover:smt
@!!meth:time-limit: 60
@!!already:true
@!!END

@!!BEGIN
@!!type:obligation
@!!id:1122
@!!loc:7933:28:7933:30
@!!status:proved
@!!prover:smt
@!!meth:time-limit: 60
@!!already:true
@!!END

@!!BEGIN
@!!type:obligation
@!!id:1123
@!!loc:7933:31:7933:35
@!!status:trivial
@!!prover:tlapm
@!!already:false
@!!END

@!!BEGIN
@!!type:obligation
@!!id:1124
@!!loc:7933:37:7933:41
@!!status:trivial
@!!prover:tlapm
@!!already:false
@!!END

@!!BEGIN
@!!type:obligation
@!!id:1125
@!!loc:7933:43:7933:51
@!!status:trivial
@!!prover:tlapm
@!!already:false
@!!END

@!!BEGIN
@!!type:obligation
@!!id:1121
@!!loc:7932:80:7932:82
@!!status:proved
@!!prover:smt
@!!meth:time-limit: 60; time-used: 5.1 (9%)
@!!already:false
@!!END

@!!BEGIN
@!!type:obligation
@!!id:1127
@!!loc:7936:3:7936:5
@!!status:proved
@!!prover:smt
@!!meth:time-limit: 60
@!!already:true
@!!END

@!!BEGIN
@!!type:obligation
@!!id:1128
@!!loc:7936:6:7936:10
@!!status:trivial
@!!prover:tlapm
@!!already:false
@!!END

@!!BEGIN
@!!type:obligation
@!!id:1129
@!!loc:7937:12:7937:14
@!!status:proved
@!!prover:smt
@!!meth:time-limit: 60
@!!already:true
@!!END

@!!BEGIN
@!!type:obligation
@!!id:1130
@!!loc:7937:15:7937:19
@!!status:trivial
@!!prover:tlapm
@!!already:false
@!!END

@!!BEGIN
@!!type:obligation
@!!id:1131
@!!loc:7937:21:7937:25
@!!status:trivial
@!!prover:tlapm
@!!already:false
@!!END

@!!BEGIN
@!!type:obligation
@!!id:1132
@!!loc:7937:27:7937:34
@!!status:trivial
@!!prover:tlapm
@!!already:false
@!!END

@!!BEGIN
@!!type:obligation
@!!id:1133
@!!loc:7938:14:7938:16
@!!status:proved
@!!prover:smt
@!!meth:time-limit: 60
@!!already:true
@!!END

@!!BEGIN
@!!type:obligation
@!!id:1134
@!!loc:7938:17:7938:21
@!!status:trivial
@!!prover:tlapm
@!!already:false
@!!END

@!!BEGIN
@!!type:obligation
@!!id:1135
@!!loc:7938:23:7938:27
@!!status:trivial
@!!prover:tlapm
@!!already:false
@!!END

@!!BEGIN
@!!type:obligation
@!!id:1136
@!!loc:7938:29:7938:37
@!!status:trivial
@!!prover:tlapm
@!!already:false
@!!END

@!!BEGIN
@!!type:obligation
@!!id:1126
@!!loc:7934:46:7934:48
@!!status:proved
@!!prover:smt
@!!meth:time-limit: 60; time-used: 3.0 (5%)
@!!already:false
@!!END

@!!BEGIN
@!!type:obligation
@!!id:1137
@!!loc:7958:10:7958:12
@!!status:proved
@!!prover:smt
@!!meth:time-limit: 60
@!!already:true
@!!END

@!!BEGIN
@!!type:obligation
@!!id:1138
@!!loc:7958:13:7958:17
@!!status:trivial
@!!prover:tlapm
@!!already:false
@!!END

@!!BEGIN
@!!type:obligation
@!!id:1139
@!!loc:7958:19:7958:23
@!!status:trivial
@!!prover:tlapm
@!!already:false
@!!END

@!!BEGIN
@!!type:obligation
@!!id:1140
@!!loc:7958:25:7958:29
@!!status:trivial
@!!prover:tlapm
@!!already:false
@!!END

@!!BEGIN
@!!type:obligation
@!!id:1141
@!!loc:7958:31:7958:36
@!!status:trivial
@!!prover:tlapm
@!!already:false
@!!END

@!!BEGIN
@!!type:obligation
@!!id:1142
@!!loc:7958:38:7958:42
@!!status:trivial
@!!prover:tlapm
@!!already:false
@!!END

@!!BEGIN
@!!type:obligation
@!!id:1143
@!!loc:7958:44:7958:48
@!!status:trivial
@!!prover:tlapm
@!!already:false
@!!END

@!!BEGIN
@!!type:obligation
@!!id:1144
@!!loc:7958:50:7958:54
@!!status:trivial
@!!prover:tlapm
@!!already:false
@!!END

@!!BEGIN
@!!type:obligation
@!!id:1145
@!!loc:7958:56:7958:65
@!!status:trivial
@!!prover:tlapm
@!!already:false
@!!END

@!!BEGIN
@!!type:obligation
@!!id:1146
@!!loc:7944:14:7944:16
@!!status:proved
@!!prover:smt
@!!meth:time-limit: 60
@!!already:true
@!!END

@!!BEGIN
@!!type:obligation
@!!id:1147
@!!loc:7944:17:7944:29
@!!status:trivial
@!!prover:tlapm
@!!already:false
@!!END

@!!BEGIN
@!!type:obligation
@!!id:1148
@!!loc:7945:12:7945:14
@!!status:proved
@!!prover:smt
@!!meth:time-limit: 60
@!!already:true
@!!END

@!!BEGIN
@!!type:obligation
@!!id:1149
@!!loc:7948:3:7948:5
@!!status:proved
@!!prover:smt
@!!meth:time-limit: 60
@!!already:true
@!!END

@!!BEGIN
@!!type:obligation
@!!id:1150
@!!loc:7949:15:7949:17
@!!status:proved
@!!prover:smt
@!!meth:time-limit: 60
@!!already:true
@!!END

@!!BEGIN
@!!type:obligation
@!!id:1151
@!!loc:7949:18:7949:22
@!!status:trivial
@!!prover:tlapm
@!!already:false
@!!END

@!!BEGIN
@!!type:obligation
@!!id:1152
@!!loc:7949:24:7949:28
@!!status:trivial
@!!prover:tlapm
@!!already:false
@!!END

@!!BEGIN
@!!type:obligation
@!!id:1153
@!!loc:7950:17:7950:19
@!!status:proved
@!!prover:smt
@!!meth:time-limit: 60
@!!already:true
@!!END

@!!BEGIN
@!!type:obligation
@!!id:1156
@!!loc:7952:34:7952:36
@!!status:proved
@!!prover:smt
@!!meth:time-limit: 60
@!!already:true
@!!END

@!!BEGIN
@!!type:obligation
@!!id:1157
@!!loc:7952:37:7952:41
@!!status:trivial
@!!prover:tlapm
@!!already:false
@!!END

@!!BEGIN
@!!type:obligation
@!!id:1158
@!!loc:7952:43:7952:47
@!!status:trivial
@!!prover:tlapm
@!!already:false
@!!END

@!!BEGIN
@!!type:obligation
@!!id:1159
@!!loc:7952:49:7952:57
@!!status:trivial
@!!prover:tlapm
@!!already:false
@!!END

@!!BEGIN
@!!type:obligation
@!!id:1154
@!!loc:7951:120:7951:122
@!!status:proved
@!!prover:smt
@!!meth:time-limit: 60; time-used: 5.5 (9%)
@!!already:false
@!!END

@!!BEGIN
@!!type:obligation
@!!id:1161
@!!loc:7955:3:7955:5
@!!status:proved
@!!prover:smt
@!!meth:time-limit: 60
@!!already:true
@!!END

@!!BEGIN
@!!type:obligation
@!!id:1162
@!!loc:7955:6:7955:10
@!!status:trivial
@!!prover:tlapm
@!!already:false
@!!END

@!!BEGIN
@!!type:obligation
@!!id:1163
@!!loc:7956:12:7956:14
@!!status:proved
@!!prover:smt
@!!meth:time-limit: 60
@!!already:true
@!!END

@!!BEGIN
@!!type:obligation
@!!id:1164
@!!loc:7956:15:7956:19
@!!status:trivial
@!!prover:tlapm
@!!already:false
@!!END

@!!BEGIN
@!!type:obligation
@!!id:1165
@!!loc:7956:21:7956:25
@!!status:trivial
@!!prover:tlapm
@!!already:false
@!!END

@!!BEGIN
@!!type:obligation
@!!id:1166
@!!loc:7956:27:7956:34
@!!status:trivial
@!!prover:tlapm
@!!already:false
@!!END

@!!BEGIN
@!!type:obligation
@!!id:1167
@!!loc:7957:14:7957:16
@!!status:proved
@!!prover:smt
@!!meth:time-limit: 60
@!!already:true
@!!END

@!!BEGIN
@!!type:obligation
@!!id:1168
@!!loc:7957:17:7957:21
@!!status:trivial
@!!prover:tlapm
@!!already:false
@!!END

@!!BEGIN
@!!type:obligation
@!!id:1169
@!!loc:7957:23:7957:27
@!!status:trivial
@!!prover:tlapm
@!!already:false
@!!END

@!!BEGIN
@!!type:obligation
@!!id:1170
@!!loc:7957:29:7957:37
@!!status:trivial
@!!prover:tlapm
@!!already:false
@!!END

@!!BEGIN
@!!type:obligation
@!!id:1160
@!!loc:7953:54:7953:56
@!!status:proved
@!!prover:smt
@!!meth:time-limit: 60; time-used: 3.2 (5%)
@!!already:false
@!!END

@!!BEGIN
@!!type:obligation
@!!id:1172
@!!loc:7968:13:7968:17
@!!status:trivial
@!!prover:tlapm
@!!already:false
@!!END

@!!BEGIN
@!!type:obligation
@!!id:1173
@!!loc:7968:19:7968:23
@!!status:trivial
@!!prover:tlapm
@!!already:false
@!!END

@!!BEGIN
@!!type:obligation
@!!id:1174
@!!loc:7966:14:7966:16
@!!status:proved
@!!prover:smt
@!!meth:time-limit: 60
@!!already:true
@!!END

@!!BEGIN
@!!type:obligation
@!!id:1175
@!!loc:7966:17:7966:23
@!!status:trivial
@!!prover:tlapm
@!!already:false
@!!END

@!!BEGIN
@!!type:obligation
@!!id:1177
@!!loc:7967:16:7967:23
@!!status:trivial
@!!prover:tlapm
@!!already:false
@!!END

@!!BEGIN
@!!type:obligation
@!!id:1179
@!!loc:7975:13:7975:17
@!!status:trivial
@!!prover:tlapm
@!!already:false
@!!END

@!!BEGIN
@!!type:obligation
@!!id:1180
@!!loc:7975:19:7975:23
@!!status:trivial
@!!prover:tlapm
@!!already:false
@!!END

@!!BEGIN
@!!type:obligation
@!!id:1178
@!!loc:7975:10:7975:12
@!!status:proved
@!!prover:smt
@!!meth:time-limit: 60; time-used: 0.7 (1%)
@!!already:false
@!!END

@!!BEGIN
@!!type:obligation
@!!id:1176
@!!loc:7967:13:7967:15
@!!status:proved
@!!prover:smt
@!!meth:time-limit: 60; time-used: 1.5 (3%)
@!!already:false
@!!END

@!!BEGIN
@!!type:obligation
@!!id:1171
@!!loc:7968:10:7968:12
@!!status:proved
@!!prover:smt
@!!meth:time-limit: 60; time-used: 3.4 (6%)
@!!already:false
@!!END

@!!BEGIN
@!!type:obligation
@!!id:1181
@!!loc:7973:14:7973:16
@!!status:proved
@!!prover:smt
@!!meth:time-limit: 60
@!!already:true
@!!END

@!!BEGIN
@!!type:obligation
@!!id:1182
@!!loc:7973:17:7973:24
@!!status:trivial
@!!prover:tlapm
@!!already:false
@!!END

@!!BEGIN
@!!type:obligation
@!!id:1184
@!!loc:7974:16:7974:23
@!!status:trivial
@!!prover:tlapm
@!!already:false
@!!END

@!!BEGIN
@!!type:obligation
@!!id:1185
@!!loc:7982:10:7982:12
@!!status:proved
@!!prover:smt
@!!meth:time-limit: 60
@!!already:true
@!!END

@!!BEGIN
@!!type:obligation
@!!id:1186
@!!loc:7982:13:7982:17
@!!status:trivial
@!!prover:tlapm
@!!already:false
@!!END

@!!BEGIN
@!!type:obligation
@!!id:1187
@!!loc:7982:19:7982:23
@!!status:trivial
@!!prover:tlapm
@!!already:false
@!!END

@!!BEGIN
@!!type:obligation
@!!id:1188
@!!loc:7980:14:7980:16
@!!status:proved
@!!prover:smt
@!!meth:time-limit: 60
@!!already:true
@!!END

@!!BEGIN
@!!type:obligation
@!!id:1189
@!!loc:7980:17:7980:25
@!!status:trivial
@!!prover:tlapm
@!!already:false
@!!END

@!!BEGIN
@!!type:obligation
@!!id:1191
@!!loc:7981:16:7981:23
@!!status:trivial
@!!prover:tlapm
@!!already:false
@!!END

@!!BEGIN
@!!type:obligation
@!!id:1192
@!!loc:8030:10:8030:12
@!!status:proved
@!!prover:smt
@!!meth:time-limit: 60
@!!already:true
@!!END

@!!BEGIN
@!!type:obligation
@!!id:1193
@!!loc:8030:13:8030:17
@!!status:trivial
@!!prover:tlapm
@!!already:false
@!!END

@!!BEGIN
@!!type:obligation
@!!id:1194
@!!loc:8030:19:8030:23
@!!status:trivial
@!!prover:tlapm
@!!already:false
@!!END

@!!BEGIN
@!!type:obligation
@!!id:1190
@!!loc:7981:13:7981:15
@!!status:proved
@!!prover:smt
@!!meth:time-limit: 60; time-used: 1.8 (3%)
@!!already:false
@!!END

@!!BEGIN
@!!type:obligation
@!!id:1183
@!!loc:7974:13:7974:15
@!!status:proved
@!!prover:smt
@!!meth:time-limit: 60; time-used: 3.6 (6%)
@!!already:false
@!!END

@!!BEGIN
@!!type:obligation
@!!id:1195
@!!loc:7988:47:7988:54
@!!status:proved
@!!prover:smt
@!!meth:time-limit: 60
@!!already:true
@!!END

@!!BEGIN
@!!type:obligation
@!!id:1196
@!!loc:8023:12:8023:14
@!!status:proved
@!!prover:smt
@!!meth:time-limit: 60
@!!already:true
@!!END

@!!BEGIN
@!!type:obligation
@!!id:1197
@!!loc:8023:15:8023:19
@!!status:trivial
@!!prover:tlapm
@!!already:false
@!!END

@!!BEGIN
@!!type:obligation
@!!id:1198
@!!loc:8023:21:8023:25
@!!status:trivial
@!!prover:tlapm
@!!already:false
@!!END

@!!BEGIN
@!!type:obligation
@!!id:1199
@!!loc:8023:27:8023:31
@!!status:trivial
@!!prover:tlapm
@!!already:false
@!!END

@!!BEGIN
@!!type:obligation
@!!id:1200
@!!loc:7990:14:7990:16
@!!status:proved
@!!prover:smt
@!!meth:time-limit: 60
@!!already:true
@!!END

@!!BEGIN
@!!type:obligation
@!!id:1201
@!!loc:7990:17:7990:21
@!!status:trivial
@!!prover:tlapm
@!!already:false
@!!END

@!!BEGIN
@!!type:obligation
@!!id:1202
@!!loc:7997:14:7997:16
@!!status:proved
@!!prover:smt
@!!meth:time-limit: 60
@!!already:true
@!!END

@!!BEGIN
@!!type:obligation
@!!id:1203
@!!loc:7997:17:7997:21
@!!status:trivial
@!!prover:tlapm
@!!already:false
@!!END

@!!BEGIN
@!!type:obligation
@!!id:1204
@!!loc:7997:23:7997:27
@!!status:trivial
@!!prover:tlapm
@!!already:false
@!!END

@!!BEGIN
@!!type:obligation
@!!id:1205
@!!loc:7997:29:7997:33
@!!status:trivial
@!!prover:tlapm
@!!already:false
@!!END

@!!BEGIN
@!!type:obligation
@!!id:1206
@!!loc:7997:35:7997:39
@!!status:trivial
@!!prover:tlapm
@!!already:false
@!!END

@!!BEGIN
@!!type:obligation
@!!id:1207
@!!loc:7997:41:7997:45
@!!status:trivial
@!!prover:tlapm
@!!already:false
@!!END

@!!BEGIN
@!!type:obligation
@!!id:1208
@!!loc:7997:47:7997:51
@!!status:trivial
@!!prover:tlapm
@!!already:false
@!!END

@!!BEGIN
@!!type:obligation
@!!id:1209
@!!loc:7992:56:7992:58
@!!status:proved
@!!prover:smt
@!!meth:time-limit: 60
@!!already:true
@!!END

@!!BEGIN
@!!type:obligation
@!!id:1210
@!!loc:7992:59:7992:63
@!!status:trivial
@!!prover:tlapm
@!!already:false
@!!END

@!!BEGIN
@!!type:obligation
@!!id:1211
@!!loc:7992:65:7992:72
@!!status:trivial
@!!prover:tlapm
@!!already:false
@!!END

@!!BEGIN
@!!type:obligation
@!!id:1212
@!!loc:7993:56:7993:58
@!!status:proved
@!!prover:smt
@!!meth:time-limit: 60
@!!already:true
@!!END

@!!BEGIN
@!!type:obligation
@!!id:1213
@!!loc:7993:59:7993:63
@!!status:trivial
@!!prover:tlapm
@!!already:false
@!!END

@!!BEGIN
@!!type:obligation
@!!id:1214
@!!loc:7993:65:7993:72
@!!status:trivial
@!!prover:tlapm
@!!already:false
@!!END

@!!BEGIN
@!!type:obligation
@!!id:1215
@!!loc:7994:59:7994:61
@!!status:proved
@!!prover:smt
@!!meth:time-limit: 60
@!!already:true
@!!END

@!!BEGIN
@!!type:obligation
@!!id:1216
@!!loc:7994:62:7994:66
@!!status:trivial
@!!prover:tlapm
@!!already:false
@!!END

@!!BEGIN
@!!type:obligation
@!!id:1217
@!!loc:7994:68:7994:78
@!!status:trivial
@!!prover:tlapm
@!!already:false
@!!END

@!!BEGIN
@!!type:obligation
@!!id:1218
@!!loc:7995:79:7995:81
@!!status:proved
@!!prover:smt
@!!meth:time-limit: 60
@!!already:true
@!!END

@!!BEGIN
@!!type:obligation
@!!id:1219
@!!loc:7995:82:7995:86
@!!status:trivial
@!!prover:tlapm
@!!already:false
@!!END

@!!BEGIN
@!!type:obligation
@!!id:1220
@!!loc:7995:88:7995:98
@!!status:trivial
@!!prover:tlapm
@!!already:false
@!!END

@!!BEGIN
@!!type:obligation
@!!id:1221
@!!loc:7996:30:7996:32
@!!status:proved
@!!prover:smt
@!!meth:time-limit: 60
@!!already:true
@!!END

@!!BEGIN
@!!type:obligation
@!!id:1222
@!!loc:7996:33:7996:37
@!!status:trivial
@!!prover:tlapm
@!!already:false
@!!END

@!!BEGIN
@!!type:obligation
@!!id:1223
@!!loc:7996:39:7996:55
@!!status:trivial
@!!prover:tlapm
@!!already:false
@!!END

@!!BEGIN
@!!type:obligation
@!!id:1224
@!!loc:8020:14:8020:16
@!!status:proved
@!!prover:smt
@!!meth:time-limit: 60
@!!already:true
@!!END

@!!BEGIN
@!!type:obligation
@!!id:1225
@!!loc:8020:17:8020:21
@!!status:trivial
@!!prover:tlapm
@!!already:false
@!!END

@!!BEGIN
@!!type:obligation
@!!id:1226
@!!loc:8020:23:8020:27
@!!status:trivial
@!!prover:tlapm
@!!already:false
@!!END

@!!BEGIN
@!!type:obligation
@!!id:1227
@!!loc:8020:29:8020:33
@!!status:trivial
@!!prover:tlapm
@!!already:false
@!!END

@!!BEGIN
@!!type:obligation
@!!id:1228
@!!loc:8020:35:8020:39
@!!status:trivial
@!!prover:tlapm
@!!already:false
@!!END

@!!BEGIN
@!!type:obligation
@!!id:1229
@!!loc:8020:41:8020:45
@!!status:trivial
@!!prover:tlapm
@!!already:false
@!!END

@!!BEGIN
@!!type:obligation
@!!id:1230
@!!loc:8020:47:8020:51
@!!status:trivial
@!!prover:tlapm
@!!already:false
@!!END

@!!BEGIN
@!!type:obligation
@!!id:1231
@!!loc:8020:53:8020:57
@!!status:trivial
@!!prover:tlapm
@!!already:false
@!!END

@!!BEGIN
@!!type:obligation
@!!id:1232
@!!loc:8020:59:8020:63
@!!status:trivial
@!!prover:tlapm
@!!already:false
@!!END

@!!BEGIN
@!!type:obligation
@!!id:1233
@!!loc:8020:65:8020:69
@!!status:trivial
@!!prover:tlapm
@!!already:false
@!!END

@!!BEGIN
@!!type:obligation
@!!id:1234
@!!loc:8020:71:8020:75
@!!status:trivial
@!!prover:tlapm
@!!already:false
@!!END

@!!BEGIN
@!!type:obligation
@!!id:1235
@!!loc:8020:77:8020:82
@!!status:trivial
@!!prover:tlapm
@!!already:false
@!!END

@!!BEGIN
@!!type:obligation
@!!id:1236
@!!loc:8021:17:8021:22
@!!status:trivial
@!!prover:tlapm
@!!already:false
@!!END

@!!BEGIN
@!!type:obligation
@!!id:1237
@!!loc:8021:24:8021:29
@!!status:trivial
@!!prover:tlapm
@!!already:false
@!!END

@!!BEGIN
@!!type:obligation
@!!id:1238
@!!loc:8021:31:8021:36
@!!status:trivial
@!!prover:tlapm
@!!already:false
@!!END

@!!BEGIN
@!!type:obligation
@!!id:1239
@!!loc:8021:38:8021:43
@!!status:trivial
@!!prover:tlapm
@!!already:false
@!!END

@!!BEGIN
@!!type:obligation
@!!id:1240
@!!loc:8021:45:8021:50
@!!status:trivial
@!!prover:tlapm
@!!already:false
@!!END

@!!BEGIN
@!!type:obligation
@!!id:1241
@!!loc:8021:52:8021:57
@!!status:trivial
@!!prover:tlapm
@!!already:false
@!!END

@!!BEGIN
@!!type:obligation
@!!id:1242
@!!loc:8021:59:8021:64
@!!status:trivial
@!!prover:tlapm
@!!already:false
@!!END

@!!BEGIN
@!!type:obligation
@!!id:1243
@!!loc:8021:66:8021:71
@!!status:trivial
@!!prover:tlapm
@!!already:false
@!!END

@!!BEGIN
@!!type:obligation
@!!id:1244
@!!loc:8021:73:8021:78
@!!status:trivial
@!!prover:tlapm
@!!already:false
@!!END

@!!BEGIN
@!!type:obligation
@!!id:1245
@!!loc:8021:80:8021:85
@!!status:trivial
@!!prover:tlapm
@!!already:false
@!!END

@!!BEGIN
@!!type:obligation
@!!id:1246
@!!loc:8021:87:8021:92
@!!status:trivial
@!!prover:tlapm
@!!already:false
@!!END

@!!BEGIN
@!!type:obligation
@!!id:1247
@!!loc:7999:62:7999:64
@!!status:proved
@!!prover:smt
@!!meth:time-limit: 60
@!!already:true
@!!END

@!!BEGIN
@!!type:obligation
@!!id:1248
@!!loc:7999:65:7999:69
@!!status:trivial
@!!prover:tlapm
@!!already:false
@!!END

@!!BEGIN
@!!type:obligation
@!!id:1249
@!!loc:7999:71:7999:82
@!!status:trivial
@!!prover:tlapm
@!!already:false
@!!END

@!!BEGIN
@!!type:obligation
@!!id:1250
@!!loc:8000:61:8000:63
@!!status:proved
@!!prover:smt
@!!meth:time-limit: 60
@!!already:true
@!!END

@!!BEGIN
@!!type:obligation
@!!id:1251
@!!loc:8000:64:8000:68
@!!status:trivial
@!!prover:tlapm
@!!already:false
@!!END

@!!BEGIN
@!!type:obligation
@!!id:1252
@!!loc:8000:70:8000:80
@!!status:trivial
@!!prover:tlapm
@!!already:false
@!!END

@!!BEGIN
@!!type:obligation
@!!id:1253
@!!loc:8001:58:8001:60
@!!status:proved
@!!prover:smt
@!!meth:time-limit: 60
@!!already:true
@!!END

@!!BEGIN
@!!type:obligation
@!!id:1254
@!!loc:8001:61:8001:65
@!!status:trivial
@!!prover:tlapm
@!!already:false
@!!END

@!!BEGIN
@!!type:obligation
@!!id:1255
@!!loc:8001:67:8001:74
@!!status:trivial
@!!prover:tlapm
@!!already:false
@!!END

@!!BEGIN
@!!type:obligation
@!!id:1256
@!!loc:8002:58:8002:60
@!!status:proved
@!!prover:smt
@!!meth:time-limit: 60
@!!already:true
@!!END

@!!BEGIN
@!!type:obligation
@!!id:1257
@!!loc:8002:61:8002:65
@!!status:trivial
@!!prover:tlapm
@!!already:false
@!!END

@!!BEGIN
@!!type:obligation
@!!id:1258
@!!loc:8002:67:8002:74
@!!status:trivial
@!!prover:tlapm
@!!already:false
@!!END

@!!BEGIN
@!!type:obligation
@!!id:1259
@!!loc:8003:62:8003:64
@!!status:proved
@!!prover:smt
@!!meth:time-limit: 60
@!!already:true
@!!END

@!!BEGIN
@!!type:obligation
@!!id:1260
@!!loc:8003:65:8003:69
@!!status:trivial
@!!prover:tlapm
@!!already:false
@!!END

@!!BEGIN
@!!type:obligation
@!!id:1261
@!!loc:8003:71:8003:82
@!!status:trivial
@!!prover:tlapm
@!!already:false
@!!END

@!!BEGIN
@!!type:obligation
@!!id:1262
@!!loc:8004:59:8004:61
@!!status:proved
@!!prover:smt
@!!meth:time-limit: 60
@!!already:true
@!!END

@!!BEGIN
@!!type:obligation
@!!id:1263
@!!loc:8004:62:8004:66
@!!status:trivial
@!!prover:tlapm
@!!already:false
@!!END

@!!BEGIN
@!!type:obligation
@!!id:1264
@!!loc:8004:68:8004:76
@!!status:trivial
@!!prover:tlapm
@!!already:false
@!!END

@!!BEGIN
@!!type:obligation
@!!id:1265
@!!loc:8005:60:8005:62
@!!status:proved
@!!prover:smt
@!!meth:time-limit: 60
@!!already:true
@!!END

@!!BEGIN
@!!type:obligation
@!!id:1266
@!!loc:8005:63:8005:67
@!!status:trivial
@!!prover:tlapm
@!!already:false
@!!END

@!!BEGIN
@!!type:obligation
@!!id:1267
@!!loc:8005:69:8005:78
@!!status:trivial
@!!prover:tlapm
@!!already:false
@!!END

@!!BEGIN
@!!type:obligation
@!!id:1268
@!!loc:8006:61:8006:63
@!!status:proved
@!!prover:smt
@!!meth:time-limit: 60
@!!already:true
@!!END

@!!BEGIN
@!!type:obligation
@!!id:1269
@!!loc:8006:64:8006:68
@!!status:trivial
@!!prover:tlapm
@!!already:false
@!!END

@!!BEGIN
@!!type:obligation
@!!id:1270
@!!loc:8006:70:8006:80
@!!status:trivial
@!!prover:tlapm
@!!already:false
@!!END

@!!BEGIN
@!!type:obligation
@!!id:1271
@!!loc:8007:61:8007:63
@!!status:proved
@!!prover:smt
@!!meth:time-limit: 60
@!!already:true
@!!END

@!!BEGIN
@!!type:obligation
@!!id:1272
@!!loc:8007:64:8007:68
@!!status:trivial
@!!prover:tlapm
@!!already:false
@!!END

@!!BEGIN
@!!type:obligation
@!!id:1273
@!!loc:8007:70:8007:80
@!!status:trivial
@!!prover:tlapm
@!!already:false
@!!END

@!!BEGIN
@!!type:obligation
@!!id:1274
@!!loc:8008:61:8008:63
@!!status:proved
@!!prover:smt
@!!meth:time-limit: 60
@!!already:true
@!!END

@!!BEGIN
@!!type:obligation
@!!id:1275
@!!loc:8008:64:8008:69
@!!status:trivial
@!!prover:tlapm
@!!already:false
@!!END

@!!BEGIN
@!!type:obligation
@!!id:1276
@!!loc:8008:71:8008:80
@!!status:trivial
@!!prover:tlapm
@!!already:false
@!!END

@!!BEGIN
@!!type:obligation
@!!id:1277
@!!loc:8009:62:8009:64
@!!status:proved
@!!prover:smt
@!!meth:time-limit: 60
@!!already:true
@!!END

@!!BEGIN
@!!type:obligation
@!!id:1278
@!!loc:8009:65:8009:70
@!!status:trivial
@!!prover:tlapm
@!!already:false
@!!END

@!!BEGIN
@!!type:obligation
@!!id:1279
@!!loc:8009:72:8009:82
@!!status:trivial
@!!prover:tlapm
@!!already:false
@!!END

@!!BEGIN
@!!type:obligation
@!!id:1280
@!!loc:8010:59:8010:61
@!!status:proved
@!!prover:smt
@!!meth:time-limit: 60
@!!already:true
@!!END

@!!BEGIN
@!!type:obligation
@!!id:1281
@!!loc:8010:62:8010:67
@!!status:trivial
@!!prover:tlapm
@!!already:false
@!!END

@!!BEGIN
@!!type:obligation
@!!id:1282
@!!loc:8010:69:8010:76
@!!status:trivial
@!!prover:tlapm
@!!already:false
@!!END

@!!BEGIN
@!!type:obligation
@!!id:1283
@!!loc:8011:67:8011:69
@!!status:proved
@!!prover:smt
@!!meth:time-limit: 60
@!!already:true
@!!END

@!!BEGIN
@!!type:obligation
@!!id:1284
@!!loc:8011:70:8011:75
@!!status:trivial
@!!prover:tlapm
@!!already:false
@!!END

@!!BEGIN
@!!type:obligation
@!!id:1285
@!!loc:8011:77:8011:92
@!!status:trivial
@!!prover:tlapm
@!!already:false
@!!END

@!!BEGIN
@!!type:obligation
@!!id:1286
@!!loc:8012:67:8012:69
@!!status:proved
@!!prover:smt
@!!meth:time-limit: 60
@!!already:true
@!!END

@!!BEGIN
@!!type:obligation
@!!id:1287
@!!loc:8012:70:8012:75
@!!status:trivial
@!!prover:tlapm
@!!already:false
@!!END

@!!BEGIN
@!!type:obligation
@!!id:1288
@!!loc:8012:77:8012:92
@!!status:trivial
@!!prover:tlapm
@!!already:false
@!!END

@!!BEGIN
@!!type:obligation
@!!id:1289
@!!loc:8013:68:8013:70
@!!status:proved
@!!prover:smt
@!!meth:time-limit: 60
@!!already:true
@!!END

@!!BEGIN
@!!type:obligation
@!!id:1290
@!!loc:8013:71:8013:76
@!!status:trivial
@!!prover:tlapm
@!!already:false
@!!END

@!!BEGIN
@!!type:obligation
@!!id:1291
@!!loc:8013:78:8013:94
@!!status:trivial
@!!prover:tlapm
@!!already:false
@!!END

@!!BEGIN
@!!type:obligation
@!!id:1292
@!!loc:8014:64:8014:66
@!!status:proved
@!!prover:smt
@!!meth:time-limit: 60
@!!already:true
@!!END

@!!BEGIN
@!!type:obligation
@!!id:1293
@!!loc:8014:67:8014:72
@!!status:trivial
@!!prover:tlapm
@!!already:false
@!!END

@!!BEGIN
@!!type:obligation
@!!id:1294
@!!loc:8014:74:8014:86
@!!status:trivial
@!!prover:tlapm
@!!already:false
@!!END

@!!BEGIN
@!!type:obligation
@!!id:1295
@!!loc:8015:64:8015:66
@!!status:proved
@!!prover:smt
@!!meth:time-limit: 60
@!!already:true
@!!END

@!!BEGIN
@!!type:obligation
@!!id:1296
@!!loc:8015:67:8015:72
@!!status:trivial
@!!prover:tlapm
@!!already:false
@!!END

@!!BEGIN
@!!type:obligation
@!!id:1297
@!!loc:8015:74:8015:86
@!!status:trivial
@!!prover:tlapm
@!!already:false
@!!END

@!!BEGIN
@!!type:obligation
@!!id:1298
@!!loc:8016:79:8016:81
@!!status:proved
@!!prover:smt
@!!meth:time-limit: 60
@!!already:true
@!!END

@!!BEGIN
@!!type:obligation
@!!id:1299
@!!loc:8016:82:8016:87
@!!status:trivial
@!!prover:tlapm
@!!already:false
@!!END

@!!BEGIN
@!!type:obligation
@!!id:1300
@!!loc:8016:89:8016:96
@!!status:trivial
@!!prover:tlapm
@!!already:false
@!!END

@!!BEGIN
@!!type:obligation
@!!id:1301
@!!loc:8017:81:8017:83
@!!status:proved
@!!prover:smt
@!!meth:time-limit: 60
@!!already:true
@!!END

@!!BEGIN
@!!type:obligation
@!!id:1302
@!!loc:8017:84:8017:89
@!!status:trivial
@!!prover:tlapm
@!!already:false
@!!END

@!!BEGIN
@!!type:obligation
@!!id:1303
@!!loc:8017:91:8017:100
@!!status:trivial
@!!prover:tlapm
@!!already:false
@!!END

@!!BEGIN
@!!type:obligation
@!!id:1304
@!!loc:8018:81:8018:83
@!!status:proved
@!!prover:smt
@!!meth:time-limit: 60
@!!already:true
@!!END

@!!BEGIN
@!!type:obligation
@!!id:1305
@!!loc:8018:84:8018:89
@!!status:trivial
@!!prover:tlapm
@!!already:false
@!!END

@!!BEGIN
@!!type:obligation
@!!id:1306
@!!loc:8018:91:8018:100
@!!status:trivial
@!!prover:tlapm
@!!already:false
@!!END

@!!BEGIN
@!!type:obligation
@!!id:1307
@!!loc:8019:82:8019:84
@!!status:proved
@!!prover:smt
@!!meth:time-limit: 60
@!!already:true
@!!END

@!!BEGIN
@!!type:obligation
@!!id:1308
@!!loc:8019:85:8019:90
@!!status:trivial
@!!prover:tlapm
@!!already:false
@!!END

@!!BEGIN
@!!type:obligation
@!!id:1309
@!!loc:8019:92:8019:100
@!!status:trivial
@!!prover:tlapm
@!!already:false
@!!END

@!!BEGIN
@!!type:obligation
@!!id:1310
@!!loc:8029:12:8029:14
@!!status:proved
@!!prover:smt
@!!meth:time-limit: 60
@!!already:true
@!!END

@!!BEGIN
@!!type:obligation
@!!id:1311
@!!loc:8029:15:8029:19
@!!status:trivial
@!!prover:tlapm
@!!already:false
@!!END

@!!BEGIN
@!!type:obligation
@!!id:1312
@!!loc:8029:21:8029:25
@!!status:trivial
@!!prover:tlapm
@!!already:false
@!!END

@!!BEGIN
@!!type:obligation
@!!id:1313
@!!loc:8029:27:8029:31
@!!status:trivial
@!!prover:tlapm
@!!already:false
@!!END

@!!BEGIN
@!!type:obligation
@!!id:1314
@!!loc:8029:33:8029:37
@!!status:trivial
@!!prover:tlapm
@!!already:false
@!!END

@!!BEGIN
@!!type:obligation
@!!id:1315
@!!loc:8025:22:8025:24
@!!status:proved
@!!prover:smt
@!!meth:time-limit: 60
@!!already:true
@!!END

@!!BEGIN
@!!type:obligation
@!!id:1316
@!!loc:8025:25:8025:29
@!!status:trivial
@!!prover:tlapm
@!!already:false
@!!END

@!!BEGIN
@!!type:obligation
@!!id:1317
@!!loc:8026:18:8026:20
@!!status:proved
@!!prover:smt
@!!meth:time-limit: 60
@!!already:true
@!!END

@!!BEGIN
@!!type:obligation
@!!id:1318
@!!loc:8026:21:8026:25
@!!status:trivial
@!!prover:tlapm
@!!already:false
@!!END

@!!BEGIN
@!!type:obligation
@!!id:1319
@!!loc:8026:27:8026:33
@!!status:trivial
@!!prover:tlapm
@!!already:false
@!!END

@!!BEGIN
@!!type:obligation
@!!id:1320
@!!loc:8027:20:8027:22
@!!status:proved
@!!prover:smt
@!!meth:time-limit: 60
@!!already:true
@!!END

@!!BEGIN
@!!type:obligation
@!!id:1321
@!!loc:8027:23:8027:27
@!!status:trivial
@!!prover:tlapm
@!!already:false
@!!END

@!!BEGIN
@!!type:obligation
@!!id:1322
@!!loc:8027:29:8027:37
@!!status:trivial
@!!prover:tlapm
@!!already:false
@!!END

@!!BEGIN
@!!type:obligation
@!!id:1323
@!!loc:8028:78:8028:80
@!!status:proved
@!!prover:smt
@!!meth:time-limit: 60
@!!already:true
@!!END

@!!BEGIN
@!!type:obligation
@!!id:1324
@!!loc:8028:81:8028:85
@!!status:trivial
@!!prover:tlapm
@!!already:false
@!!END

@!!BEGIN
@!!type:obligation
@!!id:1325
@!!loc:8028:87:8028:94
@!!status:trivial
@!!prover:tlapm
@!!already:false
@!!END

@!!BEGIN
@!!type:obligation
@!!id:1326
@!!loc:8046:10:8046:12
@!!status:proved
@!!prover:ls4
@!!meth:time-limit: 120
@!!already:true
@!!END

@!!BEGIN
@!!type:obligation
@!!id:1327
@!!loc:8046:13:8046:17
@!!status:trivial
@!!prover:tlapm
@!!already:false
@!!END

@!!BEGIN
@!!type:obligation
@!!id:1328
@!!loc:8046:19:8046:23
@!!status:trivial
@!!prover:tlapm
@!!already:false
@!!END

@!!BEGIN
@!!type:obligation
@!!id:1329
@!!loc:8046:25:8046:28
@!!status:trivial
@!!prover:tlapm
@!!already:false
@!!END

@!!BEGIN
@!!type:obligation
@!!id:1330
@!!loc:8033:21:8033:23
@!!status:proved
@!!prover:smt
@!!meth:time-limit: 60
@!!already:true
@!!END

@!!BEGIN
@!!type:obligation
@!!id:1331
@!!loc:8033:24:8033:31
@!!status:trivial
@!!prover:tlapm
@!!already:false
@!!END

@!!BEGIN
@!!type:obligation
@!!id:1332
@!!loc:8045:12:8045:14
@!!status:proved
@!!prover:smt
@!!meth:time-limit: 60
@!!already:true
@!!END

@!!BEGIN
@!!type:obligation
@!!id:1333
@!!loc:8045:15:8045:19
@!!status:trivial
@!!prover:tlapm
@!!already:false
@!!END

@!!BEGIN
@!!type:obligation
@!!id:1334
@!!loc:8045:21:8045:25
@!!status:trivial
@!!prover:tlapm
@!!already:false
@!!END

@!!BEGIN
@!!type:obligation
@!!id:1335
@!!loc:8035:33:8035:35
@!!status:proved
@!!prover:smt
@!!meth:time-limit: 60
@!!already:true
@!!END

@!!BEGIN
@!!type:obligation
@!!id:1336
@!!loc:8035:36:8035:43
@!!status:trivial
@!!prover:tlapm
@!!already:false
@!!END

@!!BEGIN
@!!type:obligation
@!!id:1338
@!!loc:8044:17:8044:21
@!!status:trivial
@!!prover:tlapm
@!!already:false
@!!END

@!!BEGIN
@!!type:obligation
@!!id:1339
@!!loc:8044:23:8044:27
@!!status:trivial
@!!prover:tlapm
@!!already:false
@!!END

@!!BEGIN
@!!type:obligation
@!!id:1340
@!!loc:8044:29:8044:33
@!!status:trivial
@!!prover:tlapm
@!!already:false
@!!END

@!!BEGIN
@!!type:obligation
@!!id:1341
@!!loc:8044:35:8044:39
@!!status:trivial
@!!prover:tlapm
@!!already:false
@!!END

@!!BEGIN
@!!type:obligation
@!!id:1342
@!!loc:8044:41:8044:45
@!!status:trivial
@!!prover:tlapm
@!!already:false
@!!END

@!!BEGIN
@!!type:obligation
@!!id:1343
@!!loc:8044:47:8044:51
@!!status:trivial
@!!prover:tlapm
@!!already:false
@!!END

@!!BEGIN
@!!type:obligation
@!!id:1337
@!!loc:8044:14:8044:16
@!!status:proved
@!!prover:smt
@!!meth:time-limit: 60; time-used: 6.0 (10%)
@!!already:false
@!!END

@!!BEGIN
@!!type:obligation
@!!id:1346
@!!loc:8039:45:8039:51
@!!status:trivial
@!!prover:tlapm
@!!already:false
@!!END

@!!BEGIN
@!!type:obligation
@!!id:1348
@!!loc:8040:45:8040:51
@!!status:trivial
@!!prover:tlapm
@!!already:false
@!!END

@!!BEGIN
@!!type:obligation
@!!id:1347
@!!loc:8040:42:8040:44
@!!status:proved
@!!prover:smt
@!!meth:time-limit: 60; time-used: 0.8 (1%)
@!!already:false
@!!END

@!!BEGIN
@!!type:obligation
@!!id:1345
@!!loc:8039:42:8039:44
@!!status:proved
@!!prover:smt
@!!meth:time-limit: 60; time-used: 2.0 (3%)
@!!already:false
@!!END

@!!BEGIN
@!!type:obligation
@!!id:1344
@!!loc:8038:7:8038:9
@!!status:proved
@!!prover:smt
@!!meth:time-limit: 60; time-used: 2.9 (5%)
@!!already:false
@!!END

@!!BEGIN
@!!type:obligation
@!!id:1350
@!!loc:8041:45:8041:51
@!!status:trivial
@!!prover:tlapm
@!!already:false
@!!END

@!!BEGIN
@!!type:obligation
@!!id:1352
@!!loc:8042:45:8042:51
@!!status:trivial
@!!prover:tlapm
@!!already:false
@!!END

@!!BEGIN
@!!type:obligation
@!!id:1354
@!!loc:8043:45:8043:52
@!!status:trivial
@!!prover:tlapm
@!!already:false
@!!END

@!!BEGIN
@!!type:obligation
@!!id:1353
@!!loc:8043:42:8043:44
@!!status:proved
@!!prover:smt
@!!meth:time-limit: 60; time-used: 0.7 (1%)
@!!already:false
@!!END

@!!BEGIN
@!!type:obligation
@!!id:1351
@!!loc:8042:42:8042:44
@!!status:proved
@!!prover:smt
@!!meth:time-limit: 60; time-used: 1.8 (3%)
@!!already:false
@!!END

@!!BEGIN
@!!type:obligation
@!!id:1349
@!!loc:8041:42:8041:44
@!!status:proved
@!!prover:smt
@!!meth:time-limit: 60; time-used: 2.6 (4%)
@!!already:false
@!!END

(* created new ".tlacache/LeanP1Proof.tlaps/LeanP1Proof.thy" *)
(* fingerprints written in ".tlacache/LeanP1Proof.tlaps/fingerprints" *)
File "./LeanP1Proof.tla", line 1, character 1 to line 8048, character 78:
[INFO]: All 1347 obligations proved.
WALL 652.91 s MAXRSS 5068388 kB rc 0
PROOFDONE 15:00:28Z
