RECORD RUN M0+M1 2026-10-07T14:53:47Z tlapm bfa9468
4658fad390445c29042bdca8f4e308fc  LeanP1Proof.tla
9a06fcbf8f186a0c4f1e5e92a44c0bd8  LeanP1Anc.tla
cmd: tlapm --toolbox 0 0 --cleanfp --method smt --stretch 12 --threads 4 -k LeanP1Proof.tla (systemd-run MemoryMax=24G; TLC checkers SIGSTOPped)
8
 14:53:47 up  1:06,  1 user,  load average: 8.73, 9.15, 8.37

\* TLAPM version bfa9468
\* launched at 2026-10-07 14:53:47 with command line:
\* /mnt/nvme/tlaps/unpack/tlapm/bin/tlapm --toolbox 0 0 --cleanfp --method smt --stretch 12 --threads 4 -k LeanP1Proof.tla

(* fingerprints file ".tlacache/LeanP1Proof.tlaps/fingerprints" removed *)
@!!BEGIN
@!!type:obligation
@!!id:1
@!!loc:132:10:132:12
@!!status:to be proved
@!!END

@!!BEGIN
@!!type:obligation
@!!id:2
@!!loc:132:13:132:17
@!!status:to be proved
@!!END

@!!BEGIN
@!!type:obligation
@!!id:3
@!!loc:132:19:132:23
@!!status:to be proved
@!!END

@!!BEGIN
@!!type:obligation
@!!id:4
@!!loc:132:25:132:29
@!!status:to be proved
@!!END

@!!BEGIN
@!!type:obligation
@!!id:5
@!!loc:118:3:118:5
@!!status:to be proved
@!!END

@!!BEGIN
@!!type:obligation
@!!id:6
@!!loc:125:3:125:5
@!!status:to be proved
@!!END

@!!BEGIN
@!!type:obligation
@!!id:7
@!!loc:131:3:131:5
@!!status:to be proved
@!!END

@!!BEGIN
@!!type:obligation
@!!id:8
@!!loc:136:1:136:3
@!!status:to be proved
@!!END

@!!BEGIN
@!!type:obligation
@!!id:9
@!!loc:139:1:139:3
@!!status:to be proved
@!!END

@!!BEGIN
@!!type:obligation
@!!id:10
@!!loc:142:1:142:3
@!!status:to be proved
@!!END

@!!BEGIN
@!!type:obligation
@!!id:11
@!!loc:142:4:142:15
@!!status:to be proved
@!!END

@!!BEGIN
@!!type:obligation
@!!id:12
@!!loc:142:17:142:26
@!!status:to be proved
@!!END

@!!BEGIN
@!!type:obligation
@!!id:13
@!!loc:142:28:142:46
@!!status:to be proved
@!!END

@!!BEGIN
@!!type:obligation
@!!id:14
@!!loc:148:1:148:3
@!!status:to be proved
@!!END

@!!BEGIN
@!!type:obligation
@!!id:15
@!!loc:148:4:148:14
@!!status:to be proved
@!!END

@!!BEGIN
@!!type:obligation
@!!id:16
@!!loc:148:16:148:28
@!!status:to be proved
@!!END

@!!BEGIN
@!!type:obligation
@!!id:17
@!!loc:154:1:154:3
@!!status:to be proved
@!!END

@!!BEGIN
@!!type:obligation
@!!id:18
@!!loc:154:4:154:14
@!!status:to be proved
@!!END

@!!BEGIN
@!!type:obligation
@!!id:19
@!!loc:154:16:154:28
@!!status:to be proved
@!!END

@!!BEGIN
@!!type:obligation
@!!id:20
@!!loc:160:1:160:3
@!!status:to be proved
@!!END

@!!BEGIN
@!!type:obligation
@!!id:21
@!!loc:160:4:160:13
@!!status:to be proved
@!!END

@!!BEGIN
@!!type:obligation
@!!id:22
@!!loc:176:10:176:12
@!!status:to be proved
@!!END

@!!BEGIN
@!!type:obligation
@!!id:23
@!!loc:176:13:176:17
@!!status:to be proved
@!!END

@!!BEGIN
@!!type:obligation
@!!id:24
@!!loc:176:19:176:23
@!!status:to be proved
@!!END

@!!BEGIN
@!!type:obligation
@!!id:25
@!!loc:176:25:176:29
@!!status:to be proved
@!!END

@!!BEGIN
@!!type:obligation
@!!id:26
@!!loc:173:12:173:14
@!!status:to be proved
@!!END

@!!BEGIN
@!!type:obligation
@!!id:27
@!!loc:173:15:173:19
@!!status:to be proved
@!!END

@!!BEGIN
@!!type:obligation
@!!id:28
@!!loc:172:5:172:7
@!!status:to be proved
@!!END

@!!BEGIN
@!!type:obligation
@!!id:29
@!!loc:172:8:172:20
@!!status:to be proved
@!!END

@!!BEGIN
@!!type:obligation
@!!id:30
@!!loc:172:22:172:31
@!!status:to be proved
@!!END

@!!BEGIN
@!!type:obligation
@!!id:31
@!!loc:174:35:174:37
@!!status:to be proved
@!!END

@!!BEGIN
@!!type:obligation
@!!id:32
@!!loc:175:44:175:46
@!!status:to be proved
@!!END

@!!BEGIN
@!!type:obligation
@!!id:33
@!!loc:183:1:183:3
@!!status:to be proved
@!!END

@!!BEGIN
@!!type:obligation
@!!id:34
@!!loc:189:1:189:8
@!!status:to be proved
@!!END

@!!BEGIN
@!!type:obligation
@!!id:35
@!!loc:197:1:197:3
@!!status:to be proved
@!!END

@!!BEGIN
@!!type:obligation
@!!id:36
@!!loc:209:1:209:3
@!!status:to be proved
@!!END

@!!BEGIN
@!!type:obligation
@!!id:37
@!!loc:242:10:242:12
@!!status:to be proved
@!!END

@!!BEGIN
@!!type:obligation
@!!id:38
@!!loc:242:13:242:18
@!!status:to be proved
@!!END

@!!BEGIN
@!!type:obligation
@!!id:39
@!!loc:242:20:242:25
@!!status:to be proved
@!!END

@!!BEGIN
@!!type:obligation
@!!id:40
@!!loc:242:27:242:32
@!!status:to be proved
@!!END

@!!BEGIN
@!!type:obligation
@!!id:41
@!!loc:215:43:215:50
@!!status:to be proved
@!!END

@!!BEGIN
@!!type:obligation
@!!id:42
@!!loc:216:21:216:23
@!!status:to be proved
@!!END

@!!BEGIN
@!!type:obligation
@!!id:43
@!!loc:216:24:216:34
@!!status:to be proved
@!!END

@!!BEGIN
@!!type:obligation
@!!id:44
@!!loc:216:36:216:48
@!!status:to be proved
@!!END

@!!BEGIN
@!!type:obligation
@!!id:45
@!!loc:217:48:217:50
@!!status:to be proved
@!!END

@!!BEGIN
@!!type:obligation
@!!id:46
@!!loc:217:51:217:55
@!!status:to be proved
@!!END

@!!BEGIN
@!!type:obligation
@!!id:47
@!!loc:218:63:218:65
@!!status:to be proved
@!!END

@!!BEGIN
@!!type:obligation
@!!id:48
@!!loc:218:66:218:70
@!!status:to be proved
@!!END

@!!BEGIN
@!!type:obligation
@!!id:49
@!!loc:218:72:218:81
@!!status:to be proved
@!!END

@!!BEGIN
@!!type:obligation
@!!id:50
@!!loc:219:39:219:41
@!!status:to be proved
@!!END

@!!BEGIN
@!!type:obligation
@!!id:51
@!!loc:219:42:219:46
@!!status:to be proved
@!!END

@!!BEGIN
@!!type:obligation
@!!id:52
@!!loc:220:29:220:31
@!!status:to be proved
@!!END

@!!BEGIN
@!!type:obligation
@!!id:53
@!!loc:220:32:220:46
@!!status:to be proved
@!!END

@!!BEGIN
@!!type:obligation
@!!id:54
@!!loc:221:33:221:35
@!!status:to be proved
@!!END

@!!BEGIN
@!!type:obligation
@!!id:55
@!!loc:221:36:221:40
@!!status:to be proved
@!!END

@!!BEGIN
@!!type:obligation
@!!id:56
@!!loc:225:3:225:5
@!!status:to be proved
@!!END

@!!BEGIN
@!!type:obligation
@!!id:57
@!!loc:225:6:225:10
@!!status:to be proved
@!!END

@!!BEGIN
@!!type:obligation
@!!id:58
@!!loc:225:12:225:16
@!!status:to be proved
@!!END

@!!BEGIN
@!!type:obligation
@!!id:59
@!!loc:231:3:231:5
@!!status:to be proved
@!!END

@!!BEGIN
@!!type:obligation
@!!id:60
@!!loc:231:6:231:10
@!!status:to be proved
@!!END

@!!BEGIN
@!!type:obligation
@!!id:61
@!!loc:238:3:238:5
@!!status:to be proved
@!!END

@!!BEGIN
@!!type:obligation
@!!id:62
@!!loc:239:15:239:17
@!!status:to be proved
@!!END

@!!BEGIN
@!!type:obligation
@!!id:63
@!!loc:239:18:239:22
@!!status:to be proved
@!!END

@!!BEGIN
@!!type:obligation
@!!id:64
@!!loc:239:24:239:28
@!!status:to be proved
@!!END

@!!BEGIN
@!!type:obligation
@!!id:65
@!!loc:239:30:239:34
@!!status:to be proved
@!!END

@!!BEGIN
@!!type:obligation
@!!id:66
@!!loc:240:15:240:17
@!!status:to be proved
@!!END

@!!BEGIN
@!!type:obligation
@!!id:67
@!!loc:240:18:240:22
@!!status:to be proved
@!!END

@!!BEGIN
@!!type:obligation
@!!id:68
@!!loc:241:15:241:17
@!!status:to be proved
@!!END

@!!BEGIN
@!!type:obligation
@!!id:69
@!!loc:241:18:241:22
@!!status:to be proved
@!!END

@!!BEGIN
@!!type:obligation
@!!id:70
@!!loc:241:24:241:28
@!!status:to be proved
@!!END

@!!BEGIN
@!!type:obligation
@!!id:71
@!!loc:241:30:241:34
@!!status:to be proved
@!!END

@!!BEGIN
@!!type:obligation
@!!id:72
@!!loc:241:36:241:40
@!!status:to be proved
@!!END

@!!BEGIN
@!!type:obligation
@!!id:73
@!!loc:273:10:273:12
@!!status:to be proved
@!!END

@!!BEGIN
@!!type:obligation
@!!id:74
@!!loc:273:13:273:17
@!!status:to be proved
@!!END

@!!BEGIN
@!!type:obligation
@!!id:75
@!!loc:273:19:273:23
@!!status:to be proved
@!!END

@!!BEGIN
@!!type:obligation
@!!id:76
@!!loc:273:25:273:29
@!!status:to be proved
@!!END

@!!BEGIN
@!!type:obligation
@!!id:77
@!!loc:250:14:250:16
@!!status:to be proved
@!!END

@!!BEGIN
@!!type:obligation
@!!id:78
@!!loc:251:44:251:46
@!!status:to be proved
@!!END

@!!BEGIN
@!!type:obligation
@!!id:79
@!!loc:252:14:252:16
@!!status:to be proved
@!!END

@!!BEGIN
@!!type:obligation
@!!id:80
@!!loc:261:3:261:5
@!!status:to be proved
@!!END

@!!BEGIN
@!!type:obligation
@!!id:81
@!!loc:262:54:262:56
@!!status:to be proved
@!!END

@!!BEGIN
@!!type:obligation
@!!id:82
@!!loc:262:57:262:61
@!!status:to be proved
@!!END

@!!BEGIN
@!!type:obligation
@!!id:83
@!!loc:262:63:262:67
@!!status:to be proved
@!!END

@!!BEGIN
@!!type:obligation
@!!id:84
@!!loc:262:69:262:73
@!!status:to be proved
@!!END

@!!BEGIN
@!!type:obligation
@!!id:85
@!!loc:262:75:262:85
@!!status:to be proved
@!!END

@!!BEGIN
@!!type:obligation
@!!id:86
@!!loc:263:43:263:45
@!!status:to be proved
@!!END

@!!BEGIN
@!!type:obligation
@!!id:87
@!!loc:263:46:263:50
@!!status:to be proved
@!!END

@!!BEGIN
@!!type:obligation
@!!id:88
@!!loc:263:52:263:56
@!!status:to be proved
@!!END

@!!BEGIN
@!!type:obligation
@!!id:89
@!!loc:263:58:263:62
@!!status:to be proved
@!!END

@!!BEGIN
@!!type:obligation
@!!id:90
@!!loc:264:70:264:72
@!!status:to be proved
@!!END

@!!BEGIN
@!!type:obligation
@!!id:91
@!!loc:264:73:264:77
@!!status:to be proved
@!!END

@!!BEGIN
@!!type:obligation
@!!id:92
@!!loc:264:79:264:83
@!!status:to be proved
@!!END

@!!BEGIN
@!!type:obligation
@!!id:93
@!!loc:265:15:265:17
@!!status:to be proved
@!!END

@!!BEGIN
@!!type:obligation
@!!id:94
@!!loc:265:18:265:22
@!!status:to be proved
@!!END

@!!BEGIN
@!!type:obligation
@!!id:95
@!!loc:265:24:265:28
@!!status:to be proved
@!!END

@!!BEGIN
@!!type:obligation
@!!id:96
@!!loc:265:30:265:34
@!!status:to be proved
@!!END

@!!BEGIN
@!!type:obligation
@!!id:97
@!!loc:265:36:265:40
@!!status:to be proved
@!!END

@!!BEGIN
@!!type:obligation
@!!id:98
@!!loc:265:42:265:53
@!!status:to be proved
@!!END

@!!BEGIN
@!!type:obligation
@!!id:99
@!!loc:266:15:266:17
@!!status:to be proved
@!!END

@!!BEGIN
@!!type:obligation
@!!id:100
@!!loc:266:18:266:22
@!!status:to be proved
@!!END

@!!BEGIN
@!!type:obligation
@!!id:101
@!!loc:266:24:266:28
@!!status:to be proved
@!!END

@!!BEGIN
@!!type:obligation
@!!id:102
@!!loc:266:30:266:34
@!!status:to be proved
@!!END

@!!BEGIN
@!!type:obligation
@!!id:103
@!!loc:266:36:266:40
@!!status:to be proved
@!!END

@!!BEGIN
@!!type:obligation
@!!id:104
@!!loc:266:42:266:46
@!!status:to be proved
@!!END

@!!BEGIN
@!!type:obligation
@!!id:105
@!!loc:266:48:266:52
@!!status:to be proved
@!!END

@!!BEGIN
@!!type:obligation
@!!id:106
@!!loc:267:47:267:49
@!!status:to be proved
@!!END

@!!BEGIN
@!!type:obligation
@!!id:107
@!!loc:267:50:267:54
@!!status:to be proved
@!!END

@!!BEGIN
@!!type:obligation
@!!id:108
@!!loc:267:56:267:60
@!!status:to be proved
@!!END

@!!BEGIN
@!!type:obligation
@!!id:109
@!!loc:267:62:267:66
@!!status:to be proved
@!!END

@!!BEGIN
@!!type:obligation
@!!id:110
@!!loc:267:68:267:72
@!!status:to be proved
@!!END

@!!BEGIN
@!!type:obligation
@!!id:111
@!!loc:268:73:268:75
@!!status:to be proved
@!!END

@!!BEGIN
@!!type:obligation
@!!id:112
@!!loc:268:76:268:80
@!!status:to be proved
@!!END

@!!BEGIN
@!!type:obligation
@!!id:113
@!!loc:271:3:271:5
@!!status:to be proved
@!!END

@!!BEGIN
@!!type:obligation
@!!id:114
@!!loc:271:6:271:10
@!!status:to be proved
@!!END

@!!BEGIN
@!!type:obligation
@!!id:115
@!!loc:271:12:271:16
@!!status:to be proved
@!!END

@!!BEGIN
@!!type:obligation
@!!id:116
@!!loc:271:18:271:22
@!!status:to be proved
@!!END

@!!BEGIN
@!!type:obligation
@!!id:117
@!!loc:271:24:271:28
@!!status:to be proved
@!!END

@!!BEGIN
@!!type:obligation
@!!id:118
@!!loc:272:15:272:17
@!!status:to be proved
@!!END

@!!BEGIN
@!!type:obligation
@!!id:119
@!!loc:272:18:272:22
@!!status:to be proved
@!!END

@!!BEGIN
@!!type:obligation
@!!id:120
@!!loc:272:24:272:28
@!!status:to be proved
@!!END

@!!BEGIN
@!!type:obligation
@!!id:121
@!!loc:272:30:272:40
@!!status:to be proved
@!!END

@!!BEGIN
@!!type:obligation
@!!id:122
@!!loc:301:10:301:12
@!!status:to be proved
@!!END

@!!BEGIN
@!!type:obligation
@!!id:123
@!!loc:301:13:301:17
@!!status:to be proved
@!!END

@!!BEGIN
@!!type:obligation
@!!id:124
@!!loc:301:19:301:23
@!!status:to be proved
@!!END

@!!BEGIN
@!!type:obligation
@!!id:125
@!!loc:301:25:301:29
@!!status:to be proved
@!!END

@!!BEGIN
@!!type:obligation
@!!id:126
@!!loc:278:14:278:16
@!!status:to be proved
@!!END

@!!BEGIN
@!!type:obligation
@!!id:127
@!!loc:279:44:279:46
@!!status:to be proved
@!!END

@!!BEGIN
@!!type:obligation
@!!id:128
@!!loc:280:14:280:16
@!!status:to be proved
@!!END

@!!BEGIN
@!!type:obligation
@!!id:129
@!!loc:288:3:288:5
@!!status:to be proved
@!!END

@!!BEGIN
@!!type:obligation
@!!id:130
@!!loc:289:45:289:47
@!!status:to be proved
@!!END

@!!BEGIN
@!!type:obligation
@!!id:131
@!!loc:289:48:289:52
@!!status:to be proved
@!!END

@!!BEGIN
@!!type:obligation
@!!id:132
@!!loc:289:54:289:58
@!!status:to be proved
@!!END

@!!BEGIN
@!!type:obligation
@!!id:133
@!!loc:289:60:289:64
@!!status:to be proved
@!!END

@!!BEGIN
@!!type:obligation
@!!id:134
@!!loc:291:3:291:5
@!!status:to be proved
@!!END

@!!BEGIN
@!!type:obligation
@!!id:135
@!!loc:291:6:291:10
@!!status:to be proved
@!!END

@!!BEGIN
@!!type:obligation
@!!id:136
@!!loc:291:12:291:16
@!!status:to be proved
@!!END

@!!BEGIN
@!!type:obligation
@!!id:137
@!!loc:291:18:291:22
@!!status:to be proved
@!!END

@!!BEGIN
@!!type:obligation
@!!id:138
@!!loc:291:24:291:28
@!!status:to be proved
@!!END

@!!BEGIN
@!!type:obligation
@!!id:139
@!!loc:292:73:292:75
@!!status:to be proved
@!!END

@!!BEGIN
@!!type:obligation
@!!id:140
@!!loc:292:76:292:80
@!!status:to be proved
@!!END

@!!BEGIN
@!!type:obligation
@!!id:141
@!!loc:292:82:292:86
@!!status:to be proved
@!!END

@!!BEGIN
@!!type:obligation
@!!id:142
@!!loc:293:15:293:17
@!!status:to be proved
@!!END

@!!BEGIN
@!!type:obligation
@!!id:143
@!!loc:293:18:293:22
@!!status:to be proved
@!!END

@!!BEGIN
@!!type:obligation
@!!id:144
@!!loc:293:24:293:28
@!!status:to be proved
@!!END

@!!BEGIN
@!!type:obligation
@!!id:145
@!!loc:293:30:293:34
@!!status:to be proved
@!!END

@!!BEGIN
@!!type:obligation
@!!id:146
@!!loc:293:36:293:40
@!!status:to be proved
@!!END

@!!BEGIN
@!!type:obligation
@!!id:147
@!!loc:293:42:293:53
@!!status:to be proved
@!!END

@!!BEGIN
@!!type:obligation
@!!id:148
@!!loc:294:15:294:17
@!!status:to be proved
@!!END

@!!BEGIN
@!!type:obligation
@!!id:149
@!!loc:294:18:294:22
@!!status:to be proved
@!!END

@!!BEGIN
@!!type:obligation
@!!id:150
@!!loc:294:24:294:28
@!!status:to be proved
@!!END

@!!BEGIN
@!!type:obligation
@!!id:151
@!!loc:294:30:294:34
@!!status:to be proved
@!!END

@!!BEGIN
@!!type:obligation
@!!id:152
@!!loc:294:36:294:40
@!!status:to be proved
@!!END

@!!BEGIN
@!!type:obligation
@!!id:153
@!!loc:294:42:294:46
@!!status:to be proved
@!!END

@!!BEGIN
@!!type:obligation
@!!id:154
@!!loc:294:48:294:52
@!!status:to be proved
@!!END

@!!BEGIN
@!!type:obligation
@!!id:155
@!!loc:295:47:295:49
@!!status:to be proved
@!!END

@!!BEGIN
@!!type:obligation
@!!id:156
@!!loc:295:50:295:54
@!!status:to be proved
@!!END

@!!BEGIN
@!!type:obligation
@!!id:157
@!!loc:295:56:295:60
@!!status:to be proved
@!!END

@!!BEGIN
@!!type:obligation
@!!id:158
@!!loc:296:73:296:75
@!!status:to be proved
@!!END

@!!BEGIN
@!!type:obligation
@!!id:159
@!!loc:296:76:296:80
@!!status:to be proved
@!!END

@!!BEGIN
@!!type:obligation
@!!id:160
@!!loc:299:3:299:5
@!!status:to be proved
@!!END

@!!BEGIN
@!!type:obligation
@!!id:161
@!!loc:299:6:299:10
@!!status:to be proved
@!!END

@!!BEGIN
@!!type:obligation
@!!id:162
@!!loc:299:12:299:16
@!!status:to be proved
@!!END

@!!BEGIN
@!!type:obligation
@!!id:163
@!!loc:299:18:299:22
@!!status:to be proved
@!!END

@!!BEGIN
@!!type:obligation
@!!id:164
@!!loc:299:24:299:28
@!!status:to be proved
@!!END

@!!BEGIN
@!!type:obligation
@!!id:165
@!!loc:300:15:300:17
@!!status:to be proved
@!!END

@!!BEGIN
@!!type:obligation
@!!id:166
@!!loc:300:18:300:22
@!!status:to be proved
@!!END

@!!BEGIN
@!!type:obligation
@!!id:167
@!!loc:300:24:300:28
@!!status:to be proved
@!!END

@!!BEGIN
@!!type:obligation
@!!id:168
@!!loc:300:30:300:40
@!!status:to be proved
@!!END

@!!BEGIN
@!!type:obligation
@!!id:169
@!!loc:330:10:330:12
@!!status:to be proved
@!!END

@!!BEGIN
@!!type:obligation
@!!id:170
@!!loc:330:13:330:17
@!!status:to be proved
@!!END

@!!BEGIN
@!!type:obligation
@!!id:171
@!!loc:330:19:330:23
@!!status:to be proved
@!!END

@!!BEGIN
@!!type:obligation
@!!id:172
@!!loc:330:25:330:29
@!!status:to be proved
@!!END

@!!BEGIN
@!!type:obligation
@!!id:173
@!!loc:306:14:306:16
@!!status:to be proved
@!!END

@!!BEGIN
@!!type:obligation
@!!id:174
@!!loc:307:44:307:46
@!!status:to be proved
@!!END

@!!BEGIN
@!!type:obligation
@!!id:175
@!!loc:308:14:308:16
@!!status:to be proved
@!!END

@!!BEGIN
@!!type:obligation
@!!id:176
@!!loc:309:20:309:22
@!!status:to be proved
@!!END

@!!BEGIN
@!!type:obligation
@!!id:177
@!!loc:309:23:309:35
@!!status:to be proved
@!!END

@!!BEGIN
@!!type:obligation
@!!id:178
@!!loc:317:3:317:5
@!!status:to be proved
@!!END

@!!BEGIN
@!!type:obligation
@!!id:179
@!!loc:317:6:317:10
@!!status:to be proved
@!!END

@!!BEGIN
@!!type:obligation
@!!id:180
@!!loc:318:47:318:49
@!!status:to be proved
@!!END

@!!BEGIN
@!!type:obligation
@!!id:181
@!!loc:318:50:318:54
@!!status:to be proved
@!!END

@!!BEGIN
@!!type:obligation
@!!id:182
@!!loc:318:56:318:60
@!!status:to be proved
@!!END

@!!BEGIN
@!!type:obligation
@!!id:183
@!!loc:318:62:318:66
@!!status:to be proved
@!!END

@!!BEGIN
@!!type:obligation
@!!id:184
@!!loc:320:3:320:5
@!!status:to be proved
@!!END

@!!BEGIN
@!!type:obligation
@!!id:185
@!!loc:320:6:320:10
@!!status:to be proved
@!!END

@!!BEGIN
@!!type:obligation
@!!id:186
@!!loc:320:12:320:16
@!!status:to be proved
@!!END

@!!BEGIN
@!!type:obligation
@!!id:187
@!!loc:320:18:320:22
@!!status:to be proved
@!!END

@!!BEGIN
@!!type:obligation
@!!id:188
@!!loc:320:24:320:28
@!!status:to be proved
@!!END

@!!BEGIN
@!!type:obligation
@!!id:189
@!!loc:321:73:321:75
@!!status:to be proved
@!!END

@!!BEGIN
@!!type:obligation
@!!id:190
@!!loc:321:76:321:80
@!!status:to be proved
@!!END

@!!BEGIN
@!!type:obligation
@!!id:191
@!!loc:321:82:321:86
@!!status:to be proved
@!!END

@!!BEGIN
@!!type:obligation
@!!id:192
@!!loc:322:15:322:17
@!!status:to be proved
@!!END

@!!BEGIN
@!!type:obligation
@!!id:193
@!!loc:322:18:322:22
@!!status:to be proved
@!!END

@!!BEGIN
@!!type:obligation
@!!id:194
@!!loc:322:24:322:28
@!!status:to be proved
@!!END

@!!BEGIN
@!!type:obligation
@!!id:195
@!!loc:322:30:322:34
@!!status:to be proved
@!!END

@!!BEGIN
@!!type:obligation
@!!id:196
@!!loc:322:36:322:40
@!!status:to be proved
@!!END

@!!BEGIN
@!!type:obligation
@!!id:197
@!!loc:322:42:322:53
@!!status:to be proved
@!!END

@!!BEGIN
@!!type:obligation
@!!id:198
@!!loc:323:15:323:17
@!!status:to be proved
@!!END

@!!BEGIN
@!!type:obligation
@!!id:199
@!!loc:323:18:323:22
@!!status:to be proved
@!!END

@!!BEGIN
@!!type:obligation
@!!id:200
@!!loc:323:24:323:28
@!!status:to be proved
@!!END

@!!BEGIN
@!!type:obligation
@!!id:201
@!!loc:323:30:323:34
@!!status:to be proved
@!!END

@!!BEGIN
@!!type:obligation
@!!id:202
@!!loc:323:36:323:40
@!!status:to be proved
@!!END

@!!BEGIN
@!!type:obligation
@!!id:203
@!!loc:323:42:323:46
@!!status:to be proved
@!!END

@!!BEGIN
@!!type:obligation
@!!id:204
@!!loc:323:48:323:52
@!!status:to be proved
@!!END

@!!BEGIN
@!!type:obligation
@!!id:205
@!!loc:324:47:324:49
@!!status:to be proved
@!!END

@!!BEGIN
@!!type:obligation
@!!id:206
@!!loc:324:50:324:54
@!!status:to be proved
@!!END

@!!BEGIN
@!!type:obligation
@!!id:207
@!!loc:324:56:324:60
@!!status:to be proved
@!!END

@!!BEGIN
@!!type:obligation
@!!id:208
@!!loc:325:73:325:75
@!!status:to be proved
@!!END

@!!BEGIN
@!!type:obligation
@!!id:209
@!!loc:325:76:325:80
@!!status:to be proved
@!!END

@!!BEGIN
@!!type:obligation
@!!id:210
@!!loc:328:3:328:5
@!!status:to be proved
@!!END

@!!BEGIN
@!!type:obligation
@!!id:211
@!!loc:328:6:328:10
@!!status:to be proved
@!!END

@!!BEGIN
@!!type:obligation
@!!id:212
@!!loc:328:12:328:16
@!!status:to be proved
@!!END

@!!BEGIN
@!!type:obligation
@!!id:213
@!!loc:328:18:328:22
@!!status:to be proved
@!!END

@!!BEGIN
@!!type:obligation
@!!id:214
@!!loc:328:24:328:28
@!!status:to be proved
@!!END

@!!BEGIN
@!!type:obligation
@!!id:215
@!!loc:329:15:329:17
@!!status:to be proved
@!!END

@!!BEGIN
@!!type:obligation
@!!id:216
@!!loc:329:18:329:22
@!!status:to be proved
@!!END

@!!BEGIN
@!!type:obligation
@!!id:217
@!!loc:329:24:329:28
@!!status:to be proved
@!!END

@!!BEGIN
@!!type:obligation
@!!id:218
@!!loc:329:30:329:40
@!!status:to be proved
@!!END

@!!BEGIN
@!!type:obligation
@!!id:219
@!!loc:336:1:336:3
@!!status:to be proved
@!!END

@!!BEGIN
@!!type:obligation
@!!id:220
@!!loc:363:10:363:12
@!!status:to be proved
@!!END

@!!BEGIN
@!!type:obligation
@!!id:221
@!!loc:363:13:363:17
@!!status:to be proved
@!!END

@!!BEGIN
@!!type:obligation
@!!id:222
@!!loc:363:19:363:23
@!!status:to be proved
@!!END

@!!BEGIN
@!!type:obligation
@!!id:223
@!!loc:363:25:363:29
@!!status:to be proved
@!!END

@!!BEGIN
@!!type:obligation
@!!id:224
@!!loc:341:14:341:16
@!!status:to be proved
@!!END

@!!BEGIN
@!!type:obligation
@!!id:225
@!!loc:342:44:342:46
@!!status:to be proved
@!!END

@!!BEGIN
@!!type:obligation
@!!id:226
@!!loc:343:14:343:16
@!!status:to be proved
@!!END

@!!BEGIN
@!!type:obligation
@!!id:227
@!!loc:350:3:350:5
@!!status:to be proved
@!!END

@!!BEGIN
@!!type:obligation
@!!id:228
@!!loc:351:47:351:49
@!!status:to be proved
@!!END

@!!BEGIN
@!!type:obligation
@!!id:229
@!!loc:351:50:351:54
@!!status:to be proved
@!!END

@!!BEGIN
@!!type:obligation
@!!id:230
@!!loc:351:56:351:60
@!!status:to be proved
@!!END

@!!BEGIN
@!!type:obligation
@!!id:231
@!!loc:351:62:351:66
@!!status:to be proved
@!!END

@!!BEGIN
@!!type:obligation
@!!id:232
@!!loc:353:3:353:5
@!!status:to be proved
@!!END

@!!BEGIN
@!!type:obligation
@!!id:233
@!!loc:353:6:353:10
@!!status:to be proved
@!!END

@!!BEGIN
@!!type:obligation
@!!id:234
@!!loc:353:12:353:16
@!!status:to be proved
@!!END

@!!BEGIN
@!!type:obligation
@!!id:235
@!!loc:353:18:353:22
@!!status:to be proved
@!!END

@!!BEGIN
@!!type:obligation
@!!id:236
@!!loc:353:24:353:28
@!!status:to be proved
@!!END

@!!BEGIN
@!!type:obligation
@!!id:237
@!!loc:354:73:354:75
@!!status:to be proved
@!!END

@!!BEGIN
@!!type:obligation
@!!id:238
@!!loc:354:76:354:80
@!!status:to be proved
@!!END

@!!BEGIN
@!!type:obligation
@!!id:239
@!!loc:354:82:354:86
@!!status:to be proved
@!!END

@!!BEGIN
@!!type:obligation
@!!id:240
@!!loc:355:15:355:17
@!!status:to be proved
@!!END

@!!BEGIN
@!!type:obligation
@!!id:241
@!!loc:355:18:355:22
@!!status:to be proved
@!!END

@!!BEGIN
@!!type:obligation
@!!id:242
@!!loc:355:24:355:28
@!!status:to be proved
@!!END

@!!BEGIN
@!!type:obligation
@!!id:243
@!!loc:355:30:355:34
@!!status:to be proved
@!!END

@!!BEGIN
@!!type:obligation
@!!id:244
@!!loc:355:36:355:40
@!!status:to be proved
@!!END

@!!BEGIN
@!!type:obligation
@!!id:245
@!!loc:355:42:355:53
@!!status:to be proved
@!!END

@!!BEGIN
@!!type:obligation
@!!id:246
@!!loc:356:15:356:17
@!!status:to be proved
@!!END

@!!BEGIN
@!!type:obligation
@!!id:247
@!!loc:356:18:356:22
@!!status:to be proved
@!!END

@!!BEGIN
@!!type:obligation
@!!id:248
@!!loc:356:24:356:28
@!!status:to be proved
@!!END

@!!BEGIN
@!!type:obligation
@!!id:249
@!!loc:356:30:356:34
@!!status:to be proved
@!!END

@!!BEGIN
@!!type:obligation
@!!id:250
@!!loc:356:36:356:40
@!!status:to be proved
@!!END

@!!BEGIN
@!!type:obligation
@!!id:251
@!!loc:356:42:356:46
@!!status:to be proved
@!!END

@!!BEGIN
@!!type:obligation
@!!id:252
@!!loc:356:48:356:52
@!!status:to be proved
@!!END

@!!BEGIN
@!!type:obligation
@!!id:253
@!!loc:357:47:357:49
@!!status:to be proved
@!!END

@!!BEGIN
@!!type:obligation
@!!id:254
@!!loc:357:50:357:54
@!!status:to be proved
@!!END

@!!BEGIN
@!!type:obligation
@!!id:255
@!!loc:357:56:357:60
@!!status:to be proved
@!!END

@!!BEGIN
@!!type:obligation
@!!id:256
@!!loc:358:73:358:75
@!!status:to be proved
@!!END

@!!BEGIN
@!!type:obligation
@!!id:257
@!!loc:358:76:358:80
@!!status:to be proved
@!!END

@!!BEGIN
@!!type:obligation
@!!id:258
@!!loc:361:3:361:5
@!!status:to be proved
@!!END

@!!BEGIN
@!!type:obligation
@!!id:259
@!!loc:361:6:361:10
@!!status:to be proved
@!!END

@!!BEGIN
@!!type:obligation
@!!id:260
@!!loc:361:12:361:16
@!!status:to be proved
@!!END

@!!BEGIN
@!!type:obligation
@!!id:261
@!!loc:361:18:361:22
@!!status:to be proved
@!!END

@!!BEGIN
@!!type:obligation
@!!id:262
@!!loc:361:24:361:28
@!!status:to be proved
@!!END

@!!BEGIN
@!!type:obligation
@!!id:263
@!!loc:362:15:362:17
@!!status:to be proved
@!!END

@!!BEGIN
@!!type:obligation
@!!id:264
@!!loc:362:18:362:22
@!!status:to be proved
@!!END

@!!BEGIN
@!!type:obligation
@!!id:265
@!!loc:362:24:362:28
@!!status:to be proved
@!!END

@!!BEGIN
@!!type:obligation
@!!id:266
@!!loc:362:30:362:40
@!!status:to be proved
@!!END

@!!BEGIN
@!!type:obligation
@!!id:267
@!!loc:408:10:408:12
@!!status:to be proved
@!!END

@!!BEGIN
@!!type:obligation
@!!id:268
@!!loc:408:13:408:17
@!!status:to be proved
@!!END

@!!BEGIN
@!!type:obligation
@!!id:269
@!!loc:408:19:408:23
@!!status:to be proved
@!!END

@!!BEGIN
@!!type:obligation
@!!id:270
@!!loc:408:25:408:30
@!!status:to be proved
@!!END

@!!BEGIN
@!!type:obligation
@!!id:271
@!!loc:371:14:371:16
@!!status:to be proved
@!!END

@!!BEGIN
@!!type:obligation
@!!id:272
@!!loc:372:44:372:46
@!!status:to be proved
@!!END

@!!BEGIN
@!!type:obligation
@!!id:273
@!!loc:373:14:373:16
@!!status:to be proved
@!!END

@!!BEGIN
@!!type:obligation
@!!id:274
@!!loc:374:23:374:25
@!!status:to be proved
@!!END

@!!BEGIN
@!!type:obligation
@!!id:275
@!!loc:374:26:374:30
@!!status:to be proved
@!!END

@!!BEGIN
@!!type:obligation
@!!id:276
@!!loc:382:3:382:5
@!!status:to be proved
@!!END

@!!BEGIN
@!!type:obligation
@!!id:277
@!!loc:383:54:383:56
@!!status:to be proved
@!!END

@!!BEGIN
@!!type:obligation
@!!id:278
@!!loc:383:57:383:61
@!!status:to be proved
@!!END

@!!BEGIN
@!!type:obligation
@!!id:279
@!!loc:383:63:383:67
@!!status:to be proved
@!!END

@!!BEGIN
@!!type:obligation
@!!id:280
@!!loc:383:69:383:73
@!!status:to be proved
@!!END

@!!BEGIN
@!!type:obligation
@!!id:281
@!!loc:383:75:383:85
@!!status:to be proved
@!!END

@!!BEGIN
@!!type:obligation
@!!id:282
@!!loc:385:3:385:5
@!!status:to be proved
@!!END

@!!BEGIN
@!!type:obligation
@!!id:283
@!!loc:385:6:385:10
@!!status:to be proved
@!!END

@!!BEGIN
@!!type:obligation
@!!id:284
@!!loc:385:12:385:16
@!!status:to be proved
@!!END

@!!BEGIN
@!!type:obligation
@!!id:285
@!!loc:385:18:385:30
@!!status:to be proved
@!!END

@!!BEGIN
@!!type:obligation
@!!id:286
@!!loc:385:32:385:41
@!!status:to be proved
@!!END

@!!BEGIN
@!!type:obligation
@!!id:287
@!!loc:387:3:387:5
@!!status:to be proved
@!!END

@!!BEGIN
@!!type:obligation
@!!id:288
@!!loc:387:6:387:10
@!!status:to be proved
@!!END

@!!BEGIN
@!!type:obligation
@!!id:289
@!!loc:387:12:387:16
@!!status:to be proved
@!!END

@!!BEGIN
@!!type:obligation
@!!id:290
@!!loc:387:18:387:30
@!!status:to be proved
@!!END

@!!BEGIN
@!!type:obligation
@!!id:291
@!!loc:388:30:388:32
@!!status:to be proved
@!!END

@!!BEGIN
@!!type:obligation
@!!id:292
@!!loc:388:33:388:37
@!!status:to be proved
@!!END

@!!BEGIN
@!!type:obligation
@!!id:293
@!!loc:388:39:388:43
@!!status:to be proved
@!!END

@!!BEGIN
@!!type:obligation
@!!id:294
@!!loc:388:45:388:50
@!!status:to be proved
@!!END

@!!BEGIN
@!!type:obligation
@!!id:295
@!!loc:388:52:388:57
@!!status:to be proved
@!!END

@!!BEGIN
@!!type:obligation
@!!id:296
@!!loc:388:59:388:71
@!!status:to be proved
@!!END

@!!BEGIN
@!!type:obligation
@!!id:297
@!!loc:390:3:390:5
@!!status:to be proved
@!!END

@!!BEGIN
@!!type:obligation
@!!id:298
@!!loc:390:6:390:10
@!!status:to be proved
@!!END

@!!BEGIN
@!!type:obligation
@!!id:299
@!!loc:390:12:390:16
@!!status:to be proved
@!!END

@!!BEGIN
@!!type:obligation
@!!id:300
@!!loc:390:18:390:22
@!!status:to be proved
@!!END

@!!BEGIN
@!!type:obligation
@!!id:301
@!!loc:390:24:390:32
@!!status:to be proved
@!!END

@!!BEGIN
@!!type:obligation
@!!id:302
@!!loc:391:43:391:45
@!!status:to be proved
@!!END

@!!BEGIN
@!!type:obligation
@!!id:303
@!!loc:391:46:391:50
@!!status:to be proved
@!!END

@!!BEGIN
@!!type:obligation
@!!id:304
@!!loc:391:52:391:56
@!!status:to be proved
@!!END

@!!BEGIN
@!!type:obligation
@!!id:305
@!!loc:391:58:391:62
@!!status:to be proved
@!!END

@!!BEGIN
@!!type:obligation
@!!id:306
@!!loc:391:64:391:68
@!!status:to be proved
@!!END

@!!BEGIN
@!!type:obligation
@!!id:307
@!!loc:391:70:391:82
@!!status:to be proved
@!!END

@!!BEGIN
@!!type:obligation
@!!id:308
@!!loc:392:40:392:42
@!!status:to be proved
@!!END

@!!BEGIN
@!!type:obligation
@!!id:309
@!!loc:392:43:392:47
@!!status:to be proved
@!!END

@!!BEGIN
@!!type:obligation
@!!id:310
@!!loc:392:49:392:53
@!!status:to be proved
@!!END

@!!BEGIN
@!!type:obligation
@!!id:311
@!!loc:393:15:393:17
@!!status:to be proved
@!!END

@!!BEGIN
@!!type:obligation
@!!id:312
@!!loc:393:18:393:22
@!!status:to be proved
@!!END

@!!BEGIN
@!!type:obligation
@!!id:313
@!!loc:393:24:393:28
@!!status:to be proved
@!!END

@!!BEGIN
@!!type:obligation
@!!id:314
@!!loc:393:30:393:34
@!!status:to be proved
@!!END

@!!BEGIN
@!!type:obligation
@!!id:315
@!!loc:393:36:393:40
@!!status:to be proved
@!!END

@!!BEGIN
@!!type:obligation
@!!id:316
@!!loc:393:42:393:46
@!!status:to be proved
@!!END

@!!BEGIN
@!!type:obligation
@!!id:317
@!!loc:393:48:393:59
@!!status:to be proved
@!!END

@!!BEGIN
@!!type:obligation
@!!id:318
@!!loc:394:15:394:17
@!!status:to be proved
@!!END

@!!BEGIN
@!!type:obligation
@!!id:319
@!!loc:394:18:394:22
@!!status:to be proved
@!!END

@!!BEGIN
@!!type:obligation
@!!id:320
@!!loc:394:24:394:28
@!!status:to be proved
@!!END

@!!BEGIN
@!!type:obligation
@!!id:321
@!!loc:394:30:394:34
@!!status:to be proved
@!!END

@!!BEGIN
@!!type:obligation
@!!id:322
@!!loc:394:36:394:40
@!!status:to be proved
@!!END

@!!BEGIN
@!!type:obligation
@!!id:323
@!!loc:394:42:394:46
@!!status:to be proved
@!!END

@!!BEGIN
@!!type:obligation
@!!id:324
@!!loc:394:48:394:52
@!!status:to be proved
@!!END

@!!BEGIN
@!!type:obligation
@!!id:325
@!!loc:395:47:395:49
@!!status:to be proved
@!!END

@!!BEGIN
@!!type:obligation
@!!id:326
@!!loc:395:50:395:54
@!!status:to be proved
@!!END

@!!BEGIN
@!!type:obligation
@!!id:327
@!!loc:395:56:395:60
@!!status:to be proved
@!!END

@!!BEGIN
@!!type:obligation
@!!id:328
@!!loc:395:62:395:66
@!!status:to be proved
@!!END

@!!BEGIN
@!!type:obligation
@!!id:329
@!!loc:395:68:395:72
@!!status:to be proved
@!!END

@!!BEGIN
@!!type:obligation
@!!id:330
@!!loc:404:12:404:14
@!!status:to be proved
@!!END

@!!BEGIN
@!!type:obligation
@!!id:331
@!!loc:404:15:404:19
@!!status:to be proved
@!!END

@!!BEGIN
@!!type:obligation
@!!id:332
@!!loc:404:21:404:25
@!!status:to be proved
@!!END

@!!BEGIN
@!!type:obligation
@!!id:333
@!!loc:404:27:404:31
@!!status:to be proved
@!!END

@!!BEGIN
@!!type:obligation
@!!id:334
@!!loc:399:5:399:7
@!!status:to be proved
@!!END

@!!BEGIN
@!!type:obligation
@!!id:335
@!!loc:399:8:399:12
@!!status:to be proved
@!!END

@!!BEGIN
@!!type:obligation
@!!id:336
@!!loc:399:14:399:18
@!!status:to be proved
@!!END

@!!BEGIN
@!!type:obligation
@!!id:337
@!!loc:399:20:399:24
@!!status:to be proved
@!!END

@!!BEGIN
@!!type:obligation
@!!id:338
@!!loc:399:26:399:30
@!!status:to be proved
@!!END

@!!BEGIN
@!!type:obligation
@!!id:339
@!!loc:399:32:399:44
@!!status:to be proved
@!!END

@!!BEGIN
@!!type:obligation
@!!id:340
@!!loc:402:5:402:7
@!!status:to be proved
@!!END

@!!BEGIN
@!!type:obligation
@!!id:341
@!!loc:403:58:403:60
@!!status:to be proved
@!!END

@!!BEGIN
@!!type:obligation
@!!id:342
@!!loc:403:61:403:65
@!!status:to be proved
@!!END

@!!BEGIN
@!!type:obligation
@!!id:343
@!!loc:403:67:403:71
@!!status:to be proved
@!!END

@!!BEGIN
@!!type:obligation
@!!id:344
@!!loc:406:3:406:5
@!!status:to be proved
@!!END

@!!BEGIN
@!!type:obligation
@!!id:345
@!!loc:406:6:406:10
@!!status:to be proved
@!!END

@!!BEGIN
@!!type:obligation
@!!id:346
@!!loc:406:12:406:16
@!!status:to be proved
@!!END

@!!BEGIN
@!!type:obligation
@!!id:347
@!!loc:407:16:407:18
@!!status:to be proved
@!!END

@!!BEGIN
@!!type:obligation
@!!id:348
@!!loc:407:19:407:23
@!!status:to be proved
@!!END

@!!BEGIN
@!!type:obligation
@!!id:349
@!!loc:407:25:407:29
@!!status:to be proved
@!!END

@!!BEGIN
@!!type:obligation
@!!id:350
@!!loc:407:31:407:36
@!!status:to be proved
@!!END

@!!BEGIN
@!!type:obligation
@!!id:351
@!!loc:407:38:407:43
@!!status:to be proved
@!!END

@!!BEGIN
@!!type:obligation
@!!id:352
@!!loc:407:45:407:56
@!!status:to be proved
@!!END

@!!BEGIN
@!!type:obligation
@!!id:353
@!!loc:440:10:440:12
@!!status:to be proved
@!!END

@!!BEGIN
@!!type:obligation
@!!id:354
@!!loc:440:13:440:17
@!!status:to be proved
@!!END

@!!BEGIN
@!!type:obligation
@!!id:355
@!!loc:440:19:440:23
@!!status:to be proved
@!!END

@!!BEGIN
@!!type:obligation
@!!id:356
@!!loc:440:25:440:30
@!!status:to be proved
@!!END

@!!BEGIN
@!!type:obligation
@!!id:357
@!!loc:413:14:413:16
@!!status:to be proved
@!!END

@!!BEGIN
@!!type:obligation
@!!id:358
@!!loc:414:44:414:46
@!!status:to be proved
@!!END

@!!BEGIN
@!!type:obligation
@!!id:359
@!!loc:415:14:415:16
@!!status:to be proved
@!!END

@!!BEGIN
@!!type:obligation
@!!id:360
@!!loc:416:23:416:25
@!!status:to be proved
@!!END

@!!BEGIN
@!!type:obligation
@!!id:361
@!!loc:416:26:416:30
@!!status:to be proved
@!!END

@!!BEGIN
@!!type:obligation
@!!id:362
@!!loc:420:3:420:5
@!!status:to be proved
@!!END

@!!BEGIN
@!!type:obligation
@!!id:363
@!!loc:421:66:421:68
@!!status:to be proved
@!!END

@!!BEGIN
@!!type:obligation
@!!id:364
@!!loc:421:69:421:73
@!!status:to be proved
@!!END

@!!BEGIN
@!!type:obligation
@!!id:365
@!!loc:421:75:421:87
@!!status:to be proved
@!!END

@!!BEGIN
@!!type:obligation
@!!id:366
@!!loc:421:89:421:98
@!!status:to be proved
@!!END

@!!BEGIN
@!!type:obligation
@!!id:367
@!!loc:422:32:422:34
@!!status:to be proved
@!!END

@!!BEGIN
@!!type:obligation
@!!id:368
@!!loc:422:35:422:39
@!!status:to be proved
@!!END

@!!BEGIN
@!!type:obligation
@!!id:369
@!!loc:422:41:422:45
@!!status:to be proved
@!!END

@!!BEGIN
@!!type:obligation
@!!id:370
@!!loc:422:47:422:59
@!!status:to be proved
@!!END

@!!BEGIN
@!!type:obligation
@!!id:371
@!!loc:424:3:424:5
@!!status:to be proved
@!!END

@!!BEGIN
@!!type:obligation
@!!id:372
@!!loc:424:6:424:10
@!!status:to be proved
@!!END

@!!BEGIN
@!!type:obligation
@!!id:373
@!!loc:424:12:424:16
@!!status:to be proved
@!!END

@!!BEGIN
@!!type:obligation
@!!id:374
@!!loc:424:18:424:22
@!!status:to be proved
@!!END

@!!BEGIN
@!!type:obligation
@!!id:375
@!!loc:424:24:424:32
@!!status:to be proved
@!!END

@!!BEGIN
@!!type:obligation
@!!id:376
@!!loc:425:15:425:17
@!!status:to be proved
@!!END

@!!BEGIN
@!!type:obligation
@!!id:377
@!!loc:425:18:425:22
@!!status:to be proved
@!!END

@!!BEGIN
@!!type:obligation
@!!id:378
@!!loc:425:24:425:28
@!!status:to be proved
@!!END

@!!BEGIN
@!!type:obligation
@!!id:379
@!!loc:425:30:425:34
@!!status:to be proved
@!!END

@!!BEGIN
@!!type:obligation
@!!id:380
@!!loc:425:36:425:47
@!!status:to be proved
@!!END

@!!BEGIN
@!!type:obligation
@!!id:381
@!!loc:426:15:426:17
@!!status:to be proved
@!!END

@!!BEGIN
@!!type:obligation
@!!id:382
@!!loc:426:18:426:22
@!!status:to be proved
@!!END

@!!BEGIN
@!!type:obligation
@!!id:383
@!!loc:426:24:426:28
@!!status:to be proved
@!!END

@!!BEGIN
@!!type:obligation
@!!id:384
@!!loc:426:30:426:34
@!!status:to be proved
@!!END

@!!BEGIN
@!!type:obligation
@!!id:385
@!!loc:426:36:426:40
@!!status:to be proved
@!!END

@!!BEGIN
@!!type:obligation
@!!id:386
@!!loc:427:47:427:49
@!!status:to be proved
@!!END

@!!BEGIN
@!!type:obligation
@!!id:387
@!!loc:427:50:427:54
@!!status:to be proved
@!!END

@!!BEGIN
@!!type:obligation
@!!id:388
@!!loc:427:56:427:60
@!!status:to be proved
@!!END

@!!BEGIN
@!!type:obligation
@!!id:389
@!!loc:436:12:436:14
@!!status:to be proved
@!!END

@!!BEGIN
@!!type:obligation
@!!id:390
@!!loc:436:15:436:19
@!!status:to be proved
@!!END

@!!BEGIN
@!!type:obligation
@!!id:391
@!!loc:436:21:436:25
@!!status:to be proved
@!!END

@!!BEGIN
@!!type:obligation
@!!id:392
@!!loc:436:27:436:31
@!!status:to be proved
@!!END

@!!BEGIN
@!!type:obligation
@!!id:393
@!!loc:431:5:431:7
@!!status:to be proved
@!!END

@!!BEGIN
@!!type:obligation
@!!id:394
@!!loc:431:8:431:12
@!!status:to be proved
@!!END

@!!BEGIN
@!!type:obligation
@!!id:395
@!!loc:431:14:431:18
@!!status:to be proved
@!!END

@!!BEGIN
@!!type:obligation
@!!id:396
@!!loc:431:20:431:24
@!!status:to be proved
@!!END

@!!BEGIN
@!!type:obligation
@!!id:397
@!!loc:431:26:431:38
@!!status:to be proved
@!!END

@!!BEGIN
@!!type:obligation
@!!id:398
@!!loc:434:5:434:7
@!!status:to be proved
@!!END

@!!BEGIN
@!!type:obligation
@!!id:399
@!!loc:435:58:435:60
@!!status:to be proved
@!!END

@!!BEGIN
@!!type:obligation
@!!id:400
@!!loc:435:61:435:65
@!!status:to be proved
@!!END

@!!BEGIN
@!!type:obligation
@!!id:401
@!!loc:435:67:435:71
@!!status:to be proved
@!!END

@!!BEGIN
@!!type:obligation
@!!id:402
@!!loc:438:3:438:5
@!!status:to be proved
@!!END

@!!BEGIN
@!!type:obligation
@!!id:403
@!!loc:438:6:438:10
@!!status:to be proved
@!!END

@!!BEGIN
@!!type:obligation
@!!id:404
@!!loc:438:12:438:16
@!!status:to be proved
@!!END

@!!BEGIN
@!!type:obligation
@!!id:405
@!!loc:439:16:439:18
@!!status:to be proved
@!!END

@!!BEGIN
@!!type:obligation
@!!id:406
@!!loc:439:19:439:23
@!!status:to be proved
@!!END

@!!BEGIN
@!!type:obligation
@!!id:407
@!!loc:439:25:439:29
@!!status:to be proved
@!!END

@!!BEGIN
@!!type:obligation
@!!id:408
@!!loc:439:31:439:35
@!!status:to be proved
@!!END

@!!BEGIN
@!!type:obligation
@!!id:409
@!!loc:439:37:439:41
@!!status:to be proved
@!!END

@!!BEGIN
@!!type:obligation
@!!id:410
@!!loc:439:43:439:54
@!!status:to be proved
@!!END

@!!BEGIN
@!!type:obligation
@!!id:411
@!!loc:476:10:476:12
@!!status:to be proved
@!!END

@!!BEGIN
@!!type:obligation
@!!id:412
@!!loc:476:13:476:17
@!!status:to be proved
@!!END

@!!BEGIN
@!!type:obligation
@!!id:413
@!!loc:476:19:476:24
@!!status:to be proved
@!!END

@!!BEGIN
@!!type:obligation
@!!id:414
@!!loc:476:26:476:31
@!!status:to be proved
@!!END

@!!BEGIN
@!!type:obligation
@!!id:415
@!!loc:445:14:445:16
@!!status:to be proved
@!!END

@!!BEGIN
@!!type:obligation
@!!id:416
@!!loc:446:44:446:46
@!!status:to be proved
@!!END

@!!BEGIN
@!!type:obligation
@!!id:417
@!!loc:447:14:447:16
@!!status:to be proved
@!!END

@!!BEGIN
@!!type:obligation
@!!id:418
@!!loc:448:23:448:25
@!!status:to be proved
@!!END

@!!BEGIN
@!!type:obligation
@!!id:419
@!!loc:448:26:448:30
@!!status:to be proved
@!!END

@!!BEGIN
@!!type:obligation
@!!id:420
@!!loc:449:80:449:82
@!!status:to be proved
@!!END

@!!BEGIN
@!!type:obligation
@!!id:421
@!!loc:449:83:449:87
@!!status:to be proved
@!!END

@!!BEGIN
@!!type:obligation
@!!id:422
@!!loc:452:3:452:5
@!!status:to be proved
@!!END

@!!BEGIN
@!!type:obligation
@!!id:424
@!!loc:455:3:455:5
@!!status:to be proved
@!!END

@!!BEGIN
@!!type:obligation
@!!id:425
@!!loc:457:3:457:5
@!!status:to be proved
@!!END

@!!BEGIN
@!!type:obligation
@!!id:426
@!!loc:457:6:457:17
@!!status:to be proved
@!!END

@!!BEGIN
@!!type:obligation
@!!id:427
@!!loc:459:3:459:5
@!!status:to be proved
@!!END

@!!BEGIN
@!!type:obligation
@!!id:428
@!!loc:459:6:459:10
@!!status:to be proved
@!!END

@!!BEGIN
@!!type:obligation
@!!id:429
@!!loc:459:12:459:16
@!!status:to be proved
@!!END

@!!BEGIN
@!!type:obligation
@!!id:430
@!!loc:459:18:459:25
@!!status:to be proved
@!!END

@!!BEGIN
@!!type:obligation
@!!id:431
@!!loc:462:3:462:5
@!!status:to be proved
@!!END

@!!BEGIN
@!!type:obligation
@!!id:432
@!!loc:462:6:462:10
@!!status:to be proved
@!!END

@!!BEGIN
@!!type:obligation
@!!id:433
@!!loc:462:12:462:16
@!!status:to be proved
@!!END

@!!BEGIN
@!!type:obligation
@!!id:434
@!!loc:463:34:463:36
@!!status:to be proved
@!!END

@!!BEGIN
@!!type:obligation
@!!id:435
@!!loc:463:37:463:41
@!!status:to be proved
@!!END

@!!BEGIN
@!!type:obligation
@!!id:436
@!!loc:463:43:463:47
@!!status:to be proved
@!!END

@!!BEGIN
@!!type:obligation
@!!id:437
@!!loc:463:49:463:53
@!!status:to be proved
@!!END

@!!BEGIN
@!!type:obligation
@!!id:438
@!!loc:463:55:463:59
@!!status:to be proved
@!!END

@!!BEGIN
@!!type:obligation
@!!id:439
@!!loc:463:61:463:65
@!!status:to be proved
@!!END

@!!BEGIN
@!!type:obligation
@!!id:440
@!!loc:463:67:463:79
@!!status:to be proved
@!!END

@!!BEGIN
@!!type:obligation
@!!id:441
@!!loc:465:3:465:5
@!!status:to be proved
@!!END

@!!BEGIN
@!!type:obligation
@!!id:442
@!!loc:465:6:465:10
@!!status:to be proved
@!!END

@!!BEGIN
@!!type:obligation
@!!id:443
@!!loc:465:12:465:16
@!!status:to be proved
@!!END

@!!BEGIN
@!!type:obligation
@!!id:444
@!!loc:465:18:465:22
@!!status:to be proved
@!!END

@!!BEGIN
@!!type:obligation
@!!id:445
@!!loc:465:24:465:32
@!!status:to be proved
@!!END

@!!BEGIN
@!!type:obligation
@!!id:446
@!!loc:466:15:466:17
@!!status:to be proved
@!!END

@!!BEGIN
@!!type:obligation
@!!id:447
@!!loc:466:18:466:22
@!!status:to be proved
@!!END

@!!BEGIN
@!!type:obligation
@!!id:448
@!!loc:466:24:466:28
@!!status:to be proved
@!!END

@!!BEGIN
@!!type:obligation
@!!id:449
@!!loc:466:30:466:34
@!!status:to be proved
@!!END

@!!BEGIN
@!!type:obligation
@!!id:450
@!!loc:466:36:466:40
@!!status:to be proved
@!!END

@!!BEGIN
@!!type:obligation
@!!id:451
@!!loc:466:42:466:53
@!!status:to be proved
@!!END

@!!BEGIN
@!!type:obligation
@!!id:452
@!!loc:467:15:467:17
@!!status:to be proved
@!!END

@!!BEGIN
@!!type:obligation
@!!id:453
@!!loc:467:18:467:22
@!!status:to be proved
@!!END

@!!BEGIN
@!!type:obligation
@!!id:454
@!!loc:467:24:467:28
@!!status:to be proved
@!!END

@!!BEGIN
@!!type:obligation
@!!id:455
@!!loc:467:30:467:34
@!!status:to be proved
@!!END

@!!BEGIN
@!!type:obligation
@!!id:456
@!!loc:467:36:467:40
@!!status:to be proved
@!!END

@!!BEGIN
@!!type:obligation
@!!id:457
@!!loc:467:42:467:46
@!!status:to be proved
@!!END

@!!BEGIN
@!!type:obligation
@!!id:458
@!!loc:467:48:467:52
@!!status:to be proved
@!!END

@!!BEGIN
@!!type:obligation
@!!id:459
@!!loc:467:54:467:58
@!!status:to be proved
@!!END

@!!BEGIN
@!!type:obligation
@!!id:460
@!!loc:467:60:467:64
@!!status:to be proved
@!!END

@!!BEGIN
@!!type:obligation
@!!id:461
@!!loc:468:48:468:50
@!!status:to be proved
@!!END

@!!BEGIN
@!!type:obligation
@!!id:462
@!!loc:468:51:468:55
@!!status:to be proved
@!!END

@!!BEGIN
@!!type:obligation
@!!id:463
@!!loc:468:57:468:61
@!!status:to be proved
@!!END

@!!BEGIN
@!!type:obligation
@!!id:464
@!!loc:468:63:468:67
@!!status:to be proved
@!!END

@!!BEGIN
@!!type:obligation
@!!id:465
@!!loc:468:69:468:73
@!!status:to be proved
@!!END

@!!BEGIN
@!!type:obligation
@!!id:466
@!!loc:468:75:468:79
@!!status:to be proved
@!!END

@!!BEGIN
@!!type:obligation
@!!id:467
@!!loc:468:81:468:85
@!!status:to be proved
@!!END

@!!BEGIN
@!!type:obligation
@!!id:468
@!!loc:468:87:468:91
@!!status:to be proved
@!!END

@!!BEGIN
@!!type:obligation
@!!id:469
@!!loc:470:3:470:5
@!!status:to be proved
@!!END

@!!BEGIN
@!!type:obligation
@!!id:470
@!!loc:470:6:470:10
@!!status:to be proved
@!!END

@!!BEGIN
@!!type:obligation
@!!id:471
@!!loc:470:12:470:16
@!!status:to be proved
@!!END

@!!BEGIN
@!!type:obligation
@!!id:472
@!!loc:470:18:470:22
@!!status:to be proved
@!!END

@!!BEGIN
@!!type:obligation
@!!id:473
@!!loc:470:24:470:28
@!!status:to be proved
@!!END

@!!BEGIN
@!!type:obligation
@!!id:474
@!!loc:470:30:470:34
@!!status:to be proved
@!!END

@!!BEGIN
@!!type:obligation
@!!id:475
@!!loc:470:36:470:48
@!!status:to be proved
@!!END

@!!BEGIN
@!!type:obligation
@!!id:476
@!!loc:472:3:472:5
@!!status:to be proved
@!!END

@!!BEGIN
@!!type:obligation
@!!id:477
@!!loc:472:6:472:10
@!!status:to be proved
@!!END

@!!BEGIN
@!!type:obligation
@!!id:478
@!!loc:472:12:472:16
@!!status:to be proved
@!!END

@!!BEGIN
@!!type:obligation
@!!id:479
@!!loc:472:18:472:22
@!!status:to be proved
@!!END

@!!BEGIN
@!!type:obligation
@!!id:480
@!!loc:472:24:472:28
@!!status:to be proved
@!!END

@!!BEGIN
@!!type:obligation
@!!id:481
@!!loc:472:30:472:34
@!!status:to be proved
@!!END

@!!BEGIN
@!!type:obligation
@!!id:482
@!!loc:472:36:472:40
@!!status:to be proved
@!!END

@!!BEGIN
@!!type:obligation
@!!id:483
@!!loc:472:42:472:46
@!!status:to be proved
@!!END

@!!BEGIN
@!!type:obligation
@!!id:484
@!!loc:472:48:472:60
@!!status:to be proved
@!!END

@!!BEGIN
@!!type:obligation
@!!id:485
@!!loc:474:3:474:5
@!!status:to be proved
@!!END

@!!BEGIN
@!!type:obligation
@!!id:486
@!!loc:474:6:474:10
@!!status:to be proved
@!!END

@!!BEGIN
@!!type:obligation
@!!id:487
@!!loc:474:12:474:16
@!!status:to be proved
@!!END

@!!BEGIN
@!!type:obligation
@!!id:488
@!!loc:474:18:474:22
@!!status:to be proved
@!!END

@!!BEGIN
@!!type:obligation
@!!id:489
@!!loc:475:16:475:18
@!!status:to be proved
@!!END

@!!BEGIN
@!!type:obligation
@!!id:490
@!!loc:475:19:475:23
@!!status:to be proved
@!!END

@!!BEGIN
@!!type:obligation
@!!id:491
@!!loc:475:25:475:29
@!!status:to be proved
@!!END

@!!BEGIN
@!!type:obligation
@!!id:492
@!!loc:475:31:475:36
@!!status:to be proved
@!!END

@!!BEGIN
@!!type:obligation
@!!id:493
@!!loc:475:38:475:43
@!!status:to be proved
@!!END

@!!BEGIN
@!!type:obligation
@!!id:494
@!!loc:475:45:475:50
@!!status:to be proved
@!!END

@!!BEGIN
@!!type:obligation
@!!id:495
@!!loc:475:52:475:63
@!!status:to be proved
@!!END

@!!BEGIN
@!!type:obligation
@!!id:496
@!!loc:535:10:535:12
@!!status:to be proved
@!!END

@!!BEGIN
@!!type:obligation
@!!id:497
@!!loc:535:13:535:17
@!!status:to be proved
@!!END

@!!BEGIN
@!!type:obligation
@!!id:498
@!!loc:535:19:535:23
@!!status:to be proved
@!!END

@!!BEGIN
@!!type:obligation
@!!id:499
@!!loc:535:25:535:29
@!!status:to be proved
@!!END

@!!BEGIN
@!!type:obligation
@!!id:500
@!!loc:484:14:484:16
@!!status:to be proved
@!!END

@!!BEGIN
@!!type:obligation
@!!id:501
@!!loc:485:44:485:46
@!!status:to be proved
@!!END

@!!BEGIN
@!!type:obligation
@!!id:502
@!!loc:486:14:486:16
@!!status:to be proved
@!!END

@!!BEGIN
@!!type:obligation
@!!id:503
@!!loc:487:23:487:25
@!!status:to be proved
@!!END

@!!BEGIN
@!!type:obligation
@!!id:504
@!!loc:487:26:487:30
@!!status:to be proved
@!!END

@!!BEGIN
@!!type:obligation
@!!id:505
@!!loc:488:80:488:82
@!!status:to be proved
@!!END

@!!BEGIN
@!!type:obligation
@!!id:506
@!!loc:488:83:488:87
@!!status:to be proved
@!!END

@!!BEGIN
@!!type:obligation
@!!id:507
@!!loc:491:3:491:5
@!!status:to be proved
@!!END

@!!BEGIN
@!!type:obligation
@!!id:508
@!!loc:528:12:528:14
@!!status:to be proved
@!!END

@!!BEGIN
@!!type:obligation
@!!id:509
@!!loc:528:15:528:19
@!!status:to be proved
@!!END

@!!BEGIN
@!!type:obligation
@!!id:510
@!!loc:528:21:528:25
@!!status:to be proved
@!!END

@!!BEGIN
@!!type:obligation
@!!id:511
@!!loc:505:14:505:16
@!!status:to be proved
@!!END

@!!BEGIN
@!!type:obligation
@!!id:512
@!!loc:505:17:505:21
@!!status:to be proved
@!!END

@!!BEGIN
@!!type:obligation
@!!id:513
@!!loc:505:23:505:27
@!!status:to be proved
@!!END

@!!BEGIN
@!!type:obligation
@!!id:514
@!!loc:505:29:505:33
@!!status:to be proved
@!!END

@!!BEGIN
@!!type:obligation
@!!id:515
@!!loc:505:35:505:39
@!!status:to be proved
@!!END

@!!BEGIN
@!!type:obligation
@!!id:516
@!!loc:498:85:498:87
@!!status:to be proved
@!!END

@!!BEGIN
@!!type:obligation
@!!id:517
@!!loc:498:88:498:92
@!!status:to be proved
@!!END

@!!BEGIN
@!!type:obligation
@!!id:518
@!!loc:499:39:499:41
@!!status:to be proved
@!!END

@!!BEGIN
@!!type:obligation
@!!id:519
@!!loc:499:42:499:46
@!!status:to be proved
@!!END

@!!BEGIN
@!!type:obligation
@!!id:520
@!!loc:499:48:499:60
@!!status:to be proved
@!!END

@!!BEGIN
@!!type:obligation
@!!id:521
@!!loc:501:7:501:9
@!!status:to be proved
@!!END

@!!BEGIN
@!!type:obligation
@!!id:522
@!!loc:501:10:501:14
@!!status:to be proved
@!!END

@!!BEGIN
@!!type:obligation
@!!id:523
@!!loc:501:16:501:20
@!!status:to be proved
@!!END

@!!BEGIN
@!!type:obligation
@!!id:524
@!!loc:501:22:501:26
@!!status:to be proved
@!!END

@!!BEGIN
@!!type:obligation
@!!id:525
@!!loc:501:28:501:36
@!!status:to be proved
@!!END

@!!BEGIN
@!!type:obligation
@!!id:526
@!!loc:504:7:504:9
@!!status:to be proved
@!!END

@!!BEGIN
@!!type:obligation
@!!id:527
@!!loc:504:10:504:14
@!!status:to be proved
@!!END

@!!BEGIN
@!!type:obligation
@!!id:528
@!!loc:504:16:504:20
@!!status:to be proved
@!!END

@!!BEGIN
@!!type:obligation
@!!id:529
@!!loc:527:14:527:16
@!!status:to be proved
@!!END

@!!BEGIN
@!!type:obligation
@!!id:530
@!!loc:527:17:527:21
@!!status:to be proved
@!!END

@!!BEGIN
@!!type:obligation
@!!id:531
@!!loc:527:23:527:27
@!!status:to be proved
@!!END

@!!BEGIN
@!!type:obligation
@!!id:532
@!!loc:527:29:527:33
@!!status:to be proved
@!!END

@!!BEGIN
@!!type:obligation
@!!id:533
@!!loc:527:35:527:39
@!!status:to be proved
@!!END

@!!BEGIN
@!!type:obligation
@!!id:534
@!!loc:527:41:527:45
@!!status:to be proved
@!!END

@!!BEGIN
@!!type:obligation
@!!id:535
@!!loc:512:7:512:9
@!!status:to be proved
@!!END

@!!BEGIN
@!!type:obligation
@!!id:536
@!!loc:512:10:512:14
@!!status:to be proved
@!!END

@!!BEGIN
@!!type:obligation
@!!id:538
@!!loc:513:73:513:75
@!!status:to be proved
@!!END

@!!BEGIN
@!!type:obligation
@!!id:539
@!!loc:514:37:514:39
@!!status:to be proved
@!!END

@!!BEGIN
@!!type:obligation
@!!id:540
@!!loc:514:40:514:44
@!!status:to be proved
@!!END

@!!BEGIN
@!!type:obligation
@!!id:541
@!!loc:514:46:514:55
@!!status:to be proved
@!!END

@!!BEGIN
@!!type:obligation
@!!id:542
@!!loc:516:7:516:9
@!!status:to be proved
@!!END

@!!BEGIN
@!!type:obligation
@!!id:543
@!!loc:516:10:516:14
@!!status:to be proved
@!!END

@!!BEGIN
@!!type:obligation
@!!id:544
@!!loc:516:16:516:20
@!!status:to be proved
@!!END

@!!BEGIN
@!!type:obligation
@!!id:545
@!!loc:516:22:516:29
@!!status:to be proved
@!!END

@!!BEGIN
@!!type:obligation
@!!id:546
@!!loc:517:40:517:42
@!!status:to be proved
@!!END

@!!BEGIN
@!!type:obligation
@!!id:547
@!!loc:517:43:517:47
@!!status:to be proved
@!!END

@!!BEGIN
@!!type:obligation
@!!id:548
@!!loc:517:49:517:53
@!!status:to be proved
@!!END

@!!BEGIN
@!!type:obligation
@!!id:549
@!!loc:517:55:517:59
@!!status:to be proved
@!!END

@!!BEGIN
@!!type:obligation
@!!id:550
@!!loc:517:61:517:65
@!!status:to be proved
@!!END

@!!BEGIN
@!!type:obligation
@!!id:551
@!!loc:517:67:517:79
@!!status:to be proved
@!!END

@!!BEGIN
@!!type:obligation
@!!id:552
@!!loc:519:7:519:9
@!!status:to be proved
@!!END

@!!BEGIN
@!!type:obligation
@!!id:553
@!!loc:519:10:519:14
@!!status:to be proved
@!!END

@!!BEGIN
@!!type:obligation
@!!id:554
@!!loc:519:16:519:20
@!!status:to be proved
@!!END

@!!BEGIN
@!!type:obligation
@!!id:555
@!!loc:519:22:519:26
@!!status:to be proved
@!!END

@!!BEGIN
@!!type:obligation
@!!id:556
@!!loc:519:28:519:36
@!!status:to be proved
@!!END

@!!BEGIN
@!!type:obligation
@!!id:557
@!!loc:526:16:526:18
@!!status:to be proved
@!!END

@!!BEGIN
@!!type:obligation
@!!id:558
@!!loc:526:19:526:23
@!!status:to be proved
@!!END

@!!BEGIN
@!!type:obligation
@!!id:559
@!!loc:526:25:526:29
@!!status:to be proved
@!!END

@!!BEGIN
@!!type:obligation
@!!id:560
@!!loc:523:9:523:11
@!!status:to be proved
@!!END

@!!BEGIN
@!!type:obligation
@!!id:561
@!!loc:523:12:523:16
@!!status:to be proved
@!!END

@!!BEGIN
@!!type:obligation
@!!id:562
@!!loc:523:18:523:22
@!!status:to be proved
@!!END

@!!BEGIN
@!!type:obligation
@!!id:563
@!!loc:523:24:523:28
@!!status:to be proved
@!!END

@!!BEGIN
@!!type:obligation
@!!id:564
@!!loc:523:30:523:42
@!!status:to be proved
@!!END

@!!BEGIN
@!!type:obligation
@!!id:565
@!!loc:525:9:525:11
@!!status:to be proved
@!!END

@!!BEGIN
@!!type:obligation
@!!id:566
@!!loc:525:12:525:16
@!!status:to be proved
@!!END

@!!BEGIN
@!!type:obligation
@!!id:567
@!!loc:525:18:525:22
@!!status:to be proved
@!!END

@!!BEGIN
@!!type:obligation
@!!id:568
@!!loc:529:15:529:17
@!!status:to be proved
@!!END

@!!BEGIN
@!!type:obligation
@!!id:569
@!!loc:529:18:529:22
@!!status:to be proved
@!!END

@!!BEGIN
@!!type:obligation
@!!id:570
@!!loc:529:24:529:28
@!!status:to be proved
@!!END

@!!BEGIN
@!!type:obligation
@!!id:571
@!!loc:529:30:529:34
@!!status:to be proved
@!!END

@!!BEGIN
@!!type:obligation
@!!id:572
@!!loc:529:36:529:47
@!!status:to be proved
@!!END

@!!BEGIN
@!!type:obligation
@!!id:573
@!!loc:530:15:530:17
@!!status:to be proved
@!!END

@!!BEGIN
@!!type:obligation
@!!id:574
@!!loc:530:18:530:22
@!!status:to be proved
@!!END

@!!BEGIN
@!!type:obligation
@!!id:575
@!!loc:530:24:530:28
@!!status:to be proved
@!!END

@!!BEGIN
@!!type:obligation
@!!id:576
@!!loc:530:30:530:34
@!!status:to be proved
@!!END

@!!BEGIN
@!!type:obligation
@!!id:577
@!!loc:530:36:530:40
@!!status:to be proved
@!!END

@!!BEGIN
@!!type:obligation
@!!id:578
@!!loc:531:47:531:49
@!!status:to be proved
@!!END

@!!BEGIN
@!!type:obligation
@!!id:579
@!!loc:531:50:531:54
@!!status:to be proved
@!!END

@!!BEGIN
@!!type:obligation
@!!id:580
@!!loc:531:56:531:60
@!!status:to be proved
@!!END

@!!BEGIN
@!!type:obligation
@!!id:581
@!!loc:533:3:533:5
@!!status:to be proved
@!!END

@!!BEGIN
@!!type:obligation
@!!id:582
@!!loc:533:6:533:10
@!!status:to be proved
@!!END

@!!BEGIN
@!!type:obligation
@!!id:583
@!!loc:533:12:533:16
@!!status:to be proved
@!!END

@!!BEGIN
@!!type:obligation
@!!id:584
@!!loc:534:15:534:17
@!!status:to be proved
@!!END

@!!BEGIN
@!!type:obligation
@!!id:585
@!!loc:534:18:534:22
@!!status:to be proved
@!!END

@!!BEGIN
@!!type:obligation
@!!id:586
@!!loc:534:24:534:28
@!!status:to be proved
@!!END

@!!BEGIN
@!!type:obligation
@!!id:587
@!!loc:534:30:534:34
@!!status:to be proved
@!!END

@!!BEGIN
@!!type:obligation
@!!id:588
@!!loc:534:36:534:47
@!!status:to be proved
@!!END

@!!BEGIN
@!!type:obligation
@!!id:589
@!!loc:567:10:567:12
@!!status:to be proved
@!!END

@!!BEGIN
@!!type:obligation
@!!id:590
@!!loc:567:13:567:17
@!!status:to be proved
@!!END

@!!BEGIN
@!!type:obligation
@!!id:591
@!!loc:567:19:567:23
@!!status:to be proved
@!!END

@!!BEGIN
@!!type:obligation
@!!id:592
@!!loc:567:25:567:30
@!!status:to be proved
@!!END

@!!BEGIN
@!!type:obligation
@!!id:593
@!!loc:540:14:540:16
@!!status:to be proved
@!!END

@!!BEGIN
@!!type:obligation
@!!id:594
@!!loc:541:44:541:46
@!!status:to be proved
@!!END

@!!BEGIN
@!!type:obligation
@!!id:595
@!!loc:542:14:542:16
@!!status:to be proved
@!!END

@!!BEGIN
@!!type:obligation
@!!id:596
@!!loc:543:23:543:25
@!!status:to be proved
@!!END

@!!BEGIN
@!!type:obligation
@!!id:597
@!!loc:543:26:543:30
@!!status:to be proved
@!!END

@!!BEGIN
@!!type:obligation
@!!id:598
@!!loc:544:80:544:82
@!!status:to be proved
@!!END

@!!BEGIN
@!!type:obligation
@!!id:599
@!!loc:544:83:544:87
@!!status:to be proved
@!!END

@!!BEGIN
@!!type:obligation
@!!id:600
@!!loc:547:3:547:5
@!!status:to be proved
@!!END

@!!BEGIN
@!!type:obligation
@!!id:602
@!!loc:551:3:551:5
@!!status:to be proved
@!!END

@!!BEGIN
@!!type:obligation
@!!id:603
@!!loc:553:3:553:5
@!!status:to be proved
@!!END

@!!BEGIN
@!!type:obligation
@!!id:604
@!!loc:554:33:554:35
@!!status:to be proved
@!!END

@!!BEGIN
@!!type:obligation
@!!id:605
@!!loc:554:36:554:40
@!!status:to be proved
@!!END

@!!BEGIN
@!!type:obligation
@!!id:606
@!!loc:554:42:554:46
@!!status:to be proved
@!!END

@!!BEGIN
@!!type:obligation
@!!id:607
@!!loc:554:48:554:52
@!!status:to be proved
@!!END

@!!BEGIN
@!!type:obligation
@!!id:608
@!!loc:554:54:554:66
@!!status:to be proved
@!!END

@!!BEGIN
@!!type:obligation
@!!id:609
@!!loc:556:3:556:5
@!!status:to be proved
@!!END

@!!BEGIN
@!!type:obligation
@!!id:610
@!!loc:556:6:556:10
@!!status:to be proved
@!!END

@!!BEGIN
@!!type:obligation
@!!id:611
@!!loc:556:12:556:16
@!!status:to be proved
@!!END

@!!BEGIN
@!!type:obligation
@!!id:612
@!!loc:556:18:556:22
@!!status:to be proved
@!!END

@!!BEGIN
@!!type:obligation
@!!id:613
@!!loc:556:24:556:32
@!!status:to be proved
@!!END

@!!BEGIN
@!!type:obligation
@!!id:614
@!!loc:557:15:557:17
@!!status:to be proved
@!!END

@!!BEGIN
@!!type:obligation
@!!id:615
@!!loc:557:18:557:22
@!!status:to be proved
@!!END

@!!BEGIN
@!!type:obligation
@!!id:616
@!!loc:557:24:557:28
@!!status:to be proved
@!!END

@!!BEGIN
@!!type:obligation
@!!id:617
@!!loc:557:30:557:34
@!!status:to be proved
@!!END

@!!BEGIN
@!!type:obligation
@!!id:618
@!!loc:557:36:557:40
@!!status:to be proved
@!!END

@!!BEGIN
@!!type:obligation
@!!id:619
@!!loc:557:42:557:53
@!!status:to be proved
@!!END

@!!BEGIN
@!!type:obligation
@!!id:620
@!!loc:558:15:558:17
@!!status:to be proved
@!!END

@!!BEGIN
@!!type:obligation
@!!id:621
@!!loc:558:18:558:22
@!!status:to be proved
@!!END

@!!BEGIN
@!!type:obligation
@!!id:622
@!!loc:558:24:558:28
@!!status:to be proved
@!!END

@!!BEGIN
@!!type:obligation
@!!id:623
@!!loc:558:30:558:34
@!!status:to be proved
@!!END

@!!BEGIN
@!!type:obligation
@!!id:624
@!!loc:558:36:558:40
@!!status:to be proved
@!!END

@!!BEGIN
@!!type:obligation
@!!id:625
@!!loc:558:42:558:46
@!!status:to be proved
@!!END

@!!BEGIN
@!!type:obligation
@!!id:626
@!!loc:558:48:558:52
@!!status:to be proved
@!!END

@!!BEGIN
@!!type:obligation
@!!id:627
@!!loc:559:47:559:49
@!!status:to be proved
@!!END

@!!BEGIN
@!!type:obligation
@!!id:628
@!!loc:559:50:559:54
@!!status:to be proved
@!!END

@!!BEGIN
@!!type:obligation
@!!id:629
@!!loc:559:56:559:60
@!!status:to be proved
@!!END

@!!BEGIN
@!!type:obligation
@!!id:630
@!!loc:559:62:559:66
@!!status:to be proved
@!!END

@!!BEGIN
@!!type:obligation
@!!id:631
@!!loc:559:68:559:72
@!!status:to be proved
@!!END

@!!BEGIN
@!!type:obligation
@!!id:632
@!!loc:559:74:559:78
@!!status:to be proved
@!!END

@!!BEGIN
@!!type:obligation
@!!id:633
@!!loc:561:3:561:5
@!!status:to be proved
@!!END

@!!BEGIN
@!!type:obligation
@!!id:634
@!!loc:561:6:561:10
@!!status:to be proved
@!!END

@!!BEGIN
@!!type:obligation
@!!id:635
@!!loc:561:12:561:16
@!!status:to be proved
@!!END

@!!BEGIN
@!!type:obligation
@!!id:636
@!!loc:561:18:561:22
@!!status:to be proved
@!!END

@!!BEGIN
@!!type:obligation
@!!id:637
@!!loc:561:24:561:28
@!!status:to be proved
@!!END

@!!BEGIN
@!!type:obligation
@!!id:638
@!!loc:561:30:561:42
@!!status:to be proved
@!!END

@!!BEGIN
@!!type:obligation
@!!id:639
@!!loc:563:3:563:5
@!!status:to be proved
@!!END

@!!BEGIN
@!!type:obligation
@!!id:640
@!!loc:563:6:563:10
@!!status:to be proved
@!!END

@!!BEGIN
@!!type:obligation
@!!id:641
@!!loc:563:12:563:16
@!!status:to be proved
@!!END

@!!BEGIN
@!!type:obligation
@!!id:642
@!!loc:563:18:563:22
@!!status:to be proved
@!!END

@!!BEGIN
@!!type:obligation
@!!id:643
@!!loc:563:24:563:28
@!!status:to be proved
@!!END

@!!BEGIN
@!!type:obligation
@!!id:644
@!!loc:563:30:563:34
@!!status:to be proved
@!!END

@!!BEGIN
@!!type:obligation
@!!id:645
@!!loc:563:36:563:48
@!!status:to be proved
@!!END

@!!BEGIN
@!!type:obligation
@!!id:646
@!!loc:565:3:565:5
@!!status:to be proved
@!!END

@!!BEGIN
@!!type:obligation
@!!id:647
@!!loc:565:6:565:10
@!!status:to be proved
@!!END

@!!BEGIN
@!!type:obligation
@!!id:648
@!!loc:565:12:565:16
@!!status:to be proved
@!!END

@!!BEGIN
@!!type:obligation
@!!id:649
@!!loc:565:18:565:22
@!!status:to be proved
@!!END

@!!BEGIN
@!!type:obligation
@!!id:650
@!!loc:566:16:566:18
@!!status:to be proved
@!!END

@!!BEGIN
@!!type:obligation
@!!id:651
@!!loc:566:19:566:23
@!!status:to be proved
@!!END

@!!BEGIN
@!!type:obligation
@!!id:652
@!!loc:566:25:566:29
@!!status:to be proved
@!!END

@!!BEGIN
@!!type:obligation
@!!id:653
@!!loc:566:31:566:35
@!!status:to be proved
@!!END

@!!BEGIN
@!!type:obligation
@!!id:654
@!!loc:566:37:566:42
@!!status:to be proved
@!!END

@!!BEGIN
@!!type:obligation
@!!id:655
@!!loc:566:44:566:49
@!!status:to be proved
@!!END

@!!BEGIN
@!!type:obligation
@!!id:656
@!!loc:566:51:566:62
@!!status:to be proved
@!!END

@!!BEGIN
@!!type:obligation
@!!id:657
@!!loc:596:10:596:12
@!!status:to be proved
@!!END

@!!BEGIN
@!!type:obligation
@!!id:658
@!!loc:596:13:596:17
@!!status:to be proved
@!!END

@!!BEGIN
@!!type:obligation
@!!id:659
@!!loc:596:19:596:23
@!!status:to be proved
@!!END

@!!BEGIN
@!!type:obligation
@!!id:660
@!!loc:596:25:596:30
@!!status:to be proved
@!!END

@!!BEGIN
@!!type:obligation
@!!id:661
@!!loc:572:14:572:16
@!!status:to be proved
@!!END

@!!BEGIN
@!!type:obligation
@!!id:662
@!!loc:573:44:573:46
@!!status:to be proved
@!!END

@!!BEGIN
@!!type:obligation
@!!id:663
@!!loc:574:14:574:16
@!!status:to be proved
@!!END

@!!BEGIN
@!!type:obligation
@!!id:664
@!!loc:575:23:575:25
@!!status:to be proved
@!!END

@!!BEGIN
@!!type:obligation
@!!id:665
@!!loc:575:26:575:30
@!!status:to be proved
@!!END

@!!BEGIN
@!!type:obligation
@!!id:666
@!!loc:576:80:576:82
@!!status:to be proved
@!!END

@!!BEGIN
@!!type:obligation
@!!id:667
@!!loc:576:83:576:87
@!!status:to be proved
@!!END

@!!BEGIN
@!!type:obligation
@!!id:668
@!!loc:581:3:581:5
@!!status:to be proved
@!!END

@!!BEGIN
@!!type:obligation
@!!id:669
@!!loc:582:12:582:19
@!!status:to be proved
@!!END

@!!BEGIN
@!!type:obligation
@!!id:670
@!!loc:583:27:583:29
@!!status:to be proved
@!!END

@!!BEGIN
@!!type:obligation
@!!id:671
@!!loc:583:30:583:34
@!!status:to be proved
@!!END

@!!BEGIN
@!!type:obligation
@!!id:672
@!!loc:583:36:583:40
@!!status:to be proved
@!!END

@!!BEGIN
@!!type:obligation
@!!id:673
@!!loc:583:42:583:54
@!!status:to be proved
@!!END

@!!BEGIN
@!!type:obligation
@!!id:674
@!!loc:585:3:585:5
@!!status:to be proved
@!!END

@!!BEGIN
@!!type:obligation
@!!id:675
@!!loc:585:6:585:10
@!!status:to be proved
@!!END

@!!BEGIN
@!!type:obligation
@!!id:676
@!!loc:585:12:585:16
@!!status:to be proved
@!!END

@!!BEGIN
@!!type:obligation
@!!id:677
@!!loc:585:18:585:22
@!!status:to be proved
@!!END

@!!BEGIN
@!!type:obligation
@!!id:678
@!!loc:585:24:585:32
@!!status:to be proved
@!!END

@!!BEGIN
@!!type:obligation
@!!id:679
@!!loc:586:15:586:17
@!!status:to be proved
@!!END

@!!BEGIN
@!!type:obligation
@!!id:680
@!!loc:586:18:586:22
@!!status:to be proved
@!!END

@!!BEGIN
@!!type:obligation
@!!id:681
@!!loc:586:24:586:28
@!!status:to be proved
@!!END

@!!BEGIN
@!!type:obligation
@!!id:682
@!!loc:586:30:586:34
@!!status:to be proved
@!!END

@!!BEGIN
@!!type:obligation
@!!id:683
@!!loc:586:36:586:40
@!!status:to be proved
@!!END

@!!BEGIN
@!!type:obligation
@!!id:684
@!!loc:586:42:586:53
@!!status:to be proved
@!!END

@!!BEGIN
@!!type:obligation
@!!id:685
@!!loc:587:15:587:17
@!!status:to be proved
@!!END

@!!BEGIN
@!!type:obligation
@!!id:686
@!!loc:587:18:587:22
@!!status:to be proved
@!!END

@!!BEGIN
@!!type:obligation
@!!id:687
@!!loc:587:24:587:28
@!!status:to be proved
@!!END

@!!BEGIN
@!!type:obligation
@!!id:688
@!!loc:587:30:587:34
@!!status:to be proved
@!!END

@!!BEGIN
@!!type:obligation
@!!id:689
@!!loc:587:36:587:40
@!!status:to be proved
@!!END

@!!BEGIN
@!!type:obligation
@!!id:690
@!!loc:587:42:587:46
@!!status:to be proved
@!!END

@!!BEGIN
@!!type:obligation
@!!id:691
@!!loc:588:47:588:49
@!!status:to be proved
@!!END

@!!BEGIN
@!!type:obligation
@!!id:692
@!!loc:588:50:588:54
@!!status:to be proved
@!!END

@!!BEGIN
@!!type:obligation
@!!id:693
@!!loc:588:56:588:60
@!!status:to be proved
@!!END

@!!BEGIN
@!!type:obligation
@!!id:694
@!!loc:588:62:588:66
@!!status:to be proved
@!!END

@!!BEGIN
@!!type:obligation
@!!id:695
@!!loc:588:68:588:72
@!!status:to be proved
@!!END

@!!BEGIN
@!!type:obligation
@!!id:696
@!!loc:590:3:590:5
@!!status:to be proved
@!!END

@!!BEGIN
@!!type:obligation
@!!id:697
@!!loc:590:6:590:10
@!!status:to be proved
@!!END

@!!BEGIN
@!!type:obligation
@!!id:698
@!!loc:590:12:590:16
@!!status:to be proved
@!!END

@!!BEGIN
@!!type:obligation
@!!id:699
@!!loc:590:18:590:22
@!!status:to be proved
@!!END

@!!BEGIN
@!!type:obligation
@!!id:700
@!!loc:590:24:590:28
@!!status:to be proved
@!!END

@!!BEGIN
@!!type:obligation
@!!id:701
@!!loc:590:30:590:42
@!!status:to be proved
@!!END

@!!BEGIN
@!!type:obligation
@!!id:702
@!!loc:592:3:592:5
@!!status:to be proved
@!!END

@!!BEGIN
@!!type:obligation
@!!id:703
@!!loc:592:6:592:10
@!!status:to be proved
@!!END

@!!BEGIN
@!!type:obligation
@!!id:704
@!!loc:592:12:592:16
@!!status:to be proved
@!!END

@!!BEGIN
@!!type:obligation
@!!id:705
@!!loc:592:18:592:22
@!!status:to be proved
@!!END

@!!BEGIN
@!!type:obligation
@!!id:706
@!!loc:592:24:592:28
@!!status:to be proved
@!!END

@!!BEGIN
@!!type:obligation
@!!id:707
@!!loc:592:30:592:42
@!!status:to be proved
@!!END

@!!BEGIN
@!!type:obligation
@!!id:708
@!!loc:594:3:594:5
@!!status:to be proved
@!!END

@!!BEGIN
@!!type:obligation
@!!id:709
@!!loc:594:6:594:10
@!!status:to be proved
@!!END

@!!BEGIN
@!!type:obligation
@!!id:710
@!!loc:594:12:594:16
@!!status:to be proved
@!!END

@!!BEGIN
@!!type:obligation
@!!id:711
@!!loc:594:18:594:22
@!!status:to be proved
@!!END

@!!BEGIN
@!!type:obligation
@!!id:712
@!!loc:595:16:595:18
@!!status:to be proved
@!!END

@!!BEGIN
@!!type:obligation
@!!id:713
@!!loc:595:19:595:23
@!!status:to be proved
@!!END

@!!BEGIN
@!!type:obligation
@!!id:714
@!!loc:595:25:595:29
@!!status:to be proved
@!!END

@!!BEGIN
@!!type:obligation
@!!id:715
@!!loc:595:31:595:35
@!!status:to be proved
@!!END

@!!BEGIN
@!!type:obligation
@!!id:716
@!!loc:595:37:595:41
@!!status:to be proved
@!!END

@!!BEGIN
@!!type:obligation
@!!id:717
@!!loc:595:43:595:48
@!!status:to be proved
@!!END

@!!BEGIN
@!!type:obligation
@!!id:718
@!!loc:595:50:595:61
@!!status:to be proved
@!!END

@!!BEGIN
@!!type:obligation
@!!id:719
@!!loc:669:10:669:12
@!!status:to be proved
@!!END

@!!BEGIN
@!!type:obligation
@!!id:720
@!!loc:669:13:669:17
@!!status:to be proved
@!!END

@!!BEGIN
@!!type:obligation
@!!id:721
@!!loc:669:19:669:23
@!!status:to be proved
@!!END

@!!BEGIN
@!!type:obligation
@!!id:722
@!!loc:601:14:601:16
@!!status:to be proved
@!!END

@!!BEGIN
@!!type:obligation
@!!id:723
@!!loc:602:44:602:46
@!!status:to be proved
@!!END

@!!BEGIN
@!!type:obligation
@!!id:724
@!!loc:603:14:603:16
@!!status:to be proved
@!!END

@!!BEGIN
@!!type:obligation
@!!id:725
@!!loc:605:23:605:25
@!!status:to be proved
@!!END

@!!BEGIN
@!!type:obligation
@!!id:726
@!!loc:605:26:605:30
@!!status:to be proved
@!!END

@!!BEGIN
@!!type:obligation
@!!id:727
@!!loc:609:3:609:5
@!!status:to be proved
@!!END

@!!BEGIN
@!!type:obligation
@!!id:728
@!!loc:610:37:610:39
@!!status:to be proved
@!!END

@!!BEGIN
@!!type:obligation
@!!id:729
@!!loc:610:40:610:44
@!!status:to be proved
@!!END

@!!BEGIN
@!!type:obligation
@!!id:730
@!!loc:610:46:610:50
@!!status:to be proved
@!!END

@!!BEGIN
@!!type:obligation
@!!id:731
@!!loc:610:52:610:56
@!!status:to be proved
@!!END

@!!BEGIN
@!!type:obligation
@!!id:732
@!!loc:628:12:628:14
@!!status:to be proved
@!!END

@!!BEGIN
@!!type:obligation
@!!id:733
@!!loc:628:15:628:19
@!!status:to be proved
@!!END

@!!BEGIN
@!!type:obligation
@!!id:734
@!!loc:628:21:628:25
@!!status:to be proved
@!!END

@!!BEGIN
@!!type:obligation
@!!id:735
@!!loc:628:27:628:31
@!!status:to be proved
@!!END

@!!BEGIN
@!!type:obligation
@!!id:736
@!!loc:615:5:615:7
@!!status:to be proved
@!!END

@!!BEGIN
@!!type:obligation
@!!id:737
@!!loc:615:8:615:12
@!!status:to be proved
@!!END

@!!BEGIN
@!!type:obligation
@!!id:738
@!!loc:616:34:616:36
@!!status:to be proved
@!!END

@!!BEGIN
@!!type:obligation
@!!id:739
@!!loc:616:37:616:41
@!!status:to be proved
@!!END

@!!BEGIN
@!!type:obligation
@!!id:740
@!!loc:616:43:616:55
@!!status:to be proved
@!!END

@!!BEGIN
@!!type:obligation
@!!id:741
@!!loc:618:5:618:7
@!!status:to be proved
@!!END

@!!BEGIN
@!!type:obligation
@!!id:742
@!!loc:618:8:618:12
@!!status:to be proved
@!!END

@!!BEGIN
@!!type:obligation
@!!id:743
@!!loc:618:14:618:18
@!!status:to be proved
@!!END

@!!BEGIN
@!!type:obligation
@!!id:744
@!!loc:618:20:618:24
@!!status:to be proved
@!!END

@!!BEGIN
@!!type:obligation
@!!id:745
@!!loc:618:26:618:34
@!!status:to be proved
@!!END

@!!BEGIN
@!!type:obligation
@!!id:746
@!!loc:619:17:619:19
@!!status:to be proved
@!!END

@!!BEGIN
@!!type:obligation
@!!id:747
@!!loc:619:20:619:24
@!!status:to be proved
@!!END

@!!BEGIN
@!!type:obligation
@!!id:748
@!!loc:619:26:619:30
@!!status:to be proved
@!!END

@!!BEGIN
@!!type:obligation
@!!id:749
@!!loc:619:32:619:36
@!!status:to be proved
@!!END

@!!BEGIN
@!!type:obligation
@!!id:750
@!!loc:619:38:619:42
@!!status:to be proved
@!!END

@!!BEGIN
@!!type:obligation
@!!id:751
@!!loc:619:44:619:55
@!!status:to be proved
@!!END

@!!BEGIN
@!!type:obligation
@!!id:752
@!!loc:620:17:620:19
@!!status:to be proved
@!!END

@!!BEGIN
@!!type:obligation
@!!id:753
@!!loc:620:20:620:24
@!!status:to be proved
@!!END

@!!BEGIN
@!!type:obligation
@!!id:754
@!!loc:620:26:620:30
@!!status:to be proved
@!!END

@!!BEGIN
@!!type:obligation
@!!id:755
@!!loc:620:32:620:36
@!!status:to be proved
@!!END

@!!BEGIN
@!!type:obligation
@!!id:756
@!!loc:620:38:620:42
@!!status:to be proved
@!!END

@!!BEGIN
@!!type:obligation
@!!id:757
@!!loc:620:44:620:48
@!!status:to be proved
@!!END

@!!BEGIN
@!!type:obligation
@!!id:758
@!!loc:620:50:620:54
@!!status:to be proved
@!!END

@!!BEGIN
@!!type:obligation
@!!id:759
@!!loc:621:49:621:51
@!!status:to be proved
@!!END

@!!BEGIN
@!!type:obligation
@!!id:760
@!!loc:621:52:621:56
@!!status:to be proved
@!!END

@!!BEGIN
@!!type:obligation
@!!id:761
@!!loc:621:58:621:62
@!!status:to be proved
@!!END

@!!BEGIN
@!!type:obligation
@!!id:762
@!!loc:621:64:621:68
@!!status:to be proved
@!!END

@!!BEGIN
@!!type:obligation
@!!id:763
@!!loc:621:70:621:74
@!!status:to be proved
@!!END

@!!BEGIN
@!!type:obligation
@!!id:764
@!!loc:624:5:624:7
@!!status:to be proved
@!!END

@!!BEGIN
@!!type:obligation
@!!id:765
@!!loc:624:8:624:12
@!!status:to be proved
@!!END

@!!BEGIN
@!!type:obligation
@!!id:766
@!!loc:624:14:624:18
@!!status:to be proved
@!!END

@!!BEGIN
@!!type:obligation
@!!id:767
@!!loc:626:5:626:7
@!!status:to be proved
@!!END

@!!BEGIN
@!!type:obligation
@!!id:768
@!!loc:626:8:626:12
@!!status:to be proved
@!!END

@!!BEGIN
@!!type:obligation
@!!id:769
@!!loc:626:14:626:18
@!!status:to be proved
@!!END

@!!BEGIN
@!!type:obligation
@!!id:770
@!!loc:626:20:626:24
@!!status:to be proved
@!!END

@!!BEGIN
@!!type:obligation
@!!id:771
@!!loc:627:17:627:19
@!!status:to be proved
@!!END

@!!BEGIN
@!!type:obligation
@!!id:772
@!!loc:627:20:627:24
@!!status:to be proved
@!!END

@!!BEGIN
@!!type:obligation
@!!id:773
@!!loc:627:26:627:30
@!!status:to be proved
@!!END

@!!BEGIN
@!!type:obligation
@!!id:774
@!!loc:627:32:627:36
@!!status:to be proved
@!!END

@!!BEGIN
@!!type:obligation
@!!id:775
@!!loc:627:38:627:43
@!!status:to be proved
@!!END

@!!BEGIN
@!!type:obligation
@!!id:776
@!!loc:627:45:627:56
@!!status:to be proved
@!!END

@!!BEGIN
@!!type:obligation
@!!id:777
@!!loc:668:12:668:14
@!!status:to be proved
@!!END

@!!BEGIN
@!!type:obligation
@!!id:778
@!!loc:668:15:668:20
@!!status:to be proved
@!!END

@!!BEGIN
@!!type:obligation
@!!id:779
@!!loc:668:22:668:27
@!!status:to be proved
@!!END

@!!BEGIN
@!!type:obligation
@!!id:780
@!!loc:668:29:668:34
@!!status:to be proved
@!!END

@!!BEGIN
@!!type:obligation
@!!id:781
@!!loc:637:5:637:7
@!!status:to be proved
@!!END

@!!BEGIN
@!!type:obligation
@!!id:782
@!!loc:637:8:637:12
@!!status:to be proved
@!!END

@!!BEGIN
@!!type:obligation
@!!id:783
@!!loc:638:23:638:25
@!!status:to be proved
@!!END

@!!BEGIN
@!!type:obligation
@!!id:784
@!!loc:638:26:638:30
@!!status:to be proved
@!!END

@!!BEGIN
@!!type:obligation
@!!id:785
@!!loc:638:32:638:36
@!!status:to be proved
@!!END

@!!BEGIN
@!!type:obligation
@!!id:786
@!!loc:638:38:638:48
@!!status:to be proved
@!!END

@!!BEGIN
@!!type:obligation
@!!id:787
@!!loc:639:37:639:39
@!!status:to be proved
@!!END

@!!BEGIN
@!!type:obligation
@!!id:788
@!!loc:639:40:639:44
@!!status:to be proved
@!!END

@!!BEGIN
@!!type:obligation
@!!id:789
@!!loc:639:46:639:50
@!!status:to be proved
@!!END

@!!BEGIN
@!!type:obligation
@!!id:790
@!!loc:644:14:644:16
@!!status:to be proved
@!!END

@!!BEGIN
@!!type:obligation
@!!id:791
@!!loc:644:17:644:21
@!!status:to be proved
@!!END

@!!BEGIN
@!!type:obligation
@!!id:792
@!!loc:644:23:644:27
@!!status:to be proved
@!!END

@!!BEGIN
@!!type:obligation
@!!id:793
@!!loc:644:29:644:41
@!!status:to be proved
@!!END

@!!BEGIN
@!!type:obligation
@!!id:794
@!!loc:644:43:644:52
@!!status:to be proved
@!!END

@!!BEGIN
@!!type:obligation
@!!id:795
@!!loc:643:7:643:9
@!!status:to be proved
@!!END

@!!BEGIN
@!!type:obligation
@!!id:796
@!!loc:643:10:643:14
@!!status:to be proved
@!!END

@!!BEGIN
@!!type:obligation
@!!id:797
@!!loc:643:16:643:20
@!!status:to be proved
@!!END

@!!BEGIN
@!!type:obligation
@!!id:798
@!!loc:643:22:643:34
@!!status:to be proved
@!!END

@!!BEGIN
@!!type:obligation
@!!id:799
@!!loc:645:41:645:43
@!!status:to be proved
@!!END

@!!BEGIN
@!!type:obligation
@!!id:800
@!!loc:645:44:645:48
@!!status:to be proved
@!!END

@!!BEGIN
@!!type:obligation
@!!id:801
@!!loc:645:50:645:54
@!!status:to be proved
@!!END

@!!BEGIN
@!!type:obligation
@!!id:802
@!!loc:645:56:645:68
@!!status:to be proved
@!!END

@!!BEGIN
@!!type:obligation
@!!id:803
@!!loc:647:5:647:7
@!!status:to be proved
@!!END

@!!BEGIN
@!!type:obligation
@!!id:804
@!!loc:647:8:647:12
@!!status:to be proved
@!!END

@!!BEGIN
@!!type:obligation
@!!id:805
@!!loc:647:14:647:18
@!!status:to be proved
@!!END

@!!BEGIN
@!!type:obligation
@!!id:806
@!!loc:647:20:647:24
@!!status:to be proved
@!!END

@!!BEGIN
@!!type:obligation
@!!id:807
@!!loc:647:26:647:34
@!!status:to be proved
@!!END

@!!BEGIN
@!!type:obligation
@!!id:808
@!!loc:649:5:649:7
@!!status:to be proved
@!!END

@!!BEGIN
@!!type:obligation
@!!id:809
@!!loc:649:8:649:12
@!!status:to be proved
@!!END

@!!BEGIN
@!!type:obligation
@!!id:810
@!!loc:649:14:649:18
@!!status:to be proved
@!!END

@!!BEGIN
@!!type:obligation
@!!id:811
@!!loc:649:20:649:24
@!!status:to be proved
@!!END

@!!BEGIN
@!!type:obligation
@!!id:812
@!!loc:649:26:649:30
@!!status:to be proved
@!!END

@!!BEGIN
@!!type:obligation
@!!id:813
@!!loc:649:32:649:36
@!!status:to be proved
@!!END

@!!BEGIN
@!!type:obligation
@!!id:814
@!!loc:649:38:649:42
@!!status:to be proved
@!!END

@!!BEGIN
@!!type:obligation
@!!id:815
@!!loc:650:42:650:44
@!!status:to be proved
@!!END

@!!BEGIN
@!!type:obligation
@!!id:816
@!!loc:650:45:650:49
@!!status:to be proved
@!!END

@!!BEGIN
@!!type:obligation
@!!id:817
@!!loc:650:51:650:55
@!!status:to be proved
@!!END

@!!BEGIN
@!!type:obligation
@!!id:818
@!!loc:651:17:651:19
@!!status:to be proved
@!!END

@!!BEGIN
@!!type:obligation
@!!id:819
@!!loc:651:20:651:24
@!!status:to be proved
@!!END

@!!BEGIN
@!!type:obligation
@!!id:820
@!!loc:651:26:651:30
@!!status:to be proved
@!!END

@!!BEGIN
@!!type:obligation
@!!id:821
@!!loc:651:32:651:36
@!!status:to be proved
@!!END

@!!BEGIN
@!!type:obligation
@!!id:822
@!!loc:651:38:651:42
@!!status:to be proved
@!!END

@!!BEGIN
@!!type:obligation
@!!id:823
@!!loc:651:44:651:55
@!!status:to be proved
@!!END

@!!BEGIN
@!!type:obligation
@!!id:824
@!!loc:652:18:652:20
@!!status:to be proved
@!!END

@!!BEGIN
@!!type:obligation
@!!id:825
@!!loc:652:21:652:25
@!!status:to be proved
@!!END

@!!BEGIN
@!!type:obligation
@!!id:826
@!!loc:652:27:652:31
@!!status:to be proved
@!!END

@!!BEGIN
@!!type:obligation
@!!id:827
@!!loc:652:33:652:37
@!!status:to be proved
@!!END

@!!BEGIN
@!!type:obligation
@!!id:828
@!!loc:652:39:652:43
@!!status:to be proved
@!!END

@!!BEGIN
@!!type:obligation
@!!id:829
@!!loc:652:45:652:49
@!!status:to be proved
@!!END

@!!BEGIN
@!!type:obligation
@!!id:830
@!!loc:652:51:652:55
@!!status:to be proved
@!!END

@!!BEGIN
@!!type:obligation
@!!id:831
@!!loc:652:57:652:61
@!!status:to be proved
@!!END

@!!BEGIN
@!!type:obligation
@!!id:832
@!!loc:652:63:652:67
@!!status:to be proved
@!!END

@!!BEGIN
@!!type:obligation
@!!id:833
@!!loc:653:50:653:52
@!!status:to be proved
@!!END

@!!BEGIN
@!!type:obligation
@!!id:834
@!!loc:653:53:653:57
@!!status:to be proved
@!!END

@!!BEGIN
@!!type:obligation
@!!id:835
@!!loc:653:59:653:63
@!!status:to be proved
@!!END

@!!BEGIN
@!!type:obligation
@!!id:836
@!!loc:653:65:653:69
@!!status:to be proved
@!!END

@!!BEGIN
@!!type:obligation
@!!id:837
@!!loc:653:71:653:75
@!!status:to be proved
@!!END

@!!BEGIN
@!!type:obligation
@!!id:838
@!!loc:653:77:653:81
@!!status:to be proved
@!!END

@!!BEGIN
@!!type:obligation
@!!id:839
@!!loc:653:83:653:87
@!!status:to be proved
@!!END

@!!BEGIN
@!!type:obligation
@!!id:840
@!!loc:664:14:664:16
@!!status:to be proved
@!!END

@!!BEGIN
@!!type:obligation
@!!id:841
@!!loc:664:17:664:21
@!!status:to be proved
@!!END

@!!BEGIN
@!!type:obligation
@!!id:842
@!!loc:664:23:664:27
@!!status:to be proved
@!!END

@!!BEGIN
@!!type:obligation
@!!id:843
@!!loc:664:29:664:33
@!!status:to be proved
@!!END

@!!BEGIN
@!!type:obligation
@!!id:844
@!!loc:657:7:657:9
@!!status:to be proved
@!!END

@!!BEGIN
@!!type:obligation
@!!id:845
@!!loc:657:10:657:14
@!!status:to be proved
@!!END

@!!BEGIN
@!!type:obligation
@!!id:846
@!!loc:657:16:657:20
@!!status:to be proved
@!!END

@!!BEGIN
@!!type:obligation
@!!id:847
@!!loc:657:22:657:26
@!!status:to be proved
@!!END

@!!BEGIN
@!!type:obligation
@!!id:848
@!!loc:657:28:657:32
@!!status:to be proved
@!!END

@!!BEGIN
@!!type:obligation
@!!id:849
@!!loc:657:34:657:46
@!!status:to be proved
@!!END

@!!BEGIN
@!!type:obligation
@!!id:850
@!!loc:659:7:659:9
@!!status:to be proved
@!!END

@!!BEGIN
@!!type:obligation
@!!id:851
@!!loc:659:10:659:14
@!!status:to be proved
@!!END

@!!BEGIN
@!!type:obligation
@!!id:852
@!!loc:659:16:659:20
@!!status:to be proved
@!!END

@!!BEGIN
@!!type:obligation
@!!id:853
@!!loc:659:22:659:26
@!!status:to be proved
@!!END

@!!BEGIN
@!!type:obligation
@!!id:854
@!!loc:659:28:659:32
@!!status:to be proved
@!!END

@!!BEGIN
@!!type:obligation
@!!id:855
@!!loc:659:34:659:46
@!!status:to be proved
@!!END

@!!BEGIN
@!!type:obligation
@!!id:856
@!!loc:663:7:663:9
@!!status:to be proved
@!!END

@!!BEGIN
@!!type:obligation
@!!id:857
@!!loc:666:5:666:7
@!!status:to be proved
@!!END

@!!BEGIN
@!!type:obligation
@!!id:858
@!!loc:666:8:666:12
@!!status:to be proved
@!!END

@!!BEGIN
@!!type:obligation
@!!id:859
@!!loc:666:14:666:18
@!!status:to be proved
@!!END

@!!BEGIN
@!!type:obligation
@!!id:860
@!!loc:666:20:666:24
@!!status:to be proved
@!!END

@!!BEGIN
@!!type:obligation
@!!id:861
@!!loc:667:18:667:20
@!!status:to be proved
@!!END

@!!BEGIN
@!!type:obligation
@!!id:862
@!!loc:667:21:667:25
@!!status:to be proved
@!!END

@!!BEGIN
@!!type:obligation
@!!id:863
@!!loc:667:27:667:31
@!!status:to be proved
@!!END

@!!BEGIN
@!!type:obligation
@!!id:864
@!!loc:667:33:667:38
@!!status:to be proved
@!!END

@!!BEGIN
@!!type:obligation
@!!id:865
@!!loc:667:40:667:46
@!!status:to be proved
@!!END

@!!BEGIN
@!!type:obligation
@!!id:866
@!!loc:667:48:667:59
@!!status:to be proved
@!!END

@!!BEGIN
@!!type:obligation
@!!id:867
@!!loc:701:10:701:12
@!!status:to be proved
@!!END

@!!BEGIN
@!!type:obligation
@!!id:868
@!!loc:701:13:701:17
@!!status:to be proved
@!!END

@!!BEGIN
@!!type:obligation
@!!id:869
@!!loc:701:19:701:23
@!!status:to be proved
@!!END

@!!BEGIN
@!!type:obligation
@!!id:870
@!!loc:701:25:701:30
@!!status:to be proved
@!!END

@!!BEGIN
@!!type:obligation
@!!id:871
@!!loc:677:14:677:16
@!!status:to be proved
@!!END

@!!BEGIN
@!!type:obligation
@!!id:872
@!!loc:678:44:678:46
@!!status:to be proved
@!!END

@!!BEGIN
@!!type:obligation
@!!id:873
@!!loc:679:14:679:16
@!!status:to be proved
@!!END

@!!BEGIN
@!!type:obligation
@!!id:874
@!!loc:680:23:680:25
@!!status:to be proved
@!!END

@!!BEGIN
@!!type:obligation
@!!id:875
@!!loc:680:26:680:30
@!!status:to be proved
@!!END

@!!BEGIN
@!!type:obligation
@!!id:876
@!!loc:681:80:681:82
@!!status:to be proved
@!!END

@!!BEGIN
@!!type:obligation
@!!id:877
@!!loc:681:83:681:87
@!!status:to be proved
@!!END

@!!BEGIN
@!!type:obligation
@!!id:878
@!!loc:686:3:686:5
@!!status:to be proved
@!!END

@!!BEGIN
@!!type:obligation
@!!id:879
@!!loc:687:12:687:19
@!!status:to be proved
@!!END

@!!BEGIN
@!!type:obligation
@!!id:880
@!!loc:688:31:688:33
@!!status:to be proved
@!!END

@!!BEGIN
@!!type:obligation
@!!id:881
@!!loc:688:34:688:38
@!!status:to be proved
@!!END

@!!BEGIN
@!!type:obligation
@!!id:882
@!!loc:688:40:688:44
@!!status:to be proved
@!!END

@!!BEGIN
@!!type:obligation
@!!id:883
@!!loc:688:46:688:58
@!!status:to be proved
@!!END

@!!BEGIN
@!!type:obligation
@!!id:884
@!!loc:690:3:690:5
@!!status:to be proved
@!!END

@!!BEGIN
@!!type:obligation
@!!id:885
@!!loc:690:6:690:10
@!!status:to be proved
@!!END

@!!BEGIN
@!!type:obligation
@!!id:886
@!!loc:690:12:690:16
@!!status:to be proved
@!!END

@!!BEGIN
@!!type:obligation
@!!id:887
@!!loc:690:18:690:22
@!!status:to be proved
@!!END

@!!BEGIN
@!!type:obligation
@!!id:888
@!!loc:690:24:690:32
@!!status:to be proved
@!!END

@!!BEGIN
@!!type:obligation
@!!id:889
@!!loc:691:15:691:17
@!!status:to be proved
@!!END

@!!BEGIN
@!!type:obligation
@!!id:890
@!!loc:691:18:691:22
@!!status:to be proved
@!!END

@!!BEGIN
@!!type:obligation
@!!id:891
@!!loc:691:24:691:28
@!!status:to be proved
@!!END

@!!BEGIN
@!!type:obligation
@!!id:892
@!!loc:691:30:691:34
@!!status:to be proved
@!!END

@!!BEGIN
@!!type:obligation
@!!id:893
@!!loc:691:36:691:40
@!!status:to be proved
@!!END

@!!BEGIN
@!!type:obligation
@!!id:894
@!!loc:691:42:691:53
@!!status:to be proved
@!!END

@!!BEGIN
@!!type:obligation
@!!id:895
@!!loc:692:15:692:17
@!!status:to be proved
@!!END

@!!BEGIN
@!!type:obligation
@!!id:896
@!!loc:692:18:692:22
@!!status:to be proved
@!!END

@!!BEGIN
@!!type:obligation
@!!id:897
@!!loc:692:24:692:28
@!!status:to be proved
@!!END

@!!BEGIN
@!!type:obligation
@!!id:898
@!!loc:692:30:692:34
@!!status:to be proved
@!!END

@!!BEGIN
@!!type:obligation
@!!id:899
@!!loc:692:36:692:40
@!!status:to be proved
@!!END

@!!BEGIN
@!!type:obligation
@!!id:900
@!!loc:692:42:692:46
@!!status:to be proved
@!!END

@!!BEGIN
@!!type:obligation
@!!id:901
@!!loc:693:47:693:49
@!!status:to be proved
@!!END

@!!BEGIN
@!!type:obligation
@!!id:902
@!!loc:693:50:693:54
@!!status:to be proved
@!!END

@!!BEGIN
@!!type:obligation
@!!id:903
@!!loc:693:56:693:60
@!!status:to be proved
@!!END

@!!BEGIN
@!!type:obligation
@!!id:904
@!!loc:693:62:693:66
@!!status:to be proved
@!!END

@!!BEGIN
@!!type:obligation
@!!id:905
@!!loc:693:68:693:72
@!!status:to be proved
@!!END

@!!BEGIN
@!!type:obligation
@!!id:906
@!!loc:695:3:695:5
@!!status:to be proved
@!!END

@!!BEGIN
@!!type:obligation
@!!id:907
@!!loc:695:6:695:10
@!!status:to be proved
@!!END

@!!BEGIN
@!!type:obligation
@!!id:908
@!!loc:695:12:695:16
@!!status:to be proved
@!!END

@!!BEGIN
@!!type:obligation
@!!id:909
@!!loc:695:18:695:22
@!!status:to be proved
@!!END

@!!BEGIN
@!!type:obligation
@!!id:910
@!!loc:695:24:695:28
@!!status:to be proved
@!!END

@!!BEGIN
@!!type:obligation
@!!id:911
@!!loc:695:30:695:42
@!!status:to be proved
@!!END

@!!BEGIN
@!!type:obligation
@!!id:912
@!!loc:697:3:697:5
@!!status:to be proved
@!!END

@!!BEGIN
@!!type:obligation
@!!id:913
@!!loc:697:6:697:10
@!!status:to be proved
@!!END

@!!BEGIN
@!!type:obligation
@!!id:914
@!!loc:697:12:697:16
@!!status:to be proved
@!!END

@!!BEGIN
@!!type:obligation
@!!id:915
@!!loc:697:18:697:22
@!!status:to be proved
@!!END

@!!BEGIN
@!!type:obligation
@!!id:916
@!!loc:697:24:697:28
@!!status:to be proved
@!!END

@!!BEGIN
@!!type:obligation
@!!id:917
@!!loc:697:30:697:42
@!!status:to be proved
@!!END

@!!BEGIN
@!!type:obligation
@!!id:918
@!!loc:699:3:699:5
@!!status:to be proved
@!!END

@!!BEGIN
@!!type:obligation
@!!id:919
@!!loc:699:6:699:10
@!!status:to be proved
@!!END

@!!BEGIN
@!!type:obligation
@!!id:920
@!!loc:699:12:699:16
@!!status:to be proved
@!!END

@!!BEGIN
@!!type:obligation
@!!id:921
@!!loc:699:18:699:22
@!!status:to be proved
@!!END

@!!BEGIN
@!!type:obligation
@!!id:922
@!!loc:700:16:700:18
@!!status:to be proved
@!!END

@!!BEGIN
@!!type:obligation
@!!id:923
@!!loc:700:19:700:23
@!!status:to be proved
@!!END

@!!BEGIN
@!!type:obligation
@!!id:924
@!!loc:700:25:700:29
@!!status:to be proved
@!!END

@!!BEGIN
@!!type:obligation
@!!id:925
@!!loc:700:31:700:35
@!!status:to be proved
@!!END

@!!BEGIN
@!!type:obligation
@!!id:926
@!!loc:700:37:700:41
@!!status:to be proved
@!!END

@!!BEGIN
@!!type:obligation
@!!id:927
@!!loc:700:43:700:48
@!!status:to be proved
@!!END

@!!BEGIN
@!!type:obligation
@!!id:928
@!!loc:700:50:700:61
@!!status:to be proved
@!!END

@!!BEGIN
@!!type:obligation
@!!id:929
@!!loc:730:10:730:12
@!!status:to be proved
@!!END

@!!BEGIN
@!!type:obligation
@!!id:930
@!!loc:730:13:730:17
@!!status:to be proved
@!!END

@!!BEGIN
@!!type:obligation
@!!id:931
@!!loc:730:19:730:23
@!!status:to be proved
@!!END

@!!BEGIN
@!!type:obligation
@!!id:932
@!!loc:730:25:730:30
@!!status:to be proved
@!!END

@!!BEGIN
@!!type:obligation
@!!id:933
@!!loc:706:14:706:16
@!!status:to be proved
@!!END

@!!BEGIN
@!!type:obligation
@!!id:934
@!!loc:707:44:707:46
@!!status:to be proved
@!!END

@!!BEGIN
@!!type:obligation
@!!id:935
@!!loc:708:14:708:16
@!!status:to be proved
@!!END

@!!BEGIN
@!!type:obligation
@!!id:936
@!!loc:709:23:709:25
@!!status:to be proved
@!!END

@!!BEGIN
@!!type:obligation
@!!id:937
@!!loc:709:26:709:30
@!!status:to be proved
@!!END

@!!BEGIN
@!!type:obligation
@!!id:938
@!!loc:710:80:710:82
@!!status:to be proved
@!!END

@!!BEGIN
@!!type:obligation
@!!id:939
@!!loc:710:83:710:87
@!!status:to be proved
@!!END

@!!BEGIN
@!!type:obligation
@!!id:940
@!!loc:715:3:715:5
@!!status:to be proved
@!!END

@!!BEGIN
@!!type:obligation
@!!id:941
@!!loc:716:12:716:19
@!!status:to be proved
@!!END

@!!BEGIN
@!!type:obligation
@!!id:942
@!!loc:717:28:717:30
@!!status:to be proved
@!!END

@!!BEGIN
@!!type:obligation
@!!id:943
@!!loc:717:31:717:35
@!!status:to be proved
@!!END

@!!BEGIN
@!!type:obligation
@!!id:944
@!!loc:717:37:717:41
@!!status:to be proved
@!!END

@!!BEGIN
@!!type:obligation
@!!id:945
@!!loc:717:43:717:55
@!!status:to be proved
@!!END

@!!BEGIN
@!!type:obligation
@!!id:946
@!!loc:719:3:719:5
@!!status:to be proved
@!!END

@!!BEGIN
@!!type:obligation
@!!id:947
@!!loc:719:6:719:10
@!!status:to be proved
@!!END

@!!BEGIN
@!!type:obligation
@!!id:948
@!!loc:719:12:719:16
@!!status:to be proved
@!!END

@!!BEGIN
@!!type:obligation
@!!id:949
@!!loc:719:18:719:22
@!!status:to be proved
@!!END

@!!BEGIN
@!!type:obligation
@!!id:950
@!!loc:719:24:719:32
@!!status:to be proved
@!!END

@!!BEGIN
@!!type:obligation
@!!id:951
@!!loc:720:15:720:17
@!!status:to be proved
@!!END

@!!BEGIN
@!!type:obligation
@!!id:952
@!!loc:720:18:720:22
@!!status:to be proved
@!!END

@!!BEGIN
@!!type:obligation
@!!id:953
@!!loc:720:24:720:28
@!!status:to be proved
@!!END

@!!BEGIN
@!!type:obligation
@!!id:954
@!!loc:720:30:720:34
@!!status:to be proved
@!!END

@!!BEGIN
@!!type:obligation
@!!id:955
@!!loc:720:36:720:40
@!!status:to be proved
@!!END

@!!BEGIN
@!!type:obligation
@!!id:956
@!!loc:720:42:720:53
@!!status:to be proved
@!!END

@!!BEGIN
@!!type:obligation
@!!id:957
@!!loc:721:15:721:17
@!!status:to be proved
@!!END

@!!BEGIN
@!!type:obligation
@!!id:958
@!!loc:721:18:721:22
@!!status:to be proved
@!!END

@!!BEGIN
@!!type:obligation
@!!id:959
@!!loc:721:24:721:28
@!!status:to be proved
@!!END

@!!BEGIN
@!!type:obligation
@!!id:960
@!!loc:721:30:721:34
@!!status:to be proved
@!!END

@!!BEGIN
@!!type:obligation
@!!id:961
@!!loc:721:36:721:40
@!!status:to be proved
@!!END

@!!BEGIN
@!!type:obligation
@!!id:962
@!!loc:721:42:721:46
@!!status:to be proved
@!!END

@!!BEGIN
@!!type:obligation
@!!id:963
@!!loc:722:47:722:49
@!!status:to be proved
@!!END

@!!BEGIN
@!!type:obligation
@!!id:964
@!!loc:722:50:722:54
@!!status:to be proved
@!!END

@!!BEGIN
@!!type:obligation
@!!id:965
@!!loc:722:56:722:60
@!!status:to be proved
@!!END

@!!BEGIN
@!!type:obligation
@!!id:966
@!!loc:722:62:722:66
@!!status:to be proved
@!!END

@!!BEGIN
@!!type:obligation
@!!id:967
@!!loc:722:68:722:72
@!!status:to be proved
@!!END

@!!BEGIN
@!!type:obligation
@!!id:968
@!!loc:724:3:724:5
@!!status:to be proved
@!!END

@!!BEGIN
@!!type:obligation
@!!id:969
@!!loc:724:6:724:10
@!!status:to be proved
@!!END

@!!BEGIN
@!!type:obligation
@!!id:970
@!!loc:724:12:724:16
@!!status:to be proved
@!!END

@!!BEGIN
@!!type:obligation
@!!id:971
@!!loc:724:18:724:22
@!!status:to be proved
@!!END

@!!BEGIN
@!!type:obligation
@!!id:972
@!!loc:724:24:724:28
@!!status:to be proved
@!!END

@!!BEGIN
@!!type:obligation
@!!id:973
@!!loc:724:30:724:42
@!!status:to be proved
@!!END

@!!BEGIN
@!!type:obligation
@!!id:974
@!!loc:726:3:726:5
@!!status:to be proved
@!!END

@!!BEGIN
@!!type:obligation
@!!id:975
@!!loc:726:6:726:10
@!!status:to be proved
@!!END

@!!BEGIN
@!!type:obligation
@!!id:976
@!!loc:726:12:726:16
@!!status:to be proved
@!!END

@!!BEGIN
@!!type:obligation
@!!id:977
@!!loc:726:18:726:22
@!!status:to be proved
@!!END

@!!BEGIN
@!!type:obligation
@!!id:978
@!!loc:726:24:726:28
@!!status:to be proved
@!!END

@!!BEGIN
@!!type:obligation
@!!id:979
@!!loc:726:30:726:42
@!!status:to be proved
@!!END

@!!BEGIN
@!!type:obligation
@!!id:980
@!!loc:728:3:728:5
@!!status:to be proved
@!!END

@!!BEGIN
@!!type:obligation
@!!id:981
@!!loc:728:6:728:10
@!!status:to be proved
@!!END

@!!BEGIN
@!!type:obligation
@!!id:982
@!!loc:728:12:728:16
@!!status:to be proved
@!!END

@!!BEGIN
@!!type:obligation
@!!id:983
@!!loc:728:18:728:22
@!!status:to be proved
@!!END

@!!BEGIN
@!!type:obligation
@!!id:984
@!!loc:729:16:729:18
@!!status:to be proved
@!!END

@!!BEGIN
@!!type:obligation
@!!id:985
@!!loc:729:19:729:23
@!!status:to be proved
@!!END

@!!BEGIN
@!!type:obligation
@!!id:986
@!!loc:729:25:729:29
@!!status:to be proved
@!!END

@!!BEGIN
@!!type:obligation
@!!id:987
@!!loc:729:31:729:35
@!!status:to be proved
@!!END

@!!BEGIN
@!!type:obligation
@!!id:988
@!!loc:729:37:729:41
@!!status:to be proved
@!!END

@!!BEGIN
@!!type:obligation
@!!id:989
@!!loc:729:43:729:48
@!!status:to be proved
@!!END

@!!BEGIN
@!!type:obligation
@!!id:990
@!!loc:729:50:729:61
@!!status:to be proved
@!!END

@!!BEGIN
@!!type:obligation
@!!id:991
@!!loc:758:10:758:12
@!!status:to be proved
@!!END

@!!BEGIN
@!!type:obligation
@!!id:992
@!!loc:758:13:758:17
@!!status:to be proved
@!!END

@!!BEGIN
@!!type:obligation
@!!id:993
@!!loc:758:19:758:23
@!!status:to be proved
@!!END

@!!BEGIN
@!!type:obligation
@!!id:994
@!!loc:758:25:758:30
@!!status:to be proved
@!!END

@!!BEGIN
@!!type:obligation
@!!id:995
@!!loc:735:14:735:16
@!!status:to be proved
@!!END

@!!BEGIN
@!!type:obligation
@!!id:996
@!!loc:736:44:736:46
@!!status:to be proved
@!!END

@!!BEGIN
@!!type:obligation
@!!id:997
@!!loc:737:14:737:16
@!!status:to be proved
@!!END

@!!BEGIN
@!!type:obligation
@!!id:998
@!!loc:738:23:738:25
@!!status:to be proved
@!!END

@!!BEGIN
@!!type:obligation
@!!id:999
@!!loc:738:26:738:30
@!!status:to be proved
@!!END

@!!BEGIN
@!!type:obligation
@!!id:1000
@!!loc:739:80:739:82
@!!status:to be proved
@!!END

@!!BEGIN
@!!type:obligation
@!!id:1001
@!!loc:739:83:739:87
@!!status:to be proved
@!!END

@!!BEGIN
@!!type:obligation
@!!id:1002
@!!loc:743:3:743:5
@!!status:to be proved
@!!END

@!!BEGIN
@!!type:obligation
@!!id:1003
@!!loc:744:12:744:19
@!!status:to be proved
@!!END

@!!BEGIN
@!!type:obligation
@!!id:1004
@!!loc:745:29:745:31
@!!status:to be proved
@!!END

@!!BEGIN
@!!type:obligation
@!!id:1005
@!!loc:745:32:745:36
@!!status:to be proved
@!!END

@!!BEGIN
@!!type:obligation
@!!id:1006
@!!loc:745:38:745:42
@!!status:to be proved
@!!END

@!!BEGIN
@!!type:obligation
@!!id:1007
@!!loc:745:44:745:56
@!!status:to be proved
@!!END

@!!BEGIN
@!!type:obligation
@!!id:1008
@!!loc:747:3:747:5
@!!status:to be proved
@!!END

@!!BEGIN
@!!type:obligation
@!!id:1009
@!!loc:747:6:747:10
@!!status:to be proved
@!!END

@!!BEGIN
@!!type:obligation
@!!id:1010
@!!loc:747:12:747:16
@!!status:to be proved
@!!END

@!!BEGIN
@!!type:obligation
@!!id:1011
@!!loc:747:18:747:22
@!!status:to be proved
@!!END

@!!BEGIN
@!!type:obligation
@!!id:1012
@!!loc:747:24:747:32
@!!status:to be proved
@!!END

@!!BEGIN
@!!type:obligation
@!!id:1013
@!!loc:748:15:748:17
@!!status:to be proved
@!!END

@!!BEGIN
@!!type:obligation
@!!id:1014
@!!loc:748:18:748:22
@!!status:to be proved
@!!END

@!!BEGIN
@!!type:obligation
@!!id:1015
@!!loc:748:24:748:28
@!!status:to be proved
@!!END

@!!BEGIN
@!!type:obligation
@!!id:1016
@!!loc:748:30:748:34
@!!status:to be proved
@!!END

@!!BEGIN
@!!type:obligation
@!!id:1017
@!!loc:748:36:748:40
@!!status:to be proved
@!!END

@!!BEGIN
@!!type:obligation
@!!id:1018
@!!loc:748:42:748:53
@!!status:to be proved
@!!END

@!!BEGIN
@!!type:obligation
@!!id:1019
@!!loc:749:15:749:17
@!!status:to be proved
@!!END

@!!BEGIN
@!!type:obligation
@!!id:1020
@!!loc:749:18:749:22
@!!status:to be proved
@!!END

@!!BEGIN
@!!type:obligation
@!!id:1021
@!!loc:749:24:749:28
@!!status:to be proved
@!!END

@!!BEGIN
@!!type:obligation
@!!id:1022
@!!loc:749:30:749:34
@!!status:to be proved
@!!END

@!!BEGIN
@!!type:obligation
@!!id:1023
@!!loc:749:36:749:40
@!!status:to be proved
@!!END

@!!BEGIN
@!!type:obligation
@!!id:1024
@!!loc:749:42:749:46
@!!status:to be proved
@!!END

@!!BEGIN
@!!type:obligation
@!!id:1025
@!!loc:750:47:750:49
@!!status:to be proved
@!!END

@!!BEGIN
@!!type:obligation
@!!id:1026
@!!loc:750:50:750:54
@!!status:to be proved
@!!END

@!!BEGIN
@!!type:obligation
@!!id:1027
@!!loc:750:56:750:60
@!!status:to be proved
@!!END

@!!BEGIN
@!!type:obligation
@!!id:1028
@!!loc:750:62:750:66
@!!status:to be proved
@!!END

@!!BEGIN
@!!type:obligation
@!!id:1029
@!!loc:750:68:750:72
@!!status:to be proved
@!!END

@!!BEGIN
@!!type:obligation
@!!id:1030
@!!loc:752:3:752:5
@!!status:to be proved
@!!END

@!!BEGIN
@!!type:obligation
@!!id:1031
@!!loc:752:6:752:10
@!!status:to be proved
@!!END

@!!BEGIN
@!!type:obligation
@!!id:1032
@!!loc:752:12:752:16
@!!status:to be proved
@!!END

@!!BEGIN
@!!type:obligation
@!!id:1033
@!!loc:752:18:752:22
@!!status:to be proved
@!!END

@!!BEGIN
@!!type:obligation
@!!id:1034
@!!loc:752:24:752:28
@!!status:to be proved
@!!END

@!!BEGIN
@!!type:obligation
@!!id:1035
@!!loc:752:30:752:42
@!!status:to be proved
@!!END

@!!BEGIN
@!!type:obligation
@!!id:1036
@!!loc:754:3:754:5
@!!status:to be proved
@!!END

@!!BEGIN
@!!type:obligation
@!!id:1037
@!!loc:754:6:754:10
@!!status:to be proved
@!!END

@!!BEGIN
@!!type:obligation
@!!id:1038
@!!loc:754:12:754:16
@!!status:to be proved
@!!END

@!!BEGIN
@!!type:obligation
@!!id:1039
@!!loc:754:18:754:22
@!!status:to be proved
@!!END

@!!BEGIN
@!!type:obligation
@!!id:1040
@!!loc:754:24:754:28
@!!status:to be proved
@!!END

@!!BEGIN
@!!type:obligation
@!!id:1041
@!!loc:754:30:754:42
@!!status:to be proved
@!!END

@!!BEGIN
@!!type:obligation
@!!id:1042
@!!loc:756:3:756:5
@!!status:to be proved
@!!END

@!!BEGIN
@!!type:obligation
@!!id:1043
@!!loc:756:6:756:10
@!!status:to be proved
@!!END

@!!BEGIN
@!!type:obligation
@!!id:1044
@!!loc:756:12:756:16
@!!status:to be proved
@!!END

@!!BEGIN
@!!type:obligation
@!!id:1045
@!!loc:756:18:756:22
@!!status:to be proved
@!!END

@!!BEGIN
@!!type:obligation
@!!id:1046
@!!loc:757:16:757:18
@!!status:to be proved
@!!END

@!!BEGIN
@!!type:obligation
@!!id:1047
@!!loc:757:19:757:23
@!!status:to be proved
@!!END

@!!BEGIN
@!!type:obligation
@!!id:1048
@!!loc:757:25:757:29
@!!status:to be proved
@!!END

@!!BEGIN
@!!type:obligation
@!!id:1049
@!!loc:757:31:757:35
@!!status:to be proved
@!!END

@!!BEGIN
@!!type:obligation
@!!id:1050
@!!loc:757:37:757:41
@!!status:to be proved
@!!END

@!!BEGIN
@!!type:obligation
@!!id:1051
@!!loc:757:43:757:48
@!!status:to be proved
@!!END

@!!BEGIN
@!!type:obligation
@!!id:1052
@!!loc:757:50:757:61
@!!status:to be proved
@!!END

@!!BEGIN
@!!type:obligation
@!!id:1053
@!!loc:801:10:801:12
@!!status:to be proved
@!!END

@!!BEGIN
@!!type:obligation
@!!id:1054
@!!loc:801:13:801:18
@!!status:to be proved
@!!END

@!!BEGIN
@!!type:obligation
@!!id:1055
@!!loc:801:20:801:25
@!!status:to be proved
@!!END

@!!BEGIN
@!!type:obligation
@!!id:1056
@!!loc:801:27:801:32
@!!status:to be proved
@!!END

@!!BEGIN
@!!type:obligation
@!!id:1057
@!!loc:763:14:763:16
@!!status:to be proved
@!!END

@!!BEGIN
@!!type:obligation
@!!id:1058
@!!loc:764:44:764:46
@!!status:to be proved
@!!END

@!!BEGIN
@!!type:obligation
@!!id:1059
@!!loc:765:14:765:16
@!!status:to be proved
@!!END

@!!BEGIN
@!!type:obligation
@!!id:1060
@!!loc:766:23:766:25
@!!status:to be proved
@!!END

@!!BEGIN
@!!type:obligation
@!!id:1061
@!!loc:766:26:766:30
@!!status:to be proved
@!!END

@!!BEGIN
@!!type:obligation
@!!id:1062
@!!loc:767:80:767:82
@!!status:to be proved
@!!END

@!!BEGIN
@!!type:obligation
@!!id:1063
@!!loc:767:83:767:87
@!!status:to be proved
@!!END

@!!BEGIN
@!!type:obligation
@!!id:1064
@!!loc:780:3:780:5
@!!status:to be proved
@!!END

@!!BEGIN
@!!type:obligation
@!!id:1065
@!!loc:782:3:782:5
@!!status:to be proved
@!!END

@!!BEGIN
@!!type:obligation
@!!id:1066
@!!loc:782:6:782:10
@!!status:to be proved
@!!END

@!!BEGIN
@!!type:obligation
@!!id:1067
@!!loc:782:12:782:16
@!!status:to be proved
@!!END

@!!BEGIN
@!!type:obligation
@!!id:1068
@!!loc:782:18:782:22
@!!status:to be proved
@!!END

@!!BEGIN
@!!type:obligation
@!!id:1069
@!!loc:782:24:782:36
@!!status:to be proved
@!!END

@!!BEGIN
@!!type:obligation
@!!id:1070
@!!loc:784:3:784:5
@!!status:to be proved
@!!END

@!!BEGIN
@!!type:obligation
@!!id:1071
@!!loc:784:6:784:10
@!!status:to be proved
@!!END

@!!BEGIN
@!!type:obligation
@!!id:1072
@!!loc:784:12:784:16
@!!status:to be proved
@!!END

@!!BEGIN
@!!type:obligation
@!!id:1073
@!!loc:784:18:784:22
@!!status:to be proved
@!!END

@!!BEGIN
@!!type:obligation
@!!id:1074
@!!loc:784:24:784:28
@!!status:to be proved
@!!END

@!!BEGIN
@!!type:obligation
@!!id:1075
@!!loc:784:30:784:42
@!!status:to be proved
@!!END

@!!BEGIN
@!!type:obligation
@!!id:1076
@!!loc:785:43:785:45
@!!status:to be proved
@!!END

@!!BEGIN
@!!type:obligation
@!!id:1077
@!!loc:785:46:785:50
@!!status:to be proved
@!!END

@!!BEGIN
@!!type:obligation
@!!id:1078
@!!loc:787:3:787:5
@!!status:to be proved
@!!END

@!!BEGIN
@!!type:obligation
@!!id:1079
@!!loc:787:6:787:10
@!!status:to be proved
@!!END

@!!BEGIN
@!!type:obligation
@!!id:1080
@!!loc:787:12:787:16
@!!status:to be proved
@!!END

@!!BEGIN
@!!type:obligation
@!!id:1081
@!!loc:787:18:787:22
@!!status:to be proved
@!!END

@!!BEGIN
@!!type:obligation
@!!id:1082
@!!loc:787:24:787:36
@!!status:to be proved
@!!END

@!!BEGIN
@!!type:obligation
@!!id:1083
@!!loc:788:30:788:32
@!!status:to be proved
@!!END

@!!BEGIN
@!!type:obligation
@!!id:1084
@!!loc:788:33:788:37
@!!status:to be proved
@!!END

@!!BEGIN
@!!type:obligation
@!!id:1085
@!!loc:788:39:788:43
@!!status:to be proved
@!!END

@!!BEGIN
@!!type:obligation
@!!id:1086
@!!loc:788:45:788:49
@!!status:to be proved
@!!END

@!!BEGIN
@!!type:obligation
@!!id:1087
@!!loc:788:51:788:55
@!!status:to be proved
@!!END

@!!BEGIN
@!!type:obligation
@!!id:1088
@!!loc:788:57:788:69
@!!status:to be proved
@!!END

@!!BEGIN
@!!type:obligation
@!!id:1089
@!!loc:790:3:790:5
@!!status:to be proved
@!!END

@!!BEGIN
@!!type:obligation
@!!id:1090
@!!loc:790:6:790:10
@!!status:to be proved
@!!END

@!!BEGIN
@!!type:obligation
@!!id:1091
@!!loc:790:12:790:16
@!!status:to be proved
@!!END

@!!BEGIN
@!!type:obligation
@!!id:1092
@!!loc:790:18:790:22
@!!status:to be proved
@!!END

@!!BEGIN
@!!type:obligation
@!!id:1093
@!!loc:790:24:790:32
@!!status:to be proved
@!!END

@!!BEGIN
@!!type:obligation
@!!id:1094
@!!loc:791:41:791:43
@!!status:to be proved
@!!END

@!!BEGIN
@!!type:obligation
@!!id:1095
@!!loc:791:44:791:48
@!!status:to be proved
@!!END

@!!BEGIN
@!!type:obligation
@!!id:1096
@!!loc:791:50:791:54
@!!status:to be proved
@!!END

@!!BEGIN
@!!type:obligation
@!!id:1097
@!!loc:791:56:791:60
@!!status:to be proved
@!!END

@!!BEGIN
@!!type:obligation
@!!id:1098
@!!loc:792:15:792:17
@!!status:to be proved
@!!END

@!!BEGIN
@!!type:obligation
@!!id:1099
@!!loc:792:18:792:22
@!!status:to be proved
@!!END

@!!BEGIN
@!!type:obligation
@!!id:1100
@!!loc:792:24:792:28
@!!status:to be proved
@!!END

@!!BEGIN
@!!type:obligation
@!!id:1101
@!!loc:792:30:792:34
@!!status:to be proved
@!!END

@!!BEGIN
@!!type:obligation
@!!id:1102
@!!loc:792:36:792:40
@!!status:to be proved
@!!END

@!!BEGIN
@!!type:obligation
@!!id:1103
@!!loc:792:42:792:53
@!!status:to be proved
@!!END

@!!BEGIN
@!!type:obligation
@!!id:1104
@!!loc:793:16:793:18
@!!status:to be proved
@!!END

@!!BEGIN
@!!type:obligation
@!!id:1105
@!!loc:793:19:793:23
@!!status:to be proved
@!!END

@!!BEGIN
@!!type:obligation
@!!id:1106
@!!loc:793:25:793:29
@!!status:to be proved
@!!END

@!!BEGIN
@!!type:obligation
@!!id:1107
@!!loc:793:31:793:35
@!!status:to be proved
@!!END

@!!BEGIN
@!!type:obligation
@!!id:1108
@!!loc:793:37:793:41
@!!status:to be proved
@!!END

@!!BEGIN
@!!type:obligation
@!!id:1109
@!!loc:793:43:793:47
@!!status:to be proved
@!!END

@!!BEGIN
@!!type:obligation
@!!id:1110
@!!loc:793:49:793:53
@!!status:to be proved
@!!END

@!!BEGIN
@!!type:obligation
@!!id:1111
@!!loc:793:55:793:59
@!!status:to be proved
@!!END

@!!BEGIN
@!!type:obligation
@!!id:1112
@!!loc:794:48:794:50
@!!status:to be proved
@!!END

@!!BEGIN
@!!type:obligation
@!!id:1113
@!!loc:794:51:794:55
@!!status:to be proved
@!!END

@!!BEGIN
@!!type:obligation
@!!id:1114
@!!loc:794:57:794:61
@!!status:to be proved
@!!END

@!!BEGIN
@!!type:obligation
@!!id:1115
@!!loc:797:3:797:5
@!!status:to be proved
@!!END

@!!BEGIN
@!!type:obligation
@!!id:1116
@!!loc:797:6:797:10
@!!status:to be proved
@!!END

@!!BEGIN
@!!type:obligation
@!!id:1117
@!!loc:797:12:797:16
@!!status:to be proved
@!!END

@!!BEGIN
@!!type:obligation
@!!id:1118
@!!loc:799:3:799:5
@!!status:to be proved
@!!END

@!!BEGIN
@!!type:obligation
@!!id:1119
@!!loc:799:6:799:10
@!!status:to be proved
@!!END

@!!BEGIN
@!!type:obligation
@!!id:1120
@!!loc:799:12:799:16
@!!status:to be proved
@!!END

@!!BEGIN
@!!type:obligation
@!!id:1121
@!!loc:799:18:799:22
@!!status:to be proved
@!!END

@!!BEGIN
@!!type:obligation
@!!id:1122
@!!loc:800:16:800:18
@!!status:to be proved
@!!END

@!!BEGIN
@!!type:obligation
@!!id:1123
@!!loc:800:19:800:23
@!!status:to be proved
@!!END

@!!BEGIN
@!!type:obligation
@!!id:1124
@!!loc:800:25:800:29
@!!status:to be proved
@!!END

@!!BEGIN
@!!type:obligation
@!!id:1125
@!!loc:800:31:800:36
@!!status:to be proved
@!!END

@!!BEGIN
@!!type:obligation
@!!id:1126
@!!loc:800:38:800:44
@!!status:to be proved
@!!END

@!!BEGIN
@!!type:obligation
@!!id:1127
@!!loc:800:46:800:57
@!!status:to be proved
@!!END

@!!BEGIN
@!!type:obligation
@!!id:1128
@!!loc:827:10:827:12
@!!status:to be proved
@!!END

@!!BEGIN
@!!type:obligation
@!!id:1129
@!!loc:827:13:827:17
@!!status:to be proved
@!!END

@!!BEGIN
@!!type:obligation
@!!id:1130
@!!loc:827:19:827:23
@!!status:to be proved
@!!END

@!!BEGIN
@!!type:obligation
@!!id:1131
@!!loc:827:25:827:29
@!!status:to be proved
@!!END

@!!BEGIN
@!!type:obligation
@!!id:1132
@!!loc:806:14:806:16
@!!status:to be proved
@!!END

@!!BEGIN
@!!type:obligation
@!!id:1133
@!!loc:807:44:807:46
@!!status:to be proved
@!!END

@!!BEGIN
@!!type:obligation
@!!id:1134
@!!loc:808:14:808:16
@!!status:to be proved
@!!END

@!!BEGIN
@!!type:obligation
@!!id:1135
@!!loc:809:23:809:25
@!!status:to be proved
@!!END

@!!BEGIN
@!!type:obligation
@!!id:1136
@!!loc:809:26:809:30
@!!status:to be proved
@!!END

@!!BEGIN
@!!type:obligation
@!!id:1137
@!!loc:814:3:814:5
@!!status:to be proved
@!!END

@!!BEGIN
@!!type:obligation
@!!id:1138
@!!loc:815:30:815:32
@!!status:to be proved
@!!END

@!!BEGIN
@!!type:obligation
@!!id:1139
@!!loc:815:33:815:37
@!!status:to be proved
@!!END

@!!BEGIN
@!!type:obligation
@!!id:1140
@!!loc:815:39:815:51
@!!status:to be proved
@!!END

@!!BEGIN
@!!type:obligation
@!!id:1141
@!!loc:817:3:817:5
@!!status:to be proved
@!!END

@!!BEGIN
@!!type:obligation
@!!id:1142
@!!loc:817:6:817:10
@!!status:to be proved
@!!END

@!!BEGIN
@!!type:obligation
@!!id:1143
@!!loc:817:12:817:16
@!!status:to be proved
@!!END

@!!BEGIN
@!!type:obligation
@!!id:1144
@!!loc:817:18:817:22
@!!status:to be proved
@!!END

@!!BEGIN
@!!type:obligation
@!!id:1145
@!!loc:817:24:817:32
@!!status:to be proved
@!!END

@!!BEGIN
@!!type:obligation
@!!id:1146
@!!loc:818:15:818:17
@!!status:to be proved
@!!END

@!!BEGIN
@!!type:obligation
@!!id:1147
@!!loc:818:18:818:22
@!!status:to be proved
@!!END

@!!BEGIN
@!!type:obligation
@!!id:1148
@!!loc:818:24:818:28
@!!status:to be proved
@!!END

@!!BEGIN
@!!type:obligation
@!!id:1149
@!!loc:818:30:818:34
@!!status:to be proved
@!!END

@!!BEGIN
@!!type:obligation
@!!id:1150
@!!loc:818:36:818:47
@!!status:to be proved
@!!END

@!!BEGIN
@!!type:obligation
@!!id:1151
@!!loc:819:15:819:17
@!!status:to be proved
@!!END

@!!BEGIN
@!!type:obligation
@!!id:1152
@!!loc:819:18:819:22
@!!status:to be proved
@!!END

@!!BEGIN
@!!type:obligation
@!!id:1153
@!!loc:819:24:819:28
@!!status:to be proved
@!!END

@!!BEGIN
@!!type:obligation
@!!id:1154
@!!loc:819:30:819:34
@!!status:to be proved
@!!END

@!!BEGIN
@!!type:obligation
@!!id:1155
@!!loc:819:36:819:40
@!!status:to be proved
@!!END

@!!BEGIN
@!!type:obligation
@!!id:1156
@!!loc:820:47:820:49
@!!status:to be proved
@!!END

@!!BEGIN
@!!type:obligation
@!!id:1157
@!!loc:820:50:820:54
@!!status:to be proved
@!!END

@!!BEGIN
@!!type:obligation
@!!id:1158
@!!loc:820:56:820:60
@!!status:to be proved
@!!END

@!!BEGIN
@!!type:obligation
@!!id:1159
@!!loc:823:3:823:5
@!!status:to be proved
@!!END

@!!BEGIN
@!!type:obligation
@!!id:1160
@!!loc:823:6:823:10
@!!status:to be proved
@!!END

@!!BEGIN
@!!type:obligation
@!!id:1161
@!!loc:823:12:823:16
@!!status:to be proved
@!!END

@!!BEGIN
@!!type:obligation
@!!id:1162
@!!loc:825:3:825:5
@!!status:to be proved
@!!END

@!!BEGIN
@!!type:obligation
@!!id:1163
@!!loc:825:6:825:10
@!!status:to be proved
@!!END

@!!BEGIN
@!!type:obligation
@!!id:1164
@!!loc:825:12:825:16
@!!status:to be proved
@!!END

@!!BEGIN
@!!type:obligation
@!!id:1165
@!!loc:826:15:826:17
@!!status:to be proved
@!!END

@!!BEGIN
@!!type:obligation
@!!id:1166
@!!loc:826:18:826:22
@!!status:to be proved
@!!END

@!!BEGIN
@!!type:obligation
@!!id:1167
@!!loc:826:24:826:28
@!!status:to be proved
@!!END

@!!BEGIN
@!!type:obligation
@!!id:1168
@!!loc:826:30:826:34
@!!status:to be proved
@!!END

@!!BEGIN
@!!type:obligation
@!!id:1169
@!!loc:826:36:826:41
@!!status:to be proved
@!!END

@!!BEGIN
@!!type:obligation
@!!id:1170
@!!loc:826:43:826:54
@!!status:to be proved
@!!END

@!!BEGIN
@!!type:obligation
@!!id:1171
@!!loc:846:10:846:12
@!!status:to be proved
@!!END

@!!BEGIN
@!!type:obligation
@!!id:1172
@!!loc:846:13:846:17
@!!status:to be proved
@!!END

@!!BEGIN
@!!type:obligation
@!!id:1173
@!!loc:846:19:846:23
@!!status:to be proved
@!!END

@!!BEGIN
@!!type:obligation
@!!id:1174
@!!loc:846:25:846:29
@!!status:to be proved
@!!END

@!!BEGIN
@!!type:obligation
@!!id:1175
@!!loc:832:14:832:16
@!!status:to be proved
@!!END

@!!BEGIN
@!!type:obligation
@!!id:1176
@!!loc:833:44:833:46
@!!status:to be proved
@!!END

@!!BEGIN
@!!type:obligation
@!!id:1177
@!!loc:834:14:834:16
@!!status:to be proved
@!!END

@!!BEGIN
@!!type:obligation
@!!id:1178
@!!loc:838:3:838:5
@!!status:to be proved
@!!END

@!!BEGIN
@!!type:obligation
@!!id:1179
@!!loc:839:15:839:17
@!!status:to be proved
@!!END

@!!BEGIN
@!!type:obligation
@!!id:1180
@!!loc:839:18:839:22
@!!status:to be proved
@!!END

@!!BEGIN
@!!type:obligation
@!!id:1181
@!!loc:839:24:839:28
@!!status:to be proved
@!!END

@!!BEGIN
@!!type:obligation
@!!id:1182
@!!loc:839:30:839:41
@!!status:to be proved
@!!END

@!!BEGIN
@!!type:obligation
@!!id:1183
@!!loc:840:15:840:17
@!!status:to be proved
@!!END

@!!BEGIN
@!!type:obligation
@!!id:1184
@!!loc:840:18:840:22
@!!status:to be proved
@!!END

@!!BEGIN
@!!type:obligation
@!!id:1185
@!!loc:840:24:840:28
@!!status:to be proved
@!!END

@!!BEGIN
@!!type:obligation
@!!id:1186
@!!loc:840:30:840:34
@!!status:to be proved
@!!END

@!!BEGIN
@!!type:obligation
@!!id:1187
@!!loc:841:47:841:49
@!!status:to be proved
@!!END

@!!BEGIN
@!!type:obligation
@!!id:1188
@!!loc:841:50:841:54
@!!status:to be proved
@!!END

@!!BEGIN
@!!type:obligation
@!!id:1189
@!!loc:841:56:841:60
@!!status:to be proved
@!!END

@!!BEGIN
@!!type:obligation
@!!id:1190
@!!loc:844:3:844:5
@!!status:to be proved
@!!END

@!!BEGIN
@!!type:obligation
@!!id:1191
@!!loc:844:6:844:10
@!!status:to be proved
@!!END

@!!BEGIN
@!!type:obligation
@!!id:1192
@!!loc:844:12:844:16
@!!status:to be proved
@!!END

@!!BEGIN
@!!type:obligation
@!!id:1193
@!!loc:845:15:845:17
@!!status:to be proved
@!!END

@!!BEGIN
@!!type:obligation
@!!id:1194
@!!loc:845:18:845:22
@!!status:to be proved
@!!END

@!!BEGIN
@!!type:obligation
@!!id:1195
@!!loc:845:24:845:28
@!!status:to be proved
@!!END

@!!BEGIN
@!!type:obligation
@!!id:1196
@!!loc:845:30:845:40
@!!status:to be proved
@!!END

@!!BEGIN
@!!type:obligation
@!!id:1197
@!!loc:875:10:875:12
@!!status:to be proved
@!!END

@!!BEGIN
@!!type:obligation
@!!id:1198
@!!loc:875:13:875:17
@!!status:to be proved
@!!END

@!!BEGIN
@!!type:obligation
@!!id:1199
@!!loc:875:19:875:23
@!!status:to be proved
@!!END

@!!BEGIN
@!!type:obligation
@!!id:1200
@!!loc:875:25:875:30
@!!status:to be proved
@!!END

@!!BEGIN
@!!type:obligation
@!!id:1201
@!!loc:851:14:851:16
@!!status:to be proved
@!!END

@!!BEGIN
@!!type:obligation
@!!id:1202
@!!loc:852:44:852:46
@!!status:to be proved
@!!END

@!!BEGIN
@!!type:obligation
@!!id:1203
@!!loc:853:14:853:16
@!!status:to be proved
@!!END

@!!BEGIN
@!!type:obligation
@!!id:1204
@!!loc:854:23:854:25
@!!status:to be proved
@!!END

@!!BEGIN
@!!type:obligation
@!!id:1205
@!!loc:854:26:854:30
@!!status:to be proved
@!!END

@!!BEGIN
@!!type:obligation
@!!id:1206
@!!loc:855:80:855:82
@!!status:to be proved
@!!END

@!!BEGIN
@!!type:obligation
@!!id:1207
@!!loc:855:83:855:87
@!!status:to be proved
@!!END

@!!BEGIN
@!!type:obligation
@!!id:1208
@!!loc:860:3:860:5
@!!status:to be proved
@!!END

@!!BEGIN
@!!type:obligation
@!!id:1209
@!!loc:861:12:861:19
@!!status:to be proved
@!!END

@!!BEGIN
@!!type:obligation
@!!id:1210
@!!loc:862:29:862:31
@!!status:to be proved
@!!END

@!!BEGIN
@!!type:obligation
@!!id:1211
@!!loc:862:32:862:36
@!!status:to be proved
@!!END

@!!BEGIN
@!!type:obligation
@!!id:1212
@!!loc:862:38:862:42
@!!status:to be proved
@!!END

@!!BEGIN
@!!type:obligation
@!!id:1213
@!!loc:862:44:862:56
@!!status:to be proved
@!!END

@!!BEGIN
@!!type:obligation
@!!id:1214
@!!loc:864:3:864:5
@!!status:to be proved
@!!END

@!!BEGIN
@!!type:obligation
@!!id:1215
@!!loc:864:6:864:10
@!!status:to be proved
@!!END

@!!BEGIN
@!!type:obligation
@!!id:1216
@!!loc:864:12:864:16
@!!status:to be proved
@!!END

@!!BEGIN
@!!type:obligation
@!!id:1217
@!!loc:864:18:864:22
@!!status:to be proved
@!!END

@!!BEGIN
@!!type:obligation
@!!id:1218
@!!loc:864:24:864:32
@!!status:to be proved
@!!END

@!!BEGIN
@!!type:obligation
@!!id:1219
@!!loc:865:15:865:17
@!!status:to be proved
@!!END

@!!BEGIN
@!!type:obligation
@!!id:1220
@!!loc:865:18:865:22
@!!status:to be proved
@!!END

@!!BEGIN
@!!type:obligation
@!!id:1221
@!!loc:865:24:865:28
@!!status:to be proved
@!!END

@!!BEGIN
@!!type:obligation
@!!id:1222
@!!loc:865:30:865:34
@!!status:to be proved
@!!END

@!!BEGIN
@!!type:obligation
@!!id:1223
@!!loc:865:36:865:40
@!!status:to be proved
@!!END

@!!BEGIN
@!!type:obligation
@!!id:1224
@!!loc:865:42:865:53
@!!status:to be proved
@!!END

@!!BEGIN
@!!type:obligation
@!!id:1225
@!!loc:866:15:866:17
@!!status:to be proved
@!!END

@!!BEGIN
@!!type:obligation
@!!id:1226
@!!loc:866:18:866:22
@!!status:to be proved
@!!END

@!!BEGIN
@!!type:obligation
@!!id:1227
@!!loc:866:24:866:28
@!!status:to be proved
@!!END

@!!BEGIN
@!!type:obligation
@!!id:1228
@!!loc:866:30:866:34
@!!status:to be proved
@!!END

@!!BEGIN
@!!type:obligation
@!!id:1229
@!!loc:866:36:866:40
@!!status:to be proved
@!!END

@!!BEGIN
@!!type:obligation
@!!id:1230
@!!loc:866:42:866:46
@!!status:to be proved
@!!END

@!!BEGIN
@!!type:obligation
@!!id:1231
@!!loc:867:47:867:49
@!!status:to be proved
@!!END

@!!BEGIN
@!!type:obligation
@!!id:1232
@!!loc:867:50:867:54
@!!status:to be proved
@!!END

@!!BEGIN
@!!type:obligation
@!!id:1233
@!!loc:867:56:867:60
@!!status:to be proved
@!!END

@!!BEGIN
@!!type:obligation
@!!id:1234
@!!loc:867:62:867:66
@!!status:to be proved
@!!END

@!!BEGIN
@!!type:obligation
@!!id:1235
@!!loc:867:68:867:72
@!!status:to be proved
@!!END

@!!BEGIN
@!!type:obligation
@!!id:1236
@!!loc:869:3:869:5
@!!status:to be proved
@!!END

@!!BEGIN
@!!type:obligation
@!!id:1237
@!!loc:869:6:869:10
@!!status:to be proved
@!!END

@!!BEGIN
@!!type:obligation
@!!id:1238
@!!loc:869:12:869:16
@!!status:to be proved
@!!END

@!!BEGIN
@!!type:obligation
@!!id:1239
@!!loc:869:18:869:22
@!!status:to be proved
@!!END

@!!BEGIN
@!!type:obligation
@!!id:1240
@!!loc:869:24:869:28
@!!status:to be proved
@!!END

@!!BEGIN
@!!type:obligation
@!!id:1241
@!!loc:869:30:869:42
@!!status:to be proved
@!!END

@!!BEGIN
@!!type:obligation
@!!id:1242
@!!loc:871:3:871:5
@!!status:to be proved
@!!END

@!!BEGIN
@!!type:obligation
@!!id:1243
@!!loc:871:6:871:10
@!!status:to be proved
@!!END

@!!BEGIN
@!!type:obligation
@!!id:1244
@!!loc:871:12:871:16
@!!status:to be proved
@!!END

@!!BEGIN
@!!type:obligation
@!!id:1245
@!!loc:871:18:871:22
@!!status:to be proved
@!!END

@!!BEGIN
@!!type:obligation
@!!id:1246
@!!loc:871:24:871:28
@!!status:to be proved
@!!END

@!!BEGIN
@!!type:obligation
@!!id:1247
@!!loc:871:30:871:42
@!!status:to be proved
@!!END

@!!BEGIN
@!!type:obligation
@!!id:1248
@!!loc:873:3:873:5
@!!status:to be proved
@!!END

@!!BEGIN
@!!type:obligation
@!!id:1249
@!!loc:873:6:873:10
@!!status:to be proved
@!!END

@!!BEGIN
@!!type:obligation
@!!id:1250
@!!loc:873:12:873:16
@!!status:to be proved
@!!END

@!!BEGIN
@!!type:obligation
@!!id:1251
@!!loc:873:18:873:22
@!!status:to be proved
@!!END

@!!BEGIN
@!!type:obligation
@!!id:1252
@!!loc:874:16:874:18
@!!status:to be proved
@!!END

@!!BEGIN
@!!type:obligation
@!!id:1253
@!!loc:874:19:874:23
@!!status:to be proved
@!!END

@!!BEGIN
@!!type:obligation
@!!id:1254
@!!loc:874:25:874:29
@!!status:to be proved
@!!END

@!!BEGIN
@!!type:obligation
@!!id:1255
@!!loc:874:31:874:35
@!!status:to be proved
@!!END

@!!BEGIN
@!!type:obligation
@!!id:1256
@!!loc:874:37:874:41
@!!status:to be proved
@!!END

@!!BEGIN
@!!type:obligation
@!!id:1257
@!!loc:874:43:874:48
@!!status:to be proved
@!!END

@!!BEGIN
@!!type:obligation
@!!id:1258
@!!loc:874:50:874:61
@!!status:to be proved
@!!END

@!!BEGIN
@!!type:obligation
@!!id:1259
@!!loc:908:10:908:12
@!!status:to be proved
@!!END

@!!BEGIN
@!!type:obligation
@!!id:1260
@!!loc:908:13:908:17
@!!status:to be proved
@!!END

@!!BEGIN
@!!type:obligation
@!!id:1261
@!!loc:908:19:908:23
@!!status:to be proved
@!!END

@!!BEGIN
@!!type:obligation
@!!id:1262
@!!loc:908:25:908:30
@!!status:to be proved
@!!END

@!!BEGIN
@!!type:obligation
@!!id:1263
@!!loc:883:14:883:16
@!!status:to be proved
@!!END

@!!BEGIN
@!!type:obligation
@!!id:1264
@!!loc:884:44:884:46
@!!status:to be proved
@!!END

@!!BEGIN
@!!type:obligation
@!!id:1265
@!!loc:885:14:885:16
@!!status:to be proved
@!!END

@!!BEGIN
@!!type:obligation
@!!id:1266
@!!loc:886:23:886:25
@!!status:to be proved
@!!END

@!!BEGIN
@!!type:obligation
@!!id:1267
@!!loc:886:26:886:30
@!!status:to be proved
@!!END

@!!BEGIN
@!!type:obligation
@!!id:1268
@!!loc:887:80:887:82
@!!status:to be proved
@!!END

@!!BEGIN
@!!type:obligation
@!!id:1269
@!!loc:887:83:887:87
@!!status:to be proved
@!!END

@!!BEGIN
@!!type:obligation
@!!id:1270
@!!loc:893:3:893:5
@!!status:to be proved
@!!END

@!!BEGIN
@!!type:obligation
@!!id:1271
@!!loc:894:12:894:19
@!!status:to be proved
@!!END

@!!BEGIN
@!!type:obligation
@!!id:1272
@!!loc:895:30:895:32
@!!status:to be proved
@!!END

@!!BEGIN
@!!type:obligation
@!!id:1273
@!!loc:895:33:895:37
@!!status:to be proved
@!!END

@!!BEGIN
@!!type:obligation
@!!id:1274
@!!loc:895:39:895:43
@!!status:to be proved
@!!END

@!!BEGIN
@!!type:obligation
@!!id:1275
@!!loc:895:45:895:57
@!!status:to be proved
@!!END

@!!BEGIN
@!!type:obligation
@!!id:1276
@!!loc:897:3:897:5
@!!status:to be proved
@!!END

@!!BEGIN
@!!type:obligation
@!!id:1277
@!!loc:897:6:897:10
@!!status:to be proved
@!!END

@!!BEGIN
@!!type:obligation
@!!id:1278
@!!loc:897:12:897:16
@!!status:to be proved
@!!END

@!!BEGIN
@!!type:obligation
@!!id:1279
@!!loc:897:18:897:22
@!!status:to be proved
@!!END

@!!BEGIN
@!!type:obligation
@!!id:1280
@!!loc:897:24:897:32
@!!status:to be proved
@!!END

@!!BEGIN
@!!type:obligation
@!!id:1281
@!!loc:898:15:898:17
@!!status:to be proved
@!!END

@!!BEGIN
@!!type:obligation
@!!id:1282
@!!loc:898:18:898:22
@!!status:to be proved
@!!END

@!!BEGIN
@!!type:obligation
@!!id:1283
@!!loc:898:24:898:28
@!!status:to be proved
@!!END

@!!BEGIN
@!!type:obligation
@!!id:1284
@!!loc:898:30:898:34
@!!status:to be proved
@!!END

@!!BEGIN
@!!type:obligation
@!!id:1285
@!!loc:898:36:898:40
@!!status:to be proved
@!!END

@!!BEGIN
@!!type:obligation
@!!id:1286
@!!loc:898:42:898:53
@!!status:to be proved
@!!END

@!!BEGIN
@!!type:obligation
@!!id:1287
@!!loc:899:15:899:17
@!!status:to be proved
@!!END

@!!BEGIN
@!!type:obligation
@!!id:1288
@!!loc:899:18:899:22
@!!status:to be proved
@!!END

@!!BEGIN
@!!type:obligation
@!!id:1289
@!!loc:899:24:899:28
@!!status:to be proved
@!!END

@!!BEGIN
@!!type:obligation
@!!id:1290
@!!loc:899:30:899:34
@!!status:to be proved
@!!END

@!!BEGIN
@!!type:obligation
@!!id:1291
@!!loc:899:36:899:40
@!!status:to be proved
@!!END

@!!BEGIN
@!!type:obligation
@!!id:1292
@!!loc:899:42:899:46
@!!status:to be proved
@!!END

@!!BEGIN
@!!type:obligation
@!!id:1293
@!!loc:900:47:900:49
@!!status:to be proved
@!!END

@!!BEGIN
@!!type:obligation
@!!id:1294
@!!loc:900:50:900:54
@!!status:to be proved
@!!END

@!!BEGIN
@!!type:obligation
@!!id:1295
@!!loc:900:56:900:60
@!!status:to be proved
@!!END

@!!BEGIN
@!!type:obligation
@!!id:1296
@!!loc:900:62:900:66
@!!status:to be proved
@!!END

@!!BEGIN
@!!type:obligation
@!!id:1297
@!!loc:900:68:900:72
@!!status:to be proved
@!!END

@!!BEGIN
@!!type:obligation
@!!id:1298
@!!loc:902:3:902:5
@!!status:to be proved
@!!END

@!!BEGIN
@!!type:obligation
@!!id:1299
@!!loc:902:6:902:10
@!!status:to be proved
@!!END

@!!BEGIN
@!!type:obligation
@!!id:1300
@!!loc:902:12:902:16
@!!status:to be proved
@!!END

@!!BEGIN
@!!type:obligation
@!!id:1301
@!!loc:902:18:902:22
@!!status:to be proved
@!!END

@!!BEGIN
@!!type:obligation
@!!id:1302
@!!loc:902:24:902:28
@!!status:to be proved
@!!END

@!!BEGIN
@!!type:obligation
@!!id:1303
@!!loc:902:30:902:42
@!!status:to be proved
@!!END

@!!BEGIN
@!!type:obligation
@!!id:1304
@!!loc:904:3:904:5
@!!status:to be proved
@!!END

@!!BEGIN
@!!type:obligation
@!!id:1305
@!!loc:904:6:904:10
@!!status:to be proved
@!!END

@!!BEGIN
@!!type:obligation
@!!id:1306
@!!loc:904:12:904:16
@!!status:to be proved
@!!END

@!!BEGIN
@!!type:obligation
@!!id:1307
@!!loc:904:18:904:22
@!!status:to be proved
@!!END

@!!BEGIN
@!!type:obligation
@!!id:1308
@!!loc:904:24:904:28
@!!status:to be proved
@!!END

@!!BEGIN
@!!type:obligation
@!!id:1309
@!!loc:904:30:904:42
@!!status:to be proved
@!!END

@!!BEGIN
@!!type:obligation
@!!id:1310
@!!loc:906:3:906:5
@!!status:to be proved
@!!END

@!!BEGIN
@!!type:obligation
@!!id:1311
@!!loc:906:6:906:10
@!!status:to be proved
@!!END

@!!BEGIN
@!!type:obligation
@!!id:1312
@!!loc:906:12:906:16
@!!status:to be proved
@!!END

@!!BEGIN
@!!type:obligation
@!!id:1313
@!!loc:906:18:906:22
@!!status:to be proved
@!!END

@!!BEGIN
@!!type:obligation
@!!id:1314
@!!loc:907:16:907:18
@!!status:to be proved
@!!END

@!!BEGIN
@!!type:obligation
@!!id:1315
@!!loc:907:19:907:23
@!!status:to be proved
@!!END

@!!BEGIN
@!!type:obligation
@!!id:1316
@!!loc:907:25:907:29
@!!status:to be proved
@!!END

@!!BEGIN
@!!type:obligation
@!!id:1317
@!!loc:907:31:907:35
@!!status:to be proved
@!!END

@!!BEGIN
@!!type:obligation
@!!id:1318
@!!loc:907:37:907:41
@!!status:to be proved
@!!END

@!!BEGIN
@!!type:obligation
@!!id:1319
@!!loc:907:43:907:48
@!!status:to be proved
@!!END

@!!BEGIN
@!!type:obligation
@!!id:1320
@!!loc:907:50:907:61
@!!status:to be proved
@!!END

@!!BEGIN
@!!type:obligation
@!!id:1321
@!!loc:949:10:949:12
@!!status:to be proved
@!!END

@!!BEGIN
@!!type:obligation
@!!id:1322
@!!loc:949:13:949:18
@!!status:to be proved
@!!END

@!!BEGIN
@!!type:obligation
@!!id:1323
@!!loc:949:20:949:25
@!!status:to be proved
@!!END

@!!BEGIN
@!!type:obligation
@!!id:1324
@!!loc:949:27:949:32
@!!status:to be proved
@!!END

@!!BEGIN
@!!type:obligation
@!!id:1325
@!!loc:913:14:913:16
@!!status:to be proved
@!!END

@!!BEGIN
@!!type:obligation
@!!id:1326
@!!loc:914:44:914:46
@!!status:to be proved
@!!END

@!!BEGIN
@!!type:obligation
@!!id:1327
@!!loc:915:14:915:16
@!!status:to be proved
@!!END

@!!BEGIN
@!!type:obligation
@!!id:1328
@!!loc:916:23:916:25
@!!status:to be proved
@!!END

@!!BEGIN
@!!type:obligation
@!!id:1329
@!!loc:916:26:916:30
@!!status:to be proved
@!!END

@!!BEGIN
@!!type:obligation
@!!id:1330
@!!loc:917:80:917:82
@!!status:to be proved
@!!END

@!!BEGIN
@!!type:obligation
@!!id:1331
@!!loc:917:83:917:87
@!!status:to be proved
@!!END

@!!BEGIN
@!!type:obligation
@!!id:1332
@!!loc:923:3:923:5
@!!status:to be proved
@!!END

@!!BEGIN
@!!type:obligation
@!!id:1334
@!!loc:927:3:927:5
@!!status:to be proved
@!!END

@!!BEGIN
@!!type:obligation
@!!id:1335
@!!loc:929:3:929:5
@!!status:to be proved
@!!END

@!!BEGIN
@!!type:obligation
@!!id:1336
@!!loc:931:3:931:5
@!!status:to be proved
@!!END

@!!BEGIN
@!!type:obligation
@!!id:1337
@!!loc:931:6:931:10
@!!status:to be proved
@!!END

@!!BEGIN
@!!type:obligation
@!!id:1338
@!!loc:931:12:931:21
@!!status:to be proved
@!!END

@!!BEGIN
@!!type:obligation
@!!id:1339
@!!loc:933:3:933:5
@!!status:to be proved
@!!END

@!!BEGIN
@!!type:obligation
@!!id:1340
@!!loc:933:6:933:10
@!!status:to be proved
@!!END

@!!BEGIN
@!!type:obligation
@!!id:1341
@!!loc:933:12:933:16
@!!status:to be proved
@!!END

@!!BEGIN
@!!type:obligation
@!!id:1342
@!!loc:933:18:933:25
@!!status:to be proved
@!!END

@!!BEGIN
@!!type:obligation
@!!id:1343
@!!loc:935:3:935:5
@!!status:to be proved
@!!END

@!!BEGIN
@!!type:obligation
@!!id:1344
@!!loc:935:6:935:10
@!!status:to be proved
@!!END

@!!BEGIN
@!!type:obligation
@!!id:1345
@!!loc:935:12:935:16
@!!status:to be proved
@!!END

@!!BEGIN
@!!type:obligation
@!!id:1346
@!!loc:935:18:935:30
@!!status:to be proved
@!!END

@!!BEGIN
@!!type:obligation
@!!id:1347
@!!loc:936:33:936:35
@!!status:to be proved
@!!END

@!!BEGIN
@!!type:obligation
@!!id:1348
@!!loc:936:36:936:40
@!!status:to be proved
@!!END

@!!BEGIN
@!!type:obligation
@!!id:1349
@!!loc:936:42:936:46
@!!status:to be proved
@!!END

@!!BEGIN
@!!type:obligation
@!!id:1350
@!!loc:936:48:936:52
@!!status:to be proved
@!!END

@!!BEGIN
@!!type:obligation
@!!id:1351
@!!loc:936:54:936:58
@!!status:to be proved
@!!END

@!!BEGIN
@!!type:obligation
@!!id:1352
@!!loc:936:60:936:64
@!!status:to be proved
@!!END

@!!BEGIN
@!!type:obligation
@!!id:1353
@!!loc:936:66:936:70
@!!status:to be proved
@!!END

@!!BEGIN
@!!type:obligation
@!!id:1354
@!!loc:936:72:936:84
@!!status:to be proved
@!!END

@!!BEGIN
@!!type:obligation
@!!id:1355
@!!loc:938:3:938:5
@!!status:to be proved
@!!END

@!!BEGIN
@!!type:obligation
@!!id:1356
@!!loc:938:6:938:10
@!!status:to be proved
@!!END

@!!BEGIN
@!!type:obligation
@!!id:1357
@!!loc:938:12:938:16
@!!status:to be proved
@!!END

@!!BEGIN
@!!type:obligation
@!!id:1358
@!!loc:938:18:938:22
@!!status:to be proved
@!!END

@!!BEGIN
@!!type:obligation
@!!id:1359
@!!loc:938:24:938:32
@!!status:to be proved
@!!END

@!!BEGIN
@!!type:obligation
@!!id:1360
@!!loc:939:15:939:17
@!!status:to be proved
@!!END

@!!BEGIN
@!!type:obligation
@!!id:1361
@!!loc:939:18:939:22
@!!status:to be proved
@!!END

@!!BEGIN
@!!type:obligation
@!!id:1362
@!!loc:939:24:939:28
@!!status:to be proved
@!!END

@!!BEGIN
@!!type:obligation
@!!id:1363
@!!loc:939:30:939:34
@!!status:to be proved
@!!END

@!!BEGIN
@!!type:obligation
@!!id:1364
@!!loc:939:36:939:40
@!!status:to be proved
@!!END

@!!BEGIN
@!!type:obligation
@!!id:1365
@!!loc:939:42:939:53
@!!status:to be proved
@!!END

@!!BEGIN
@!!type:obligation
@!!id:1366
@!!loc:940:16:940:18
@!!status:to be proved
@!!END

@!!BEGIN
@!!type:obligation
@!!id:1367
@!!loc:940:19:940:23
@!!status:to be proved
@!!END

@!!BEGIN
@!!type:obligation
@!!id:1368
@!!loc:940:25:940:29
@!!status:to be proved
@!!END

@!!BEGIN
@!!type:obligation
@!!id:1369
@!!loc:940:31:940:35
@!!status:to be proved
@!!END

@!!BEGIN
@!!type:obligation
@!!id:1370
@!!loc:940:37:940:41
@!!status:to be proved
@!!END

@!!BEGIN
@!!type:obligation
@!!id:1371
@!!loc:940:43:940:47
@!!status:to be proved
@!!END

@!!BEGIN
@!!type:obligation
@!!id:1372
@!!loc:940:49:940:53
@!!status:to be proved
@!!END

@!!BEGIN
@!!type:obligation
@!!id:1373
@!!loc:940:55:940:59
@!!status:to be proved
@!!END

@!!BEGIN
@!!type:obligation
@!!id:1374
@!!loc:940:61:940:65
@!!status:to be proved
@!!END

@!!BEGIN
@!!type:obligation
@!!id:1375
@!!loc:940:67:940:71
@!!status:to be proved
@!!END

@!!BEGIN
@!!type:obligation
@!!id:1376
@!!loc:941:48:941:50
@!!status:to be proved
@!!END

@!!BEGIN
@!!type:obligation
@!!id:1377
@!!loc:941:51:941:55
@!!status:to be proved
@!!END

@!!BEGIN
@!!type:obligation
@!!id:1378
@!!loc:941:57:941:61
@!!status:to be proved
@!!END

@!!BEGIN
@!!type:obligation
@!!id:1379
@!!loc:941:63:941:67
@!!status:to be proved
@!!END

@!!BEGIN
@!!type:obligation
@!!id:1380
@!!loc:941:69:941:73
@!!status:to be proved
@!!END

@!!BEGIN
@!!type:obligation
@!!id:1381
@!!loc:941:75:941:79
@!!status:to be proved
@!!END

@!!BEGIN
@!!type:obligation
@!!id:1382
@!!loc:941:81:941:85
@!!status:to be proved
@!!END

@!!BEGIN
@!!type:obligation
@!!id:1383
@!!loc:941:87:941:91
@!!status:to be proved
@!!END

@!!BEGIN
@!!type:obligation
@!!id:1384
@!!loc:941:93:941:97
@!!status:to be proved
@!!END

@!!BEGIN
@!!type:obligation
@!!id:1385
@!!loc:943:3:943:5
@!!status:to be proved
@!!END

@!!BEGIN
@!!type:obligation
@!!id:1386
@!!loc:943:6:943:10
@!!status:to be proved
@!!END

@!!BEGIN
@!!type:obligation
@!!id:1387
@!!loc:943:12:943:16
@!!status:to be proved
@!!END

@!!BEGIN
@!!type:obligation
@!!id:1388
@!!loc:943:18:943:22
@!!status:to be proved
@!!END

@!!BEGIN
@!!type:obligation
@!!id:1389
@!!loc:943:24:943:28
@!!status:to be proved
@!!END

@!!BEGIN
@!!type:obligation
@!!id:1390
@!!loc:943:30:943:42
@!!status:to be proved
@!!END

@!!BEGIN
@!!type:obligation
@!!id:1391
@!!loc:945:3:945:5
@!!status:to be proved
@!!END

@!!BEGIN
@!!type:obligation
@!!id:1392
@!!loc:945:6:945:10
@!!status:to be proved
@!!END

@!!BEGIN
@!!type:obligation
@!!id:1393
@!!loc:945:12:945:16
@!!status:to be proved
@!!END

@!!BEGIN
@!!type:obligation
@!!id:1394
@!!loc:945:18:945:22
@!!status:to be proved
@!!END

@!!BEGIN
@!!type:obligation
@!!id:1395
@!!loc:945:24:945:28
@!!status:to be proved
@!!END

@!!BEGIN
@!!type:obligation
@!!id:1396
@!!loc:945:30:945:34
@!!status:to be proved
@!!END

@!!BEGIN
@!!type:obligation
@!!id:1397
@!!loc:945:36:945:40
@!!status:to be proved
@!!END

@!!BEGIN
@!!type:obligation
@!!id:1398
@!!loc:945:42:945:46
@!!status:to be proved
@!!END

@!!BEGIN
@!!type:obligation
@!!id:1399
@!!loc:945:48:945:52
@!!status:to be proved
@!!END

@!!BEGIN
@!!type:obligation
@!!id:1400
@!!loc:945:54:945:66
@!!status:to be proved
@!!END

@!!BEGIN
@!!type:obligation
@!!id:1401
@!!loc:947:3:947:5
@!!status:to be proved
@!!END

@!!BEGIN
@!!type:obligation
@!!id:1402
@!!loc:947:6:947:10
@!!status:to be proved
@!!END

@!!BEGIN
@!!type:obligation
@!!id:1403
@!!loc:947:12:947:16
@!!status:to be proved
@!!END

@!!BEGIN
@!!type:obligation
@!!id:1404
@!!loc:947:18:947:22
@!!status:to be proved
@!!END

@!!BEGIN
@!!type:obligation
@!!id:1405
@!!loc:948:16:948:18
@!!status:to be proved
@!!END

@!!BEGIN
@!!type:obligation
@!!id:1406
@!!loc:948:19:948:23
@!!status:to be proved
@!!END

@!!BEGIN
@!!type:obligation
@!!id:1407
@!!loc:948:25:948:29
@!!status:to be proved
@!!END

@!!BEGIN
@!!type:obligation
@!!id:1408
@!!loc:948:31:948:36
@!!status:to be proved
@!!END

@!!BEGIN
@!!type:obligation
@!!id:1409
@!!loc:948:38:948:43
@!!status:to be proved
@!!END

@!!BEGIN
@!!type:obligation
@!!id:1410
@!!loc:948:45:948:50
@!!status:to be proved
@!!END

@!!BEGIN
@!!type:obligation
@!!id:1411
@!!loc:948:52:948:63
@!!status:to be proved
@!!END

@!!BEGIN
@!!type:obligation
@!!id:1412
@!!loc:985:10:985:12
@!!status:to be proved
@!!END

@!!BEGIN
@!!type:obligation
@!!id:1413
@!!loc:985:13:985:17
@!!status:to be proved
@!!END

@!!BEGIN
@!!type:obligation
@!!id:1414
@!!loc:985:19:985:23
@!!status:to be proved
@!!END

@!!BEGIN
@!!type:obligation
@!!id:1415
@!!loc:985:25:985:30
@!!status:to be proved
@!!END

@!!BEGIN
@!!type:obligation
@!!id:1416
@!!loc:957:14:957:16
@!!status:to be proved
@!!END

@!!BEGIN
@!!type:obligation
@!!id:1417
@!!loc:958:44:958:46
@!!status:to be proved
@!!END

@!!BEGIN
@!!type:obligation
@!!id:1418
@!!loc:959:14:959:16
@!!status:to be proved
@!!END

@!!BEGIN
@!!type:obligation
@!!id:1419
@!!loc:960:23:960:25
@!!status:to be proved
@!!END

@!!BEGIN
@!!type:obligation
@!!id:1420
@!!loc:960:26:960:30
@!!status:to be proved
@!!END

@!!BEGIN
@!!type:obligation
@!!id:1421
@!!loc:961:80:961:82
@!!status:to be proved
@!!END

@!!BEGIN
@!!type:obligation
@!!id:1422
@!!loc:961:83:961:87
@!!status:to be proved
@!!END

@!!BEGIN
@!!type:obligation
@!!id:1423
@!!loc:965:3:965:5
@!!status:to be proved
@!!END

@!!BEGIN
@!!type:obligation
@!!id:1425
@!!loc:969:3:969:5
@!!status:to be proved
@!!END

@!!BEGIN
@!!type:obligation
@!!id:1426
@!!loc:971:3:971:5
@!!status:to be proved
@!!END

@!!BEGIN
@!!type:obligation
@!!id:1427
@!!loc:971:6:971:17
@!!status:to be proved
@!!END

@!!BEGIN
@!!type:obligation
@!!id:1428
@!!loc:972:38:972:40
@!!status:to be proved
@!!END

@!!BEGIN
@!!type:obligation
@!!id:1429
@!!loc:972:41:972:45
@!!status:to be proved
@!!END

@!!BEGIN
@!!type:obligation
@!!id:1430
@!!loc:972:47:972:51
@!!status:to be proved
@!!END

@!!BEGIN
@!!type:obligation
@!!id:1431
@!!loc:972:53:972:57
@!!status:to be proved
@!!END

@!!BEGIN
@!!type:obligation
@!!id:1432
@!!loc:972:59:972:71
@!!status:to be proved
@!!END

@!!BEGIN
@!!type:obligation
@!!id:1433
@!!loc:974:3:974:5
@!!status:to be proved
@!!END

@!!BEGIN
@!!type:obligation
@!!id:1434
@!!loc:974:6:974:10
@!!status:to be proved
@!!END

@!!BEGIN
@!!type:obligation
@!!id:1435
@!!loc:974:12:974:16
@!!status:to be proved
@!!END

@!!BEGIN
@!!type:obligation
@!!id:1436
@!!loc:974:18:974:22
@!!status:to be proved
@!!END

@!!BEGIN
@!!type:obligation
@!!id:1437
@!!loc:974:24:974:32
@!!status:to be proved
@!!END

@!!BEGIN
@!!type:obligation
@!!id:1438
@!!loc:975:15:975:17
@!!status:to be proved
@!!END

@!!BEGIN
@!!type:obligation
@!!id:1439
@!!loc:975:18:975:22
@!!status:to be proved
@!!END

@!!BEGIN
@!!type:obligation
@!!id:1440
@!!loc:975:24:975:28
@!!status:to be proved
@!!END

@!!BEGIN
@!!type:obligation
@!!id:1441
@!!loc:975:30:975:34
@!!status:to be proved
@!!END

@!!BEGIN
@!!type:obligation
@!!id:1442
@!!loc:975:36:975:40
@!!status:to be proved
@!!END

@!!BEGIN
@!!type:obligation
@!!id:1443
@!!loc:975:42:975:53
@!!status:to be proved
@!!END

@!!BEGIN
@!!type:obligation
@!!id:1444
@!!loc:976:15:976:17
@!!status:to be proved
@!!END

@!!BEGIN
@!!type:obligation
@!!id:1445
@!!loc:976:18:976:22
@!!status:to be proved
@!!END

@!!BEGIN
@!!type:obligation
@!!id:1446
@!!loc:976:24:976:28
@!!status:to be proved
@!!END

@!!BEGIN
@!!type:obligation
@!!id:1447
@!!loc:976:30:976:34
@!!status:to be proved
@!!END

@!!BEGIN
@!!type:obligation
@!!id:1448
@!!loc:976:36:976:40
@!!status:to be proved
@!!END

@!!BEGIN
@!!type:obligation
@!!id:1449
@!!loc:976:42:976:46
@!!status:to be proved
@!!END

@!!BEGIN
@!!type:obligation
@!!id:1450
@!!loc:976:48:976:52
@!!status:to be proved
@!!END

@!!BEGIN
@!!type:obligation
@!!id:1451
@!!loc:977:47:977:49
@!!status:to be proved
@!!END

@!!BEGIN
@!!type:obligation
@!!id:1452
@!!loc:977:50:977:54
@!!status:to be proved
@!!END

@!!BEGIN
@!!type:obligation
@!!id:1453
@!!loc:977:56:977:60
@!!status:to be proved
@!!END

@!!BEGIN
@!!type:obligation
@!!id:1454
@!!loc:977:62:977:66
@!!status:to be proved
@!!END

@!!BEGIN
@!!type:obligation
@!!id:1455
@!!loc:977:68:977:72
@!!status:to be proved
@!!END

@!!BEGIN
@!!type:obligation
@!!id:1456
@!!loc:977:74:977:78
@!!status:to be proved
@!!END

@!!BEGIN
@!!type:obligation
@!!id:1457
@!!loc:979:3:979:5
@!!status:to be proved
@!!END

@!!BEGIN
@!!type:obligation
@!!id:1458
@!!loc:979:6:979:10
@!!status:to be proved
@!!END

@!!BEGIN
@!!type:obligation
@!!id:1459
@!!loc:979:12:979:16
@!!status:to be proved
@!!END

@!!BEGIN
@!!type:obligation
@!!id:1460
@!!loc:979:18:979:22
@!!status:to be proved
@!!END

@!!BEGIN
@!!type:obligation
@!!id:1461
@!!loc:979:24:979:28
@!!status:to be proved
@!!END

@!!BEGIN
@!!type:obligation
@!!id:1462
@!!loc:979:30:979:42
@!!status:to be proved
@!!END

@!!BEGIN
@!!type:obligation
@!!id:1463
@!!loc:981:3:981:5
@!!status:to be proved
@!!END

@!!BEGIN
@!!type:obligation
@!!id:1464
@!!loc:981:6:981:10
@!!status:to be proved
@!!END

@!!BEGIN
@!!type:obligation
@!!id:1465
@!!loc:981:12:981:16
@!!status:to be proved
@!!END

@!!BEGIN
@!!type:obligation
@!!id:1466
@!!loc:981:18:981:22
@!!status:to be proved
@!!END

@!!BEGIN
@!!type:obligation
@!!id:1467
@!!loc:981:24:981:28
@!!status:to be proved
@!!END

@!!BEGIN
@!!type:obligation
@!!id:1468
@!!loc:981:30:981:34
@!!status:to be proved
@!!END

@!!BEGIN
@!!type:obligation
@!!id:1469
@!!loc:981:36:981:48
@!!status:to be proved
@!!END

@!!BEGIN
@!!type:obligation
@!!id:1470
@!!loc:983:3:983:5
@!!status:to be proved
@!!END

@!!BEGIN
@!!type:obligation
@!!id:1471
@!!loc:983:6:983:10
@!!status:to be proved
@!!END

@!!BEGIN
@!!type:obligation
@!!id:1472
@!!loc:983:12:983:16
@!!status:to be proved
@!!END

@!!BEGIN
@!!type:obligation
@!!id:1473
@!!loc:983:18:983:22
@!!status:to be proved
@!!END

@!!BEGIN
@!!type:obligation
@!!id:1474
@!!loc:984:16:984:18
@!!status:to be proved
@!!END

@!!BEGIN
@!!type:obligation
@!!id:1475
@!!loc:984:19:984:23
@!!status:to be proved
@!!END

@!!BEGIN
@!!type:obligation
@!!id:1476
@!!loc:984:25:984:29
@!!status:to be proved
@!!END

@!!BEGIN
@!!type:obligation
@!!id:1477
@!!loc:984:31:984:35
@!!status:to be proved
@!!END

@!!BEGIN
@!!type:obligation
@!!id:1478
@!!loc:984:37:984:42
@!!status:to be proved
@!!END

@!!BEGIN
@!!type:obligation
@!!id:1479
@!!loc:984:44:984:49
@!!status:to be proved
@!!END

@!!BEGIN
@!!type:obligation
@!!id:1480
@!!loc:984:51:984:62
@!!status:to be proved
@!!END

@!!BEGIN
@!!type:obligation
@!!id:1481
@!!loc:1015:10:1015:12
@!!status:to be proved
@!!END

@!!BEGIN
@!!type:obligation
@!!id:1482
@!!loc:1015:13:1015:17
@!!status:to be proved
@!!END

@!!BEGIN
@!!type:obligation
@!!id:1483
@!!loc:1015:19:1015:23
@!!status:to be proved
@!!END

@!!BEGIN
@!!type:obligation
@!!id:1484
@!!loc:1015:25:1015:30
@!!status:to be proved
@!!END

@!!BEGIN
@!!type:obligation
@!!id:1485
@!!loc:990:14:990:16
@!!status:to be proved
@!!END

@!!BEGIN
@!!type:obligation
@!!id:1486
@!!loc:991:44:991:46
@!!status:to be proved
@!!END

@!!BEGIN
@!!type:obligation
@!!id:1487
@!!loc:992:14:992:16
@!!status:to be proved
@!!END

@!!BEGIN
@!!type:obligation
@!!id:1488
@!!loc:993:23:993:25
@!!status:to be proved
@!!END

@!!BEGIN
@!!type:obligation
@!!id:1489
@!!loc:993:26:993:30
@!!status:to be proved
@!!END

@!!BEGIN
@!!type:obligation
@!!id:1490
@!!loc:994:80:994:82
@!!status:to be proved
@!!END

@!!BEGIN
@!!type:obligation
@!!id:1491
@!!loc:994:83:994:87
@!!status:to be proved
@!!END

@!!BEGIN
@!!type:obligation
@!!id:1492
@!!loc:998:3:998:5
@!!status:to be proved
@!!END

@!!BEGIN
@!!type:obligation
@!!id:1493
@!!loc:999:12:999:19
@!!status:to be proved
@!!END

@!!BEGIN
@!!type:obligation
@!!id:1494
@!!loc:1001:3:1001:5
@!!status:to be proved
@!!END

@!!BEGIN
@!!type:obligation
@!!id:1495
@!!loc:1001:6:1001:10
@!!status:to be proved
@!!END

@!!BEGIN
@!!type:obligation
@!!id:1496
@!!loc:1001:12:1001:24
@!!status:to be proved
@!!END

@!!BEGIN
@!!type:obligation
@!!id:1497
@!!loc:1002:35:1002:37
@!!status:to be proved
@!!END

@!!BEGIN
@!!type:obligation
@!!id:1498
@!!loc:1002:38:1002:42
@!!status:to be proved
@!!END

@!!BEGIN
@!!type:obligation
@!!id:1499
@!!loc:1002:44:1002:48
@!!status:to be proved
@!!END

@!!BEGIN
@!!type:obligation
@!!id:1500
@!!loc:1002:50:1002:54
@!!status:to be proved
@!!END

@!!BEGIN
@!!type:obligation
@!!id:1501
@!!loc:1002:56:1002:68
@!!status:to be proved
@!!END

@!!BEGIN
@!!type:obligation
@!!id:1502
@!!loc:1004:3:1004:5
@!!status:to be proved
@!!END

@!!BEGIN
@!!type:obligation
@!!id:1503
@!!loc:1004:6:1004:10
@!!status:to be proved
@!!END

@!!BEGIN
@!!type:obligation
@!!id:1504
@!!loc:1004:12:1004:16
@!!status:to be proved
@!!END

@!!BEGIN
@!!type:obligation
@!!id:1505
@!!loc:1004:18:1004:22
@!!status:to be proved
@!!END

@!!BEGIN
@!!type:obligation
@!!id:1506
@!!loc:1004:24:1004:32
@!!status:to be proved
@!!END

@!!BEGIN
@!!type:obligation
@!!id:1507
@!!loc:1005:15:1005:17
@!!status:to be proved
@!!END

@!!BEGIN
@!!type:obligation
@!!id:1508
@!!loc:1005:18:1005:22
@!!status:to be proved
@!!END

@!!BEGIN
@!!type:obligation
@!!id:1509
@!!loc:1005:24:1005:28
@!!status:to be proved
@!!END

@!!BEGIN
@!!type:obligation
@!!id:1510
@!!loc:1005:30:1005:34
@!!status:to be proved
@!!END

@!!BEGIN
@!!type:obligation
@!!id:1511
@!!loc:1005:36:1005:40
@!!status:to be proved
@!!END

@!!BEGIN
@!!type:obligation
@!!id:1512
@!!loc:1005:42:1005:53
@!!status:to be proved
@!!END

@!!BEGIN
@!!type:obligation
@!!id:1513
@!!loc:1006:15:1006:17
@!!status:to be proved
@!!END

@!!BEGIN
@!!type:obligation
@!!id:1514
@!!loc:1006:18:1006:22
@!!status:to be proved
@!!END

@!!BEGIN
@!!type:obligation
@!!id:1515
@!!loc:1006:24:1006:28
@!!status:to be proved
@!!END

@!!BEGIN
@!!type:obligation
@!!id:1516
@!!loc:1006:30:1006:34
@!!status:to be proved
@!!END

@!!BEGIN
@!!type:obligation
@!!id:1517
@!!loc:1006:36:1006:40
@!!status:to be proved
@!!END

@!!BEGIN
@!!type:obligation
@!!id:1518
@!!loc:1006:42:1006:46
@!!status:to be proved
@!!END

@!!BEGIN
@!!type:obligation
@!!id:1519
@!!loc:1006:48:1006:52
@!!status:to be proved
@!!END

@!!BEGIN
@!!type:obligation
@!!id:1520
@!!loc:1007:47:1007:49
@!!status:to be proved
@!!END

@!!BEGIN
@!!type:obligation
@!!id:1521
@!!loc:1007:50:1007:54
@!!status:to be proved
@!!END

@!!BEGIN
@!!type:obligation
@!!id:1522
@!!loc:1007:56:1007:60
@!!status:to be proved
@!!END

@!!BEGIN
@!!type:obligation
@!!id:1523
@!!loc:1007:62:1007:66
@!!status:to be proved
@!!END

@!!BEGIN
@!!type:obligation
@!!id:1524
@!!loc:1007:68:1007:72
@!!status:to be proved
@!!END

@!!BEGIN
@!!type:obligation
@!!id:1525
@!!loc:1007:74:1007:78
@!!status:to be proved
@!!END

@!!BEGIN
@!!type:obligation
@!!id:1526
@!!loc:1009:3:1009:5
@!!status:to be proved
@!!END

@!!BEGIN
@!!type:obligation
@!!id:1527
@!!loc:1009:6:1009:10
@!!status:to be proved
@!!END

@!!BEGIN
@!!type:obligation
@!!id:1528
@!!loc:1009:12:1009:16
@!!status:to be proved
@!!END

@!!BEGIN
@!!type:obligation
@!!id:1529
@!!loc:1009:18:1009:22
@!!status:to be proved
@!!END

@!!BEGIN
@!!type:obligation
@!!id:1530
@!!loc:1009:24:1009:28
@!!status:to be proved
@!!END

@!!BEGIN
@!!type:obligation
@!!id:1531
@!!loc:1009:30:1009:42
@!!status:to be proved
@!!END

@!!BEGIN
@!!type:obligation
@!!id:1532
@!!loc:1011:3:1011:5
@!!status:to be proved
@!!END

@!!BEGIN
@!!type:obligation
@!!id:1533
@!!loc:1011:6:1011:10
@!!status:to be proved
@!!END

@!!BEGIN
@!!type:obligation
@!!id:1534
@!!loc:1011:12:1011:16
@!!status:to be proved
@!!END

@!!BEGIN
@!!type:obligation
@!!id:1535
@!!loc:1011:18:1011:22
@!!status:to be proved
@!!END

@!!BEGIN
@!!type:obligation
@!!id:1536
@!!loc:1011:24:1011:28
@!!status:to be proved
@!!END

@!!BEGIN
@!!type:obligation
@!!id:1537
@!!loc:1011:30:1011:34
@!!status:to be proved
@!!END

@!!BEGIN
@!!type:obligation
@!!id:1538
@!!loc:1011:36:1011:48
@!!status:to be proved
@!!END

@!!BEGIN
@!!type:obligation
@!!id:1539
@!!loc:1013:3:1013:5
@!!status:to be proved
@!!END

@!!BEGIN
@!!type:obligation
@!!id:1540
@!!loc:1013:6:1013:10
@!!status:to be proved
@!!END

@!!BEGIN
@!!type:obligation
@!!id:1541
@!!loc:1013:12:1013:16
@!!status:to be proved
@!!END

@!!BEGIN
@!!type:obligation
@!!id:1542
@!!loc:1013:18:1013:22
@!!status:to be proved
@!!END

@!!BEGIN
@!!type:obligation
@!!id:1543
@!!loc:1014:16:1014:18
@!!status:to be proved
@!!END

@!!BEGIN
@!!type:obligation
@!!id:1544
@!!loc:1014:19:1014:23
@!!status:to be proved
@!!END

@!!BEGIN
@!!type:obligation
@!!id:1545
@!!loc:1014:25:1014:29
@!!status:to be proved
@!!END

@!!BEGIN
@!!type:obligation
@!!id:1546
@!!loc:1014:31:1014:35
@!!status:to be proved
@!!END

@!!BEGIN
@!!type:obligation
@!!id:1547
@!!loc:1014:37:1014:42
@!!status:to be proved
@!!END

@!!BEGIN
@!!type:obligation
@!!id:1548
@!!loc:1014:44:1014:49
@!!status:to be proved
@!!END

@!!BEGIN
@!!type:obligation
@!!id:1549
@!!loc:1014:51:1014:62
@!!status:to be proved
@!!END

@!!BEGIN
@!!type:obligation
@!!id:1550
@!!loc:1055:10:1055:12
@!!status:to be proved
@!!END

@!!BEGIN
@!!type:obligation
@!!id:1551
@!!loc:1055:13:1055:18
@!!status:to be proved
@!!END

@!!BEGIN
@!!type:obligation
@!!id:1552
@!!loc:1055:20:1055:25
@!!status:to be proved
@!!END

@!!BEGIN
@!!type:obligation
@!!id:1553
@!!loc:1055:27:1055:32
@!!status:to be proved
@!!END

@!!BEGIN
@!!type:obligation
@!!id:1554
@!!loc:1020:14:1020:16
@!!status:to be proved
@!!END

@!!BEGIN
@!!type:obligation
@!!id:1555
@!!loc:1021:44:1021:46
@!!status:to be proved
@!!END

@!!BEGIN
@!!type:obligation
@!!id:1556
@!!loc:1022:14:1022:16
@!!status:to be proved
@!!END

@!!BEGIN
@!!type:obligation
@!!id:1557
@!!loc:1023:23:1023:25
@!!status:to be proved
@!!END

@!!BEGIN
@!!type:obligation
@!!id:1558
@!!loc:1023:26:1023:30
@!!status:to be proved
@!!END

@!!BEGIN
@!!type:obligation
@!!id:1559
@!!loc:1024:80:1024:82
@!!status:to be proved
@!!END

@!!BEGIN
@!!type:obligation
@!!id:1560
@!!loc:1024:83:1024:87
@!!status:to be proved
@!!END

@!!BEGIN
@!!type:obligation
@!!id:1561
@!!loc:1029:3:1029:5
@!!status:to be proved
@!!END

@!!BEGIN
@!!type:obligation
@!!id:1563
@!!loc:1032:3:1032:5
@!!status:to be proved
@!!END

@!!BEGIN
@!!type:obligation
@!!id:1564
@!!loc:1035:3:1035:5
@!!status:to be proved
@!!END

@!!BEGIN
@!!type:obligation
@!!id:1565
@!!loc:1035:6:1035:10
@!!status:to be proved
@!!END

@!!BEGIN
@!!type:obligation
@!!id:1566
@!!loc:1035:12:1035:24
@!!status:to be proved
@!!END

@!!BEGIN
@!!type:obligation
@!!id:1567
@!!loc:1036:34:1036:36
@!!status:to be proved
@!!END

@!!BEGIN
@!!type:obligation
@!!id:1568
@!!loc:1036:37:1036:41
@!!status:to be proved
@!!END

@!!BEGIN
@!!type:obligation
@!!id:1569
@!!loc:1036:43:1036:52
@!!status:to be proved
@!!END

@!!BEGIN
@!!type:obligation
@!!id:1570
@!!loc:1039:3:1039:5
@!!status:to be proved
@!!END

@!!BEGIN
@!!type:obligation
@!!id:1571
@!!loc:1039:6:1039:10
@!!status:to be proved
@!!END

@!!BEGIN
@!!type:obligation
@!!id:1572
@!!loc:1039:12:1039:16
@!!status:to be proved
@!!END

@!!BEGIN
@!!type:obligation
@!!id:1573
@!!loc:1039:18:1039:30
@!!status:to be proved
@!!END

@!!BEGIN
@!!type:obligation
@!!id:1574
@!!loc:1041:3:1041:5
@!!status:to be proved
@!!END

@!!BEGIN
@!!type:obligation
@!!id:1575
@!!loc:1041:6:1041:10
@!!status:to be proved
@!!END

@!!BEGIN
@!!type:obligation
@!!id:1576
@!!loc:1041:12:1041:16
@!!status:to be proved
@!!END

@!!BEGIN
@!!type:obligation
@!!id:1577
@!!loc:1041:18:1041:22
@!!status:to be proved
@!!END

@!!BEGIN
@!!type:obligation
@!!id:1578
@!!loc:1041:24:1041:33
@!!status:to be proved
@!!END

@!!BEGIN
@!!type:obligation
@!!id:1579
@!!loc:1041:35:1041:47
@!!status:to be proved
@!!END

@!!BEGIN
@!!type:obligation
@!!id:1580
@!!loc:1043:3:1043:5
@!!status:to be proved
@!!END

@!!BEGIN
@!!type:obligation
@!!id:1581
@!!loc:1043:6:1043:10
@!!status:to be proved
@!!END

@!!BEGIN
@!!type:obligation
@!!id:1582
@!!loc:1043:12:1043:16
@!!status:to be proved
@!!END

@!!BEGIN
@!!type:obligation
@!!id:1583
@!!loc:1043:18:1043:22
@!!status:to be proved
@!!END

@!!BEGIN
@!!type:obligation
@!!id:1584
@!!loc:1043:24:1043:28
@!!status:to be proved
@!!END

@!!BEGIN
@!!type:obligation
@!!id:1585
@!!loc:1043:30:1043:34
@!!status:to be proved
@!!END

@!!BEGIN
@!!type:obligation
@!!id:1586
@!!loc:1043:36:1043:48
@!!status:to be proved
@!!END

@!!BEGIN
@!!type:obligation
@!!id:1587
@!!loc:1045:3:1045:5
@!!status:to be proved
@!!END

@!!BEGIN
@!!type:obligation
@!!id:1588
@!!loc:1045:6:1045:10
@!!status:to be proved
@!!END

@!!BEGIN
@!!type:obligation
@!!id:1589
@!!loc:1045:12:1045:16
@!!status:to be proved
@!!END

@!!BEGIN
@!!type:obligation
@!!id:1590
@!!loc:1045:18:1045:22
@!!status:to be proved
@!!END

@!!BEGIN
@!!type:obligation
@!!id:1591
@!!loc:1045:24:1045:32
@!!status:to be proved
@!!END

@!!BEGIN
@!!type:obligation
@!!id:1592
@!!loc:1046:15:1046:17
@!!status:to be proved
@!!END

@!!BEGIN
@!!type:obligation
@!!id:1593
@!!loc:1046:18:1046:22
@!!status:to be proved
@!!END

@!!BEGIN
@!!type:obligation
@!!id:1594
@!!loc:1046:24:1046:28
@!!status:to be proved
@!!END

@!!BEGIN
@!!type:obligation
@!!id:1595
@!!loc:1046:30:1046:34
@!!status:to be proved
@!!END

@!!BEGIN
@!!type:obligation
@!!id:1596
@!!loc:1046:36:1046:47
@!!status:to be proved
@!!END

@!!BEGIN
@!!type:obligation
@!!id:1597
@!!loc:1047:16:1047:18
@!!status:to be proved
@!!END

@!!BEGIN
@!!type:obligation
@!!id:1598
@!!loc:1047:19:1047:23
@!!status:to be proved
@!!END

@!!BEGIN
@!!type:obligation
@!!id:1599
@!!loc:1047:25:1047:29
@!!status:to be proved
@!!END

@!!BEGIN
@!!type:obligation
@!!id:1600
@!!loc:1047:31:1047:35
@!!status:to be proved
@!!END

@!!BEGIN
@!!type:obligation
@!!id:1601
@!!loc:1047:37:1047:41
@!!status:to be proved
@!!END

@!!BEGIN
@!!type:obligation
@!!id:1602
@!!loc:1047:43:1047:47
@!!status:to be proved
@!!END

@!!BEGIN
@!!type:obligation
@!!id:1603
@!!loc:1047:49:1047:53
@!!status:to be proved
@!!END

@!!BEGIN
@!!type:obligation
@!!id:1604
@!!loc:1048:48:1048:50
@!!status:to be proved
@!!END

@!!BEGIN
@!!type:obligation
@!!id:1605
@!!loc:1048:51:1048:55
@!!status:to be proved
@!!END

@!!BEGIN
@!!type:obligation
@!!id:1606
@!!loc:1048:57:1048:61
@!!status:to be proved
@!!END

@!!BEGIN
@!!type:obligation
@!!id:1607
@!!loc:1051:3:1051:5
@!!status:to be proved
@!!END

@!!BEGIN
@!!type:obligation
@!!id:1608
@!!loc:1051:6:1051:10
@!!status:to be proved
@!!END

@!!BEGIN
@!!type:obligation
@!!id:1609
@!!loc:1051:12:1051:16
@!!status:to be proved
@!!END

@!!BEGIN
@!!type:obligation
@!!id:1610
@!!loc:1051:18:1051:22
@!!status:to be proved
@!!END

@!!BEGIN
@!!type:obligation
@!!id:1611
@!!loc:1051:24:1051:28
@!!status:to be proved
@!!END

@!!BEGIN
@!!type:obligation
@!!id:1612
@!!loc:1053:3:1053:5
@!!status:to be proved
@!!END

@!!BEGIN
@!!type:obligation
@!!id:1613
@!!loc:1053:6:1053:10
@!!status:to be proved
@!!END

@!!BEGIN
@!!type:obligation
@!!id:1614
@!!loc:1053:12:1053:16
@!!status:to be proved
@!!END

@!!BEGIN
@!!type:obligation
@!!id:1615
@!!loc:1054:16:1054:18
@!!status:to be proved
@!!END

@!!BEGIN
@!!type:obligation
@!!id:1616
@!!loc:1054:19:1054:23
@!!status:to be proved
@!!END

@!!BEGIN
@!!type:obligation
@!!id:1617
@!!loc:1054:25:1054:29
@!!status:to be proved
@!!END

@!!BEGIN
@!!type:obligation
@!!id:1618
@!!loc:1054:31:1054:36
@!!status:to be proved
@!!END

@!!BEGIN
@!!type:obligation
@!!id:1619
@!!loc:1054:38:1054:44
@!!status:to be proved
@!!END

@!!BEGIN
@!!type:obligation
@!!id:1620
@!!loc:1054:46:1054:57
@!!status:to be proved
@!!END

@!!BEGIN
@!!type:obligation
@!!id:1621
@!!loc:1086:10:1086:12
@!!status:to be proved
@!!END

@!!BEGIN
@!!type:obligation
@!!id:1622
@!!loc:1086:13:1086:17
@!!status:to be proved
@!!END

@!!BEGIN
@!!type:obligation
@!!id:1623
@!!loc:1086:19:1086:23
@!!status:to be proved
@!!END

@!!BEGIN
@!!type:obligation
@!!id:1624
@!!loc:1086:25:1086:30
@!!status:to be proved
@!!END

@!!BEGIN
@!!type:obligation
@!!id:1625
@!!loc:1063:14:1063:16
@!!status:to be proved
@!!END

@!!BEGIN
@!!type:obligation
@!!id:1626
@!!loc:1064:44:1064:46
@!!status:to be proved
@!!END

@!!BEGIN
@!!type:obligation
@!!id:1627
@!!loc:1065:14:1065:16
@!!status:to be proved
@!!END

@!!BEGIN
@!!type:obligation
@!!id:1628
@!!loc:1066:23:1066:25
@!!status:to be proved
@!!END

@!!BEGIN
@!!type:obligation
@!!id:1629
@!!loc:1066:26:1066:30
@!!status:to be proved
@!!END

@!!BEGIN
@!!type:obligation
@!!id:1630
@!!loc:1067:80:1067:82
@!!status:to be proved
@!!END

@!!BEGIN
@!!type:obligation
@!!id:1631
@!!loc:1067:83:1067:87
@!!status:to be proved
@!!END

@!!BEGIN
@!!type:obligation
@!!id:1632
@!!loc:1071:3:1071:5
@!!status:to be proved
@!!END

@!!BEGIN
@!!type:obligation
@!!id:1633
@!!loc:1072:12:1072:19
@!!status:to be proved
@!!END

@!!BEGIN
@!!type:obligation
@!!id:1634
@!!loc:1073:32:1073:34
@!!status:to be proved
@!!END

@!!BEGIN
@!!type:obligation
@!!id:1635
@!!loc:1073:35:1073:39
@!!status:to be proved
@!!END

@!!BEGIN
@!!type:obligation
@!!id:1636
@!!loc:1073:41:1073:45
@!!status:to be proved
@!!END

@!!BEGIN
@!!type:obligation
@!!id:1637
@!!loc:1073:47:1073:59
@!!status:to be proved
@!!END

@!!BEGIN
@!!type:obligation
@!!id:1638
@!!loc:1075:3:1075:5
@!!status:to be proved
@!!END

@!!BEGIN
@!!type:obligation
@!!id:1639
@!!loc:1075:6:1075:10
@!!status:to be proved
@!!END

@!!BEGIN
@!!type:obligation
@!!id:1640
@!!loc:1075:12:1075:16
@!!status:to be proved
@!!END

@!!BEGIN
@!!type:obligation
@!!id:1641
@!!loc:1075:18:1075:22
@!!status:to be proved
@!!END

@!!BEGIN
@!!type:obligation
@!!id:1642
@!!loc:1075:24:1075:32
@!!status:to be proved
@!!END

@!!BEGIN
@!!type:obligation
@!!id:1643
@!!loc:1076:15:1076:17
@!!status:to be proved
@!!END

@!!BEGIN
@!!type:obligation
@!!id:1644
@!!loc:1076:18:1076:22
@!!status:to be proved
@!!END

@!!BEGIN
@!!type:obligation
@!!id:1645
@!!loc:1076:24:1076:28
@!!status:to be proved
@!!END

@!!BEGIN
@!!type:obligation
@!!id:1646
@!!loc:1076:30:1076:34
@!!status:to be proved
@!!END

@!!BEGIN
@!!type:obligation
@!!id:1647
@!!loc:1076:36:1076:40
@!!status:to be proved
@!!END

@!!BEGIN
@!!type:obligation
@!!id:1648
@!!loc:1076:42:1076:53
@!!status:to be proved
@!!END

@!!BEGIN
@!!type:obligation
@!!id:1649
@!!loc:1077:15:1077:17
@!!status:to be proved
@!!END

@!!BEGIN
@!!type:obligation
@!!id:1650
@!!loc:1077:18:1077:22
@!!status:to be proved
@!!END

@!!BEGIN
@!!type:obligation
@!!id:1651
@!!loc:1077:24:1077:28
@!!status:to be proved
@!!END

@!!BEGIN
@!!type:obligation
@!!id:1652
@!!loc:1077:30:1077:34
@!!status:to be proved
@!!END

@!!BEGIN
@!!type:obligation
@!!id:1653
@!!loc:1077:36:1077:40
@!!status:to be proved
@!!END

@!!BEGIN
@!!type:obligation
@!!id:1654
@!!loc:1077:42:1077:46
@!!status:to be proved
@!!END

@!!BEGIN
@!!type:obligation
@!!id:1655
@!!loc:1078:47:1078:49
@!!status:to be proved
@!!END

@!!BEGIN
@!!type:obligation
@!!id:1656
@!!loc:1078:50:1078:54
@!!status:to be proved
@!!END

@!!BEGIN
@!!type:obligation
@!!id:1657
@!!loc:1078:56:1078:60
@!!status:to be proved
@!!END

@!!BEGIN
@!!type:obligation
@!!id:1658
@!!loc:1078:62:1078:66
@!!status:to be proved
@!!END

@!!BEGIN
@!!type:obligation
@!!id:1659
@!!loc:1078:68:1078:72
@!!status:to be proved
@!!END

@!!BEGIN
@!!type:obligation
@!!id:1660
@!!loc:1080:3:1080:5
@!!status:to be proved
@!!END

@!!BEGIN
@!!type:obligation
@!!id:1661
@!!loc:1080:6:1080:10
@!!status:to be proved
@!!END

@!!BEGIN
@!!type:obligation
@!!id:1662
@!!loc:1080:12:1080:16
@!!status:to be proved
@!!END

@!!BEGIN
@!!type:obligation
@!!id:1663
@!!loc:1080:18:1080:22
@!!status:to be proved
@!!END

@!!BEGIN
@!!type:obligation
@!!id:1664
@!!loc:1080:24:1080:28
@!!status:to be proved
@!!END

@!!BEGIN
@!!type:obligation
@!!id:1665
@!!loc:1080:30:1080:42
@!!status:to be proved
@!!END

@!!BEGIN
@!!type:obligation
@!!id:1666
@!!loc:1082:3:1082:5
@!!status:to be proved
@!!END

@!!BEGIN
@!!type:obligation
@!!id:1667
@!!loc:1082:6:1082:10
@!!status:to be proved
@!!END

@!!BEGIN
@!!type:obligation
@!!id:1668
@!!loc:1082:12:1082:16
@!!status:to be proved
@!!END

@!!BEGIN
@!!type:obligation
@!!id:1669
@!!loc:1082:18:1082:22
@!!status:to be proved
@!!END

@!!BEGIN
@!!type:obligation
@!!id:1670
@!!loc:1082:24:1082:28
@!!status:to be proved
@!!END

@!!BEGIN
@!!type:obligation
@!!id:1671
@!!loc:1082:30:1082:42
@!!status:to be proved
@!!END

@!!BEGIN
@!!type:obligation
@!!id:1672
@!!loc:1084:3:1084:5
@!!status:to be proved
@!!END

@!!BEGIN
@!!type:obligation
@!!id:1673
@!!loc:1084:6:1084:10
@!!status:to be proved
@!!END

@!!BEGIN
@!!type:obligation
@!!id:1674
@!!loc:1084:12:1084:16
@!!status:to be proved
@!!END

@!!BEGIN
@!!type:obligation
@!!id:1675
@!!loc:1084:18:1084:22
@!!status:to be proved
@!!END

@!!BEGIN
@!!type:obligation
@!!id:1676
@!!loc:1085:16:1085:18
@!!status:to be proved
@!!END

@!!BEGIN
@!!type:obligation
@!!id:1677
@!!loc:1085:19:1085:23
@!!status:to be proved
@!!END

@!!BEGIN
@!!type:obligation
@!!id:1678
@!!loc:1085:25:1085:29
@!!status:to be proved
@!!END

@!!BEGIN
@!!type:obligation
@!!id:1679
@!!loc:1085:31:1085:35
@!!status:to be proved
@!!END

@!!BEGIN
@!!type:obligation
@!!id:1680
@!!loc:1085:37:1085:41
@!!status:to be proved
@!!END

@!!BEGIN
@!!type:obligation
@!!id:1681
@!!loc:1085:43:1085:48
@!!status:to be proved
@!!END

@!!BEGIN
@!!type:obligation
@!!id:1682
@!!loc:1085:50:1085:61
@!!status:to be proved
@!!END

@!!BEGIN
@!!type:obligation
@!!id:1683
@!!loc:1126:10:1126:12
@!!status:to be proved
@!!END

@!!BEGIN
@!!type:obligation
@!!id:1684
@!!loc:1126:13:1126:18
@!!status:to be proved
@!!END

@!!BEGIN
@!!type:obligation
@!!id:1685
@!!loc:1126:20:1126:25
@!!status:to be proved
@!!END

@!!BEGIN
@!!type:obligation
@!!id:1686
@!!loc:1126:27:1126:32
@!!status:to be proved
@!!END

@!!BEGIN
@!!type:obligation
@!!id:1687
@!!loc:1091:14:1091:16
@!!status:to be proved
@!!END

@!!BEGIN
@!!type:obligation
@!!id:1688
@!!loc:1092:44:1092:46
@!!status:to be proved
@!!END

@!!BEGIN
@!!type:obligation
@!!id:1689
@!!loc:1093:14:1093:16
@!!status:to be proved
@!!END

@!!BEGIN
@!!type:obligation
@!!id:1690
@!!loc:1094:23:1094:25
@!!status:to be proved
@!!END

@!!BEGIN
@!!type:obligation
@!!id:1691
@!!loc:1094:26:1094:30
@!!status:to be proved
@!!END

@!!BEGIN
@!!type:obligation
@!!id:1692
@!!loc:1095:80:1095:82
@!!status:to be proved
@!!END

@!!BEGIN
@!!type:obligation
@!!id:1693
@!!loc:1095:83:1095:87
@!!status:to be proved
@!!END

@!!BEGIN
@!!type:obligation
@!!id:1694
@!!loc:1101:3:1101:5
@!!status:to be proved
@!!END

@!!BEGIN
@!!type:obligation
@!!id:1696
@!!loc:1104:3:1104:5
@!!status:to be proved
@!!END

@!!BEGIN
@!!type:obligation
@!!id:1697
@!!loc:1106:3:1106:5
@!!status:to be proved
@!!END

@!!BEGIN
@!!type:obligation
@!!id:1698
@!!loc:1108:3:1108:5
@!!status:to be proved
@!!END

@!!BEGIN
@!!type:obligation
@!!id:1699
@!!loc:1108:6:1108:10
@!!status:to be proved
@!!END

@!!BEGIN
@!!type:obligation
@!!id:1700
@!!loc:1108:12:1108:21
@!!status:to be proved
@!!END

@!!BEGIN
@!!type:obligation
@!!id:1701
@!!loc:1110:3:1110:5
@!!status:to be proved
@!!END

@!!BEGIN
@!!type:obligation
@!!id:1702
@!!loc:1110:6:1110:10
@!!status:to be proved
@!!END

@!!BEGIN
@!!type:obligation
@!!id:1703
@!!loc:1110:12:1110:16
@!!status:to be proved
@!!END

@!!BEGIN
@!!type:obligation
@!!id:1704
@!!loc:1110:18:1110:25
@!!status:to be proved
@!!END

@!!BEGIN
@!!type:obligation
@!!id:1705
@!!loc:1112:3:1112:5
@!!status:to be proved
@!!END

@!!BEGIN
@!!type:obligation
@!!id:1706
@!!loc:1112:6:1112:10
@!!status:to be proved
@!!END

@!!BEGIN
@!!type:obligation
@!!id:1707
@!!loc:1112:12:1112:16
@!!status:to be proved
@!!END

@!!BEGIN
@!!type:obligation
@!!id:1708
@!!loc:1112:18:1112:30
@!!status:to be proved
@!!END

@!!BEGIN
@!!type:obligation
@!!id:1709
@!!loc:1113:38:1113:40
@!!status:to be proved
@!!END

@!!BEGIN
@!!type:obligation
@!!id:1710
@!!loc:1113:41:1113:45
@!!status:to be proved
@!!END

@!!BEGIN
@!!type:obligation
@!!id:1711
@!!loc:1113:47:1113:51
@!!status:to be proved
@!!END

@!!BEGIN
@!!type:obligation
@!!id:1712
@!!loc:1113:53:1113:57
@!!status:to be proved
@!!END

@!!BEGIN
@!!type:obligation
@!!id:1713
@!!loc:1113:59:1113:63
@!!status:to be proved
@!!END

@!!BEGIN
@!!type:obligation
@!!id:1714
@!!loc:1113:65:1113:69
@!!status:to be proved
@!!END

@!!BEGIN
@!!type:obligation
@!!id:1715
@!!loc:1113:71:1113:75
@!!status:to be proved
@!!END

@!!BEGIN
@!!type:obligation
@!!id:1716
@!!loc:1113:77:1113:89
@!!status:to be proved
@!!END

@!!BEGIN
@!!type:obligation
@!!id:1717
@!!loc:1115:3:1115:5
@!!status:to be proved
@!!END

@!!BEGIN
@!!type:obligation
@!!id:1718
@!!loc:1115:6:1115:10
@!!status:to be proved
@!!END

@!!BEGIN
@!!type:obligation
@!!id:1719
@!!loc:1115:12:1115:16
@!!status:to be proved
@!!END

@!!BEGIN
@!!type:obligation
@!!id:1720
@!!loc:1115:18:1115:22
@!!status:to be proved
@!!END

@!!BEGIN
@!!type:obligation
@!!id:1721
@!!loc:1115:24:1115:32
@!!status:to be proved
@!!END

@!!BEGIN
@!!type:obligation
@!!id:1722
@!!loc:1116:15:1116:17
@!!status:to be proved
@!!END

@!!BEGIN
@!!type:obligation
@!!id:1723
@!!loc:1116:18:1116:22
@!!status:to be proved
@!!END

@!!BEGIN
@!!type:obligation
@!!id:1724
@!!loc:1116:24:1116:28
@!!status:to be proved
@!!END

@!!BEGIN
@!!type:obligation
@!!id:1725
@!!loc:1116:30:1116:34
@!!status:to be proved
@!!END

@!!BEGIN
@!!type:obligation
@!!id:1726
@!!loc:1116:36:1116:40
@!!status:to be proved
@!!END

@!!BEGIN
@!!type:obligation
@!!id:1727
@!!loc:1116:42:1116:53
@!!status:to be proved
@!!END

@!!BEGIN
@!!type:obligation
@!!id:1728
@!!loc:1117:16:1117:18
@!!status:to be proved
@!!END

@!!BEGIN
@!!type:obligation
@!!id:1729
@!!loc:1117:19:1117:23
@!!status:to be proved
@!!END

@!!BEGIN
@!!type:obligation
@!!id:1730
@!!loc:1117:25:1117:29
@!!status:to be proved
@!!END

@!!BEGIN
@!!type:obligation
@!!id:1731
@!!loc:1117:31:1117:35
@!!status:to be proved
@!!END

@!!BEGIN
@!!type:obligation
@!!id:1732
@!!loc:1117:37:1117:41
@!!status:to be proved
@!!END

@!!BEGIN
@!!type:obligation
@!!id:1733
@!!loc:1117:43:1117:47
@!!status:to be proved
@!!END

@!!BEGIN
@!!type:obligation
@!!id:1734
@!!loc:1117:49:1117:53
@!!status:to be proved
@!!END

@!!BEGIN
@!!type:obligation
@!!id:1735
@!!loc:1117:55:1117:59
@!!status:to be proved
@!!END

@!!BEGIN
@!!type:obligation
@!!id:1736
@!!loc:1117:61:1117:65
@!!status:to be proved
@!!END

@!!BEGIN
@!!type:obligation
@!!id:1737
@!!loc:1117:67:1117:71
@!!status:to be proved
@!!END

@!!BEGIN
@!!type:obligation
@!!id:1738
@!!loc:1118:48:1118:50
@!!status:to be proved
@!!END

@!!BEGIN
@!!type:obligation
@!!id:1739
@!!loc:1118:51:1118:55
@!!status:to be proved
@!!END

@!!BEGIN
@!!type:obligation
@!!id:1740
@!!loc:1118:57:1118:61
@!!status:to be proved
@!!END

@!!BEGIN
@!!type:obligation
@!!id:1741
@!!loc:1118:63:1118:67
@!!status:to be proved
@!!END

@!!BEGIN
@!!type:obligation
@!!id:1742
@!!loc:1118:69:1118:73
@!!status:to be proved
@!!END

@!!BEGIN
@!!type:obligation
@!!id:1743
@!!loc:1118:75:1118:79
@!!status:to be proved
@!!END

@!!BEGIN
@!!type:obligation
@!!id:1744
@!!loc:1118:81:1118:85
@!!status:to be proved
@!!END

@!!BEGIN
@!!type:obligation
@!!id:1745
@!!loc:1118:87:1118:91
@!!status:to be proved
@!!END

@!!BEGIN
@!!type:obligation
@!!id:1746
@!!loc:1118:93:1118:97
@!!status:to be proved
@!!END

@!!BEGIN
@!!type:obligation
@!!id:1747
@!!loc:1120:3:1120:5
@!!status:to be proved
@!!END

@!!BEGIN
@!!type:obligation
@!!id:1748
@!!loc:1120:6:1120:10
@!!status:to be proved
@!!END

@!!BEGIN
@!!type:obligation
@!!id:1749
@!!loc:1120:12:1120:16
@!!status:to be proved
@!!END

@!!BEGIN
@!!type:obligation
@!!id:1750
@!!loc:1120:18:1120:22
@!!status:to be proved
@!!END

@!!BEGIN
@!!type:obligation
@!!id:1751
@!!loc:1120:24:1120:28
@!!status:to be proved
@!!END

@!!BEGIN
@!!type:obligation
@!!id:1752
@!!loc:1120:30:1120:42
@!!status:to be proved
@!!END

@!!BEGIN
@!!type:obligation
@!!id:1753
@!!loc:1122:3:1122:5
@!!status:to be proved
@!!END

@!!BEGIN
@!!type:obligation
@!!id:1754
@!!loc:1122:6:1122:10
@!!status:to be proved
@!!END

@!!BEGIN
@!!type:obligation
@!!id:1755
@!!loc:1122:12:1122:16
@!!status:to be proved
@!!END

@!!BEGIN
@!!type:obligation
@!!id:1756
@!!loc:1122:18:1122:22
@!!status:to be proved
@!!END

@!!BEGIN
@!!type:obligation
@!!id:1757
@!!loc:1122:24:1122:28
@!!status:to be proved
@!!END

@!!BEGIN
@!!type:obligation
@!!id:1758
@!!loc:1122:30:1122:34
@!!status:to be proved
@!!END

@!!BEGIN
@!!type:obligation
@!!id:1759
@!!loc:1122:36:1122:40
@!!status:to be proved
@!!END

@!!BEGIN
@!!type:obligation
@!!id:1760
@!!loc:1122:42:1122:46
@!!status:to be proved
@!!END

@!!BEGIN
@!!type:obligation
@!!id:1761
@!!loc:1122:48:1122:52
@!!status:to be proved
@!!END

@!!BEGIN
@!!type:obligation
@!!id:1762
@!!loc:1122:54:1122:66
@!!status:to be proved
@!!END

@!!BEGIN
@!!type:obligation
@!!id:1763
@!!loc:1124:3:1124:5
@!!status:to be proved
@!!END

@!!BEGIN
@!!type:obligation
@!!id:1764
@!!loc:1124:6:1124:10
@!!status:to be proved
@!!END

@!!BEGIN
@!!type:obligation
@!!id:1765
@!!loc:1124:12:1124:16
@!!status:to be proved
@!!END

@!!BEGIN
@!!type:obligation
@!!id:1766
@!!loc:1124:18:1124:22
@!!status:to be proved
@!!END

@!!BEGIN
@!!type:obligation
@!!id:1767
@!!loc:1125:16:1125:18
@!!status:to be proved
@!!END

@!!BEGIN
@!!type:obligation
@!!id:1768
@!!loc:1125:19:1125:23
@!!status:to be proved
@!!END

@!!BEGIN
@!!type:obligation
@!!id:1769
@!!loc:1125:25:1125:29
@!!status:to be proved
@!!END

@!!BEGIN
@!!type:obligation
@!!id:1770
@!!loc:1125:31:1125:36
@!!status:to be proved
@!!END

@!!BEGIN
@!!type:obligation
@!!id:1771
@!!loc:1125:38:1125:43
@!!status:to be proved
@!!END

@!!BEGIN
@!!type:obligation
@!!id:1772
@!!loc:1125:45:1125:50
@!!status:to be proved
@!!END

@!!BEGIN
@!!type:obligation
@!!id:1773
@!!loc:1125:52:1125:63
@!!status:to be proved
@!!END

@!!BEGIN
@!!type:obligation
@!!id:1774
@!!loc:1134:1:1134:3
@!!status:to be proved
@!!END

@!!BEGIN
@!!type:obligation
@!!id:1775
@!!loc:1139:1:1139:3
@!!status:to be proved
@!!END

@!!BEGIN
@!!type:obligation
@!!id:1776
@!!loc:1144:1:1144:3
@!!status:to be proved
@!!END

@!!BEGIN
@!!type:obligation
@!!id:1777
@!!loc:1192:10:1192:12
@!!status:to be proved
@!!END

@!!BEGIN
@!!type:obligation
@!!id:1778
@!!loc:1192:13:1192:17
@!!status:to be proved
@!!END

@!!BEGIN
@!!type:obligation
@!!id:1779
@!!loc:1192:19:1192:23
@!!status:to be proved
@!!END

@!!BEGIN
@!!type:obligation
@!!id:1780
@!!loc:1150:55:1150:62
@!!status:to be proved
@!!END

@!!BEGIN
@!!type:obligation
@!!id:1781
@!!loc:1185:12:1185:14
@!!status:to be proved
@!!END

@!!BEGIN
@!!type:obligation
@!!id:1782
@!!loc:1185:15:1185:19
@!!status:to be proved
@!!END

@!!BEGIN
@!!type:obligation
@!!id:1783
@!!loc:1185:21:1185:25
@!!status:to be proved
@!!END

@!!BEGIN
@!!type:obligation
@!!id:1784
@!!loc:1185:27:1185:31
@!!status:to be proved
@!!END

@!!BEGIN
@!!type:obligation
@!!id:1785
@!!loc:1152:14:1152:16
@!!status:to be proved
@!!END

@!!BEGIN
@!!type:obligation
@!!id:1786
@!!loc:1152:17:1152:21
@!!status:to be proved
@!!END

@!!BEGIN
@!!type:obligation
@!!id:1787
@!!loc:1159:14:1159:16
@!!status:to be proved
@!!END

@!!BEGIN
@!!type:obligation
@!!id:1788
@!!loc:1159:17:1159:21
@!!status:to be proved
@!!END

@!!BEGIN
@!!type:obligation
@!!id:1789
@!!loc:1159:23:1159:27
@!!status:to be proved
@!!END

@!!BEGIN
@!!type:obligation
@!!id:1790
@!!loc:1159:29:1159:33
@!!status:to be proved
@!!END

@!!BEGIN
@!!type:obligation
@!!id:1791
@!!loc:1159:35:1159:39
@!!status:to be proved
@!!END

@!!BEGIN
@!!type:obligation
@!!id:1792
@!!loc:1159:41:1159:45
@!!status:to be proved
@!!END

@!!BEGIN
@!!type:obligation
@!!id:1793
@!!loc:1159:47:1159:51
@!!status:to be proved
@!!END

@!!BEGIN
@!!type:obligation
@!!id:1794
@!!loc:1154:60:1154:62
@!!status:to be proved
@!!END

@!!BEGIN
@!!type:obligation
@!!id:1795
@!!loc:1154:63:1154:67
@!!status:to be proved
@!!END

@!!BEGIN
@!!type:obligation
@!!id:1796
@!!loc:1154:69:1154:80
@!!status:to be proved
@!!END

@!!BEGIN
@!!type:obligation
@!!id:1797
@!!loc:1155:60:1155:62
@!!status:to be proved
@!!END

@!!BEGIN
@!!type:obligation
@!!id:1798
@!!loc:1155:63:1155:67
@!!status:to be proved
@!!END

@!!BEGIN
@!!type:obligation
@!!id:1799
@!!loc:1155:69:1155:80
@!!status:to be proved
@!!END

@!!BEGIN
@!!type:obligation
@!!id:1800
@!!loc:1156:63:1156:65
@!!status:to be proved
@!!END

@!!BEGIN
@!!type:obligation
@!!id:1801
@!!loc:1156:66:1156:70
@!!status:to be proved
@!!END

@!!BEGIN
@!!type:obligation
@!!id:1802
@!!loc:1156:72:1156:86
@!!status:to be proved
@!!END

@!!BEGIN
@!!type:obligation
@!!id:1803
@!!loc:1157:83:1157:85
@!!status:to be proved
@!!END

@!!BEGIN
@!!type:obligation
@!!id:1804
@!!loc:1157:86:1157:90
@!!status:to be proved
@!!END

@!!BEGIN
@!!type:obligation
@!!id:1805
@!!loc:1157:92:1157:106
@!!status:to be proved
@!!END

@!!BEGIN
@!!type:obligation
@!!id:1806
@!!loc:1158:30:1158:32
@!!status:to be proved
@!!END

@!!BEGIN
@!!type:obligation
@!!id:1807
@!!loc:1158:33:1158:37
@!!status:to be proved
@!!END

@!!BEGIN
@!!type:obligation
@!!id:1808
@!!loc:1158:39:1158:59
@!!status:to be proved
@!!END

@!!BEGIN
@!!type:obligation
@!!id:1809
@!!loc:1182:14:1182:16
@!!status:to be proved
@!!END

@!!BEGIN
@!!type:obligation
@!!id:1810
@!!loc:1182:17:1182:21
@!!status:to be proved
@!!END

@!!BEGIN
@!!type:obligation
@!!id:1811
@!!loc:1182:23:1182:27
@!!status:to be proved
@!!END

@!!BEGIN
@!!type:obligation
@!!id:1812
@!!loc:1182:29:1182:33
@!!status:to be proved
@!!END

@!!BEGIN
@!!type:obligation
@!!id:1813
@!!loc:1182:35:1182:39
@!!status:to be proved
@!!END

@!!BEGIN
@!!type:obligation
@!!id:1814
@!!loc:1182:41:1182:45
@!!status:to be proved
@!!END

@!!BEGIN
@!!type:obligation
@!!id:1815
@!!loc:1182:47:1182:51
@!!status:to be proved
@!!END

@!!BEGIN
@!!type:obligation
@!!id:1816
@!!loc:1182:53:1182:57
@!!status:to be proved
@!!END

@!!BEGIN
@!!type:obligation
@!!id:1817
@!!loc:1182:59:1182:63
@!!status:to be proved
@!!END

@!!BEGIN
@!!type:obligation
@!!id:1818
@!!loc:1182:65:1182:69
@!!status:to be proved
@!!END

@!!BEGIN
@!!type:obligation
@!!id:1819
@!!loc:1182:71:1182:75
@!!status:to be proved
@!!END

@!!BEGIN
@!!type:obligation
@!!id:1820
@!!loc:1182:77:1182:82
@!!status:to be proved
@!!END

@!!BEGIN
@!!type:obligation
@!!id:1821
@!!loc:1183:17:1183:22
@!!status:to be proved
@!!END

@!!BEGIN
@!!type:obligation
@!!id:1822
@!!loc:1183:24:1183:29
@!!status:to be proved
@!!END

@!!BEGIN
@!!type:obligation
@!!id:1823
@!!loc:1183:31:1183:36
@!!status:to be proved
@!!END

@!!BEGIN
@!!type:obligation
@!!id:1824
@!!loc:1183:38:1183:43
@!!status:to be proved
@!!END

@!!BEGIN
@!!type:obligation
@!!id:1825
@!!loc:1183:45:1183:50
@!!status:to be proved
@!!END

@!!BEGIN
@!!type:obligation
@!!id:1826
@!!loc:1183:52:1183:57
@!!status:to be proved
@!!END

@!!BEGIN
@!!type:obligation
@!!id:1827
@!!loc:1183:59:1183:64
@!!status:to be proved
@!!END

@!!BEGIN
@!!type:obligation
@!!id:1828
@!!loc:1183:66:1183:71
@!!status:to be proved
@!!END

@!!BEGIN
@!!type:obligation
@!!id:1829
@!!loc:1183:73:1183:78
@!!status:to be proved
@!!END

@!!BEGIN
@!!type:obligation
@!!id:1830
@!!loc:1183:80:1183:85
@!!status:to be proved
@!!END

@!!BEGIN
@!!type:obligation
@!!id:1831
@!!loc:1183:87:1183:92
@!!status:to be proved
@!!END

@!!BEGIN
@!!type:obligation
@!!id:1832
@!!loc:1161:66:1161:68
@!!status:to be proved
@!!END

@!!BEGIN
@!!type:obligation
@!!id:1833
@!!loc:1161:69:1161:73
@!!status:to be proved
@!!END

@!!BEGIN
@!!type:obligation
@!!id:1834
@!!loc:1161:75:1161:90
@!!status:to be proved
@!!END

@!!BEGIN
@!!type:obligation
@!!id:1835
@!!loc:1162:65:1162:67
@!!status:to be proved
@!!END

@!!BEGIN
@!!type:obligation
@!!id:1836
@!!loc:1162:68:1162:72
@!!status:to be proved
@!!END

@!!BEGIN
@!!type:obligation
@!!id:1837
@!!loc:1162:74:1162:88
@!!status:to be proved
@!!END

@!!BEGIN
@!!type:obligation
@!!id:1838
@!!loc:1163:62:1163:64
@!!status:to be proved
@!!END

@!!BEGIN
@!!type:obligation
@!!id:1839
@!!loc:1163:65:1163:69
@!!status:to be proved
@!!END

@!!BEGIN
@!!type:obligation
@!!id:1840
@!!loc:1163:71:1163:82
@!!status:to be proved
@!!END

@!!BEGIN
@!!type:obligation
@!!id:1841
@!!loc:1164:62:1164:64
@!!status:to be proved
@!!END

@!!BEGIN
@!!type:obligation
@!!id:1842
@!!loc:1164:65:1164:69
@!!status:to be proved
@!!END

@!!BEGIN
@!!type:obligation
@!!id:1843
@!!loc:1164:71:1164:82
@!!status:to be proved
@!!END

@!!BEGIN
@!!type:obligation
@!!id:1844
@!!loc:1165:66:1165:68
@!!status:to be proved
@!!END

@!!BEGIN
@!!type:obligation
@!!id:1845
@!!loc:1165:69:1165:73
@!!status:to be proved
@!!END

@!!BEGIN
@!!type:obligation
@!!id:1846
@!!loc:1165:75:1165:90
@!!status:to be proved
@!!END

@!!BEGIN
@!!type:obligation
@!!id:1847
@!!loc:1166:63:1166:65
@!!status:to be proved
@!!END

@!!BEGIN
@!!type:obligation
@!!id:1848
@!!loc:1166:66:1166:70
@!!status:to be proved
@!!END

@!!BEGIN
@!!type:obligation
@!!id:1849
@!!loc:1166:72:1166:84
@!!status:to be proved
@!!END

@!!BEGIN
@!!type:obligation
@!!id:1850
@!!loc:1167:64:1167:66
@!!status:to be proved
@!!END

@!!BEGIN
@!!type:obligation
@!!id:1851
@!!loc:1167:67:1167:71
@!!status:to be proved
@!!END

@!!BEGIN
@!!type:obligation
@!!id:1852
@!!loc:1167:73:1167:86
@!!status:to be proved
@!!END

@!!BEGIN
@!!type:obligation
@!!id:1853
@!!loc:1168:65:1168:67
@!!status:to be proved
@!!END

@!!BEGIN
@!!type:obligation
@!!id:1854
@!!loc:1168:68:1168:72
@!!status:to be proved
@!!END

@!!BEGIN
@!!type:obligation
@!!id:1855
@!!loc:1168:74:1168:88
@!!status:to be proved
@!!END

@!!BEGIN
@!!type:obligation
@!!id:1856
@!!loc:1169:65:1169:67
@!!status:to be proved
@!!END

@!!BEGIN
@!!type:obligation
@!!id:1857
@!!loc:1169:68:1169:72
@!!status:to be proved
@!!END

@!!BEGIN
@!!type:obligation
@!!id:1858
@!!loc:1169:74:1169:88
@!!status:to be proved
@!!END

@!!BEGIN
@!!type:obligation
@!!id:1859
@!!loc:1170:65:1170:67
@!!status:to be proved
@!!END

@!!BEGIN
@!!type:obligation
@!!id:1860
@!!loc:1170:68:1170:73
@!!status:to be proved
@!!END

@!!BEGIN
@!!type:obligation
@!!id:1861
@!!loc:1170:75:1170:88
@!!status:to be proved
@!!END

@!!BEGIN
@!!type:obligation
@!!id:1862
@!!loc:1171:66:1171:68
@!!status:to be proved
@!!END

@!!BEGIN
@!!type:obligation
@!!id:1863
@!!loc:1171:69:1171:74
@!!status:to be proved
@!!END

@!!BEGIN
@!!type:obligation
@!!id:1864
@!!loc:1171:76:1171:90
@!!status:to be proved
@!!END

@!!BEGIN
@!!type:obligation
@!!id:1865
@!!loc:1172:63:1172:65
@!!status:to be proved
@!!END

@!!BEGIN
@!!type:obligation
@!!id:1866
@!!loc:1172:66:1172:71
@!!status:to be proved
@!!END

@!!BEGIN
@!!type:obligation
@!!id:1867
@!!loc:1172:73:1172:84
@!!status:to be proved
@!!END

@!!BEGIN
@!!type:obligation
@!!id:1868
@!!loc:1173:71:1173:73
@!!status:to be proved
@!!END

@!!BEGIN
@!!type:obligation
@!!id:1869
@!!loc:1173:74:1173:79
@!!status:to be proved
@!!END

@!!BEGIN
@!!type:obligation
@!!id:1870
@!!loc:1173:81:1173:100
@!!status:to be proved
@!!END

@!!BEGIN
@!!type:obligation
@!!id:1871
@!!loc:1174:71:1174:73
@!!status:to be proved
@!!END

@!!BEGIN
@!!type:obligation
@!!id:1872
@!!loc:1174:74:1174:79
@!!status:to be proved
@!!END

@!!BEGIN
@!!type:obligation
@!!id:1873
@!!loc:1174:81:1174:100
@!!status:to be proved
@!!END

@!!BEGIN
@!!type:obligation
@!!id:1874
@!!loc:1175:72:1175:74
@!!status:to be proved
@!!END

@!!BEGIN
@!!type:obligation
@!!id:1875
@!!loc:1175:75:1175:80
@!!status:to be proved
@!!END

@!!BEGIN
@!!type:obligation
@!!id:1876
@!!loc:1175:82:1175:102
@!!status:to be proved
@!!END

@!!BEGIN
@!!type:obligation
@!!id:1877
@!!loc:1176:68:1176:70
@!!status:to be proved
@!!END

@!!BEGIN
@!!type:obligation
@!!id:1878
@!!loc:1176:71:1176:76
@!!status:to be proved
@!!END

@!!BEGIN
@!!type:obligation
@!!id:1879
@!!loc:1176:78:1176:94
@!!status:to be proved
@!!END

@!!BEGIN
@!!type:obligation
@!!id:1880
@!!loc:1177:68:1177:70
@!!status:to be proved
@!!END

@!!BEGIN
@!!type:obligation
@!!id:1881
@!!loc:1177:71:1177:76
@!!status:to be proved
@!!END

@!!BEGIN
@!!type:obligation
@!!id:1882
@!!loc:1177:78:1177:94
@!!status:to be proved
@!!END

@!!BEGIN
@!!type:obligation
@!!id:1883
@!!loc:1178:83:1178:85
@!!status:to be proved
@!!END

@!!BEGIN
@!!type:obligation
@!!id:1884
@!!loc:1178:86:1178:91
@!!status:to be proved
@!!END

@!!BEGIN
@!!type:obligation
@!!id:1885
@!!loc:1178:93:1178:104
@!!status:to be proved
@!!END

@!!BEGIN
@!!type:obligation
@!!id:1886
@!!loc:1179:85:1179:87
@!!status:to be proved
@!!END

@!!BEGIN
@!!type:obligation
@!!id:1887
@!!loc:1179:88:1179:93
@!!status:to be proved
@!!END

@!!BEGIN
@!!type:obligation
@!!id:1888
@!!loc:1179:95:1179:108
@!!status:to be proved
@!!END

@!!BEGIN
@!!type:obligation
@!!id:1889
@!!loc:1180:85:1180:87
@!!status:to be proved
@!!END

@!!BEGIN
@!!type:obligation
@!!id:1890
@!!loc:1180:88:1180:93
@!!status:to be proved
@!!END

@!!BEGIN
@!!type:obligation
@!!id:1891
@!!loc:1180:95:1180:108
@!!status:to be proved
@!!END

@!!BEGIN
@!!type:obligation
@!!id:1892
@!!loc:1181:86:1181:88
@!!status:to be proved
@!!END

@!!BEGIN
@!!type:obligation
@!!id:1893
@!!loc:1181:89:1181:94
@!!status:to be proved
@!!END

@!!BEGIN
@!!type:obligation
@!!id:1894
@!!loc:1181:96:1181:108
@!!status:to be proved
@!!END

@!!BEGIN
@!!type:obligation
@!!id:1895
@!!loc:1191:12:1191:14
@!!status:to be proved
@!!END

@!!BEGIN
@!!type:obligation
@!!id:1896
@!!loc:1191:15:1191:19
@!!status:to be proved
@!!END

@!!BEGIN
@!!type:obligation
@!!id:1897
@!!loc:1191:21:1191:25
@!!status:to be proved
@!!END

@!!BEGIN
@!!type:obligation
@!!id:1898
@!!loc:1191:27:1191:31
@!!status:to be proved
@!!END

@!!BEGIN
@!!type:obligation
@!!id:1899
@!!loc:1191:33:1191:37
@!!status:to be proved
@!!END

@!!BEGIN
@!!type:obligation
@!!id:1900
@!!loc:1187:22:1187:24
@!!status:to be proved
@!!END

@!!BEGIN
@!!type:obligation
@!!id:1901
@!!loc:1187:25:1187:29
@!!status:to be proved
@!!END

@!!BEGIN
@!!type:obligation
@!!id:1902
@!!loc:1188:18:1188:20
@!!status:to be proved
@!!END

@!!BEGIN
@!!type:obligation
@!!id:1903
@!!loc:1188:21:1188:25
@!!status:to be proved
@!!END

@!!BEGIN
@!!type:obligation
@!!id:1904
@!!loc:1188:27:1188:37
@!!status:to be proved
@!!END

@!!BEGIN
@!!type:obligation
@!!id:1905
@!!loc:1189:20:1189:22
@!!status:to be proved
@!!END

@!!BEGIN
@!!type:obligation
@!!id:1906
@!!loc:1189:23:1189:27
@!!status:to be proved
@!!END

@!!BEGIN
@!!type:obligation
@!!id:1907
@!!loc:1189:29:1189:41
@!!status:to be proved
@!!END

@!!BEGIN
@!!type:obligation
@!!id:1908
@!!loc:1190:82:1190:84
@!!status:to be proved
@!!END

@!!BEGIN
@!!type:obligation
@!!id:1909
@!!loc:1190:85:1190:89
@!!status:to be proved
@!!END

@!!BEGIN
@!!type:obligation
@!!id:1910
@!!loc:1190:91:1190:102
@!!status:to be proved
@!!END

@!!BEGIN
@!!type:obligation
@!!id:1911
@!!loc:1202:10:1202:12
@!!status:to be proved
@!!END

@!!BEGIN
@!!type:obligation
@!!id:1912
@!!loc:1202:13:1202:17
@!!status:to be proved
@!!END

@!!BEGIN
@!!type:obligation
@!!id:1913
@!!loc:1202:19:1202:23
@!!status:to be proved
@!!END

@!!BEGIN
@!!type:obligation
@!!id:1914
@!!loc:1202:25:1202:29
@!!status:to be proved
@!!END

@!!BEGIN
@!!type:obligation
@!!id:1915
@!!loc:1202:31:1202:34
@!!status:to be proved
@!!END

@!!BEGIN
@!!type:obligation
@!!id:1916
@!!loc:1195:25:1195:27
@!!status:to be proved
@!!END

@!!BEGIN
@!!type:obligation
@!!id:1917
@!!loc:1195:28:1195:39
@!!status:to be proved
@!!END

@!!BEGIN
@!!type:obligation
@!!id:1918
@!!loc:1200:12:1200:14
@!!status:to be proved
@!!END

@!!BEGIN
@!!type:obligation
@!!id:1919
@!!loc:1200:15:1200:19
@!!status:to be proved
@!!END

@!!BEGIN
@!!type:obligation
@!!id:1920
@!!loc:1200:21:1200:25
@!!status:to be proved
@!!END

@!!BEGIN
@!!type:obligation
@!!id:1921
@!!loc:1197:41:1197:43
@!!status:to be proved
@!!END

@!!BEGIN
@!!type:obligation
@!!id:1922
@!!loc:1197:44:1197:55
@!!status:to be proved
@!!END

@!!BEGIN
@!!type:obligation
@!!id:1923
@!!loc:1199:5:1199:7
@!!status:to be proved
@!!END

@!!BEGIN
@!!type:obligation
@!!id:1924
@!!loc:1201:27:1201:29
@!!status:to be proved
@!!END

@!!BEGIN
@!!type:obligation
@!!id:1925
@!!loc:1252:1:1252:3
@!!status:to be proved
@!!END

@!!BEGIN
@!!type:obligation
@!!id:1926
@!!loc:1262:10:1262:12
@!!status:to be proved
@!!END

@!!BEGIN
@!!type:obligation
@!!id:1927
@!!loc:1262:13:1262:17
@!!status:to be proved
@!!END

@!!BEGIN
@!!type:obligation
@!!id:1928
@!!loc:1262:19:1262:23
@!!status:to be proved
@!!END

@!!BEGIN
@!!type:obligation
@!!id:1929
@!!loc:1262:25:1262:29
@!!status:to be proved
@!!END

@!!BEGIN
@!!type:obligation
@!!id:1930
@!!loc:1262:31:1262:35
@!!status:to be proved
@!!END

@!!BEGIN
@!!type:obligation
@!!id:1931
@!!loc:1258:33:1258:35
@!!status:to be proved
@!!END

@!!BEGIN
@!!type:obligation
@!!id:1932
@!!loc:1259:39:1259:41
@!!status:to be proved
@!!END

@!!BEGIN
@!!type:obligation
@!!id:1933
@!!loc:1260:39:1260:41
@!!status:to be proved
@!!END

@!!BEGIN
@!!type:obligation
@!!id:1934
@!!loc:1261:16:1261:18
@!!status:to be proved
@!!END

@!!BEGIN
@!!type:obligation
@!!id:1935
@!!loc:1274:10:1274:12
@!!status:to be proved
@!!END

@!!BEGIN
@!!type:obligation
@!!id:1936
@!!loc:1274:13:1274:17
@!!status:to be proved
@!!END

@!!BEGIN
@!!type:obligation
@!!id:1937
@!!loc:1274:19:1274:23
@!!status:to be proved
@!!END

@!!BEGIN
@!!type:obligation
@!!id:1938
@!!loc:1272:22:1272:24
@!!status:to be proved
@!!END

@!!BEGIN
@!!type:obligation
@!!id:1939
@!!loc:1273:15:1273:17
@!!status:to be proved
@!!END

@!!BEGIN
@!!type:obligation
@!!id:1940
@!!loc:1280:1:1280:3
@!!status:to be proved
@!!END

@!!BEGIN
@!!type:obligation
@!!id:1941
@!!loc:1286:1:1286:3
@!!status:to be proved
@!!END

@!!BEGIN
@!!type:obligation
@!!id:1942
@!!loc:1292:1:1292:3
@!!status:to be proved
@!!END

@!!BEGIN
@!!type:obligation
@!!id:1943
@!!loc:1298:1:1298:3
@!!status:to be proved
@!!END

@!!BEGIN
@!!type:obligation
@!!id:1944
@!!loc:1317:10:1317:12
@!!status:to be proved
@!!END

@!!BEGIN
@!!type:obligation
@!!id:1945
@!!loc:1317:13:1317:17
@!!status:to be proved
@!!END

@!!BEGIN
@!!type:obligation
@!!id:1946
@!!loc:1317:19:1317:23
@!!status:to be proved
@!!END

@!!BEGIN
@!!type:obligation
@!!id:1947
@!!loc:1317:25:1317:29
@!!status:to be proved
@!!END

@!!BEGIN
@!!type:obligation
@!!id:1948
@!!loc:1317:31:1317:35
@!!status:to be proved
@!!END

@!!BEGIN
@!!type:obligation
@!!id:1949
@!!loc:1317:37:1317:41
@!!status:to be proved
@!!END

@!!BEGIN
@!!type:obligation
@!!id:1950
@!!loc:1312:11:1312:13
@!!status:to be proved
@!!END

@!!BEGIN
@!!type:obligation
@!!id:1951
@!!loc:1313:11:1313:13
@!!status:to be proved
@!!END

@!!BEGIN
@!!type:obligation
@!!id:1952
@!!loc:1314:11:1314:13
@!!status:to be proved
@!!END

@!!BEGIN
@!!type:obligation
@!!id:1953
@!!loc:1315:11:1315:13
@!!status:to be proved
@!!END

@!!BEGIN
@!!type:obligation
@!!id:1954
@!!loc:1316:11:1316:13
@!!status:to be proved
@!!END

@!!BEGIN
@!!type:obligation
@!!id:1955
@!!loc:1337:10:1337:12
@!!status:to be proved
@!!END

@!!BEGIN
@!!type:obligation
@!!id:1956
@!!loc:1337:13:1337:17
@!!status:to be proved
@!!END

@!!BEGIN
@!!type:obligation
@!!id:1957
@!!loc:1337:19:1337:23
@!!status:to be proved
@!!END

@!!BEGIN
@!!type:obligation
@!!id:1958
@!!loc:1337:25:1337:29
@!!status:to be proved
@!!END

@!!BEGIN
@!!type:obligation
@!!id:1959
@!!loc:1337:31:1337:43
@!!status:to be proved
@!!END

@!!BEGIN
@!!type:obligation
@!!id:1960
@!!loc:1330:3:1330:5
@!!status:to be proved
@!!END

@!!BEGIN
@!!type:obligation
@!!id:1961
@!!loc:1335:3:1335:5
@!!status:to be proved
@!!END

@!!BEGIN
@!!type:obligation
@!!id:1962
@!!loc:1336:76:1336:78
@!!status:to be proved
@!!END

@!!BEGIN
@!!type:obligation
@!!id:1963
@!!loc:1344:1:1344:3
@!!status:to be proved
@!!END

@!!BEGIN
@!!type:obligation
@!!id:1964
@!!loc:1361:10:1361:12
@!!status:to be proved
@!!END

@!!BEGIN
@!!type:obligation
@!!id:1965
@!!loc:1361:13:1361:17
@!!status:to be proved
@!!END

@!!BEGIN
@!!type:obligation
@!!id:1966
@!!loc:1361:19:1361:23
@!!status:to be proved
@!!END

@!!BEGIN
@!!type:obligation
@!!id:1967
@!!loc:1361:25:1361:29
@!!status:to be proved
@!!END

@!!BEGIN
@!!type:obligation
@!!id:1968
@!!loc:1350:39:1350:46
@!!status:to be proved
@!!END

@!!BEGIN
@!!type:obligation
@!!id:1969
@!!loc:1351:17:1351:19
@!!status:to be proved
@!!END

@!!BEGIN
@!!type:obligation
@!!id:1970
@!!loc:1351:20:1351:31
@!!status:to be proved
@!!END

@!!BEGIN
@!!type:obligation
@!!id:1971
@!!loc:1352:44:1352:46
@!!status:to be proved
@!!END

@!!BEGIN
@!!type:obligation
@!!id:1972
@!!loc:1353:24:1353:26
@!!status:to be proved
@!!END

@!!BEGIN
@!!type:obligation
@!!id:1973
@!!loc:1357:3:1357:5
@!!status:to be proved
@!!END

@!!BEGIN
@!!type:obligation
@!!id:1974
@!!loc:1357:6:1357:10
@!!status:to be proved
@!!END

@!!BEGIN
@!!type:obligation
@!!id:1975
@!!loc:1359:3:1359:5
@!!status:to be proved
@!!END

@!!BEGIN
@!!type:obligation
@!!id:1976
@!!loc:1359:6:1359:10
@!!status:to be proved
@!!END

@!!BEGIN
@!!type:obligation
@!!id:1977
@!!loc:1359:12:1359:17
@!!status:to be proved
@!!END

@!!BEGIN
@!!type:obligation
@!!id:1978
@!!loc:1359:19:1359:23
@!!status:to be proved
@!!END

@!!BEGIN
@!!type:obligation
@!!id:1979
@!!loc:1359:25:1359:35
@!!status:to be proved
@!!END

@!!BEGIN
@!!type:obligation
@!!id:1980
@!!loc:1360:15:1360:17
@!!status:to be proved
@!!END

@!!BEGIN
@!!type:obligation
@!!id:1981
@!!loc:1360:18:1360:22
@!!status:to be proved
@!!END

@!!BEGIN
@!!type:obligation
@!!id:1982
@!!loc:1371:10:1371:12
@!!status:to be proved
@!!END

@!!BEGIN
@!!type:obligation
@!!id:1983
@!!loc:1371:13:1371:17
@!!status:to be proved
@!!END

@!!BEGIN
@!!type:obligation
@!!id:1984
@!!loc:1371:19:1371:23
@!!status:to be proved
@!!END

@!!BEGIN
@!!type:obligation
@!!id:1985
@!!loc:1371:25:1371:31
@!!status:to be proved
@!!END

@!!BEGIN
@!!type:obligation
@!!id:1986
@!!loc:1369:18:1369:20
@!!status:to be proved
@!!END

@!!BEGIN
@!!type:obligation
@!!id:1987
@!!loc:1369:21:1369:32
@!!status:to be proved
@!!END

@!!BEGIN
@!!type:obligation
@!!id:1988
@!!loc:1370:34:1370:36
@!!status:to be proved
@!!END

@!!BEGIN
@!!type:obligation
@!!id:1989
@!!loc:1378:10:1378:12
@!!status:to be proved
@!!END

@!!BEGIN
@!!type:obligation
@!!id:1990
@!!loc:1378:13:1378:17
@!!status:to be proved
@!!END

@!!BEGIN
@!!type:obligation
@!!id:1991
@!!loc:1378:19:1378:23
@!!status:to be proved
@!!END

@!!BEGIN
@!!type:obligation
@!!id:1992
@!!loc:1378:25:1378:31
@!!status:to be proved
@!!END

@!!BEGIN
@!!type:obligation
@!!id:1993
@!!loc:1376:18:1376:20
@!!status:to be proved
@!!END

@!!BEGIN
@!!type:obligation
@!!id:1994
@!!loc:1376:21:1376:32
@!!status:to be proved
@!!END

@!!BEGIN
@!!type:obligation
@!!id:1995
@!!loc:1377:34:1377:36
@!!status:to be proved
@!!END

@!!BEGIN
@!!type:obligation
@!!id:1996
@!!loc:1385:10:1385:12
@!!status:to be proved
@!!END

@!!BEGIN
@!!type:obligation
@!!id:1997
@!!loc:1385:13:1385:17
@!!status:to be proved
@!!END

@!!BEGIN
@!!type:obligation
@!!id:1998
@!!loc:1385:19:1385:23
@!!status:to be proved
@!!END

@!!BEGIN
@!!type:obligation
@!!id:1999
@!!loc:1385:25:1385:31
@!!status:to be proved
@!!END

@!!BEGIN
@!!type:obligation
@!!id:2000
@!!loc:1383:18:1383:20
@!!status:to be proved
@!!END

@!!BEGIN
@!!type:obligation
@!!id:2001
@!!loc:1383:21:1383:35
@!!status:to be proved
@!!END

@!!BEGIN
@!!type:obligation
@!!id:2002
@!!loc:1384:34:1384:36
@!!status:to be proved
@!!END

@!!BEGIN
@!!type:obligation
@!!id:2003
@!!loc:1391:1:1391:3
@!!status:to be proved
@!!END

@!!BEGIN
@!!type:obligation
@!!id:2004
@!!loc:1398:10:1398:12
@!!status:to be proved
@!!END

@!!BEGIN
@!!type:obligation
@!!id:2005
@!!loc:1398:13:1398:17
@!!status:to be proved
@!!END

@!!BEGIN
@!!type:obligation
@!!id:2006
@!!loc:1398:19:1398:23
@!!status:to be proved
@!!END

@!!BEGIN
@!!type:obligation
@!!id:2007
@!!loc:1398:25:1398:31
@!!status:to be proved
@!!END

@!!BEGIN
@!!type:obligation
@!!id:2008
@!!loc:1396:18:1396:20
@!!status:to be proved
@!!END

@!!BEGIN
@!!type:obligation
@!!id:2009
@!!loc:1396:21:1396:35
@!!status:to be proved
@!!END

@!!BEGIN
@!!type:obligation
@!!id:2010
@!!loc:1397:34:1397:36
@!!status:to be proved
@!!END

@!!BEGIN
@!!type:obligation
@!!id:2011
@!!loc:1405:10:1405:12
@!!status:to be proved
@!!END

@!!BEGIN
@!!type:obligation
@!!id:2012
@!!loc:1405:13:1405:17
@!!status:to be proved
@!!END

@!!BEGIN
@!!type:obligation
@!!id:2013
@!!loc:1405:19:1405:23
@!!status:to be proved
@!!END

@!!BEGIN
@!!type:obligation
@!!id:2014
@!!loc:1405:25:1405:31
@!!status:to be proved
@!!END

@!!BEGIN
@!!type:obligation
@!!id:2015
@!!loc:1403:18:1403:20
@!!status:to be proved
@!!END

@!!BEGIN
@!!type:obligation
@!!id:2016
@!!loc:1403:21:1403:33
@!!status:to be proved
@!!END

@!!BEGIN
@!!type:obligation
@!!id:2017
@!!loc:1404:34:1404:36
@!!status:to be proved
@!!END

@!!BEGIN
@!!type:obligation
@!!id:2018
@!!loc:1412:10:1412:12
@!!status:to be proved
@!!END

@!!BEGIN
@!!type:obligation
@!!id:2019
@!!loc:1412:13:1412:17
@!!status:to be proved
@!!END

@!!BEGIN
@!!type:obligation
@!!id:2020
@!!loc:1412:19:1412:23
@!!status:to be proved
@!!END

@!!BEGIN
@!!type:obligation
@!!id:2021
@!!loc:1412:25:1412:31
@!!status:to be proved
@!!END

@!!BEGIN
@!!type:obligation
@!!id:2022
@!!loc:1410:18:1410:20
@!!status:to be proved
@!!END

@!!BEGIN
@!!type:obligation
@!!id:2023
@!!loc:1410:21:1410:31
@!!status:to be proved
@!!END

@!!BEGIN
@!!type:obligation
@!!id:2024
@!!loc:1411:34:1411:36
@!!status:to be proved
@!!END

@!!BEGIN
@!!type:obligation
@!!id:2025
@!!loc:1419:10:1419:12
@!!status:to be proved
@!!END

@!!BEGIN
@!!type:obligation
@!!id:2026
@!!loc:1419:13:1419:17
@!!status:to be proved
@!!END

@!!BEGIN
@!!type:obligation
@!!id:2027
@!!loc:1419:19:1419:23
@!!status:to be proved
@!!END

@!!BEGIN
@!!type:obligation
@!!id:2028
@!!loc:1419:25:1419:31
@!!status:to be proved
@!!END

@!!BEGIN
@!!type:obligation
@!!id:2029
@!!loc:1417:18:1417:20
@!!status:to be proved
@!!END

@!!BEGIN
@!!type:obligation
@!!id:2030
@!!loc:1417:21:1417:32
@!!status:to be proved
@!!END

@!!BEGIN
@!!type:obligation
@!!id:2031
@!!loc:1418:34:1418:36
@!!status:to be proved
@!!END

@!!BEGIN
@!!type:obligation
@!!id:2032
@!!loc:1426:10:1426:12
@!!status:to be proved
@!!END

@!!BEGIN
@!!type:obligation
@!!id:2033
@!!loc:1426:13:1426:17
@!!status:to be proved
@!!END

@!!BEGIN
@!!type:obligation
@!!id:2034
@!!loc:1426:19:1426:23
@!!status:to be proved
@!!END

@!!BEGIN
@!!type:obligation
@!!id:2035
@!!loc:1426:25:1426:31
@!!status:to be proved
@!!END

@!!BEGIN
@!!type:obligation
@!!id:2036
@!!loc:1424:18:1424:20
@!!status:to be proved
@!!END

@!!BEGIN
@!!type:obligation
@!!id:2037
@!!loc:1424:21:1424:33
@!!status:to be proved
@!!END

@!!BEGIN
@!!type:obligation
@!!id:2038
@!!loc:1425:34:1425:36
@!!status:to be proved
@!!END

@!!BEGIN
@!!type:obligation
@!!id:2039
@!!loc:1484:10:1484:12
@!!status:to be proved
@!!END

@!!BEGIN
@!!type:obligation
@!!id:2040
@!!loc:1484:13:1484:17
@!!status:to be proved
@!!END

@!!BEGIN
@!!type:obligation
@!!id:2041
@!!loc:1484:19:1484:23
@!!status:to be proved
@!!END

@!!BEGIN
@!!type:obligation
@!!id:2042
@!!loc:1484:25:1484:29
@!!status:to be proved
@!!END

@!!BEGIN
@!!type:obligation
@!!id:2043
@!!loc:1484:31:1484:35
@!!status:to be proved
@!!END

@!!BEGIN
@!!type:obligation
@!!id:2044
@!!loc:1484:37:1484:41
@!!status:to be proved
@!!END

@!!BEGIN
@!!type:obligation
@!!id:2045
@!!loc:1484:43:1484:47
@!!status:to be proved
@!!END

@!!BEGIN
@!!type:obligation
@!!id:2046
@!!loc:1484:49:1484:53
@!!status:to be proved
@!!END

@!!BEGIN
@!!type:obligation
@!!id:2047
@!!loc:1484:55:1484:60
@!!status:to be proved
@!!END

@!!BEGIN
@!!type:obligation
@!!id:2048
@!!loc:1434:17:1434:19
@!!status:to be proved
@!!END

@!!BEGIN
@!!type:obligation
@!!id:2049
@!!loc:1435:14:1435:16
@!!status:to be proved
@!!END

@!!BEGIN
@!!type:obligation
@!!id:2050
@!!loc:1435:17:1435:21
@!!status:to be proved
@!!END

@!!BEGIN
@!!type:obligation
@!!id:2051
@!!loc:1436:73:1436:75
@!!status:to be proved
@!!END

@!!BEGIN
@!!type:obligation
@!!id:2052
@!!loc:1437:34:1437:36
@!!status:to be proved
@!!END

@!!BEGIN
@!!type:obligation
@!!id:2053
@!!loc:1437:37:1437:41
@!!status:to be proved
@!!END

@!!BEGIN
@!!type:obligation
@!!id:2054
@!!loc:1438:59:1438:61
@!!status:to be proved
@!!END

@!!BEGIN
@!!type:obligation
@!!id:2055
@!!loc:1438:62:1438:66
@!!status:to be proved
@!!END

@!!BEGIN
@!!type:obligation
@!!id:2056
@!!loc:1444:3:1444:5
@!!status:to be proved
@!!END

@!!BEGIN
@!!type:obligation
@!!id:2057
@!!loc:1444:6:1444:10
@!!status:to be proved
@!!END

@!!BEGIN
@!!type:obligation
@!!id:2058
@!!loc:1444:12:1444:24
@!!status:to be proved
@!!END

@!!BEGIN
@!!type:obligation
@!!id:2059
@!!loc:1445:18:1445:20
@!!status:to be proved
@!!END

@!!BEGIN
@!!type:obligation
@!!id:2060
@!!loc:1445:21:1445:25
@!!status:to be proved
@!!END

@!!BEGIN
@!!type:obligation
@!!id:2061
@!!loc:1445:27:1445:38
@!!status:to be proved
@!!END

@!!BEGIN
@!!type:obligation
@!!id:2062
@!!loc:1446:42:1446:44
@!!status:to be proved
@!!END

@!!BEGIN
@!!type:obligation
@!!id:2063
@!!loc:1447:24:1447:26
@!!status:to be proved
@!!END

@!!BEGIN
@!!type:obligation
@!!id:2064
@!!loc:1448:13:1448:15
@!!status:to be proved
@!!END

@!!BEGIN
@!!type:obligation
@!!id:2065
@!!loc:1449:70:1449:72
@!!status:to be proved
@!!END

@!!BEGIN
@!!type:obligation
@!!id:2066
@!!loc:1449:73:1449:77
@!!status:to be proved
@!!END

@!!BEGIN
@!!type:obligation
@!!id:2067
@!!loc:1449:79:1449:83
@!!status:to be proved
@!!END

@!!BEGIN
@!!type:obligation
@!!id:2068
@!!loc:1449:85:1449:93
@!!status:to be proved
@!!END

@!!BEGIN
@!!type:obligation
@!!id:2069
@!!loc:1463:3:1463:5
@!!status:to be proved
@!!END

@!!BEGIN
@!!type:obligation
@!!id:2070
@!!loc:1464:96:1464:98
@!!status:to be proved
@!!END

@!!BEGIN
@!!type:obligation
@!!id:2071
@!!loc:1464:99:1464:103
@!!status:to be proved
@!!END

@!!BEGIN
@!!type:obligation
@!!id:2072
@!!loc:1464:105:1464:109
@!!status:to be proved
@!!END

@!!BEGIN
@!!type:obligation
@!!id:2073
@!!loc:1465:33:1465:35
@!!status:to be proved
@!!END

@!!BEGIN
@!!type:obligation
@!!id:2074
@!!loc:1465:36:1465:40
@!!status:to be proved
@!!END

@!!BEGIN
@!!type:obligation
@!!id:2075
@!!loc:1465:42:1465:46
@!!status:to be proved
@!!END

@!!BEGIN
@!!type:obligation
@!!id:2076
@!!loc:1465:48:1465:52
@!!status:to be proved
@!!END

@!!BEGIN
@!!type:obligation
@!!id:2077
@!!loc:1465:54:1465:59
@!!status:to be proved
@!!END

@!!BEGIN
@!!type:obligation
@!!id:2078
@!!loc:1465:61:1465:65
@!!status:to be proved
@!!END

@!!BEGIN
@!!type:obligation
@!!id:2079
@!!loc:1465:67:1465:78
@!!status:to be proved
@!!END

@!!BEGIN
@!!type:obligation
@!!id:2080
@!!loc:1466:93:1466:95
@!!status:to be proved
@!!END

@!!BEGIN
@!!type:obligation
@!!id:2081
@!!loc:1466:96:1466:100
@!!status:to be proved
@!!END

@!!BEGIN
@!!type:obligation
@!!id:2082
@!!loc:1466:102:1466:106
@!!status:to be proved
@!!END

@!!BEGIN
@!!type:obligation
@!!id:2083
@!!loc:1467:14:1467:16
@!!status:to be proved
@!!END

@!!BEGIN
@!!type:obligation
@!!id:2084
@!!loc:1467:17:1467:21
@!!status:to be proved
@!!END

@!!BEGIN
@!!type:obligation
@!!id:2085
@!!loc:1467:23:1467:27
@!!status:to be proved
@!!END

@!!BEGIN
@!!type:obligation
@!!id:2086
@!!loc:1467:29:1467:34
@!!status:to be proved
@!!END

@!!BEGIN
@!!type:obligation
@!!id:2087
@!!loc:1467:36:1467:46
@!!status:to be proved
@!!END

@!!BEGIN
@!!type:obligation
@!!id:2088
@!!loc:1468:108:1468:110
@!!status:to be proved
@!!END

@!!BEGIN
@!!type:obligation
@!!id:2089
@!!loc:1468:111:1468:115
@!!status:to be proved
@!!END

@!!BEGIN
@!!type:obligation
@!!id:2090
@!!loc:1468:117:1468:121
@!!status:to be proved
@!!END

@!!BEGIN
@!!type:obligation
@!!id:2091
@!!loc:1469:13:1469:15
@!!status:to be proved
@!!END

@!!BEGIN
@!!type:obligation
@!!id:2092
@!!loc:1469:16:1469:20
@!!status:to be proved
@!!END

@!!BEGIN
@!!type:obligation
@!!id:2093
@!!loc:1469:22:1469:26
@!!status:to be proved
@!!END

@!!BEGIN
@!!type:obligation
@!!id:2094
@!!loc:1469:28:1469:33
@!!status:to be proved
@!!END

@!!BEGIN
@!!type:obligation
@!!id:2095
@!!loc:1469:35:1469:44
@!!status:to be proved
@!!END

@!!BEGIN
@!!type:obligation
@!!id:2096
@!!loc:1470:140:1470:142
@!!status:to be proved
@!!END

@!!BEGIN
@!!type:obligation
@!!id:2097
@!!loc:1470:143:1470:147
@!!status:to be proved
@!!END

@!!BEGIN
@!!type:obligation
@!!id:2098
@!!loc:1470:149:1470:153
@!!status:to be proved
@!!END

@!!BEGIN
@!!type:obligation
@!!id:2099
@!!loc:1471:12:1471:14
@!!status:to be proved
@!!END

@!!BEGIN
@!!type:obligation
@!!id:2100
@!!loc:1471:15:1471:19
@!!status:to be proved
@!!END

@!!BEGIN
@!!type:obligation
@!!id:2101
@!!loc:1471:21:1471:25
@!!status:to be proved
@!!END

@!!BEGIN
@!!type:obligation
@!!id:2102
@!!loc:1471:27:1471:32
@!!status:to be proved
@!!END

@!!BEGIN
@!!type:obligation
@!!id:2103
@!!loc:1471:34:1471:42
@!!status:to be proved
@!!END

@!!BEGIN
@!!type:obligation
@!!id:2104
@!!loc:1472:59:1472:61
@!!status:to be proved
@!!END

@!!BEGIN
@!!type:obligation
@!!id:2105
@!!loc:1472:62:1472:66
@!!status:to be proved
@!!END

@!!BEGIN
@!!type:obligation
@!!id:2106
@!!loc:1472:68:1472:72
@!!status:to be proved
@!!END

@!!BEGIN
@!!type:obligation
@!!id:2107
@!!loc:1473:12:1473:14
@!!status:to be proved
@!!END

@!!BEGIN
@!!type:obligation
@!!id:2108
@!!loc:1473:15:1473:19
@!!status:to be proved
@!!END

@!!BEGIN
@!!type:obligation
@!!id:2109
@!!loc:1473:21:1473:25
@!!status:to be proved
@!!END

@!!BEGIN
@!!type:obligation
@!!id:2110
@!!loc:1473:27:1473:32
@!!status:to be proved
@!!END

@!!BEGIN
@!!type:obligation
@!!id:2111
@!!loc:1473:34:1473:42
@!!status:to be proved
@!!END

@!!BEGIN
@!!type:obligation
@!!id:2112
@!!loc:1477:3:1477:5
@!!status:to be proved
@!!END

@!!BEGIN
@!!type:obligation
@!!id:2113
@!!loc:1477:6:1477:10
@!!status:to be proved
@!!END

@!!BEGIN
@!!type:obligation
@!!id:2114
@!!loc:1477:12:1477:16
@!!status:to be proved
@!!END

@!!BEGIN
@!!type:obligation
@!!id:2115
@!!loc:1480:3:1480:5
@!!status:to be proved
@!!END

@!!BEGIN
@!!type:obligation
@!!id:2116
@!!loc:1480:6:1480:10
@!!status:to be proved
@!!END

@!!BEGIN
@!!type:obligation
@!!id:2117
@!!loc:1480:12:1480:16
@!!status:to be proved
@!!END

@!!BEGIN
@!!type:obligation
@!!id:2118
@!!loc:1480:18:1480:22
@!!status:to be proved
@!!END

@!!BEGIN
@!!type:obligation
@!!id:2119
@!!loc:1481:16:1481:18
@!!status:to be proved
@!!END

@!!BEGIN
@!!type:obligation
@!!id:2120
@!!loc:1481:19:1481:23
@!!status:to be proved
@!!END

@!!BEGIN
@!!type:obligation
@!!id:2121
@!!loc:1481:25:1481:29
@!!status:to be proved
@!!END

@!!BEGIN
@!!type:obligation
@!!id:2122
@!!loc:1481:31:1481:36
@!!status:to be proved
@!!END

@!!BEGIN
@!!type:obligation
@!!id:2123
@!!loc:1481:38:1481:43
@!!status:to be proved
@!!END

@!!BEGIN
@!!type:obligation
@!!id:2124
@!!loc:1481:45:1481:58
@!!status:to be proved
@!!END

@!!BEGIN
@!!type:obligation
@!!id:2125
@!!loc:1482:109:1482:111
@!!status:to be proved
@!!END

@!!BEGIN
@!!type:obligation
@!!id:2126
@!!loc:1482:112:1482:116
@!!status:to be proved
@!!END

@!!BEGIN
@!!type:obligation
@!!id:2127
@!!loc:1483:17:1483:19
@!!status:to be proved
@!!END

@!!BEGIN
@!!type:obligation
@!!id:2128
@!!loc:1483:20:1483:24
@!!status:to be proved
@!!END

@!!BEGIN
@!!type:obligation
@!!id:2129
@!!loc:1483:26:1483:32
@!!status:to be proved
@!!END

@!!BEGIN
@!!type:obligation
@!!id:2130
@!!loc:1483:34:1483:45
@!!status:to be proved
@!!END

@!!BEGIN
@!!type:obligation
@!!id:2131
@!!loc:1539:10:1539:12
@!!status:to be proved
@!!END

@!!BEGIN
@!!type:obligation
@!!id:2132
@!!loc:1539:13:1539:17
@!!status:to be proved
@!!END

@!!BEGIN
@!!type:obligation
@!!id:2133
@!!loc:1539:19:1539:23
@!!status:to be proved
@!!END

@!!BEGIN
@!!type:obligation
@!!id:2134
@!!loc:1539:25:1539:29
@!!status:to be proved
@!!END

@!!BEGIN
@!!type:obligation
@!!id:2135
@!!loc:1539:31:1539:35
@!!status:to be proved
@!!END

@!!BEGIN
@!!type:obligation
@!!id:2136
@!!loc:1539:37:1539:41
@!!status:to be proved
@!!END

@!!BEGIN
@!!type:obligation
@!!id:2137
@!!loc:1539:43:1539:47
@!!status:to be proved
@!!END

@!!BEGIN
@!!type:obligation
@!!id:2138
@!!loc:1539:49:1539:53
@!!status:to be proved
@!!END

@!!BEGIN
@!!type:obligation
@!!id:2139
@!!loc:1539:55:1539:60
@!!status:to be proved
@!!END

@!!BEGIN
@!!type:obligation
@!!id:2140
@!!loc:1489:17:1489:19
@!!status:to be proved
@!!END

@!!BEGIN
@!!type:obligation
@!!id:2141
@!!loc:1490:14:1490:16
@!!status:to be proved
@!!END

@!!BEGIN
@!!type:obligation
@!!id:2142
@!!loc:1490:17:1490:21
@!!status:to be proved
@!!END

@!!BEGIN
@!!type:obligation
@!!id:2143
@!!loc:1491:73:1491:75
@!!status:to be proved
@!!END

@!!BEGIN
@!!type:obligation
@!!id:2144
@!!loc:1492:34:1492:36
@!!status:to be proved
@!!END

@!!BEGIN
@!!type:obligation
@!!id:2145
@!!loc:1492:37:1492:41
@!!status:to be proved
@!!END

@!!BEGIN
@!!type:obligation
@!!id:2146
@!!loc:1493:59:1493:61
@!!status:to be proved
@!!END

@!!BEGIN
@!!type:obligation
@!!id:2147
@!!loc:1493:62:1493:66
@!!status:to be proved
@!!END

@!!BEGIN
@!!type:obligation
@!!id:2148
@!!loc:1499:3:1499:5
@!!status:to be proved
@!!END

@!!BEGIN
@!!type:obligation
@!!id:2149
@!!loc:1499:6:1499:10
@!!status:to be proved
@!!END

@!!BEGIN
@!!type:obligation
@!!id:2150
@!!loc:1499:12:1499:24
@!!status:to be proved
@!!END

@!!BEGIN
@!!type:obligation
@!!id:2151
@!!loc:1500:18:1500:20
@!!status:to be proved
@!!END

@!!BEGIN
@!!type:obligation
@!!id:2152
@!!loc:1500:21:1500:25
@!!status:to be proved
@!!END

@!!BEGIN
@!!type:obligation
@!!id:2153
@!!loc:1500:27:1500:40
@!!status:to be proved
@!!END

@!!BEGIN
@!!type:obligation
@!!id:2154
@!!loc:1501:44:1501:46
@!!status:to be proved
@!!END

@!!BEGIN
@!!type:obligation
@!!id:2155
@!!loc:1502:24:1502:26
@!!status:to be proved
@!!END

@!!BEGIN
@!!type:obligation
@!!id:2156
@!!loc:1503:13:1503:15
@!!status:to be proved
@!!END

@!!BEGIN
@!!type:obligation
@!!id:2157
@!!loc:1504:72:1504:74
@!!status:to be proved
@!!END

@!!BEGIN
@!!type:obligation
@!!id:2158
@!!loc:1504:75:1504:79
@!!status:to be proved
@!!END

@!!BEGIN
@!!type:obligation
@!!id:2159
@!!loc:1504:81:1504:85
@!!status:to be proved
@!!END

@!!BEGIN
@!!type:obligation
@!!id:2160
@!!loc:1504:87:1504:95
@!!status:to be proved
@!!END

@!!BEGIN
@!!type:obligation
@!!id:2161
@!!loc:1518:3:1518:5
@!!status:to be proved
@!!END

@!!BEGIN
@!!type:obligation
@!!id:2162
@!!loc:1519:100:1519:102
@!!status:to be proved
@!!END

@!!BEGIN
@!!type:obligation
@!!id:2163
@!!loc:1519:103:1519:107
@!!status:to be proved
@!!END

@!!BEGIN
@!!type:obligation
@!!id:2164
@!!loc:1519:109:1519:113
@!!status:to be proved
@!!END

@!!BEGIN
@!!type:obligation
@!!id:2165
@!!loc:1520:33:1520:35
@!!status:to be proved
@!!END

@!!BEGIN
@!!type:obligation
@!!id:2166
@!!loc:1520:36:1520:40
@!!status:to be proved
@!!END

@!!BEGIN
@!!type:obligation
@!!id:2167
@!!loc:1520:42:1520:46
@!!status:to be proved
@!!END

@!!BEGIN
@!!type:obligation
@!!id:2168
@!!loc:1520:48:1520:52
@!!status:to be proved
@!!END

@!!BEGIN
@!!type:obligation
@!!id:2169
@!!loc:1520:54:1520:59
@!!status:to be proved
@!!END

@!!BEGIN
@!!type:obligation
@!!id:2170
@!!loc:1520:61:1520:65
@!!status:to be proved
@!!END

@!!BEGIN
@!!type:obligation
@!!id:2171
@!!loc:1520:67:1520:78
@!!status:to be proved
@!!END

@!!BEGIN
@!!type:obligation
@!!id:2172
@!!loc:1521:99:1521:101
@!!status:to be proved
@!!END

@!!BEGIN
@!!type:obligation
@!!id:2173
@!!loc:1521:102:1521:106
@!!status:to be proved
@!!END

@!!BEGIN
@!!type:obligation
@!!id:2174
@!!loc:1521:108:1521:112
@!!status:to be proved
@!!END

@!!BEGIN
@!!type:obligation
@!!id:2175
@!!loc:1522:14:1522:16
@!!status:to be proved
@!!END

@!!BEGIN
@!!type:obligation
@!!id:2176
@!!loc:1522:17:1522:21
@!!status:to be proved
@!!END

@!!BEGIN
@!!type:obligation
@!!id:2177
@!!loc:1522:23:1522:27
@!!status:to be proved
@!!END

@!!BEGIN
@!!type:obligation
@!!id:2178
@!!loc:1522:29:1522:34
@!!status:to be proved
@!!END

@!!BEGIN
@!!type:obligation
@!!id:2179
@!!loc:1522:36:1522:46
@!!status:to be proved
@!!END

@!!BEGIN
@!!type:obligation
@!!id:2180
@!!loc:1523:116:1523:118
@!!status:to be proved
@!!END

@!!BEGIN
@!!type:obligation
@!!id:2181
@!!loc:1523:119:1523:123
@!!status:to be proved
@!!END

@!!BEGIN
@!!type:obligation
@!!id:2182
@!!loc:1523:125:1523:129
@!!status:to be proved
@!!END

@!!BEGIN
@!!type:obligation
@!!id:2183
@!!loc:1524:13:1524:15
@!!status:to be proved
@!!END

@!!BEGIN
@!!type:obligation
@!!id:2184
@!!loc:1524:16:1524:20
@!!status:to be proved
@!!END

@!!BEGIN
@!!type:obligation
@!!id:2185
@!!loc:1524:22:1524:26
@!!status:to be proved
@!!END

@!!BEGIN
@!!type:obligation
@!!id:2186
@!!loc:1524:28:1524:33
@!!status:to be proved
@!!END

@!!BEGIN
@!!type:obligation
@!!id:2187
@!!loc:1524:35:1524:44
@!!status:to be proved
@!!END

@!!BEGIN
@!!type:obligation
@!!id:2188
@!!loc:1525:148:1525:150
@!!status:to be proved
@!!END

@!!BEGIN
@!!type:obligation
@!!id:2189
@!!loc:1525:151:1525:155
@!!status:to be proved
@!!END

@!!BEGIN
@!!type:obligation
@!!id:2190
@!!loc:1525:157:1525:161
@!!status:to be proved
@!!END

@!!BEGIN
@!!type:obligation
@!!id:2191
@!!loc:1526:12:1526:14
@!!status:to be proved
@!!END

@!!BEGIN
@!!type:obligation
@!!id:2192
@!!loc:1526:15:1526:19
@!!status:to be proved
@!!END

@!!BEGIN
@!!type:obligation
@!!id:2193
@!!loc:1526:21:1526:25
@!!status:to be proved
@!!END

@!!BEGIN
@!!type:obligation
@!!id:2194
@!!loc:1526:27:1526:32
@!!status:to be proved
@!!END

@!!BEGIN
@!!type:obligation
@!!id:2195
@!!loc:1526:34:1526:42
@!!status:to be proved
@!!END

@!!BEGIN
@!!type:obligation
@!!id:2196
@!!loc:1527:63:1527:65
@!!status:to be proved
@!!END

@!!BEGIN
@!!type:obligation
@!!id:2197
@!!loc:1527:66:1527:70
@!!status:to be proved
@!!END

@!!BEGIN
@!!type:obligation
@!!id:2198
@!!loc:1527:72:1527:76
@!!status:to be proved
@!!END

@!!BEGIN
@!!type:obligation
@!!id:2199
@!!loc:1528:12:1528:14
@!!status:to be proved
@!!END

@!!BEGIN
@!!type:obligation
@!!id:2200
@!!loc:1528:15:1528:19
@!!status:to be proved
@!!END

@!!BEGIN
@!!type:obligation
@!!id:2201
@!!loc:1528:21:1528:25
@!!status:to be proved
@!!END

@!!BEGIN
@!!type:obligation
@!!id:2202
@!!loc:1528:27:1528:32
@!!status:to be proved
@!!END

@!!BEGIN
@!!type:obligation
@!!id:2203
@!!loc:1528:34:1528:42
@!!status:to be proved
@!!END

@!!BEGIN
@!!type:obligation
@!!id:2204
@!!loc:1532:3:1532:5
@!!status:to be proved
@!!END

@!!BEGIN
@!!type:obligation
@!!id:2205
@!!loc:1532:6:1532:10
@!!status:to be proved
@!!END

@!!BEGIN
@!!type:obligation
@!!id:2206
@!!loc:1532:12:1532:16
@!!status:to be proved
@!!END

@!!BEGIN
@!!type:obligation
@!!id:2207
@!!loc:1535:3:1535:5
@!!status:to be proved
@!!END

@!!BEGIN
@!!type:obligation
@!!id:2208
@!!loc:1535:6:1535:10
@!!status:to be proved
@!!END

@!!BEGIN
@!!type:obligation
@!!id:2209
@!!loc:1535:12:1535:16
@!!status:to be proved
@!!END

@!!BEGIN
@!!type:obligation
@!!id:2210
@!!loc:1535:18:1535:22
@!!status:to be proved
@!!END

@!!BEGIN
@!!type:obligation
@!!id:2211
@!!loc:1536:16:1536:18
@!!status:to be proved
@!!END

@!!BEGIN
@!!type:obligation
@!!id:2212
@!!loc:1536:19:1536:23
@!!status:to be proved
@!!END

@!!BEGIN
@!!type:obligation
@!!id:2213
@!!loc:1536:25:1536:29
@!!status:to be proved
@!!END

@!!BEGIN
@!!type:obligation
@!!id:2214
@!!loc:1536:31:1536:36
@!!status:to be proved
@!!END

@!!BEGIN
@!!type:obligation
@!!id:2215
@!!loc:1536:38:1536:43
@!!status:to be proved
@!!END

@!!BEGIN
@!!type:obligation
@!!id:2216
@!!loc:1536:45:1536:58
@!!status:to be proved
@!!END

@!!BEGIN
@!!type:obligation
@!!id:2217
@!!loc:1537:113:1537:115
@!!status:to be proved
@!!END

@!!BEGIN
@!!type:obligation
@!!id:2218
@!!loc:1537:116:1537:120
@!!status:to be proved
@!!END

@!!BEGIN
@!!type:obligation
@!!id:2219
@!!loc:1538:17:1538:19
@!!status:to be proved
@!!END

@!!BEGIN
@!!type:obligation
@!!id:2220
@!!loc:1538:20:1538:24
@!!status:to be proved
@!!END

@!!BEGIN
@!!type:obligation
@!!id:2221
@!!loc:1538:26:1538:32
@!!status:to be proved
@!!END

@!!BEGIN
@!!type:obligation
@!!id:2222
@!!loc:1538:34:1538:45
@!!status:to be proved
@!!END

@!!BEGIN
@!!type:obligation
@!!id:2223
@!!loc:1591:10:1591:12
@!!status:to be proved
@!!END

@!!BEGIN
@!!type:obligation
@!!id:2224
@!!loc:1591:13:1591:17
@!!status:to be proved
@!!END

@!!BEGIN
@!!type:obligation
@!!id:2225
@!!loc:1591:19:1591:23
@!!status:to be proved
@!!END

@!!BEGIN
@!!type:obligation
@!!id:2226
@!!loc:1591:25:1591:29
@!!status:to be proved
@!!END

@!!BEGIN
@!!type:obligation
@!!id:2227
@!!loc:1591:31:1591:35
@!!status:to be proved
@!!END

@!!BEGIN
@!!type:obligation
@!!id:2228
@!!loc:1591:37:1591:41
@!!status:to be proved
@!!END

@!!BEGIN
@!!type:obligation
@!!id:2229
@!!loc:1591:43:1591:47
@!!status:to be proved
@!!END

@!!BEGIN
@!!type:obligation
@!!id:2230
@!!loc:1591:49:1591:53
@!!status:to be proved
@!!END

@!!BEGIN
@!!type:obligation
@!!id:2231
@!!loc:1591:55:1591:60
@!!status:to be proved
@!!END

@!!BEGIN
@!!type:obligation
@!!id:2232
@!!loc:1544:17:1544:19
@!!status:to be proved
@!!END

@!!BEGIN
@!!type:obligation
@!!id:2233
@!!loc:1545:14:1545:16
@!!status:to be proved
@!!END

@!!BEGIN
@!!type:obligation
@!!id:2234
@!!loc:1545:17:1545:21
@!!status:to be proved
@!!END

@!!BEGIN
@!!type:obligation
@!!id:2235
@!!loc:1546:73:1546:75
@!!status:to be proved
@!!END

@!!BEGIN
@!!type:obligation
@!!id:2236
@!!loc:1547:34:1547:36
@!!status:to be proved
@!!END

@!!BEGIN
@!!type:obligation
@!!id:2237
@!!loc:1547:37:1547:41
@!!status:to be proved
@!!END

@!!BEGIN
@!!type:obligation
@!!id:2238
@!!loc:1548:59:1548:61
@!!status:to be proved
@!!END

@!!BEGIN
@!!type:obligation
@!!id:2239
@!!loc:1548:62:1548:66
@!!status:to be proved
@!!END

@!!BEGIN
@!!type:obligation
@!!id:2240
@!!loc:1554:3:1554:5
@!!status:to be proved
@!!END

@!!BEGIN
@!!type:obligation
@!!id:2241
@!!loc:1554:6:1554:10
@!!status:to be proved
@!!END

@!!BEGIN
@!!type:obligation
@!!id:2242
@!!loc:1554:12:1554:24
@!!status:to be proved
@!!END

@!!BEGIN
@!!type:obligation
@!!id:2243
@!!loc:1555:18:1555:20
@!!status:to be proved
@!!END

@!!BEGIN
@!!type:obligation
@!!id:2244
@!!loc:1555:21:1555:25
@!!status:to be proved
@!!END

@!!BEGIN
@!!type:obligation
@!!id:2245
@!!loc:1555:27:1555:42
@!!status:to be proved
@!!END

@!!BEGIN
@!!type:obligation
@!!id:2246
@!!loc:1556:25:1556:27
@!!status:to be proved
@!!END

@!!BEGIN
@!!type:obligation
@!!id:2247
@!!loc:1556:28:1556:32
@!!status:to be proved
@!!END

@!!BEGIN
@!!type:obligation
@!!id:2248
@!!loc:1559:3:1559:5
@!!status:to be proved
@!!END

@!!BEGIN
@!!type:obligation
@!!id:2249
@!!loc:1559:6:1559:10
@!!status:to be proved
@!!END

@!!BEGIN
@!!type:obligation
@!!id:2250
@!!loc:1560:66:1560:68
@!!status:to be proved
@!!END

@!!BEGIN
@!!type:obligation
@!!id:2252
@!!loc:1561:24:1561:26
@!!status:to be proved
@!!END

@!!BEGIN
@!!type:obligation
@!!id:2253
@!!loc:1562:23:1562:25
@!!status:to be proved
@!!END

@!!BEGIN
@!!type:obligation
@!!id:2254
@!!loc:1563:74:1563:76
@!!status:to be proved
@!!END

@!!BEGIN
@!!type:obligation
@!!id:2255
@!!loc:1563:77:1563:81
@!!status:to be proved
@!!END

@!!BEGIN
@!!type:obligation
@!!id:2256
@!!loc:1563:83:1563:87
@!!status:to be proved
@!!END

@!!BEGIN
@!!type:obligation
@!!id:2257
@!!loc:1563:89:1563:97
@!!status:to be proved
@!!END

@!!BEGIN
@!!type:obligation
@!!id:2258
@!!loc:1577:3:1577:5
@!!status:to be proved
@!!END

@!!BEGIN
@!!type:obligation
@!!id:2259
@!!loc:1578:104:1578:106
@!!status:to be proved
@!!END

@!!BEGIN
@!!type:obligation
@!!id:2260
@!!loc:1578:107:1578:111
@!!status:to be proved
@!!END

@!!BEGIN
@!!type:obligation
@!!id:2261
@!!loc:1579:33:1579:35
@!!status:to be proved
@!!END

@!!BEGIN
@!!type:obligation
@!!id:2262
@!!loc:1579:36:1579:40
@!!status:to be proved
@!!END

@!!BEGIN
@!!type:obligation
@!!id:2263
@!!loc:1579:42:1579:46
@!!status:to be proved
@!!END

@!!BEGIN
@!!type:obligation
@!!id:2264
@!!loc:1579:48:1579:52
@!!status:to be proved
@!!END

@!!BEGIN
@!!type:obligation
@!!id:2265
@!!loc:1579:54:1579:59
@!!status:to be proved
@!!END

@!!BEGIN
@!!type:obligation
@!!id:2266
@!!loc:1579:61:1579:65
@!!status:to be proved
@!!END

@!!BEGIN
@!!type:obligation
@!!id:2267
@!!loc:1579:67:1579:78
@!!status:to be proved
@!!END

@!!BEGIN
@!!type:obligation
@!!id:2268
@!!loc:1580:105:1580:107
@!!status:to be proved
@!!END

@!!BEGIN
@!!type:obligation
@!!id:2269
@!!loc:1580:108:1580:112
@!!status:to be proved
@!!END

@!!BEGIN
@!!type:obligation
@!!id:2270
@!!loc:1580:114:1580:118
@!!status:to be proved
@!!END

@!!BEGIN
@!!type:obligation
@!!id:2271
@!!loc:1581:14:1581:16
@!!status:to be proved
@!!END

@!!BEGIN
@!!type:obligation
@!!id:2272
@!!loc:1581:17:1581:21
@!!status:to be proved
@!!END

@!!BEGIN
@!!type:obligation
@!!id:2273
@!!loc:1581:23:1581:27
@!!status:to be proved
@!!END

@!!BEGIN
@!!type:obligation
@!!id:2274
@!!loc:1581:29:1581:34
@!!status:to be proved
@!!END

@!!BEGIN
@!!type:obligation
@!!id:2275
@!!loc:1581:36:1581:46
@!!status:to be proved
@!!END

@!!BEGIN
@!!type:obligation
@!!id:2276
@!!loc:1582:124:1582:126
@!!status:to be proved
@!!END

@!!BEGIN
@!!type:obligation
@!!id:2277
@!!loc:1582:127:1582:131
@!!status:to be proved
@!!END

@!!BEGIN
@!!type:obligation
@!!id:2278
@!!loc:1582:133:1582:137
@!!status:to be proved
@!!END

@!!BEGIN
@!!type:obligation
@!!id:2279
@!!loc:1583:13:1583:15
@!!status:to be proved
@!!END

@!!BEGIN
@!!type:obligation
@!!id:2280
@!!loc:1583:16:1583:20
@!!status:to be proved
@!!END

@!!BEGIN
@!!type:obligation
@!!id:2281
@!!loc:1583:22:1583:26
@!!status:to be proved
@!!END

@!!BEGIN
@!!type:obligation
@!!id:2282
@!!loc:1583:28:1583:33
@!!status:to be proved
@!!END

@!!BEGIN
@!!type:obligation
@!!id:2283
@!!loc:1583:35:1583:44
@!!status:to be proved
@!!END

@!!BEGIN
@!!type:obligation
@!!id:2284
@!!loc:1584:156:1584:158
@!!status:to be proved
@!!END

@!!BEGIN
@!!type:obligation
@!!id:2285
@!!loc:1584:159:1584:163
@!!status:to be proved
@!!END

@!!BEGIN
@!!type:obligation
@!!id:2286
@!!loc:1584:165:1584:169
@!!status:to be proved
@!!END

@!!BEGIN
@!!type:obligation
@!!id:2287
@!!loc:1585:12:1585:14
@!!status:to be proved
@!!END

@!!BEGIN
@!!type:obligation
@!!id:2288
@!!loc:1585:15:1585:19
@!!status:to be proved
@!!END

@!!BEGIN
@!!type:obligation
@!!id:2289
@!!loc:1585:21:1585:25
@!!status:to be proved
@!!END

@!!BEGIN
@!!type:obligation
@!!id:2290
@!!loc:1585:27:1585:32
@!!status:to be proved
@!!END

@!!BEGIN
@!!type:obligation
@!!id:2291
@!!loc:1585:34:1585:42
@!!status:to be proved
@!!END

@!!BEGIN
@!!type:obligation
@!!id:2292
@!!loc:1586:67:1586:69
@!!status:to be proved
@!!END

@!!BEGIN
@!!type:obligation
@!!id:2293
@!!loc:1586:70:1586:74
@!!status:to be proved
@!!END

@!!BEGIN
@!!type:obligation
@!!id:2294
@!!loc:1587:12:1587:14
@!!status:to be proved
@!!END

@!!BEGIN
@!!type:obligation
@!!id:2295
@!!loc:1587:15:1587:19
@!!status:to be proved
@!!END

@!!BEGIN
@!!type:obligation
@!!id:2296
@!!loc:1587:21:1587:25
@!!status:to be proved
@!!END

@!!BEGIN
@!!type:obligation
@!!id:2297
@!!loc:1587:27:1587:32
@!!status:to be proved
@!!END

@!!BEGIN
@!!type:obligation
@!!id:2298
@!!loc:1587:34:1587:42
@!!status:to be proved
@!!END

@!!BEGIN
@!!type:obligation
@!!id:2299
@!!loc:1588:16:1588:18
@!!status:to be proved
@!!END

@!!BEGIN
@!!type:obligation
@!!id:2300
@!!loc:1588:19:1588:23
@!!status:to be proved
@!!END

@!!BEGIN
@!!type:obligation
@!!id:2301
@!!loc:1588:25:1588:29
@!!status:to be proved
@!!END

@!!BEGIN
@!!type:obligation
@!!id:2302
@!!loc:1588:31:1588:35
@!!status:to be proved
@!!END

@!!BEGIN
@!!type:obligation
@!!id:2303
@!!loc:1588:37:1588:41
@!!status:to be proved
@!!END

@!!BEGIN
@!!type:obligation
@!!id:2304
@!!loc:1588:43:1588:55
@!!status:to be proved
@!!END

@!!BEGIN
@!!type:obligation
@!!id:2305
@!!loc:1589:117:1589:119
@!!status:to be proved
@!!END

@!!BEGIN
@!!type:obligation
@!!id:2306
@!!loc:1589:120:1589:124
@!!status:to be proved
@!!END

@!!BEGIN
@!!type:obligation
@!!id:2307
@!!loc:1590:17:1590:19
@!!status:to be proved
@!!END

@!!BEGIN
@!!type:obligation
@!!id:2308
@!!loc:1590:20:1590:24
@!!status:to be proved
@!!END

@!!BEGIN
@!!type:obligation
@!!id:2309
@!!loc:1590:26:1590:32
@!!status:to be proved
@!!END

@!!BEGIN
@!!type:obligation
@!!id:2310
@!!loc:1590:34:1590:45
@!!status:to be proved
@!!END

@!!BEGIN
@!!type:obligation
@!!id:2311
@!!loc:1687:10:1687:12
@!!status:to be proved
@!!END

@!!BEGIN
@!!type:obligation
@!!id:2312
@!!loc:1687:13:1687:17
@!!status:to be proved
@!!END

@!!BEGIN
@!!type:obligation
@!!id:2313
@!!loc:1687:19:1687:23
@!!status:to be proved
@!!END

@!!BEGIN
@!!type:obligation
@!!id:2314
@!!loc:1596:17:1596:19
@!!status:to be proved
@!!END

@!!BEGIN
@!!type:obligation
@!!id:2315
@!!loc:1597:14:1597:16
@!!status:to be proved
@!!END

@!!BEGIN
@!!type:obligation
@!!id:2316
@!!loc:1597:17:1597:21
@!!status:to be proved
@!!END

@!!BEGIN
@!!type:obligation
@!!id:2317
@!!loc:1598:73:1598:75
@!!status:to be proved
@!!END

@!!BEGIN
@!!type:obligation
@!!id:2318
@!!loc:1599:34:1599:36
@!!status:to be proved
@!!END

@!!BEGIN
@!!type:obligation
@!!id:2319
@!!loc:1599:37:1599:41
@!!status:to be proved
@!!END

@!!BEGIN
@!!type:obligation
@!!id:2320
@!!loc:1600:59:1600:61
@!!status:to be proved
@!!END

@!!BEGIN
@!!type:obligation
@!!id:2321
@!!loc:1600:62:1600:66
@!!status:to be proved
@!!END

@!!BEGIN
@!!type:obligation
@!!id:2322
@!!loc:1606:3:1606:5
@!!status:to be proved
@!!END

@!!BEGIN
@!!type:obligation
@!!id:2323
@!!loc:1606:6:1606:10
@!!status:to be proved
@!!END

@!!BEGIN
@!!type:obligation
@!!id:2324
@!!loc:1606:12:1606:24
@!!status:to be proved
@!!END

@!!BEGIN
@!!type:obligation
@!!id:2325
@!!loc:1607:18:1607:20
@!!status:to be proved
@!!END

@!!BEGIN
@!!type:obligation
@!!id:2326
@!!loc:1607:21:1607:25
@!!status:to be proved
@!!END

@!!BEGIN
@!!type:obligation
@!!id:2327
@!!loc:1607:27:1607:41
@!!status:to be proved
@!!END

@!!BEGIN
@!!type:obligation
@!!id:2328
@!!loc:1608:57:1608:59
@!!status:to be proved
@!!END

@!!BEGIN
@!!type:obligation
@!!id:2329
@!!loc:1609:24:1609:26
@!!status:to be proved
@!!END

@!!BEGIN
@!!type:obligation
@!!id:2330
@!!loc:1649:12:1649:14
@!!status:to be proved
@!!END

@!!BEGIN
@!!type:obligation
@!!id:2331
@!!loc:1649:15:1649:19
@!!status:to be proved
@!!END

@!!BEGIN
@!!type:obligation
@!!id:2332
@!!loc:1649:21:1649:25
@!!status:to be proved
@!!END

@!!BEGIN
@!!type:obligation
@!!id:2333
@!!loc:1649:27:1649:31
@!!status:to be proved
@!!END

@!!BEGIN
@!!type:obligation
@!!id:2334
@!!loc:1649:33:1649:37
@!!status:to be proved
@!!END

@!!BEGIN
@!!type:obligation
@!!id:2335
@!!loc:1649:39:1649:43
@!!status:to be proved
@!!END

@!!BEGIN
@!!type:obligation
@!!id:2336
@!!loc:1649:45:1649:49
@!!status:to be proved
@!!END

@!!BEGIN
@!!type:obligation
@!!id:2337
@!!loc:1649:51:1649:55
@!!status:to be proved
@!!END

@!!BEGIN
@!!type:obligation
@!!id:2338
@!!loc:1649:57:1649:62
@!!status:to be proved
@!!END

@!!BEGIN
@!!type:obligation
@!!id:2339
@!!loc:1611:49:1611:51
@!!status:to be proved
@!!END

@!!BEGIN
@!!type:obligation
@!!id:2340
@!!loc:1611:52:1611:56
@!!status:to be proved
@!!END

@!!BEGIN
@!!type:obligation
@!!id:2341
@!!loc:1612:26:1612:28
@!!status:to be proved
@!!END

@!!BEGIN
@!!type:obligation
@!!id:2342
@!!loc:1613:59:1613:61
@!!status:to be proved
@!!END

@!!BEGIN
@!!type:obligation
@!!id:2343
@!!loc:1614:77:1614:79
@!!status:to be proved
@!!END

@!!BEGIN
@!!type:obligation
@!!id:2344
@!!loc:1614:80:1614:84
@!!status:to be proved
@!!END

@!!BEGIN
@!!type:obligation
@!!id:2345
@!!loc:1614:86:1614:90
@!!status:to be proved
@!!END

@!!BEGIN
@!!type:obligation
@!!id:2346
@!!loc:1614:92:1614:100
@!!status:to be proved
@!!END

@!!BEGIN
@!!type:obligation
@!!id:2347
@!!loc:1628:5:1628:7
@!!status:to be proved
@!!END

@!!BEGIN
@!!type:obligation
@!!id:2348
@!!loc:1629:108:1629:110
@!!status:to be proved
@!!END

@!!BEGIN
@!!type:obligation
@!!id:2349
@!!loc:1629:111:1629:115
@!!status:to be proved
@!!END

@!!BEGIN
@!!type:obligation
@!!id:2350
@!!loc:1629:117:1629:121
@!!status:to be proved
@!!END

@!!BEGIN
@!!type:obligation
@!!id:2351
@!!loc:1630:35:1630:37
@!!status:to be proved
@!!END

@!!BEGIN
@!!type:obligation
@!!id:2352
@!!loc:1630:38:1630:42
@!!status:to be proved
@!!END

@!!BEGIN
@!!type:obligation
@!!id:2353
@!!loc:1630:44:1630:48
@!!status:to be proved
@!!END

@!!BEGIN
@!!type:obligation
@!!id:2354
@!!loc:1630:50:1630:54
@!!status:to be proved
@!!END

@!!BEGIN
@!!type:obligation
@!!id:2355
@!!loc:1630:56:1630:61
@!!status:to be proved
@!!END

@!!BEGIN
@!!type:obligation
@!!id:2356
@!!loc:1630:63:1630:67
@!!status:to be proved
@!!END

@!!BEGIN
@!!type:obligation
@!!id:2357
@!!loc:1630:69:1630:80
@!!status:to be proved
@!!END

@!!BEGIN
@!!type:obligation
@!!id:2358
@!!loc:1631:110:1631:112
@!!status:to be proved
@!!END

@!!BEGIN
@!!type:obligation
@!!id:2359
@!!loc:1631:113:1631:117
@!!status:to be proved
@!!END

@!!BEGIN
@!!type:obligation
@!!id:2360
@!!loc:1632:16:1632:18
@!!status:to be proved
@!!END

@!!BEGIN
@!!type:obligation
@!!id:2361
@!!loc:1632:19:1632:23
@!!status:to be proved
@!!END

@!!BEGIN
@!!type:obligation
@!!id:2362
@!!loc:1632:25:1632:29
@!!status:to be proved
@!!END

@!!BEGIN
@!!type:obligation
@!!id:2363
@!!loc:1632:31:1632:36
@!!status:to be proved
@!!END

@!!BEGIN
@!!type:obligation
@!!id:2364
@!!loc:1632:38:1632:48
@!!status:to be proved
@!!END

@!!BEGIN
@!!type:obligation
@!!id:2365
@!!loc:1633:130:1633:132
@!!status:to be proved
@!!END

@!!BEGIN
@!!type:obligation
@!!id:2366
@!!loc:1633:133:1633:137
@!!status:to be proved
@!!END

@!!BEGIN
@!!type:obligation
@!!id:2367
@!!loc:1633:139:1633:143
@!!status:to be proved
@!!END

@!!BEGIN
@!!type:obligation
@!!id:2368
@!!loc:1634:15:1634:17
@!!status:to be proved
@!!END

@!!BEGIN
@!!type:obligation
@!!id:2369
@!!loc:1634:18:1634:22
@!!status:to be proved
@!!END

@!!BEGIN
@!!type:obligation
@!!id:2370
@!!loc:1634:24:1634:28
@!!status:to be proved
@!!END

@!!BEGIN
@!!type:obligation
@!!id:2371
@!!loc:1634:30:1634:35
@!!status:to be proved
@!!END

@!!BEGIN
@!!type:obligation
@!!id:2372
@!!loc:1634:37:1634:46
@!!status:to be proved
@!!END

@!!BEGIN
@!!type:obligation
@!!id:2373
@!!loc:1635:162:1635:164
@!!status:to be proved
@!!END

@!!BEGIN
@!!type:obligation
@!!id:2374
@!!loc:1635:165:1635:169
@!!status:to be proved
@!!END

@!!BEGIN
@!!type:obligation
@!!id:2375
@!!loc:1636:14:1636:16
@!!status:to be proved
@!!END

@!!BEGIN
@!!type:obligation
@!!id:2376
@!!loc:1636:17:1636:21
@!!status:to be proved
@!!END

@!!BEGIN
@!!type:obligation
@!!id:2377
@!!loc:1636:23:1636:27
@!!status:to be proved
@!!END

@!!BEGIN
@!!type:obligation
@!!id:2378
@!!loc:1636:29:1636:34
@!!status:to be proved
@!!END

@!!BEGIN
@!!type:obligation
@!!id:2379
@!!loc:1636:36:1636:44
@!!status:to be proved
@!!END

@!!BEGIN
@!!type:obligation
@!!id:2380
@!!loc:1637:71:1637:73
@!!status:to be proved
@!!END

@!!BEGIN
@!!type:obligation
@!!id:2381
@!!loc:1637:74:1637:78
@!!status:to be proved
@!!END

@!!BEGIN
@!!type:obligation
@!!id:2382
@!!loc:1637:80:1637:84
@!!status:to be proved
@!!END

@!!BEGIN
@!!type:obligation
@!!id:2383
@!!loc:1638:14:1638:16
@!!status:to be proved
@!!END

@!!BEGIN
@!!type:obligation
@!!id:2384
@!!loc:1638:17:1638:21
@!!status:to be proved
@!!END

@!!BEGIN
@!!type:obligation
@!!id:2385
@!!loc:1638:23:1638:27
@!!status:to be proved
@!!END

@!!BEGIN
@!!type:obligation
@!!id:2386
@!!loc:1638:29:1638:34
@!!status:to be proved
@!!END

@!!BEGIN
@!!type:obligation
@!!id:2387
@!!loc:1638:36:1638:44
@!!status:to be proved
@!!END

@!!BEGIN
@!!type:obligation
@!!id:2388
@!!loc:1642:5:1642:7
@!!status:to be proved
@!!END

@!!BEGIN
@!!type:obligation
@!!id:2389
@!!loc:1642:8:1642:12
@!!status:to be proved
@!!END

@!!BEGIN
@!!type:obligation
@!!id:2390
@!!loc:1642:14:1642:18
@!!status:to be proved
@!!END

@!!BEGIN
@!!type:obligation
@!!id:2391
@!!loc:1645:5:1645:7
@!!status:to be proved
@!!END

@!!BEGIN
@!!type:obligation
@!!id:2392
@!!loc:1645:8:1645:12
@!!status:to be proved
@!!END

@!!BEGIN
@!!type:obligation
@!!id:2393
@!!loc:1645:14:1645:18
@!!status:to be proved
@!!END

@!!BEGIN
@!!type:obligation
@!!id:2394
@!!loc:1645:20:1645:24
@!!status:to be proved
@!!END

@!!BEGIN
@!!type:obligation
@!!id:2395
@!!loc:1646:18:1646:20
@!!status:to be proved
@!!END

@!!BEGIN
@!!type:obligation
@!!id:2396
@!!loc:1646:21:1646:25
@!!status:to be proved
@!!END

@!!BEGIN
@!!type:obligation
@!!id:2397
@!!loc:1646:27:1646:31
@!!status:to be proved
@!!END

@!!BEGIN
@!!type:obligation
@!!id:2398
@!!loc:1646:33:1646:38
@!!status:to be proved
@!!END

@!!BEGIN
@!!type:obligation
@!!id:2399
@!!loc:1646:40:1646:45
@!!status:to be proved
@!!END

@!!BEGIN
@!!type:obligation
@!!id:2400
@!!loc:1646:47:1646:60
@!!status:to be proved
@!!END

@!!BEGIN
@!!type:obligation
@!!id:2401
@!!loc:1647:121:1647:123
@!!status:to be proved
@!!END

@!!BEGIN
@!!type:obligation
@!!id:2402
@!!loc:1647:124:1647:128
@!!status:to be proved
@!!END

@!!BEGIN
@!!type:obligation
@!!id:2403
@!!loc:1648:19:1648:21
@!!status:to be proved
@!!END

@!!BEGIN
@!!type:obligation
@!!id:2404
@!!loc:1648:22:1648:26
@!!status:to be proved
@!!END

@!!BEGIN
@!!type:obligation
@!!id:2405
@!!loc:1648:28:1648:34
@!!status:to be proved
@!!END

@!!BEGIN
@!!type:obligation
@!!id:2406
@!!loc:1648:36:1648:47
@!!status:to be proved
@!!END

@!!BEGIN
@!!type:obligation
@!!id:2407
@!!loc:1686:12:1686:14
@!!status:to be proved
@!!END

@!!BEGIN
@!!type:obligation
@!!id:2408
@!!loc:1686:15:1686:19
@!!status:to be proved
@!!END

@!!BEGIN
@!!type:obligation
@!!id:2409
@!!loc:1686:21:1686:25
@!!status:to be proved
@!!END

@!!BEGIN
@!!type:obligation
@!!id:2410
@!!loc:1686:27:1686:31
@!!status:to be proved
@!!END

@!!BEGIN
@!!type:obligation
@!!id:2411
@!!loc:1686:33:1686:37
@!!status:to be proved
@!!END

@!!BEGIN
@!!type:obligation
@!!id:2412
@!!loc:1686:39:1686:43
@!!status:to be proved
@!!END

@!!BEGIN
@!!type:obligation
@!!id:2413
@!!loc:1686:45:1686:49
@!!status:to be proved
@!!END

@!!BEGIN
@!!type:obligation
@!!id:2414
@!!loc:1686:51:1686:55
@!!status:to be proved
@!!END

@!!BEGIN
@!!type:obligation
@!!id:2415
@!!loc:1686:57:1686:62
@!!status:to be proved
@!!END

@!!BEGIN
@!!type:obligation
@!!id:2416
@!!loc:1651:88:1651:90
@!!status:to be proved
@!!END

@!!BEGIN
@!!type:obligation
@!!id:2417
@!!loc:1651:91:1651:95
@!!status:to be proved
@!!END

@!!BEGIN
@!!type:obligation
@!!id:2419
@!!loc:1652:50:1652:52
@!!status:to be proved
@!!END

@!!BEGIN
@!!type:obligation
@!!id:2420
@!!loc:1652:53:1652:57
@!!status:to be proved
@!!END

@!!BEGIN
@!!type:obligation
@!!id:2421
@!!loc:1653:26:1653:28
@!!status:to be proved
@!!END

@!!BEGIN
@!!type:obligation
@!!id:2422
@!!loc:1654:59:1654:61
@!!status:to be proved
@!!END

@!!BEGIN
@!!type:obligation
@!!id:2423
@!!loc:1655:78:1655:80
@!!status:to be proved
@!!END

@!!BEGIN
@!!type:obligation
@!!id:2424
@!!loc:1655:81:1655:85
@!!status:to be proved
@!!END

@!!BEGIN
@!!type:obligation
@!!id:2425
@!!loc:1655:87:1655:91
@!!status:to be proved
@!!END

@!!BEGIN
@!!type:obligation
@!!id:2426
@!!loc:1655:93:1655:101
@!!status:to be proved
@!!END

@!!BEGIN
@!!type:obligation
@!!id:2427
@!!loc:1669:5:1669:7
@!!status:to be proved
@!!END

@!!BEGIN
@!!type:obligation
@!!id:2428
@!!loc:1670:110:1670:112
@!!status:to be proved
@!!END

@!!BEGIN
@!!type:obligation
@!!id:2429
@!!loc:1670:113:1670:117
@!!status:to be proved
@!!END

@!!BEGIN
@!!type:obligation
@!!id:2430
@!!loc:1670:119:1670:123
@!!status:to be proved
@!!END

@!!BEGIN
@!!type:obligation
@!!id:2431
@!!loc:1671:35:1671:37
@!!status:to be proved
@!!END

@!!BEGIN
@!!type:obligation
@!!id:2432
@!!loc:1671:38:1671:42
@!!status:to be proved
@!!END

@!!BEGIN
@!!type:obligation
@!!id:2433
@!!loc:1671:44:1671:48
@!!status:to be proved
@!!END

@!!BEGIN
@!!type:obligation
@!!id:2434
@!!loc:1671:50:1671:54
@!!status:to be proved
@!!END

@!!BEGIN
@!!type:obligation
@!!id:2435
@!!loc:1671:56:1671:61
@!!status:to be proved
@!!END

@!!BEGIN
@!!type:obligation
@!!id:2436
@!!loc:1671:63:1671:67
@!!status:to be proved
@!!END

@!!BEGIN
@!!type:obligation
@!!id:2437
@!!loc:1671:69:1671:80
@!!status:to be proved
@!!END

@!!BEGIN
@!!type:obligation
@!!id:2438
@!!loc:1672:113:1672:115
@!!status:to be proved
@!!END

@!!BEGIN
@!!type:obligation
@!!id:2439
@!!loc:1672:116:1672:120
@!!status:to be proved
@!!END

@!!BEGIN
@!!type:obligation
@!!id:2440
@!!loc:1673:16:1673:18
@!!status:to be proved
@!!END

@!!BEGIN
@!!type:obligation
@!!id:2441
@!!loc:1673:19:1673:23
@!!status:to be proved
@!!END

@!!BEGIN
@!!type:obligation
@!!id:2442
@!!loc:1673:25:1673:29
@!!status:to be proved
@!!END

@!!BEGIN
@!!type:obligation
@!!id:2443
@!!loc:1673:31:1673:36
@!!status:to be proved
@!!END

@!!BEGIN
@!!type:obligation
@!!id:2444
@!!loc:1673:38:1673:48
@!!status:to be proved
@!!END

@!!BEGIN
@!!type:obligation
@!!id:2445
@!!loc:1674:134:1674:136
@!!status:to be proved
@!!END

@!!BEGIN
@!!type:obligation
@!!id:2446
@!!loc:1674:137:1674:141
@!!status:to be proved
@!!END

@!!BEGIN
@!!type:obligation
@!!id:2447
@!!loc:1674:143:1674:147
@!!status:to be proved
@!!END

@!!BEGIN
@!!type:obligation
@!!id:2448
@!!loc:1675:15:1675:17
@!!status:to be proved
@!!END

@!!BEGIN
@!!type:obligation
@!!id:2449
@!!loc:1675:18:1675:22
@!!status:to be proved
@!!END

@!!BEGIN
@!!type:obligation
@!!id:2450
@!!loc:1675:24:1675:28
@!!status:to be proved
@!!END

@!!BEGIN
@!!type:obligation
@!!id:2451
@!!loc:1675:30:1675:35
@!!status:to be proved
@!!END

@!!BEGIN
@!!type:obligation
@!!id:2452
@!!loc:1675:37:1675:46
@!!status:to be proved
@!!END

@!!BEGIN
@!!type:obligation
@!!id:2453
@!!loc:1676:166:1676:168
@!!status:to be proved
@!!END

@!!BEGIN
@!!type:obligation
@!!id:2454
@!!loc:1676:169:1676:173
@!!status:to be proved
@!!END

@!!BEGIN
@!!type:obligation
@!!id:2455
@!!loc:1677:14:1677:16
@!!status:to be proved
@!!END

@!!BEGIN
@!!type:obligation
@!!id:2456
@!!loc:1677:17:1677:21
@!!status:to be proved
@!!END

@!!BEGIN
@!!type:obligation
@!!id:2457
@!!loc:1677:23:1677:27
@!!status:to be proved
@!!END

@!!BEGIN
@!!type:obligation
@!!id:2458
@!!loc:1677:29:1677:34
@!!status:to be proved
@!!END

@!!BEGIN
@!!type:obligation
@!!id:2459
@!!loc:1677:36:1677:44
@!!status:to be proved
@!!END

@!!BEGIN
@!!type:obligation
@!!id:2460
@!!loc:1678:73:1678:75
@!!status:to be proved
@!!END

@!!BEGIN
@!!type:obligation
@!!id:2461
@!!loc:1678:76:1678:80
@!!status:to be proved
@!!END

@!!BEGIN
@!!type:obligation
@!!id:2462
@!!loc:1678:82:1678:86
@!!status:to be proved
@!!END

@!!BEGIN
@!!type:obligation
@!!id:2463
@!!loc:1679:14:1679:16
@!!status:to be proved
@!!END

@!!BEGIN
@!!type:obligation
@!!id:2464
@!!loc:1679:17:1679:21
@!!status:to be proved
@!!END

@!!BEGIN
@!!type:obligation
@!!id:2465
@!!loc:1679:23:1679:27
@!!status:to be proved
@!!END

@!!BEGIN
@!!type:obligation
@!!id:2466
@!!loc:1679:29:1679:34
@!!status:to be proved
@!!END

@!!BEGIN
@!!type:obligation
@!!id:2467
@!!loc:1679:36:1679:44
@!!status:to be proved
@!!END

@!!BEGIN
@!!type:obligation
@!!id:2468
@!!loc:1682:5:1682:7
@!!status:to be proved
@!!END

@!!BEGIN
@!!type:obligation
@!!id:2469
@!!loc:1682:8:1682:12
@!!status:to be proved
@!!END

@!!BEGIN
@!!type:obligation
@!!id:2470
@!!loc:1682:14:1682:18
@!!status:to be proved
@!!END

@!!BEGIN
@!!type:obligation
@!!id:2471
@!!loc:1682:20:1682:24
@!!status:to be proved
@!!END

@!!BEGIN
@!!type:obligation
@!!id:2472
@!!loc:1683:18:1683:20
@!!status:to be proved
@!!END

@!!BEGIN
@!!type:obligation
@!!id:2473
@!!loc:1683:21:1683:25
@!!status:to be proved
@!!END

@!!BEGIN
@!!type:obligation
@!!id:2474
@!!loc:1683:27:1683:31
@!!status:to be proved
@!!END

@!!BEGIN
@!!type:obligation
@!!id:2475
@!!loc:1683:33:1683:37
@!!status:to be proved
@!!END

@!!BEGIN
@!!type:obligation
@!!id:2476
@!!loc:1683:39:1683:43
@!!status:to be proved
@!!END

@!!BEGIN
@!!type:obligation
@!!id:2477
@!!loc:1683:45:1683:50
@!!status:to be proved
@!!END

@!!BEGIN
@!!type:obligation
@!!id:2478
@!!loc:1683:52:1683:64
@!!status:to be proved
@!!END

@!!BEGIN
@!!type:obligation
@!!id:2479
@!!loc:1684:123:1684:125
@!!status:to be proved
@!!END

@!!BEGIN
@!!type:obligation
@!!id:2480
@!!loc:1684:126:1684:130
@!!status:to be proved
@!!END

@!!BEGIN
@!!type:obligation
@!!id:2481
@!!loc:1685:19:1685:21
@!!status:to be proved
@!!END

@!!BEGIN
@!!type:obligation
@!!id:2482
@!!loc:1685:22:1685:26
@!!status:to be proved
@!!END

@!!BEGIN
@!!type:obligation
@!!id:2483
@!!loc:1685:28:1685:34
@!!status:to be proved
@!!END

@!!BEGIN
@!!type:obligation
@!!id:2484
@!!loc:1685:36:1685:47
@!!status:to be proved
@!!END

@!!BEGIN
@!!type:obligation
@!!id:2485
@!!loc:1745:10:1745:12
@!!status:to be proved
@!!END

@!!BEGIN
@!!type:obligation
@!!id:2486
@!!loc:1745:13:1745:17
@!!status:to be proved
@!!END

@!!BEGIN
@!!type:obligation
@!!id:2487
@!!loc:1745:19:1745:23
@!!status:to be proved
@!!END

@!!BEGIN
@!!type:obligation
@!!id:2488
@!!loc:1745:25:1745:29
@!!status:to be proved
@!!END

@!!BEGIN
@!!type:obligation
@!!id:2489
@!!loc:1745:31:1745:35
@!!status:to be proved
@!!END

@!!BEGIN
@!!type:obligation
@!!id:2490
@!!loc:1745:37:1745:41
@!!status:to be proved
@!!END

@!!BEGIN
@!!type:obligation
@!!id:2491
@!!loc:1745:43:1745:47
@!!status:to be proved
@!!END

@!!BEGIN
@!!type:obligation
@!!id:2492
@!!loc:1745:49:1745:53
@!!status:to be proved
@!!END

@!!BEGIN
@!!type:obligation
@!!id:2493
@!!loc:1745:55:1745:60
@!!status:to be proved
@!!END

@!!BEGIN
@!!type:obligation
@!!id:2494
@!!loc:1692:17:1692:19
@!!status:to be proved
@!!END

@!!BEGIN
@!!type:obligation
@!!id:2495
@!!loc:1693:14:1693:16
@!!status:to be proved
@!!END

@!!BEGIN
@!!type:obligation
@!!id:2496
@!!loc:1693:17:1693:21
@!!status:to be proved
@!!END

@!!BEGIN
@!!type:obligation
@!!id:2497
@!!loc:1694:73:1694:75
@!!status:to be proved
@!!END

@!!BEGIN
@!!type:obligation
@!!id:2498
@!!loc:1695:34:1695:36
@!!status:to be proved
@!!END

@!!BEGIN
@!!type:obligation
@!!id:2499
@!!loc:1695:37:1695:41
@!!status:to be proved
@!!END

@!!BEGIN
@!!type:obligation
@!!id:2500
@!!loc:1696:59:1696:61
@!!status:to be proved
@!!END

@!!BEGIN
@!!type:obligation
@!!id:2501
@!!loc:1696:62:1696:66
@!!status:to be proved
@!!END

@!!BEGIN
@!!type:obligation
@!!id:2502
@!!loc:1702:3:1702:5
@!!status:to be proved
@!!END

@!!BEGIN
@!!type:obligation
@!!id:2503
@!!loc:1702:6:1702:10
@!!status:to be proved
@!!END

@!!BEGIN
@!!type:obligation
@!!id:2504
@!!loc:1702:12:1702:24
@!!status:to be proved
@!!END

@!!BEGIN
@!!type:obligation
@!!id:2505
@!!loc:1703:18:1703:20
@!!status:to be proved
@!!END

@!!BEGIN
@!!type:obligation
@!!id:2506
@!!loc:1703:21:1703:25
@!!status:to be proved
@!!END

@!!BEGIN
@!!type:obligation
@!!id:2507
@!!loc:1703:27:1703:38
@!!status:to be proved
@!!END

@!!BEGIN
@!!type:obligation
@!!id:2508
@!!loc:1704:28:1704:30
@!!status:to be proved
@!!END

@!!BEGIN
@!!type:obligation
@!!id:2509
@!!loc:1704:31:1704:35
@!!status:to be proved
@!!END

@!!BEGIN
@!!type:obligation
@!!id:2510
@!!loc:1705:65:1705:67
@!!status:to be proved
@!!END

@!!BEGIN
@!!type:obligation
@!!id:2511
@!!loc:1705:68:1705:72
@!!status:to be proved
@!!END

@!!BEGIN
@!!type:obligation
@!!id:2512
@!!loc:1705:74:1705:78
@!!status:to be proved
@!!END

@!!BEGIN
@!!type:obligation
@!!id:2513
@!!loc:1705:80:1705:84
@!!status:to be proved
@!!END

@!!BEGIN
@!!type:obligation
@!!id:2514
@!!loc:1706:82:1706:84
@!!status:to be proved
@!!END

@!!BEGIN
@!!type:obligation
@!!id:2516
@!!loc:1707:24:1707:26
@!!status:to be proved
@!!END

@!!BEGIN
@!!type:obligation
@!!id:2517
@!!loc:1708:37:1708:39
@!!status:to be proved
@!!END

@!!BEGIN
@!!type:obligation
@!!id:2518
@!!loc:1709:73:1709:75
@!!status:to be proved
@!!END

@!!BEGIN
@!!type:obligation
@!!id:2519
@!!loc:1709:76:1709:80
@!!status:to be proved
@!!END

@!!BEGIN
@!!type:obligation
@!!id:2520
@!!loc:1709:82:1709:86
@!!status:to be proved
@!!END

@!!BEGIN
@!!type:obligation
@!!id:2521
@!!loc:1709:88:1709:96
@!!status:to be proved
@!!END

@!!BEGIN
@!!type:obligation
@!!id:2522
@!!loc:1723:3:1723:5
@!!status:to be proved
@!!END

@!!BEGIN
@!!type:obligation
@!!id:2523
@!!loc:1724:102:1724:104
@!!status:to be proved
@!!END

@!!BEGIN
@!!type:obligation
@!!id:2524
@!!loc:1724:105:1724:109
@!!status:to be proved
@!!END

@!!BEGIN
@!!type:obligation
@!!id:2525
@!!loc:1724:111:1724:115
@!!status:to be proved
@!!END

@!!BEGIN
@!!type:obligation
@!!id:2526
@!!loc:1725:33:1725:35
@!!status:to be proved
@!!END

@!!BEGIN
@!!type:obligation
@!!id:2527
@!!loc:1725:36:1725:40
@!!status:to be proved
@!!END

@!!BEGIN
@!!type:obligation
@!!id:2528
@!!loc:1725:42:1725:46
@!!status:to be proved
@!!END

@!!BEGIN
@!!type:obligation
@!!id:2529
@!!loc:1725:48:1725:52
@!!status:to be proved
@!!END

@!!BEGIN
@!!type:obligation
@!!id:2530
@!!loc:1725:54:1725:59
@!!status:to be proved
@!!END

@!!BEGIN
@!!type:obligation
@!!id:2531
@!!loc:1725:61:1725:65
@!!status:to be proved
@!!END

@!!BEGIN
@!!type:obligation
@!!id:2532
@!!loc:1725:67:1725:78
@!!status:to be proved
@!!END

@!!BEGIN
@!!type:obligation
@!!id:2533
@!!loc:1726:102:1726:104
@!!status:to be proved
@!!END

@!!BEGIN
@!!type:obligation
@!!id:2534
@!!loc:1726:105:1726:109
@!!status:to be proved
@!!END

@!!BEGIN
@!!type:obligation
@!!id:2535
@!!loc:1727:14:1727:16
@!!status:to be proved
@!!END

@!!BEGIN
@!!type:obligation
@!!id:2536
@!!loc:1727:17:1727:21
@!!status:to be proved
@!!END

@!!BEGIN
@!!type:obligation
@!!id:2537
@!!loc:1727:23:1727:27
@!!status:to be proved
@!!END

@!!BEGIN
@!!type:obligation
@!!id:2538
@!!loc:1727:29:1727:34
@!!status:to be proved
@!!END

@!!BEGIN
@!!type:obligation
@!!id:2539
@!!loc:1727:36:1727:46
@!!status:to be proved
@!!END

@!!BEGIN
@!!type:obligation
@!!id:2540
@!!loc:1728:120:1728:122
@!!status:to be proved
@!!END

@!!BEGIN
@!!type:obligation
@!!id:2541
@!!loc:1728:123:1728:127
@!!status:to be proved
@!!END

@!!BEGIN
@!!type:obligation
@!!id:2542
@!!loc:1728:129:1728:133
@!!status:to be proved
@!!END

@!!BEGIN
@!!type:obligation
@!!id:2543
@!!loc:1729:13:1729:15
@!!status:to be proved
@!!END

@!!BEGIN
@!!type:obligation
@!!id:2544
@!!loc:1729:16:1729:20
@!!status:to be proved
@!!END

@!!BEGIN
@!!type:obligation
@!!id:2545
@!!loc:1729:22:1729:26
@!!status:to be proved
@!!END

@!!BEGIN
@!!type:obligation
@!!id:2546
@!!loc:1729:28:1729:33
@!!status:to be proved
@!!END

@!!BEGIN
@!!type:obligation
@!!id:2547
@!!loc:1729:35:1729:44
@!!status:to be proved
@!!END

@!!BEGIN
@!!type:obligation
@!!id:2548
@!!loc:1730:152:1730:154
@!!status:to be proved
@!!END

@!!BEGIN
@!!type:obligation
@!!id:2549
@!!loc:1730:155:1730:159
@!!status:to be proved
@!!END

@!!BEGIN
@!!type:obligation
@!!id:2550
@!!loc:1730:161:1730:165
@!!status:to be proved
@!!END

@!!BEGIN
@!!type:obligation
@!!id:2551
@!!loc:1730:167:1730:171
@!!status:to be proved
@!!END

@!!BEGIN
@!!type:obligation
@!!id:2552
@!!loc:1731:12:1731:14
@!!status:to be proved
@!!END

@!!BEGIN
@!!type:obligation
@!!id:2553
@!!loc:1731:15:1731:19
@!!status:to be proved
@!!END

@!!BEGIN
@!!type:obligation
@!!id:2554
@!!loc:1731:21:1731:25
@!!status:to be proved
@!!END

@!!BEGIN
@!!type:obligation
@!!id:2555
@!!loc:1731:27:1731:32
@!!status:to be proved
@!!END

@!!BEGIN
@!!type:obligation
@!!id:2556
@!!loc:1731:34:1731:42
@!!status:to be proved
@!!END

@!!BEGIN
@!!type:obligation
@!!id:2557
@!!loc:1732:65:1732:67
@!!status:to be proved
@!!END

@!!BEGIN
@!!type:obligation
@!!id:2558
@!!loc:1732:68:1732:72
@!!status:to be proved
@!!END

@!!BEGIN
@!!type:obligation
@!!id:2559
@!!loc:1732:74:1732:78
@!!status:to be proved
@!!END

@!!BEGIN
@!!type:obligation
@!!id:2560
@!!loc:1733:12:1733:14
@!!status:to be proved
@!!END

@!!BEGIN
@!!type:obligation
@!!id:2561
@!!loc:1733:15:1733:19
@!!status:to be proved
@!!END

@!!BEGIN
@!!type:obligation
@!!id:2562
@!!loc:1733:21:1733:25
@!!status:to be proved
@!!END

@!!BEGIN
@!!type:obligation
@!!id:2563
@!!loc:1733:27:1733:32
@!!status:to be proved
@!!END

@!!BEGIN
@!!type:obligation
@!!id:2564
@!!loc:1733:34:1733:42
@!!status:to be proved
@!!END

@!!BEGIN
@!!type:obligation
@!!id:2565
@!!loc:1738:3:1738:5
@!!status:to be proved
@!!END

@!!BEGIN
@!!type:obligation
@!!id:2566
@!!loc:1738:6:1738:10
@!!status:to be proved
@!!END

@!!BEGIN
@!!type:obligation
@!!id:2567
@!!loc:1741:3:1741:5
@!!status:to be proved
@!!END

@!!BEGIN
@!!type:obligation
@!!id:2568
@!!loc:1741:6:1741:10
@!!status:to be proved
@!!END

@!!BEGIN
@!!type:obligation
@!!id:2569
@!!loc:1741:12:1741:16
@!!status:to be proved
@!!END

@!!BEGIN
@!!type:obligation
@!!id:2570
@!!loc:1742:16:1742:18
@!!status:to be proved
@!!END

@!!BEGIN
@!!type:obligation
@!!id:2571
@!!loc:1742:19:1742:23
@!!status:to be proved
@!!END

@!!BEGIN
@!!type:obligation
@!!id:2572
@!!loc:1742:25:1742:29
@!!status:to be proved
@!!END

@!!BEGIN
@!!type:obligation
@!!id:2573
@!!loc:1742:31:1742:36
@!!status:to be proved
@!!END

@!!BEGIN
@!!type:obligation
@!!id:2574
@!!loc:1742:38:1742:43
@!!status:to be proved
@!!END

@!!BEGIN
@!!type:obligation
@!!id:2575
@!!loc:1742:45:1742:58
@!!status:to be proved
@!!END

@!!BEGIN
@!!type:obligation
@!!id:2576
@!!loc:1743:115:1743:117
@!!status:to be proved
@!!END

@!!BEGIN
@!!type:obligation
@!!id:2577
@!!loc:1743:118:1743:122
@!!status:to be proved
@!!END

@!!BEGIN
@!!type:obligation
@!!id:2578
@!!loc:1743:124:1743:128
@!!status:to be proved
@!!END

@!!BEGIN
@!!type:obligation
@!!id:2579
@!!loc:1743:130:1743:134
@!!status:to be proved
@!!END

@!!BEGIN
@!!type:obligation
@!!id:2580
@!!loc:1744:17:1744:19
@!!status:to be proved
@!!END

@!!BEGIN
@!!type:obligation
@!!id:2581
@!!loc:1744:20:1744:24
@!!status:to be proved
@!!END

@!!BEGIN
@!!type:obligation
@!!id:2582
@!!loc:1744:26:1744:32
@!!status:to be proved
@!!END

@!!BEGIN
@!!type:obligation
@!!id:2583
@!!loc:1744:34:1744:45
@!!status:to be proved
@!!END

@!!BEGIN
@!!type:obligation
@!!id:2584
@!!loc:1800:10:1800:12
@!!status:to be proved
@!!END

@!!BEGIN
@!!type:obligation
@!!id:2585
@!!loc:1800:13:1800:17
@!!status:to be proved
@!!END

@!!BEGIN
@!!type:obligation
@!!id:2586
@!!loc:1800:19:1800:23
@!!status:to be proved
@!!END

@!!BEGIN
@!!type:obligation
@!!id:2587
@!!loc:1800:25:1800:29
@!!status:to be proved
@!!END

@!!BEGIN
@!!type:obligation
@!!id:2588
@!!loc:1800:31:1800:35
@!!status:to be proved
@!!END

@!!BEGIN
@!!type:obligation
@!!id:2589
@!!loc:1800:37:1800:41
@!!status:to be proved
@!!END

@!!BEGIN
@!!type:obligation
@!!id:2590
@!!loc:1800:43:1800:47
@!!status:to be proved
@!!END

@!!BEGIN
@!!type:obligation
@!!id:2591
@!!loc:1800:49:1800:53
@!!status:to be proved
@!!END

@!!BEGIN
@!!type:obligation
@!!id:2592
@!!loc:1800:55:1800:60
@!!status:to be proved
@!!END

@!!BEGIN
@!!type:obligation
@!!id:2593
@!!loc:1750:17:1750:19
@!!status:to be proved
@!!END

@!!BEGIN
@!!type:obligation
@!!id:2594
@!!loc:1751:14:1751:16
@!!status:to be proved
@!!END

@!!BEGIN
@!!type:obligation
@!!id:2595
@!!loc:1751:17:1751:21
@!!status:to be proved
@!!END

@!!BEGIN
@!!type:obligation
@!!id:2596
@!!loc:1752:73:1752:75
@!!status:to be proved
@!!END

@!!BEGIN
@!!type:obligation
@!!id:2597
@!!loc:1753:34:1753:36
@!!status:to be proved
@!!END

@!!BEGIN
@!!type:obligation
@!!id:2598
@!!loc:1753:37:1753:41
@!!status:to be proved
@!!END

@!!BEGIN
@!!type:obligation
@!!id:2599
@!!loc:1754:59:1754:61
@!!status:to be proved
@!!END

@!!BEGIN
@!!type:obligation
@!!id:2600
@!!loc:1754:62:1754:66
@!!status:to be proved
@!!END

@!!BEGIN
@!!type:obligation
@!!id:2601
@!!loc:1760:3:1760:5
@!!status:to be proved
@!!END

@!!BEGIN
@!!type:obligation
@!!id:2602
@!!loc:1760:6:1760:10
@!!status:to be proved
@!!END

@!!BEGIN
@!!type:obligation
@!!id:2603
@!!loc:1760:12:1760:24
@!!status:to be proved
@!!END

@!!BEGIN
@!!type:obligation
@!!id:2604
@!!loc:1761:18:1761:20
@!!status:to be proved
@!!END

@!!BEGIN
@!!type:obligation
@!!id:2605
@!!loc:1761:21:1761:25
@!!status:to be proved
@!!END

@!!BEGIN
@!!type:obligation
@!!id:2606
@!!loc:1761:27:1761:38
@!!status:to be proved
@!!END

@!!BEGIN
@!!type:obligation
@!!id:2607
@!!loc:1762:39:1762:41
@!!status:to be proved
@!!END

@!!BEGIN
@!!type:obligation
@!!id:2608
@!!loc:1763:24:1763:26
@!!status:to be proved
@!!END

@!!BEGIN
@!!type:obligation
@!!id:2609
@!!loc:1764:37:1764:39
@!!status:to be proved
@!!END

@!!BEGIN
@!!type:obligation
@!!id:2610
@!!loc:1765:67:1765:69
@!!status:to be proved
@!!END

@!!BEGIN
@!!type:obligation
@!!id:2611
@!!loc:1765:70:1765:74
@!!status:to be proved
@!!END

@!!BEGIN
@!!type:obligation
@!!id:2612
@!!loc:1765:76:1765:80
@!!status:to be proved
@!!END

@!!BEGIN
@!!type:obligation
@!!id:2613
@!!loc:1765:82:1765:90
@!!status:to be proved
@!!END

@!!BEGIN
@!!type:obligation
@!!id:2614
@!!loc:1779:3:1779:5
@!!status:to be proved
@!!END

@!!BEGIN
@!!type:obligation
@!!id:2615
@!!loc:1780:90:1780:92
@!!status:to be proved
@!!END

@!!BEGIN
@!!type:obligation
@!!id:2616
@!!loc:1780:93:1780:97
@!!status:to be proved
@!!END

@!!BEGIN
@!!type:obligation
@!!id:2617
@!!loc:1780:99:1780:103
@!!status:to be proved
@!!END

@!!BEGIN
@!!type:obligation
@!!id:2618
@!!loc:1781:33:1781:35
@!!status:to be proved
@!!END

@!!BEGIN
@!!type:obligation
@!!id:2619
@!!loc:1781:36:1781:40
@!!status:to be proved
@!!END

@!!BEGIN
@!!type:obligation
@!!id:2620
@!!loc:1781:42:1781:46
@!!status:to be proved
@!!END

@!!BEGIN
@!!type:obligation
@!!id:2621
@!!loc:1781:48:1781:52
@!!status:to be proved
@!!END

@!!BEGIN
@!!type:obligation
@!!id:2622
@!!loc:1781:54:1781:59
@!!status:to be proved
@!!END

@!!BEGIN
@!!type:obligation
@!!id:2623
@!!loc:1781:61:1781:65
@!!status:to be proved
@!!END

@!!BEGIN
@!!type:obligation
@!!id:2624
@!!loc:1781:67:1781:78
@!!status:to be proved
@!!END

@!!BEGIN
@!!type:obligation
@!!id:2625
@!!loc:1782:84:1782:86
@!!status:to be proved
@!!END

@!!BEGIN
@!!type:obligation
@!!id:2626
@!!loc:1782:87:1782:91
@!!status:to be proved
@!!END

@!!BEGIN
@!!type:obligation
@!!id:2627
@!!loc:1783:14:1783:16
@!!status:to be proved
@!!END

@!!BEGIN
@!!type:obligation
@!!id:2628
@!!loc:1783:17:1783:21
@!!status:to be proved
@!!END

@!!BEGIN
@!!type:obligation
@!!id:2629
@!!loc:1783:23:1783:27
@!!status:to be proved
@!!END

@!!BEGIN
@!!type:obligation
@!!id:2630
@!!loc:1783:29:1783:34
@!!status:to be proved
@!!END

@!!BEGIN
@!!type:obligation
@!!id:2631
@!!loc:1783:36:1783:46
@!!status:to be proved
@!!END

@!!BEGIN
@!!type:obligation
@!!id:2632
@!!loc:1784:96:1784:98
@!!status:to be proved
@!!END

@!!BEGIN
@!!type:obligation
@!!id:2633
@!!loc:1784:99:1784:103
@!!status:to be proved
@!!END

@!!BEGIN
@!!type:obligation
@!!id:2634
@!!loc:1784:105:1784:109
@!!status:to be proved
@!!END

@!!BEGIN
@!!type:obligation
@!!id:2635
@!!loc:1785:13:1785:15
@!!status:to be proved
@!!END

@!!BEGIN
@!!type:obligation
@!!id:2636
@!!loc:1785:16:1785:20
@!!status:to be proved
@!!END

@!!BEGIN
@!!type:obligation
@!!id:2637
@!!loc:1785:22:1785:26
@!!status:to be proved
@!!END

@!!BEGIN
@!!type:obligation
@!!id:2638
@!!loc:1785:28:1785:33
@!!status:to be proved
@!!END

@!!BEGIN
@!!type:obligation
@!!id:2639
@!!loc:1785:35:1785:44
@!!status:to be proved
@!!END

@!!BEGIN
@!!type:obligation
@!!id:2640
@!!loc:1786:128:1786:130
@!!status:to be proved
@!!END

@!!BEGIN
@!!type:obligation
@!!id:2641
@!!loc:1786:131:1786:135
@!!status:to be proved
@!!END

@!!BEGIN
@!!type:obligation
@!!id:2642
@!!loc:1787:12:1787:14
@!!status:to be proved
@!!END

@!!BEGIN
@!!type:obligation
@!!id:2643
@!!loc:1787:15:1787:19
@!!status:to be proved
@!!END

@!!BEGIN
@!!type:obligation
@!!id:2644
@!!loc:1787:21:1787:25
@!!status:to be proved
@!!END

@!!BEGIN
@!!type:obligation
@!!id:2645
@!!loc:1787:27:1787:32
@!!status:to be proved
@!!END

@!!BEGIN
@!!type:obligation
@!!id:2646
@!!loc:1787:34:1787:42
@!!status:to be proved
@!!END

@!!BEGIN
@!!type:obligation
@!!id:2647
@!!loc:1788:53:1788:55
@!!status:to be proved
@!!END

@!!BEGIN
@!!type:obligation
@!!id:2648
@!!loc:1788:56:1788:60
@!!status:to be proved
@!!END

@!!BEGIN
@!!type:obligation
@!!id:2649
@!!loc:1788:62:1788:66
@!!status:to be proved
@!!END

@!!BEGIN
@!!type:obligation
@!!id:2650
@!!loc:1789:12:1789:14
@!!status:to be proved
@!!END

@!!BEGIN
@!!type:obligation
@!!id:2651
@!!loc:1789:15:1789:19
@!!status:to be proved
@!!END

@!!BEGIN
@!!type:obligation
@!!id:2652
@!!loc:1789:21:1789:25
@!!status:to be proved
@!!END

@!!BEGIN
@!!type:obligation
@!!id:2653
@!!loc:1789:27:1789:32
@!!status:to be proved
@!!END

@!!BEGIN
@!!type:obligation
@!!id:2654
@!!loc:1789:34:1789:42
@!!status:to be proved
@!!END

@!!BEGIN
@!!type:obligation
@!!id:2655
@!!loc:1793:3:1793:5
@!!status:to be proved
@!!END

@!!BEGIN
@!!type:obligation
@!!id:2656
@!!loc:1793:6:1793:10
@!!status:to be proved
@!!END

@!!BEGIN
@!!type:obligation
@!!id:2657
@!!loc:1793:12:1793:16
@!!status:to be proved
@!!END

@!!BEGIN
@!!type:obligation
@!!id:2658
@!!loc:1796:3:1796:5
@!!status:to be proved
@!!END

@!!BEGIN
@!!type:obligation
@!!id:2659
@!!loc:1796:6:1796:10
@!!status:to be proved
@!!END

@!!BEGIN
@!!type:obligation
@!!id:2660
@!!loc:1796:12:1796:16
@!!status:to be proved
@!!END

@!!BEGIN
@!!type:obligation
@!!id:2661
@!!loc:1796:18:1796:22
@!!status:to be proved
@!!END

@!!BEGIN
@!!type:obligation
@!!id:2662
@!!loc:1797:16:1797:18
@!!status:to be proved
@!!END

@!!BEGIN
@!!type:obligation
@!!id:2663
@!!loc:1797:19:1797:23
@!!status:to be proved
@!!END

@!!BEGIN
@!!type:obligation
@!!id:2664
@!!loc:1797:25:1797:29
@!!status:to be proved
@!!END

@!!BEGIN
@!!type:obligation
@!!id:2665
@!!loc:1797:31:1797:36
@!!status:to be proved
@!!END

@!!BEGIN
@!!type:obligation
@!!id:2666
@!!loc:1797:38:1797:43
@!!status:to be proved
@!!END

@!!BEGIN
@!!type:obligation
@!!id:2667
@!!loc:1797:45:1797:58
@!!status:to be proved
@!!END

@!!BEGIN
@!!type:obligation
@!!id:2668
@!!loc:1798:103:1798:105
@!!status:to be proved
@!!END

@!!BEGIN
@!!type:obligation
@!!id:2669
@!!loc:1798:106:1798:110
@!!status:to be proved
@!!END

@!!BEGIN
@!!type:obligation
@!!id:2670
@!!loc:1799:17:1799:19
@!!status:to be proved
@!!END

@!!BEGIN
@!!type:obligation
@!!id:2671
@!!loc:1799:20:1799:24
@!!status:to be proved
@!!END

@!!BEGIN
@!!type:obligation
@!!id:2672
@!!loc:1799:26:1799:32
@!!status:to be proved
@!!END

@!!BEGIN
@!!type:obligation
@!!id:2673
@!!loc:1799:34:1799:45
@!!status:to be proved
@!!END

@!!BEGIN
@!!type:obligation
@!!id:2674
@!!loc:1902:10:1902:12
@!!status:to be proved
@!!END

@!!BEGIN
@!!type:obligation
@!!id:2675
@!!loc:1902:13:1902:17
@!!status:to be proved
@!!END

@!!BEGIN
@!!type:obligation
@!!id:2676
@!!loc:1902:19:1902:23
@!!status:to be proved
@!!END

@!!BEGIN
@!!type:obligation
@!!id:2677
@!!loc:1805:17:1805:19
@!!status:to be proved
@!!END

@!!BEGIN
@!!type:obligation
@!!id:2678
@!!loc:1806:14:1806:16
@!!status:to be proved
@!!END

@!!BEGIN
@!!type:obligation
@!!id:2679
@!!loc:1806:17:1806:21
@!!status:to be proved
@!!END

@!!BEGIN
@!!type:obligation
@!!id:2680
@!!loc:1807:73:1807:75
@!!status:to be proved
@!!END

@!!BEGIN
@!!type:obligation
@!!id:2681
@!!loc:1808:34:1808:36
@!!status:to be proved
@!!END

@!!BEGIN
@!!type:obligation
@!!id:2682
@!!loc:1808:37:1808:41
@!!status:to be proved
@!!END

@!!BEGIN
@!!type:obligation
@!!id:2683
@!!loc:1809:59:1809:61
@!!status:to be proved
@!!END

@!!BEGIN
@!!type:obligation
@!!id:2684
@!!loc:1809:62:1809:66
@!!status:to be proved
@!!END

@!!BEGIN
@!!type:obligation
@!!id:2685
@!!loc:1815:3:1815:5
@!!status:to be proved
@!!END

@!!BEGIN
@!!type:obligation
@!!id:2686
@!!loc:1815:6:1815:10
@!!status:to be proved
@!!END

@!!BEGIN
@!!type:obligation
@!!id:2687
@!!loc:1815:12:1815:24
@!!status:to be proved
@!!END

@!!BEGIN
@!!type:obligation
@!!id:2688
@!!loc:1816:18:1816:20
@!!status:to be proved
@!!END

@!!BEGIN
@!!type:obligation
@!!id:2689
@!!loc:1816:21:1816:25
@!!status:to be proved
@!!END

@!!BEGIN
@!!type:obligation
@!!id:2690
@!!loc:1816:27:1816:40
@!!status:to be proved
@!!END

@!!BEGIN
@!!type:obligation
@!!id:2691
@!!loc:1817:58:1817:60
@!!status:to be proved
@!!END

@!!BEGIN
@!!type:obligation
@!!id:2692
@!!loc:1818:24:1818:26
@!!status:to be proved
@!!END

@!!BEGIN
@!!type:obligation
@!!id:2693
@!!loc:1819:30:1819:32
@!!status:to be proved
@!!END

@!!BEGIN
@!!type:obligation
@!!id:2694
@!!loc:1819:33:1819:37
@!!status:to be proved
@!!END

@!!BEGIN
@!!type:obligation
@!!id:2695
@!!loc:1819:39:1819:43
@!!status:to be proved
@!!END

@!!BEGIN
@!!type:obligation
@!!id:2696
@!!loc:1859:12:1859:14
@!!status:to be proved
@!!END

@!!BEGIN
@!!type:obligation
@!!id:2697
@!!loc:1859:15:1859:19
@!!status:to be proved
@!!END

@!!BEGIN
@!!type:obligation
@!!id:2698
@!!loc:1859:21:1859:25
@!!status:to be proved
@!!END

@!!BEGIN
@!!type:obligation
@!!id:2699
@!!loc:1859:27:1859:31
@!!status:to be proved
@!!END

@!!BEGIN
@!!type:obligation
@!!id:2700
@!!loc:1859:33:1859:37
@!!status:to be proved
@!!END

@!!BEGIN
@!!type:obligation
@!!id:2701
@!!loc:1859:39:1859:43
@!!status:to be proved
@!!END

@!!BEGIN
@!!type:obligation
@!!id:2702
@!!loc:1859:45:1859:49
@!!status:to be proved
@!!END

@!!BEGIN
@!!type:obligation
@!!id:2703
@!!loc:1859:51:1859:55
@!!status:to be proved
@!!END

@!!BEGIN
@!!type:obligation
@!!id:2704
@!!loc:1859:57:1859:62
@!!status:to be proved
@!!END

@!!BEGIN
@!!type:obligation
@!!id:2705
@!!loc:1821:46:1821:48
@!!status:to be proved
@!!END

@!!BEGIN
@!!type:obligation
@!!id:2706
@!!loc:1821:49:1821:53
@!!status:to be proved
@!!END

@!!BEGIN
@!!type:obligation
@!!id:2707
@!!loc:1822:26:1822:28
@!!status:to be proved
@!!END

@!!BEGIN
@!!type:obligation
@!!id:2708
@!!loc:1823:60:1823:62
@!!status:to be proved
@!!END

@!!BEGIN
@!!type:obligation
@!!id:2709
@!!loc:1824:74:1824:76
@!!status:to be proved
@!!END

@!!BEGIN
@!!type:obligation
@!!id:2710
@!!loc:1824:77:1824:81
@!!status:to be proved
@!!END

@!!BEGIN
@!!type:obligation
@!!id:2711
@!!loc:1824:83:1824:87
@!!status:to be proved
@!!END

@!!BEGIN
@!!type:obligation
@!!id:2712
@!!loc:1824:89:1824:97
@!!status:to be proved
@!!END

@!!BEGIN
@!!type:obligation
@!!id:2713
@!!loc:1838:5:1838:7
@!!status:to be proved
@!!END

@!!BEGIN
@!!type:obligation
@!!id:2714
@!!loc:1839:102:1839:104
@!!status:to be proved
@!!END

@!!BEGIN
@!!type:obligation
@!!id:2715
@!!loc:1839:105:1839:109
@!!status:to be proved
@!!END

@!!BEGIN
@!!type:obligation
@!!id:2716
@!!loc:1839:111:1839:115
@!!status:to be proved
@!!END

@!!BEGIN
@!!type:obligation
@!!id:2717
@!!loc:1840:35:1840:37
@!!status:to be proved
@!!END

@!!BEGIN
@!!type:obligation
@!!id:2718
@!!loc:1840:38:1840:42
@!!status:to be proved
@!!END

@!!BEGIN
@!!type:obligation
@!!id:2719
@!!loc:1840:44:1840:48
@!!status:to be proved
@!!END

@!!BEGIN
@!!type:obligation
@!!id:2720
@!!loc:1840:50:1840:54
@!!status:to be proved
@!!END

@!!BEGIN
@!!type:obligation
@!!id:2721
@!!loc:1840:56:1840:61
@!!status:to be proved
@!!END

@!!BEGIN
@!!type:obligation
@!!id:2722
@!!loc:1840:63:1840:67
@!!status:to be proved
@!!END

@!!BEGIN
@!!type:obligation
@!!id:2723
@!!loc:1840:69:1840:80
@!!status:to be proved
@!!END

@!!BEGIN
@!!type:obligation
@!!id:2724
@!!loc:1841:101:1841:103
@!!status:to be proved
@!!END

@!!BEGIN
@!!type:obligation
@!!id:2725
@!!loc:1841:104:1841:108
@!!status:to be proved
@!!END

@!!BEGIN
@!!type:obligation
@!!id:2726
@!!loc:1841:110:1841:114
@!!status:to be proved
@!!END

@!!BEGIN
@!!type:obligation
@!!id:2727
@!!loc:1842:16:1842:18
@!!status:to be proved
@!!END

@!!BEGIN
@!!type:obligation
@!!id:2728
@!!loc:1842:19:1842:23
@!!status:to be proved
@!!END

@!!BEGIN
@!!type:obligation
@!!id:2729
@!!loc:1842:25:1842:29
@!!status:to be proved
@!!END

@!!BEGIN
@!!type:obligation
@!!id:2730
@!!loc:1842:31:1842:36
@!!status:to be proved
@!!END

@!!BEGIN
@!!type:obligation
@!!id:2731
@!!loc:1842:38:1842:48
@!!status:to be proved
@!!END

@!!BEGIN
@!!type:obligation
@!!id:2732
@!!loc:1843:118:1843:120
@!!status:to be proved
@!!END

@!!BEGIN
@!!type:obligation
@!!id:2733
@!!loc:1843:121:1843:125
@!!status:to be proved
@!!END

@!!BEGIN
@!!type:obligation
@!!id:2734
@!!loc:1843:127:1843:131
@!!status:to be proved
@!!END

@!!BEGIN
@!!type:obligation
@!!id:2735
@!!loc:1844:15:1844:17
@!!status:to be proved
@!!END

@!!BEGIN
@!!type:obligation
@!!id:2736
@!!loc:1844:18:1844:22
@!!status:to be proved
@!!END

@!!BEGIN
@!!type:obligation
@!!id:2737
@!!loc:1844:24:1844:28
@!!status:to be proved
@!!END

@!!BEGIN
@!!type:obligation
@!!id:2738
@!!loc:1844:30:1844:35
@!!status:to be proved
@!!END

@!!BEGIN
@!!type:obligation
@!!id:2739
@!!loc:1844:37:1844:46
@!!status:to be proved
@!!END

@!!BEGIN
@!!type:obligation
@!!id:2740
@!!loc:1845:150:1845:152
@!!status:to be proved
@!!END

@!!BEGIN
@!!type:obligation
@!!id:2741
@!!loc:1845:153:1845:157
@!!status:to be proved
@!!END

@!!BEGIN
@!!type:obligation
@!!id:2742
@!!loc:1845:159:1845:163
@!!status:to be proved
@!!END

@!!BEGIN
@!!type:obligation
@!!id:2743
@!!loc:1846:14:1846:16
@!!status:to be proved
@!!END

@!!BEGIN
@!!type:obligation
@!!id:2744
@!!loc:1846:17:1846:21
@!!status:to be proved
@!!END

@!!BEGIN
@!!type:obligation
@!!id:2745
@!!loc:1846:23:1846:27
@!!status:to be proved
@!!END

@!!BEGIN
@!!type:obligation
@!!id:2746
@!!loc:1846:29:1846:34
@!!status:to be proved
@!!END

@!!BEGIN
@!!type:obligation
@!!id:2747
@!!loc:1846:36:1846:44
@!!status:to be proved
@!!END

@!!BEGIN
@!!type:obligation
@!!id:2748
@!!loc:1847:65:1847:67
@!!status:to be proved
@!!END

@!!BEGIN
@!!type:obligation
@!!id:2749
@!!loc:1847:68:1847:72
@!!status:to be proved
@!!END

@!!BEGIN
@!!type:obligation
@!!id:2750
@!!loc:1847:74:1847:78
@!!status:to be proved
@!!END

@!!BEGIN
@!!type:obligation
@!!id:2751
@!!loc:1848:14:1848:16
@!!status:to be proved
@!!END

@!!BEGIN
@!!type:obligation
@!!id:2752
@!!loc:1848:17:1848:21
@!!status:to be proved
@!!END

@!!BEGIN
@!!type:obligation
@!!id:2753
@!!loc:1848:23:1848:27
@!!status:to be proved
@!!END

@!!BEGIN
@!!type:obligation
@!!id:2754
@!!loc:1848:29:1848:34
@!!status:to be proved
@!!END

@!!BEGIN
@!!type:obligation
@!!id:2755
@!!loc:1848:36:1848:44
@!!status:to be proved
@!!END

@!!BEGIN
@!!type:obligation
@!!id:2756
@!!loc:1852:5:1852:7
@!!status:to be proved
@!!END

@!!BEGIN
@!!type:obligation
@!!id:2757
@!!loc:1852:8:1852:12
@!!status:to be proved
@!!END

@!!BEGIN
@!!type:obligation
@!!id:2758
@!!loc:1852:14:1852:18
@!!status:to be proved
@!!END

@!!BEGIN
@!!type:obligation
@!!id:2759
@!!loc:1855:5:1855:7
@!!status:to be proved
@!!END

@!!BEGIN
@!!type:obligation
@!!id:2760
@!!loc:1855:8:1855:12
@!!status:to be proved
@!!END

@!!BEGIN
@!!type:obligation
@!!id:2761
@!!loc:1855:14:1855:18
@!!status:to be proved
@!!END

@!!BEGIN
@!!type:obligation
@!!id:2762
@!!loc:1855:20:1855:24
@!!status:to be proved
@!!END

@!!BEGIN
@!!type:obligation
@!!id:2763
@!!loc:1856:18:1856:20
@!!status:to be proved
@!!END

@!!BEGIN
@!!type:obligation
@!!id:2764
@!!loc:1856:21:1856:25
@!!status:to be proved
@!!END

@!!BEGIN
@!!type:obligation
@!!id:2765
@!!loc:1856:27:1856:31
@!!status:to be proved
@!!END

@!!BEGIN
@!!type:obligation
@!!id:2766
@!!loc:1856:33:1856:38
@!!status:to be proved
@!!END

@!!BEGIN
@!!type:obligation
@!!id:2767
@!!loc:1856:40:1856:45
@!!status:to be proved
@!!END

@!!BEGIN
@!!type:obligation
@!!id:2768
@!!loc:1856:47:1856:60
@!!status:to be proved
@!!END

@!!BEGIN
@!!type:obligation
@!!id:2769
@!!loc:1857:115:1857:117
@!!status:to be proved
@!!END

@!!BEGIN
@!!type:obligation
@!!id:2770
@!!loc:1857:118:1857:122
@!!status:to be proved
@!!END

@!!BEGIN
@!!type:obligation
@!!id:2771
@!!loc:1858:19:1858:21
@!!status:to be proved
@!!END

@!!BEGIN
@!!type:obligation
@!!id:2772
@!!loc:1858:22:1858:26
@!!status:to be proved
@!!END

@!!BEGIN
@!!type:obligation
@!!id:2773
@!!loc:1858:28:1858:34
@!!status:to be proved
@!!END

@!!BEGIN
@!!type:obligation
@!!id:2774
@!!loc:1858:36:1858:47
@!!status:to be proved
@!!END

@!!BEGIN
@!!type:obligation
@!!id:2775
@!!loc:1901:12:1901:14
@!!status:to be proved
@!!END

@!!BEGIN
@!!type:obligation
@!!id:2776
@!!loc:1901:15:1901:19
@!!status:to be proved
@!!END

@!!BEGIN
@!!type:obligation
@!!id:2777
@!!loc:1901:21:1901:25
@!!status:to be proved
@!!END

@!!BEGIN
@!!type:obligation
@!!id:2778
@!!loc:1901:27:1901:31
@!!status:to be proved
@!!END

@!!BEGIN
@!!type:obligation
@!!id:2779
@!!loc:1901:33:1901:37
@!!status:to be proved
@!!END

@!!BEGIN
@!!type:obligation
@!!id:2780
@!!loc:1901:39:1901:43
@!!status:to be proved
@!!END

@!!BEGIN
@!!type:obligation
@!!id:2781
@!!loc:1901:45:1901:49
@!!status:to be proved
@!!END

@!!BEGIN
@!!type:obligation
@!!id:2782
@!!loc:1901:51:1901:55
@!!status:to be proved
@!!END

@!!BEGIN
@!!type:obligation
@!!id:2783
@!!loc:1901:57:1901:62
@!!status:to be proved
@!!END

@!!BEGIN
@!!type:obligation
@!!id:2784
@!!loc:1862:53:1862:55
@!!status:to be proved
@!!END

@!!BEGIN
@!!type:obligation
@!!id:2785
@!!loc:1862:56:1862:60
@!!status:to be proved
@!!END

@!!BEGIN
@!!type:obligation
@!!id:2786
@!!loc:1863:26:1863:28
@!!status:to be proved
@!!END

@!!BEGIN
@!!type:obligation
@!!id:2787
@!!loc:1864:60:1864:62
@!!status:to be proved
@!!END

@!!BEGIN
@!!type:obligation
@!!id:2788
@!!loc:1865:81:1865:83
@!!status:to be proved
@!!END

@!!BEGIN
@!!type:obligation
@!!id:2789
@!!loc:1865:84:1865:88
@!!status:to be proved
@!!END

@!!BEGIN
@!!type:obligation
@!!id:2790
@!!loc:1865:90:1865:94
@!!status:to be proved
@!!END

@!!BEGIN
@!!type:obligation
@!!id:2791
@!!loc:1865:96:1865:104
@!!status:to be proved
@!!END

@!!BEGIN
@!!type:obligation
@!!id:2792
@!!loc:1879:5:1879:7
@!!status:to be proved
@!!END

@!!BEGIN
@!!type:obligation
@!!id:2793
@!!loc:1880:116:1880:118
@!!status:to be proved
@!!END

@!!BEGIN
@!!type:obligation
@!!id:2794
@!!loc:1880:119:1880:123
@!!status:to be proved
@!!END

@!!BEGIN
@!!type:obligation
@!!id:2795
@!!loc:1880:125:1880:129
@!!status:to be proved
@!!END

@!!BEGIN
@!!type:obligation
@!!id:2796
@!!loc:1881:35:1881:37
@!!status:to be proved
@!!END

@!!BEGIN
@!!type:obligation
@!!id:2797
@!!loc:1881:38:1881:42
@!!status:to be proved
@!!END

@!!BEGIN
@!!type:obligation
@!!id:2798
@!!loc:1881:44:1881:48
@!!status:to be proved
@!!END

@!!BEGIN
@!!type:obligation
@!!id:2799
@!!loc:1881:50:1881:54
@!!status:to be proved
@!!END

@!!BEGIN
@!!type:obligation
@!!id:2800
@!!loc:1881:56:1881:61
@!!status:to be proved
@!!END

@!!BEGIN
@!!type:obligation
@!!id:2801
@!!loc:1881:63:1881:67
@!!status:to be proved
@!!END

@!!BEGIN
@!!type:obligation
@!!id:2802
@!!loc:1881:69:1881:80
@!!status:to be proved
@!!END

@!!BEGIN
@!!type:obligation
@!!id:2803
@!!loc:1882:122:1882:124
@!!status:to be proved
@!!END

@!!BEGIN
@!!type:obligation
@!!id:2804
@!!loc:1882:125:1882:129
@!!status:to be proved
@!!END

@!!BEGIN
@!!type:obligation
@!!id:2805
@!!loc:1882:131:1882:135
@!!status:to be proved
@!!END

@!!BEGIN
@!!type:obligation
@!!id:2806
@!!loc:1883:16:1883:18
@!!status:to be proved
@!!END

@!!BEGIN
@!!type:obligation
@!!id:2807
@!!loc:1883:19:1883:23
@!!status:to be proved
@!!END

@!!BEGIN
@!!type:obligation
@!!id:2808
@!!loc:1883:25:1883:29
@!!status:to be proved
@!!END

@!!BEGIN
@!!type:obligation
@!!id:2809
@!!loc:1883:31:1883:36
@!!status:to be proved
@!!END

@!!BEGIN
@!!type:obligation
@!!id:2810
@!!loc:1883:38:1883:48
@!!status:to be proved
@!!END

@!!BEGIN
@!!type:obligation
@!!id:2811
@!!loc:1884:146:1884:148
@!!status:to be proved
@!!END

@!!BEGIN
@!!type:obligation
@!!id:2812
@!!loc:1884:149:1884:153
@!!status:to be proved
@!!END

@!!BEGIN
@!!type:obligation
@!!id:2813
@!!loc:1884:155:1884:159
@!!status:to be proved
@!!END

@!!BEGIN
@!!type:obligation
@!!id:2814
@!!loc:1885:15:1885:17
@!!status:to be proved
@!!END

@!!BEGIN
@!!type:obligation
@!!id:2815
@!!loc:1885:18:1885:22
@!!status:to be proved
@!!END

@!!BEGIN
@!!type:obligation
@!!id:2816
@!!loc:1885:24:1885:28
@!!status:to be proved
@!!END

@!!BEGIN
@!!type:obligation
@!!id:2817
@!!loc:1885:30:1885:35
@!!status:to be proved
@!!END

@!!BEGIN
@!!type:obligation
@!!id:2818
@!!loc:1885:37:1885:46
@!!status:to be proved
@!!END

@!!BEGIN
@!!type:obligation
@!!id:2819
@!!loc:1886:178:1886:180
@!!status:to be proved
@!!END

@!!BEGIN
@!!type:obligation
@!!id:2820
@!!loc:1886:181:1886:185
@!!status:to be proved
@!!END

@!!BEGIN
@!!type:obligation
@!!id:2821
@!!loc:1886:187:1886:191
@!!status:to be proved
@!!END

@!!BEGIN
@!!type:obligation
@!!id:2822
@!!loc:1887:14:1887:16
@!!status:to be proved
@!!END

@!!BEGIN
@!!type:obligation
@!!id:2823
@!!loc:1887:17:1887:21
@!!status:to be proved
@!!END

@!!BEGIN
@!!type:obligation
@!!id:2824
@!!loc:1887:23:1887:27
@!!status:to be proved
@!!END

@!!BEGIN
@!!type:obligation
@!!id:2825
@!!loc:1887:29:1887:34
@!!status:to be proved
@!!END

@!!BEGIN
@!!type:obligation
@!!id:2826
@!!loc:1887:36:1887:44
@!!status:to be proved
@!!END

@!!BEGIN
@!!type:obligation
@!!id:2827
@!!loc:1888:79:1888:81
@!!status:to be proved
@!!END

@!!BEGIN
@!!type:obligation
@!!id:2828
@!!loc:1888:82:1888:86
@!!status:to be proved
@!!END

@!!BEGIN
@!!type:obligation
@!!id:2829
@!!loc:1888:88:1888:92
@!!status:to be proved
@!!END

@!!BEGIN
@!!type:obligation
@!!id:2830
@!!loc:1889:14:1889:16
@!!status:to be proved
@!!END

@!!BEGIN
@!!type:obligation
@!!id:2831
@!!loc:1889:17:1889:21
@!!status:to be proved
@!!END

@!!BEGIN
@!!type:obligation
@!!id:2832
@!!loc:1889:23:1889:27
@!!status:to be proved
@!!END

@!!BEGIN
@!!type:obligation
@!!id:2833
@!!loc:1889:29:1889:34
@!!status:to be proved
@!!END

@!!BEGIN
@!!type:obligation
@!!id:2834
@!!loc:1889:36:1889:44
@!!status:to be proved
@!!END

@!!BEGIN
@!!type:obligation
@!!id:2835
@!!loc:1894:5:1894:7
@!!status:to be proved
@!!END

@!!BEGIN
@!!type:obligation
@!!id:2836
@!!loc:1894:8:1894:12
@!!status:to be proved
@!!END

@!!BEGIN
@!!type:obligation
@!!id:2837
@!!loc:1894:14:1894:18
@!!status:to be proved
@!!END

@!!BEGIN
@!!type:obligation
@!!id:2838
@!!loc:1894:20:1894:24
@!!status:to be proved
@!!END

@!!BEGIN
@!!type:obligation
@!!id:2839
@!!loc:1897:5:1897:7
@!!status:to be proved
@!!END

@!!BEGIN
@!!type:obligation
@!!id:2840
@!!loc:1897:8:1897:12
@!!status:to be proved
@!!END

@!!BEGIN
@!!type:obligation
@!!id:2841
@!!loc:1897:14:1897:18
@!!status:to be proved
@!!END

@!!BEGIN
@!!type:obligation
@!!id:2842
@!!loc:1897:20:1897:24
@!!status:to be proved
@!!END

@!!BEGIN
@!!type:obligation
@!!id:2843
@!!loc:1898:18:1898:20
@!!status:to be proved
@!!END

@!!BEGIN
@!!type:obligation
@!!id:2844
@!!loc:1898:21:1898:25
@!!status:to be proved
@!!END

@!!BEGIN
@!!type:obligation
@!!id:2845
@!!loc:1898:27:1898:31
@!!status:to be proved
@!!END

@!!BEGIN
@!!type:obligation
@!!id:2846
@!!loc:1898:33:1898:38
@!!status:to be proved
@!!END

@!!BEGIN
@!!type:obligation
@!!id:2847
@!!loc:1898:40:1898:45
@!!status:to be proved
@!!END

@!!BEGIN
@!!type:obligation
@!!id:2848
@!!loc:1898:47:1898:60
@!!status:to be proved
@!!END

@!!BEGIN
@!!type:obligation
@!!id:2849
@!!loc:1899:129:1899:131
@!!status:to be proved
@!!END

@!!BEGIN
@!!type:obligation
@!!id:2850
@!!loc:1899:132:1899:136
@!!status:to be proved
@!!END

@!!BEGIN
@!!type:obligation
@!!id:2851
@!!loc:1900:19:1900:21
@!!status:to be proved
@!!END

@!!BEGIN
@!!type:obligation
@!!id:2852
@!!loc:1900:22:1900:26
@!!status:to be proved
@!!END

@!!BEGIN
@!!type:obligation
@!!id:2853
@!!loc:1900:28:1900:34
@!!status:to be proved
@!!END

@!!BEGIN
@!!type:obligation
@!!id:2854
@!!loc:1900:36:1900:47
@!!status:to be proved
@!!END

@!!BEGIN
@!!type:obligation
@!!id:2855
@!!loc:1960:10:1960:12
@!!status:to be proved
@!!END

@!!BEGIN
@!!type:obligation
@!!id:2856
@!!loc:1960:13:1960:17
@!!status:to be proved
@!!END

@!!BEGIN
@!!type:obligation
@!!id:2857
@!!loc:1960:19:1960:23
@!!status:to be proved
@!!END

@!!BEGIN
@!!type:obligation
@!!id:2858
@!!loc:1960:25:1960:29
@!!status:to be proved
@!!END

@!!BEGIN
@!!type:obligation
@!!id:2859
@!!loc:1960:31:1960:35
@!!status:to be proved
@!!END

@!!BEGIN
@!!type:obligation
@!!id:2860
@!!loc:1960:37:1960:41
@!!status:to be proved
@!!END

@!!BEGIN
@!!type:obligation
@!!id:2861
@!!loc:1960:43:1960:47
@!!status:to be proved
@!!END

@!!BEGIN
@!!type:obligation
@!!id:2862
@!!loc:1960:49:1960:53
@!!status:to be proved
@!!END

@!!BEGIN
@!!type:obligation
@!!id:2863
@!!loc:1960:55:1960:60
@!!status:to be proved
@!!END

@!!BEGIN
@!!type:obligation
@!!id:2864
@!!loc:1910:17:1910:19
@!!status:to be proved
@!!END

@!!BEGIN
@!!type:obligation
@!!id:2865
@!!loc:1911:14:1911:16
@!!status:to be proved
@!!END

@!!BEGIN
@!!type:obligation
@!!id:2866
@!!loc:1911:17:1911:21
@!!status:to be proved
@!!END

@!!BEGIN
@!!type:obligation
@!!id:2867
@!!loc:1912:73:1912:75
@!!status:to be proved
@!!END

@!!BEGIN
@!!type:obligation
@!!id:2868
@!!loc:1913:34:1913:36
@!!status:to be proved
@!!END

@!!BEGIN
@!!type:obligation
@!!id:2869
@!!loc:1913:37:1913:41
@!!status:to be proved
@!!END

@!!BEGIN
@!!type:obligation
@!!id:2870
@!!loc:1914:59:1914:61
@!!status:to be proved
@!!END

@!!BEGIN
@!!type:obligation
@!!id:2871
@!!loc:1914:62:1914:66
@!!status:to be proved
@!!END

@!!BEGIN
@!!type:obligation
@!!id:2872
@!!loc:1920:3:1920:5
@!!status:to be proved
@!!END

@!!BEGIN
@!!type:obligation
@!!id:2873
@!!loc:1920:6:1920:10
@!!status:to be proved
@!!END

@!!BEGIN
@!!type:obligation
@!!id:2874
@!!loc:1920:12:1920:24
@!!status:to be proved
@!!END

@!!BEGIN
@!!type:obligation
@!!id:2875
@!!loc:1921:18:1921:20
@!!status:to be proved
@!!END

@!!BEGIN
@!!type:obligation
@!!id:2876
@!!loc:1921:21:1921:25
@!!status:to be proved
@!!END

@!!BEGIN
@!!type:obligation
@!!id:2877
@!!loc:1921:27:1921:42
@!!status:to be proved
@!!END

@!!BEGIN
@!!type:obligation
@!!id:2878
@!!loc:1922:43:1922:45
@!!status:to be proved
@!!END

@!!BEGIN
@!!type:obligation
@!!id:2879
@!!loc:1923:24:1923:26
@!!status:to be proved
@!!END

@!!BEGIN
@!!type:obligation
@!!id:2880
@!!loc:1924:36:1924:38
@!!status:to be proved
@!!END

@!!BEGIN
@!!type:obligation
@!!id:2881
@!!loc:1925:71:1925:73
@!!status:to be proved
@!!END

@!!BEGIN
@!!type:obligation
@!!id:2882
@!!loc:1925:74:1925:78
@!!status:to be proved
@!!END

@!!BEGIN
@!!type:obligation
@!!id:2883
@!!loc:1925:80:1925:84
@!!status:to be proved
@!!END

@!!BEGIN
@!!type:obligation
@!!id:2884
@!!loc:1925:86:1925:94
@!!status:to be proved
@!!END

@!!BEGIN
@!!type:obligation
@!!id:2885
@!!loc:1939:3:1939:5
@!!status:to be proved
@!!END

@!!BEGIN
@!!type:obligation
@!!id:2886
@!!loc:1940:98:1940:100
@!!status:to be proved
@!!END

@!!BEGIN
@!!type:obligation
@!!id:2887
@!!loc:1940:101:1940:105
@!!status:to be proved
@!!END

@!!BEGIN
@!!type:obligation
@!!id:2888
@!!loc:1940:107:1940:111
@!!status:to be proved
@!!END

@!!BEGIN
@!!type:obligation
@!!id:2889
@!!loc:1941:33:1941:35
@!!status:to be proved
@!!END

@!!BEGIN
@!!type:obligation
@!!id:2890
@!!loc:1941:36:1941:40
@!!status:to be proved
@!!END

@!!BEGIN
@!!type:obligation
@!!id:2891
@!!loc:1941:42:1941:46
@!!status:to be proved
@!!END

@!!BEGIN
@!!type:obligation
@!!id:2892
@!!loc:1941:48:1941:52
@!!status:to be proved
@!!END

@!!BEGIN
@!!type:obligation
@!!id:2893
@!!loc:1941:54:1941:59
@!!status:to be proved
@!!END

@!!BEGIN
@!!type:obligation
@!!id:2894
@!!loc:1941:61:1941:65
@!!status:to be proved
@!!END

@!!BEGIN
@!!type:obligation
@!!id:2895
@!!loc:1941:67:1941:78
@!!status:to be proved
@!!END

@!!BEGIN
@!!type:obligation
@!!id:2896
@!!loc:1942:96:1942:98
@!!status:to be proved
@!!END

@!!BEGIN
@!!type:obligation
@!!id:2897
@!!loc:1942:99:1942:103
@!!status:to be proved
@!!END

@!!BEGIN
@!!type:obligation
@!!id:2898
@!!loc:1943:14:1943:16
@!!status:to be proved
@!!END

@!!BEGIN
@!!type:obligation
@!!id:2899
@!!loc:1943:17:1943:21
@!!status:to be proved
@!!END

@!!BEGIN
@!!type:obligation
@!!id:2900
@!!loc:1943:23:1943:27
@!!status:to be proved
@!!END

@!!BEGIN
@!!type:obligation
@!!id:2901
@!!loc:1943:29:1943:34
@!!status:to be proved
@!!END

@!!BEGIN
@!!type:obligation
@!!id:2902
@!!loc:1943:36:1943:46
@!!status:to be proved
@!!END

@!!BEGIN
@!!type:obligation
@!!id:2903
@!!loc:1944:112:1944:114
@!!status:to be proved
@!!END

@!!BEGIN
@!!type:obligation
@!!id:2904
@!!loc:1944:115:1944:119
@!!status:to be proved
@!!END

@!!BEGIN
@!!type:obligation
@!!id:2905
@!!loc:1944:121:1944:125
@!!status:to be proved
@!!END

@!!BEGIN
@!!type:obligation
@!!id:2906
@!!loc:1945:13:1945:15
@!!status:to be proved
@!!END

@!!BEGIN
@!!type:obligation
@!!id:2907
@!!loc:1945:16:1945:20
@!!status:to be proved
@!!END

@!!BEGIN
@!!type:obligation
@!!id:2908
@!!loc:1945:22:1945:26
@!!status:to be proved
@!!END

@!!BEGIN
@!!type:obligation
@!!id:2909
@!!loc:1945:28:1945:33
@!!status:to be proved
@!!END

@!!BEGIN
@!!type:obligation
@!!id:2910
@!!loc:1945:35:1945:44
@!!status:to be proved
@!!END

@!!BEGIN
@!!type:obligation
@!!id:2911
@!!loc:1946:144:1946:146
@!!status:to be proved
@!!END

@!!BEGIN
@!!type:obligation
@!!id:2912
@!!loc:1946:147:1946:151
@!!status:to be proved
@!!END

@!!BEGIN
@!!type:obligation
@!!id:2913
@!!loc:1947:12:1947:14
@!!status:to be proved
@!!END

@!!BEGIN
@!!type:obligation
@!!id:2914
@!!loc:1947:15:1947:19
@!!status:to be proved
@!!END

@!!BEGIN
@!!type:obligation
@!!id:2915
@!!loc:1947:21:1947:25
@!!status:to be proved
@!!END

@!!BEGIN
@!!type:obligation
@!!id:2916
@!!loc:1947:27:1947:32
@!!status:to be proved
@!!END

@!!BEGIN
@!!type:obligation
@!!id:2917
@!!loc:1947:34:1947:42
@!!status:to be proved
@!!END

@!!BEGIN
@!!type:obligation
@!!id:2918
@!!loc:1948:61:1948:63
@!!status:to be proved
@!!END

@!!BEGIN
@!!type:obligation
@!!id:2919
@!!loc:1948:64:1948:68
@!!status:to be proved
@!!END

@!!BEGIN
@!!type:obligation
@!!id:2920
@!!loc:1948:70:1948:74
@!!status:to be proved
@!!END

@!!BEGIN
@!!type:obligation
@!!id:2921
@!!loc:1949:12:1949:14
@!!status:to be proved
@!!END

@!!BEGIN
@!!type:obligation
@!!id:2922
@!!loc:1949:15:1949:19
@!!status:to be proved
@!!END

@!!BEGIN
@!!type:obligation
@!!id:2923
@!!loc:1949:21:1949:25
@!!status:to be proved
@!!END

@!!BEGIN
@!!type:obligation
@!!id:2924
@!!loc:1949:27:1949:32
@!!status:to be proved
@!!END

@!!BEGIN
@!!type:obligation
@!!id:2925
@!!loc:1949:34:1949:42
@!!status:to be proved
@!!END

@!!BEGIN
@!!type:obligation
@!!id:2926
@!!loc:1953:3:1953:5
@!!status:to be proved
@!!END

@!!BEGIN
@!!type:obligation
@!!id:2927
@!!loc:1953:6:1953:10
@!!status:to be proved
@!!END

@!!BEGIN
@!!type:obligation
@!!id:2928
@!!loc:1953:12:1953:16
@!!status:to be proved
@!!END

@!!BEGIN
@!!type:obligation
@!!id:2929
@!!loc:1956:3:1956:5
@!!status:to be proved
@!!END

@!!BEGIN
@!!type:obligation
@!!id:2930
@!!loc:1956:6:1956:10
@!!status:to be proved
@!!END

@!!BEGIN
@!!type:obligation
@!!id:2931
@!!loc:1956:12:1956:16
@!!status:to be proved
@!!END

@!!BEGIN
@!!type:obligation
@!!id:2932
@!!loc:1956:18:1956:22
@!!status:to be proved
@!!END

@!!BEGIN
@!!type:obligation
@!!id:2933
@!!loc:1957:16:1957:18
@!!status:to be proved
@!!END

@!!BEGIN
@!!type:obligation
@!!id:2934
@!!loc:1957:19:1957:23
@!!status:to be proved
@!!END

@!!BEGIN
@!!type:obligation
@!!id:2935
@!!loc:1957:25:1957:29
@!!status:to be proved
@!!END

@!!BEGIN
@!!type:obligation
@!!id:2936
@!!loc:1957:31:1957:36
@!!status:to be proved
@!!END

@!!BEGIN
@!!type:obligation
@!!id:2937
@!!loc:1957:38:1957:43
@!!status:to be proved
@!!END

@!!BEGIN
@!!type:obligation
@!!id:2938
@!!loc:1957:45:1957:58
@!!status:to be proved
@!!END

@!!BEGIN
@!!type:obligation
@!!id:2939
@!!loc:1958:111:1958:113
@!!status:to be proved
@!!END

@!!BEGIN
@!!type:obligation
@!!id:2940
@!!loc:1958:114:1958:118
@!!status:to be proved
@!!END

@!!BEGIN
@!!type:obligation
@!!id:2941
@!!loc:1959:17:1959:19
@!!status:to be proved
@!!END

@!!BEGIN
@!!type:obligation
@!!id:2942
@!!loc:1959:20:1959:24
@!!status:to be proved
@!!END

@!!BEGIN
@!!type:obligation
@!!id:2943
@!!loc:1959:26:1959:32
@!!status:to be proved
@!!END

@!!BEGIN
@!!type:obligation
@!!id:2944
@!!loc:1959:34:1959:45
@!!status:to be proved
@!!END

@!!BEGIN
@!!type:obligation
@!!id:2945
@!!loc:2017:10:2017:12
@!!status:to be proved
@!!END

@!!BEGIN
@!!type:obligation
@!!id:2946
@!!loc:2017:13:2017:17
@!!status:to be proved
@!!END

@!!BEGIN
@!!type:obligation
@!!id:2947
@!!loc:2017:19:2017:23
@!!status:to be proved
@!!END

@!!BEGIN
@!!type:obligation
@!!id:2948
@!!loc:2017:25:2017:29
@!!status:to be proved
@!!END

@!!BEGIN
@!!type:obligation
@!!id:2949
@!!loc:2017:31:2017:35
@!!status:to be proved
@!!END

@!!BEGIN
@!!type:obligation
@!!id:2950
@!!loc:2017:37:2017:41
@!!status:to be proved
@!!END

@!!BEGIN
@!!type:obligation
@!!id:2951
@!!loc:2017:43:2017:47
@!!status:to be proved
@!!END

@!!BEGIN
@!!type:obligation
@!!id:2952
@!!loc:2017:49:2017:53
@!!status:to be proved
@!!END

@!!BEGIN
@!!type:obligation
@!!id:2953
@!!loc:2017:55:2017:60
@!!status:to be proved
@!!END

@!!BEGIN
@!!type:obligation
@!!id:2954
@!!loc:1965:17:1965:19
@!!status:to be proved
@!!END

@!!BEGIN
@!!type:obligation
@!!id:2955
@!!loc:1966:14:1966:16
@!!status:to be proved
@!!END

@!!BEGIN
@!!type:obligation
@!!id:2956
@!!loc:1966:17:1966:21
@!!status:to be proved
@!!END

@!!BEGIN
@!!type:obligation
@!!id:2957
@!!loc:1967:73:1967:75
@!!status:to be proved
@!!END

@!!BEGIN
@!!type:obligation
@!!id:2958
@!!loc:1968:34:1968:36
@!!status:to be proved
@!!END

@!!BEGIN
@!!type:obligation
@!!id:2959
@!!loc:1968:37:1968:41
@!!status:to be proved
@!!END

@!!BEGIN
@!!type:obligation
@!!id:2960
@!!loc:1969:59:1969:61
@!!status:to be proved
@!!END

@!!BEGIN
@!!type:obligation
@!!id:2961
@!!loc:1969:62:1969:66
@!!status:to be proved
@!!END

@!!BEGIN
@!!type:obligation
@!!id:2962
@!!loc:1975:3:1975:5
@!!status:to be proved
@!!END

@!!BEGIN
@!!type:obligation
@!!id:2963
@!!loc:1975:6:1975:10
@!!status:to be proved
@!!END

@!!BEGIN
@!!type:obligation
@!!id:2964
@!!loc:1975:12:1975:24
@!!status:to be proved
@!!END

@!!BEGIN
@!!type:obligation
@!!id:2965
@!!loc:1976:18:1976:20
@!!status:to be proved
@!!END

@!!BEGIN
@!!type:obligation
@!!id:2966
@!!loc:1976:21:1976:25
@!!status:to be proved
@!!END

@!!BEGIN
@!!type:obligation
@!!id:2967
@!!loc:1976:27:1976:39
@!!status:to be proved
@!!END

@!!BEGIN
@!!type:obligation
@!!id:2968
@!!loc:1977:40:1977:42
@!!status:to be proved
@!!END

@!!BEGIN
@!!type:obligation
@!!id:2969
@!!loc:1978:19:1978:21
@!!status:to be proved
@!!END

@!!BEGIN
@!!type:obligation
@!!id:2970
@!!loc:1979:55:1979:57
@!!status:to be proved
@!!END

@!!BEGIN
@!!type:obligation
@!!id:2971
@!!loc:1980:68:1980:70
@!!status:to be proved
@!!END

@!!BEGIN
@!!type:obligation
@!!id:2972
@!!loc:1980:71:1980:75
@!!status:to be proved
@!!END

@!!BEGIN
@!!type:obligation
@!!id:2973
@!!loc:1980:77:1980:81
@!!status:to be proved
@!!END

@!!BEGIN
@!!type:obligation
@!!id:2974
@!!loc:1980:83:1980:91
@!!status:to be proved
@!!END

@!!BEGIN
@!!type:obligation
@!!id:2975
@!!loc:1994:3:1994:5
@!!status:to be proved
@!!END

@!!BEGIN
@!!type:obligation
@!!id:2976
@!!loc:1998:12:1998:14
@!!status:to be proved
@!!END

@!!BEGIN
@!!type:obligation
@!!id:2977
@!!loc:1998:15:1998:19
@!!status:to be proved
@!!END

@!!BEGIN
@!!type:obligation
@!!id:2978
@!!loc:1998:21:1998:25
@!!status:to be proved
@!!END

@!!BEGIN
@!!type:obligation
@!!id:2979
@!!loc:1996:24:1996:26
@!!status:to be proved
@!!END

@!!BEGIN
@!!type:obligation
@!!id:2980
@!!loc:1996:27:1996:31
@!!status:to be proved
@!!END

@!!BEGIN
@!!type:obligation
@!!id:2981
@!!loc:1996:33:1996:37
@!!status:to be proved
@!!END

@!!BEGIN
@!!type:obligation
@!!id:2982
@!!loc:1996:39:1996:43
@!!status:to be proved
@!!END

@!!BEGIN
@!!type:obligation
@!!id:2983
@!!loc:1996:45:1996:49
@!!status:to be proved
@!!END

@!!BEGIN
@!!type:obligation
@!!id:2984
@!!loc:1996:51:1996:55
@!!status:to be proved
@!!END

@!!BEGIN
@!!type:obligation
@!!id:2985
@!!loc:1996:57:1996:61
@!!status:to be proved
@!!END

@!!BEGIN
@!!type:obligation
@!!id:2986
@!!loc:1996:63:1996:73
@!!status:to be proved
@!!END

@!!BEGIN
@!!type:obligation
@!!id:2987
@!!loc:1997:17:1997:19
@!!status:to be proved
@!!END

@!!BEGIN
@!!type:obligation
@!!id:2988
@!!loc:1997:20:1997:24
@!!status:to be proved
@!!END

@!!BEGIN
@!!type:obligation
@!!id:2989
@!!loc:1997:26:1997:30
@!!status:to be proved
@!!END

@!!BEGIN
@!!type:obligation
@!!id:2990
@!!loc:1997:32:1997:36
@!!status:to be proved
@!!END

@!!BEGIN
@!!type:obligation
@!!id:2991
@!!loc:1997:38:1997:42
@!!status:to be proved
@!!END

@!!BEGIN
@!!type:obligation
@!!id:2992
@!!loc:1997:44:1997:54
@!!status:to be proved
@!!END

@!!BEGIN
@!!type:obligation
@!!id:2993
@!!loc:1999:87:1999:89
@!!status:to be proved
@!!END

@!!BEGIN
@!!type:obligation
@!!id:2994
@!!loc:1999:90:1999:94
@!!status:to be proved
@!!END

@!!BEGIN
@!!type:obligation
@!!id:2995
@!!loc:2000:14:2000:16
@!!status:to be proved
@!!END

@!!BEGIN
@!!type:obligation
@!!id:2996
@!!loc:2000:17:2000:21
@!!status:to be proved
@!!END

@!!BEGIN
@!!type:obligation
@!!id:2997
@!!loc:2000:23:2000:27
@!!status:to be proved
@!!END

@!!BEGIN
@!!type:obligation
@!!id:2998
@!!loc:2000:29:2000:34
@!!status:to be proved
@!!END

@!!BEGIN
@!!type:obligation
@!!id:2999
@!!loc:2000:36:2000:46
@!!status:to be proved
@!!END

@!!BEGIN
@!!type:obligation
@!!id:3000
@!!loc:2001:100:2001:102
@!!status:to be proved
@!!END

@!!BEGIN
@!!type:obligation
@!!id:3001
@!!loc:2001:103:2001:107
@!!status:to be proved
@!!END

@!!BEGIN
@!!type:obligation
@!!id:3002
@!!loc:2001:109:2001:113
@!!status:to be proved
@!!END

@!!BEGIN
@!!type:obligation
@!!id:3003
@!!loc:2002:13:2002:15
@!!status:to be proved
@!!END

@!!BEGIN
@!!type:obligation
@!!id:3004
@!!loc:2002:16:2002:20
@!!status:to be proved
@!!END

@!!BEGIN
@!!type:obligation
@!!id:3005
@!!loc:2002:22:2002:26
@!!status:to be proved
@!!END

@!!BEGIN
@!!type:obligation
@!!id:3006
@!!loc:2002:28:2002:33
@!!status:to be proved
@!!END

@!!BEGIN
@!!type:obligation
@!!id:3007
@!!loc:2002:35:2002:44
@!!status:to be proved
@!!END

@!!BEGIN
@!!type:obligation
@!!id:3008
@!!loc:2003:132:2003:134
@!!status:to be proved
@!!END

@!!BEGIN
@!!type:obligation
@!!id:3009
@!!loc:2003:135:2003:139
@!!status:to be proved
@!!END

@!!BEGIN
@!!type:obligation
@!!id:3010
@!!loc:2003:141:2003:145
@!!status:to be proved
@!!END

@!!BEGIN
@!!type:obligation
@!!id:3011
@!!loc:2003:147:2003:151
@!!status:to be proved
@!!END

@!!BEGIN
@!!type:obligation
@!!id:3012
@!!loc:2004:12:2004:14
@!!status:to be proved
@!!END

@!!BEGIN
@!!type:obligation
@!!id:3013
@!!loc:2004:15:2004:19
@!!status:to be proved
@!!END

@!!BEGIN
@!!type:obligation
@!!id:3014
@!!loc:2004:21:2004:25
@!!status:to be proved
@!!END

@!!BEGIN
@!!type:obligation
@!!id:3015
@!!loc:2004:27:2004:32
@!!status:to be proved
@!!END

@!!BEGIN
@!!type:obligation
@!!id:3016
@!!loc:2004:34:2004:42
@!!status:to be proved
@!!END

@!!BEGIN
@!!type:obligation
@!!id:3017
@!!loc:2005:55:2005:57
@!!status:to be proved
@!!END

@!!BEGIN
@!!type:obligation
@!!id:3018
@!!loc:2005:58:2005:62
@!!status:to be proved
@!!END

@!!BEGIN
@!!type:obligation
@!!id:3019
@!!loc:2005:64:2005:68
@!!status:to be proved
@!!END

@!!BEGIN
@!!type:obligation
@!!id:3020
@!!loc:2006:12:2006:14
@!!status:to be proved
@!!END

@!!BEGIN
@!!type:obligation
@!!id:3021
@!!loc:2006:15:2006:19
@!!status:to be proved
@!!END

@!!BEGIN
@!!type:obligation
@!!id:3022
@!!loc:2006:21:2006:25
@!!status:to be proved
@!!END

@!!BEGIN
@!!type:obligation
@!!id:3023
@!!loc:2006:27:2006:32
@!!status:to be proved
@!!END

@!!BEGIN
@!!type:obligation
@!!id:3024
@!!loc:2006:34:2006:42
@!!status:to be proved
@!!END

@!!BEGIN
@!!type:obligation
@!!id:3025
@!!loc:2010:3:2010:5
@!!status:to be proved
@!!END

@!!BEGIN
@!!type:obligation
@!!id:3026
@!!loc:2010:6:2010:10
@!!status:to be proved
@!!END

@!!BEGIN
@!!type:obligation
@!!id:3027
@!!loc:2010:12:2010:16
@!!status:to be proved
@!!END

@!!BEGIN
@!!type:obligation
@!!id:3028
@!!loc:2013:3:2013:5
@!!status:to be proved
@!!END

@!!BEGIN
@!!type:obligation
@!!id:3029
@!!loc:2013:6:2013:10
@!!status:to be proved
@!!END

@!!BEGIN
@!!type:obligation
@!!id:3030
@!!loc:2013:12:2013:16
@!!status:to be proved
@!!END

@!!BEGIN
@!!type:obligation
@!!id:3031
@!!loc:2013:18:2013:22
@!!status:to be proved
@!!END

@!!BEGIN
@!!type:obligation
@!!id:3032
@!!loc:2014:16:2014:18
@!!status:to be proved
@!!END

@!!BEGIN
@!!type:obligation
@!!id:3033
@!!loc:2014:19:2014:23
@!!status:to be proved
@!!END

@!!BEGIN
@!!type:obligation
@!!id:3034
@!!loc:2014:25:2014:29
@!!status:to be proved
@!!END

@!!BEGIN
@!!type:obligation
@!!id:3035
@!!loc:2014:31:2014:36
@!!status:to be proved
@!!END

@!!BEGIN
@!!type:obligation
@!!id:3036
@!!loc:2014:38:2014:43
@!!status:to be proved
@!!END

@!!BEGIN
@!!type:obligation
@!!id:3037
@!!loc:2014:45:2014:58
@!!status:to be proved
@!!END

@!!BEGIN
@!!type:obligation
@!!id:3038
@!!loc:2015:105:2015:107
@!!status:to be proved
@!!END

@!!BEGIN
@!!type:obligation
@!!id:3039
@!!loc:2015:108:2015:112
@!!status:to be proved
@!!END

@!!BEGIN
@!!type:obligation
@!!id:3040
@!!loc:2016:17:2016:19
@!!status:to be proved
@!!END

@!!BEGIN
@!!type:obligation
@!!id:3041
@!!loc:2016:20:2016:24
@!!status:to be proved
@!!END

@!!BEGIN
@!!type:obligation
@!!id:3042
@!!loc:2016:26:2016:32
@!!status:to be proved
@!!END

@!!BEGIN
@!!type:obligation
@!!id:3043
@!!loc:2016:34:2016:45
@!!status:to be proved
@!!END

@!!BEGIN
@!!type:obligation
@!!id:3044
@!!loc:2072:10:2072:12
@!!status:to be proved
@!!END

@!!BEGIN
@!!type:obligation
@!!id:3045
@!!loc:2072:13:2072:17
@!!status:to be proved
@!!END

@!!BEGIN
@!!type:obligation
@!!id:3046
@!!loc:2072:19:2072:23
@!!status:to be proved
@!!END

@!!BEGIN
@!!type:obligation
@!!id:3047
@!!loc:2072:25:2072:29
@!!status:to be proved
@!!END

@!!BEGIN
@!!type:obligation
@!!id:3048
@!!loc:2072:31:2072:35
@!!status:to be proved
@!!END

@!!BEGIN
@!!type:obligation
@!!id:3049
@!!loc:2072:37:2072:41
@!!status:to be proved
@!!END

@!!BEGIN
@!!type:obligation
@!!id:3050
@!!loc:2072:43:2072:47
@!!status:to be proved
@!!END

@!!BEGIN
@!!type:obligation
@!!id:3051
@!!loc:2072:49:2072:53
@!!status:to be proved
@!!END

@!!BEGIN
@!!type:obligation
@!!id:3052
@!!loc:2072:55:2072:60
@!!status:to be proved
@!!END

@!!BEGIN
@!!type:obligation
@!!id:3053
@!!loc:2022:17:2022:19
@!!status:to be proved
@!!END

@!!BEGIN
@!!type:obligation
@!!id:3054
@!!loc:2023:14:2023:16
@!!status:to be proved
@!!END

@!!BEGIN
@!!type:obligation
@!!id:3055
@!!loc:2023:17:2023:21
@!!status:to be proved
@!!END

@!!BEGIN
@!!type:obligation
@!!id:3056
@!!loc:2024:73:2024:75
@!!status:to be proved
@!!END

@!!BEGIN
@!!type:obligation
@!!id:3057
@!!loc:2025:34:2025:36
@!!status:to be proved
@!!END

@!!BEGIN
@!!type:obligation
@!!id:3058
@!!loc:2025:37:2025:41
@!!status:to be proved
@!!END

@!!BEGIN
@!!type:obligation
@!!id:3059
@!!loc:2026:59:2026:61
@!!status:to be proved
@!!END

@!!BEGIN
@!!type:obligation
@!!id:3060
@!!loc:2026:62:2026:66
@!!status:to be proved
@!!END

@!!BEGIN
@!!type:obligation
@!!id:3061
@!!loc:2032:3:2032:5
@!!status:to be proved
@!!END

@!!BEGIN
@!!type:obligation
@!!id:3062
@!!loc:2032:6:2032:10
@!!status:to be proved
@!!END

@!!BEGIN
@!!type:obligation
@!!id:3063
@!!loc:2032:12:2032:24
@!!status:to be proved
@!!END

@!!BEGIN
@!!type:obligation
@!!id:3064
@!!loc:2033:18:2033:20
@!!status:to be proved
@!!END

@!!BEGIN
@!!type:obligation
@!!id:3065
@!!loc:2033:21:2033:25
@!!status:to be proved
@!!END

@!!BEGIN
@!!type:obligation
@!!id:3066
@!!loc:2033:27:2033:40
@!!status:to be proved
@!!END

@!!BEGIN
@!!type:obligation
@!!id:3067
@!!loc:2034:41:2034:43
@!!status:to be proved
@!!END

@!!BEGIN
@!!type:obligation
@!!id:3068
@!!loc:2035:24:2035:26
@!!status:to be proved
@!!END

@!!BEGIN
@!!type:obligation
@!!id:3069
@!!loc:2036:36:2036:38
@!!status:to be proved
@!!END

@!!BEGIN
@!!type:obligation
@!!id:3070
@!!loc:2037:69:2037:71
@!!status:to be proved
@!!END

@!!BEGIN
@!!type:obligation
@!!id:3071
@!!loc:2037:72:2037:76
@!!status:to be proved
@!!END

@!!BEGIN
@!!type:obligation
@!!id:3072
@!!loc:2037:78:2037:82
@!!status:to be proved
@!!END

@!!BEGIN
@!!type:obligation
@!!id:3073
@!!loc:2037:84:2037:92
@!!status:to be proved
@!!END

@!!BEGIN
@!!type:obligation
@!!id:3074
@!!loc:2051:3:2051:5
@!!status:to be proved
@!!END

@!!BEGIN
@!!type:obligation
@!!id:3075
@!!loc:2052:94:2052:96
@!!status:to be proved
@!!END

@!!BEGIN
@!!type:obligation
@!!id:3076
@!!loc:2052:97:2052:101
@!!status:to be proved
@!!END

@!!BEGIN
@!!type:obligation
@!!id:3077
@!!loc:2052:103:2052:107
@!!status:to be proved
@!!END

@!!BEGIN
@!!type:obligation
@!!id:3078
@!!loc:2053:33:2053:35
@!!status:to be proved
@!!END

@!!BEGIN
@!!type:obligation
@!!id:3079
@!!loc:2053:36:2053:40
@!!status:to be proved
@!!END

@!!BEGIN
@!!type:obligation
@!!id:3080
@!!loc:2053:42:2053:46
@!!status:to be proved
@!!END

@!!BEGIN
@!!type:obligation
@!!id:3081
@!!loc:2053:48:2053:52
@!!status:to be proved
@!!END

@!!BEGIN
@!!type:obligation
@!!id:3082
@!!loc:2053:54:2053:59
@!!status:to be proved
@!!END

@!!BEGIN
@!!type:obligation
@!!id:3083
@!!loc:2053:61:2053:65
@!!status:to be proved
@!!END

@!!BEGIN
@!!type:obligation
@!!id:3084
@!!loc:2053:67:2053:78
@!!status:to be proved
@!!END

@!!BEGIN
@!!type:obligation
@!!id:3085
@!!loc:2054:90:2054:92
@!!status:to be proved
@!!END

@!!BEGIN
@!!type:obligation
@!!id:3086
@!!loc:2054:93:2054:97
@!!status:to be proved
@!!END

@!!BEGIN
@!!type:obligation
@!!id:3087
@!!loc:2054:99:2054:103
@!!status:to be proved
@!!END

@!!BEGIN
@!!type:obligation
@!!id:3088
@!!loc:2055:14:2055:16
@!!status:to be proved
@!!END

@!!BEGIN
@!!type:obligation
@!!id:3089
@!!loc:2055:17:2055:21
@!!status:to be proved
@!!END

@!!BEGIN
@!!type:obligation
@!!id:3090
@!!loc:2055:23:2055:27
@!!status:to be proved
@!!END

@!!BEGIN
@!!type:obligation
@!!id:3091
@!!loc:2055:29:2055:34
@!!status:to be proved
@!!END

@!!BEGIN
@!!type:obligation
@!!id:3092
@!!loc:2055:36:2055:46
@!!status:to be proved
@!!END

@!!BEGIN
@!!type:obligation
@!!id:3093
@!!loc:2056:104:2056:106
@!!status:to be proved
@!!END

@!!BEGIN
@!!type:obligation
@!!id:3094
@!!loc:2056:107:2056:111
@!!status:to be proved
@!!END

@!!BEGIN
@!!type:obligation
@!!id:3095
@!!loc:2056:113:2056:117
@!!status:to be proved
@!!END

@!!BEGIN
@!!type:obligation
@!!id:3096
@!!loc:2057:13:2057:15
@!!status:to be proved
@!!END

@!!BEGIN
@!!type:obligation
@!!id:3097
@!!loc:2057:16:2057:20
@!!status:to be proved
@!!END

@!!BEGIN
@!!type:obligation
@!!id:3098
@!!loc:2057:22:2057:26
@!!status:to be proved
@!!END

@!!BEGIN
@!!type:obligation
@!!id:3099
@!!loc:2057:28:2057:33
@!!status:to be proved
@!!END

@!!BEGIN
@!!type:obligation
@!!id:3100
@!!loc:2057:35:2057:44
@!!status:to be proved
@!!END

@!!BEGIN
@!!type:obligation
@!!id:3101
@!!loc:2058:136:2058:138
@!!status:to be proved
@!!END

@!!BEGIN
@!!type:obligation
@!!id:3102
@!!loc:2058:139:2058:143
@!!status:to be proved
@!!END

@!!BEGIN
@!!type:obligation
@!!id:3103
@!!loc:2058:145:2058:149
@!!status:to be proved
@!!END

@!!BEGIN
@!!type:obligation
@!!id:3104
@!!loc:2059:12:2059:14
@!!status:to be proved
@!!END

@!!BEGIN
@!!type:obligation
@!!id:3105
@!!loc:2059:15:2059:19
@!!status:to be proved
@!!END

@!!BEGIN
@!!type:obligation
@!!id:3106
@!!loc:2059:21:2059:25
@!!status:to be proved
@!!END

@!!BEGIN
@!!type:obligation
@!!id:3107
@!!loc:2059:27:2059:32
@!!status:to be proved
@!!END

@!!BEGIN
@!!type:obligation
@!!id:3108
@!!loc:2059:34:2059:42
@!!status:to be proved
@!!END

@!!BEGIN
@!!type:obligation
@!!id:3109
@!!loc:2060:57:2060:59
@!!status:to be proved
@!!END

@!!BEGIN
@!!type:obligation
@!!id:3110
@!!loc:2060:60:2060:64
@!!status:to be proved
@!!END

@!!BEGIN
@!!type:obligation
@!!id:3111
@!!loc:2060:66:2060:70
@!!status:to be proved
@!!END

@!!BEGIN
@!!type:obligation
@!!id:3112
@!!loc:2061:12:2061:14
@!!status:to be proved
@!!END

@!!BEGIN
@!!type:obligation
@!!id:3113
@!!loc:2061:15:2061:19
@!!status:to be proved
@!!END

@!!BEGIN
@!!type:obligation
@!!id:3114
@!!loc:2061:21:2061:25
@!!status:to be proved
@!!END

@!!BEGIN
@!!type:obligation
@!!id:3115
@!!loc:2061:27:2061:32
@!!status:to be proved
@!!END

@!!BEGIN
@!!type:obligation
@!!id:3116
@!!loc:2061:34:2061:42
@!!status:to be proved
@!!END

@!!BEGIN
@!!type:obligation
@!!id:3117
@!!loc:2065:3:2065:5
@!!status:to be proved
@!!END

@!!BEGIN
@!!type:obligation
@!!id:3118
@!!loc:2065:6:2065:10
@!!status:to be proved
@!!END

@!!BEGIN
@!!type:obligation
@!!id:3119
@!!loc:2065:12:2065:16
@!!status:to be proved
@!!END

@!!BEGIN
@!!type:obligation
@!!id:3120
@!!loc:2068:3:2068:5
@!!status:to be proved
@!!END

@!!BEGIN
@!!type:obligation
@!!id:3121
@!!loc:2068:6:2068:10
@!!status:to be proved
@!!END

@!!BEGIN
@!!type:obligation
@!!id:3122
@!!loc:2068:12:2068:16
@!!status:to be proved
@!!END

@!!BEGIN
@!!type:obligation
@!!id:3123
@!!loc:2068:18:2068:22
@!!status:to be proved
@!!END

@!!BEGIN
@!!type:obligation
@!!id:3124
@!!loc:2069:16:2069:18
@!!status:to be proved
@!!END

@!!BEGIN
@!!type:obligation
@!!id:3125
@!!loc:2069:19:2069:23
@!!status:to be proved
@!!END

@!!BEGIN
@!!type:obligation
@!!id:3126
@!!loc:2069:25:2069:29
@!!status:to be proved
@!!END

@!!BEGIN
@!!type:obligation
@!!id:3127
@!!loc:2069:31:2069:36
@!!status:to be proved
@!!END

@!!BEGIN
@!!type:obligation
@!!id:3128
@!!loc:2069:38:2069:43
@!!status:to be proved
@!!END

@!!BEGIN
@!!type:obligation
@!!id:3129
@!!loc:2069:45:2069:58
@!!status:to be proved
@!!END

@!!BEGIN
@!!type:obligation
@!!id:3130
@!!loc:2070:107:2070:109
@!!status:to be proved
@!!END

@!!BEGIN
@!!type:obligation
@!!id:3131
@!!loc:2070:110:2070:114
@!!status:to be proved
@!!END

@!!BEGIN
@!!type:obligation
@!!id:3132
@!!loc:2071:17:2071:19
@!!status:to be proved
@!!END

@!!BEGIN
@!!type:obligation
@!!id:3133
@!!loc:2071:20:2071:24
@!!status:to be proved
@!!END

@!!BEGIN
@!!type:obligation
@!!id:3134
@!!loc:2071:26:2071:32
@!!status:to be proved
@!!END

@!!BEGIN
@!!type:obligation
@!!id:3135
@!!loc:2071:34:2071:45
@!!status:to be proved
@!!END

@!!BEGIN
@!!type:obligation
@!!id:3136
@!!loc:2131:10:2131:12
@!!status:to be proved
@!!END

@!!BEGIN
@!!type:obligation
@!!id:3137
@!!loc:2131:13:2131:17
@!!status:to be proved
@!!END

@!!BEGIN
@!!type:obligation
@!!id:3138
@!!loc:2131:19:2131:23
@!!status:to be proved
@!!END

@!!BEGIN
@!!type:obligation
@!!id:3139
@!!loc:2131:25:2131:29
@!!status:to be proved
@!!END

@!!BEGIN
@!!type:obligation
@!!id:3140
@!!loc:2131:31:2131:35
@!!status:to be proved
@!!END

@!!BEGIN
@!!type:obligation
@!!id:3141
@!!loc:2131:37:2131:41
@!!status:to be proved
@!!END

@!!BEGIN
@!!type:obligation
@!!id:3142
@!!loc:2131:43:2131:47
@!!status:to be proved
@!!END

@!!BEGIN
@!!type:obligation
@!!id:3143
@!!loc:2131:49:2131:53
@!!status:to be proved
@!!END

@!!BEGIN
@!!type:obligation
@!!id:3144
@!!loc:2131:55:2131:60
@!!status:to be proved
@!!END

@!!BEGIN
@!!type:obligation
@!!id:3145
@!!loc:2077:17:2077:19
@!!status:to be proved
@!!END

@!!BEGIN
@!!type:obligation
@!!id:3146
@!!loc:2078:14:2078:16
@!!status:to be proved
@!!END

@!!BEGIN
@!!type:obligation
@!!id:3147
@!!loc:2078:17:2078:21
@!!status:to be proved
@!!END

@!!BEGIN
@!!type:obligation
@!!id:3148
@!!loc:2079:73:2079:75
@!!status:to be proved
@!!END

@!!BEGIN
@!!type:obligation
@!!id:3149
@!!loc:2080:34:2080:36
@!!status:to be proved
@!!END

@!!BEGIN
@!!type:obligation
@!!id:3150
@!!loc:2080:37:2080:41
@!!status:to be proved
@!!END

@!!BEGIN
@!!type:obligation
@!!id:3151
@!!loc:2081:59:2081:61
@!!status:to be proved
@!!END

@!!BEGIN
@!!type:obligation
@!!id:3152
@!!loc:2081:62:2081:66
@!!status:to be proved
@!!END

@!!BEGIN
@!!type:obligation
@!!id:3153
@!!loc:2087:3:2087:5
@!!status:to be proved
@!!END

@!!BEGIN
@!!type:obligation
@!!id:3154
@!!loc:2087:6:2087:10
@!!status:to be proved
@!!END

@!!BEGIN
@!!type:obligation
@!!id:3155
@!!loc:2087:12:2087:24
@!!status:to be proved
@!!END

@!!BEGIN
@!!type:obligation
@!!id:3156
@!!loc:2088:18:2088:20
@!!status:to be proved
@!!END

@!!BEGIN
@!!type:obligation
@!!id:3157
@!!loc:2088:21:2088:25
@!!status:to be proved
@!!END

@!!BEGIN
@!!type:obligation
@!!id:3158
@!!loc:2088:27:2088:41
@!!status:to be proved
@!!END

@!!BEGIN
@!!type:obligation
@!!id:3159
@!!loc:2092:12:2092:14
@!!status:to be proved
@!!END

@!!BEGIN
@!!type:obligation
@!!id:3160
@!!loc:2092:15:2092:19
@!!status:to be proved
@!!END

@!!BEGIN
@!!type:obligation
@!!id:3161
@!!loc:2092:21:2092:25
@!!status:to be proved
@!!END

@!!BEGIN
@!!type:obligation
@!!id:3162
@!!loc:2092:27:2092:31
@!!status:to be proved
@!!END

@!!BEGIN
@!!type:obligation
@!!id:3163
@!!loc:2090:29:2090:31
@!!status:to be proved
@!!END

@!!BEGIN
@!!type:obligation
@!!id:3164
@!!loc:2090:32:2090:44
@!!status:to be proved
@!!END

@!!BEGIN
@!!type:obligation
@!!id:3165
@!!loc:2091:79:2091:81
@!!status:to be proved
@!!END

@!!BEGIN
@!!type:obligation
@!!id:3166
@!!loc:2091:82:2091:86
@!!status:to be proved
@!!END

@!!BEGIN
@!!type:obligation
@!!id:3167
@!!loc:2093:42:2093:44
@!!status:to be proved
@!!END

@!!BEGIN
@!!type:obligation
@!!id:3168
@!!loc:2094:24:2094:26
@!!status:to be proved
@!!END

@!!BEGIN
@!!type:obligation
@!!id:3169
@!!loc:2095:50:2095:52
@!!status:to be proved
@!!END

@!!BEGIN
@!!type:obligation
@!!id:3170
@!!loc:2096:70:2096:72
@!!status:to be proved
@!!END

@!!BEGIN
@!!type:obligation
@!!id:3171
@!!loc:2096:73:2096:77
@!!status:to be proved
@!!END

@!!BEGIN
@!!type:obligation
@!!id:3172
@!!loc:2096:79:2096:83
@!!status:to be proved
@!!END

@!!BEGIN
@!!type:obligation
@!!id:3173
@!!loc:2096:85:2096:93
@!!status:to be proved
@!!END

@!!BEGIN
@!!type:obligation
@!!id:3174
@!!loc:2110:3:2110:5
@!!status:to be proved
@!!END

@!!BEGIN
@!!type:obligation
@!!id:3175
@!!loc:2111:96:2111:98
@!!status:to be proved
@!!END

@!!BEGIN
@!!type:obligation
@!!id:3176
@!!loc:2111:99:2111:103
@!!status:to be proved
@!!END

@!!BEGIN
@!!type:obligation
@!!id:3177
@!!loc:2111:105:2111:109
@!!status:to be proved
@!!END

@!!BEGIN
@!!type:obligation
@!!id:3178
@!!loc:2112:33:2112:35
@!!status:to be proved
@!!END

@!!BEGIN
@!!type:obligation
@!!id:3179
@!!loc:2112:36:2112:40
@!!status:to be proved
@!!END

@!!BEGIN
@!!type:obligation
@!!id:3180
@!!loc:2112:42:2112:46
@!!status:to be proved
@!!END

@!!BEGIN
@!!type:obligation
@!!id:3181
@!!loc:2112:48:2112:52
@!!status:to be proved
@!!END

@!!BEGIN
@!!type:obligation
@!!id:3182
@!!loc:2112:54:2112:59
@!!status:to be proved
@!!END

@!!BEGIN
@!!type:obligation
@!!id:3183
@!!loc:2112:61:2112:65
@!!status:to be proved
@!!END

@!!BEGIN
@!!type:obligation
@!!id:3184
@!!loc:2112:67:2112:78
@!!status:to be proved
@!!END

@!!BEGIN
@!!type:obligation
@!!id:3185
@!!loc:2113:93:2113:95
@!!status:to be proved
@!!END

@!!BEGIN
@!!type:obligation
@!!id:3186
@!!loc:2113:96:2113:100
@!!status:to be proved
@!!END

@!!BEGIN
@!!type:obligation
@!!id:3187
@!!loc:2113:102:2113:106
@!!status:to be proved
@!!END

@!!BEGIN
@!!type:obligation
@!!id:3188
@!!loc:2114:14:2114:16
@!!status:to be proved
@!!END

@!!BEGIN
@!!type:obligation
@!!id:3189
@!!loc:2114:17:2114:21
@!!status:to be proved
@!!END

@!!BEGIN
@!!type:obligation
@!!id:3190
@!!loc:2114:23:2114:27
@!!status:to be proved
@!!END

@!!BEGIN
@!!type:obligation
@!!id:3191
@!!loc:2114:29:2114:34
@!!status:to be proved
@!!END

@!!BEGIN
@!!type:obligation
@!!id:3192
@!!loc:2114:36:2114:46
@!!status:to be proved
@!!END

@!!BEGIN
@!!type:obligation
@!!id:3193
@!!loc:2115:108:2115:110
@!!status:to be proved
@!!END

@!!BEGIN
@!!type:obligation
@!!id:3194
@!!loc:2115:111:2115:115
@!!status:to be proved
@!!END

@!!BEGIN
@!!type:obligation
@!!id:3195
@!!loc:2115:117:2115:121
@!!status:to be proved
@!!END

@!!BEGIN
@!!type:obligation
@!!id:3196
@!!loc:2116:13:2116:15
@!!status:to be proved
@!!END

@!!BEGIN
@!!type:obligation
@!!id:3197
@!!loc:2116:16:2116:20
@!!status:to be proved
@!!END

@!!BEGIN
@!!type:obligation
@!!id:3198
@!!loc:2116:22:2116:26
@!!status:to be proved
@!!END

@!!BEGIN
@!!type:obligation
@!!id:3199
@!!loc:2116:28:2116:33
@!!status:to be proved
@!!END

@!!BEGIN
@!!type:obligation
@!!id:3200
@!!loc:2116:35:2116:44
@!!status:to be proved
@!!END

@!!BEGIN
@!!type:obligation
@!!id:3201
@!!loc:2117:140:2117:142
@!!status:to be proved
@!!END

@!!BEGIN
@!!type:obligation
@!!id:3202
@!!loc:2117:143:2117:147
@!!status:to be proved
@!!END

@!!BEGIN
@!!type:obligation
@!!id:3203
@!!loc:2117:149:2117:153
@!!status:to be proved
@!!END

@!!BEGIN
@!!type:obligation
@!!id:3204
@!!loc:2117:155:2117:159
@!!status:to be proved
@!!END

@!!BEGIN
@!!type:obligation
@!!id:3205
@!!loc:2118:12:2118:14
@!!status:to be proved
@!!END

@!!BEGIN
@!!type:obligation
@!!id:3206
@!!loc:2118:15:2118:19
@!!status:to be proved
@!!END

@!!BEGIN
@!!type:obligation
@!!id:3207
@!!loc:2118:21:2118:25
@!!status:to be proved
@!!END

@!!BEGIN
@!!type:obligation
@!!id:3208
@!!loc:2118:27:2118:32
@!!status:to be proved
@!!END

@!!BEGIN
@!!type:obligation
@!!id:3209
@!!loc:2118:34:2118:42
@!!status:to be proved
@!!END

@!!BEGIN
@!!type:obligation
@!!id:3210
@!!loc:2119:59:2119:61
@!!status:to be proved
@!!END

@!!BEGIN
@!!type:obligation
@!!id:3211
@!!loc:2119:62:2119:66
@!!status:to be proved
@!!END

@!!BEGIN
@!!type:obligation
@!!id:3212
@!!loc:2119:68:2119:72
@!!status:to be proved
@!!END

@!!BEGIN
@!!type:obligation
@!!id:3213
@!!loc:2120:12:2120:14
@!!status:to be proved
@!!END

@!!BEGIN
@!!type:obligation
@!!id:3214
@!!loc:2120:15:2120:19
@!!status:to be proved
@!!END

@!!BEGIN
@!!type:obligation
@!!id:3215
@!!loc:2120:21:2120:25
@!!status:to be proved
@!!END

@!!BEGIN
@!!type:obligation
@!!id:3216
@!!loc:2120:27:2120:32
@!!status:to be proved
@!!END

@!!BEGIN
@!!type:obligation
@!!id:3217
@!!loc:2120:34:2120:42
@!!status:to be proved
@!!END

@!!BEGIN
@!!type:obligation
@!!id:3218
@!!loc:2124:3:2124:5
@!!status:to be proved
@!!END

@!!BEGIN
@!!type:obligation
@!!id:3219
@!!loc:2124:6:2124:10
@!!status:to be proved
@!!END

@!!BEGIN
@!!type:obligation
@!!id:3220
@!!loc:2124:12:2124:16
@!!status:to be proved
@!!END

@!!BEGIN
@!!type:obligation
@!!id:3221
@!!loc:2127:3:2127:5
@!!status:to be proved
@!!END

@!!BEGIN
@!!type:obligation
@!!id:3222
@!!loc:2127:6:2127:10
@!!status:to be proved
@!!END

@!!BEGIN
@!!type:obligation
@!!id:3223
@!!loc:2127:12:2127:16
@!!status:to be proved
@!!END

@!!BEGIN
@!!type:obligation
@!!id:3224
@!!loc:2127:18:2127:22
@!!status:to be proved
@!!END

@!!BEGIN
@!!type:obligation
@!!id:3225
@!!loc:2128:16:2128:18
@!!status:to be proved
@!!END

@!!BEGIN
@!!type:obligation
@!!id:3226
@!!loc:2128:19:2128:23
@!!status:to be proved
@!!END

@!!BEGIN
@!!type:obligation
@!!id:3227
@!!loc:2128:25:2128:29
@!!status:to be proved
@!!END

@!!BEGIN
@!!type:obligation
@!!id:3228
@!!loc:2128:31:2128:36
@!!status:to be proved
@!!END

@!!BEGIN
@!!type:obligation
@!!id:3229
@!!loc:2128:38:2128:43
@!!status:to be proved
@!!END

@!!BEGIN
@!!type:obligation
@!!id:3230
@!!loc:2128:45:2128:58
@!!status:to be proved
@!!END

@!!BEGIN
@!!type:obligation
@!!id:3231
@!!loc:2129:109:2129:111
@!!status:to be proved
@!!END

@!!BEGIN
@!!type:obligation
@!!id:3232
@!!loc:2129:112:2129:116
@!!status:to be proved
@!!END

@!!BEGIN
@!!type:obligation
@!!id:3233
@!!loc:2130:17:2130:19
@!!status:to be proved
@!!END

@!!BEGIN
@!!type:obligation
@!!id:3234
@!!loc:2130:20:2130:24
@!!status:to be proved
@!!END

@!!BEGIN
@!!type:obligation
@!!id:3235
@!!loc:2130:26:2130:32
@!!status:to be proved
@!!END

@!!BEGIN
@!!type:obligation
@!!id:3236
@!!loc:2130:34:2130:45
@!!status:to be proved
@!!END

@!!BEGIN
@!!type:obligation
@!!id:3237
@!!loc:2186:10:2186:12
@!!status:to be proved
@!!END

@!!BEGIN
@!!type:obligation
@!!id:3238
@!!loc:2186:13:2186:17
@!!status:to be proved
@!!END

@!!BEGIN
@!!type:obligation
@!!id:3239
@!!loc:2186:19:2186:23
@!!status:to be proved
@!!END

@!!BEGIN
@!!type:obligation
@!!id:3240
@!!loc:2186:25:2186:29
@!!status:to be proved
@!!END

@!!BEGIN
@!!type:obligation
@!!id:3241
@!!loc:2186:31:2186:35
@!!status:to be proved
@!!END

@!!BEGIN
@!!type:obligation
@!!id:3242
@!!loc:2186:37:2186:41
@!!status:to be proved
@!!END

@!!BEGIN
@!!type:obligation
@!!id:3243
@!!loc:2186:43:2186:47
@!!status:to be proved
@!!END

@!!BEGIN
@!!type:obligation
@!!id:3244
@!!loc:2186:49:2186:53
@!!status:to be proved
@!!END

@!!BEGIN
@!!type:obligation
@!!id:3245
@!!loc:2186:55:2186:60
@!!status:to be proved
@!!END

@!!BEGIN
@!!type:obligation
@!!id:3246
@!!loc:2136:17:2136:19
@!!status:to be proved
@!!END

@!!BEGIN
@!!type:obligation
@!!id:3247
@!!loc:2137:14:2137:16
@!!status:to be proved
@!!END

@!!BEGIN
@!!type:obligation
@!!id:3248
@!!loc:2137:17:2137:21
@!!status:to be proved
@!!END

@!!BEGIN
@!!type:obligation
@!!id:3249
@!!loc:2138:73:2138:75
@!!status:to be proved
@!!END

@!!BEGIN
@!!type:obligation
@!!id:3250
@!!loc:2139:34:2139:36
@!!status:to be proved
@!!END

@!!BEGIN
@!!type:obligation
@!!id:3251
@!!loc:2139:37:2139:41
@!!status:to be proved
@!!END

@!!BEGIN
@!!type:obligation
@!!id:3252
@!!loc:2140:59:2140:61
@!!status:to be proved
@!!END

@!!BEGIN
@!!type:obligation
@!!id:3253
@!!loc:2140:62:2140:66
@!!status:to be proved
@!!END

@!!BEGIN
@!!type:obligation
@!!id:3254
@!!loc:2146:3:2146:5
@!!status:to be proved
@!!END

@!!BEGIN
@!!type:obligation
@!!id:3255
@!!loc:2146:6:2146:10
@!!status:to be proved
@!!END

@!!BEGIN
@!!type:obligation
@!!id:3256
@!!loc:2146:12:2146:24
@!!status:to be proved
@!!END

@!!BEGIN
@!!type:obligation
@!!id:3257
@!!loc:2147:18:2147:20
@!!status:to be proved
@!!END

@!!BEGIN
@!!type:obligation
@!!id:3258
@!!loc:2147:21:2147:25
@!!status:to be proved
@!!END

@!!BEGIN
@!!type:obligation
@!!id:3259
@!!loc:2147:27:2147:41
@!!status:to be proved
@!!END

@!!BEGIN
@!!type:obligation
@!!id:3260
@!!loc:2148:42:2148:44
@!!status:to be proved
@!!END

@!!BEGIN
@!!type:obligation
@!!id:3261
@!!loc:2149:24:2149:26
@!!status:to be proved
@!!END

@!!BEGIN
@!!type:obligation
@!!id:3262
@!!loc:2150:34:2150:36
@!!status:to be proved
@!!END

@!!BEGIN
@!!type:obligation
@!!id:3263
@!!loc:2151:70:2151:72
@!!status:to be proved
@!!END

@!!BEGIN
@!!type:obligation
@!!id:3264
@!!loc:2151:73:2151:77
@!!status:to be proved
@!!END

@!!BEGIN
@!!type:obligation
@!!id:3265
@!!loc:2151:79:2151:83
@!!status:to be proved
@!!END

@!!BEGIN
@!!type:obligation
@!!id:3266
@!!loc:2151:85:2151:93
@!!status:to be proved
@!!END

@!!BEGIN
@!!type:obligation
@!!id:3267
@!!loc:2165:3:2165:5
@!!status:to be proved
@!!END

@!!BEGIN
@!!type:obligation
@!!id:3268
@!!loc:2166:96:2166:98
@!!status:to be proved
@!!END

@!!BEGIN
@!!type:obligation
@!!id:3269
@!!loc:2166:99:2166:103
@!!status:to be proved
@!!END

@!!BEGIN
@!!type:obligation
@!!id:3270
@!!loc:2166:105:2166:109
@!!status:to be proved
@!!END

@!!BEGIN
@!!type:obligation
@!!id:3271
@!!loc:2167:33:2167:35
@!!status:to be proved
@!!END

@!!BEGIN
@!!type:obligation
@!!id:3272
@!!loc:2167:36:2167:40
@!!status:to be proved
@!!END

@!!BEGIN
@!!type:obligation
@!!id:3273
@!!loc:2167:42:2167:46
@!!status:to be proved
@!!END

@!!BEGIN
@!!type:obligation
@!!id:3274
@!!loc:2167:48:2167:52
@!!status:to be proved
@!!END

@!!BEGIN
@!!type:obligation
@!!id:3275
@!!loc:2167:54:2167:59
@!!status:to be proved
@!!END

@!!BEGIN
@!!type:obligation
@!!id:3276
@!!loc:2167:61:2167:65
@!!status:to be proved
@!!END

@!!BEGIN
@!!type:obligation
@!!id:3277
@!!loc:2167:67:2167:78
@!!status:to be proved
@!!END

@!!BEGIN
@!!type:obligation
@!!id:3278
@!!loc:2168:93:2168:95
@!!status:to be proved
@!!END

@!!BEGIN
@!!type:obligation
@!!id:3279
@!!loc:2168:96:2168:100
@!!status:to be proved
@!!END

@!!BEGIN
@!!type:obligation
@!!id:3280
@!!loc:2168:102:2168:106
@!!status:to be proved
@!!END

@!!BEGIN
@!!type:obligation
@!!id:3281
@!!loc:2169:14:2169:16
@!!status:to be proved
@!!END

@!!BEGIN
@!!type:obligation
@!!id:3282
@!!loc:2169:17:2169:21
@!!status:to be proved
@!!END

@!!BEGIN
@!!type:obligation
@!!id:3283
@!!loc:2169:23:2169:27
@!!status:to be proved
@!!END

@!!BEGIN
@!!type:obligation
@!!id:3284
@!!loc:2169:29:2169:34
@!!status:to be proved
@!!END

@!!BEGIN
@!!type:obligation
@!!id:3285
@!!loc:2169:36:2169:46
@!!status:to be proved
@!!END

@!!BEGIN
@!!type:obligation
@!!id:3286
@!!loc:2170:108:2170:110
@!!status:to be proved
@!!END

@!!BEGIN
@!!type:obligation
@!!id:3287
@!!loc:2170:111:2170:115
@!!status:to be proved
@!!END

@!!BEGIN
@!!type:obligation
@!!id:3288
@!!loc:2170:117:2170:121
@!!status:to be proved
@!!END

@!!BEGIN
@!!type:obligation
@!!id:3289
@!!loc:2171:13:2171:15
@!!status:to be proved
@!!END

@!!BEGIN
@!!type:obligation
@!!id:3290
@!!loc:2171:16:2171:20
@!!status:to be proved
@!!END

@!!BEGIN
@!!type:obligation
@!!id:3291
@!!loc:2171:22:2171:26
@!!status:to be proved
@!!END

@!!BEGIN
@!!type:obligation
@!!id:3292
@!!loc:2171:28:2171:33
@!!status:to be proved
@!!END

@!!BEGIN
@!!type:obligation
@!!id:3293
@!!loc:2171:35:2171:44
@!!status:to be proved
@!!END

@!!BEGIN
@!!type:obligation
@!!id:3294
@!!loc:2172:140:2172:142
@!!status:to be proved
@!!END

@!!BEGIN
@!!type:obligation
@!!id:3295
@!!loc:2172:143:2172:147
@!!status:to be proved
@!!END

@!!BEGIN
@!!type:obligation
@!!id:3296
@!!loc:2172:149:2172:153
@!!status:to be proved
@!!END

@!!BEGIN
@!!type:obligation
@!!id:3297
@!!loc:2173:12:2173:14
@!!status:to be proved
@!!END

@!!BEGIN
@!!type:obligation
@!!id:3298
@!!loc:2173:15:2173:19
@!!status:to be proved
@!!END

@!!BEGIN
@!!type:obligation
@!!id:3299
@!!loc:2173:21:2173:25
@!!status:to be proved
@!!END

@!!BEGIN
@!!type:obligation
@!!id:3300
@!!loc:2173:27:2173:32
@!!status:to be proved
@!!END

@!!BEGIN
@!!type:obligation
@!!id:3301
@!!loc:2173:34:2173:42
@!!status:to be proved
@!!END

@!!BEGIN
@!!type:obligation
@!!id:3302
@!!loc:2174:59:2174:61
@!!status:to be proved
@!!END

@!!BEGIN
@!!type:obligation
@!!id:3303
@!!loc:2174:62:2174:66
@!!status:to be proved
@!!END

@!!BEGIN
@!!type:obligation
@!!id:3304
@!!loc:2174:68:2174:72
@!!status:to be proved
@!!END

@!!BEGIN
@!!type:obligation
@!!id:3305
@!!loc:2175:12:2175:14
@!!status:to be proved
@!!END

@!!BEGIN
@!!type:obligation
@!!id:3306
@!!loc:2175:15:2175:19
@!!status:to be proved
@!!END

@!!BEGIN
@!!type:obligation
@!!id:3307
@!!loc:2175:21:2175:25
@!!status:to be proved
@!!END

@!!BEGIN
@!!type:obligation
@!!id:3308
@!!loc:2175:27:2175:32
@!!status:to be proved
@!!END

@!!BEGIN
@!!type:obligation
@!!id:3309
@!!loc:2175:34:2175:42
@!!status:to be proved
@!!END

@!!BEGIN
@!!type:obligation
@!!id:3310
@!!loc:2179:3:2179:5
@!!status:to be proved
@!!END

@!!BEGIN
@!!type:obligation
@!!id:3311
@!!loc:2179:6:2179:10
@!!status:to be proved
@!!END

@!!BEGIN
@!!type:obligation
@!!id:3312
@!!loc:2179:12:2179:16
@!!status:to be proved
@!!END

@!!BEGIN
@!!type:obligation
@!!id:3313
@!!loc:2182:3:2182:5
@!!status:to be proved
@!!END

@!!BEGIN
@!!type:obligation
@!!id:3314
@!!loc:2182:6:2182:10
@!!status:to be proved
@!!END

@!!BEGIN
@!!type:obligation
@!!id:3315
@!!loc:2182:12:2182:16
@!!status:to be proved
@!!END

@!!BEGIN
@!!type:obligation
@!!id:3316
@!!loc:2182:18:2182:22
@!!status:to be proved
@!!END

@!!BEGIN
@!!type:obligation
@!!id:3317
@!!loc:2183:16:2183:18
@!!status:to be proved
@!!END

@!!BEGIN
@!!type:obligation
@!!id:3318
@!!loc:2183:19:2183:23
@!!status:to be proved
@!!END

@!!BEGIN
@!!type:obligation
@!!id:3319
@!!loc:2183:25:2183:29
@!!status:to be proved
@!!END

@!!BEGIN
@!!type:obligation
@!!id:3320
@!!loc:2183:31:2183:36
@!!status:to be proved
@!!END

@!!BEGIN
@!!type:obligation
@!!id:3321
@!!loc:2183:38:2183:43
@!!status:to be proved
@!!END

@!!BEGIN
@!!type:obligation
@!!id:3322
@!!loc:2183:45:2183:58
@!!status:to be proved
@!!END

@!!BEGIN
@!!type:obligation
@!!id:3323
@!!loc:2184:109:2184:111
@!!status:to be proved
@!!END

@!!BEGIN
@!!type:obligation
@!!id:3324
@!!loc:2184:112:2184:116
@!!status:to be proved
@!!END

@!!BEGIN
@!!type:obligation
@!!id:3325
@!!loc:2185:17:2185:19
@!!status:to be proved
@!!END

@!!BEGIN
@!!type:obligation
@!!id:3326
@!!loc:2185:20:2185:24
@!!status:to be proved
@!!END

@!!BEGIN
@!!type:obligation
@!!id:3327
@!!loc:2185:26:2185:32
@!!status:to be proved
@!!END

@!!BEGIN
@!!type:obligation
@!!id:3328
@!!loc:2185:34:2185:45
@!!status:to be proved
@!!END

@!!BEGIN
@!!type:obligation
@!!id:3329
@!!loc:2243:10:2243:12
@!!status:to be proved
@!!END

@!!BEGIN
@!!type:obligation
@!!id:3330
@!!loc:2243:13:2243:17
@!!status:to be proved
@!!END

@!!BEGIN
@!!type:obligation
@!!id:3331
@!!loc:2243:19:2243:23
@!!status:to be proved
@!!END

@!!BEGIN
@!!type:obligation
@!!id:3332
@!!loc:2243:25:2243:29
@!!status:to be proved
@!!END

@!!BEGIN
@!!type:obligation
@!!id:3333
@!!loc:2243:31:2243:35
@!!status:to be proved
@!!END

@!!BEGIN
@!!type:obligation
@!!id:3334
@!!loc:2243:37:2243:41
@!!status:to be proved
@!!END

@!!BEGIN
@!!type:obligation
@!!id:3335
@!!loc:2243:43:2243:47
@!!status:to be proved
@!!END

@!!BEGIN
@!!type:obligation
@!!id:3336
@!!loc:2243:49:2243:53
@!!status:to be proved
@!!END

@!!BEGIN
@!!type:obligation
@!!id:3337
@!!loc:2243:55:2243:60
@!!status:to be proved
@!!END

@!!BEGIN
@!!type:obligation
@!!id:3338
@!!loc:2191:17:2191:19
@!!status:to be proved
@!!END

@!!BEGIN
@!!type:obligation
@!!id:3339
@!!loc:2192:14:2192:16
@!!status:to be proved
@!!END

@!!BEGIN
@!!type:obligation
@!!id:3340
@!!loc:2192:17:2192:21
@!!status:to be proved
@!!END

@!!BEGIN
@!!type:obligation
@!!id:3341
@!!loc:2193:73:2193:75
@!!status:to be proved
@!!END

@!!BEGIN
@!!type:obligation
@!!id:3342
@!!loc:2194:34:2194:36
@!!status:to be proved
@!!END

@!!BEGIN
@!!type:obligation
@!!id:3343
@!!loc:2194:37:2194:41
@!!status:to be proved
@!!END

@!!BEGIN
@!!type:obligation
@!!id:3344
@!!loc:2195:59:2195:61
@!!status:to be proved
@!!END

@!!BEGIN
@!!type:obligation
@!!id:3345
@!!loc:2195:62:2195:66
@!!status:to be proved
@!!END

@!!BEGIN
@!!type:obligation
@!!id:3346
@!!loc:2201:3:2201:5
@!!status:to be proved
@!!END

@!!BEGIN
@!!type:obligation
@!!id:3347
@!!loc:2201:6:2201:10
@!!status:to be proved
@!!END

@!!BEGIN
@!!type:obligation
@!!id:3348
@!!loc:2201:12:2201:24
@!!status:to be proved
@!!END

@!!BEGIN
@!!type:obligation
@!!id:3349
@!!loc:2202:18:2202:20
@!!status:to be proved
@!!END

@!!BEGIN
@!!type:obligation
@!!id:3350
@!!loc:2202:21:2202:25
@!!status:to be proved
@!!END

@!!BEGIN
@!!type:obligation
@!!id:3351
@!!loc:2202:27:2202:40
@!!status:to be proved
@!!END

@!!BEGIN
@!!type:obligation
@!!id:3352
@!!loc:2203:41:2203:43
@!!status:to be proved
@!!END

@!!BEGIN
@!!type:obligation
@!!id:3353
@!!loc:2204:24:2204:26
@!!status:to be proved
@!!END

@!!BEGIN
@!!type:obligation
@!!id:3354
@!!loc:2205:34:2205:36
@!!status:to be proved
@!!END

@!!BEGIN
@!!type:obligation
@!!id:3355
@!!loc:2206:69:2206:71
@!!status:to be proved
@!!END

@!!BEGIN
@!!type:obligation
@!!id:3356
@!!loc:2206:72:2206:76
@!!status:to be proved
@!!END

@!!BEGIN
@!!type:obligation
@!!id:3357
@!!loc:2206:78:2206:82
@!!status:to be proved
@!!END

@!!BEGIN
@!!type:obligation
@!!id:3358
@!!loc:2206:84:2206:92
@!!status:to be proved
@!!END

@!!BEGIN
@!!type:obligation
@!!id:3359
@!!loc:2222:3:2222:5
@!!status:to be proved
@!!END

@!!BEGIN
@!!type:obligation
@!!id:3360
@!!loc:2226:12:2226:14
@!!status:to be proved
@!!END

@!!BEGIN
@!!type:obligation
@!!id:3361
@!!loc:2226:15:2226:19
@!!status:to be proved
@!!END

@!!BEGIN
@!!type:obligation
@!!id:3362
@!!loc:2226:21:2226:25
@!!status:to be proved
@!!END

@!!BEGIN
@!!type:obligation
@!!id:3363
@!!loc:2224:24:2224:26
@!!status:to be proved
@!!END

@!!BEGIN
@!!type:obligation
@!!id:3364
@!!loc:2224:27:2224:31
@!!status:to be proved
@!!END

@!!BEGIN
@!!type:obligation
@!!id:3365
@!!loc:2224:33:2224:37
@!!status:to be proved
@!!END

@!!BEGIN
@!!type:obligation
@!!id:3366
@!!loc:2224:39:2224:43
@!!status:to be proved
@!!END

@!!BEGIN
@!!type:obligation
@!!id:3367
@!!loc:2224:45:2224:49
@!!status:to be proved
@!!END

@!!BEGIN
@!!type:obligation
@!!id:3368
@!!loc:2225:17:2225:19
@!!status:to be proved
@!!END

@!!BEGIN
@!!type:obligation
@!!id:3369
@!!loc:2225:20:2225:24
@!!status:to be proved
@!!END

@!!BEGIN
@!!type:obligation
@!!id:3370
@!!loc:2225:26:2225:36
@!!status:to be proved
@!!END

@!!BEGIN
@!!type:obligation
@!!id:3371
@!!loc:2227:90:2227:92
@!!status:to be proved
@!!END

@!!BEGIN
@!!type:obligation
@!!id:3372
@!!loc:2227:93:2227:97
@!!status:to be proved
@!!END

@!!BEGIN
@!!type:obligation
@!!id:3373
@!!loc:2228:14:2228:16
@!!status:to be proved
@!!END

@!!BEGIN
@!!type:obligation
@!!id:3374
@!!loc:2228:17:2228:21
@!!status:to be proved
@!!END

@!!BEGIN
@!!type:obligation
@!!id:3375
@!!loc:2228:23:2228:27
@!!status:to be proved
@!!END

@!!BEGIN
@!!type:obligation
@!!id:3376
@!!loc:2228:29:2228:34
@!!status:to be proved
@!!END

@!!BEGIN
@!!type:obligation
@!!id:3377
@!!loc:2228:36:2228:46
@!!status:to be proved
@!!END

@!!BEGIN
@!!type:obligation
@!!id:3378
@!!loc:2229:104:2229:106
@!!status:to be proved
@!!END

@!!BEGIN
@!!type:obligation
@!!id:3379
@!!loc:2229:107:2229:111
@!!status:to be proved
@!!END

@!!BEGIN
@!!type:obligation
@!!id:3380
@!!loc:2229:113:2229:117
@!!status:to be proved
@!!END

@!!BEGIN
@!!type:obligation
@!!id:3381
@!!loc:2230:13:2230:15
@!!status:to be proved
@!!END

@!!BEGIN
@!!type:obligation
@!!id:3382
@!!loc:2230:16:2230:20
@!!status:to be proved
@!!END

@!!BEGIN
@!!type:obligation
@!!id:3383
@!!loc:2230:22:2230:26
@!!status:to be proved
@!!END

@!!BEGIN
@!!type:obligation
@!!id:3384
@!!loc:2230:28:2230:33
@!!status:to be proved
@!!END

@!!BEGIN
@!!type:obligation
@!!id:3385
@!!loc:2230:35:2230:44
@!!status:to be proved
@!!END

@!!BEGIN
@!!type:obligation
@!!id:3386
@!!loc:2231:136:2231:138
@!!status:to be proved
@!!END

@!!BEGIN
@!!type:obligation
@!!id:3387
@!!loc:2231:139:2231:143
@!!status:to be proved
@!!END

@!!BEGIN
@!!type:obligation
@!!id:3388
@!!loc:2232:12:2232:14
@!!status:to be proved
@!!END

@!!BEGIN
@!!type:obligation
@!!id:3389
@!!loc:2232:15:2232:19
@!!status:to be proved
@!!END

@!!BEGIN
@!!type:obligation
@!!id:3390
@!!loc:2232:21:2232:25
@!!status:to be proved
@!!END

@!!BEGIN
@!!type:obligation
@!!id:3391
@!!loc:2232:27:2232:32
@!!status:to be proved
@!!END

@!!BEGIN
@!!type:obligation
@!!id:3392
@!!loc:2232:34:2232:42
@!!status:to be proved
@!!END

@!!BEGIN
@!!type:obligation
@!!id:3393
@!!loc:2233:57:2233:59
@!!status:to be proved
@!!END

@!!BEGIN
@!!type:obligation
@!!id:3394
@!!loc:2233:60:2233:64
@!!status:to be proved
@!!END

@!!BEGIN
@!!type:obligation
@!!id:3395
@!!loc:2233:66:2233:70
@!!status:to be proved
@!!END

@!!BEGIN
@!!type:obligation
@!!id:3396
@!!loc:2234:12:2234:14
@!!status:to be proved
@!!END

@!!BEGIN
@!!type:obligation
@!!id:3397
@!!loc:2234:15:2234:19
@!!status:to be proved
@!!END

@!!BEGIN
@!!type:obligation
@!!id:3398
@!!loc:2234:21:2234:25
@!!status:to be proved
@!!END

@!!BEGIN
@!!type:obligation
@!!id:3399
@!!loc:2234:27:2234:32
@!!status:to be proved
@!!END

@!!BEGIN
@!!type:obligation
@!!id:3400
@!!loc:2234:34:2234:42
@!!status:to be proved
@!!END

@!!BEGIN
@!!type:obligation
@!!id:3401
@!!loc:2240:12:2240:14
@!!status:to be proved
@!!END

@!!BEGIN
@!!type:obligation
@!!id:3402
@!!loc:2240:15:2240:19
@!!status:to be proved
@!!END

@!!BEGIN
@!!type:obligation
@!!id:3403
@!!loc:2240:21:2240:25
@!!status:to be proved
@!!END

@!!BEGIN
@!!type:obligation
@!!id:3404
@!!loc:2240:27:2240:31
@!!status:to be proved
@!!END

@!!BEGIN
@!!type:obligation
@!!id:3405
@!!loc:2240:33:2240:37
@!!status:to be proved
@!!END

@!!BEGIN
@!!type:obligation
@!!id:3406
@!!loc:2240:39:2240:43
@!!status:to be proved
@!!END

@!!BEGIN
@!!type:obligation
@!!id:3407
@!!loc:2240:45:2240:57
@!!status:to be proved
@!!END

@!!BEGIN
@!!type:obligation
@!!id:3408
@!!loc:2236:30:2236:32
@!!status:to be proved
@!!END

@!!BEGIN
@!!type:obligation
@!!id:3409
@!!loc:2236:33:2236:37
@!!status:to be proved
@!!END

@!!BEGIN
@!!type:obligation
@!!id:3410
@!!loc:2236:39:2236:43
@!!status:to be proved
@!!END

@!!BEGIN
@!!type:obligation
@!!id:3411
@!!loc:2237:81:2237:83
@!!status:to be proved
@!!END

@!!BEGIN
@!!type:obligation
@!!id:3412
@!!loc:2237:84:2237:88
@!!status:to be proved
@!!END

@!!BEGIN
@!!type:obligation
@!!id:3413
@!!loc:2237:90:2237:94
@!!status:to be proved
@!!END

@!!BEGIN
@!!type:obligation
@!!id:3414
@!!loc:2239:5:2239:7
@!!status:to be proved
@!!END

@!!BEGIN
@!!type:obligation
@!!id:3415
@!!loc:2239:8:2239:12
@!!status:to be proved
@!!END

@!!BEGIN
@!!type:obligation
@!!id:3416
@!!loc:2239:14:2239:18
@!!status:to be proved
@!!END

@!!BEGIN
@!!type:obligation
@!!id:3417
@!!loc:2239:20:2239:24
@!!status:to be proved
@!!END

@!!BEGIN
@!!type:obligation
@!!id:3418
@!!loc:2239:26:2239:30
@!!status:to be proved
@!!END

@!!BEGIN
@!!type:obligation
@!!id:3419
@!!loc:2239:32:2239:36
@!!status:to be proved
@!!END

@!!BEGIN
@!!type:obligation
@!!id:3420
@!!loc:2241:107:2241:109
@!!status:to be proved
@!!END

@!!BEGIN
@!!type:obligation
@!!id:3421
@!!loc:2241:110:2241:114
@!!status:to be proved
@!!END

@!!BEGIN
@!!type:obligation
@!!id:3422
@!!loc:2242:17:2242:19
@!!status:to be proved
@!!END

@!!BEGIN
@!!type:obligation
@!!id:3423
@!!loc:2242:20:2242:24
@!!status:to be proved
@!!END

@!!BEGIN
@!!type:obligation
@!!id:3424
@!!loc:2242:26:2242:32
@!!status:to be proved
@!!END

@!!BEGIN
@!!type:obligation
@!!id:3425
@!!loc:2242:34:2242:45
@!!status:to be proved
@!!END

@!!BEGIN
@!!type:obligation
@!!id:3426
@!!loc:2305:10:2305:12
@!!status:to be proved
@!!END

@!!BEGIN
@!!type:obligation
@!!id:3427
@!!loc:2305:13:2305:17
@!!status:to be proved
@!!END

@!!BEGIN
@!!type:obligation
@!!id:3428
@!!loc:2305:19:2305:23
@!!status:to be proved
@!!END

@!!BEGIN
@!!type:obligation
@!!id:3429
@!!loc:2305:25:2305:29
@!!status:to be proved
@!!END

@!!BEGIN
@!!type:obligation
@!!id:3430
@!!loc:2305:31:2305:35
@!!status:to be proved
@!!END

@!!BEGIN
@!!type:obligation
@!!id:3431
@!!loc:2305:37:2305:41
@!!status:to be proved
@!!END

@!!BEGIN
@!!type:obligation
@!!id:3432
@!!loc:2305:43:2305:47
@!!status:to be proved
@!!END

@!!BEGIN
@!!type:obligation
@!!id:3433
@!!loc:2305:49:2305:53
@!!status:to be proved
@!!END

@!!BEGIN
@!!type:obligation
@!!id:3434
@!!loc:2305:55:2305:60
@!!status:to be proved
@!!END

@!!BEGIN
@!!type:obligation
@!!id:3435
@!!loc:2251:17:2251:19
@!!status:to be proved
@!!END

@!!BEGIN
@!!type:obligation
@!!id:3436
@!!loc:2252:14:2252:16
@!!status:to be proved
@!!END

@!!BEGIN
@!!type:obligation
@!!id:3437
@!!loc:2252:17:2252:21
@!!status:to be proved
@!!END

@!!BEGIN
@!!type:obligation
@!!id:3438
@!!loc:2253:73:2253:75
@!!status:to be proved
@!!END

@!!BEGIN
@!!type:obligation
@!!id:3439
@!!loc:2254:34:2254:36
@!!status:to be proved
@!!END

@!!BEGIN
@!!type:obligation
@!!id:3440
@!!loc:2254:37:2254:41
@!!status:to be proved
@!!END

@!!BEGIN
@!!type:obligation
@!!id:3441
@!!loc:2255:59:2255:61
@!!status:to be proved
@!!END

@!!BEGIN
@!!type:obligation
@!!id:3442
@!!loc:2255:62:2255:66
@!!status:to be proved
@!!END

@!!BEGIN
@!!type:obligation
@!!id:3443
@!!loc:2261:3:2261:5
@!!status:to be proved
@!!END

@!!BEGIN
@!!type:obligation
@!!id:3444
@!!loc:2261:6:2261:10
@!!status:to be proved
@!!END

@!!BEGIN
@!!type:obligation
@!!id:3445
@!!loc:2261:12:2261:24
@!!status:to be proved
@!!END

@!!BEGIN
@!!type:obligation
@!!id:3446
@!!loc:2262:18:2262:20
@!!status:to be proved
@!!END

@!!BEGIN
@!!type:obligation
@!!id:3447
@!!loc:2262:21:2262:25
@!!status:to be proved
@!!END

@!!BEGIN
@!!type:obligation
@!!id:3448
@!!loc:2262:27:2262:41
@!!status:to be proved
@!!END

@!!BEGIN
@!!type:obligation
@!!id:3449
@!!loc:2263:42:2263:44
@!!status:to be proved
@!!END

@!!BEGIN
@!!type:obligation
@!!id:3450
@!!loc:2264:55:2264:57
@!!status:to be proved
@!!END

@!!BEGIN
@!!type:obligation
@!!id:3451
@!!loc:2265:13:2265:15
@!!status:to be proved
@!!END

@!!BEGIN
@!!type:obligation
@!!id:3452
@!!loc:2266:70:2266:72
@!!status:to be proved
@!!END

@!!BEGIN
@!!type:obligation
@!!id:3453
@!!loc:2266:73:2266:77
@!!status:to be proved
@!!END

@!!BEGIN
@!!type:obligation
@!!id:3454
@!!loc:2266:79:2266:83
@!!status:to be proved
@!!END

@!!BEGIN
@!!type:obligation
@!!id:3455
@!!loc:2266:85:2266:93
@!!status:to be proved
@!!END

@!!BEGIN
@!!type:obligation
@!!id:3456
@!!loc:2280:3:2280:5
@!!status:to be proved
@!!END

@!!BEGIN
@!!type:obligation
@!!id:3457
@!!loc:2284:12:2284:14
@!!status:to be proved
@!!END

@!!BEGIN
@!!type:obligation
@!!id:3458
@!!loc:2284:15:2284:19
@!!status:to be proved
@!!END

@!!BEGIN
@!!type:obligation
@!!id:3459
@!!loc:2284:21:2284:25
@!!status:to be proved
@!!END

@!!BEGIN
@!!type:obligation
@!!id:3460
@!!loc:2282:24:2282:26
@!!status:to be proved
@!!END

@!!BEGIN
@!!type:obligation
@!!id:3461
@!!loc:2282:27:2282:31
@!!status:to be proved
@!!END

@!!BEGIN
@!!type:obligation
@!!id:3462
@!!loc:2282:33:2282:37
@!!status:to be proved
@!!END

@!!BEGIN
@!!type:obligation
@!!id:3463
@!!loc:2282:39:2282:43
@!!status:to be proved
@!!END

@!!BEGIN
@!!type:obligation
@!!id:3464
@!!loc:2282:45:2282:49
@!!status:to be proved
@!!END

@!!BEGIN
@!!type:obligation
@!!id:3465
@!!loc:2282:51:2282:55
@!!status:to be proved
@!!END

@!!BEGIN
@!!type:obligation
@!!id:3466
@!!loc:2283:17:2283:19
@!!status:to be proved
@!!END

@!!BEGIN
@!!type:obligation
@!!id:3467
@!!loc:2283:20:2283:24
@!!status:to be proved
@!!END

@!!BEGIN
@!!type:obligation
@!!id:3468
@!!loc:2283:26:2283:30
@!!status:to be proved
@!!END

@!!BEGIN
@!!type:obligation
@!!id:3469
@!!loc:2283:32:2283:36
@!!status:to be proved
@!!END

@!!BEGIN
@!!type:obligation
@!!id:3470
@!!loc:2283:38:2283:42
@!!status:to be proved
@!!END

@!!BEGIN
@!!type:obligation
@!!id:3471
@!!loc:2283:44:2283:48
@!!status:to be proved
@!!END

@!!BEGIN
@!!type:obligation
@!!id:3472
@!!loc:2285:93:2285:95
@!!status:to be proved
@!!END

@!!BEGIN
@!!type:obligation
@!!id:3473
@!!loc:2285:96:2285:100
@!!status:to be proved
@!!END

@!!BEGIN
@!!type:obligation
@!!id:3474
@!!loc:2286:14:2286:16
@!!status:to be proved
@!!END

@!!BEGIN
@!!type:obligation
@!!id:3475
@!!loc:2286:17:2286:21
@!!status:to be proved
@!!END

@!!BEGIN
@!!type:obligation
@!!id:3476
@!!loc:2286:23:2286:27
@!!status:to be proved
@!!END

@!!BEGIN
@!!type:obligation
@!!id:3477
@!!loc:2286:29:2286:34
@!!status:to be proved
@!!END

@!!BEGIN
@!!type:obligation
@!!id:3478
@!!loc:2286:36:2286:46
@!!status:to be proved
@!!END

@!!BEGIN
@!!type:obligation
@!!id:3479
@!!loc:2287:108:2287:110
@!!status:to be proved
@!!END

@!!BEGIN
@!!type:obligation
@!!id:3480
@!!loc:2287:111:2287:115
@!!status:to be proved
@!!END

@!!BEGIN
@!!type:obligation
@!!id:3481
@!!loc:2287:117:2287:121
@!!status:to be proved
@!!END

@!!BEGIN
@!!type:obligation
@!!id:3482
@!!loc:2288:13:2288:15
@!!status:to be proved
@!!END

@!!BEGIN
@!!type:obligation
@!!id:3483
@!!loc:2288:16:2288:20
@!!status:to be proved
@!!END

@!!BEGIN
@!!type:obligation
@!!id:3484
@!!loc:2288:22:2288:26
@!!status:to be proved
@!!END

@!!BEGIN
@!!type:obligation
@!!id:3485
@!!loc:2288:28:2288:33
@!!status:to be proved
@!!END

@!!BEGIN
@!!type:obligation
@!!id:3486
@!!loc:2288:35:2288:44
@!!status:to be proved
@!!END

@!!BEGIN
@!!type:obligation
@!!id:3487
@!!loc:2289:140:2289:142
@!!status:to be proved
@!!END

@!!BEGIN
@!!type:obligation
@!!id:3488
@!!loc:2289:143:2289:147
@!!status:to be proved
@!!END

@!!BEGIN
@!!type:obligation
@!!id:3489
@!!loc:2290:12:2290:14
@!!status:to be proved
@!!END

@!!BEGIN
@!!type:obligation
@!!id:3490
@!!loc:2290:15:2290:19
@!!status:to be proved
@!!END

@!!BEGIN
@!!type:obligation
@!!id:3491
@!!loc:2290:21:2290:25
@!!status:to be proved
@!!END

@!!BEGIN
@!!type:obligation
@!!id:3492
@!!loc:2290:27:2290:32
@!!status:to be proved
@!!END

@!!BEGIN
@!!type:obligation
@!!id:3493
@!!loc:2290:34:2290:42
@!!status:to be proved
@!!END

@!!BEGIN
@!!type:obligation
@!!id:3494
@!!loc:2291:59:2291:61
@!!status:to be proved
@!!END

@!!BEGIN
@!!type:obligation
@!!id:3495
@!!loc:2291:62:2291:66
@!!status:to be proved
@!!END

@!!BEGIN
@!!type:obligation
@!!id:3496
@!!loc:2291:68:2291:72
@!!status:to be proved
@!!END

@!!BEGIN
@!!type:obligation
@!!id:3497
@!!loc:2292:12:2292:14
@!!status:to be proved
@!!END

@!!BEGIN
@!!type:obligation
@!!id:3498
@!!loc:2292:15:2292:19
@!!status:to be proved
@!!END

@!!BEGIN
@!!type:obligation
@!!id:3499
@!!loc:2292:21:2292:25
@!!status:to be proved
@!!END

@!!BEGIN
@!!type:obligation
@!!id:3500
@!!loc:2292:27:2292:32
@!!status:to be proved
@!!END

@!!BEGIN
@!!type:obligation
@!!id:3501
@!!loc:2292:34:2292:42
@!!status:to be proved
@!!END

@!!BEGIN
@!!type:obligation
@!!id:3502
@!!loc:2302:12:2302:14
@!!status:to be proved
@!!END

@!!BEGIN
@!!type:obligation
@!!id:3503
@!!loc:2302:15:2302:19
@!!status:to be proved
@!!END

@!!BEGIN
@!!type:obligation
@!!id:3504
@!!loc:2302:21:2302:25
@!!status:to be proved
@!!END

@!!BEGIN
@!!type:obligation
@!!id:3505
@!!loc:2302:27:2302:31
@!!status:to be proved
@!!END

@!!BEGIN
@!!type:obligation
@!!id:3506
@!!loc:2302:33:2302:37
@!!status:to be proved
@!!END

@!!BEGIN
@!!type:obligation
@!!id:3507
@!!loc:2302:39:2302:43
@!!status:to be proved
@!!END

@!!BEGIN
@!!type:obligation
@!!id:3508
@!!loc:2302:45:2302:49
@!!status:to be proved
@!!END

@!!BEGIN
@!!type:obligation
@!!id:3509
@!!loc:2302:51:2302:63
@!!status:to be proved
@!!END

@!!BEGIN
@!!type:obligation
@!!id:3510
@!!loc:2295:5:2295:7
@!!status:to be proved
@!!END

@!!BEGIN
@!!type:obligation
@!!id:3511
@!!loc:2295:8:2295:12
@!!status:to be proved
@!!END

@!!BEGIN
@!!type:obligation
@!!id:3512
@!!loc:2295:14:2295:18
@!!status:to be proved
@!!END

@!!BEGIN
@!!type:obligation
@!!id:3513
@!!loc:2300:5:2300:7
@!!status:to be proved
@!!END

@!!BEGIN
@!!type:obligation
@!!id:3514
@!!loc:2300:8:2300:12
@!!status:to be proved
@!!END

@!!BEGIN
@!!type:obligation
@!!id:3515
@!!loc:2300:14:2300:18
@!!status:to be proved
@!!END

@!!BEGIN
@!!type:obligation
@!!id:3516
@!!loc:2300:20:2300:24
@!!status:to be proved
@!!END

@!!BEGIN
@!!type:obligation
@!!id:3517
@!!loc:2301:118:2301:120
@!!status:to be proved
@!!END

@!!BEGIN
@!!type:obligation
@!!id:3518
@!!loc:2301:121:2301:125
@!!status:to be proved
@!!END

@!!BEGIN
@!!type:obligation
@!!id:3519
@!!loc:2303:109:2303:111
@!!status:to be proved
@!!END

@!!BEGIN
@!!type:obligation
@!!id:3520
@!!loc:2303:112:2303:116
@!!status:to be proved
@!!END

@!!BEGIN
@!!type:obligation
@!!id:3521
@!!loc:2304:17:2304:19
@!!status:to be proved
@!!END

@!!BEGIN
@!!type:obligation
@!!id:3522
@!!loc:2304:20:2304:24
@!!status:to be proved
@!!END

@!!BEGIN
@!!type:obligation
@!!id:3523
@!!loc:2304:26:2304:32
@!!status:to be proved
@!!END

@!!BEGIN
@!!type:obligation
@!!id:3524
@!!loc:2304:34:2304:45
@!!status:to be proved
@!!END

@!!BEGIN
@!!type:obligation
@!!id:3525
@!!loc:2366:10:2366:12
@!!status:to be proved
@!!END

@!!BEGIN
@!!type:obligation
@!!id:3526
@!!loc:2366:13:2366:17
@!!status:to be proved
@!!END

@!!BEGIN
@!!type:obligation
@!!id:3527
@!!loc:2366:19:2366:23
@!!status:to be proved
@!!END

@!!BEGIN
@!!type:obligation
@!!id:3528
@!!loc:2366:25:2366:29
@!!status:to be proved
@!!END

@!!BEGIN
@!!type:obligation
@!!id:3529
@!!loc:2366:31:2366:35
@!!status:to be proved
@!!END

@!!BEGIN
@!!type:obligation
@!!id:3530
@!!loc:2366:37:2366:41
@!!status:to be proved
@!!END

@!!BEGIN
@!!type:obligation
@!!id:3531
@!!loc:2366:43:2366:47
@!!status:to be proved
@!!END

@!!BEGIN
@!!type:obligation
@!!id:3532
@!!loc:2366:49:2366:53
@!!status:to be proved
@!!END

@!!BEGIN
@!!type:obligation
@!!id:3533
@!!loc:2366:55:2366:60
@!!status:to be proved
@!!END

@!!BEGIN
@!!type:obligation
@!!id:3534
@!!loc:2310:17:2310:19
@!!status:to be proved
@!!END

@!!BEGIN
@!!type:obligation
@!!id:3535
@!!loc:2311:14:2311:16
@!!status:to be proved
@!!END

@!!BEGIN
@!!type:obligation
@!!id:3536
@!!loc:2311:17:2311:21
@!!status:to be proved
@!!END

@!!BEGIN
@!!type:obligation
@!!id:3537
@!!loc:2312:73:2312:75
@!!status:to be proved
@!!END

@!!BEGIN
@!!type:obligation
@!!id:3538
@!!loc:2313:34:2313:36
@!!status:to be proved
@!!END

@!!BEGIN
@!!type:obligation
@!!id:3539
@!!loc:2313:37:2313:41
@!!status:to be proved
@!!END

@!!BEGIN
@!!type:obligation
@!!id:3540
@!!loc:2314:59:2314:61
@!!status:to be proved
@!!END

@!!BEGIN
@!!type:obligation
@!!id:3541
@!!loc:2314:62:2314:66
@!!status:to be proved
@!!END

@!!BEGIN
@!!type:obligation
@!!id:3542
@!!loc:2320:3:2320:5
@!!status:to be proved
@!!END

@!!BEGIN
@!!type:obligation
@!!id:3543
@!!loc:2320:6:2320:10
@!!status:to be proved
@!!END

@!!BEGIN
@!!type:obligation
@!!id:3544
@!!loc:2320:12:2320:24
@!!status:to be proved
@!!END

@!!BEGIN
@!!type:obligation
@!!id:3545
@!!loc:2321:18:2321:20
@!!status:to be proved
@!!END

@!!BEGIN
@!!type:obligation
@!!id:3546
@!!loc:2321:21:2321:25
@!!status:to be proved
@!!END

@!!BEGIN
@!!type:obligation
@!!id:3547
@!!loc:2321:27:2321:38
@!!status:to be proved
@!!END

@!!BEGIN
@!!type:obligation
@!!id:3548
@!!loc:2322:79:2322:81
@!!status:to be proved
@!!END

@!!BEGIN
@!!type:obligation
@!!id:3550
@!!loc:2323:24:2323:26
@!!status:to be proved
@!!END

@!!BEGIN
@!!type:obligation
@!!id:3551
@!!loc:2324:70:2324:72
@!!status:to be proved
@!!END

@!!BEGIN
@!!type:obligation
@!!id:3552
@!!loc:2325:73:2325:75
@!!status:to be proved
@!!END

@!!BEGIN
@!!type:obligation
@!!id:3553
@!!loc:2325:76:2325:80
@!!status:to be proved
@!!END

@!!BEGIN
@!!type:obligation
@!!id:3554
@!!loc:2325:82:2325:86
@!!status:to be proved
@!!END

@!!BEGIN
@!!type:obligation
@!!id:3555
@!!loc:2325:88:2325:96
@!!status:to be proved
@!!END

@!!BEGIN
@!!type:obligation
@!!id:3556
@!!loc:2339:3:2339:5
@!!status:to be proved
@!!END

@!!BEGIN
@!!type:obligation
@!!id:3557
@!!loc:2340:102:2340:104
@!!status:to be proved
@!!END

@!!BEGIN
@!!type:obligation
@!!id:3558
@!!loc:2340:105:2340:109
@!!status:to be proved
@!!END

@!!BEGIN
@!!type:obligation
@!!id:3559
@!!loc:2340:111:2340:115
@!!status:to be proved
@!!END

@!!BEGIN
@!!type:obligation
@!!id:3560
@!!loc:2341:33:2341:35
@!!status:to be proved
@!!END

@!!BEGIN
@!!type:obligation
@!!id:3561
@!!loc:2341:36:2341:40
@!!status:to be proved
@!!END

@!!BEGIN
@!!type:obligation
@!!id:3562
@!!loc:2341:42:2341:46
@!!status:to be proved
@!!END

@!!BEGIN
@!!type:obligation
@!!id:3563
@!!loc:2341:48:2341:52
@!!status:to be proved
@!!END

@!!BEGIN
@!!type:obligation
@!!id:3564
@!!loc:2341:54:2341:59
@!!status:to be proved
@!!END

@!!BEGIN
@!!type:obligation
@!!id:3565
@!!loc:2341:61:2341:65
@!!status:to be proved
@!!END

@!!BEGIN
@!!type:obligation
@!!id:3566
@!!loc:2341:67:2341:78
@!!status:to be proved
@!!END

@!!BEGIN
@!!type:obligation
@!!id:3567
@!!loc:2342:102:2342:104
@!!status:to be proved
@!!END

@!!BEGIN
@!!type:obligation
@!!id:3568
@!!loc:2342:105:2342:109
@!!status:to be proved
@!!END

@!!BEGIN
@!!type:obligation
@!!id:3569
@!!loc:2342:111:2342:115
@!!status:to be proved
@!!END

@!!BEGIN
@!!type:obligation
@!!id:3570
@!!loc:2343:14:2343:16
@!!status:to be proved
@!!END

@!!BEGIN
@!!type:obligation
@!!id:3571
@!!loc:2343:17:2343:21
@!!status:to be proved
@!!END

@!!BEGIN
@!!type:obligation
@!!id:3572
@!!loc:2343:23:2343:27
@!!status:to be proved
@!!END

@!!BEGIN
@!!type:obligation
@!!id:3573
@!!loc:2343:29:2343:34
@!!status:to be proved
@!!END

@!!BEGIN
@!!type:obligation
@!!id:3574
@!!loc:2343:36:2343:46
@!!status:to be proved
@!!END

@!!BEGIN
@!!type:obligation
@!!id:3575
@!!loc:2344:120:2344:122
@!!status:to be proved
@!!END

@!!BEGIN
@!!type:obligation
@!!id:3576
@!!loc:2344:123:2344:127
@!!status:to be proved
@!!END

@!!BEGIN
@!!type:obligation
@!!id:3577
@!!loc:2344:129:2344:133
@!!status:to be proved
@!!END

@!!BEGIN
@!!type:obligation
@!!id:3578
@!!loc:2345:13:2345:15
@!!status:to be proved
@!!END

@!!BEGIN
@!!type:obligation
@!!id:3579
@!!loc:2345:16:2345:20
@!!status:to be proved
@!!END

@!!BEGIN
@!!type:obligation
@!!id:3580
@!!loc:2345:22:2345:26
@!!status:to be proved
@!!END

@!!BEGIN
@!!type:obligation
@!!id:3581
@!!loc:2345:28:2345:33
@!!status:to be proved
@!!END

@!!BEGIN
@!!type:obligation
@!!id:3582
@!!loc:2345:35:2345:44
@!!status:to be proved
@!!END

@!!BEGIN
@!!type:obligation
@!!id:3583
@!!loc:2346:152:2346:154
@!!status:to be proved
@!!END

@!!BEGIN
@!!type:obligation
@!!id:3584
@!!loc:2346:155:2346:159
@!!status:to be proved
@!!END

@!!BEGIN
@!!type:obligation
@!!id:3585
@!!loc:2346:161:2346:165
@!!status:to be proved
@!!END

@!!BEGIN
@!!type:obligation
@!!id:3586
@!!loc:2347:12:2347:14
@!!status:to be proved
@!!END

@!!BEGIN
@!!type:obligation
@!!id:3587
@!!loc:2347:15:2347:19
@!!status:to be proved
@!!END

@!!BEGIN
@!!type:obligation
@!!id:3588
@!!loc:2347:21:2347:25
@!!status:to be proved
@!!END

@!!BEGIN
@!!type:obligation
@!!id:3589
@!!loc:2347:27:2347:32
@!!status:to be proved
@!!END

@!!BEGIN
@!!type:obligation
@!!id:3590
@!!loc:2347:34:2347:42
@!!status:to be proved
@!!END

@!!BEGIN
@!!type:obligation
@!!id:3591
@!!loc:2348:65:2348:67
@!!status:to be proved
@!!END

@!!BEGIN
@!!type:obligation
@!!id:3592
@!!loc:2348:68:2348:72
@!!status:to be proved
@!!END

@!!BEGIN
@!!type:obligation
@!!id:3593
@!!loc:2348:74:2348:78
@!!status:to be proved
@!!END

@!!BEGIN
@!!type:obligation
@!!id:3594
@!!loc:2349:12:2349:14
@!!status:to be proved
@!!END

@!!BEGIN
@!!type:obligation
@!!id:3595
@!!loc:2349:15:2349:19
@!!status:to be proved
@!!END

@!!BEGIN
@!!type:obligation
@!!id:3596
@!!loc:2349:21:2349:25
@!!status:to be proved
@!!END

@!!BEGIN
@!!type:obligation
@!!id:3597
@!!loc:2349:27:2349:32
@!!status:to be proved
@!!END

@!!BEGIN
@!!type:obligation
@!!id:3598
@!!loc:2349:34:2349:42
@!!status:to be proved
@!!END

@!!BEGIN
@!!type:obligation
@!!id:3599
@!!loc:2363:12:2363:14
@!!status:to be proved
@!!END

@!!BEGIN
@!!type:obligation
@!!id:3600
@!!loc:2363:15:2363:19
@!!status:to be proved
@!!END

@!!BEGIN
@!!type:obligation
@!!id:3601
@!!loc:2363:21:2363:25
@!!status:to be proved
@!!END

@!!BEGIN
@!!type:obligation
@!!id:3602
@!!loc:2363:27:2363:31
@!!status:to be proved
@!!END

@!!BEGIN
@!!type:obligation
@!!id:3603
@!!loc:2363:33:2363:37
@!!status:to be proved
@!!END

@!!BEGIN
@!!type:obligation
@!!id:3604
@!!loc:2363:39:2363:43
@!!status:to be proved
@!!END

@!!BEGIN
@!!type:obligation
@!!id:3605
@!!loc:2363:45:2363:49
@!!status:to be proved
@!!END

@!!BEGIN
@!!type:obligation
@!!id:3606
@!!loc:2363:51:2363:55
@!!status:to be proved
@!!END

@!!BEGIN
@!!type:obligation
@!!id:3607
@!!loc:2363:57:2363:69
@!!status:to be proved
@!!END

@!!BEGIN
@!!type:obligation
@!!id:3608
@!!loc:2351:86:2351:88
@!!status:to be proved
@!!END

@!!BEGIN
@!!type:obligation
@!!id:3609
@!!loc:2354:5:2354:7
@!!status:to be proved
@!!END

@!!BEGIN
@!!type:obligation
@!!id:3610
@!!loc:2354:8:2354:12
@!!status:to be proved
@!!END

@!!BEGIN
@!!type:obligation
@!!id:3611
@!!loc:2354:14:2354:18
@!!status:to be proved
@!!END

@!!BEGIN
@!!type:obligation
@!!id:3612
@!!loc:2356:5:2356:7
@!!status:to be proved
@!!END

@!!BEGIN
@!!type:obligation
@!!id:3613
@!!loc:2356:8:2356:12
@!!status:to be proved
@!!END

@!!BEGIN
@!!type:obligation
@!!id:3614
@!!loc:2356:14:2356:18
@!!status:to be proved
@!!END

@!!BEGIN
@!!type:obligation
@!!id:3615
@!!loc:2356:20:2356:24
@!!status:to be proved
@!!END

@!!BEGIN
@!!type:obligation
@!!id:3616
@!!loc:2361:5:2361:7
@!!status:to be proved
@!!END

@!!BEGIN
@!!type:obligation
@!!id:3617
@!!loc:2361:8:2361:12
@!!status:to be proved
@!!END

@!!BEGIN
@!!type:obligation
@!!id:3618
@!!loc:2361:14:2361:18
@!!status:to be proved
@!!END

@!!BEGIN
@!!type:obligation
@!!id:3619
@!!loc:2361:20:2361:24
@!!status:to be proved
@!!END

@!!BEGIN
@!!type:obligation
@!!id:3620
@!!loc:2361:26:2361:30
@!!status:to be proved
@!!END

@!!BEGIN
@!!type:obligation
@!!id:3621
@!!loc:2362:130:2362:132
@!!status:to be proved
@!!END

@!!BEGIN
@!!type:obligation
@!!id:3622
@!!loc:2362:133:2362:137
@!!status:to be proved
@!!END

@!!BEGIN
@!!type:obligation
@!!id:3623
@!!loc:2362:139:2362:143
@!!status:to be proved
@!!END

@!!BEGIN
@!!type:obligation
@!!id:3624
@!!loc:2364:115:2364:117
@!!status:to be proved
@!!END

@!!BEGIN
@!!type:obligation
@!!id:3625
@!!loc:2364:118:2364:122
@!!status:to be proved
@!!END

@!!BEGIN
@!!type:obligation
@!!id:3626
@!!loc:2365:17:2365:19
@!!status:to be proved
@!!END

@!!BEGIN
@!!type:obligation
@!!id:3627
@!!loc:2365:20:2365:24
@!!status:to be proved
@!!END

@!!BEGIN
@!!type:obligation
@!!id:3628
@!!loc:2365:26:2365:32
@!!status:to be proved
@!!END

@!!BEGIN
@!!type:obligation
@!!id:3629
@!!loc:2365:34:2365:45
@!!status:to be proved
@!!END

@!!BEGIN
@!!type:obligation
@!!id:3630
@!!loc:2423:10:2423:12
@!!status:to be proved
@!!END

@!!BEGIN
@!!type:obligation
@!!id:3631
@!!loc:2423:13:2423:17
@!!status:to be proved
@!!END

@!!BEGIN
@!!type:obligation
@!!id:3632
@!!loc:2423:19:2423:23
@!!status:to be proved
@!!END

@!!BEGIN
@!!type:obligation
@!!id:3633
@!!loc:2423:25:2423:29
@!!status:to be proved
@!!END

@!!BEGIN
@!!type:obligation
@!!id:3634
@!!loc:2423:31:2423:35
@!!status:to be proved
@!!END

@!!BEGIN
@!!type:obligation
@!!id:3635
@!!loc:2423:37:2423:41
@!!status:to be proved
@!!END

@!!BEGIN
@!!type:obligation
@!!id:3636
@!!loc:2423:43:2423:47
@!!status:to be proved
@!!END

@!!BEGIN
@!!type:obligation
@!!id:3637
@!!loc:2423:49:2423:53
@!!status:to be proved
@!!END

@!!BEGIN
@!!type:obligation
@!!id:3638
@!!loc:2423:55:2423:60
@!!status:to be proved
@!!END

@!!BEGIN
@!!type:obligation
@!!id:3639
@!!loc:2374:17:2374:19
@!!status:to be proved
@!!END

@!!BEGIN
@!!type:obligation
@!!id:3640
@!!loc:2375:14:2375:16
@!!status:to be proved
@!!END

@!!BEGIN
@!!type:obligation
@!!id:3641
@!!loc:2375:17:2375:21
@!!status:to be proved
@!!END

@!!BEGIN
@!!type:obligation
@!!id:3642
@!!loc:2376:73:2376:75
@!!status:to be proved
@!!END

@!!BEGIN
@!!type:obligation
@!!id:3643
@!!loc:2377:34:2377:36
@!!status:to be proved
@!!END

@!!BEGIN
@!!type:obligation
@!!id:3644
@!!loc:2377:37:2377:41
@!!status:to be proved
@!!END

@!!BEGIN
@!!type:obligation
@!!id:3645
@!!loc:2378:59:2378:61
@!!status:to be proved
@!!END

@!!BEGIN
@!!type:obligation
@!!id:3646
@!!loc:2378:62:2378:66
@!!status:to be proved
@!!END

@!!BEGIN
@!!type:obligation
@!!id:3647
@!!loc:2384:3:2384:5
@!!status:to be proved
@!!END

@!!BEGIN
@!!type:obligation
@!!id:3648
@!!loc:2384:6:2384:10
@!!status:to be proved
@!!END

@!!BEGIN
@!!type:obligation
@!!id:3649
@!!loc:2384:12:2384:24
@!!status:to be proved
@!!END

@!!BEGIN
@!!type:obligation
@!!id:3650
@!!loc:2385:18:2385:20
@!!status:to be proved
@!!END

@!!BEGIN
@!!type:obligation
@!!id:3651
@!!loc:2385:21:2385:25
@!!status:to be proved
@!!END

@!!BEGIN
@!!type:obligation
@!!id:3652
@!!loc:2385:27:2385:46
@!!status:to be proved
@!!END

@!!BEGIN
@!!type:obligation
@!!id:3653
@!!loc:2386:85:2386:87
@!!status:to be proved
@!!END

@!!BEGIN
@!!type:obligation
@!!id:3655
@!!loc:2387:24:2387:26
@!!status:to be proved
@!!END

@!!BEGIN
@!!type:obligation
@!!id:3656
@!!loc:2388:57:2388:59
@!!status:to be proved
@!!END

@!!BEGIN
@!!type:obligation
@!!id:3657
@!!loc:2389:78:2389:80
@!!status:to be proved
@!!END

@!!BEGIN
@!!type:obligation
@!!id:3658
@!!loc:2389:81:2389:85
@!!status:to be proved
@!!END

@!!BEGIN
@!!type:obligation
@!!id:3659
@!!loc:2389:87:2389:91
@!!status:to be proved
@!!END

@!!BEGIN
@!!type:obligation
@!!id:3660
@!!loc:2389:93:2389:101
@!!status:to be proved
@!!END

@!!BEGIN
@!!type:obligation
@!!id:3661
@!!loc:2403:3:2403:5
@!!status:to be proved
@!!END

@!!BEGIN
@!!type:obligation
@!!id:3662
@!!loc:2404:112:2404:114
@!!status:to be proved
@!!END

@!!BEGIN
@!!type:obligation
@!!id:3663
@!!loc:2404:115:2404:119
@!!status:to be proved
@!!END

@!!BEGIN
@!!type:obligation
@!!id:3664
@!!loc:2404:121:2404:125
@!!status:to be proved
@!!END

@!!BEGIN
@!!type:obligation
@!!id:3665
@!!loc:2405:33:2405:35
@!!status:to be proved
@!!END

@!!BEGIN
@!!type:obligation
@!!id:3666
@!!loc:2405:36:2405:40
@!!status:to be proved
@!!END

@!!BEGIN
@!!type:obligation
@!!id:3667
@!!loc:2405:42:2405:46
@!!status:to be proved
@!!END

@!!BEGIN
@!!type:obligation
@!!id:3668
@!!loc:2405:48:2405:52
@!!status:to be proved
@!!END

@!!BEGIN
@!!type:obligation
@!!id:3669
@!!loc:2405:54:2405:59
@!!status:to be proved
@!!END

@!!BEGIN
@!!type:obligation
@!!id:3670
@!!loc:2405:61:2405:65
@!!status:to be proved
@!!END

@!!BEGIN
@!!type:obligation
@!!id:3671
@!!loc:2405:67:2405:78
@!!status:to be proved
@!!END

@!!BEGIN
@!!type:obligation
@!!id:3672
@!!loc:2406:117:2406:119
@!!status:to be proved
@!!END

@!!BEGIN
@!!type:obligation
@!!id:3673
@!!loc:2406:120:2406:124
@!!status:to be proved
@!!END

@!!BEGIN
@!!type:obligation
@!!id:3674
@!!loc:2406:126:2406:130
@!!status:to be proved
@!!END

@!!BEGIN
@!!type:obligation
@!!id:3675
@!!loc:2407:14:2407:16
@!!status:to be proved
@!!END

@!!BEGIN
@!!type:obligation
@!!id:3676
@!!loc:2407:17:2407:21
@!!status:to be proved
@!!END

@!!BEGIN
@!!type:obligation
@!!id:3677
@!!loc:2407:23:2407:27
@!!status:to be proved
@!!END

@!!BEGIN
@!!type:obligation
@!!id:3678
@!!loc:2407:29:2407:34
@!!status:to be proved
@!!END

@!!BEGIN
@!!type:obligation
@!!id:3679
@!!loc:2407:36:2407:46
@!!status:to be proved
@!!END

@!!BEGIN
@!!type:obligation
@!!id:3680
@!!loc:2408:140:2408:142
@!!status:to be proved
@!!END

@!!BEGIN
@!!type:obligation
@!!id:3681
@!!loc:2408:143:2408:147
@!!status:to be proved
@!!END

@!!BEGIN
@!!type:obligation
@!!id:3682
@!!loc:2408:149:2408:153
@!!status:to be proved
@!!END

@!!BEGIN
@!!type:obligation
@!!id:3683
@!!loc:2409:13:2409:15
@!!status:to be proved
@!!END

@!!BEGIN
@!!type:obligation
@!!id:3684
@!!loc:2409:16:2409:20
@!!status:to be proved
@!!END

@!!BEGIN
@!!type:obligation
@!!id:3685
@!!loc:2409:22:2409:26
@!!status:to be proved
@!!END

@!!BEGIN
@!!type:obligation
@!!id:3686
@!!loc:2409:28:2409:33
@!!status:to be proved
@!!END

@!!BEGIN
@!!type:obligation
@!!id:3687
@!!loc:2409:35:2409:44
@!!status:to be proved
@!!END

@!!BEGIN
@!!type:obligation
@!!id:3688
@!!loc:2410:172:2410:174
@!!status:to be proved
@!!END

@!!BEGIN
@!!type:obligation
@!!id:3689
@!!loc:2410:175:2410:179
@!!status:to be proved
@!!END

@!!BEGIN
@!!type:obligation
@!!id:3690
@!!loc:2410:181:2410:185
@!!status:to be proved
@!!END

@!!BEGIN
@!!type:obligation
@!!id:3691
@!!loc:2411:12:2411:14
@!!status:to be proved
@!!END

@!!BEGIN
@!!type:obligation
@!!id:3692
@!!loc:2411:15:2411:19
@!!status:to be proved
@!!END

@!!BEGIN
@!!type:obligation
@!!id:3693
@!!loc:2411:21:2411:25
@!!status:to be proved
@!!END

@!!BEGIN
@!!type:obligation
@!!id:3694
@!!loc:2411:27:2411:32
@!!status:to be proved
@!!END

@!!BEGIN
@!!type:obligation
@!!id:3695
@!!loc:2411:34:2411:42
@!!status:to be proved
@!!END

@!!BEGIN
@!!type:obligation
@!!id:3696
@!!loc:2412:75:2412:77
@!!status:to be proved
@!!END

@!!BEGIN
@!!type:obligation
@!!id:3697
@!!loc:2412:78:2412:82
@!!status:to be proved
@!!END

@!!BEGIN
@!!type:obligation
@!!id:3698
@!!loc:2412:84:2412:88
@!!status:to be proved
@!!END

@!!BEGIN
@!!type:obligation
@!!id:3699
@!!loc:2413:12:2413:14
@!!status:to be proved
@!!END

@!!BEGIN
@!!type:obligation
@!!id:3700
@!!loc:2413:15:2413:19
@!!status:to be proved
@!!END

@!!BEGIN
@!!type:obligation
@!!id:3701
@!!loc:2413:21:2413:25
@!!status:to be proved
@!!END

@!!BEGIN
@!!type:obligation
@!!id:3702
@!!loc:2413:27:2413:32
@!!status:to be proved
@!!END

@!!BEGIN
@!!type:obligation
@!!id:3703
@!!loc:2413:34:2413:42
@!!status:to be proved
@!!END

@!!BEGIN
@!!type:obligation
@!!id:3704
@!!loc:2420:12:2420:14
@!!status:to be proved
@!!END

@!!BEGIN
@!!type:obligation
@!!id:3705
@!!loc:2420:15:2420:19
@!!status:to be proved
@!!END

@!!BEGIN
@!!type:obligation
@!!id:3706
@!!loc:2420:21:2420:25
@!!status:to be proved
@!!END

@!!BEGIN
@!!type:obligation
@!!id:3707
@!!loc:2420:27:2420:31
@!!status:to be proved
@!!END

@!!BEGIN
@!!type:obligation
@!!id:3708
@!!loc:2420:33:2420:37
@!!status:to be proved
@!!END

@!!BEGIN
@!!type:obligation
@!!id:3709
@!!loc:2420:39:2420:43
@!!status:to be proved
@!!END

@!!BEGIN
@!!type:obligation
@!!id:3710
@!!loc:2420:45:2420:57
@!!status:to be proved
@!!END

@!!BEGIN
@!!type:obligation
@!!id:3711
@!!loc:2419:5:2419:7
@!!status:to be proved
@!!END

@!!BEGIN
@!!type:obligation
@!!id:3712
@!!loc:2419:8:2419:12
@!!status:to be proved
@!!END

@!!BEGIN
@!!type:obligation
@!!id:3713
@!!loc:2419:14:2419:18
@!!status:to be proved
@!!END

@!!BEGIN
@!!type:obligation
@!!id:3714
@!!loc:2419:20:2419:24
@!!status:to be proved
@!!END

@!!BEGIN
@!!type:obligation
@!!id:3715
@!!loc:2421:125:2421:127
@!!status:to be proved
@!!END

@!!BEGIN
@!!type:obligation
@!!id:3716
@!!loc:2421:128:2421:132
@!!status:to be proved
@!!END

@!!BEGIN
@!!type:obligation
@!!id:3717
@!!loc:2422:17:2422:19
@!!status:to be proved
@!!END

@!!BEGIN
@!!type:obligation
@!!id:3718
@!!loc:2422:20:2422:24
@!!status:to be proved
@!!END

@!!BEGIN
@!!type:obligation
@!!id:3719
@!!loc:2422:26:2422:32
@!!status:to be proved
@!!END

@!!BEGIN
@!!type:obligation
@!!id:3720
@!!loc:2422:34:2422:45
@!!status:to be proved
@!!END

@!!BEGIN
@!!type:obligation
@!!id:3721
@!!loc:2489:10:2489:12
@!!status:to be proved
@!!END

@!!BEGIN
@!!type:obligation
@!!id:3722
@!!loc:2489:13:2489:17
@!!status:to be proved
@!!END

@!!BEGIN
@!!type:obligation
@!!id:3723
@!!loc:2489:19:2489:23
@!!status:to be proved
@!!END

@!!BEGIN
@!!type:obligation
@!!id:3724
@!!loc:2489:25:2489:29
@!!status:to be proved
@!!END

@!!BEGIN
@!!type:obligation
@!!id:3725
@!!loc:2489:31:2489:35
@!!status:to be proved
@!!END

@!!BEGIN
@!!type:obligation
@!!id:3726
@!!loc:2489:37:2489:41
@!!status:to be proved
@!!END

@!!BEGIN
@!!type:obligation
@!!id:3727
@!!loc:2489:43:2489:47
@!!status:to be proved
@!!END

@!!BEGIN
@!!type:obligation
@!!id:3728
@!!loc:2489:49:2489:53
@!!status:to be proved
@!!END

@!!BEGIN
@!!type:obligation
@!!id:3729
@!!loc:2489:55:2489:60
@!!status:to be proved
@!!END

@!!BEGIN
@!!type:obligation
@!!id:3730
@!!loc:2428:17:2428:19
@!!status:to be proved
@!!END

@!!BEGIN
@!!type:obligation
@!!id:3731
@!!loc:2429:14:2429:16
@!!status:to be proved
@!!END

@!!BEGIN
@!!type:obligation
@!!id:3732
@!!loc:2429:17:2429:21
@!!status:to be proved
@!!END

@!!BEGIN
@!!type:obligation
@!!id:3733
@!!loc:2430:73:2430:75
@!!status:to be proved
@!!END

@!!BEGIN
@!!type:obligation
@!!id:3734
@!!loc:2431:34:2431:36
@!!status:to be proved
@!!END

@!!BEGIN
@!!type:obligation
@!!id:3735
@!!loc:2431:37:2431:41
@!!status:to be proved
@!!END

@!!BEGIN
@!!type:obligation
@!!id:3736
@!!loc:2432:59:2432:61
@!!status:to be proved
@!!END

@!!BEGIN
@!!type:obligation
@!!id:3737
@!!loc:2432:62:2432:66
@!!status:to be proved
@!!END

@!!BEGIN
@!!type:obligation
@!!id:3738
@!!loc:2438:3:2438:5
@!!status:to be proved
@!!END

@!!BEGIN
@!!type:obligation
@!!id:3739
@!!loc:2438:6:2438:10
@!!status:to be proved
@!!END

@!!BEGIN
@!!type:obligation
@!!id:3740
@!!loc:2438:12:2438:24
@!!status:to be proved
@!!END

@!!BEGIN
@!!type:obligation
@!!id:3741
@!!loc:2439:18:2439:20
@!!status:to be proved
@!!END

@!!BEGIN
@!!type:obligation
@!!id:3742
@!!loc:2439:21:2439:25
@!!status:to be proved
@!!END

@!!BEGIN
@!!type:obligation
@!!id:3743
@!!loc:2439:27:2439:46
@!!status:to be proved
@!!END

@!!BEGIN
@!!type:obligation
@!!id:3744
@!!loc:2440:26:2440:28
@!!status:to be proved
@!!END

@!!BEGIN
@!!type:obligation
@!!id:3745
@!!loc:2440:29:2440:41
@!!status:to be proved
@!!END

@!!BEGIN
@!!type:obligation
@!!id:3746
@!!loc:2441:47:2441:49
@!!status:to be proved
@!!END

@!!BEGIN
@!!type:obligation
@!!id:3747
@!!loc:2442:24:2442:26
@!!status:to be proved
@!!END

@!!BEGIN
@!!type:obligation
@!!id:3748
@!!loc:2443:58:2443:60
@!!status:to be proved
@!!END

@!!BEGIN
@!!type:obligation
@!!id:3749
@!!loc:2444:75:2444:77
@!!status:to be proved
@!!END

@!!BEGIN
@!!type:obligation
@!!id:3750
@!!loc:2444:78:2444:82
@!!status:to be proved
@!!END

@!!BEGIN
@!!type:obligation
@!!id:3751
@!!loc:2444:84:2444:88
@!!status:to be proved
@!!END

@!!BEGIN
@!!type:obligation
@!!id:3752
@!!loc:2444:90:2444:98
@!!status:to be proved
@!!END

@!!BEGIN
@!!type:obligation
@!!id:3753
@!!loc:2459:3:2459:5
@!!status:to be proved
@!!END

@!!BEGIN
@!!type:obligation
@!!id:3754
@!!loc:2459:6:2459:10
@!!status:to be proved
@!!END

@!!BEGIN
@!!type:obligation
@!!id:3755
@!!loc:2460:106:2460:108
@!!status:to be proved
@!!END

@!!BEGIN
@!!type:obligation
@!!id:3756
@!!loc:2460:109:2460:113
@!!status:to be proved
@!!END

@!!BEGIN
@!!type:obligation
@!!id:3757
@!!loc:2460:115:2460:119
@!!status:to be proved
@!!END

@!!BEGIN
@!!type:obligation
@!!id:3758
@!!loc:2461:33:2461:35
@!!status:to be proved
@!!END

@!!BEGIN
@!!type:obligation
@!!id:3759
@!!loc:2461:36:2461:40
@!!status:to be proved
@!!END

@!!BEGIN
@!!type:obligation
@!!id:3760
@!!loc:2461:42:2461:46
@!!status:to be proved
@!!END

@!!BEGIN
@!!type:obligation
@!!id:3761
@!!loc:2461:48:2461:52
@!!status:to be proved
@!!END

@!!BEGIN
@!!type:obligation
@!!id:3762
@!!loc:2461:54:2461:59
@!!status:to be proved
@!!END

@!!BEGIN
@!!type:obligation
@!!id:3763
@!!loc:2461:61:2461:65
@!!status:to be proved
@!!END

@!!BEGIN
@!!type:obligation
@!!id:3764
@!!loc:2461:67:2461:78
@!!status:to be proved
@!!END

@!!BEGIN
@!!type:obligation
@!!id:3765
@!!loc:2462:108:2462:110
@!!status:to be proved
@!!END

@!!BEGIN
@!!type:obligation
@!!id:3766
@!!loc:2462:111:2462:115
@!!status:to be proved
@!!END

@!!BEGIN
@!!type:obligation
@!!id:3767
@!!loc:2462:117:2462:121
@!!status:to be proved
@!!END

@!!BEGIN
@!!type:obligation
@!!id:3768
@!!loc:2463:14:2463:16
@!!status:to be proved
@!!END

@!!BEGIN
@!!type:obligation
@!!id:3769
@!!loc:2463:17:2463:21
@!!status:to be proved
@!!END

@!!BEGIN
@!!type:obligation
@!!id:3770
@!!loc:2463:23:2463:27
@!!status:to be proved
@!!END

@!!BEGIN
@!!type:obligation
@!!id:3771
@!!loc:2463:29:2463:34
@!!status:to be proved
@!!END

@!!BEGIN
@!!type:obligation
@!!id:3772
@!!loc:2463:36:2463:46
@!!status:to be proved
@!!END

@!!BEGIN
@!!type:obligation
@!!id:3773
@!!loc:2464:128:2464:130
@!!status:to be proved
@!!END

@!!BEGIN
@!!type:obligation
@!!id:3774
@!!loc:2464:131:2464:135
@!!status:to be proved
@!!END

@!!BEGIN
@!!type:obligation
@!!id:3775
@!!loc:2464:137:2464:141
@!!status:to be proved
@!!END

@!!BEGIN
@!!type:obligation
@!!id:3776
@!!loc:2465:13:2465:15
@!!status:to be proved
@!!END

@!!BEGIN
@!!type:obligation
@!!id:3777
@!!loc:2465:16:2465:20
@!!status:to be proved
@!!END

@!!BEGIN
@!!type:obligation
@!!id:3778
@!!loc:2465:22:2465:26
@!!status:to be proved
@!!END

@!!BEGIN
@!!type:obligation
@!!id:3779
@!!loc:2465:28:2465:33
@!!status:to be proved
@!!END

@!!BEGIN
@!!type:obligation
@!!id:3780
@!!loc:2465:35:2465:44
@!!status:to be proved
@!!END

@!!BEGIN
@!!type:obligation
@!!id:3781
@!!loc:2466:160:2466:162
@!!status:to be proved
@!!END

@!!BEGIN
@!!type:obligation
@!!id:3782
@!!loc:2466:163:2466:167
@!!status:to be proved
@!!END

@!!BEGIN
@!!type:obligation
@!!id:3783
@!!loc:2466:169:2466:173
@!!status:to be proved
@!!END

@!!BEGIN
@!!type:obligation
@!!id:3784
@!!loc:2467:12:2467:14
@!!status:to be proved
@!!END

@!!BEGIN
@!!type:obligation
@!!id:3785
@!!loc:2467:15:2467:19
@!!status:to be proved
@!!END

@!!BEGIN
@!!type:obligation
@!!id:3786
@!!loc:2467:21:2467:25
@!!status:to be proved
@!!END

@!!BEGIN
@!!type:obligation
@!!id:3787
@!!loc:2467:27:2467:32
@!!status:to be proved
@!!END

@!!BEGIN
@!!type:obligation
@!!id:3788
@!!loc:2467:34:2467:42
@!!status:to be proved
@!!END

@!!BEGIN
@!!type:obligation
@!!id:3789
@!!loc:2468:69:2468:71
@!!status:to be proved
@!!END

@!!BEGIN
@!!type:obligation
@!!id:3790
@!!loc:2468:72:2468:76
@!!status:to be proved
@!!END

@!!BEGIN
@!!type:obligation
@!!id:3791
@!!loc:2468:78:2468:82
@!!status:to be proved
@!!END

@!!BEGIN
@!!type:obligation
@!!id:3792
@!!loc:2469:12:2469:14
@!!status:to be proved
@!!END

@!!BEGIN
@!!type:obligation
@!!id:3793
@!!loc:2469:15:2469:19
@!!status:to be proved
@!!END

@!!BEGIN
@!!type:obligation
@!!id:3794
@!!loc:2469:21:2469:25
@!!status:to be proved
@!!END

@!!BEGIN
@!!type:obligation
@!!id:3795
@!!loc:2469:27:2469:32
@!!status:to be proved
@!!END

@!!BEGIN
@!!type:obligation
@!!id:3796
@!!loc:2469:34:2469:42
@!!status:to be proved
@!!END

@!!BEGIN
@!!type:obligation
@!!id:3797
@!!loc:2486:12:2486:14
@!!status:to be proved
@!!END

@!!BEGIN
@!!type:obligation
@!!id:3798
@!!loc:2486:15:2486:19
@!!status:to be proved
@!!END

@!!BEGIN
@!!type:obligation
@!!id:3799
@!!loc:2486:21:2486:25
@!!status:to be proved
@!!END

@!!BEGIN
@!!type:obligation
@!!id:3800
@!!loc:2486:27:2486:31
@!!status:to be proved
@!!END

@!!BEGIN
@!!type:obligation
@!!id:3801
@!!loc:2486:33:2486:37
@!!status:to be proved
@!!END

@!!BEGIN
@!!type:obligation
@!!id:3802
@!!loc:2486:39:2486:43
@!!status:to be proved
@!!END

@!!BEGIN
@!!type:obligation
@!!id:3803
@!!loc:2486:45:2486:49
@!!status:to be proved
@!!END

@!!BEGIN
@!!type:obligation
@!!id:3804
@!!loc:2486:51:2486:63
@!!status:to be proved
@!!END

@!!BEGIN
@!!type:obligation
@!!id:3805
@!!loc:2473:5:2473:7
@!!status:to be proved
@!!END

@!!BEGIN
@!!type:obligation
@!!id:3806
@!!loc:2478:5:2478:7
@!!status:to be proved
@!!END

@!!BEGIN
@!!type:obligation
@!!id:3807
@!!loc:2478:8:2478:12
@!!status:to be proved
@!!END

@!!BEGIN
@!!type:obligation
@!!id:3808
@!!loc:2478:14:2478:18
@!!status:to be proved
@!!END

@!!BEGIN
@!!type:obligation
@!!id:3809
@!!loc:2478:20:2478:24
@!!status:to be proved
@!!END

@!!BEGIN
@!!type:obligation
@!!id:3810
@!!loc:2483:5:2483:7
@!!status:to be proved
@!!END

@!!BEGIN
@!!type:obligation
@!!id:3811
@!!loc:2483:8:2483:12
@!!status:to be proved
@!!END

@!!BEGIN
@!!type:obligation
@!!id:3812
@!!loc:2483:14:2483:18
@!!status:to be proved
@!!END

@!!BEGIN
@!!type:obligation
@!!id:3813
@!!loc:2483:20:2483:24
@!!status:to be proved
@!!END

@!!BEGIN
@!!type:obligation
@!!id:3814
@!!loc:2483:26:2483:30
@!!status:to be proved
@!!END

@!!BEGIN
@!!type:obligation
@!!id:3815
@!!loc:2485:5:2485:7
@!!status:to be proved
@!!END

@!!BEGIN
@!!type:obligation
@!!id:3816
@!!loc:2485:8:2485:12
@!!status:to be proved
@!!END

@!!BEGIN
@!!type:obligation
@!!id:3817
@!!loc:2485:14:2485:18
@!!status:to be proved
@!!END

@!!BEGIN
@!!type:obligation
@!!id:3818
@!!loc:2485:20:2485:24
@!!status:to be proved
@!!END

@!!BEGIN
@!!type:obligation
@!!id:3819
@!!loc:2487:119:2487:121
@!!status:to be proved
@!!END

@!!BEGIN
@!!type:obligation
@!!id:3820
@!!loc:2487:122:2487:126
@!!status:to be proved
@!!END

@!!BEGIN
@!!type:obligation
@!!id:3821
@!!loc:2488:17:2488:19
@!!status:to be proved
@!!END

@!!BEGIN
@!!type:obligation
@!!id:3822
@!!loc:2488:20:2488:24
@!!status:to be proved
@!!END

@!!BEGIN
@!!type:obligation
@!!id:3823
@!!loc:2488:26:2488:32
@!!status:to be proved
@!!END

@!!BEGIN
@!!type:obligation
@!!id:3824
@!!loc:2488:34:2488:45
@!!status:to be proved
@!!END

@!!BEGIN
@!!type:obligation
@!!id:3825
@!!loc:2570:10:2570:12
@!!status:to be proved
@!!END

@!!BEGIN
@!!type:obligation
@!!id:3826
@!!loc:2570:13:2570:17
@!!status:to be proved
@!!END

@!!BEGIN
@!!type:obligation
@!!id:3827
@!!loc:2570:19:2570:23
@!!status:to be proved
@!!END

@!!BEGIN
@!!type:obligation
@!!id:3828
@!!loc:2570:25:2570:29
@!!status:to be proved
@!!END

@!!BEGIN
@!!type:obligation
@!!id:3829
@!!loc:2570:31:2570:35
@!!status:to be proved
@!!END

@!!BEGIN
@!!type:obligation
@!!id:3830
@!!loc:2570:37:2570:41
@!!status:to be proved
@!!END

@!!BEGIN
@!!type:obligation
@!!id:3831
@!!loc:2570:43:2570:47
@!!status:to be proved
@!!END

@!!BEGIN
@!!type:obligation
@!!id:3832
@!!loc:2570:49:2570:53
@!!status:to be proved
@!!END

@!!BEGIN
@!!type:obligation
@!!id:3833
@!!loc:2570:55:2570:60
@!!status:to be proved
@!!END

@!!BEGIN
@!!type:obligation
@!!id:3834
@!!loc:2494:17:2494:19
@!!status:to be proved
@!!END

@!!BEGIN
@!!type:obligation
@!!id:3835
@!!loc:2495:14:2495:16
@!!status:to be proved
@!!END

@!!BEGIN
@!!type:obligation
@!!id:3836
@!!loc:2495:17:2495:21
@!!status:to be proved
@!!END

@!!BEGIN
@!!type:obligation
@!!id:3837
@!!loc:2496:73:2496:75
@!!status:to be proved
@!!END

@!!BEGIN
@!!type:obligation
@!!id:3838
@!!loc:2497:34:2497:36
@!!status:to be proved
@!!END

@!!BEGIN
@!!type:obligation
@!!id:3839
@!!loc:2497:37:2497:41
@!!status:to be proved
@!!END

@!!BEGIN
@!!type:obligation
@!!id:3840
@!!loc:2498:59:2498:61
@!!status:to be proved
@!!END

@!!BEGIN
@!!type:obligation
@!!id:3841
@!!loc:2498:62:2498:66
@!!status:to be proved
@!!END

@!!BEGIN
@!!type:obligation
@!!id:3842
@!!loc:2504:3:2504:5
@!!status:to be proved
@!!END

@!!BEGIN
@!!type:obligation
@!!id:3843
@!!loc:2504:6:2504:10
@!!status:to be proved
@!!END

@!!BEGIN
@!!type:obligation
@!!id:3844
@!!loc:2504:12:2504:24
@!!status:to be proved
@!!END

@!!BEGIN
@!!type:obligation
@!!id:3845
@!!loc:2505:18:2505:20
@!!status:to be proved
@!!END

@!!BEGIN
@!!type:obligation
@!!id:3846
@!!loc:2505:21:2505:25
@!!status:to be proved
@!!END

@!!BEGIN
@!!type:obligation
@!!id:3847
@!!loc:2505:27:2505:47
@!!status:to be proved
@!!END

@!!BEGIN
@!!type:obligation
@!!id:3848
@!!loc:2506:26:2506:28
@!!status:to be proved
@!!END

@!!BEGIN
@!!type:obligation
@!!id:3849
@!!loc:2506:29:2506:41
@!!status:to be proved
@!!END

@!!BEGIN
@!!type:obligation
@!!id:3850
@!!loc:2509:3:2509:5
@!!status:to be proved
@!!END

@!!BEGIN
@!!type:obligation
@!!id:3852
@!!loc:2510:24:2510:26
@!!status:to be proved
@!!END

@!!BEGIN
@!!type:obligation
@!!id:3853
@!!loc:2511:56:2511:58
@!!status:to be proved
@!!END

@!!BEGIN
@!!type:obligation
@!!id:3854
@!!loc:2512:83:2512:85
@!!status:to be proved
@!!END

@!!BEGIN
@!!type:obligation
@!!id:3855
@!!loc:2512:86:2512:90
@!!status:to be proved
@!!END

@!!BEGIN
@!!type:obligation
@!!id:3856
@!!loc:2512:92:2512:96
@!!status:to be proved
@!!END

@!!BEGIN
@!!type:obligation
@!!id:3857
@!!loc:2512:98:2512:106
@!!status:to be proved
@!!END

@!!BEGIN
@!!type:obligation
@!!id:3858
@!!loc:2527:3:2527:5
@!!status:to be proved
@!!END

@!!BEGIN
@!!type:obligation
@!!id:3859
@!!loc:2528:122:2528:124
@!!status:to be proved
@!!END

@!!BEGIN
@!!type:obligation
@!!id:3860
@!!loc:2528:125:2528:129
@!!status:to be proved
@!!END

@!!BEGIN
@!!type:obligation
@!!id:3861
@!!loc:2528:131:2528:135
@!!status:to be proved
@!!END

@!!BEGIN
@!!type:obligation
@!!id:3862
@!!loc:2529:33:2529:35
@!!status:to be proved
@!!END

@!!BEGIN
@!!type:obligation
@!!id:3863
@!!loc:2529:36:2529:40
@!!status:to be proved
@!!END

@!!BEGIN
@!!type:obligation
@!!id:3864
@!!loc:2529:42:2529:46
@!!status:to be proved
@!!END

@!!BEGIN
@!!type:obligation
@!!id:3865
@!!loc:2529:48:2529:52
@!!status:to be proved
@!!END

@!!BEGIN
@!!type:obligation
@!!id:3866
@!!loc:2529:54:2529:59
@!!status:to be proved
@!!END

@!!BEGIN
@!!type:obligation
@!!id:3867
@!!loc:2529:61:2529:65
@!!status:to be proved
@!!END

@!!BEGIN
@!!type:obligation
@!!id:3868
@!!loc:2529:67:2529:78
@!!status:to be proved
@!!END

@!!BEGIN
@!!type:obligation
@!!id:3869
@!!loc:2530:132:2530:134
@!!status:to be proved
@!!END

@!!BEGIN
@!!type:obligation
@!!id:3870
@!!loc:2530:135:2530:139
@!!status:to be proved
@!!END

@!!BEGIN
@!!type:obligation
@!!id:3871
@!!loc:2530:141:2530:145
@!!status:to be proved
@!!END

@!!BEGIN
@!!type:obligation
@!!id:3872
@!!loc:2531:14:2531:16
@!!status:to be proved
@!!END

@!!BEGIN
@!!type:obligation
@!!id:3873
@!!loc:2531:17:2531:21
@!!status:to be proved
@!!END

@!!BEGIN
@!!type:obligation
@!!id:3874
@!!loc:2531:23:2531:27
@!!status:to be proved
@!!END

@!!BEGIN
@!!type:obligation
@!!id:3875
@!!loc:2531:29:2531:34
@!!status:to be proved
@!!END

@!!BEGIN
@!!type:obligation
@!!id:3876
@!!loc:2531:36:2531:46
@!!status:to be proved
@!!END

@!!BEGIN
@!!type:obligation
@!!id:3877
@!!loc:2532:160:2532:162
@!!status:to be proved
@!!END

@!!BEGIN
@!!type:obligation
@!!id:3878
@!!loc:2532:163:2532:167
@!!status:to be proved
@!!END

@!!BEGIN
@!!type:obligation
@!!id:3879
@!!loc:2532:169:2532:173
@!!status:to be proved
@!!END

@!!BEGIN
@!!type:obligation
@!!id:3880
@!!loc:2533:13:2533:15
@!!status:to be proved
@!!END

@!!BEGIN
@!!type:obligation
@!!id:3881
@!!loc:2533:16:2533:20
@!!status:to be proved
@!!END

@!!BEGIN
@!!type:obligation
@!!id:3882
@!!loc:2533:22:2533:26
@!!status:to be proved
@!!END

@!!BEGIN
@!!type:obligation
@!!id:3883
@!!loc:2533:28:2533:33
@!!status:to be proved
@!!END

@!!BEGIN
@!!type:obligation
@!!id:3884
@!!loc:2533:35:2533:44
@!!status:to be proved
@!!END

@!!BEGIN
@!!type:obligation
@!!id:3885
@!!loc:2534:192:2534:194
@!!status:to be proved
@!!END

@!!BEGIN
@!!type:obligation
@!!id:3886
@!!loc:2534:195:2534:199
@!!status:to be proved
@!!END

@!!BEGIN
@!!type:obligation
@!!id:3887
@!!loc:2534:201:2534:205
@!!status:to be proved
@!!END

@!!BEGIN
@!!type:obligation
@!!id:3888
@!!loc:2535:12:2535:14
@!!status:to be proved
@!!END

@!!BEGIN
@!!type:obligation
@!!id:3889
@!!loc:2535:15:2535:19
@!!status:to be proved
@!!END

@!!BEGIN
@!!type:obligation
@!!id:3890
@!!loc:2535:21:2535:25
@!!status:to be proved
@!!END

@!!BEGIN
@!!type:obligation
@!!id:3891
@!!loc:2535:27:2535:32
@!!status:to be proved
@!!END

@!!BEGIN
@!!type:obligation
@!!id:3892
@!!loc:2535:34:2535:42
@!!status:to be proved
@!!END

@!!BEGIN
@!!type:obligation
@!!id:3893
@!!loc:2536:85:2536:87
@!!status:to be proved
@!!END

@!!BEGIN
@!!type:obligation
@!!id:3894
@!!loc:2536:88:2536:92
@!!status:to be proved
@!!END

@!!BEGIN
@!!type:obligation
@!!id:3895
@!!loc:2536:94:2536:98
@!!status:to be proved
@!!END

@!!BEGIN
@!!type:obligation
@!!id:3896
@!!loc:2537:12:2537:14
@!!status:to be proved
@!!END

@!!BEGIN
@!!type:obligation
@!!id:3897
@!!loc:2537:15:2537:19
@!!status:to be proved
@!!END

@!!BEGIN
@!!type:obligation
@!!id:3898
@!!loc:2537:21:2537:25
@!!status:to be proved
@!!END

@!!BEGIN
@!!type:obligation
@!!id:3899
@!!loc:2537:27:2537:32
@!!status:to be proved
@!!END

@!!BEGIN
@!!type:obligation
@!!id:3900
@!!loc:2537:34:2537:42
@!!status:to be proved
@!!END

@!!BEGIN
@!!type:obligation
@!!id:3901
@!!loc:2567:12:2567:14
@!!status:to be proved
@!!END

@!!BEGIN
@!!type:obligation
@!!id:3902
@!!loc:2567:15:2567:19
@!!status:to be proved
@!!END

@!!BEGIN
@!!type:obligation
@!!id:3903
@!!loc:2567:21:2567:25
@!!status:to be proved
@!!END

@!!BEGIN
@!!type:obligation
@!!id:3904
@!!loc:2567:27:2567:31
@!!status:to be proved
@!!END

@!!BEGIN
@!!type:obligation
@!!id:3905
@!!loc:2567:33:2567:37
@!!status:to be proved
@!!END

@!!BEGIN
@!!type:obligation
@!!id:3906
@!!loc:2567:39:2567:43
@!!status:to be proved
@!!END

@!!BEGIN
@!!type:obligation
@!!id:3907
@!!loc:2567:45:2567:57
@!!status:to be proved
@!!END

@!!BEGIN
@!!type:obligation
@!!id:3908
@!!loc:2541:5:2541:7
@!!status:to be proved
@!!END

@!!BEGIN
@!!type:obligation
@!!id:3909
@!!loc:2541:8:2541:12
@!!status:to be proved
@!!END

@!!BEGIN
@!!type:obligation
@!!id:3910
@!!loc:2543:5:2543:7
@!!status:to be proved
@!!END

@!!BEGIN
@!!type:obligation
@!!id:3911
@!!loc:2545:5:2545:7
@!!status:to be proved
@!!END

@!!BEGIN
@!!type:obligation
@!!id:3912
@!!loc:2546:67:2546:69
@!!status:to be proved
@!!END

@!!BEGIN
@!!type:obligation
@!!id:3913
@!!loc:2546:70:2546:74
@!!status:to be proved
@!!END

@!!BEGIN
@!!type:obligation
@!!id:3914
@!!loc:2546:76:2546:80
@!!status:to be proved
@!!END

@!!BEGIN
@!!type:obligation
@!!id:3915
@!!loc:2551:5:2551:7
@!!status:to be proved
@!!END

@!!BEGIN
@!!type:obligation
@!!id:3916
@!!loc:2551:8:2551:12
@!!status:to be proved
@!!END

@!!BEGIN
@!!type:obligation
@!!id:3917
@!!loc:2551:14:2551:18
@!!status:to be proved
@!!END

@!!BEGIN
@!!type:obligation
@!!id:3918
@!!loc:2551:20:2551:24
@!!status:to be proved
@!!END

@!!BEGIN
@!!type:obligation
@!!id:3919
@!!loc:2566:14:2566:16
@!!status:to be proved
@!!END

@!!BEGIN
@!!type:obligation
@!!id:3920
@!!loc:2566:17:2566:21
@!!status:to be proved
@!!END

@!!BEGIN
@!!type:obligation
@!!id:3921
@!!loc:2566:23:2566:27
@!!status:to be proved
@!!END

@!!BEGIN
@!!type:obligation
@!!id:3922
@!!loc:2556:7:2556:14
@!!status:to be proved
@!!END

@!!BEGIN
@!!type:obligation
@!!id:3923
@!!loc:2557:91:2557:93
@!!status:to be proved
@!!END

@!!BEGIN
@!!type:obligation
@!!id:3924
@!!loc:2557:94:2557:98
@!!status:to be proved
@!!END

@!!BEGIN
@!!type:obligation
@!!id:3925
@!!loc:2557:100:2557:104
@!!status:to be proved
@!!END

@!!BEGIN
@!!type:obligation
@!!id:3926
@!!loc:2560:7:2560:9
@!!status:to be proved
@!!END

@!!BEGIN
@!!type:obligation
@!!id:3927
@!!loc:2560:10:2560:14
@!!status:to be proved
@!!END

@!!BEGIN
@!!type:obligation
@!!id:3928
@!!loc:2560:16:2560:20
@!!status:to be proved
@!!END

@!!BEGIN
@!!type:obligation
@!!id:3929
@!!loc:2560:22:2560:26
@!!status:to be proved
@!!END

@!!BEGIN
@!!type:obligation
@!!id:3930
@!!loc:2561:36:2561:38
@!!status:to be proved
@!!END

@!!BEGIN
@!!type:obligation
@!!id:3931
@!!loc:2561:39:2561:43
@!!status:to be proved
@!!END

@!!BEGIN
@!!type:obligation
@!!id:3932
@!!loc:2561:45:2561:49
@!!status:to be proved
@!!END

@!!BEGIN
@!!type:obligation
@!!id:3933
@!!loc:2561:51:2561:55
@!!status:to be proved
@!!END

@!!BEGIN
@!!type:obligation
@!!id:3934
@!!loc:2561:57:2561:61
@!!status:to be proved
@!!END

@!!BEGIN
@!!type:obligation
@!!id:3935
@!!loc:2565:16:2565:18
@!!status:to be proved
@!!END

@!!BEGIN
@!!type:obligation
@!!id:3936
@!!loc:2565:19:2565:23
@!!status:to be proved
@!!END

@!!BEGIN
@!!type:obligation
@!!id:3937
@!!loc:2565:25:2565:29
@!!status:to be proved
@!!END

@!!BEGIN
@!!type:obligation
@!!id:3938
@!!loc:2565:31:2565:35
@!!status:to be proved
@!!END

@!!BEGIN
@!!type:obligation
@!!id:3939
@!!loc:2563:33:2563:35
@!!status:to be proved
@!!END

@!!BEGIN
@!!type:obligation
@!!id:3940
@!!loc:2563:36:2563:40
@!!status:to be proved
@!!END

@!!BEGIN
@!!type:obligation
@!!id:3941
@!!loc:2563:42:2563:46
@!!status:to be proved
@!!END

@!!BEGIN
@!!type:obligation
@!!id:3942
@!!loc:2564:46:2564:48
@!!status:to be proved
@!!END

@!!BEGIN
@!!type:obligation
@!!id:3943
@!!loc:2564:49:2564:53
@!!status:to be proved
@!!END

@!!BEGIN
@!!type:obligation
@!!id:3944
@!!loc:2564:55:2564:59
@!!status:to be proved
@!!END

@!!BEGIN
@!!type:obligation
@!!id:3945
@!!loc:2564:61:2564:65
@!!status:to be proved
@!!END

@!!BEGIN
@!!type:obligation
@!!id:3946
@!!loc:2564:67:2564:71
@!!status:to be proved
@!!END

@!!BEGIN
@!!type:obligation
@!!id:3947
@!!loc:2568:135:2568:137
@!!status:to be proved
@!!END

@!!BEGIN
@!!type:obligation
@!!id:3948
@!!loc:2568:138:2568:142
@!!status:to be proved
@!!END

@!!BEGIN
@!!type:obligation
@!!id:3949
@!!loc:2569:17:2569:19
@!!status:to be proved
@!!END

@!!BEGIN
@!!type:obligation
@!!id:3950
@!!loc:2569:20:2569:24
@!!status:to be proved
@!!END

@!!BEGIN
@!!type:obligation
@!!id:3951
@!!loc:2569:26:2569:32
@!!status:to be proved
@!!END

@!!BEGIN
@!!type:obligation
@!!id:3952
@!!loc:2569:34:2569:45
@!!status:to be proved
@!!END

@!!BEGIN
@!!type:obligation
@!!id:3953
@!!loc:2628:10:2628:12
@!!status:to be proved
@!!END

@!!BEGIN
@!!type:obligation
@!!id:3954
@!!loc:2628:13:2628:17
@!!status:to be proved
@!!END

@!!BEGIN
@!!type:obligation
@!!id:3955
@!!loc:2628:19:2628:23
@!!status:to be proved
@!!END

@!!BEGIN
@!!type:obligation
@!!id:3956
@!!loc:2628:25:2628:29
@!!status:to be proved
@!!END

@!!BEGIN
@!!type:obligation
@!!id:3957
@!!loc:2628:31:2628:35
@!!status:to be proved
@!!END

@!!BEGIN
@!!type:obligation
@!!id:3958
@!!loc:2628:37:2628:41
@!!status:to be proved
@!!END

@!!BEGIN
@!!type:obligation
@!!id:3959
@!!loc:2628:43:2628:47
@!!status:to be proved
@!!END

@!!BEGIN
@!!type:obligation
@!!id:3960
@!!loc:2628:49:2628:53
@!!status:to be proved
@!!END

@!!BEGIN
@!!type:obligation
@!!id:3961
@!!loc:2628:55:2628:60
@!!status:to be proved
@!!END

@!!BEGIN
@!!type:obligation
@!!id:3962
@!!loc:2578:17:2578:19
@!!status:to be proved
@!!END

@!!BEGIN
@!!type:obligation
@!!id:3963
@!!loc:2579:14:2579:16
@!!status:to be proved
@!!END

@!!BEGIN
@!!type:obligation
@!!id:3964
@!!loc:2579:17:2579:21
@!!status:to be proved
@!!END

@!!BEGIN
@!!type:obligation
@!!id:3965
@!!loc:2580:73:2580:75
@!!status:to be proved
@!!END

@!!BEGIN
@!!type:obligation
@!!id:3966
@!!loc:2581:34:2581:36
@!!status:to be proved
@!!END

@!!BEGIN
@!!type:obligation
@!!id:3967
@!!loc:2581:37:2581:41
@!!status:to be proved
@!!END

@!!BEGIN
@!!type:obligation
@!!id:3968
@!!loc:2582:59:2582:61
@!!status:to be proved
@!!END

@!!BEGIN
@!!type:obligation
@!!id:3969
@!!loc:2582:62:2582:66
@!!status:to be proved
@!!END

@!!BEGIN
@!!type:obligation
@!!id:3970
@!!loc:2588:3:2588:5
@!!status:to be proved
@!!END

@!!BEGIN
@!!type:obligation
@!!id:3971
@!!loc:2588:6:2588:10
@!!status:to be proved
@!!END

@!!BEGIN
@!!type:obligation
@!!id:3972
@!!loc:2588:12:2588:24
@!!status:to be proved
@!!END

@!!BEGIN
@!!type:obligation
@!!id:3973
@!!loc:2589:18:2589:20
@!!status:to be proved
@!!END

@!!BEGIN
@!!type:obligation
@!!id:3974
@!!loc:2589:21:2589:25
@!!status:to be proved
@!!END

@!!BEGIN
@!!type:obligation
@!!id:3975
@!!loc:2589:27:2589:43
@!!status:to be proved
@!!END

@!!BEGIN
@!!type:obligation
@!!id:3976
@!!loc:2590:44:2590:46
@!!status:to be proved
@!!END

@!!BEGIN
@!!type:obligation
@!!id:3977
@!!loc:2591:24:2591:26
@!!status:to be proved
@!!END

@!!BEGIN
@!!type:obligation
@!!id:3978
@!!loc:2592:70:2592:72
@!!status:to be proved
@!!END

@!!BEGIN
@!!type:obligation
@!!id:3979
@!!loc:2593:72:2593:74
@!!status:to be proved
@!!END

@!!BEGIN
@!!type:obligation
@!!id:3980
@!!loc:2593:75:2593:79
@!!status:to be proved
@!!END

@!!BEGIN
@!!type:obligation
@!!id:3981
@!!loc:2593:81:2593:85
@!!status:to be proved
@!!END

@!!BEGIN
@!!type:obligation
@!!id:3982
@!!loc:2593:87:2593:95
@!!status:to be proved
@!!END

@!!BEGIN
@!!type:obligation
@!!id:3983
@!!loc:2607:3:2607:5
@!!status:to be proved
@!!END

@!!BEGIN
@!!type:obligation
@!!id:3984
@!!loc:2608:100:2608:102
@!!status:to be proved
@!!END

@!!BEGIN
@!!type:obligation
@!!id:3985
@!!loc:2608:103:2608:107
@!!status:to be proved
@!!END

@!!BEGIN
@!!type:obligation
@!!id:3986
@!!loc:2608:109:2608:113
@!!status:to be proved
@!!END

@!!BEGIN
@!!type:obligation
@!!id:3987
@!!loc:2609:33:2609:35
@!!status:to be proved
@!!END

@!!BEGIN
@!!type:obligation
@!!id:3988
@!!loc:2609:36:2609:40
@!!status:to be proved
@!!END

@!!BEGIN
@!!type:obligation
@!!id:3989
@!!loc:2609:42:2609:46
@!!status:to be proved
@!!END

@!!BEGIN
@!!type:obligation
@!!id:3990
@!!loc:2609:48:2609:52
@!!status:to be proved
@!!END

@!!BEGIN
@!!type:obligation
@!!id:3991
@!!loc:2609:54:2609:59
@!!status:to be proved
@!!END

@!!BEGIN
@!!type:obligation
@!!id:3992
@!!loc:2609:61:2609:65
@!!status:to be proved
@!!END

@!!BEGIN
@!!type:obligation
@!!id:3993
@!!loc:2609:67:2609:78
@!!status:to be proved
@!!END

@!!BEGIN
@!!type:obligation
@!!id:3994
@!!loc:2610:99:2610:101
@!!status:to be proved
@!!END

@!!BEGIN
@!!type:obligation
@!!id:3995
@!!loc:2610:102:2610:106
@!!status:to be proved
@!!END

@!!BEGIN
@!!type:obligation
@!!id:3996
@!!loc:2611:14:2611:16
@!!status:to be proved
@!!END

@!!BEGIN
@!!type:obligation
@!!id:3997
@!!loc:2611:17:2611:21
@!!status:to be proved
@!!END

@!!BEGIN
@!!type:obligation
@!!id:3998
@!!loc:2611:23:2611:27
@!!status:to be proved
@!!END

@!!BEGIN
@!!type:obligation
@!!id:3999
@!!loc:2611:29:2611:34
@!!status:to be proved
@!!END

@!!BEGIN
@!!type:obligation
@!!id:4000
@!!loc:2611:36:2611:46
@!!status:to be proved
@!!END

@!!BEGIN
@!!type:obligation
@!!id:4001
@!!loc:2612:116:2612:118
@!!status:to be proved
@!!END

@!!BEGIN
@!!type:obligation
@!!id:4002
@!!loc:2612:119:2612:123
@!!status:to be proved
@!!END

@!!BEGIN
@!!type:obligation
@!!id:4003
@!!loc:2612:125:2612:129
@!!status:to be proved
@!!END

@!!BEGIN
@!!type:obligation
@!!id:4004
@!!loc:2613:13:2613:15
@!!status:to be proved
@!!END

@!!BEGIN
@!!type:obligation
@!!id:4005
@!!loc:2613:16:2613:20
@!!status:to be proved
@!!END

@!!BEGIN
@!!type:obligation
@!!id:4006
@!!loc:2613:22:2613:26
@!!status:to be proved
@!!END

@!!BEGIN
@!!type:obligation
@!!id:4007
@!!loc:2613:28:2613:33
@!!status:to be proved
@!!END

@!!BEGIN
@!!type:obligation
@!!id:4008
@!!loc:2613:35:2613:44
@!!status:to be proved
@!!END

@!!BEGIN
@!!type:obligation
@!!id:4009
@!!loc:2614:148:2614:150
@!!status:to be proved
@!!END

@!!BEGIN
@!!type:obligation
@!!id:4010
@!!loc:2614:151:2614:155
@!!status:to be proved
@!!END

@!!BEGIN
@!!type:obligation
@!!id:4011
@!!loc:2615:12:2615:14
@!!status:to be proved
@!!END

@!!BEGIN
@!!type:obligation
@!!id:4012
@!!loc:2615:15:2615:19
@!!status:to be proved
@!!END

@!!BEGIN
@!!type:obligation
@!!id:4013
@!!loc:2615:21:2615:25
@!!status:to be proved
@!!END

@!!BEGIN
@!!type:obligation
@!!id:4014
@!!loc:2615:27:2615:32
@!!status:to be proved
@!!END

@!!BEGIN
@!!type:obligation
@!!id:4015
@!!loc:2615:34:2615:42
@!!status:to be proved
@!!END

@!!BEGIN
@!!type:obligation
@!!id:4016
@!!loc:2616:63:2616:65
@!!status:to be proved
@!!END

@!!BEGIN
@!!type:obligation
@!!id:4017
@!!loc:2616:66:2616:70
@!!status:to be proved
@!!END

@!!BEGIN
@!!type:obligation
@!!id:4018
@!!loc:2616:72:2616:76
@!!status:to be proved
@!!END

@!!BEGIN
@!!type:obligation
@!!id:4019
@!!loc:2617:12:2617:14
@!!status:to be proved
@!!END

@!!BEGIN
@!!type:obligation
@!!id:4020
@!!loc:2617:15:2617:19
@!!status:to be proved
@!!END

@!!BEGIN
@!!type:obligation
@!!id:4021
@!!loc:2617:21:2617:25
@!!status:to be proved
@!!END

@!!BEGIN
@!!type:obligation
@!!id:4022
@!!loc:2617:27:2617:32
@!!status:to be proved
@!!END

@!!BEGIN
@!!type:obligation
@!!id:4023
@!!loc:2617:34:2617:42
@!!status:to be proved
@!!END

@!!BEGIN
@!!type:obligation
@!!id:4024
@!!loc:2621:3:2621:5
@!!status:to be proved
@!!END

@!!BEGIN
@!!type:obligation
@!!id:4025
@!!loc:2621:6:2621:10
@!!status:to be proved
@!!END

@!!BEGIN
@!!type:obligation
@!!id:4026
@!!loc:2621:12:2621:16
@!!status:to be proved
@!!END

@!!BEGIN
@!!type:obligation
@!!id:4027
@!!loc:2624:3:2624:5
@!!status:to be proved
@!!END

@!!BEGIN
@!!type:obligation
@!!id:4028
@!!loc:2624:6:2624:10
@!!status:to be proved
@!!END

@!!BEGIN
@!!type:obligation
@!!id:4029
@!!loc:2624:12:2624:16
@!!status:to be proved
@!!END

@!!BEGIN
@!!type:obligation
@!!id:4030
@!!loc:2624:18:2624:22
@!!status:to be proved
@!!END

@!!BEGIN
@!!type:obligation
@!!id:4031
@!!loc:2625:16:2625:18
@!!status:to be proved
@!!END

@!!BEGIN
@!!type:obligation
@!!id:4032
@!!loc:2625:19:2625:23
@!!status:to be proved
@!!END

@!!BEGIN
@!!type:obligation
@!!id:4033
@!!loc:2625:25:2625:29
@!!status:to be proved
@!!END

@!!BEGIN
@!!type:obligation
@!!id:4034
@!!loc:2625:31:2625:36
@!!status:to be proved
@!!END

@!!BEGIN
@!!type:obligation
@!!id:4035
@!!loc:2625:38:2625:43
@!!status:to be proved
@!!END

@!!BEGIN
@!!type:obligation
@!!id:4036
@!!loc:2625:45:2625:58
@!!status:to be proved
@!!END

@!!BEGIN
@!!type:obligation
@!!id:4037
@!!loc:2626:113:2626:115
@!!status:to be proved
@!!END

@!!BEGIN
@!!type:obligation
@!!id:4038
@!!loc:2626:116:2626:120
@!!status:to be proved
@!!END

@!!BEGIN
@!!type:obligation
@!!id:4039
@!!loc:2627:17:2627:19
@!!status:to be proved
@!!END

@!!BEGIN
@!!type:obligation
@!!id:4040
@!!loc:2627:20:2627:24
@!!status:to be proved
@!!END

@!!BEGIN
@!!type:obligation
@!!id:4041
@!!loc:2627:26:2627:32
@!!status:to be proved
@!!END

@!!BEGIN
@!!type:obligation
@!!id:4042
@!!loc:2627:34:2627:45
@!!status:to be proved
@!!END

@!!BEGIN
@!!type:obligation
@!!id:4043
@!!loc:2689:10:2689:12
@!!status:to be proved
@!!END

@!!BEGIN
@!!type:obligation
@!!id:4044
@!!loc:2689:13:2689:17
@!!status:to be proved
@!!END

@!!BEGIN
@!!type:obligation
@!!id:4045
@!!loc:2689:19:2689:23
@!!status:to be proved
@!!END

@!!BEGIN
@!!type:obligation
@!!id:4046
@!!loc:2689:25:2689:29
@!!status:to be proved
@!!END

@!!BEGIN
@!!type:obligation
@!!id:4047
@!!loc:2689:31:2689:35
@!!status:to be proved
@!!END

@!!BEGIN
@!!type:obligation
@!!id:4048
@!!loc:2689:37:2689:41
@!!status:to be proved
@!!END

@!!BEGIN
@!!type:obligation
@!!id:4049
@!!loc:2689:43:2689:47
@!!status:to be proved
@!!END

@!!BEGIN
@!!type:obligation
@!!id:4050
@!!loc:2689:49:2689:53
@!!status:to be proved
@!!END

@!!BEGIN
@!!type:obligation
@!!id:4051
@!!loc:2689:55:2689:60
@!!status:to be proved
@!!END

@!!BEGIN
@!!type:obligation
@!!id:4052
@!!loc:2633:17:2633:19
@!!status:to be proved
@!!END

@!!BEGIN
@!!type:obligation
@!!id:4053
@!!loc:2634:14:2634:16
@!!status:to be proved
@!!END

@!!BEGIN
@!!type:obligation
@!!id:4054
@!!loc:2634:17:2634:21
@!!status:to be proved
@!!END

@!!BEGIN
@!!type:obligation
@!!id:4055
@!!loc:2635:73:2635:75
@!!status:to be proved
@!!END

@!!BEGIN
@!!type:obligation
@!!id:4056
@!!loc:2636:34:2636:36
@!!status:to be proved
@!!END

@!!BEGIN
@!!type:obligation
@!!id:4057
@!!loc:2636:37:2636:41
@!!status:to be proved
@!!END

@!!BEGIN
@!!type:obligation
@!!id:4058
@!!loc:2637:59:2637:61
@!!status:to be proved
@!!END

@!!BEGIN
@!!type:obligation
@!!id:4059
@!!loc:2637:62:2637:66
@!!status:to be proved
@!!END

@!!BEGIN
@!!type:obligation
@!!id:4060
@!!loc:2643:3:2643:5
@!!status:to be proved
@!!END

@!!BEGIN
@!!type:obligation
@!!id:4061
@!!loc:2643:6:2643:10
@!!status:to be proved
@!!END

@!!BEGIN
@!!type:obligation
@!!id:4062
@!!loc:2643:12:2643:24
@!!status:to be proved
@!!END

@!!BEGIN
@!!type:obligation
@!!id:4063
@!!loc:2644:18:2644:20
@!!status:to be proved
@!!END

@!!BEGIN
@!!type:obligation
@!!id:4064
@!!loc:2644:21:2644:25
@!!status:to be proved
@!!END

@!!BEGIN
@!!type:obligation
@!!id:4065
@!!loc:2644:27:2644:43
@!!status:to be proved
@!!END

@!!BEGIN
@!!type:obligation
@!!id:4066
@!!loc:2645:84:2645:86
@!!status:to be proved
@!!END

@!!BEGIN
@!!type:obligation
@!!id:4068
@!!loc:2646:24:2646:26
@!!status:to be proved
@!!END

@!!BEGIN
@!!type:obligation
@!!id:4069
@!!loc:2647:36:2647:38
@!!status:to be proved
@!!END

@!!BEGIN
@!!type:obligation
@!!id:4070
@!!loc:2648:78:2648:80
@!!status:to be proved
@!!END

@!!BEGIN
@!!type:obligation
@!!id:4071
@!!loc:2648:81:2648:85
@!!status:to be proved
@!!END

@!!BEGIN
@!!type:obligation
@!!id:4072
@!!loc:2648:87:2648:91
@!!status:to be proved
@!!END

@!!BEGIN
@!!type:obligation
@!!id:4073
@!!loc:2648:93:2648:101
@!!status:to be proved
@!!END

@!!BEGIN
@!!type:obligation
@!!id:4074
@!!loc:2662:3:2662:5
@!!status:to be proved
@!!END

@!!BEGIN
@!!type:obligation
@!!id:4075
@!!loc:2663:112:2663:114
@!!status:to be proved
@!!END

@!!BEGIN
@!!type:obligation
@!!id:4076
@!!loc:2663:115:2663:119
@!!status:to be proved
@!!END

@!!BEGIN
@!!type:obligation
@!!id:4077
@!!loc:2663:121:2663:125
@!!status:to be proved
@!!END

@!!BEGIN
@!!type:obligation
@!!id:4078
@!!loc:2664:33:2664:35
@!!status:to be proved
@!!END

@!!BEGIN
@!!type:obligation
@!!id:4079
@!!loc:2664:36:2664:40
@!!status:to be proved
@!!END

@!!BEGIN
@!!type:obligation
@!!id:4080
@!!loc:2664:42:2664:46
@!!status:to be proved
@!!END

@!!BEGIN
@!!type:obligation
@!!id:4081
@!!loc:2664:48:2664:52
@!!status:to be proved
@!!END

@!!BEGIN
@!!type:obligation
@!!id:4082
@!!loc:2664:54:2664:59
@!!status:to be proved
@!!END

@!!BEGIN
@!!type:obligation
@!!id:4083
@!!loc:2664:61:2664:65
@!!status:to be proved
@!!END

@!!BEGIN
@!!type:obligation
@!!id:4084
@!!loc:2664:67:2664:78
@!!status:to be proved
@!!END

@!!BEGIN
@!!type:obligation
@!!id:4085
@!!loc:2665:117:2665:119
@!!status:to be proved
@!!END

@!!BEGIN
@!!type:obligation
@!!id:4086
@!!loc:2665:120:2665:124
@!!status:to be proved
@!!END

@!!BEGIN
@!!type:obligation
@!!id:4087
@!!loc:2666:14:2666:16
@!!status:to be proved
@!!END

@!!BEGIN
@!!type:obligation
@!!id:4088
@!!loc:2666:17:2666:21
@!!status:to be proved
@!!END

@!!BEGIN
@!!type:obligation
@!!id:4089
@!!loc:2666:23:2666:27
@!!status:to be proved
@!!END

@!!BEGIN
@!!type:obligation
@!!id:4090
@!!loc:2666:29:2666:34
@!!status:to be proved
@!!END

@!!BEGIN
@!!type:obligation
@!!id:4091
@!!loc:2666:36:2666:46
@!!status:to be proved
@!!END

@!!BEGIN
@!!type:obligation
@!!id:4092
@!!loc:2667:140:2667:142
@!!status:to be proved
@!!END

@!!BEGIN
@!!type:obligation
@!!id:4093
@!!loc:2667:143:2667:147
@!!status:to be proved
@!!END

@!!BEGIN
@!!type:obligation
@!!id:4094
@!!loc:2667:149:2667:153
@!!status:to be proved
@!!END

@!!BEGIN
@!!type:obligation
@!!id:4095
@!!loc:2668:13:2668:15
@!!status:to be proved
@!!END

@!!BEGIN
@!!type:obligation
@!!id:4096
@!!loc:2668:16:2668:20
@!!status:to be proved
@!!END

@!!BEGIN
@!!type:obligation
@!!id:4097
@!!loc:2668:22:2668:26
@!!status:to be proved
@!!END

@!!BEGIN
@!!type:obligation
@!!id:4098
@!!loc:2668:28:2668:33
@!!status:to be proved
@!!END

@!!BEGIN
@!!type:obligation
@!!id:4099
@!!loc:2668:35:2668:44
@!!status:to be proved
@!!END

@!!BEGIN
@!!type:obligation
@!!id:4100
@!!loc:2669:172:2669:174
@!!status:to be proved
@!!END

@!!BEGIN
@!!type:obligation
@!!id:4101
@!!loc:2669:175:2669:179
@!!status:to be proved
@!!END

@!!BEGIN
@!!type:obligation
@!!id:4102
@!!loc:2670:12:2670:14
@!!status:to be proved
@!!END

@!!BEGIN
@!!type:obligation
@!!id:4103
@!!loc:2670:15:2670:19
@!!status:to be proved
@!!END

@!!BEGIN
@!!type:obligation
@!!id:4104
@!!loc:2670:21:2670:25
@!!status:to be proved
@!!END

@!!BEGIN
@!!type:obligation
@!!id:4105
@!!loc:2670:27:2670:32
@!!status:to be proved
@!!END

@!!BEGIN
@!!type:obligation
@!!id:4106
@!!loc:2670:34:2670:42
@!!status:to be proved
@!!END

@!!BEGIN
@!!type:obligation
@!!id:4107
@!!loc:2671:75:2671:77
@!!status:to be proved
@!!END

@!!BEGIN
@!!type:obligation
@!!id:4108
@!!loc:2671:78:2671:82
@!!status:to be proved
@!!END

@!!BEGIN
@!!type:obligation
@!!id:4109
@!!loc:2671:84:2671:88
@!!status:to be proved
@!!END

@!!BEGIN
@!!type:obligation
@!!id:4110
@!!loc:2672:12:2672:14
@!!status:to be proved
@!!END

@!!BEGIN
@!!type:obligation
@!!id:4111
@!!loc:2672:15:2672:19
@!!status:to be proved
@!!END

@!!BEGIN
@!!type:obligation
@!!id:4112
@!!loc:2672:21:2672:25
@!!status:to be proved
@!!END

@!!BEGIN
@!!type:obligation
@!!id:4113
@!!loc:2672:27:2672:32
@!!status:to be proved
@!!END

@!!BEGIN
@!!type:obligation
@!!id:4114
@!!loc:2672:34:2672:42
@!!status:to be proved
@!!END

@!!BEGIN
@!!type:obligation
@!!id:4115
@!!loc:2686:12:2686:14
@!!status:to be proved
@!!END

@!!BEGIN
@!!type:obligation
@!!id:4116
@!!loc:2686:15:2686:19
@!!status:to be proved
@!!END

@!!BEGIN
@!!type:obligation
@!!id:4117
@!!loc:2686:21:2686:25
@!!status:to be proved
@!!END

@!!BEGIN
@!!type:obligation
@!!id:4118
@!!loc:2686:27:2686:31
@!!status:to be proved
@!!END

@!!BEGIN
@!!type:obligation
@!!id:4119
@!!loc:2686:33:2686:37
@!!status:to be proved
@!!END

@!!BEGIN
@!!type:obligation
@!!id:4120
@!!loc:2686:39:2686:43
@!!status:to be proved
@!!END

@!!BEGIN
@!!type:obligation
@!!id:4121
@!!loc:2686:45:2686:49
@!!status:to be proved
@!!END

@!!BEGIN
@!!type:obligation
@!!id:4122
@!!loc:2686:51:2686:55
@!!status:to be proved
@!!END

@!!BEGIN
@!!type:obligation
@!!id:4123
@!!loc:2686:57:2686:69
@!!status:to be proved
@!!END

@!!BEGIN
@!!type:obligation
@!!id:4124
@!!loc:2674:86:2674:88
@!!status:to be proved
@!!END

@!!BEGIN
@!!type:obligation
@!!id:4125
@!!loc:2677:5:2677:7
@!!status:to be proved
@!!END

@!!BEGIN
@!!type:obligation
@!!id:4126
@!!loc:2677:8:2677:12
@!!status:to be proved
@!!END

@!!BEGIN
@!!type:obligation
@!!id:4127
@!!loc:2677:14:2677:18
@!!status:to be proved
@!!END

@!!BEGIN
@!!type:obligation
@!!id:4128
@!!loc:2679:5:2679:7
@!!status:to be proved
@!!END

@!!BEGIN
@!!type:obligation
@!!id:4129
@!!loc:2679:8:2679:12
@!!status:to be proved
@!!END

@!!BEGIN
@!!type:obligation
@!!id:4130
@!!loc:2679:14:2679:18
@!!status:to be proved
@!!END

@!!BEGIN
@!!type:obligation
@!!id:4131
@!!loc:2679:20:2679:24
@!!status:to be proved
@!!END

@!!BEGIN
@!!type:obligation
@!!id:4132
@!!loc:2684:5:2684:7
@!!status:to be proved
@!!END

@!!BEGIN
@!!type:obligation
@!!id:4133
@!!loc:2684:8:2684:12
@!!status:to be proved
@!!END

@!!BEGIN
@!!type:obligation
@!!id:4134
@!!loc:2684:14:2684:18
@!!status:to be proved
@!!END

@!!BEGIN
@!!type:obligation
@!!id:4135
@!!loc:2684:20:2684:24
@!!status:to be proved
@!!END

@!!BEGIN
@!!type:obligation
@!!id:4136
@!!loc:2684:26:2684:30
@!!status:to be proved
@!!END

@!!BEGIN
@!!type:obligation
@!!id:4137
@!!loc:2685:150:2685:152
@!!status:to be proved
@!!END

@!!BEGIN
@!!type:obligation
@!!id:4138
@!!loc:2685:153:2685:157
@!!status:to be proved
@!!END

@!!BEGIN
@!!type:obligation
@!!id:4139
@!!loc:2685:159:2685:163
@!!status:to be proved
@!!END

@!!BEGIN
@!!type:obligation
@!!id:4140
@!!loc:2685:165:2685:169
@!!status:to be proved
@!!END

@!!BEGIN
@!!type:obligation
@!!id:4141
@!!loc:2687:125:2687:127
@!!status:to be proved
@!!END

@!!BEGIN
@!!type:obligation
@!!id:4142
@!!loc:2687:128:2687:132
@!!status:to be proved
@!!END

@!!BEGIN
@!!type:obligation
@!!id:4143
@!!loc:2688:17:2688:19
@!!status:to be proved
@!!END

@!!BEGIN
@!!type:obligation
@!!id:4144
@!!loc:2688:20:2688:24
@!!status:to be proved
@!!END

@!!BEGIN
@!!type:obligation
@!!id:4145
@!!loc:2688:26:2688:32
@!!status:to be proved
@!!END

@!!BEGIN
@!!type:obligation
@!!id:4146
@!!loc:2688:34:2688:45
@!!status:to be proved
@!!END

@!!BEGIN
@!!type:obligation
@!!id:4147
@!!loc:2737:10:2737:12
@!!status:to be proved
@!!END

@!!BEGIN
@!!type:obligation
@!!id:4148
@!!loc:2737:13:2737:17
@!!status:to be proved
@!!END

@!!BEGIN
@!!type:obligation
@!!id:4149
@!!loc:2737:19:2737:23
@!!status:to be proved
@!!END

@!!BEGIN
@!!type:obligation
@!!id:4150
@!!loc:2695:59:2695:66
@!!status:to be proved
@!!END

@!!BEGIN
@!!type:obligation
@!!id:4151
@!!loc:2730:12:2730:14
@!!status:to be proved
@!!END

@!!BEGIN
@!!type:obligation
@!!id:4152
@!!loc:2730:15:2730:19
@!!status:to be proved
@!!END

@!!BEGIN
@!!type:obligation
@!!id:4153
@!!loc:2730:21:2730:25
@!!status:to be proved
@!!END

@!!BEGIN
@!!type:obligation
@!!id:4154
@!!loc:2730:27:2730:31
@!!status:to be proved
@!!END

@!!BEGIN
@!!type:obligation
@!!id:4155
@!!loc:2697:14:2697:16
@!!status:to be proved
@!!END

@!!BEGIN
@!!type:obligation
@!!id:4156
@!!loc:2697:17:2697:21
@!!status:to be proved
@!!END

@!!BEGIN
@!!type:obligation
@!!id:4157
@!!loc:2704:14:2704:16
@!!status:to be proved
@!!END

@!!BEGIN
@!!type:obligation
@!!id:4158
@!!loc:2704:17:2704:21
@!!status:to be proved
@!!END

@!!BEGIN
@!!type:obligation
@!!id:4159
@!!loc:2704:23:2704:27
@!!status:to be proved
@!!END

@!!BEGIN
@!!type:obligation
@!!id:4160
@!!loc:2704:29:2704:33
@!!status:to be proved
@!!END

@!!BEGIN
@!!type:obligation
@!!id:4161
@!!loc:2704:35:2704:39
@!!status:to be proved
@!!END

@!!BEGIN
@!!type:obligation
@!!id:4162
@!!loc:2704:41:2704:45
@!!status:to be proved
@!!END

@!!BEGIN
@!!type:obligation
@!!id:4163
@!!loc:2704:47:2704:51
@!!status:to be proved
@!!END

@!!BEGIN
@!!type:obligation
@!!id:4164
@!!loc:2699:68:2699:70
@!!status:to be proved
@!!END

@!!BEGIN
@!!type:obligation
@!!id:4165
@!!loc:2699:71:2699:75
@!!status:to be proved
@!!END

@!!BEGIN
@!!type:obligation
@!!id:4166
@!!loc:2699:77:2699:84
@!!status:to be proved
@!!END

@!!BEGIN
@!!type:obligation
@!!id:4167
@!!loc:2700:68:2700:70
@!!status:to be proved
@!!END

@!!BEGIN
@!!type:obligation
@!!id:4168
@!!loc:2700:71:2700:75
@!!status:to be proved
@!!END

@!!BEGIN
@!!type:obligation
@!!id:4169
@!!loc:2700:77:2700:84
@!!status:to be proved
@!!END

@!!BEGIN
@!!type:obligation
@!!id:4170
@!!loc:2701:71:2701:73
@!!status:to be proved
@!!END

@!!BEGIN
@!!type:obligation
@!!id:4171
@!!loc:2701:74:2701:78
@!!status:to be proved
@!!END

@!!BEGIN
@!!type:obligation
@!!id:4172
@!!loc:2701:80:2701:90
@!!status:to be proved
@!!END

@!!BEGIN
@!!type:obligation
@!!id:4173
@!!loc:2702:91:2702:93
@!!status:to be proved
@!!END

@!!BEGIN
@!!type:obligation
@!!id:4174
@!!loc:2702:94:2702:98
@!!status:to be proved
@!!END

@!!BEGIN
@!!type:obligation
@!!id:4175
@!!loc:2702:100:2702:110
@!!status:to be proved
@!!END

@!!BEGIN
@!!type:obligation
@!!id:4176
@!!loc:2703:30:2703:32
@!!status:to be proved
@!!END

@!!BEGIN
@!!type:obligation
@!!id:4177
@!!loc:2703:33:2703:37
@!!status:to be proved
@!!END

@!!BEGIN
@!!type:obligation
@!!id:4178
@!!loc:2703:39:2703:55
@!!status:to be proved
@!!END

@!!BEGIN
@!!type:obligation
@!!id:4179
@!!loc:2727:14:2727:16
@!!status:to be proved
@!!END

@!!BEGIN
@!!type:obligation
@!!id:4180
@!!loc:2727:17:2727:21
@!!status:to be proved
@!!END

@!!BEGIN
@!!type:obligation
@!!id:4181
@!!loc:2727:23:2727:27
@!!status:to be proved
@!!END

@!!BEGIN
@!!type:obligation
@!!id:4182
@!!loc:2727:29:2727:33
@!!status:to be proved
@!!END

@!!BEGIN
@!!type:obligation
@!!id:4183
@!!loc:2727:35:2727:39
@!!status:to be proved
@!!END

@!!BEGIN
@!!type:obligation
@!!id:4184
@!!loc:2727:41:2727:45
@!!status:to be proved
@!!END

@!!BEGIN
@!!type:obligation
@!!id:4185
@!!loc:2727:47:2727:51
@!!status:to be proved
@!!END

@!!BEGIN
@!!type:obligation
@!!id:4186
@!!loc:2727:53:2727:57
@!!status:to be proved
@!!END

@!!BEGIN
@!!type:obligation
@!!id:4187
@!!loc:2727:59:2727:63
@!!status:to be proved
@!!END

@!!BEGIN
@!!type:obligation
@!!id:4188
@!!loc:2727:65:2727:69
@!!status:to be proved
@!!END

@!!BEGIN
@!!type:obligation
@!!id:4189
@!!loc:2727:71:2727:75
@!!status:to be proved
@!!END

@!!BEGIN
@!!type:obligation
@!!id:4190
@!!loc:2727:77:2727:82
@!!status:to be proved
@!!END

@!!BEGIN
@!!type:obligation
@!!id:4191
@!!loc:2728:17:2728:22
@!!status:to be proved
@!!END

@!!BEGIN
@!!type:obligation
@!!id:4192
@!!loc:2728:24:2728:29
@!!status:to be proved
@!!END

@!!BEGIN
@!!type:obligation
@!!id:4193
@!!loc:2728:31:2728:36
@!!status:to be proved
@!!END

@!!BEGIN
@!!type:obligation
@!!id:4194
@!!loc:2728:38:2728:43
@!!status:to be proved
@!!END

@!!BEGIN
@!!type:obligation
@!!id:4195
@!!loc:2728:45:2728:50
@!!status:to be proved
@!!END

@!!BEGIN
@!!type:obligation
@!!id:4196
@!!loc:2728:52:2728:57
@!!status:to be proved
@!!END

@!!BEGIN
@!!type:obligation
@!!id:4197
@!!loc:2728:59:2728:64
@!!status:to be proved
@!!END

@!!BEGIN
@!!type:obligation
@!!id:4198
@!!loc:2728:66:2728:71
@!!status:to be proved
@!!END

@!!BEGIN
@!!type:obligation
@!!id:4199
@!!loc:2728:73:2728:78
@!!status:to be proved
@!!END

@!!BEGIN
@!!type:obligation
@!!id:4200
@!!loc:2728:80:2728:85
@!!status:to be proved
@!!END

@!!BEGIN
@!!type:obligation
@!!id:4201
@!!loc:2728:87:2728:92
@!!status:to be proved
@!!END

@!!BEGIN
@!!type:obligation
@!!id:4202
@!!loc:2706:74:2706:76
@!!status:to be proved
@!!END

@!!BEGIN
@!!type:obligation
@!!id:4203
@!!loc:2706:77:2706:81
@!!status:to be proved
@!!END

@!!BEGIN
@!!type:obligation
@!!id:4204
@!!loc:2706:83:2706:94
@!!status:to be proved
@!!END

@!!BEGIN
@!!type:obligation
@!!id:4205
@!!loc:2707:73:2707:75
@!!status:to be proved
@!!END

@!!BEGIN
@!!type:obligation
@!!id:4206
@!!loc:2707:76:2707:80
@!!status:to be proved
@!!END

@!!BEGIN
@!!type:obligation
@!!id:4207
@!!loc:2707:82:2707:92
@!!status:to be proved
@!!END

@!!BEGIN
@!!type:obligation
@!!id:4208
@!!loc:2708:70:2708:72
@!!status:to be proved
@!!END

@!!BEGIN
@!!type:obligation
@!!id:4209
@!!loc:2708:73:2708:77
@!!status:to be proved
@!!END

@!!BEGIN
@!!type:obligation
@!!id:4210
@!!loc:2708:79:2708:86
@!!status:to be proved
@!!END

@!!BEGIN
@!!type:obligation
@!!id:4211
@!!loc:2709:70:2709:72
@!!status:to be proved
@!!END

@!!BEGIN
@!!type:obligation
@!!id:4212
@!!loc:2709:73:2709:77
@!!status:to be proved
@!!END

@!!BEGIN
@!!type:obligation
@!!id:4213
@!!loc:2709:79:2709:86
@!!status:to be proved
@!!END

@!!BEGIN
@!!type:obligation
@!!id:4214
@!!loc:2710:74:2710:76
@!!status:to be proved
@!!END

@!!BEGIN
@!!type:obligation
@!!id:4215
@!!loc:2710:77:2710:81
@!!status:to be proved
@!!END

@!!BEGIN
@!!type:obligation
@!!id:4216
@!!loc:2710:83:2710:94
@!!status:to be proved
@!!END

@!!BEGIN
@!!type:obligation
@!!id:4217
@!!loc:2711:71:2711:73
@!!status:to be proved
@!!END

@!!BEGIN
@!!type:obligation
@!!id:4218
@!!loc:2711:74:2711:78
@!!status:to be proved
@!!END

@!!BEGIN
@!!type:obligation
@!!id:4219
@!!loc:2711:80:2711:88
@!!status:to be proved
@!!END

@!!BEGIN
@!!type:obligation
@!!id:4220
@!!loc:2712:72:2712:74
@!!status:to be proved
@!!END

@!!BEGIN
@!!type:obligation
@!!id:4221
@!!loc:2712:75:2712:79
@!!status:to be proved
@!!END

@!!BEGIN
@!!type:obligation
@!!id:4222
@!!loc:2712:81:2712:90
@!!status:to be proved
@!!END

@!!BEGIN
@!!type:obligation
@!!id:4223
@!!loc:2713:73:2713:75
@!!status:to be proved
@!!END

@!!BEGIN
@!!type:obligation
@!!id:4224
@!!loc:2713:76:2713:80
@!!status:to be proved
@!!END

@!!BEGIN
@!!type:obligation
@!!id:4225
@!!loc:2713:82:2713:92
@!!status:to be proved
@!!END

@!!BEGIN
@!!type:obligation
@!!id:4226
@!!loc:2714:73:2714:75
@!!status:to be proved
@!!END

@!!BEGIN
@!!type:obligation
@!!id:4227
@!!loc:2714:76:2714:80
@!!status:to be proved
@!!END

@!!BEGIN
@!!type:obligation
@!!id:4228
@!!loc:2714:82:2714:92
@!!status:to be proved
@!!END

@!!BEGIN
@!!type:obligation
@!!id:4229
@!!loc:2715:73:2715:75
@!!status:to be proved
@!!END

@!!BEGIN
@!!type:obligation
@!!id:4230
@!!loc:2715:76:2715:81
@!!status:to be proved
@!!END

@!!BEGIN
@!!type:obligation
@!!id:4231
@!!loc:2715:83:2715:92
@!!status:to be proved
@!!END

@!!BEGIN
@!!type:obligation
@!!id:4232
@!!loc:2716:74:2716:76
@!!status:to be proved
@!!END

@!!BEGIN
@!!type:obligation
@!!id:4233
@!!loc:2716:77:2716:82
@!!status:to be proved
@!!END

@!!BEGIN
@!!type:obligation
@!!id:4234
@!!loc:2716:84:2716:94
@!!status:to be proved
@!!END

@!!BEGIN
@!!type:obligation
@!!id:4235
@!!loc:2717:71:2717:73
@!!status:to be proved
@!!END

@!!BEGIN
@!!type:obligation
@!!id:4236
@!!loc:2717:74:2717:79
@!!status:to be proved
@!!END

@!!BEGIN
@!!type:obligation
@!!id:4237
@!!loc:2717:81:2717:88
@!!status:to be proved
@!!END

@!!BEGIN
@!!type:obligation
@!!id:4238
@!!loc:2718:79:2718:81
@!!status:to be proved
@!!END

@!!BEGIN
@!!type:obligation
@!!id:4239
@!!loc:2718:82:2718:87
@!!status:to be proved
@!!END

@!!BEGIN
@!!type:obligation
@!!id:4240
@!!loc:2718:89:2718:104
@!!status:to be proved
@!!END

@!!BEGIN
@!!type:obligation
@!!id:4241
@!!loc:2719:79:2719:81
@!!status:to be proved
@!!END

@!!BEGIN
@!!type:obligation
@!!id:4242
@!!loc:2719:82:2719:87
@!!status:to be proved
@!!END

@!!BEGIN
@!!type:obligation
@!!id:4243
@!!loc:2719:89:2719:104
@!!status:to be proved
@!!END

@!!BEGIN
@!!type:obligation
@!!id:4244
@!!loc:2720:80:2720:82
@!!status:to be proved
@!!END

@!!BEGIN
@!!type:obligation
@!!id:4245
@!!loc:2720:83:2720:88
@!!status:to be proved
@!!END

@!!BEGIN
@!!type:obligation
@!!id:4246
@!!loc:2720:90:2720:106
@!!status:to be proved
@!!END

@!!BEGIN
@!!type:obligation
@!!id:4247
@!!loc:2721:76:2721:78
@!!status:to be proved
@!!END

@!!BEGIN
@!!type:obligation
@!!id:4248
@!!loc:2721:79:2721:84
@!!status:to be proved
@!!END

@!!BEGIN
@!!type:obligation
@!!id:4249
@!!loc:2721:86:2721:98
@!!status:to be proved
@!!END

@!!BEGIN
@!!type:obligation
@!!id:4250
@!!loc:2722:76:2722:78
@!!status:to be proved
@!!END

@!!BEGIN
@!!type:obligation
@!!id:4251
@!!loc:2722:79:2722:84
@!!status:to be proved
@!!END

@!!BEGIN
@!!type:obligation
@!!id:4252
@!!loc:2722:86:2722:98
@!!status:to be proved
@!!END

@!!BEGIN
@!!type:obligation
@!!id:4253
@!!loc:2723:91:2723:93
@!!status:to be proved
@!!END

@!!BEGIN
@!!type:obligation
@!!id:4254
@!!loc:2723:94:2723:99
@!!status:to be proved
@!!END

@!!BEGIN
@!!type:obligation
@!!id:4255
@!!loc:2723:101:2723:108
@!!status:to be proved
@!!END

@!!BEGIN
@!!type:obligation
@!!id:4256
@!!loc:2724:93:2724:95
@!!status:to be proved
@!!END

@!!BEGIN
@!!type:obligation
@!!id:4257
@!!loc:2724:96:2724:101
@!!status:to be proved
@!!END

@!!BEGIN
@!!type:obligation
@!!id:4258
@!!loc:2724:103:2724:112
@!!status:to be proved
@!!END

@!!BEGIN
@!!type:obligation
@!!id:4259
@!!loc:2725:93:2725:95
@!!status:to be proved
@!!END

@!!BEGIN
@!!type:obligation
@!!id:4260
@!!loc:2725:96:2725:101
@!!status:to be proved
@!!END

@!!BEGIN
@!!type:obligation
@!!id:4261
@!!loc:2725:103:2725:112
@!!status:to be proved
@!!END

@!!BEGIN
@!!type:obligation
@!!id:4262
@!!loc:2726:94:2726:96
@!!status:to be proved
@!!END

@!!BEGIN
@!!type:obligation
@!!id:4263
@!!loc:2726:97:2726:102
@!!status:to be proved
@!!END

@!!BEGIN
@!!type:obligation
@!!id:4264
@!!loc:2726:104:2726:112
@!!status:to be proved
@!!END

@!!BEGIN
@!!type:obligation
@!!id:4265
@!!loc:2736:12:2736:14
@!!status:to be proved
@!!END

@!!BEGIN
@!!type:obligation
@!!id:4266
@!!loc:2736:15:2736:19
@!!status:to be proved
@!!END

@!!BEGIN
@!!type:obligation
@!!id:4267
@!!loc:2736:21:2736:25
@!!status:to be proved
@!!END

@!!BEGIN
@!!type:obligation
@!!id:4268
@!!loc:2736:27:2736:31
@!!status:to be proved
@!!END

@!!BEGIN
@!!type:obligation
@!!id:4269
@!!loc:2736:33:2736:37
@!!status:to be proved
@!!END

@!!BEGIN
@!!type:obligation
@!!id:4270
@!!loc:2732:22:2732:24
@!!status:to be proved
@!!END

@!!BEGIN
@!!type:obligation
@!!id:4271
@!!loc:2732:25:2732:29
@!!status:to be proved
@!!END

@!!BEGIN
@!!type:obligation
@!!id:4272
@!!loc:2733:18:2733:20
@!!status:to be proved
@!!END

@!!BEGIN
@!!type:obligation
@!!id:4273
@!!loc:2733:21:2733:25
@!!status:to be proved
@!!END

@!!BEGIN
@!!type:obligation
@!!id:4274
@!!loc:2733:27:2733:33
@!!status:to be proved
@!!END

@!!BEGIN
@!!type:obligation
@!!id:4275
@!!loc:2734:20:2734:22
@!!status:to be proved
@!!END

@!!BEGIN
@!!type:obligation
@!!id:4276
@!!loc:2734:23:2734:27
@!!status:to be proved
@!!END

@!!BEGIN
@!!type:obligation
@!!id:4277
@!!loc:2734:29:2734:37
@!!status:to be proved
@!!END

@!!BEGIN
@!!type:obligation
@!!id:4278
@!!loc:2735:90:2735:92
@!!status:to be proved
@!!END

@!!BEGIN
@!!type:obligation
@!!id:4279
@!!loc:2735:93:2735:97
@!!status:to be proved
@!!END

@!!BEGIN
@!!type:obligation
@!!id:4280
@!!loc:2735:99:2735:106
@!!status:to be proved
@!!END

@!!BEGIN
@!!type:obligation
@!!id:4281
@!!loc:2749:10:2749:12
@!!status:to be proved
@!!END

@!!BEGIN
@!!type:obligation
@!!id:4282
@!!loc:2749:13:2749:17
@!!status:to be proved
@!!END

@!!BEGIN
@!!type:obligation
@!!id:4283
@!!loc:2749:19:2749:23
@!!status:to be proved
@!!END

@!!BEGIN
@!!type:obligation
@!!id:4284
@!!loc:2749:25:2749:28
@!!status:to be proved
@!!END

@!!BEGIN
@!!type:obligation
@!!id:4285
@!!loc:2740:21:2740:23
@!!status:to be proved
@!!END

@!!BEGIN
@!!type:obligation
@!!id:4286
@!!loc:2740:24:2740:31
@!!status:to be proved
@!!END

@!!BEGIN
@!!type:obligation
@!!id:4287
@!!loc:2748:12:2748:14
@!!status:to be proved
@!!END

@!!BEGIN
@!!type:obligation
@!!id:4288
@!!loc:2748:15:2748:19
@!!status:to be proved
@!!END

@!!BEGIN
@!!type:obligation
@!!id:4289
@!!loc:2748:21:2748:25
@!!status:to be proved
@!!END

@!!BEGIN
@!!type:obligation
@!!id:4290
@!!loc:2742:33:2742:35
@!!status:to be proved
@!!END

@!!BEGIN
@!!type:obligation
@!!id:4291
@!!loc:2742:36:2742:43
@!!status:to be proved
@!!END

@!!BEGIN
@!!type:obligation
@!!id:4292
@!!loc:2747:14:2747:16
@!!status:to be proved
@!!END

@!!BEGIN
@!!type:obligation
@!!id:4293
@!!loc:2747:17:2747:21
@!!status:to be proved
@!!END

@!!BEGIN
@!!type:obligation
@!!id:4294
@!!loc:2747:23:2747:27
@!!status:to be proved
@!!END

@!!BEGIN
@!!type:obligation
@!!id:4295
@!!loc:2745:7:2745:9
@!!status:to be proved
@!!END

@!!BEGIN
@!!type:obligation
@!!id:4296
@!!loc:2746:42:2746:44
@!!status:to be proved
@!!END

@!!BEGIN
@!!type:obligation
@!!id:4297
@!!loc:2746:45:2746:51
@!!status:to be proved
@!!END

@!!BEGIN
@!!type:obligation
@!!id:4298
@!!loc:2753:10:2753:12
@!!status:to be proved
@!!END

@!!BEGIN
@!!type:obligation
@!!id:4299
@!!loc:2753:13:2753:24
@!!status:to be proved
@!!END

@!!BEGIN
@!!type:obligation
@!!id:4300
@!!loc:2753:26:2753:30
@!!status:to be proved
@!!END

@!!BEGIN
@!!type:obligation
@!!id:4301
@!!loc:2753:32:2753:35
@!!status:to be proved
@!!END

@!!BEGIN
@!!type:obligation
@!!id:4302
@!!loc:2752:30:2752:32
@!!status:to be proved
@!!END

@!!BEGIN
@!!type:obligation
@!!id:4303
@!!loc:2762:10:2762:12
@!!status:to be proved
@!!END

@!!BEGIN
@!!type:obligation
@!!id:4304
@!!loc:2762:13:2762:24
@!!status:to be proved
@!!END

@!!BEGIN
@!!type:obligation
@!!id:4305
@!!loc:2762:26:2762:30
@!!status:to be proved
@!!END

@!!BEGIN
@!!type:obligation
@!!id:4306
@!!loc:2762:32:2762:35
@!!status:to be proved
@!!END

@!!BEGIN
@!!type:obligation
@!!id:4307
@!!loc:2758:3:2758:5
@!!status:to be proved
@!!END

@!!BEGIN
@!!type:obligation
@!!id:4308
@!!loc:2758:6:2758:10
@!!status:to be proved
@!!END

@!!BEGIN
@!!type:obligation
@!!id:4309
@!!loc:2761:3:2761:5
@!!status:to be proved
@!!END

@!!BEGIN
@!!type:obligation
@!!id:4310
@!!loc:2761:6:2761:10
@!!status:to be proved
@!!END

@!!BEGIN
@!!type:obligation
@!!id:4311
@!!loc:2768:10:2768:12
@!!status:to be proved
@!!END

@!!BEGIN
@!!type:obligation
@!!id:4312
@!!loc:2768:13:2768:24
@!!status:to be proved
@!!END

@!!BEGIN
@!!type:obligation
@!!id:4313
@!!loc:2768:26:2768:30
@!!status:to be proved
@!!END

@!!BEGIN
@!!type:obligation
@!!id:4314
@!!loc:2768:32:2768:35
@!!status:to be proved
@!!END

@!!BEGIN
@!!type:obligation
@!!id:4315
@!!loc:2767:12:2767:14
@!!status:to be proved
@!!END

@!!BEGIN
@!!type:obligation
@!!id:4316
@!!loc:2767:15:2767:19
@!!status:to be proved
@!!END

@!!BEGIN
@!!type:obligation
@!!id:4317
@!!loc:2766:35:2766:37
@!!status:to be proved
@!!END

@!!BEGIN
@!!type:obligation
@!!id:4318
@!!loc:2766:38:2766:45
@!!status:to be proved
@!!END

@!!BEGIN
@!!type:obligationsnumber
@!!count:4304
@!!END

@!!BEGIN
@!!type:obligation
@!!id:2
@!!loc:132:13:132:17
@!!status:trivial
@!!prover:tlapm
@!!already:false
@!!END

@!!BEGIN
@!!type:obligation
@!!id:3
@!!loc:132:19:132:23
@!!status:trivial
@!!prover:tlapm
@!!already:false
@!!END

@!!BEGIN
@!!type:obligation
@!!id:4
@!!loc:132:25:132:29
@!!status:trivial
@!!prover:tlapm
@!!already:false
@!!END

@!!BEGIN
@!!type:obligation
@!!id:5
@!!loc:118:3:118:5
@!!status:proved
@!!prover:smt
@!!meth:time-limit: 60; time-used: 2.6 (4%)
@!!already:false
@!!END

@!!BEGIN
@!!type:obligation
@!!id:1
@!!loc:132:10:132:12
@!!status:proved
@!!prover:smt
@!!meth:time-limit: 60; time-used: 5.4 (9%)
@!!already:false
@!!END

@!!BEGIN
@!!type:obligation
@!!id:7
@!!loc:131:3:131:5
@!!status:proved
@!!prover:smt
@!!meth:time-limit: 60; time-used: 2.8 (5%)
@!!already:false
@!!END

@!!BEGIN
@!!type:obligation
@!!id:6
@!!loc:125:3:125:5
@!!status:proved
@!!prover:smt
@!!meth:time-limit: 60; time-used: 5.4 (9%)
@!!already:false
@!!END

@!!BEGIN
@!!type:obligation
@!!id:11
@!!loc:142:4:142:15
@!!status:trivial
@!!prover:tlapm
@!!already:false
@!!END

@!!BEGIN
@!!type:obligation
@!!id:12
@!!loc:142:17:142:26
@!!status:trivial
@!!prover:tlapm
@!!already:false
@!!END

@!!BEGIN
@!!type:obligation
@!!id:13
@!!loc:142:28:142:46
@!!status:trivial
@!!prover:tlapm
@!!already:false
@!!END

@!!BEGIN
@!!type:obligation
@!!id:10
@!!loc:142:1:142:3
@!!status:proved
@!!prover:smt
@!!meth:time-limit: 60; time-used: 0.4 (1%)
@!!already:false
@!!END

@!!BEGIN
@!!type:obligation
@!!id:9
@!!loc:139:1:139:3
@!!status:proved
@!!prover:smt
@!!meth:time-limit: 60; time-used: 0.5 (1%)
@!!already:false
@!!END

@!!BEGIN
@!!type:obligation
@!!id:8
@!!loc:136:1:136:3
@!!status:proved
@!!prover:smt
@!!meth:time-limit: 60; time-used: 0.7 (1%)
@!!already:false
@!!END

@!!BEGIN
@!!type:obligation
@!!id:15
@!!loc:148:4:148:14
@!!status:trivial
@!!prover:tlapm
@!!already:false
@!!END

@!!BEGIN
@!!type:obligation
@!!id:16
@!!loc:148:16:148:28
@!!status:trivial
@!!prover:tlapm
@!!already:false
@!!END

@!!BEGIN
@!!type:obligation
@!!id:18
@!!loc:154:4:154:14
@!!status:trivial
@!!prover:tlapm
@!!already:false
@!!END

@!!BEGIN
@!!type:obligation
@!!id:19
@!!loc:154:16:154:28
@!!status:trivial
@!!prover:tlapm
@!!already:false
@!!END

@!!BEGIN
@!!type:obligation
@!!id:21
@!!loc:160:4:160:13
@!!status:trivial
@!!prover:tlapm
@!!already:false
@!!END

@!!BEGIN
@!!type:obligation
@!!id:20
@!!loc:160:1:160:3
@!!status:proved
@!!prover:smt
@!!meth:time-limit: 60; time-used: 0.3 (0%)
@!!already:false
@!!END

@!!BEGIN
@!!type:obligation
@!!id:17
@!!loc:154:1:154:3
@!!status:proved
@!!prover:smt
@!!meth:time-limit: 60; time-used: 0.6 (1%)
@!!already:false
@!!END

@!!BEGIN
@!!type:obligation
@!!id:14
@!!loc:148:1:148:3
@!!status:proved
@!!prover:smt
@!!meth:time-limit: 60; time-used: 0.9 (2%)
@!!already:false
@!!END

@!!BEGIN
@!!type:obligation
@!!id:23
@!!loc:176:13:176:17
@!!status:trivial
@!!prover:tlapm
@!!already:false
@!!END

@!!BEGIN
@!!type:obligation
@!!id:24
@!!loc:176:19:176:23
@!!status:trivial
@!!prover:tlapm
@!!already:false
@!!END

@!!BEGIN
@!!type:obligation
@!!id:25
@!!loc:176:25:176:29
@!!status:trivial
@!!prover:tlapm
@!!already:false
@!!END

@!!BEGIN
@!!type:obligation
@!!id:27
@!!loc:173:15:173:19
@!!status:trivial
@!!prover:tlapm
@!!already:false
@!!END

@!!BEGIN
@!!type:obligation
@!!id:26
@!!loc:173:12:173:14
@!!status:proved
@!!prover:smt
@!!meth:time-limit: 60; time-used: 2.7 (5%)
@!!already:false
@!!END

@!!BEGIN
@!!type:obligation
@!!id:22
@!!loc:176:10:176:12
@!!status:proved
@!!prover:smt
@!!meth:time-limit: 60; time-used: 3.2 (5%)
@!!already:false
@!!END

@!!BEGIN
@!!type:obligation
@!!id:29
@!!loc:172:8:172:20
@!!status:trivial
@!!prover:tlapm
@!!already:false
@!!END

@!!BEGIN
@!!type:obligation
@!!id:30
@!!loc:172:22:172:31
@!!status:trivial
@!!prover:tlapm
@!!already:false
@!!END

@!!BEGIN
@!!type:obligation
@!!id:32
@!!loc:175:44:175:46
@!!status:proved
@!!prover:smt
@!!meth:time-limit: 60; time-used: 0.3 (0%)
@!!already:false
@!!END

@!!BEGIN
@!!type:obligation
@!!id:31
@!!loc:174:35:174:37
@!!status:proved
@!!prover:smt
@!!meth:time-limit: 60; time-used: 0.5 (1%)
@!!already:false
@!!END

@!!BEGIN
@!!type:obligation
@!!id:28
@!!loc:172:5:172:7
@!!status:proved
@!!prover:smt
@!!meth:time-limit: 60; time-used: 0.8 (1%)
@!!already:false
@!!END

@!!BEGIN
@!!type:obligation
@!!id:35
@!!loc:197:1:197:3
@!!status:proved
@!!prover:smt
@!!meth:time-limit: 60; time-used: 0.2 (0%)
@!!already:false
@!!END

@!!BEGIN
@!!type:obligation
@!!id:34
@!!loc:189:1:189:8
@!!status:proved
@!!prover:smt
@!!meth:time-limit: 60; time-used: 0.3 (1%)
@!!already:false
@!!END

@!!BEGIN
@!!type:obligation
@!!id:33
@!!loc:183:1:183:3
@!!status:proved
@!!prover:smt
@!!meth:time-limit: 60; time-used: 0.5 (1%)
@!!already:false
@!!END

@!!BEGIN
@!!type:obligation
@!!id:38
@!!loc:242:13:242:18
@!!status:trivial
@!!prover:tlapm
@!!already:false
@!!END

@!!BEGIN
@!!type:obligation
@!!id:39
@!!loc:242:20:242:25
@!!status:trivial
@!!prover:tlapm
@!!already:false
@!!END

@!!BEGIN
@!!type:obligation
@!!id:40
@!!loc:242:27:242:32
@!!status:trivial
@!!prover:tlapm
@!!already:false
@!!END

@!!BEGIN
@!!type:obligation
@!!id:41
@!!loc:215:43:215:50
@!!status:proved
@!!prover:smt
@!!meth:time-limit: 60; time-used: 0.1 (0%)
@!!already:false
@!!END

@!!BEGIN
@!!type:obligation
@!!id:37
@!!loc:242:10:242:12
@!!status:proved
@!!prover:smt
@!!meth:time-limit: 60; time-used: 0.4 (1%)
@!!already:false
@!!END

@!!BEGIN
@!!type:obligation
@!!id:36
@!!loc:209:1:209:3
@!!status:proved
@!!prover:smt
@!!meth:time-limit: 60; time-used: 0.6 (1%)
@!!already:false
@!!END

@!!BEGIN
@!!type:obligation
@!!id:43
@!!loc:216:24:216:34
@!!status:trivial
@!!prover:tlapm
@!!already:false
@!!END

@!!BEGIN
@!!type:obligation
@!!id:44
@!!loc:216:36:216:48
@!!status:trivial
@!!prover:tlapm
@!!already:false
@!!END

@!!BEGIN
@!!type:obligation
@!!id:46
@!!loc:217:51:217:55
@!!status:trivial
@!!prover:tlapm
@!!already:false
@!!END

@!!BEGIN
@!!type:obligation
@!!id:48
@!!loc:218:66:218:70
@!!status:trivial
@!!prover:tlapm
@!!already:false
@!!END

@!!BEGIN
@!!type:obligation
@!!id:49
@!!loc:218:72:218:81
@!!status:trivial
@!!prover:tlapm
@!!already:false
@!!END

@!!BEGIN
@!!type:obligation
@!!id:47
@!!loc:218:63:218:65
@!!status:proved
@!!prover:smt
@!!meth:time-limit: 60; time-used: 0.4 (1%)
@!!already:false
@!!END

@!!BEGIN
@!!type:obligation
@!!id:45
@!!loc:217:48:217:50
@!!status:proved
@!!prover:smt
@!!meth:time-limit: 60; time-used: 0.7 (1%)
@!!already:false
@!!END

@!!BEGIN
@!!type:obligation
@!!id:42
@!!loc:216:21:216:23
@!!status:proved
@!!prover:smt
@!!meth:time-limit: 60; time-used: 1.0 (2%)
@!!already:false
@!!END

@!!BEGIN
@!!type:obligation
@!!id:51
@!!loc:219:42:219:46
@!!status:trivial
@!!prover:tlapm
@!!already:false
@!!END

@!!BEGIN
@!!type:obligation
@!!id:53
@!!loc:220:32:220:46
@!!status:trivial
@!!prover:tlapm
@!!already:false
@!!END

@!!BEGIN
@!!type:obligation
@!!id:55
@!!loc:221:36:221:40
@!!status:trivial
@!!prover:tlapm
@!!already:false
@!!END

@!!BEGIN
@!!type:obligation
@!!id:54
@!!loc:221:33:221:35
@!!status:proved
@!!prover:smt
@!!meth:time-limit: 60; time-used: 0.3 (0%)
@!!already:false
@!!END

@!!BEGIN
@!!type:obligation
@!!id:52
@!!loc:220:29:220:31
@!!status:proved
@!!prover:smt
@!!meth:time-limit: 60; time-used: 0.6 (1%)
@!!already:false
@!!END

@!!BEGIN
@!!type:obligation
@!!id:50
@!!loc:219:39:219:41
@!!status:proved
@!!prover:smt
@!!meth:time-limit: 60; time-used: 0.8 (1%)
@!!already:false
@!!END

@!!BEGIN
@!!type:obligation
@!!id:57
@!!loc:225:6:225:10
@!!status:trivial
@!!prover:tlapm
@!!already:false
@!!END

@!!BEGIN
@!!type:obligation
@!!id:58
@!!loc:225:12:225:16
@!!status:trivial
@!!prover:tlapm
@!!already:false
@!!END

@!!BEGIN
@!!type:obligation
@!!id:60
@!!loc:231:6:231:10
@!!status:trivial
@!!prover:tlapm
@!!already:false
@!!END

@!!BEGIN
@!!type:obligation
@!!id:61
@!!loc:238:3:238:5
@!!status:proved
@!!prover:smt
@!!meth:time-limit: 60; time-used: 0.2 (0%)
@!!already:false
@!!END

@!!BEGIN
@!!type:obligation
@!!id:59
@!!loc:231:3:231:5
@!!status:proved
@!!prover:smt
@!!meth:time-limit: 60; time-used: 0.6 (1%)
@!!already:false
@!!END

@!!BEGIN
@!!type:obligation
@!!id:56
@!!loc:225:3:225:5
@!!status:proved
@!!prover:smt
@!!meth:time-limit: 60; time-used: 1.0 (2%)
@!!already:false
@!!END

@!!BEGIN
@!!type:obligation
@!!id:63
@!!loc:239:18:239:22
@!!status:trivial
@!!prover:tlapm
@!!already:false
@!!END

@!!BEGIN
@!!type:obligation
@!!id:64
@!!loc:239:24:239:28
@!!status:trivial
@!!prover:tlapm
@!!already:false
@!!END

@!!BEGIN
@!!type:obligation
@!!id:65
@!!loc:239:30:239:34
@!!status:trivial
@!!prover:tlapm
@!!already:false
@!!END

@!!BEGIN
@!!type:obligation
@!!id:67
@!!loc:240:18:240:22
@!!status:trivial
@!!prover:tlapm
@!!already:false
@!!END

@!!BEGIN
@!!type:obligation
@!!id:69
@!!loc:241:18:241:22
@!!status:trivial
@!!prover:tlapm
@!!already:false
@!!END

@!!BEGIN
@!!type:obligation
@!!id:70
@!!loc:241:24:241:28
@!!status:trivial
@!!prover:tlapm
@!!already:false
@!!END

@!!BEGIN
@!!type:obligation
@!!id:71
@!!loc:241:30:241:34
@!!status:trivial
@!!prover:tlapm
@!!already:false
@!!END

@!!BEGIN
@!!type:obligation
@!!id:72
@!!loc:241:36:241:40
@!!status:trivial
@!!prover:tlapm
@!!already:false
@!!END

@!!BEGIN
@!!type:obligation
@!!id:68
@!!loc:241:15:241:17
@!!status:proved
@!!prover:smt
@!!meth:time-limit: 60; time-used: 0.4 (1%)
@!!already:false
@!!END

@!!BEGIN
@!!type:obligation
@!!id:66
@!!loc:240:15:240:17
@!!status:proved
@!!prover:smt
@!!meth:time-limit: 60; time-used: 2.5 (4%)
@!!already:false
@!!END

@!!BEGIN
@!!type:obligation
@!!id:62
@!!loc:239:15:239:17
@!!status:proved
@!!prover:smt
@!!meth:time-limit: 60; time-used: 3.0 (5%)
@!!already:false
@!!END

@!!BEGIN
@!!type:obligation
@!!id:74
@!!loc:273:13:273:17
@!!status:trivial
@!!prover:tlapm
@!!already:false
@!!END

@!!BEGIN
@!!type:obligation
@!!id:75
@!!loc:273:19:273:23
@!!status:trivial
@!!prover:tlapm
@!!already:false
@!!END

@!!BEGIN
@!!type:obligation
@!!id:76
@!!loc:273:25:273:29
@!!status:trivial
@!!prover:tlapm
@!!already:false
@!!END

@!!BEGIN
@!!type:obligation
@!!id:78
@!!loc:251:44:251:46
@!!status:proved
@!!prover:smt
@!!meth:time-limit: 60; time-used: 0.1 (0%)
@!!already:false
@!!END

@!!BEGIN
@!!type:obligation
@!!id:77
@!!loc:250:14:250:16
@!!status:proved
@!!prover:smt
@!!meth:time-limit: 60; time-used: 0.3 (0%)
@!!already:false
@!!END

@!!BEGIN
@!!type:obligation
@!!id:73
@!!loc:273:10:273:12
@!!status:proved
@!!prover:smt
@!!meth:time-limit: 60; time-used: 0.5 (1%)
@!!already:false
@!!END

@!!BEGIN
@!!type:obligation
@!!id:82
@!!loc:262:57:262:61
@!!status:trivial
@!!prover:tlapm
@!!already:false
@!!END

@!!BEGIN
@!!type:obligation
@!!id:83
@!!loc:262:63:262:67
@!!status:trivial
@!!prover:tlapm
@!!already:false
@!!END

@!!BEGIN
@!!type:obligation
@!!id:84
@!!loc:262:69:262:73
@!!status:trivial
@!!prover:tlapm
@!!already:false
@!!END

@!!BEGIN
@!!type:obligation
@!!id:85
@!!loc:262:75:262:85
@!!status:trivial
@!!prover:tlapm
@!!already:false
@!!END

@!!BEGIN
@!!type:obligation
@!!id:81
@!!loc:262:54:262:56
@!!status:proved
@!!prover:smt
@!!meth:time-limit: 60; time-used: 0.5 (1%)
@!!already:false
@!!END

@!!BEGIN
@!!type:obligation
@!!id:80
@!!loc:261:3:261:5
@!!status:proved
@!!prover:smt
@!!meth:time-limit: 60; time-used: 0.8 (1%)
@!!already:false
@!!END

@!!BEGIN
@!!type:obligation
@!!id:79
@!!loc:252:14:252:16
@!!status:proved
@!!prover:smt
@!!meth:time-limit: 60; time-used: 1.0 (2%)
@!!already:false
@!!END

@!!BEGIN
@!!type:obligation
@!!id:87
@!!loc:263:46:263:50
@!!status:trivial
@!!prover:tlapm
@!!already:false
@!!END

@!!BEGIN
@!!type:obligation
@!!id:88
@!!loc:263:52:263:56
@!!status:trivial
@!!prover:tlapm
@!!already:false
@!!END

@!!BEGIN
@!!type:obligation
@!!id:89
@!!loc:263:58:263:62
@!!status:trivial
@!!prover:tlapm
@!!already:false
@!!END

@!!BEGIN
@!!type:obligation
@!!id:91
@!!loc:264:73:264:77
@!!status:trivial
@!!prover:tlapm
@!!already:false
@!!END

@!!BEGIN
@!!type:obligation
@!!id:92
@!!loc:264:79:264:83
@!!status:trivial
@!!prover:tlapm
@!!already:false
@!!END

@!!BEGIN
@!!type:obligation
@!!id:94
@!!loc:265:18:265:22
@!!status:trivial
@!!prover:tlapm
@!!already:false
@!!END

@!!BEGIN
@!!type:obligation
@!!id:95
@!!loc:265:24:265:28
@!!status:trivial
@!!prover:tlapm
@!!already:false
@!!END

@!!BEGIN
@!!type:obligation
@!!id:96
@!!loc:265:30:265:34
@!!status:trivial
@!!prover:tlapm
@!!already:false
@!!END

@!!BEGIN
@!!type:obligation
@!!id:97
@!!loc:265:36:265:40
@!!status:trivial
@!!prover:tlapm
@!!already:false
@!!END

@!!BEGIN
@!!type:obligation
@!!id:98
@!!loc:265:42:265:53
@!!status:trivial
@!!prover:tlapm
@!!already:false
@!!END

@!!BEGIN
@!!type:obligation
@!!id:93
@!!loc:265:15:265:17
@!!status:proved
@!!prover:smt
@!!meth:time-limit: 60; time-used: 0.6 (1%)
@!!already:false
@!!END

@!!BEGIN
@!!type:obligation
@!!id:90
@!!loc:264:70:264:72
@!!status:proved
@!!prover:smt
@!!meth:time-limit: 60; time-used: 0.9 (2%)
@!!already:false
@!!END

@!!BEGIN
@!!type:obligation
@!!id:86
@!!loc:263:43:263:45
@!!status:proved
@!!prover:smt
@!!meth:time-limit: 60; time-used: 1.4 (2%)
@!!already:false
@!!END

@!!BEGIN
@!!type:obligation
@!!id:100
@!!loc:266:18:266:22
@!!status:trivial
@!!prover:tlapm
@!!already:false
@!!END

@!!BEGIN
@!!type:obligation
@!!id:101
@!!loc:266:24:266:28
@!!status:trivial
@!!prover:tlapm
@!!already:false
@!!END

@!!BEGIN
@!!type:obligation
@!!id:102
@!!loc:266:30:266:34
@!!status:trivial
@!!prover:tlapm
@!!already:false
@!!END

@!!BEGIN
@!!type:obligation
@!!id:103
@!!loc:266:36:266:40
@!!status:trivial
@!!prover:tlapm
@!!already:false
@!!END

@!!BEGIN
@!!type:obligation
@!!id:104
@!!loc:266:42:266:46
@!!status:trivial
@!!prover:tlapm
@!!already:false
@!!END

@!!BEGIN
@!!type:obligation
@!!id:105
@!!loc:266:48:266:52
@!!status:trivial
@!!prover:tlapm
@!!already:false
@!!END

@!!BEGIN
@!!type:obligation
@!!id:107
@!!loc:267:50:267:54
@!!status:trivial
@!!prover:tlapm
@!!already:false
@!!END

@!!BEGIN
@!!type:obligation
@!!id:108
@!!loc:267:56:267:60
@!!status:trivial
@!!prover:tlapm
@!!already:false
@!!END

@!!BEGIN
@!!type:obligation
@!!id:109
@!!loc:267:62:267:66
@!!status:trivial
@!!prover:tlapm
@!!already:false
@!!END

@!!BEGIN
@!!type:obligation
@!!id:110
@!!loc:267:68:267:72
@!!status:trivial
@!!prover:tlapm
@!!already:false
@!!END

@!!BEGIN
@!!type:obligation
@!!id:112
@!!loc:268:76:268:80
@!!status:trivial
@!!prover:tlapm
@!!already:false
@!!END

@!!BEGIN
@!!type:obligation
@!!id:111
@!!loc:268:73:268:75
@!!status:proved
@!!prover:smt
@!!meth:time-limit: 60; time-used: 0.3 (1%)
@!!already:false
@!!END

@!!BEGIN
@!!type:obligation
@!!id:106
@!!loc:267:47:267:49
@!!status:proved
@!!prover:smt
@!!meth:time-limit: 60; time-used: 0.9 (1%)
@!!already:false
@!!END

@!!BEGIN
@!!type:obligation
@!!id:99
@!!loc:266:15:266:17
@!!status:proved
@!!prover:smt
@!!meth:time-limit: 60; time-used: 1.6 (3%)
@!!already:false
@!!END

@!!BEGIN
@!!type:obligation
@!!id:114
@!!loc:271:6:271:10
@!!status:trivial
@!!prover:tlapm
@!!already:false
@!!END

@!!BEGIN
@!!type:obligation
@!!id:115
@!!loc:271:12:271:16
@!!status:trivial
@!!prover:tlapm
@!!already:false
@!!END

@!!BEGIN
@!!type:obligation
@!!id:116
@!!loc:271:18:271:22
@!!status:trivial
@!!prover:tlapm
@!!already:false
@!!END

@!!BEGIN
@!!type:obligation
@!!id:117
@!!loc:271:24:271:28
@!!status:trivial
@!!prover:tlapm
@!!already:false
@!!END

@!!BEGIN
@!!type:obligation
@!!id:119
@!!loc:272:18:272:22
@!!status:trivial
@!!prover:tlapm
@!!already:false
@!!END

@!!BEGIN
@!!type:obligation
@!!id:120
@!!loc:272:24:272:28
@!!status:trivial
@!!prover:tlapm
@!!already:false
@!!END

@!!BEGIN
@!!type:obligation
@!!id:121
@!!loc:272:30:272:40
@!!status:trivial
@!!prover:tlapm
@!!already:false
@!!END

@!!BEGIN
@!!type:obligation
@!!id:122
@!!loc:301:10:301:12
@!!status:proved
@!!prover:smt
@!!meth:time-limit: 60
@!!already:true
@!!END

@!!BEGIN
@!!type:obligation
@!!id:123
@!!loc:301:13:301:17
@!!status:trivial
@!!prover:tlapm
@!!already:false
@!!END

@!!BEGIN
@!!type:obligation
@!!id:124
@!!loc:301:19:301:23
@!!status:trivial
@!!prover:tlapm
@!!already:false
@!!END

@!!BEGIN
@!!type:obligation
@!!id:125
@!!loc:301:25:301:29
@!!status:trivial
@!!prover:tlapm
@!!already:false
@!!END

@!!BEGIN
@!!type:obligation
@!!id:126
@!!loc:278:14:278:16
@!!status:proved
@!!prover:smt
@!!meth:time-limit: 60
@!!already:true
@!!END

@!!BEGIN
@!!type:obligation
@!!id:127
@!!loc:279:44:279:46
@!!status:proved
@!!prover:smt
@!!meth:time-limit: 60
@!!already:true
@!!END

@!!BEGIN
@!!type:obligation
@!!id:128
@!!loc:280:14:280:16
@!!status:proved
@!!prover:smt
@!!meth:time-limit: 60
@!!already:true
@!!END

@!!BEGIN
@!!type:obligation
@!!id:129
@!!loc:288:3:288:5
@!!status:proved
@!!prover:smt
@!!meth:time-limit: 60; time-used: 0.3 (1%)
@!!already:false
@!!END

@!!BEGIN
@!!type:obligation
@!!id:118
@!!loc:272:15:272:17
@!!status:proved
@!!prover:smt
@!!meth:time-limit: 60; time-used: 1.0 (2%)
@!!already:false
@!!END

@!!BEGIN
@!!type:obligation
@!!id:113
@!!loc:271:3:271:5
@!!status:proved
@!!prover:smt
@!!meth:time-limit: 60; time-used: 1.3 (2%)
@!!already:false
@!!END

@!!BEGIN
@!!type:obligation
@!!id:131
@!!loc:289:48:289:52
@!!status:trivial
@!!prover:tlapm
@!!already:false
@!!END

@!!BEGIN
@!!type:obligation
@!!id:132
@!!loc:289:54:289:58
@!!status:trivial
@!!prover:tlapm
@!!already:false
@!!END

@!!BEGIN
@!!type:obligation
@!!id:133
@!!loc:289:60:289:64
@!!status:trivial
@!!prover:tlapm
@!!already:false
@!!END

@!!BEGIN
@!!type:obligation
@!!id:135
@!!loc:291:6:291:10
@!!status:trivial
@!!prover:tlapm
@!!already:false
@!!END

@!!BEGIN
@!!type:obligation
@!!id:136
@!!loc:291:12:291:16
@!!status:trivial
@!!prover:tlapm
@!!already:false
@!!END

@!!BEGIN
@!!type:obligation
@!!id:137
@!!loc:291:18:291:22
@!!status:trivial
@!!prover:tlapm
@!!already:false
@!!END

@!!BEGIN
@!!type:obligation
@!!id:138
@!!loc:291:24:291:28
@!!status:trivial
@!!prover:tlapm
@!!already:false
@!!END

@!!BEGIN
@!!type:obligation
@!!id:140
@!!loc:292:76:292:80
@!!status:trivial
@!!prover:tlapm
@!!already:false
@!!END

@!!BEGIN
@!!type:obligation
@!!id:141
@!!loc:292:82:292:86
@!!status:trivial
@!!prover:tlapm
@!!already:false
@!!END

@!!BEGIN
@!!type:obligation
@!!id:139
@!!loc:292:73:292:75
@!!status:proved
@!!prover:smt
@!!meth:time-limit: 60; time-used: 0.3 (1%)
@!!already:false
@!!END

@!!BEGIN
@!!type:obligation
@!!id:134
@!!loc:291:3:291:5
@!!status:proved
@!!prover:smt
@!!meth:time-limit: 60; time-used: 0.9 (2%)
@!!already:false
@!!END

@!!BEGIN
@!!type:obligation
@!!id:130
@!!loc:289:45:289:47
@!!status:proved
@!!prover:smt
@!!meth:time-limit: 60; time-used: 1.5 (2%)
@!!already:false
@!!END

@!!BEGIN
@!!type:obligation
@!!id:143
@!!loc:293:18:293:22
@!!status:trivial
@!!prover:tlapm
@!!already:false
@!!END

@!!BEGIN
@!!type:obligation
@!!id:144
@!!loc:293:24:293:28
@!!status:trivial
@!!prover:tlapm
@!!already:false
@!!END

@!!BEGIN
@!!type:obligation
@!!id:145
@!!loc:293:30:293:34
@!!status:trivial
@!!prover:tlapm
@!!already:false
@!!END

@!!BEGIN
@!!type:obligation
@!!id:146
@!!loc:293:36:293:40
@!!status:trivial
@!!prover:tlapm
@!!already:false
@!!END

@!!BEGIN
@!!type:obligation
@!!id:147
@!!loc:293:42:293:53
@!!status:trivial
@!!prover:tlapm
@!!already:false
@!!END

@!!BEGIN
@!!type:obligation
@!!id:149
@!!loc:294:18:294:22
@!!status:trivial
@!!prover:tlapm
@!!already:false
@!!END

@!!BEGIN
@!!type:obligation
@!!id:150
@!!loc:294:24:294:28
@!!status:trivial
@!!prover:tlapm
@!!already:false
@!!END

@!!BEGIN
@!!type:obligation
@!!id:151
@!!loc:294:30:294:34
@!!status:trivial
@!!prover:tlapm
@!!already:false
@!!END

@!!BEGIN
@!!type:obligation
@!!id:152
@!!loc:294:36:294:40
@!!status:trivial
@!!prover:tlapm
@!!already:false
@!!END

@!!BEGIN
@!!type:obligation
@!!id:153
@!!loc:294:42:294:46
@!!status:trivial
@!!prover:tlapm
@!!already:false
@!!END

@!!BEGIN
@!!type:obligation
@!!id:154
@!!loc:294:48:294:52
@!!status:trivial
@!!prover:tlapm
@!!already:false
@!!END

@!!BEGIN
@!!type:obligation
@!!id:156
@!!loc:295:50:295:54
@!!status:trivial
@!!prover:tlapm
@!!already:false
@!!END

@!!BEGIN
@!!type:obligation
@!!id:157
@!!loc:295:56:295:60
@!!status:trivial
@!!prover:tlapm
@!!already:false
@!!END

@!!BEGIN
@!!type:obligation
@!!id:158
@!!loc:296:73:296:75
@!!status:proved
@!!prover:smt
@!!meth:time-limit: 60
@!!already:true
@!!END

@!!BEGIN
@!!type:obligation
@!!id:159
@!!loc:296:76:296:80
@!!status:trivial
@!!prover:tlapm
@!!already:false
@!!END

@!!BEGIN
@!!type:obligation
@!!id:155
@!!loc:295:47:295:49
@!!status:proved
@!!prover:smt
@!!meth:time-limit: 60; time-used: 0.5 (1%)
@!!already:false
@!!END

@!!BEGIN
@!!type:obligation
@!!id:148
@!!loc:294:15:294:17
@!!status:proved
@!!prover:smt
@!!meth:time-limit: 60; time-used: 1.2 (2%)
@!!already:false
@!!END

@!!BEGIN
@!!type:obligation
@!!id:142
@!!loc:293:15:293:17
@!!status:proved
@!!prover:smt
@!!meth:time-limit: 60; time-used: 1.8 (3%)
@!!already:false
@!!END

@!!BEGIN
@!!type:obligation
@!!id:161
@!!loc:299:6:299:10
@!!status:trivial
@!!prover:tlapm
@!!already:false
@!!END

@!!BEGIN
@!!type:obligation
@!!id:162
@!!loc:299:12:299:16
@!!status:trivial
@!!prover:tlapm
@!!already:false
@!!END

@!!BEGIN
@!!type:obligation
@!!id:163
@!!loc:299:18:299:22
@!!status:trivial
@!!prover:tlapm
@!!already:false
@!!END

@!!BEGIN
@!!type:obligation
@!!id:164
@!!loc:299:24:299:28
@!!status:trivial
@!!prover:tlapm
@!!already:false
@!!END

@!!BEGIN
@!!type:obligation
@!!id:165
@!!loc:300:15:300:17
@!!status:proved
@!!prover:smt
@!!meth:time-limit: 60
@!!already:true
@!!END

@!!BEGIN
@!!type:obligation
@!!id:166
@!!loc:300:18:300:22
@!!status:trivial
@!!prover:tlapm
@!!already:false
@!!END

@!!BEGIN
@!!type:obligation
@!!id:167
@!!loc:300:24:300:28
@!!status:trivial
@!!prover:tlapm
@!!already:false
@!!END

@!!BEGIN
@!!type:obligation
@!!id:168
@!!loc:300:30:300:40
@!!status:trivial
@!!prover:tlapm
@!!already:false
@!!END

@!!BEGIN
@!!type:obligation
@!!id:170
@!!loc:330:13:330:17
@!!status:trivial
@!!prover:tlapm
@!!already:false
@!!END

@!!BEGIN
@!!type:obligation
@!!id:171
@!!loc:330:19:330:23
@!!status:trivial
@!!prover:tlapm
@!!already:false
@!!END

@!!BEGIN
@!!type:obligation
@!!id:172
@!!loc:330:25:330:29
@!!status:trivial
@!!prover:tlapm
@!!already:false
@!!END

@!!BEGIN
@!!type:obligation
@!!id:173
@!!loc:306:14:306:16
@!!status:proved
@!!prover:smt
@!!meth:time-limit: 60; time-used: 0.1 (0%)
@!!already:false
@!!END

@!!BEGIN
@!!type:obligation
@!!id:169
@!!loc:330:10:330:12
@!!status:proved
@!!prover:smt
@!!meth:time-limit: 60; time-used: 0.4 (1%)
@!!already:false
@!!END

@!!BEGIN
@!!type:obligation
@!!id:160
@!!loc:299:3:299:5
@!!status:proved
@!!prover:smt
@!!meth:time-limit: 60; time-used: 1.0 (2%)
@!!already:false
@!!END

@!!BEGIN
@!!type:obligation
@!!id:177
@!!loc:309:23:309:35
@!!status:trivial
@!!prover:tlapm
@!!already:false
@!!END

@!!BEGIN
@!!type:obligation
@!!id:176
@!!loc:309:20:309:22
@!!status:proved
@!!prover:smt
@!!meth:time-limit: 60; time-used: 0.3 (0%)
@!!already:false
@!!END

@!!BEGIN
@!!type:obligation
@!!id:175
@!!loc:308:14:308:16
@!!status:proved
@!!prover:smt
@!!meth:time-limit: 60; time-used: 0.4 (1%)
@!!already:false
@!!END

@!!BEGIN
@!!type:obligation
@!!id:174
@!!loc:307:44:307:46
@!!status:proved
@!!prover:smt
@!!meth:time-limit: 60; time-used: 0.6 (1%)
@!!already:false
@!!END

@!!BEGIN
@!!type:obligation
@!!id:179
@!!loc:317:6:317:10
@!!status:trivial
@!!prover:tlapm
@!!already:false
@!!END

@!!BEGIN
@!!type:obligation
@!!id:181
@!!loc:318:50:318:54
@!!status:trivial
@!!prover:tlapm
@!!already:false
@!!END

@!!BEGIN
@!!type:obligation
@!!id:182
@!!loc:318:56:318:60
@!!status:trivial
@!!prover:tlapm
@!!already:false
@!!END

@!!BEGIN
@!!type:obligation
@!!id:183
@!!loc:318:62:318:66
@!!status:trivial
@!!prover:tlapm
@!!already:false
@!!END

@!!BEGIN
@!!type:obligation
@!!id:185
@!!loc:320:6:320:10
@!!status:trivial
@!!prover:tlapm
@!!already:false
@!!END

@!!BEGIN
@!!type:obligation
@!!id:186
@!!loc:320:12:320:16
@!!status:trivial
@!!prover:tlapm
@!!already:false
@!!END

@!!BEGIN
@!!type:obligation
@!!id:187
@!!loc:320:18:320:22
@!!status:trivial
@!!prover:tlapm
@!!already:false
@!!END

@!!BEGIN
@!!type:obligation
@!!id:188
@!!loc:320:24:320:28
@!!status:trivial
@!!prover:tlapm
@!!already:false
@!!END

@!!BEGIN
@!!type:obligation
@!!id:184
@!!loc:320:3:320:5
@!!status:proved
@!!prover:smt
@!!meth:time-limit: 60; time-used: 0.6 (1%)
@!!already:false
@!!END

@!!BEGIN
@!!type:obligation
@!!id:180
@!!loc:318:47:318:49
@!!status:proved
@!!prover:smt
@!!meth:time-limit: 60; time-used: 1.1 (2%)
@!!already:false
@!!END

@!!BEGIN
@!!type:obligation
@!!id:178
@!!loc:317:3:317:5
@!!status:proved
@!!prover:smt
@!!meth:time-limit: 60; time-used: 1.5 (2%)
@!!already:false
@!!END

@!!BEGIN
@!!type:obligation
@!!id:190
@!!loc:321:76:321:80
@!!status:trivial
@!!prover:tlapm
@!!already:false
@!!END

@!!BEGIN
@!!type:obligation
@!!id:191
@!!loc:321:82:321:86
@!!status:trivial
@!!prover:tlapm
@!!already:false
@!!END

@!!BEGIN
@!!type:obligation
@!!id:193
@!!loc:322:18:322:22
@!!status:trivial
@!!prover:tlapm
@!!already:false
@!!END

@!!BEGIN
@!!type:obligation
@!!id:194
@!!loc:322:24:322:28
@!!status:trivial
@!!prover:tlapm
@!!already:false
@!!END

@!!BEGIN
@!!type:obligation
@!!id:195
@!!loc:322:30:322:34
@!!status:trivial
@!!prover:tlapm
@!!already:false
@!!END

@!!BEGIN
@!!type:obligation
@!!id:196
@!!loc:322:36:322:40
@!!status:trivial
@!!prover:tlapm
@!!already:false
@!!END

@!!BEGIN
@!!type:obligation
@!!id:197
@!!loc:322:42:322:53
@!!status:trivial
@!!prover:tlapm
@!!already:false
@!!END

@!!BEGIN
@!!type:obligation
@!!id:199
@!!loc:323:18:323:22
@!!status:trivial
@!!prover:tlapm
@!!already:false
@!!END

@!!BEGIN
@!!type:obligation
@!!id:200
@!!loc:323:24:323:28
@!!status:trivial
@!!prover:tlapm
@!!already:false
@!!END

@!!BEGIN
@!!type:obligation
@!!id:201
@!!loc:323:30:323:34
@!!status:trivial
@!!prover:tlapm
@!!already:false
@!!END

@!!BEGIN
@!!type:obligation
@!!id:202
@!!loc:323:36:323:40
@!!status:trivial
@!!prover:tlapm
@!!already:false
@!!END

@!!BEGIN
@!!type:obligation
@!!id:203
@!!loc:323:42:323:46
@!!status:trivial
@!!prover:tlapm
@!!already:false
@!!END

@!!BEGIN
@!!type:obligation
@!!id:204
@!!loc:323:48:323:52
@!!status:trivial
@!!prover:tlapm
@!!already:false
@!!END

@!!BEGIN
@!!type:obligation
@!!id:198
@!!loc:323:15:323:17
@!!status:proved
@!!prover:smt
@!!meth:time-limit: 60; time-used: 0.7 (1%)
@!!already:false
@!!END

@!!BEGIN
@!!type:obligation
@!!id:192
@!!loc:322:15:322:17
@!!status:proved
@!!prover:smt
@!!meth:time-limit: 60; time-used: 1.3 (2%)
@!!already:false
@!!END

@!!BEGIN
@!!type:obligation
@!!id:189
@!!loc:321:73:321:75
@!!status:proved
@!!prover:smt
@!!meth:time-limit: 60; time-used: 1.7 (3%)
@!!already:false
@!!END

@!!BEGIN
@!!type:obligation
@!!id:206
@!!loc:324:50:324:54
@!!status:trivial
@!!prover:tlapm
@!!already:false
@!!END

@!!BEGIN
@!!type:obligation
@!!id:207
@!!loc:324:56:324:60
@!!status:trivial
@!!prover:tlapm
@!!already:false
@!!END

@!!BEGIN
@!!type:obligation
@!!id:209
@!!loc:325:76:325:80
@!!status:trivial
@!!prover:tlapm
@!!already:false
@!!END

@!!BEGIN
@!!type:obligation
@!!id:211
@!!loc:328:6:328:10
@!!status:trivial
@!!prover:tlapm
@!!already:false
@!!END

@!!BEGIN
@!!type:obligation
@!!id:212
@!!loc:328:12:328:16
@!!status:trivial
@!!prover:tlapm
@!!already:false
@!!END

@!!BEGIN
@!!type:obligation
@!!id:213
@!!loc:328:18:328:22
@!!status:trivial
@!!prover:tlapm
@!!already:false
@!!END

@!!BEGIN
@!!type:obligation
@!!id:214
@!!loc:328:24:328:28
@!!status:trivial
@!!prover:tlapm
@!!already:false
@!!END

@!!BEGIN
@!!type:obligation
@!!id:210
@!!loc:328:3:328:5
@!!status:proved
@!!prover:smt
@!!meth:time-limit: 60; time-used: 0.4 (1%)
@!!already:false
@!!END

@!!BEGIN
@!!type:obligation
@!!id:208
@!!loc:325:73:325:75
@!!status:proved
@!!prover:smt
@!!meth:time-limit: 60; time-used: 0.8 (1%)
@!!already:false
@!!END

@!!BEGIN
@!!type:obligation
@!!id:205
@!!loc:324:47:324:49
@!!status:proved
@!!prover:smt
@!!meth:time-limit: 60; time-used: 1.1 (2%)
@!!already:false
@!!END

@!!BEGIN
@!!type:obligation
@!!id:216
@!!loc:329:18:329:22
@!!status:trivial
@!!prover:tlapm
@!!already:false
@!!END

@!!BEGIN
@!!type:obligation
@!!id:217
@!!loc:329:24:329:28
@!!status:trivial
@!!prover:tlapm
@!!already:false
@!!END

@!!BEGIN
@!!type:obligation
@!!id:218
@!!loc:329:30:329:40
@!!status:trivial
@!!prover:tlapm
@!!already:false
@!!END

@!!BEGIN
@!!type:obligation
@!!id:220
@!!loc:363:10:363:12
@!!status:proved
@!!prover:smt
@!!meth:time-limit: 60
@!!already:true
@!!END

@!!BEGIN
@!!type:obligation
@!!id:221
@!!loc:363:13:363:17
@!!status:trivial
@!!prover:tlapm
@!!already:false
@!!END

@!!BEGIN
@!!type:obligation
@!!id:222
@!!loc:363:19:363:23
@!!status:trivial
@!!prover:tlapm
@!!already:false
@!!END

@!!BEGIN
@!!type:obligation
@!!id:223
@!!loc:363:25:363:29
@!!status:trivial
@!!prover:tlapm
@!!already:false
@!!END

@!!BEGIN
@!!type:obligation
@!!id:224
@!!loc:341:14:341:16
@!!status:proved
@!!prover:smt
@!!meth:time-limit: 60
@!!already:true
@!!END

@!!BEGIN
@!!type:obligation
@!!id:225
@!!loc:342:44:342:46
@!!status:proved
@!!prover:smt
@!!meth:time-limit: 60
@!!already:true
@!!END

@!!BEGIN
@!!type:obligation
@!!id:226
@!!loc:343:14:343:16
@!!status:proved
@!!prover:smt
@!!meth:time-limit: 60
@!!already:true
@!!END

@!!BEGIN
@!!type:obligation
@!!id:227
@!!loc:350:3:350:5
@!!status:proved
@!!prover:smt
@!!meth:time-limit: 60; time-used: 0.3 (0%)
@!!already:false
@!!END

@!!BEGIN
@!!type:obligation
@!!id:219
@!!loc:336:1:336:3
@!!status:proved
@!!prover:smt
@!!meth:time-limit: 60; time-used: 0.8 (1%)
@!!already:false
@!!END

@!!BEGIN
@!!type:obligation
@!!id:215
@!!loc:329:15:329:17
@!!status:proved
@!!prover:smt
@!!meth:time-limit: 60; time-used: 1.2 (2%)
@!!already:false
@!!END

@!!BEGIN
@!!type:obligation
@!!id:229
@!!loc:351:50:351:54
@!!status:trivial
@!!prover:tlapm
@!!already:false
@!!END

@!!BEGIN
@!!type:obligation
@!!id:230
@!!loc:351:56:351:60
@!!status:trivial
@!!prover:tlapm
@!!already:false
@!!END

@!!BEGIN
@!!type:obligation
@!!id:231
@!!loc:351:62:351:66
@!!status:trivial
@!!prover:tlapm
@!!already:false
@!!END

@!!BEGIN
@!!type:obligation
@!!id:233
@!!loc:353:6:353:10
@!!status:trivial
@!!prover:tlapm
@!!already:false
@!!END

@!!BEGIN
@!!type:obligation
@!!id:234
@!!loc:353:12:353:16
@!!status:trivial
@!!prover:tlapm
@!!already:false
@!!END

@!!BEGIN
@!!type:obligation
@!!id:235
@!!loc:353:18:353:22
@!!status:trivial
@!!prover:tlapm
@!!already:false
@!!END

@!!BEGIN
@!!type:obligation
@!!id:236
@!!loc:353:24:353:28
@!!status:trivial
@!!prover:tlapm
@!!already:false
@!!END

@!!BEGIN
@!!type:obligation
@!!id:238
@!!loc:354:76:354:80
@!!status:trivial
@!!prover:tlapm
@!!already:false
@!!END

@!!BEGIN
@!!type:obligation
@!!id:239
@!!loc:354:82:354:86
@!!status:trivial
@!!prover:tlapm
@!!already:false
@!!END

@!!BEGIN
@!!type:obligation
@!!id:237
@!!loc:354:73:354:75
@!!status:proved
@!!prover:smt
@!!meth:time-limit: 60; time-used: 0.4 (1%)
@!!already:false
@!!END

@!!BEGIN
@!!type:obligation
@!!id:232
@!!loc:353:3:353:5
@!!status:proved
@!!prover:smt
@!!meth:time-limit: 60; time-used: 0.9 (2%)
@!!already:false
@!!END

@!!BEGIN
@!!type:obligation
@!!id:228
@!!loc:351:47:351:49
@!!status:proved
@!!prover:smt
@!!meth:time-limit: 60; time-used: 1.5 (3%)
@!!already:false
@!!END

@!!BEGIN
@!!type:obligation
@!!id:241
@!!loc:355:18:355:22
@!!status:trivial
@!!prover:tlapm
@!!already:false
@!!END

@!!BEGIN
@!!type:obligation
@!!id:242
@!!loc:355:24:355:28
@!!status:trivial
@!!prover:tlapm
@!!already:false
@!!END

@!!BEGIN
@!!type:obligation
@!!id:243
@!!loc:355:30:355:34
@!!status:trivial
@!!prover:tlapm
@!!already:false
@!!END

@!!BEGIN
@!!type:obligation
@!!id:244
@!!loc:355:36:355:40
@!!status:trivial
@!!prover:tlapm
@!!already:false
@!!END

@!!BEGIN
@!!type:obligation
@!!id:245
@!!loc:355:42:355:53
@!!status:trivial
@!!prover:tlapm
@!!already:false
@!!END

@!!BEGIN
@!!type:obligation
@!!id:247
@!!loc:356:18:356:22
@!!status:trivial
@!!prover:tlapm
@!!already:false
@!!END

@!!BEGIN
@!!type:obligation
@!!id:248
@!!loc:356:24:356:28
@!!status:trivial
@!!prover:tlapm
@!!already:false
@!!END

@!!BEGIN
@!!type:obligation
@!!id:249
@!!loc:356:30:356:34
@!!status:trivial
@!!prover:tlapm
@!!already:false
@!!END

@!!BEGIN
@!!type:obligation
@!!id:250
@!!loc:356:36:356:40
@!!status:trivial
@!!prover:tlapm
@!!already:false
@!!END

@!!BEGIN
@!!type:obligation
@!!id:251
@!!loc:356:42:356:46
@!!status:trivial
@!!prover:tlapm
@!!already:false
@!!END

@!!BEGIN
@!!type:obligation
@!!id:252
@!!loc:356:48:356:52
@!!status:trivial
@!!prover:tlapm
@!!already:false
@!!END

@!!BEGIN
@!!type:obligation
@!!id:254
@!!loc:357:50:357:54
@!!status:trivial
@!!prover:tlapm
@!!already:false
@!!END

@!!BEGIN
@!!type:obligation
@!!id:255
@!!loc:357:56:357:60
@!!status:trivial
@!!prover:tlapm
@!!already:false
@!!END

@!!BEGIN
@!!type:obligation
@!!id:256
@!!loc:358:73:358:75
@!!status:proved
@!!prover:smt
@!!meth:time-limit: 60
@!!already:true
@!!END

@!!BEGIN
@!!type:obligation
@!!id:257
@!!loc:358:76:358:80
@!!status:trivial
@!!prover:tlapm
@!!already:false
@!!END

@!!BEGIN
@!!type:obligation
@!!id:253
@!!loc:357:47:357:49
@!!status:proved
@!!prover:smt
@!!meth:time-limit: 60; time-used: 0.5 (1%)
@!!already:false
@!!END

@!!BEGIN
@!!type:obligation
@!!id:246
@!!loc:356:15:356:17
@!!status:proved
@!!prover:smt
@!!meth:time-limit: 60; time-used: 1.2 (2%)
@!!already:false
@!!END

@!!BEGIN
@!!type:obligation
@!!id:240
@!!loc:355:15:355:17
@!!status:proved
@!!prover:smt
@!!meth:time-limit: 60; time-used: 1.8 (3%)
@!!already:false
@!!END

@!!BEGIN
@!!type:obligation
@!!id:259
@!!loc:361:6:361:10
@!!status:trivial
@!!prover:tlapm
@!!already:false
@!!END

@!!BEGIN
@!!type:obligation
@!!id:260
@!!loc:361:12:361:16
@!!status:trivial
@!!prover:tlapm
@!!already:false
@!!END

@!!BEGIN
@!!type:obligation
@!!id:261
@!!loc:361:18:361:22
@!!status:trivial
@!!prover:tlapm
@!!already:false
@!!END

@!!BEGIN
@!!type:obligation
@!!id:262
@!!loc:361:24:361:28
@!!status:trivial
@!!prover:tlapm
@!!already:false
@!!END

@!!BEGIN
@!!type:obligation
@!!id:263
@!!loc:362:15:362:17
@!!status:proved
@!!prover:smt
@!!meth:time-limit: 60
@!!already:true
@!!END

@!!BEGIN
@!!type:obligation
@!!id:264
@!!loc:362:18:362:22
@!!status:trivial
@!!prover:tlapm
@!!already:false
@!!END

@!!BEGIN
@!!type:obligation
@!!id:265
@!!loc:362:24:362:28
@!!status:trivial
@!!prover:tlapm
@!!already:false
@!!END

@!!BEGIN
@!!type:obligation
@!!id:266
@!!loc:362:30:362:40
@!!status:trivial
@!!prover:tlapm
@!!already:false
@!!END

@!!BEGIN
@!!type:obligation
@!!id:268
@!!loc:408:13:408:17
@!!status:trivial
@!!prover:tlapm
@!!already:false
@!!END

@!!BEGIN
@!!type:obligation
@!!id:269
@!!loc:408:19:408:23
@!!status:trivial
@!!prover:tlapm
@!!already:false
@!!END

@!!BEGIN
@!!type:obligation
@!!id:270
@!!loc:408:25:408:30
@!!status:trivial
@!!prover:tlapm
@!!already:false
@!!END

@!!BEGIN
@!!type:obligation
@!!id:271
@!!loc:371:14:371:16
@!!status:proved
@!!prover:smt
@!!meth:time-limit: 60; time-used: 0.1 (0%)
@!!already:false
@!!END

@!!BEGIN
@!!type:obligation
@!!id:267
@!!loc:408:10:408:12
@!!status:proved
@!!prover:smt
@!!meth:time-limit: 60; time-used: 0.5 (1%)
@!!already:false
@!!END

@!!BEGIN
@!!type:obligation
@!!id:258
@!!loc:361:3:361:5
@!!status:proved
@!!prover:smt
@!!meth:time-limit: 60; time-used: 1.1 (2%)
@!!already:false
@!!END

@!!BEGIN
@!!type:obligation
@!!id:275
@!!loc:374:26:374:30
@!!status:trivial
@!!prover:tlapm
@!!already:false
@!!END

@!!BEGIN
@!!type:obligation
@!!id:274
@!!loc:374:23:374:25
@!!status:proved
@!!prover:smt
@!!meth:time-limit: 60; time-used: 0.4 (1%)
@!!already:false
@!!END

@!!BEGIN
@!!type:obligation
@!!id:273
@!!loc:373:14:373:16
@!!status:proved
@!!prover:smt
@!!meth:time-limit: 60; time-used: 0.6 (1%)
@!!already:false
@!!END

@!!BEGIN
@!!type:obligation
@!!id:272
@!!loc:372:44:372:46
@!!status:proved
@!!prover:smt
@!!meth:time-limit: 60; time-used: 0.7 (1%)
@!!already:false
@!!END

@!!BEGIN
@!!type:obligation
@!!id:278
@!!loc:383:57:383:61
@!!status:trivial
@!!prover:tlapm
@!!already:false
@!!END

@!!BEGIN
@!!type:obligation
@!!id:279
@!!loc:383:63:383:67
@!!status:trivial
@!!prover:tlapm
@!!already:false
@!!END

@!!BEGIN
@!!type:obligation
@!!id:280
@!!loc:383:69:383:73
@!!status:trivial
@!!prover:tlapm
@!!already:false
@!!END

@!!BEGIN
@!!type:obligation
@!!id:281
@!!loc:383:75:383:85
@!!status:trivial
@!!prover:tlapm
@!!already:false
@!!END

@!!BEGIN
@!!type:obligation
@!!id:277
@!!loc:383:54:383:56
@!!status:proved
@!!prover:smt
@!!meth:time-limit: 60; time-used: 3.1 (5%)
@!!already:false
@!!END

@!!BEGIN
@!!type:obligation
@!!id:276
@!!loc:382:3:382:5
@!!status:proved
@!!prover:smt
@!!meth:time-limit: 60; time-used: 3.3 (6%)
@!!already:false
@!!END

@!!BEGIN
@!!type:obligation
@!!id:283
@!!loc:385:6:385:10
@!!status:trivial
@!!prover:tlapm
@!!already:false
@!!END

@!!BEGIN
@!!type:obligation
@!!id:284
@!!loc:385:12:385:16
@!!status:trivial
@!!prover:tlapm
@!!already:false
@!!END

@!!BEGIN
@!!type:obligation
@!!id:285
@!!loc:385:18:385:30
@!!status:trivial
@!!prover:tlapm
@!!already:false
@!!END

@!!BEGIN
@!!type:obligation
@!!id:286
@!!loc:385:32:385:41
@!!status:trivial
@!!prover:tlapm
@!!already:false
@!!END

@!!BEGIN
@!!type:obligation
@!!id:282
@!!loc:385:3:385:5
@!!status:proved
@!!prover:smt
@!!meth:time-limit: 60; time-used: 3.1 (5%)
@!!already:false
@!!END

@!!BEGIN
@!!type:obligation
@!!id:288
@!!loc:387:6:387:10
@!!status:trivial
@!!prover:tlapm
@!!already:false
@!!END

@!!BEGIN
@!!type:obligation
@!!id:289
@!!loc:387:12:387:16
@!!status:trivial
@!!prover:tlapm
@!!already:false
@!!END

@!!BEGIN
@!!type:obligation
@!!id:290
@!!loc:387:18:387:30
@!!status:trivial
@!!prover:tlapm
@!!already:false
@!!END

@!!BEGIN
@!!type:obligation
@!!id:287
@!!loc:387:3:387:5
@!!status:proved
@!!prover:smt
@!!meth:time-limit: 60; time-used: 3.9 (7%)
@!!already:false
@!!END

@!!BEGIN
@!!type:obligation
@!!id:292
@!!loc:388:33:388:37
@!!status:trivial
@!!prover:tlapm
@!!already:false
@!!END

@!!BEGIN
@!!type:obligation
@!!id:293
@!!loc:388:39:388:43
@!!status:trivial
@!!prover:tlapm
@!!already:false
@!!END

@!!BEGIN
@!!type:obligation
@!!id:294
@!!loc:388:45:388:50
@!!status:trivial
@!!prover:tlapm
@!!already:false
@!!END

@!!BEGIN
@!!type:obligation
@!!id:295
@!!loc:388:52:388:57
@!!status:trivial
@!!prover:tlapm
@!!already:false
@!!END

@!!BEGIN
@!!type:obligation
@!!id:296
@!!loc:388:59:388:71
@!!status:trivial
@!!prover:tlapm
@!!already:false
@!!END

@!!BEGIN
@!!type:obligation
@!!id:298
@!!loc:390:6:390:10
@!!status:trivial
@!!prover:tlapm
@!!already:false
@!!END

@!!BEGIN
@!!type:obligation
@!!id:299
@!!loc:390:12:390:16
@!!status:trivial
@!!prover:tlapm
@!!already:false
@!!END

@!!BEGIN
@!!type:obligation
@!!id:300
@!!loc:390:18:390:22
@!!status:trivial
@!!prover:tlapm
@!!already:false
@!!END

@!!BEGIN
@!!type:obligation
@!!id:301
@!!loc:390:24:390:32
@!!status:trivial
@!!prover:tlapm
@!!already:false
@!!END

@!!BEGIN
@!!type:obligation
@!!id:297
@!!loc:390:3:390:5
@!!status:proved
@!!prover:smt
@!!meth:time-limit: 60; time-used: 3.4 (6%)
@!!already:false
@!!END

@!!BEGIN
@!!type:obligation
@!!id:291
@!!loc:388:30:388:32
@!!status:proved
@!!prover:smt
@!!meth:time-limit: 60; time-used: 3.9 (7%)
@!!already:false
@!!END

@!!BEGIN
@!!type:obligation
@!!id:303
@!!loc:391:46:391:50
@!!status:trivial
@!!prover:tlapm
@!!already:false
@!!END

@!!BEGIN
@!!type:obligation
@!!id:304
@!!loc:391:52:391:56
@!!status:trivial
@!!prover:tlapm
@!!already:false
@!!END

@!!BEGIN
@!!type:obligation
@!!id:305
@!!loc:391:58:391:62
@!!status:trivial
@!!prover:tlapm
@!!already:false
@!!END

@!!BEGIN
@!!type:obligation
@!!id:306
@!!loc:391:64:391:68
@!!status:trivial
@!!prover:tlapm
@!!already:false
@!!END

@!!BEGIN
@!!type:obligation
@!!id:307
@!!loc:391:70:391:82
@!!status:trivial
@!!prover:tlapm
@!!already:false
@!!END

@!!BEGIN
@!!type:obligation
@!!id:309
@!!loc:392:43:392:47
@!!status:trivial
@!!prover:tlapm
@!!already:false
@!!END

@!!BEGIN
@!!type:obligation
@!!id:310
@!!loc:392:49:392:53
@!!status:trivial
@!!prover:tlapm
@!!already:false
@!!END

@!!BEGIN
@!!type:obligation
@!!id:312
@!!loc:393:18:393:22
@!!status:trivial
@!!prover:tlapm
@!!already:false
@!!END

@!!BEGIN
@!!type:obligation
@!!id:313
@!!loc:393:24:393:28
@!!status:trivial
@!!prover:tlapm
@!!already:false
@!!END

@!!BEGIN
@!!type:obligation
@!!id:314
@!!loc:393:30:393:34
@!!status:trivial
@!!prover:tlapm
@!!already:false
@!!END

@!!BEGIN
@!!type:obligation
@!!id:315
@!!loc:393:36:393:40
@!!status:trivial
@!!prover:tlapm
@!!already:false
@!!END

@!!BEGIN
@!!type:obligation
@!!id:316
@!!loc:393:42:393:46
@!!status:trivial
@!!prover:tlapm
@!!already:false
@!!END

@!!BEGIN
@!!type:obligation
@!!id:317
@!!loc:393:48:393:59
@!!status:trivial
@!!prover:tlapm
@!!already:false
@!!END

@!!BEGIN
@!!type:obligation
@!!id:311
@!!loc:393:15:393:17
@!!status:proved
@!!prover:smt
@!!meth:time-limit: 60; time-used: 0.7 (1%)
@!!already:false
@!!END

@!!BEGIN
@!!type:obligation
@!!id:308
@!!loc:392:40:392:42
@!!status:proved
@!!prover:smt
@!!meth:time-limit: 60; time-used: 1.1 (2%)
@!!already:false
@!!END

@!!BEGIN
@!!type:obligation
@!!id:302
@!!loc:391:43:391:45
@!!status:proved
@!!prover:smt
@!!meth:time-limit: 60; time-used: 1.8 (3%)
@!!already:false
@!!END

@!!BEGIN
@!!type:obligation
@!!id:319
@!!loc:394:18:394:22
@!!status:trivial
@!!prover:tlapm
@!!already:false
@!!END

@!!BEGIN
@!!type:obligation
@!!id:320
@!!loc:394:24:394:28
@!!status:trivial
@!!prover:tlapm
@!!already:false
@!!END

@!!BEGIN
@!!type:obligation
@!!id:321
@!!loc:394:30:394:34
@!!status:trivial
@!!prover:tlapm
@!!already:false
@!!END

@!!BEGIN
@!!type:obligation
@!!id:322
@!!loc:394:36:394:40
@!!status:trivial
@!!prover:tlapm
@!!already:false
@!!END

@!!BEGIN
@!!type:obligation
@!!id:323
@!!loc:394:42:394:46
@!!status:trivial
@!!prover:tlapm
@!!already:false
@!!END

@!!BEGIN
@!!type:obligation
@!!id:324
@!!loc:394:48:394:52
@!!status:trivial
@!!prover:tlapm
@!!already:false
@!!END

@!!BEGIN
@!!type:obligation
@!!id:326
@!!loc:395:50:395:54
@!!status:trivial
@!!prover:tlapm
@!!already:false
@!!END

@!!BEGIN
@!!type:obligation
@!!id:327
@!!loc:395:56:395:60
@!!status:trivial
@!!prover:tlapm
@!!already:false
@!!END

@!!BEGIN
@!!type:obligation
@!!id:328
@!!loc:395:62:395:66
@!!status:trivial
@!!prover:tlapm
@!!already:false
@!!END

@!!BEGIN
@!!type:obligation
@!!id:329
@!!loc:395:68:395:72
@!!status:trivial
@!!prover:tlapm
@!!already:false
@!!END

@!!BEGIN
@!!type:obligation
@!!id:331
@!!loc:404:15:404:19
@!!status:trivial
@!!prover:tlapm
@!!already:false
@!!END

@!!BEGIN
@!!type:obligation
@!!id:332
@!!loc:404:21:404:25
@!!status:trivial
@!!prover:tlapm
@!!already:false
@!!END

@!!BEGIN
@!!type:obligation
@!!id:333
@!!loc:404:27:404:31
@!!status:trivial
@!!prover:tlapm
@!!already:false
@!!END

@!!BEGIN
@!!type:obligation
@!!id:330
@!!loc:404:12:404:14
@!!status:proved
@!!prover:smt
@!!meth:time-limit: 60; time-used: 3.4 (6%)
@!!already:false
@!!END

@!!BEGIN
@!!type:obligation
@!!id:325
@!!loc:395:47:395:49
@!!status:proved
@!!prover:smt
@!!meth:time-limit: 60; time-used: 3.9 (7%)
@!!already:false
@!!END

@!!BEGIN
@!!type:obligation
@!!id:318
@!!loc:394:15:394:17
@!!status:proved
@!!prover:smt
@!!meth:time-limit: 60; time-used: 4.7 (8%)
@!!already:false
@!!END

@!!BEGIN
@!!type:obligation
@!!id:335
@!!loc:399:8:399:12
@!!status:trivial
@!!prover:tlapm
@!!already:false
@!!END

@!!BEGIN
@!!type:obligation
@!!id:336
@!!loc:399:14:399:18
@!!status:trivial
@!!prover:tlapm
@!!already:false
@!!END

@!!BEGIN
@!!type:obligation
@!!id:337
@!!loc:399:20:399:24
@!!status:trivial
@!!prover:tlapm
@!!already:false
@!!END

@!!BEGIN
@!!type:obligation
@!!id:338
@!!loc:399:26:399:30
@!!status:trivial
@!!prover:tlapm
@!!already:false
@!!END

@!!BEGIN
@!!type:obligation
@!!id:339
@!!loc:399:32:399:44
@!!status:trivial
@!!prover:tlapm
@!!already:false
@!!END

@!!BEGIN
@!!type:obligation
@!!id:342
@!!loc:403:61:403:65
@!!status:trivial
@!!prover:tlapm
@!!already:false
@!!END

@!!BEGIN
@!!type:obligation
@!!id:343
@!!loc:403:67:403:71
@!!status:trivial
@!!prover:tlapm
@!!already:false
@!!END

@!!BEGIN
@!!type:obligation
@!!id:341
@!!loc:403:58:403:60
@!!status:proved
@!!prover:smt
@!!meth:time-limit: 60; time-used: 0.4 (1%)
@!!already:false
@!!END

@!!BEGIN
@!!type:obligation
@!!id:340
@!!loc:402:5:402:7
@!!status:proved
@!!prover:smt
@!!meth:time-limit: 60; time-used: 0.7 (1%)
@!!already:false
@!!END

@!!BEGIN
@!!type:obligation
@!!id:334
@!!loc:399:5:399:7
@!!status:proved
@!!prover:smt
@!!meth:time-limit: 60; time-used: 2.9 (5%)
@!!already:false
@!!END

@!!BEGIN
@!!type:obligation
@!!id:345
@!!loc:406:6:406:10
@!!status:trivial
@!!prover:tlapm
@!!already:false
@!!END

@!!BEGIN
@!!type:obligation
@!!id:346
@!!loc:406:12:406:16
@!!status:trivial
@!!prover:tlapm
@!!already:false
@!!END

@!!BEGIN
@!!type:obligation
@!!id:348
@!!loc:407:19:407:23
@!!status:trivial
@!!prover:tlapm
@!!already:false
@!!END

@!!BEGIN
@!!type:obligation
@!!id:349
@!!loc:407:25:407:29
@!!status:trivial
@!!prover:tlapm
@!!already:false
@!!END

@!!BEGIN
@!!type:obligation
@!!id:350
@!!loc:407:31:407:36
@!!status:trivial
@!!prover:tlapm
@!!already:false
@!!END

@!!BEGIN
@!!type:obligation
@!!id:351
@!!loc:407:38:407:43
@!!status:trivial
@!!prover:tlapm
@!!already:false
@!!END

@!!BEGIN
@!!type:obligation
@!!id:352
@!!loc:407:45:407:56
@!!status:trivial
@!!prover:tlapm
@!!already:false
@!!END

@!!BEGIN
@!!type:obligation
@!!id:353
@!!loc:440:10:440:12
@!!status:proved
@!!prover:smt
@!!meth:time-limit: 60
@!!already:true
@!!END

@!!BEGIN
@!!type:obligation
@!!id:354
@!!loc:440:13:440:17
@!!status:trivial
@!!prover:tlapm
@!!already:false
@!!END

@!!BEGIN
@!!type:obligation
@!!id:355
@!!loc:440:19:440:23
@!!status:trivial
@!!prover:tlapm
@!!already:false
@!!END

@!!BEGIN
@!!type:obligation
@!!id:356
@!!loc:440:25:440:30
@!!status:trivial
@!!prover:tlapm
@!!already:false
@!!END

@!!BEGIN
@!!type:obligation
@!!id:357
@!!loc:413:14:413:16
@!!status:proved
@!!prover:smt
@!!meth:time-limit: 60
@!!already:true
@!!END

@!!BEGIN
@!!type:obligation
@!!id:358
@!!loc:414:44:414:46
@!!status:proved
@!!prover:smt
@!!meth:time-limit: 60
@!!already:true
@!!END

@!!BEGIN
@!!type:obligation
@!!id:359
@!!loc:415:14:415:16
@!!status:proved
@!!prover:smt
@!!meth:time-limit: 60
@!!already:true
@!!END

@!!BEGIN
@!!type:obligation
@!!id:360
@!!loc:416:23:416:25
@!!status:proved
@!!prover:smt
@!!meth:time-limit: 60
@!!already:true
@!!END

@!!BEGIN
@!!type:obligation
@!!id:361
@!!loc:416:26:416:30
@!!status:trivial
@!!prover:tlapm
@!!already:false
@!!END

@!!BEGIN
@!!type:obligation
@!!id:362
@!!loc:420:3:420:5
@!!status:proved
@!!prover:smt
@!!meth:time-limit: 60; time-used: 2.9 (5%)
@!!already:false
@!!END

@!!BEGIN
@!!type:obligation
@!!id:347
@!!loc:407:16:407:18
@!!status:proved
@!!prover:smt
@!!meth:time-limit: 60; time-used: 3.7 (6%)
@!!already:false
@!!END

@!!BEGIN
@!!type:obligation
@!!id:344
@!!loc:406:3:406:5
@!!status:proved
@!!prover:smt
@!!meth:time-limit: 60; time-used: 4.0 (7%)
@!!already:false
@!!END

@!!BEGIN
@!!type:obligation
@!!id:364
@!!loc:421:69:421:73
@!!status:trivial
@!!prover:tlapm
@!!already:false
@!!END

@!!BEGIN
@!!type:obligation
@!!id:365
@!!loc:421:75:421:87
@!!status:trivial
@!!prover:tlapm
@!!already:false
@!!END

@!!BEGIN
@!!type:obligation
@!!id:366
@!!loc:421:89:421:98
@!!status:trivial
@!!prover:tlapm
@!!already:false
@!!END

@!!BEGIN
@!!type:obligation
@!!id:363
@!!loc:421:66:421:68
@!!status:proved
@!!prover:smt
@!!meth:time-limit: 60; time-used: 4.0 (7%)
@!!already:false
@!!END

@!!BEGIN
@!!type:obligation
@!!id:368
@!!loc:422:35:422:39
@!!status:trivial
@!!prover:tlapm
@!!already:false
@!!END

@!!BEGIN
@!!type:obligation
@!!id:369
@!!loc:422:41:422:45
@!!status:trivial
@!!prover:tlapm
@!!already:false
@!!END

@!!BEGIN
@!!type:obligation
@!!id:370
@!!loc:422:47:422:59
@!!status:trivial
@!!prover:tlapm
@!!already:false
@!!END

@!!BEGIN
@!!type:obligation
@!!id:372
@!!loc:424:6:424:10
@!!status:trivial
@!!prover:tlapm
@!!already:false
@!!END

@!!BEGIN
@!!type:obligation
@!!id:373
@!!loc:424:12:424:16
@!!status:trivial
@!!prover:tlapm
@!!already:false
@!!END

@!!BEGIN
@!!type:obligation
@!!id:374
@!!loc:424:18:424:22
@!!status:trivial
@!!prover:tlapm
@!!already:false
@!!END

@!!BEGIN
@!!type:obligation
@!!id:375
@!!loc:424:24:424:32
@!!status:trivial
@!!prover:tlapm
@!!already:false
@!!END

@!!BEGIN
@!!type:obligation
@!!id:377
@!!loc:425:18:425:22
@!!status:trivial
@!!prover:tlapm
@!!already:false
@!!END

@!!BEGIN
@!!type:obligation
@!!id:378
@!!loc:425:24:425:28
@!!status:trivial
@!!prover:tlapm
@!!already:false
@!!END

@!!BEGIN
@!!type:obligation
@!!id:379
@!!loc:425:30:425:34
@!!status:trivial
@!!prover:tlapm
@!!already:false
@!!END

@!!BEGIN
@!!type:obligation
@!!id:380
@!!loc:425:36:425:47
@!!status:trivial
@!!prover:tlapm
@!!already:false
@!!END

@!!BEGIN
@!!type:obligation
@!!id:376
@!!loc:425:15:425:17
@!!status:proved
@!!prover:smt
@!!meth:time-limit: 60; time-used: 0.5 (1%)
@!!already:false
@!!END

@!!BEGIN
@!!type:obligation
@!!id:371
@!!loc:424:3:424:5
@!!status:proved
@!!prover:smt
@!!meth:time-limit: 60; time-used: 1.1 (2%)
@!!already:false
@!!END

@!!BEGIN
@!!type:obligation
@!!id:367
@!!loc:422:32:422:34
@!!status:proved
@!!prover:smt
@!!meth:time-limit: 60; time-used: 1.4 (2%)
@!!already:false
@!!END

@!!BEGIN
@!!type:obligation
@!!id:382
@!!loc:426:18:426:22
@!!status:trivial
@!!prover:tlapm
@!!already:false
@!!END

@!!BEGIN
@!!type:obligation
@!!id:383
@!!loc:426:24:426:28
@!!status:trivial
@!!prover:tlapm
@!!already:false
@!!END

@!!BEGIN
@!!type:obligation
@!!id:384
@!!loc:426:30:426:34
@!!status:trivial
@!!prover:tlapm
@!!already:false
@!!END

@!!BEGIN
@!!type:obligation
@!!id:385
@!!loc:426:36:426:40
@!!status:trivial
@!!prover:tlapm
@!!already:false
@!!END

@!!BEGIN
@!!type:obligation
@!!id:387
@!!loc:427:50:427:54
@!!status:trivial
@!!prover:tlapm
@!!already:false
@!!END

@!!BEGIN
@!!type:obligation
@!!id:388
@!!loc:427:56:427:60
@!!status:trivial
@!!prover:tlapm
@!!already:false
@!!END

@!!BEGIN
@!!type:obligation
@!!id:390
@!!loc:436:15:436:19
@!!status:trivial
@!!prover:tlapm
@!!already:false
@!!END

@!!BEGIN
@!!type:obligation
@!!id:391
@!!loc:436:21:436:25
@!!status:trivial
@!!prover:tlapm
@!!already:false
@!!END

@!!BEGIN
@!!type:obligation
@!!id:392
@!!loc:436:27:436:31
@!!status:trivial
@!!prover:tlapm
@!!already:false
@!!END

@!!BEGIN
@!!type:obligation
@!!id:389
@!!loc:436:12:436:14
@!!status:proved
@!!prover:smt
@!!meth:time-limit: 60; time-used: 3.1 (5%)
@!!already:false
@!!END

@!!BEGIN
@!!type:obligation
@!!id:386
@!!loc:427:47:427:49
@!!status:proved
@!!prover:smt
@!!meth:time-limit: 60; time-used: 3.3 (6%)
@!!already:false
@!!END

@!!BEGIN
@!!type:obligation
@!!id:381
@!!loc:426:15:426:17
@!!status:proved
@!!prover:smt
@!!meth:time-limit: 60; time-used: 3.9 (6%)
@!!already:false
@!!END

@!!BEGIN
@!!type:obligation
@!!id:394
@!!loc:431:8:431:12
@!!status:trivial
@!!prover:tlapm
@!!already:false
@!!END

@!!BEGIN
@!!type:obligation
@!!id:395
@!!loc:431:14:431:18
@!!status:trivial
@!!prover:tlapm
@!!already:false
@!!END

@!!BEGIN
@!!type:obligation
@!!id:396
@!!loc:431:20:431:24
@!!status:trivial
@!!prover:tlapm
@!!already:false
@!!END

@!!BEGIN
@!!type:obligation
@!!id:397
@!!loc:431:26:431:38
@!!status:trivial
@!!prover:tlapm
@!!already:false
@!!END

@!!BEGIN
@!!type:obligation
@!!id:400
@!!loc:435:61:435:65
@!!status:trivial
@!!prover:tlapm
@!!already:false
@!!END

@!!BEGIN
@!!type:obligation
@!!id:401
@!!loc:435:67:435:71
@!!status:trivial
@!!prover:tlapm
@!!already:false
@!!END

@!!BEGIN
@!!type:obligation
@!!id:399
@!!loc:435:58:435:60
@!!status:proved
@!!prover:smt
@!!meth:time-limit: 60; time-used: 0.3 (0%)
@!!already:false
@!!END

@!!BEGIN
@!!type:obligation
@!!id:398
@!!loc:434:5:434:7
@!!status:proved
@!!prover:smt
@!!meth:time-limit: 60; time-used: 0.4 (1%)
@!!already:false
@!!END

@!!BEGIN
@!!type:obligation
@!!id:393
@!!loc:431:5:431:7
@!!status:proved
@!!prover:smt
@!!meth:time-limit: 60; time-used: 2.6 (4%)
@!!already:false
@!!END

@!!BEGIN
@!!type:obligation
@!!id:403
@!!loc:438:6:438:10
@!!status:trivial
@!!prover:tlapm
@!!already:false
@!!END

@!!BEGIN
@!!type:obligation
@!!id:404
@!!loc:438:12:438:16
@!!status:trivial
@!!prover:tlapm
@!!already:false
@!!END

@!!BEGIN
@!!type:obligation
@!!id:405
@!!loc:439:16:439:18
@!!status:proved
@!!prover:smt
@!!meth:time-limit: 60
@!!already:true
@!!END

@!!BEGIN
@!!type:obligation
@!!id:406
@!!loc:439:19:439:23
@!!status:trivial
@!!prover:tlapm
@!!already:false
@!!END

@!!BEGIN
@!!type:obligation
@!!id:407
@!!loc:439:25:439:29
@!!status:trivial
@!!prover:tlapm
@!!already:false
@!!END

@!!BEGIN
@!!type:obligation
@!!id:408
@!!loc:439:31:439:35
@!!status:trivial
@!!prover:tlapm
@!!already:false
@!!END

@!!BEGIN
@!!type:obligation
@!!id:409
@!!loc:439:37:439:41
@!!status:trivial
@!!prover:tlapm
@!!already:false
@!!END

@!!BEGIN
@!!type:obligation
@!!id:410
@!!loc:439:43:439:54
@!!status:trivial
@!!prover:tlapm
@!!already:false
@!!END

@!!BEGIN
@!!type:obligation
@!!id:412
@!!loc:476:13:476:17
@!!status:trivial
@!!prover:tlapm
@!!already:false
@!!END

@!!BEGIN
@!!type:obligation
@!!id:413
@!!loc:476:19:476:24
@!!status:trivial
@!!prover:tlapm
@!!already:false
@!!END

@!!BEGIN
@!!type:obligation
@!!id:414
@!!loc:476:26:476:31
@!!status:trivial
@!!prover:tlapm
@!!already:false
@!!END

@!!BEGIN
@!!type:obligation
@!!id:415
@!!loc:445:14:445:16
@!!status:proved
@!!prover:smt
@!!meth:time-limit: 60; time-used: 0.1 (0%)
@!!already:false
@!!END

@!!BEGIN
@!!type:obligation
@!!id:411
@!!loc:476:10:476:12
@!!status:proved
@!!prover:smt
@!!meth:time-limit: 60; time-used: 0.4 (1%)
@!!already:false
@!!END

@!!BEGIN
@!!type:obligation
@!!id:402
@!!loc:438:3:438:5
@!!status:proved
@!!prover:smt
@!!meth:time-limit: 60; time-used: 1.0 (2%)
@!!already:false
@!!END

@!!BEGIN
@!!type:obligation
@!!id:419
@!!loc:448:26:448:30
@!!status:trivial
@!!prover:tlapm
@!!already:false
@!!END

@!!BEGIN
@!!type:obligation
@!!id:418
@!!loc:448:23:448:25
@!!status:proved
@!!prover:smt
@!!meth:time-limit: 60; time-used: 0.3 (0%)
@!!already:false
@!!END

@!!BEGIN
@!!type:obligation
@!!id:417
@!!loc:447:14:447:16
@!!status:proved
@!!prover:smt
@!!meth:time-limit: 60; time-used: 0.6 (1%)
@!!already:false
@!!END

@!!BEGIN
@!!type:obligation
@!!id:416
@!!loc:446:44:446:46
@!!status:proved
@!!prover:smt
@!!meth:time-limit: 60; time-used: 0.8 (1%)
@!!already:false
@!!END

@!!BEGIN
@!!type:obligation
@!!id:421
@!!loc:449:83:449:87
@!!status:trivial
@!!prover:tlapm
@!!already:false
@!!END

@!!BEGIN
@!!type:obligation
@!!id:424
@!!loc:455:3:455:5
@!!status:proved
@!!prover:smt
@!!meth:time-limit: 60; time-used: 0.2 (0%)
@!!already:false
@!!END

@!!BEGIN
@!!type:obligation
@!!id:422
@!!loc:452:3:452:5
@!!status:proved
@!!prover:smt
@!!meth:time-limit: 60; time-used: 0.3 (1%)
@!!already:false
@!!END

@!!BEGIN
@!!type:obligation
@!!id:420
@!!loc:449:80:449:82
@!!status:proved
@!!prover:smt
@!!meth:time-limit: 60; time-used: 0.5 (1%)
@!!already:false
@!!END

@!!BEGIN
@!!type:obligation
@!!id:426
@!!loc:457:6:457:17
@!!status:trivial
@!!prover:tlapm
@!!already:false
@!!END

@!!BEGIN
@!!type:obligation
@!!id:428
@!!loc:459:6:459:10
@!!status:trivial
@!!prover:tlapm
@!!already:false
@!!END

@!!BEGIN
@!!type:obligation
@!!id:429
@!!loc:459:12:459:16
@!!status:trivial
@!!prover:tlapm
@!!already:false
@!!END

@!!BEGIN
@!!type:obligation
@!!id:430
@!!loc:459:18:459:25
@!!status:trivial
@!!prover:tlapm
@!!already:false
@!!END

@!!BEGIN
@!!type:obligation
@!!id:432
@!!loc:462:6:462:10
@!!status:trivial
@!!prover:tlapm
@!!already:false
@!!END

@!!BEGIN
@!!type:obligation
@!!id:433
@!!loc:462:12:462:16
@!!status:trivial
@!!prover:tlapm
@!!already:false
@!!END

@!!BEGIN
@!!type:obligation
@!!id:431
@!!loc:462:3:462:5
@!!status:proved
@!!prover:smt
@!!meth:time-limit: 60; time-used: 3.4 (6%)
@!!already:false
@!!END

@!!BEGIN
@!!type:obligation
@!!id:427
@!!loc:459:3:459:5
@!!status:proved
@!!prover:smt
@!!meth:time-limit: 60; time-used: 3.8 (6%)
@!!already:false
@!!END

@!!BEGIN
@!!type:obligation
@!!id:425
@!!loc:457:3:457:5
@!!status:proved
@!!prover:smt
@!!meth:time-limit: 60; time-used: 4.1 (7%)
@!!already:false
@!!END

@!!BEGIN
@!!type:obligation
@!!id:435
@!!loc:463:37:463:41
@!!status:trivial
@!!prover:tlapm
@!!already:false
@!!END

@!!BEGIN
@!!type:obligation
@!!id:436
@!!loc:463:43:463:47
@!!status:trivial
@!!prover:tlapm
@!!already:false
@!!END

@!!BEGIN
@!!type:obligation
@!!id:437
@!!loc:463:49:463:53
@!!status:trivial
@!!prover:tlapm
@!!already:false
@!!END

@!!BEGIN
@!!type:obligation
@!!id:438
@!!loc:463:55:463:59
@!!status:trivial
@!!prover:tlapm
@!!already:false
@!!END

@!!BEGIN
@!!type:obligation
@!!id:439
@!!loc:463:61:463:65
@!!status:trivial
@!!prover:tlapm
@!!already:false
@!!END

@!!BEGIN
@!!type:obligation
@!!id:440
@!!loc:463:67:463:79
@!!status:trivial
@!!prover:tlapm
@!!already:false
@!!END

@!!BEGIN
@!!type:obligation
@!!id:442
@!!loc:465:6:465:10
@!!status:trivial
@!!prover:tlapm
@!!already:false
@!!END

@!!BEGIN
@!!type:obligation
@!!id:443
@!!loc:465:12:465:16
@!!status:trivial
@!!prover:tlapm
@!!already:false
@!!END

@!!BEGIN
@!!type:obligation
@!!id:444
@!!loc:465:18:465:22
@!!status:trivial
@!!prover:tlapm
@!!already:false
@!!END

@!!BEGIN
@!!type:obligation
@!!id:445
@!!loc:465:24:465:32
@!!status:trivial
@!!prover:tlapm
@!!already:false
@!!END

@!!BEGIN
@!!type:obligation
@!!id:447
@!!loc:466:18:466:22
@!!status:trivial
@!!prover:tlapm
@!!already:false
@!!END

@!!BEGIN
@!!type:obligation
@!!id:448
@!!loc:466:24:466:28
@!!status:trivial
@!!prover:tlapm
@!!already:false
@!!END

@!!BEGIN
@!!type:obligation
@!!id:449
@!!loc:466:30:466:34
@!!status:trivial
@!!prover:tlapm
@!!already:false
@!!END

@!!BEGIN
@!!type:obligation
@!!id:450
@!!loc:466:36:466:40
@!!status:trivial
@!!prover:tlapm
@!!already:false
@!!END

@!!BEGIN
@!!type:obligation
@!!id:451
@!!loc:466:42:466:53
@!!status:trivial
@!!prover:tlapm
@!!already:false
@!!END

@!!BEGIN
@!!type:obligation
@!!id:446
@!!loc:466:15:466:17
@!!status:proved
@!!prover:smt
@!!meth:time-limit: 60; time-used: 0.7 (1%)
@!!already:false
@!!END

@!!BEGIN
@!!type:obligation
@!!id:441
@!!loc:465:3:465:5
@!!status:proved
@!!prover:smt
@!!meth:time-limit: 60; time-used: 1.2 (2%)
@!!already:false
@!!END

@!!BEGIN
@!!type:obligation
@!!id:434
@!!loc:463:34:463:36
@!!status:proved
@!!prover:smt
@!!meth:time-limit: 60; time-used: 1.9 (3%)
@!!already:false
@!!END

@!!BEGIN
@!!type:obligation
@!!id:453
@!!loc:467:18:467:22
@!!status:trivial
@!!prover:tlapm
@!!already:false
@!!END

@!!BEGIN
@!!type:obligation
@!!id:454
@!!loc:467:24:467:28
@!!status:trivial
@!!prover:tlapm
@!!already:false
@!!END

@!!BEGIN
@!!type:obligation
@!!id:455
@!!loc:467:30:467:34
@!!status:trivial
@!!prover:tlapm
@!!already:false
@!!END

@!!BEGIN
@!!type:obligation
@!!id:456
@!!loc:467:36:467:40
@!!status:trivial
@!!prover:tlapm
@!!already:false
@!!END

@!!BEGIN
@!!type:obligation
@!!id:457
@!!loc:467:42:467:46
@!!status:trivial
@!!prover:tlapm
@!!already:false
@!!END

@!!BEGIN
@!!type:obligation
@!!id:458
@!!loc:467:48:467:52
@!!status:trivial
@!!prover:tlapm
@!!already:false
@!!END

@!!BEGIN
@!!type:obligation
@!!id:459
@!!loc:467:54:467:58
@!!status:trivial
@!!prover:tlapm
@!!already:false
@!!END

@!!BEGIN
@!!type:obligation
@!!id:460
@!!loc:467:60:467:64
@!!status:trivial
@!!prover:tlapm
@!!already:false
@!!END

@!!BEGIN
@!!type:obligation
@!!id:462
@!!loc:468:51:468:55
@!!status:trivial
@!!prover:tlapm
@!!already:false
@!!END

@!!BEGIN
@!!type:obligation
@!!id:463
@!!loc:468:57:468:61
@!!status:trivial
@!!prover:tlapm
@!!already:false
@!!END

@!!BEGIN
@!!type:obligation
@!!id:464
@!!loc:468:63:468:67
@!!status:trivial
@!!prover:tlapm
@!!already:false
@!!END

@!!BEGIN
@!!type:obligation
@!!id:465
@!!loc:468:69:468:73
@!!status:trivial
@!!prover:tlapm
@!!already:false
@!!END

@!!BEGIN
@!!type:obligation
@!!id:466
@!!loc:468:75:468:79
@!!status:trivial
@!!prover:tlapm
@!!already:false
@!!END

@!!BEGIN
@!!type:obligation
@!!id:467
@!!loc:468:81:468:85
@!!status:trivial
@!!prover:tlapm
@!!already:false
@!!END

@!!BEGIN
@!!type:obligation
@!!id:468
@!!loc:468:87:468:91
@!!status:trivial
@!!prover:tlapm
@!!already:false
@!!END

@!!BEGIN
@!!type:obligation
@!!id:461
@!!loc:468:48:468:50
@!!status:proved
@!!prover:smt
@!!meth:time-limit: 60; time-used: 4.2 (7%)
@!!already:false
@!!END

@!!BEGIN
@!!type:obligation
@!!id:452
@!!loc:467:15:467:17
@!!status:proved
@!!prover:smt
@!!meth:time-limit: 60; time-used: 5.2 (9%)
@!!already:false
@!!END

@!!BEGIN
@!!type:obligation
@!!id:470
@!!loc:470:6:470:10
@!!status:trivial
@!!prover:tlapm
@!!already:false
@!!END

@!!BEGIN
@!!type:obligation
@!!id:471
@!!loc:470:12:470:16
@!!status:trivial
@!!prover:tlapm
@!!already:false
@!!END

@!!BEGIN
@!!type:obligation
@!!id:472
@!!loc:470:18:470:22
@!!status:trivial
@!!prover:tlapm
@!!already:false
@!!END

@!!BEGIN
@!!type:obligation
@!!id:473
@!!loc:470:24:470:28
@!!status:trivial
@!!prover:tlapm
@!!already:false
@!!END

@!!BEGIN
@!!type:obligation
@!!id:474
@!!loc:470:30:470:34
@!!status:trivial
@!!prover:tlapm
@!!already:false
@!!END

@!!BEGIN
@!!type:obligation
@!!id:475
@!!loc:470:36:470:48
@!!status:trivial
@!!prover:tlapm
@!!already:false
@!!END

@!!BEGIN
@!!type:obligation
@!!id:469
@!!loc:470:3:470:5
@!!status:proved
@!!prover:smt
@!!meth:time-limit: 60; time-used: 4.2 (7%)
@!!already:false
@!!END

@!!BEGIN
@!!type:obligation
@!!id:477
@!!loc:472:6:472:10
@!!status:trivial
@!!prover:tlapm
@!!already:false
@!!END

@!!BEGIN
@!!type:obligation
@!!id:478
@!!loc:472:12:472:16
@!!status:trivial
@!!prover:tlapm
@!!already:false
@!!END

@!!BEGIN
@!!type:obligation
@!!id:479
@!!loc:472:18:472:22
@!!status:trivial
@!!prover:tlapm
@!!already:false
@!!END

@!!BEGIN
@!!type:obligation
@!!id:480
@!!loc:472:24:472:28
@!!status:trivial
@!!prover:tlapm
@!!already:false
@!!END

@!!BEGIN
@!!type:obligation
@!!id:481
@!!loc:472:30:472:34
@!!status:trivial
@!!prover:tlapm
@!!already:false
@!!END

@!!BEGIN
@!!type:obligation
@!!id:482
@!!loc:472:36:472:40
@!!status:trivial
@!!prover:tlapm
@!!already:false
@!!END

@!!BEGIN
@!!type:obligation
@!!id:483
@!!loc:472:42:472:46
@!!status:trivial
@!!prover:tlapm
@!!already:false
@!!END

@!!BEGIN
@!!type:obligation
@!!id:484
@!!loc:472:48:472:60
@!!status:trivial
@!!prover:tlapm
@!!already:false
@!!END

@!!BEGIN
@!!type:obligation
@!!id:486
@!!loc:474:6:474:10
@!!status:trivial
@!!prover:tlapm
@!!already:false
@!!END

@!!BEGIN
@!!type:obligation
@!!id:487
@!!loc:474:12:474:16
@!!status:trivial
@!!prover:tlapm
@!!already:false
@!!END

@!!BEGIN
@!!type:obligation
@!!id:488
@!!loc:474:18:474:22
@!!status:trivial
@!!prover:tlapm
@!!already:false
@!!END

@!!BEGIN
@!!type:obligation
@!!id:490
@!!loc:475:19:475:23
@!!status:trivial
@!!prover:tlapm
@!!already:false
@!!END

@!!BEGIN
@!!type:obligation
@!!id:491
@!!loc:475:25:475:29
@!!status:trivial
@!!prover:tlapm
@!!already:false
@!!END

@!!BEGIN
@!!type:obligation
@!!id:492
@!!loc:475:31:475:36
@!!status:trivial
@!!prover:tlapm
@!!already:false
@!!END

@!!BEGIN
@!!type:obligation
@!!id:493
@!!loc:475:38:475:43
@!!status:trivial
@!!prover:tlapm
@!!already:false
@!!END

@!!BEGIN
@!!type:obligation
@!!id:494
@!!loc:475:45:475:50
@!!status:trivial
@!!prover:tlapm
@!!already:false
@!!END

@!!BEGIN
@!!type:obligation
@!!id:495
@!!loc:475:52:475:63
@!!status:trivial
@!!prover:tlapm
@!!already:false
@!!END

@!!BEGIN
@!!type:obligation
@!!id:489
@!!loc:475:16:475:18
@!!status:proved
@!!prover:smt
@!!meth:time-limit: 60; time-used: 0.4 (1%)
@!!already:false
@!!END

@!!BEGIN
@!!type:obligation
@!!id:485
@!!loc:474:3:474:5
@!!status:proved
@!!prover:smt
@!!meth:time-limit: 60; time-used: 0.9 (1%)
@!!already:false
@!!END

@!!BEGIN
@!!type:obligation
@!!id:476
@!!loc:472:3:472:5
@!!status:proved
@!!prover:smt
@!!meth:time-limit: 60; time-used: 1.6 (3%)
@!!already:false
@!!END

@!!BEGIN
@!!type:obligation
@!!id:497
@!!loc:535:13:535:17
@!!status:trivial
@!!prover:tlapm
@!!already:false
@!!END

@!!BEGIN
@!!type:obligation
@!!id:498
@!!loc:535:19:535:23
@!!status:trivial
@!!prover:tlapm
@!!already:false
@!!END

@!!BEGIN
@!!type:obligation
@!!id:499
@!!loc:535:25:535:29
@!!status:trivial
@!!prover:tlapm
@!!already:false
@!!END

@!!BEGIN
@!!type:obligation
@!!id:500
@!!loc:484:14:484:16
@!!status:proved
@!!prover:smt
@!!meth:time-limit: 60
@!!already:true
@!!END

@!!BEGIN
@!!type:obligation
@!!id:501
@!!loc:485:44:485:46
@!!status:proved
@!!prover:smt
@!!meth:time-limit: 60
@!!already:true
@!!END

@!!BEGIN
@!!type:obligation
@!!id:502
@!!loc:486:14:486:16
@!!status:proved
@!!prover:smt
@!!meth:time-limit: 60
@!!already:true
@!!END

@!!BEGIN
@!!type:obligation
@!!id:503
@!!loc:487:23:487:25
@!!status:proved
@!!prover:smt
@!!meth:time-limit: 60
@!!already:true
@!!END

@!!BEGIN
@!!type:obligation
@!!id:504
@!!loc:487:26:487:30
@!!status:trivial
@!!prover:tlapm
@!!already:false
@!!END

@!!BEGIN
@!!type:obligation
@!!id:505
@!!loc:488:80:488:82
@!!status:proved
@!!prover:smt
@!!meth:time-limit: 60
@!!already:true
@!!END

@!!BEGIN
@!!type:obligation
@!!id:506
@!!loc:488:83:488:87
@!!status:trivial
@!!prover:tlapm
@!!already:false
@!!END

@!!BEGIN
@!!type:obligation
@!!id:509
@!!loc:528:15:528:19
@!!status:trivial
@!!prover:tlapm
@!!already:false
@!!END

@!!BEGIN
@!!type:obligation
@!!id:510
@!!loc:528:21:528:25
@!!status:trivial
@!!prover:tlapm
@!!already:false
@!!END

@!!BEGIN
@!!type:obligation
@!!id:508
@!!loc:528:12:528:14
@!!status:proved
@!!prover:smt
@!!meth:time-limit: 60; time-used: 0.4 (1%)
@!!already:false
@!!END

@!!BEGIN
@!!type:obligation
@!!id:507
@!!loc:491:3:491:5
@!!status:proved
@!!prover:smt
@!!meth:time-limit: 60; time-used: 0.5 (1%)
@!!already:false
@!!END

@!!BEGIN
@!!type:obligation
@!!id:496
@!!loc:535:10:535:12
@!!status:proved
@!!prover:smt
@!!meth:time-limit: 60; time-used: 1.2 (2%)
@!!already:false
@!!END

@!!BEGIN
@!!type:obligation
@!!id:512
@!!loc:505:17:505:21
@!!status:trivial
@!!prover:tlapm
@!!already:false
@!!END

@!!BEGIN
@!!type:obligation
@!!id:513
@!!loc:505:23:505:27
@!!status:trivial
@!!prover:tlapm
@!!already:false
@!!END

@!!BEGIN
@!!type:obligation
@!!id:514
@!!loc:505:29:505:33
@!!status:trivial
@!!prover:tlapm
@!!already:false
@!!END

@!!BEGIN
@!!type:obligation
@!!id:515
@!!loc:505:35:505:39
@!!status:trivial
@!!prover:tlapm
@!!already:false
@!!END

@!!BEGIN
@!!type:obligation
@!!id:517
@!!loc:498:88:498:92
@!!status:trivial
@!!prover:tlapm
@!!already:false
@!!END

@!!BEGIN
@!!type:obligation
@!!id:516
@!!loc:498:85:498:87
@!!status:proved
@!!prover:smt
@!!meth:time-limit: 60; time-used: 3.4 (6%)
@!!already:false
@!!END

@!!BEGIN
@!!type:obligation
@!!id:511
@!!loc:505:14:505:16
@!!status:proved
@!!prover:smt
@!!meth:time-limit: 60; time-used: 4.0 (7%)
@!!already:false
@!!END

@!!BEGIN
@!!type:obligation
@!!id:519
@!!loc:499:42:499:46
@!!status:trivial
@!!prover:tlapm
@!!already:false
@!!END

@!!BEGIN
@!!type:obligation
@!!id:520
@!!loc:499:48:499:60
@!!status:trivial
@!!prover:tlapm
@!!already:false
@!!END

@!!BEGIN
@!!type:obligation
@!!id:522
@!!loc:501:10:501:14
@!!status:trivial
@!!prover:tlapm
@!!already:false
@!!END

@!!BEGIN
@!!type:obligation
@!!id:523
@!!loc:501:16:501:20
@!!status:trivial
@!!prover:tlapm
@!!already:false
@!!END

@!!BEGIN
@!!type:obligation
@!!id:524
@!!loc:501:22:501:26
@!!status:trivial
@!!prover:tlapm
@!!already:false
@!!END

@!!BEGIN
@!!type:obligation
@!!id:525
@!!loc:501:28:501:36
@!!status:trivial
@!!prover:tlapm
@!!already:false
@!!END

@!!BEGIN
@!!type:obligation
@!!id:527
@!!loc:504:10:504:14
@!!status:trivial
@!!prover:tlapm
@!!already:false
@!!END

@!!BEGIN
@!!type:obligation
@!!id:528
@!!loc:504:16:504:20
@!!status:trivial
@!!prover:tlapm
@!!already:false
@!!END

@!!BEGIN
@!!type:obligation
@!!id:526
@!!loc:504:7:504:9
@!!status:proved
@!!prover:smt
@!!meth:time-limit: 60; time-used: 0.5 (1%)
@!!already:false
@!!END

@!!BEGIN
@!!type:obligation
@!!id:521
@!!loc:501:7:501:9
@!!status:proved
@!!prover:smt
@!!meth:time-limit: 60; time-used: 2.5 (4%)
@!!already:false
@!!END

@!!BEGIN
@!!type:obligation
@!!id:518
@!!loc:499:39:499:41
@!!status:proved
@!!prover:smt
@!!meth:time-limit: 60; time-used: 2.7 (5%)
@!!already:false
@!!END

@!!BEGIN
@!!type:obligation
@!!id:530
@!!loc:527:17:527:21
@!!status:trivial
@!!prover:tlapm
@!!already:false
@!!END

@!!BEGIN
@!!type:obligation
@!!id:531
@!!loc:527:23:527:27
@!!status:trivial
@!!prover:tlapm
@!!already:false
@!!END

@!!BEGIN
@!!type:obligation
@!!id:532
@!!loc:527:29:527:33
@!!status:trivial
@!!prover:tlapm
@!!already:false
@!!END

@!!BEGIN
@!!type:obligation
@!!id:533
@!!loc:527:35:527:39
@!!status:trivial
@!!prover:tlapm
@!!already:false
@!!END

@!!BEGIN
@!!type:obligation
@!!id:534
@!!loc:527:41:527:45
@!!status:trivial
@!!prover:tlapm
@!!already:false
@!!END

@!!BEGIN
@!!type:obligation
@!!id:536
@!!loc:512:10:512:14
@!!status:trivial
@!!prover:tlapm
@!!already:false
@!!END

@!!BEGIN
@!!type:obligation
@!!id:538
@!!loc:513:73:513:75
@!!status:proved
@!!prover:smt
@!!meth:time-limit: 60; time-used: 0.1 (0%)
@!!already:false
@!!END

@!!BEGIN
@!!type:obligation
@!!id:535
@!!loc:512:7:512:9
@!!status:proved
@!!prover:smt
@!!meth:time-limit: 60; time-used: 0.3 (1%)
@!!already:false
@!!END

@!!BEGIN
@!!type:obligation
@!!id:529
@!!loc:527:14:527:16
@!!status:proved
@!!prover:smt
@!!meth:time-limit: 60; time-used: 0.9 (2%)
@!!already:false
@!!END

@!!BEGIN
@!!type:obligation
@!!id:540
@!!loc:514:40:514:44
@!!status:trivial
@!!prover:tlapm
@!!already:false
@!!END

@!!BEGIN
@!!type:obligation
@!!id:541
@!!loc:514:46:514:55
@!!status:trivial
@!!prover:tlapm
@!!already:false
@!!END

@!!BEGIN
@!!type:obligation
@!!id:543
@!!loc:516:10:516:14
@!!status:trivial
@!!prover:tlapm
@!!already:false
@!!END

@!!BEGIN
@!!type:obligation
@!!id:544
@!!loc:516:16:516:20
@!!status:trivial
@!!prover:tlapm
@!!already:false
@!!END

@!!BEGIN
@!!type:obligation
@!!id:545
@!!loc:516:22:516:29
@!!status:trivial
@!!prover:tlapm
@!!already:false
@!!END

@!!BEGIN
@!!type:obligation
@!!id:542
@!!loc:516:7:516:9
@!!status:proved
@!!prover:smt
@!!meth:time-limit: 60; time-used: 3.8 (6%)
@!!already:false
@!!END

@!!BEGIN
@!!type:obligation
@!!id:539
@!!loc:514:37:514:39
@!!status:proved
@!!prover:smt
@!!meth:time-limit: 60; time-used: 4.2 (7%)
@!!already:false
@!!END

@!!BEGIN
@!!type:obligation
@!!id:547
@!!loc:517:43:517:47
@!!status:trivial
@!!prover:tlapm
@!!already:false
@!!END

@!!BEGIN
@!!type:obligation
@!!id:548
@!!loc:517:49:517:53
@!!status:trivial
@!!prover:tlapm
@!!already:false
@!!END

@!!BEGIN
@!!type:obligation
@!!id:549
@!!loc:517:55:517:59
@!!status:trivial
@!!prover:tlapm
@!!already:false
@!!END

@!!BEGIN
@!!type:obligation
@!!id:550
@!!loc:517:61:517:65
@!!status:trivial
@!!prover:tlapm
@!!already:false
@!!END

@!!BEGIN
@!!type:obligation
@!!id:551
@!!loc:517:67:517:79
@!!status:trivial
@!!prover:tlapm
@!!already:false
@!!END

@!!BEGIN
@!!type:obligation
@!!id:553
@!!loc:519:10:519:14
@!!status:trivial
@!!prover:tlapm
@!!already:false
@!!END

@!!BEGIN
@!!type:obligation
@!!id:554
@!!loc:519:16:519:20
@!!status:trivial
@!!prover:tlapm
@!!already:false
@!!END

@!!BEGIN
@!!type:obligation
@!!id:555
@!!loc:519:22:519:26
@!!status:trivial
@!!prover:tlapm
@!!already:false
@!!END

@!!BEGIN
@!!type:obligation
@!!id:556
@!!loc:519:28:519:36
@!!status:trivial
@!!prover:tlapm
@!!already:false
@!!END

@!!BEGIN
@!!type:obligation
@!!id:558
@!!loc:526:19:526:23
@!!status:trivial
@!!prover:tlapm
@!!already:false
@!!END

@!!BEGIN
@!!type:obligation
@!!id:559
@!!loc:526:25:526:29
@!!status:trivial
@!!prover:tlapm
@!!already:false
@!!END

@!!BEGIN
@!!type:obligation
@!!id:557
@!!loc:526:16:526:18
@!!status:proved
@!!prover:smt
@!!meth:time-limit: 60; time-used: 3.6 (6%)
@!!already:false
@!!END

@!!BEGIN
@!!type:obligation
@!!id:552
@!!loc:519:7:519:9
@!!status:proved
@!!prover:smt
@!!meth:time-limit: 60; time-used: 4.2 (7%)
@!!already:false
@!!END

@!!BEGIN
@!!type:obligation
@!!id:546
@!!loc:517:40:517:42
@!!status:proved
@!!prover:smt
@!!meth:time-limit: 60; time-used: 4.7 (8%)
@!!already:false
@!!END

@!!BEGIN
@!!type:obligation
@!!id:561
@!!loc:523:12:523:16
@!!status:trivial
@!!prover:tlapm
@!!already:false
@!!END

@!!BEGIN
@!!type:obligation
@!!id:562
@!!loc:523:18:523:22
@!!status:trivial
@!!prover:tlapm
@!!already:false
@!!END

@!!BEGIN
@!!type:obligation
@!!id:563
@!!loc:523:24:523:28
@!!status:trivial
@!!prover:tlapm
@!!already:false
@!!END

@!!BEGIN
@!!type:obligation
@!!id:564
@!!loc:523:30:523:42
@!!status:trivial
@!!prover:tlapm
@!!already:false
@!!END

@!!BEGIN
@!!type:obligation
@!!id:566
@!!loc:525:12:525:16
@!!status:trivial
@!!prover:tlapm
@!!already:false
@!!END

@!!BEGIN
@!!type:obligation
@!!id:567
@!!loc:525:18:525:22
@!!status:trivial
@!!prover:tlapm
@!!already:false
@!!END

@!!BEGIN
@!!type:obligation
@!!id:569
@!!loc:529:18:529:22
@!!status:trivial
@!!prover:tlapm
@!!already:false
@!!END

@!!BEGIN
@!!type:obligation
@!!id:570
@!!loc:529:24:529:28
@!!status:trivial
@!!prover:tlapm
@!!already:false
@!!END

@!!BEGIN
@!!type:obligation
@!!id:571
@!!loc:529:30:529:34
@!!status:trivial
@!!prover:tlapm
@!!already:false
@!!END

@!!BEGIN
@!!type:obligation
@!!id:572
@!!loc:529:36:529:47
@!!status:trivial
@!!prover:tlapm
@!!already:false
@!!END

@!!BEGIN
@!!type:obligation
@!!id:568
@!!loc:529:15:529:17
@!!status:proved
@!!prover:smt
@!!meth:time-limit: 60; time-used: 0.4 (1%)
@!!already:false
@!!END

@!!BEGIN
@!!type:obligation
@!!id:565
@!!loc:525:9:525:11
@!!status:proved
@!!prover:smt
@!!meth:time-limit: 60; time-used: 0.8 (1%)
@!!already:false
@!!END

@!!BEGIN
@!!type:obligation
@!!id:560
@!!loc:523:9:523:11
@!!status:proved
@!!prover:smt
@!!meth:time-limit: 60; time-used: 3.1 (5%)
@!!already:false
@!!END

@!!BEGIN
@!!type:obligation
@!!id:574
@!!loc:530:18:530:22
@!!status:trivial
@!!prover:tlapm
@!!already:false
@!!END

@!!BEGIN
@!!type:obligation
@!!id:575
@!!loc:530:24:530:28
@!!status:trivial
@!!prover:tlapm
@!!already:false
@!!END

@!!BEGIN
@!!type:obligation
@!!id:576
@!!loc:530:30:530:34
@!!status:trivial
@!!prover:tlapm
@!!already:false
@!!END

@!!BEGIN
@!!type:obligation
@!!id:577
@!!loc:530:36:530:40
@!!status:trivial
@!!prover:tlapm
@!!already:false
@!!END

@!!BEGIN
@!!type:obligation
@!!id:579
@!!loc:531:50:531:54
@!!status:trivial
@!!prover:tlapm
@!!already:false
@!!END

@!!BEGIN
@!!type:obligation
@!!id:580
@!!loc:531:56:531:60
@!!status:trivial
@!!prover:tlapm
@!!already:false
@!!END

@!!BEGIN
@!!type:obligation
@!!id:582
@!!loc:533:6:533:10
@!!status:trivial
@!!prover:tlapm
@!!already:false
@!!END

@!!BEGIN
@!!type:obligation
@!!id:583
@!!loc:533:12:533:16
@!!status:trivial
@!!prover:tlapm
@!!already:false
@!!END

@!!BEGIN
@!!type:obligation
@!!id:581
@!!loc:533:3:533:5
@!!status:proved
@!!prover:smt
@!!meth:time-limit: 60; time-used: 0.5 (1%)
@!!already:false
@!!END

@!!BEGIN
@!!type:obligation
@!!id:578
@!!loc:531:47:531:49
@!!status:proved
@!!prover:smt
@!!meth:time-limit: 60; time-used: 0.7 (1%)
@!!already:false
@!!END

@!!BEGIN
@!!type:obligation
@!!id:573
@!!loc:530:15:530:17
@!!status:proved
@!!prover:smt
@!!meth:time-limit: 60; time-used: 1.1 (2%)
@!!already:false
@!!END

@!!BEGIN
@!!type:obligation
@!!id:585
@!!loc:534:18:534:22
@!!status:trivial
@!!prover:tlapm
@!!already:false
@!!END

@!!BEGIN
@!!type:obligation
@!!id:586
@!!loc:534:24:534:28
@!!status:trivial
@!!prover:tlapm
@!!already:false
@!!END

@!!BEGIN
@!!type:obligation
@!!id:587
@!!loc:534:30:534:34
@!!status:trivial
@!!prover:tlapm
@!!already:false
@!!END

@!!BEGIN
@!!type:obligation
@!!id:588
@!!loc:534:36:534:47
@!!status:trivial
@!!prover:tlapm
@!!already:false
@!!END

@!!BEGIN
@!!type:obligation
@!!id:590
@!!loc:567:13:567:17
@!!status:trivial
@!!prover:tlapm
@!!already:false
@!!END

@!!BEGIN
@!!type:obligation
@!!id:591
@!!loc:567:19:567:23
@!!status:trivial
@!!prover:tlapm
@!!already:false
@!!END

@!!BEGIN
@!!type:obligation
@!!id:592
@!!loc:567:25:567:30
@!!status:trivial
@!!prover:tlapm
@!!already:false
@!!END

@!!BEGIN
@!!type:obligation
@!!id:593
@!!loc:540:14:540:16
@!!status:proved
@!!prover:smt
@!!meth:time-limit: 60
@!!already:true
@!!END

@!!BEGIN
@!!type:obligation
@!!id:594
@!!loc:541:44:541:46
@!!status:proved
@!!prover:smt
@!!meth:time-limit: 60
@!!already:true
@!!END

@!!BEGIN
@!!type:obligation
@!!id:595
@!!loc:542:14:542:16
@!!status:proved
@!!prover:smt
@!!meth:time-limit: 60
@!!already:true
@!!END

@!!BEGIN
@!!type:obligation
@!!id:596
@!!loc:543:23:543:25
@!!status:proved
@!!prover:smt
@!!meth:time-limit: 60
@!!already:true
@!!END

@!!BEGIN
@!!type:obligation
@!!id:597
@!!loc:543:26:543:30
@!!status:trivial
@!!prover:tlapm
@!!already:false
@!!END

@!!BEGIN
@!!type:obligation
@!!id:598
@!!loc:544:80:544:82
@!!status:proved
@!!prover:smt
@!!meth:time-limit: 60
@!!already:true
@!!END

@!!BEGIN
@!!type:obligation
@!!id:599
@!!loc:544:83:544:87
@!!status:trivial
@!!prover:tlapm
@!!already:false
@!!END

@!!BEGIN
@!!type:obligation
@!!id:600
@!!loc:547:3:547:5
@!!status:proved
@!!prover:smt
@!!meth:time-limit: 60; time-used: 0.3 (0%)
@!!already:false
@!!END

@!!BEGIN
@!!type:obligation
@!!id:589
@!!loc:567:10:567:12
@!!status:proved
@!!prover:smt
@!!meth:time-limit: 60; time-used: 0.7 (1%)
@!!already:false
@!!END

@!!BEGIN
@!!type:obligation
@!!id:584
@!!loc:534:15:534:17
@!!status:proved
@!!prover:smt
@!!meth:time-limit: 60; time-used: 1.1 (2%)
@!!already:false
@!!END

@!!BEGIN
@!!type:obligation
@!!id:603
@!!loc:553:3:553:5
@!!status:proved
@!!prover:smt
@!!meth:time-limit: 60; time-used: 3.2 (5%)
@!!already:false
@!!END

@!!BEGIN
@!!type:obligation
@!!id:602
@!!loc:551:3:551:5
@!!status:proved
@!!prover:smt
@!!meth:time-limit: 60; time-used: 3.4 (6%)
@!!already:false
@!!END

@!!BEGIN
@!!type:obligation
@!!id:605
@!!loc:554:36:554:40
@!!status:trivial
@!!prover:tlapm
@!!already:false
@!!END

@!!BEGIN
@!!type:obligation
@!!id:606
@!!loc:554:42:554:46
@!!status:trivial
@!!prover:tlapm
@!!already:false
@!!END

@!!BEGIN
@!!type:obligation
@!!id:607
@!!loc:554:48:554:52
@!!status:trivial
@!!prover:tlapm
@!!already:false
@!!END

@!!BEGIN
@!!type:obligation
@!!id:608
@!!loc:554:54:554:66
@!!status:trivial
@!!prover:tlapm
@!!already:false
@!!END

@!!BEGIN
@!!type:obligation
@!!id:610
@!!loc:556:6:556:10
@!!status:trivial
@!!prover:tlapm
@!!already:false
@!!END

@!!BEGIN
@!!type:obligation
@!!id:611
@!!loc:556:12:556:16
@!!status:trivial
@!!prover:tlapm
@!!already:false
@!!END

@!!BEGIN
@!!type:obligation
@!!id:612
@!!loc:556:18:556:22
@!!status:trivial
@!!prover:tlapm
@!!already:false
@!!END

@!!BEGIN
@!!type:obligation
@!!id:613
@!!loc:556:24:556:32
@!!status:trivial
@!!prover:tlapm
@!!already:false
@!!END

@!!BEGIN
@!!type:obligation
@!!id:615
@!!loc:557:18:557:22
@!!status:trivial
@!!prover:tlapm
@!!already:false
@!!END

@!!BEGIN
@!!type:obligation
@!!id:616
@!!loc:557:24:557:28
@!!status:trivial
@!!prover:tlapm
@!!already:false
@!!END

@!!BEGIN
@!!type:obligation
@!!id:617
@!!loc:557:30:557:34
@!!status:trivial
@!!prover:tlapm
@!!already:false
@!!END

@!!BEGIN
@!!type:obligation
@!!id:618
@!!loc:557:36:557:40
@!!status:trivial
@!!prover:tlapm
@!!already:false
@!!END

@!!BEGIN
@!!type:obligation
@!!id:619
@!!loc:557:42:557:53
@!!status:trivial
@!!prover:tlapm
@!!already:false
@!!END

@!!BEGIN
@!!type:obligation
@!!id:614
@!!loc:557:15:557:17
@!!status:proved
@!!prover:smt
@!!meth:time-limit: 60; time-used: 0.8 (1%)
@!!already:false
@!!END

@!!BEGIN
@!!type:obligation
@!!id:609
@!!loc:556:3:556:5
@!!status:proved
@!!prover:smt
@!!meth:time-limit: 60; time-used: 1.2 (2%)
@!!already:false
@!!END

@!!BEGIN
@!!type:obligation
@!!id:604
@!!loc:554:33:554:35
@!!status:proved
@!!prover:smt
@!!meth:time-limit: 60; time-used: 1.9 (3%)
@!!already:false
@!!END

@!!BEGIN
@!!type:obligation
@!!id:621
@!!loc:558:18:558:22
@!!status:trivial
@!!prover:tlapm
@!!already:false
@!!END

@!!BEGIN
@!!type:obligation
@!!id:622
@!!loc:558:24:558:28
@!!status:trivial
@!!prover:tlapm
@!!already:false
@!!END

@!!BEGIN
@!!type:obligation
@!!id:623
@!!loc:558:30:558:34
@!!status:trivial
@!!prover:tlapm
@!!already:false
@!!END

@!!BEGIN
@!!type:obligation
@!!id:624
@!!loc:558:36:558:40
@!!status:trivial
@!!prover:tlapm
@!!already:false
@!!END

@!!BEGIN
@!!type:obligation
@!!id:625
@!!loc:558:42:558:46
@!!status:trivial
@!!prover:tlapm
@!!already:false
@!!END

@!!BEGIN
@!!type:obligation
@!!id:626
@!!loc:558:48:558:52
@!!status:trivial
@!!prover:tlapm
@!!already:false
@!!END

@!!BEGIN
@!!type:obligation
@!!id:628
@!!loc:559:50:559:54
@!!status:trivial
@!!prover:tlapm
@!!already:false
@!!END

@!!BEGIN
@!!type:obligation
@!!id:629
@!!loc:559:56:559:60
@!!status:trivial
@!!prover:tlapm
@!!already:false
@!!END

@!!BEGIN
@!!type:obligation
@!!id:630
@!!loc:559:62:559:66
@!!status:trivial
@!!prover:tlapm
@!!already:false
@!!END

@!!BEGIN
@!!type:obligation
@!!id:631
@!!loc:559:68:559:72
@!!status:trivial
@!!prover:tlapm
@!!already:false
@!!END

@!!BEGIN
@!!type:obligation
@!!id:632
@!!loc:559:74:559:78
@!!status:trivial
@!!prover:tlapm
@!!already:false
@!!END

@!!BEGIN
@!!type:obligation
@!!id:627
@!!loc:559:47:559:49
@!!status:proved
@!!prover:smt
@!!meth:time-limit: 60; time-used: 4.0 (7%)
@!!already:false
@!!END

@!!BEGIN
@!!type:obligation
@!!id:620
@!!loc:558:15:558:17
@!!status:proved
@!!prover:smt
@!!meth:time-limit: 60; time-used: 4.7 (8%)
@!!already:false
@!!END

@!!BEGIN
@!!type:obligation
@!!id:634
@!!loc:561:6:561:10
@!!status:trivial
@!!prover:tlapm
@!!already:false
@!!END

@!!BEGIN
@!!type:obligation
@!!id:635
@!!loc:561:12:561:16
@!!status:trivial
@!!prover:tlapm
@!!already:false
@!!END

@!!BEGIN
@!!type:obligation
@!!id:636
@!!loc:561:18:561:22
@!!status:trivial
@!!prover:tlapm
@!!already:false
@!!END

@!!BEGIN
@!!type:obligation
@!!id:637
@!!loc:561:24:561:28
@!!status:trivial
@!!prover:tlapm
@!!already:false
@!!END

@!!BEGIN
@!!type:obligation
@!!id:638
@!!loc:561:30:561:42
@!!status:trivial
@!!prover:tlapm
@!!already:false
@!!END

@!!BEGIN
@!!type:obligation
@!!id:633
@!!loc:561:3:561:5
@!!status:proved
@!!prover:smt
@!!meth:time-limit: 60; time-used: 4.4 (7%)
@!!already:false
@!!END

@!!BEGIN
@!!type:obligation
@!!id:640
@!!loc:563:6:563:10
@!!status:trivial
@!!prover:tlapm
@!!already:false
@!!END

@!!BEGIN
@!!type:obligation
@!!id:641
@!!loc:563:12:563:16
@!!status:trivial
@!!prover:tlapm
@!!already:false
@!!END

@!!BEGIN
@!!type:obligation
@!!id:642
@!!loc:563:18:563:22
@!!status:trivial
@!!prover:tlapm
@!!already:false
@!!END

@!!BEGIN
@!!type:obligation
@!!id:643
@!!loc:563:24:563:28
@!!status:trivial
@!!prover:tlapm
@!!already:false
@!!END

@!!BEGIN
@!!type:obligation
@!!id:644
@!!loc:563:30:563:34
@!!status:trivial
@!!prover:tlapm
@!!already:false
@!!END

@!!BEGIN
@!!type:obligation
@!!id:645
@!!loc:563:36:563:48
@!!status:trivial
@!!prover:tlapm
@!!already:false
@!!END

@!!BEGIN
@!!type:obligation
@!!id:647
@!!loc:565:6:565:10
@!!status:trivial
@!!prover:tlapm
@!!already:false
@!!END

@!!BEGIN
@!!type:obligation
@!!id:648
@!!loc:565:12:565:16
@!!status:trivial
@!!prover:tlapm
@!!already:false
@!!END

@!!BEGIN
@!!type:obligation
@!!id:649
@!!loc:565:18:565:22
@!!status:trivial
@!!prover:tlapm
@!!already:false
@!!END

@!!BEGIN
@!!type:obligation
@!!id:651
@!!loc:566:19:566:23
@!!status:trivial
@!!prover:tlapm
@!!already:false
@!!END

@!!BEGIN
@!!type:obligation
@!!id:652
@!!loc:566:25:566:29
@!!status:trivial
@!!prover:tlapm
@!!already:false
@!!END

@!!BEGIN
@!!type:obligation
@!!id:653
@!!loc:566:31:566:35
@!!status:trivial
@!!prover:tlapm
@!!already:false
@!!END

@!!BEGIN
@!!type:obligation
@!!id:654
@!!loc:566:37:566:42
@!!status:trivial
@!!prover:tlapm
@!!already:false
@!!END

@!!BEGIN
@!!type:obligation
@!!id:655
@!!loc:566:44:566:49
@!!status:trivial
@!!prover:tlapm
@!!already:false
@!!END

@!!BEGIN
@!!type:obligation
@!!id:656
@!!loc:566:51:566:62
@!!status:trivial
@!!prover:tlapm
@!!already:false
@!!END

@!!BEGIN
@!!type:obligation
@!!id:657
@!!loc:596:10:596:12
@!!status:proved
@!!prover:smt
@!!meth:time-limit: 60
@!!already:true
@!!END

@!!BEGIN
@!!type:obligation
@!!id:658
@!!loc:596:13:596:17
@!!status:trivial
@!!prover:tlapm
@!!already:false
@!!END

@!!BEGIN
@!!type:obligation
@!!id:659
@!!loc:596:19:596:23
@!!status:trivial
@!!prover:tlapm
@!!already:false
@!!END

@!!BEGIN
@!!type:obligation
@!!id:660
@!!loc:596:25:596:30
@!!status:trivial
@!!prover:tlapm
@!!already:false
@!!END

@!!BEGIN
@!!type:obligation
@!!id:661
@!!loc:572:14:572:16
@!!status:proved
@!!prover:smt
@!!meth:time-limit: 60
@!!already:true
@!!END

@!!BEGIN
@!!type:obligation
@!!id:662
@!!loc:573:44:573:46
@!!status:proved
@!!prover:smt
@!!meth:time-limit: 60
@!!already:true
@!!END

@!!BEGIN
@!!type:obligation
@!!id:663
@!!loc:574:14:574:16
@!!status:proved
@!!prover:smt
@!!meth:time-limit: 60
@!!already:true
@!!END

@!!BEGIN
@!!type:obligation
@!!id:664
@!!loc:575:23:575:25
@!!status:proved
@!!prover:smt
@!!meth:time-limit: 60
@!!already:true
@!!END

@!!BEGIN
@!!type:obligation
@!!id:665
@!!loc:575:26:575:30
@!!status:trivial
@!!prover:tlapm
@!!already:false
@!!END

@!!BEGIN
@!!type:obligation
@!!id:666
@!!loc:576:80:576:82
@!!status:proved
@!!prover:smt
@!!meth:time-limit: 60
@!!already:true
@!!END

@!!BEGIN
@!!type:obligation
@!!id:667
@!!loc:576:83:576:87
@!!status:trivial
@!!prover:tlapm
@!!already:false
@!!END

@!!BEGIN
@!!type:obligation
@!!id:650
@!!loc:566:16:566:18
@!!status:proved
@!!prover:smt
@!!meth:time-limit: 60; time-used: 1.0 (2%)
@!!already:false
@!!END

@!!BEGIN
@!!type:obligation
@!!id:646
@!!loc:565:3:565:5
@!!status:proved
@!!prover:smt
@!!meth:time-limit: 60; time-used: 1.4 (2%)
@!!already:false
@!!END

@!!BEGIN
@!!type:obligation
@!!id:639
@!!loc:563:3:563:5
@!!status:proved
@!!prover:smt
@!!meth:time-limit: 60; time-used: 1.9 (3%)
@!!already:false
@!!END

@!!BEGIN
@!!type:obligation
@!!id:669
@!!loc:582:12:582:19
@!!status:proved
@!!prover:smt
@!!meth:time-limit: 60; time-used: 3.2 (5%)
@!!already:false
@!!END

@!!BEGIN
@!!type:obligation
@!!id:668
@!!loc:581:3:581:5
@!!status:proved
@!!prover:smt
@!!meth:time-limit: 60; time-used: 3.4 (6%)
@!!already:false
@!!END

@!!BEGIN
@!!type:obligation
@!!id:671
@!!loc:583:30:583:34
@!!status:trivial
@!!prover:tlapm
@!!already:false
@!!END

@!!BEGIN
@!!type:obligation
@!!id:672
@!!loc:583:36:583:40
@!!status:trivial
@!!prover:tlapm
@!!already:false
@!!END

@!!BEGIN
@!!type:obligation
@!!id:673
@!!loc:583:42:583:54
@!!status:trivial
@!!prover:tlapm
@!!already:false
@!!END

@!!BEGIN
@!!type:obligation
@!!id:675
@!!loc:585:6:585:10
@!!status:trivial
@!!prover:tlapm
@!!already:false
@!!END

@!!BEGIN
@!!type:obligation
@!!id:676
@!!loc:585:12:585:16
@!!status:trivial
@!!prover:tlapm
@!!already:false
@!!END

@!!BEGIN
@!!type:obligation
@!!id:677
@!!loc:585:18:585:22
@!!status:trivial
@!!prover:tlapm
@!!already:false
@!!END

@!!BEGIN
@!!type:obligation
@!!id:678
@!!loc:585:24:585:32
@!!status:trivial
@!!prover:tlapm
@!!already:false
@!!END

@!!BEGIN
@!!type:obligation
@!!id:680
@!!loc:586:18:586:22
@!!status:trivial
@!!prover:tlapm
@!!already:false
@!!END

@!!BEGIN
@!!type:obligation
@!!id:681
@!!loc:586:24:586:28
@!!status:trivial
@!!prover:tlapm
@!!already:false
@!!END

@!!BEGIN
@!!type:obligation
@!!id:682
@!!loc:586:30:586:34
@!!status:trivial
@!!prover:tlapm
@!!already:false
@!!END

@!!BEGIN
@!!type:obligation
@!!id:683
@!!loc:586:36:586:40
@!!status:trivial
@!!prover:tlapm
@!!already:false
@!!END

@!!BEGIN
@!!type:obligation
@!!id:684
@!!loc:586:42:586:53
@!!status:trivial
@!!prover:tlapm
@!!already:false
@!!END

@!!BEGIN
@!!type:obligation
@!!id:679
@!!loc:586:15:586:17
@!!status:proved
@!!prover:smt
@!!meth:time-limit: 60; time-used: 0.7 (1%)
@!!already:false
@!!END

@!!BEGIN
@!!type:obligation
@!!id:674
@!!loc:585:3:585:5
@!!status:proved
@!!prover:smt
@!!meth:time-limit: 60; time-used: 1.3 (2%)
@!!already:false
@!!END

@!!BEGIN
@!!type:obligation
@!!id:670
@!!loc:583:27:583:29
@!!status:proved
@!!prover:smt
@!!meth:time-limit: 60; time-used: 1.6 (3%)
@!!already:false
@!!END

@!!BEGIN
@!!type:obligation
@!!id:686
@!!loc:587:18:587:22
@!!status:trivial
@!!prover:tlapm
@!!already:false
@!!END

@!!BEGIN
@!!type:obligation
@!!id:687
@!!loc:587:24:587:28
@!!status:trivial
@!!prover:tlapm
@!!already:false
@!!END

@!!BEGIN
@!!type:obligation
@!!id:688
@!!loc:587:30:587:34
@!!status:trivial
@!!prover:tlapm
@!!already:false
@!!END

@!!BEGIN
@!!type:obligation
@!!id:689
@!!loc:587:36:587:40
@!!status:trivial
@!!prover:tlapm
@!!already:false
@!!END

@!!BEGIN
@!!type:obligation
@!!id:690
@!!loc:587:42:587:46
@!!status:trivial
@!!prover:tlapm
@!!already:false
@!!END

@!!BEGIN
@!!type:obligation
@!!id:692
@!!loc:588:50:588:54
@!!status:trivial
@!!prover:tlapm
@!!already:false
@!!END

@!!BEGIN
@!!type:obligation
@!!id:693
@!!loc:588:56:588:60
@!!status:trivial
@!!prover:tlapm
@!!already:false
@!!END

@!!BEGIN
@!!type:obligation
@!!id:694
@!!loc:588:62:588:66
@!!status:trivial
@!!prover:tlapm
@!!already:false
@!!END

@!!BEGIN
@!!type:obligation
@!!id:695
@!!loc:588:68:588:72
@!!status:trivial
@!!prover:tlapm
@!!already:false
@!!END

@!!BEGIN
@!!type:obligation
@!!id:691
@!!loc:588:47:588:49
@!!status:proved
@!!prover:smt
@!!meth:time-limit: 60; time-used: 4.1 (7%)
@!!already:false
@!!END

@!!BEGIN
@!!type:obligation
@!!id:685
@!!loc:587:15:587:17
@!!status:proved
@!!prover:smt
@!!meth:time-limit: 60; time-used: 4.8 (8%)
@!!already:false
@!!END

@!!BEGIN
@!!type:obligation
@!!id:697
@!!loc:590:6:590:10
@!!status:trivial
@!!prover:tlapm
@!!already:false
@!!END

@!!BEGIN
@!!type:obligation
@!!id:698
@!!loc:590:12:590:16
@!!status:trivial
@!!prover:tlapm
@!!already:false
@!!END

@!!BEGIN
@!!type:obligation
@!!id:699
@!!loc:590:18:590:22
@!!status:trivial
@!!prover:tlapm
@!!already:false
@!!END

@!!BEGIN
@!!type:obligation
@!!id:700
@!!loc:590:24:590:28
@!!status:trivial
@!!prover:tlapm
@!!already:false
@!!END

@!!BEGIN
@!!type:obligation
@!!id:701
@!!loc:590:30:590:42
@!!status:trivial
@!!prover:tlapm
@!!already:false
@!!END

@!!BEGIN
@!!type:obligation
@!!id:696
@!!loc:590:3:590:5
@!!status:proved
@!!prover:smt
@!!meth:time-limit: 60; time-used: 4.2 (7%)
@!!already:false
@!!END

@!!BEGIN
@!!type:obligation
@!!id:703
@!!loc:592:6:592:10
@!!status:trivial
@!!prover:tlapm
@!!already:false
@!!END

@!!BEGIN
@!!type:obligation
@!!id:704
@!!loc:592:12:592:16
@!!status:trivial
@!!prover:tlapm
@!!already:false
@!!END

@!!BEGIN
@!!type:obligation
@!!id:705
@!!loc:592:18:592:22
@!!status:trivial
@!!prover:tlapm
@!!already:false
@!!END

@!!BEGIN
@!!type:obligation
@!!id:706
@!!loc:592:24:592:28
@!!status:trivial
@!!prover:tlapm
@!!already:false
@!!END

@!!BEGIN
@!!type:obligation
@!!id:707
@!!loc:592:30:592:42
@!!status:trivial
@!!prover:tlapm
@!!already:false
@!!END

@!!BEGIN
@!!type:obligation
@!!id:709
@!!loc:594:6:594:10
@!!status:trivial
@!!prover:tlapm
@!!already:false
@!!END

@!!BEGIN
@!!type:obligation
@!!id:710
@!!loc:594:12:594:16
@!!status:trivial
@!!prover:tlapm
@!!already:false
@!!END

@!!BEGIN
@!!type:obligation
@!!id:711
@!!loc:594:18:594:22
@!!status:trivial
@!!prover:tlapm
@!!already:false
@!!END

@!!BEGIN
@!!type:obligation
@!!id:713
@!!loc:595:19:595:23
@!!status:trivial
@!!prover:tlapm
@!!already:false
@!!END

@!!BEGIN
@!!type:obligation
@!!id:714
@!!loc:595:25:595:29
@!!status:trivial
@!!prover:tlapm
@!!already:false
@!!END

@!!BEGIN
@!!type:obligation
@!!id:715
@!!loc:595:31:595:35
@!!status:trivial
@!!prover:tlapm
@!!already:false
@!!END

@!!BEGIN
@!!type:obligation
@!!id:716
@!!loc:595:37:595:41
@!!status:trivial
@!!prover:tlapm
@!!already:false
@!!END

@!!BEGIN
@!!type:obligation
@!!id:717
@!!loc:595:43:595:48
@!!status:trivial
@!!prover:tlapm
@!!already:false
@!!END

@!!BEGIN
@!!type:obligation
@!!id:718
@!!loc:595:50:595:61
@!!status:trivial
@!!prover:tlapm
@!!already:false
@!!END

@!!BEGIN
@!!type:obligation
@!!id:712
@!!loc:595:16:595:18
@!!status:proved
@!!prover:smt
@!!meth:time-limit: 60; time-used: 0.7 (1%)
@!!already:false
@!!END

@!!BEGIN
@!!type:obligation
@!!id:708
@!!loc:594:3:594:5
@!!status:proved
@!!prover:smt
@!!meth:time-limit: 60; time-used: 1.0 (2%)
@!!already:false
@!!END

@!!BEGIN
@!!type:obligation
@!!id:702
@!!loc:592:3:592:5
@!!status:proved
@!!prover:smt
@!!meth:time-limit: 60; time-used: 1.5 (3%)
@!!already:false
@!!END

@!!BEGIN
@!!type:obligation
@!!id:720
@!!loc:669:13:669:17
@!!status:trivial
@!!prover:tlapm
@!!already:false
@!!END

@!!BEGIN
@!!type:obligation
@!!id:721
@!!loc:669:19:669:23
@!!status:trivial
@!!prover:tlapm
@!!already:false
@!!END

@!!BEGIN
@!!type:obligation
@!!id:722
@!!loc:601:14:601:16
@!!status:proved
@!!prover:smt
@!!meth:time-limit: 60
@!!already:true
@!!END

@!!BEGIN
@!!type:obligation
@!!id:723
@!!loc:602:44:602:46
@!!status:proved
@!!prover:smt
@!!meth:time-limit: 60
@!!already:true
@!!END

@!!BEGIN
@!!type:obligation
@!!id:724
@!!loc:603:14:603:16
@!!status:proved
@!!prover:smt
@!!meth:time-limit: 60
@!!already:true
@!!END

@!!BEGIN
@!!type:obligation
@!!id:725
@!!loc:605:23:605:25
@!!status:proved
@!!prover:smt
@!!meth:time-limit: 60
@!!already:true
@!!END

@!!BEGIN
@!!type:obligation
@!!id:726
@!!loc:605:26:605:30
@!!status:trivial
@!!prover:tlapm
@!!already:false
@!!END

@!!BEGIN
@!!type:obligation
@!!id:729
@!!loc:610:40:610:44
@!!status:trivial
@!!prover:tlapm
@!!already:false
@!!END

@!!BEGIN
@!!type:obligation
@!!id:730
@!!loc:610:46:610:50
@!!status:trivial
@!!prover:tlapm
@!!already:false
@!!END

@!!BEGIN
@!!type:obligation
@!!id:731
@!!loc:610:52:610:56
@!!status:trivial
@!!prover:tlapm
@!!already:false
@!!END

@!!BEGIN
@!!type:obligation
@!!id:732
@!!loc:628:12:628:14
@!!status:proved
@!!prover:smt
@!!meth:time-limit: 60
@!!already:true
@!!END

@!!BEGIN
@!!type:obligation
@!!id:733
@!!loc:628:15:628:19
@!!status:trivial
@!!prover:tlapm
@!!already:false
@!!END

@!!BEGIN
@!!type:obligation
@!!id:734
@!!loc:628:21:628:25
@!!status:trivial
@!!prover:tlapm
@!!already:false
@!!END

@!!BEGIN
@!!type:obligation
@!!id:735
@!!loc:628:27:628:31
@!!status:trivial
@!!prover:tlapm
@!!already:false
@!!END

@!!BEGIN
@!!type:obligation
@!!id:728
@!!loc:610:37:610:39
@!!status:proved
@!!prover:smt
@!!meth:time-limit: 60; time-used: 0.8 (1%)
@!!already:false
@!!END

@!!BEGIN
@!!type:obligation
@!!id:727
@!!loc:609:3:609:5
@!!status:proved
@!!prover:smt
@!!meth:time-limit: 60; time-used: 1.1 (2%)
@!!already:false
@!!END

@!!BEGIN
@!!type:obligation
@!!id:719
@!!loc:669:10:669:12
@!!status:proved
@!!prover:smt
@!!meth:time-limit: 60; time-used: 1.5 (3%)
@!!already:false
@!!END

@!!BEGIN
@!!type:obligation
@!!id:737
@!!loc:615:8:615:12
@!!status:trivial
@!!prover:tlapm
@!!already:false
@!!END

@!!BEGIN
@!!type:obligation
@!!id:736
@!!loc:615:5:615:7
@!!status:proved
@!!prover:smt
@!!meth:time-limit: 60; time-used: 3.2 (5%)
@!!already:false
@!!END

@!!BEGIN
@!!type:obligation
@!!id:739
@!!loc:616:37:616:41
@!!status:trivial
@!!prover:tlapm
@!!already:false
@!!END

@!!BEGIN
@!!type:obligation
@!!id:740
@!!loc:616:43:616:55
@!!status:trivial
@!!prover:tlapm
@!!already:false
@!!END

@!!BEGIN
@!!type:obligation
@!!id:742
@!!loc:618:8:618:12
@!!status:trivial
@!!prover:tlapm
@!!already:false
@!!END

@!!BEGIN
@!!type:obligation
@!!id:743
@!!loc:618:14:618:18
@!!status:trivial
@!!prover:tlapm
@!!already:false
@!!END

@!!BEGIN
@!!type:obligation
@!!id:744
@!!loc:618:20:618:24
@!!status:trivial
@!!prover:tlapm
@!!already:false
@!!END

@!!BEGIN
@!!type:obligation
@!!id:745
@!!loc:618:26:618:34
@!!status:trivial
@!!prover:tlapm
@!!already:false
@!!END

@!!BEGIN
@!!type:obligation
@!!id:747
@!!loc:619:20:619:24
@!!status:trivial
@!!prover:tlapm
@!!already:false
@!!END

@!!BEGIN
@!!type:obligation
@!!id:748
@!!loc:619:26:619:30
@!!status:trivial
@!!prover:tlapm
@!!already:false
@!!END

@!!BEGIN
@!!type:obligation
@!!id:749
@!!loc:619:32:619:36
@!!status:trivial
@!!prover:tlapm
@!!already:false
@!!END

@!!BEGIN
@!!type:obligation
@!!id:750
@!!loc:619:38:619:42
@!!status:trivial
@!!prover:tlapm
@!!already:false
@!!END

@!!BEGIN
@!!type:obligation
@!!id:751
@!!loc:619:44:619:55
@!!status:trivial
@!!prover:tlapm
@!!already:false
@!!END

@!!BEGIN
@!!type:obligation
@!!id:746
@!!loc:619:17:619:19
@!!status:proved
@!!prover:smt
@!!meth:time-limit: 60; time-used: 0.6 (1%)
@!!already:false
@!!END

@!!BEGIN
@!!type:obligation
@!!id:741
@!!loc:618:5:618:7
@!!status:proved
@!!prover:smt
@!!meth:time-limit: 60; time-used: 1.3 (2%)
@!!already:false
@!!END

@!!BEGIN
@!!type:obligation
@!!id:738
@!!loc:616:34:616:36
@!!status:proved
@!!prover:smt
@!!meth:time-limit: 60; time-used: 1.6 (3%)
@!!already:false
@!!END

@!!BEGIN
@!!type:obligation
@!!id:753
@!!loc:620:20:620:24
@!!status:trivial
@!!prover:tlapm
@!!already:false
@!!END

@!!BEGIN
@!!type:obligation
@!!id:754
@!!loc:620:26:620:30
@!!status:trivial
@!!prover:tlapm
@!!already:false
@!!END

@!!BEGIN
@!!type:obligation
@!!id:755
@!!loc:620:32:620:36
@!!status:trivial
@!!prover:tlapm
@!!already:false
@!!END

@!!BEGIN
@!!type:obligation
@!!id:756
@!!loc:620:38:620:42
@!!status:trivial
@!!prover:tlapm
@!!already:false
@!!END

@!!BEGIN
@!!type:obligation
@!!id:757
@!!loc:620:44:620:48
@!!status:trivial
@!!prover:tlapm
@!!already:false
@!!END

@!!BEGIN
@!!type:obligation
@!!id:758
@!!loc:620:50:620:54
@!!status:trivial
@!!prover:tlapm
@!!already:false
@!!END

@!!BEGIN
@!!type:obligation
@!!id:760
@!!loc:621:52:621:56
@!!status:trivial
@!!prover:tlapm
@!!already:false
@!!END

@!!BEGIN
@!!type:obligation
@!!id:761
@!!loc:621:58:621:62
@!!status:trivial
@!!prover:tlapm
@!!already:false
@!!END

@!!BEGIN
@!!type:obligation
@!!id:762
@!!loc:621:64:621:68
@!!status:trivial
@!!prover:tlapm
@!!already:false
@!!END

@!!BEGIN
@!!type:obligation
@!!id:763
@!!loc:621:70:621:74
@!!status:trivial
@!!prover:tlapm
@!!already:false
@!!END

@!!BEGIN
@!!type:obligation
@!!id:759
@!!loc:621:49:621:51
@!!status:proved
@!!prover:smt
@!!meth:time-limit: 60; time-used: 2.2 (4%)
@!!already:false
@!!END

@!!BEGIN
@!!type:obligation
@!!id:752
@!!loc:620:17:620:19
@!!status:proved
@!!prover:smt
@!!meth:time-limit: 60; time-used: 3.0 (5%)
@!!already:false
@!!END

@!!BEGIN
@!!type:obligation
@!!id:765
@!!loc:624:8:624:12
@!!status:trivial
@!!prover:tlapm
@!!already:false
@!!END

@!!BEGIN
@!!type:obligation
@!!id:766
@!!loc:624:14:624:18
@!!status:trivial
@!!prover:tlapm
@!!already:false
@!!END

@!!BEGIN
@!!type:obligation
@!!id:768
@!!loc:626:8:626:12
@!!status:trivial
@!!prover:tlapm
@!!already:false
@!!END

@!!BEGIN
@!!type:obligation
@!!id:769
@!!loc:626:14:626:18
@!!status:trivial
@!!prover:tlapm
@!!already:false
@!!END

@!!BEGIN
@!!type:obligation
@!!id:770
@!!loc:626:20:626:24
@!!status:trivial
@!!prover:tlapm
@!!already:false
@!!END

@!!BEGIN
@!!type:obligation
@!!id:771
@!!loc:627:17:627:19
@!!status:proved
@!!prover:smt
@!!meth:time-limit: 60
@!!already:true
@!!END

@!!BEGIN
@!!type:obligation
@!!id:772
@!!loc:627:20:627:24
@!!status:trivial
@!!prover:tlapm
@!!already:false
@!!END

@!!BEGIN
@!!type:obligation
@!!id:773
@!!loc:627:26:627:30
@!!status:trivial
@!!prover:tlapm
@!!already:false
@!!END

@!!BEGIN
@!!type:obligation
@!!id:774
@!!loc:627:32:627:36
@!!status:trivial
@!!prover:tlapm
@!!already:false
@!!END

@!!BEGIN
@!!type:obligation
@!!id:775
@!!loc:627:38:627:43
@!!status:trivial
@!!prover:tlapm
@!!already:false
@!!END

@!!BEGIN
@!!type:obligation
@!!id:776
@!!loc:627:45:627:56
@!!status:trivial
@!!prover:tlapm
@!!already:false
@!!END

@!!BEGIN
@!!type:obligation
@!!id:777
@!!loc:668:12:668:14
@!!status:proved
@!!prover:smt
@!!meth:time-limit: 60
@!!already:true
@!!END

@!!BEGIN
@!!type:obligation
@!!id:778
@!!loc:668:15:668:20
@!!status:trivial
@!!prover:tlapm
@!!already:false
@!!END

@!!BEGIN
@!!type:obligation
@!!id:779
@!!loc:668:22:668:27
@!!status:trivial
@!!prover:tlapm
@!!already:false
@!!END

@!!BEGIN
@!!type:obligation
@!!id:780
@!!loc:668:29:668:34
@!!status:trivial
@!!prover:tlapm
@!!already:false
@!!END

@!!BEGIN
@!!type:obligation
@!!id:782
@!!loc:637:8:637:12
@!!status:trivial
@!!prover:tlapm
@!!already:false
@!!END

@!!BEGIN
@!!type:obligation
@!!id:781
@!!loc:637:5:637:7
@!!status:proved
@!!prover:smt
@!!meth:time-limit: 60; time-used: 0.3 (0%)
@!!already:false
@!!END

@!!BEGIN
@!!type:obligation
@!!id:767
@!!loc:626:5:626:7
@!!status:proved
@!!prover:smt
@!!meth:time-limit: 60; time-used: 1.4 (2%)
@!!already:false
@!!END

@!!BEGIN
@!!type:obligation
@!!id:764
@!!loc:624:5:624:7
@!!status:proved
@!!prover:smt
@!!meth:time-limit: 60; time-used: 1.7 (3%)
@!!already:false
@!!END

@!!BEGIN
@!!type:obligation
@!!id:784
@!!loc:638:26:638:30
@!!status:trivial
@!!prover:tlapm
@!!already:false
@!!END

@!!BEGIN
@!!type:obligation
@!!id:785
@!!loc:638:32:638:36
@!!status:trivial
@!!prover:tlapm
@!!already:false
@!!END

@!!BEGIN
@!!type:obligation
@!!id:786
@!!loc:638:38:638:48
@!!status:trivial
@!!prover:tlapm
@!!already:false
@!!END

@!!BEGIN
@!!type:obligation
@!!id:788
@!!loc:639:40:639:44
@!!status:trivial
@!!prover:tlapm
@!!already:false
@!!END

@!!BEGIN
@!!type:obligation
@!!id:789
@!!loc:639:46:639:50
@!!status:trivial
@!!prover:tlapm
@!!already:false
@!!END

@!!BEGIN
@!!type:obligation
@!!id:787
@!!loc:639:37:639:39
@!!status:proved
@!!prover:smt
@!!meth:time-limit: 60; time-used: 3.1 (5%)
@!!already:false
@!!END

@!!BEGIN
@!!type:obligation
@!!id:783
@!!loc:638:23:638:25
@!!status:proved
@!!prover:smt
@!!meth:time-limit: 60; time-used: 3.4 (6%)
@!!already:false
@!!END

@!!BEGIN
@!!type:obligation
@!!id:791
@!!loc:644:17:644:21
@!!status:trivial
@!!prover:tlapm
@!!already:false
@!!END

@!!BEGIN
@!!type:obligation
@!!id:792
@!!loc:644:23:644:27
@!!status:trivial
@!!prover:tlapm
@!!already:false
@!!END

@!!BEGIN
@!!type:obligation
@!!id:793
@!!loc:644:29:644:41
@!!status:trivial
@!!prover:tlapm
@!!already:false
@!!END

@!!BEGIN
@!!type:obligation
@!!id:794
@!!loc:644:43:644:52
@!!status:trivial
@!!prover:tlapm
@!!already:false
@!!END

@!!BEGIN
@!!type:obligation
@!!id:790
@!!loc:644:14:644:16
@!!status:proved
@!!prover:smt
@!!meth:time-limit: 60; time-used: 3.2 (5%)
@!!already:false
@!!END

@!!BEGIN
@!!type:obligation
@!!id:796
@!!loc:643:10:643:14
@!!status:trivial
@!!prover:tlapm
@!!already:false
@!!END

@!!BEGIN
@!!type:obligation
@!!id:797
@!!loc:643:16:643:20
@!!status:trivial
@!!prover:tlapm
@!!already:false
@!!END

@!!BEGIN
@!!type:obligation
@!!id:798
@!!loc:643:22:643:34
@!!status:trivial
@!!prover:tlapm
@!!already:false
@!!END

@!!BEGIN
@!!type:obligation
@!!id:795
@!!loc:643:7:643:9
@!!status:proved
@!!prover:smt
@!!meth:time-limit: 60; time-used: 4.2 (7%)
@!!already:false
@!!END

@!!BEGIN
@!!type:obligation
@!!id:800
@!!loc:645:44:645:48
@!!status:trivial
@!!prover:tlapm
@!!already:false
@!!END

@!!BEGIN
@!!type:obligation
@!!id:801
@!!loc:645:50:645:54
@!!status:trivial
@!!prover:tlapm
@!!already:false
@!!END

@!!BEGIN
@!!type:obligation
@!!id:802
@!!loc:645:56:645:68
@!!status:trivial
@!!prover:tlapm
@!!already:false
@!!END

@!!BEGIN
@!!type:obligation
@!!id:804
@!!loc:647:8:647:12
@!!status:trivial
@!!prover:tlapm
@!!already:false
@!!END

@!!BEGIN
@!!type:obligation
@!!id:805
@!!loc:647:14:647:18
@!!status:trivial
@!!prover:tlapm
@!!already:false
@!!END

@!!BEGIN
@!!type:obligation
@!!id:806
@!!loc:647:20:647:24
@!!status:trivial
@!!prover:tlapm
@!!already:false
@!!END

@!!BEGIN
@!!type:obligation
@!!id:807
@!!loc:647:26:647:34
@!!status:trivial
@!!prover:tlapm
@!!already:false
@!!END

@!!BEGIN
@!!type:obligation
@!!id:809
@!!loc:649:8:649:12
@!!status:trivial
@!!prover:tlapm
@!!already:false
@!!END

@!!BEGIN
@!!type:obligation
@!!id:810
@!!loc:649:14:649:18
@!!status:trivial
@!!prover:tlapm
@!!already:false
@!!END

@!!BEGIN
@!!type:obligation
@!!id:811
@!!loc:649:20:649:24
@!!status:trivial
@!!prover:tlapm
@!!already:false
@!!END

@!!BEGIN
@!!type:obligation
@!!id:812
@!!loc:649:26:649:30
@!!status:trivial
@!!prover:tlapm
@!!already:false
@!!END

@!!BEGIN
@!!type:obligation
@!!id:813
@!!loc:649:32:649:36
@!!status:trivial
@!!prover:tlapm
@!!already:false
@!!END

@!!BEGIN
@!!type:obligation
@!!id:814
@!!loc:649:38:649:42
@!!status:trivial
@!!prover:tlapm
@!!already:false
@!!END

@!!BEGIN
@!!type:obligation
@!!id:808
@!!loc:649:5:649:7
@!!status:proved
@!!prover:smt
@!!meth:time-limit: 60; time-used: 0.9 (2%)
@!!already:false
@!!END

@!!BEGIN
@!!type:obligation
@!!id:803
@!!loc:647:5:647:7
@!!status:proved
@!!prover:smt
@!!meth:time-limit: 60; time-used: 1.4 (2%)
@!!already:false
@!!END

@!!BEGIN
@!!type:obligation
@!!id:799
@!!loc:645:41:645:43
@!!status:proved
@!!prover:smt
@!!meth:time-limit: 60; time-used: 1.8 (3%)
@!!already:false
@!!END

@!!BEGIN
@!!type:obligation
@!!id:816
@!!loc:650:45:650:49
@!!status:trivial
@!!prover:tlapm
@!!already:false
@!!END

@!!BEGIN
@!!type:obligation
@!!id:817
@!!loc:650:51:650:55
@!!status:trivial
@!!prover:tlapm
@!!already:false
@!!END

@!!BEGIN
@!!type:obligation
@!!id:819
@!!loc:651:20:651:24
@!!status:trivial
@!!prover:tlapm
@!!already:false
@!!END

@!!BEGIN
@!!type:obligation
@!!id:820
@!!loc:651:26:651:30
@!!status:trivial
@!!prover:tlapm
@!!already:false
@!!END

@!!BEGIN
@!!type:obligation
@!!id:821
@!!loc:651:32:651:36
@!!status:trivial
@!!prover:tlapm
@!!already:false
@!!END

@!!BEGIN
@!!type:obligation
@!!id:822
@!!loc:651:38:651:42
@!!status:trivial
@!!prover:tlapm
@!!already:false
@!!END

@!!BEGIN
@!!type:obligation
@!!id:823
@!!loc:651:44:651:55
@!!status:trivial
@!!prover:tlapm
@!!already:false
@!!END

@!!BEGIN
@!!type:obligation
@!!id:825
@!!loc:652:21:652:25
@!!status:trivial
@!!prover:tlapm
@!!already:false
@!!END

@!!BEGIN
@!!type:obligation
@!!id:826
@!!loc:652:27:652:31
@!!status:trivial
@!!prover:tlapm
@!!already:false
@!!END

@!!BEGIN
@!!type:obligation
@!!id:827
@!!loc:652:33:652:37
@!!status:trivial
@!!prover:tlapm
@!!already:false
@!!END

@!!BEGIN
@!!type:obligation
@!!id:828
@!!loc:652:39:652:43
@!!status:trivial
@!!prover:tlapm
@!!already:false
@!!END

@!!BEGIN
@!!type:obligation
@!!id:829
@!!loc:652:45:652:49
@!!status:trivial
@!!prover:tlapm
@!!already:false
@!!END

@!!BEGIN
@!!type:obligation
@!!id:830
@!!loc:652:51:652:55
@!!status:trivial
@!!prover:tlapm
@!!already:false
@!!END

@!!BEGIN
@!!type:obligation
@!!id:831
@!!loc:652:57:652:61
@!!status:trivial
@!!prover:tlapm
@!!already:false
@!!END

@!!BEGIN
@!!type:obligation
@!!id:832
@!!loc:652:63:652:67
@!!status:trivial
@!!prover:tlapm
@!!already:false
@!!END

@!!BEGIN
@!!type:obligation
@!!id:824
@!!loc:652:18:652:20
@!!status:proved
@!!prover:smt
@!!meth:time-limit: 60; time-used: 1.0 (2%)
@!!already:false
@!!END

@!!BEGIN
@!!type:obligation
@!!id:818
@!!loc:651:17:651:19
@!!status:proved
@!!prover:smt
@!!meth:time-limit: 60; time-used: 1.6 (3%)
@!!already:false
@!!END

@!!BEGIN
@!!type:obligation
@!!id:815
@!!loc:650:42:650:44
@!!status:proved
@!!prover:smt
@!!meth:time-limit: 60; time-used: 1.9 (3%)
@!!already:false
@!!END

@!!BEGIN
@!!type:obligation
@!!id:834
@!!loc:653:53:653:57
@!!status:trivial
@!!prover:tlapm
@!!already:false
@!!END

@!!BEGIN
@!!type:obligation
@!!id:835
@!!loc:653:59:653:63
@!!status:trivial
@!!prover:tlapm
@!!already:false
@!!END

@!!BEGIN
@!!type:obligation
@!!id:836
@!!loc:653:65:653:69
@!!status:trivial
@!!prover:tlapm
@!!already:false
@!!END

@!!BEGIN
@!!type:obligation
@!!id:837
@!!loc:653:71:653:75
@!!status:trivial
@!!prover:tlapm
@!!already:false
@!!END

@!!BEGIN
@!!type:obligation
@!!id:838
@!!loc:653:77:653:81
@!!status:trivial
@!!prover:tlapm
@!!already:false
@!!END

@!!BEGIN
@!!type:obligation
@!!id:839
@!!loc:653:83:653:87
@!!status:trivial
@!!prover:tlapm
@!!already:false
@!!END

@!!BEGIN
@!!type:obligation
@!!id:841
@!!loc:664:17:664:21
@!!status:trivial
@!!prover:tlapm
@!!already:false
@!!END

@!!BEGIN
@!!type:obligation
@!!id:842
@!!loc:664:23:664:27
@!!status:trivial
@!!prover:tlapm
@!!already:false
@!!END

@!!BEGIN
@!!type:obligation
@!!id:843
@!!loc:664:29:664:33
@!!status:trivial
@!!prover:tlapm
@!!already:false
@!!END

@!!BEGIN
@!!type:obligation
@!!id:840
@!!loc:664:14:664:16
@!!status:proved
@!!prover:smt
@!!meth:time-limit: 60; time-used: 3.3 (6%)
@!!already:false
@!!END

@!!BEGIN
@!!type:obligation
@!!id:833
@!!loc:653:50:653:52
@!!status:proved
@!!prover:smt
@!!meth:time-limit: 60; time-used: 4.2 (7%)
@!!already:false
@!!END

@!!BEGIN
@!!type:obligation
@!!id:845
@!!loc:657:10:657:14
@!!status:trivial
@!!prover:tlapm
@!!already:false
@!!END

@!!BEGIN
@!!type:obligation
@!!id:846
@!!loc:657:16:657:20
@!!status:trivial
@!!prover:tlapm
@!!already:false
@!!END

@!!BEGIN
@!!type:obligation
@!!id:847
@!!loc:657:22:657:26
@!!status:trivial
@!!prover:tlapm
@!!already:false
@!!END

@!!BEGIN
@!!type:obligation
@!!id:848
@!!loc:657:28:657:32
@!!status:trivial
@!!prover:tlapm
@!!already:false
@!!END

@!!BEGIN
@!!type:obligation
@!!id:849
@!!loc:657:34:657:46
@!!status:trivial
@!!prover:tlapm
@!!already:false
@!!END

@!!BEGIN
@!!type:obligation
@!!id:844
@!!loc:657:7:657:9
@!!status:proved
@!!prover:smt
@!!meth:time-limit: 60; time-used: 3.5 (6%)
@!!already:false
@!!END

@!!BEGIN
@!!type:obligation
@!!id:851
@!!loc:659:10:659:14
@!!status:trivial
@!!prover:tlapm
@!!already:false
@!!END

@!!BEGIN
@!!type:obligation
@!!id:852
@!!loc:659:16:659:20
@!!status:trivial
@!!prover:tlapm
@!!already:false
@!!END

@!!BEGIN
@!!type:obligation
@!!id:853
@!!loc:659:22:659:26
@!!status:trivial
@!!prover:tlapm
@!!already:false
@!!END

@!!BEGIN
@!!type:obligation
@!!id:854
@!!loc:659:28:659:32
@!!status:trivial
@!!prover:tlapm
@!!already:false
@!!END

@!!BEGIN
@!!type:obligation
@!!id:855
@!!loc:659:34:659:46
@!!status:trivial
@!!prover:tlapm
@!!already:false
@!!END

@!!BEGIN
@!!type:obligation
@!!id:858
@!!loc:666:8:666:12
@!!status:trivial
@!!prover:tlapm
@!!already:false
@!!END

@!!BEGIN
@!!type:obligation
@!!id:859
@!!loc:666:14:666:18
@!!status:trivial
@!!prover:tlapm
@!!already:false
@!!END

@!!BEGIN
@!!type:obligation
@!!id:860
@!!loc:666:20:666:24
@!!status:trivial
@!!prover:tlapm
@!!already:false
@!!END

@!!BEGIN
@!!type:obligation
@!!id:857
@!!loc:666:5:666:7
@!!status:proved
@!!prover:smt
@!!meth:time-limit: 60; time-used: 0.4 (1%)
@!!already:false
@!!END

@!!BEGIN
@!!type:obligation
@!!id:856
@!!loc:663:7:663:9
@!!status:proved
@!!prover:smt
@!!meth:time-limit: 60; time-used: 0.7 (1%)
@!!already:false
@!!END

@!!BEGIN
@!!type:obligation
@!!id:850
@!!loc:659:7:659:9
@!!status:proved
@!!prover:smt
@!!meth:time-limit: 60; time-used: 3.1 (5%)
@!!already:false
@!!END

@!!BEGIN
@!!type:obligation
@!!id:862
@!!loc:667:21:667:25
@!!status:trivial
@!!prover:tlapm
@!!already:false
@!!END

@!!BEGIN
@!!type:obligation
@!!id:863
@!!loc:667:27:667:31
@!!status:trivial
@!!prover:tlapm
@!!already:false
@!!END

@!!BEGIN
@!!type:obligation
@!!id:864
@!!loc:667:33:667:38
@!!status:trivial
@!!prover:tlapm
@!!already:false
@!!END

@!!BEGIN
@!!type:obligation
@!!id:865
@!!loc:667:40:667:46
@!!status:trivial
@!!prover:tlapm
@!!already:false
@!!END

@!!BEGIN
@!!type:obligation
@!!id:866
@!!loc:667:48:667:59
@!!status:trivial
@!!prover:tlapm
@!!already:false
@!!END

@!!BEGIN
@!!type:obligation
@!!id:867
@!!loc:701:10:701:12
@!!status:proved
@!!prover:smt
@!!meth:time-limit: 60
@!!already:true
@!!END

@!!BEGIN
@!!type:obligation
@!!id:868
@!!loc:701:13:701:17
@!!status:trivial
@!!prover:tlapm
@!!already:false
@!!END

@!!BEGIN
@!!type:obligation
@!!id:869
@!!loc:701:19:701:23
@!!status:trivial
@!!prover:tlapm
@!!already:false
@!!END

@!!BEGIN
@!!type:obligation
@!!id:870
@!!loc:701:25:701:30
@!!status:trivial
@!!prover:tlapm
@!!already:false
@!!END

@!!BEGIN
@!!type:obligation
@!!id:871
@!!loc:677:14:677:16
@!!status:proved
@!!prover:smt
@!!meth:time-limit: 60
@!!already:true
@!!END

@!!BEGIN
@!!type:obligation
@!!id:872
@!!loc:678:44:678:46
@!!status:proved
@!!prover:smt
@!!meth:time-limit: 60
@!!already:true
@!!END

@!!BEGIN
@!!type:obligation
@!!id:873
@!!loc:679:14:679:16
@!!status:proved
@!!prover:smt
@!!meth:time-limit: 60
@!!already:true
@!!END

@!!BEGIN
@!!type:obligation
@!!id:874
@!!loc:680:23:680:25
@!!status:proved
@!!prover:smt
@!!meth:time-limit: 60
@!!already:true
@!!END

@!!BEGIN
@!!type:obligation
@!!id:875
@!!loc:680:26:680:30
@!!status:trivial
@!!prover:tlapm
@!!already:false
@!!END

@!!BEGIN
@!!type:obligation
@!!id:876
@!!loc:681:80:681:82
@!!status:proved
@!!prover:smt
@!!meth:time-limit: 60
@!!already:true
@!!END

@!!BEGIN
@!!type:obligation
@!!id:877
@!!loc:681:83:681:87
@!!status:trivial
@!!prover:tlapm
@!!already:false
@!!END

@!!BEGIN
@!!type:obligation
@!!id:879
@!!loc:687:12:687:19
@!!status:proved
@!!prover:smt
@!!meth:time-limit: 60
@!!already:true
@!!END

@!!BEGIN
@!!type:obligation
@!!id:878
@!!loc:686:3:686:5
@!!status:proved
@!!prover:smt
@!!meth:time-limit: 60; time-used: 3.2 (5%)
@!!already:false
@!!END

@!!BEGIN
@!!type:obligation
@!!id:861
@!!loc:667:18:667:20
@!!status:proved
@!!prover:smt
@!!meth:time-limit: 60; time-used: 4.2 (7%)
@!!already:false
@!!END

@!!BEGIN
@!!type:obligation
@!!id:881
@!!loc:688:34:688:38
@!!status:trivial
@!!prover:tlapm
@!!already:false
@!!END

@!!BEGIN
@!!type:obligation
@!!id:882
@!!loc:688:40:688:44
@!!status:trivial
@!!prover:tlapm
@!!already:false
@!!END

@!!BEGIN
@!!type:obligation
@!!id:883
@!!loc:688:46:688:58
@!!status:trivial
@!!prover:tlapm
@!!already:false
@!!END

@!!BEGIN
@!!type:obligation
@!!id:885
@!!loc:690:6:690:10
@!!status:trivial
@!!prover:tlapm
@!!already:false
@!!END

@!!BEGIN
@!!type:obligation
@!!id:886
@!!loc:690:12:690:16
@!!status:trivial
@!!prover:tlapm
@!!already:false
@!!END

@!!BEGIN
@!!type:obligation
@!!id:887
@!!loc:690:18:690:22
@!!status:trivial
@!!prover:tlapm
@!!already:false
@!!END

@!!BEGIN
@!!type:obligation
@!!id:888
@!!loc:690:24:690:32
@!!status:trivial
@!!prover:tlapm
@!!already:false
@!!END

@!!BEGIN
@!!type:obligation
@!!id:890
@!!loc:691:18:691:22
@!!status:trivial
@!!prover:tlapm
@!!already:false
@!!END

@!!BEGIN
@!!type:obligation
@!!id:891
@!!loc:691:24:691:28
@!!status:trivial
@!!prover:tlapm
@!!already:false
@!!END

@!!BEGIN
@!!type:obligation
@!!id:892
@!!loc:691:30:691:34
@!!status:trivial
@!!prover:tlapm
@!!already:false
@!!END

@!!BEGIN
@!!type:obligation
@!!id:893
@!!loc:691:36:691:40
@!!status:trivial
@!!prover:tlapm
@!!already:false
@!!END

@!!BEGIN
@!!type:obligation
@!!id:894
@!!loc:691:42:691:53
@!!status:trivial
@!!prover:tlapm
@!!already:false
@!!END

@!!BEGIN
@!!type:obligation
@!!id:889
@!!loc:691:15:691:17
@!!status:proved
@!!prover:smt
@!!meth:time-limit: 60; time-used: 0.7 (1%)
@!!already:false
@!!END

@!!BEGIN
@!!type:obligation
@!!id:884
@!!loc:690:3:690:5
@!!status:proved
@!!prover:smt
@!!meth:time-limit: 60; time-used: 1.3 (2%)
@!!already:false
@!!END

@!!BEGIN
@!!type:obligation
@!!id:880
@!!loc:688:31:688:33
@!!status:proved
@!!prover:smt
@!!meth:time-limit: 60; time-used: 1.7 (3%)
@!!already:false
@!!END

@!!BEGIN
@!!type:obligation
@!!id:896
@!!loc:692:18:692:22
@!!status:trivial
@!!prover:tlapm
@!!already:false
@!!END

@!!BEGIN
@!!type:obligation
@!!id:897
@!!loc:692:24:692:28
@!!status:trivial
@!!prover:tlapm
@!!already:false
@!!END

@!!BEGIN
@!!type:obligation
@!!id:898
@!!loc:692:30:692:34
@!!status:trivial
@!!prover:tlapm
@!!already:false
@!!END

@!!BEGIN
@!!type:obligation
@!!id:899
@!!loc:692:36:692:40
@!!status:trivial
@!!prover:tlapm
@!!already:false
@!!END

@!!BEGIN
@!!type:obligation
@!!id:900
@!!loc:692:42:692:46
@!!status:trivial
@!!prover:tlapm
@!!already:false
@!!END

@!!BEGIN
@!!type:obligation
@!!id:902
@!!loc:693:50:693:54
@!!status:trivial
@!!prover:tlapm
@!!already:false
@!!END

@!!BEGIN
@!!type:obligation
@!!id:903
@!!loc:693:56:693:60
@!!status:trivial
@!!prover:tlapm
@!!already:false
@!!END

@!!BEGIN
@!!type:obligation
@!!id:904
@!!loc:693:62:693:66
@!!status:trivial
@!!prover:tlapm
@!!already:false
@!!END

@!!BEGIN
@!!type:obligation
@!!id:905
@!!loc:693:68:693:72
@!!status:trivial
@!!prover:tlapm
@!!already:false
@!!END

@!!BEGIN
@!!type:obligation
@!!id:901
@!!loc:693:47:693:49
@!!status:proved
@!!prover:smt
@!!meth:time-limit: 60; time-used: 4.0 (7%)
@!!already:false
@!!END

@!!BEGIN
@!!type:obligation
@!!id:895
@!!loc:692:15:692:17
@!!status:proved
@!!prover:smt
@!!meth:time-limit: 60; time-used: 4.6 (8%)
@!!already:false
@!!END

@!!BEGIN
@!!type:obligation
@!!id:907
@!!loc:695:6:695:10
@!!status:trivial
@!!prover:tlapm
@!!already:false
@!!END

@!!BEGIN
@!!type:obligation
@!!id:908
@!!loc:695:12:695:16
@!!status:trivial
@!!prover:tlapm
@!!already:false
@!!END

@!!BEGIN
@!!type:obligation
@!!id:909
@!!loc:695:18:695:22
@!!status:trivial
@!!prover:tlapm
@!!already:false
@!!END

@!!BEGIN
@!!type:obligation
@!!id:910
@!!loc:695:24:695:28
@!!status:trivial
@!!prover:tlapm
@!!already:false
@!!END

@!!BEGIN
@!!type:obligation
@!!id:911
@!!loc:695:30:695:42
@!!status:trivial
@!!prover:tlapm
@!!already:false
@!!END

@!!BEGIN
@!!type:obligation
@!!id:906
@!!loc:695:3:695:5
@!!status:proved
@!!prover:smt
@!!meth:time-limit: 60; time-used: 4.2 (7%)
@!!already:false
@!!END

@!!BEGIN
@!!type:obligation
@!!id:913
@!!loc:697:6:697:10
@!!status:trivial
@!!prover:tlapm
@!!already:false
@!!END

@!!BEGIN
@!!type:obligation
@!!id:914
@!!loc:697:12:697:16
@!!status:trivial
@!!prover:tlapm
@!!already:false
@!!END

@!!BEGIN
@!!type:obligation
@!!id:915
@!!loc:697:18:697:22
@!!status:trivial
@!!prover:tlapm
@!!already:false
@!!END

@!!BEGIN
@!!type:obligation
@!!id:916
@!!loc:697:24:697:28
@!!status:trivial
@!!prover:tlapm
@!!already:false
@!!END

@!!BEGIN
@!!type:obligation
@!!id:917
@!!loc:697:30:697:42
@!!status:trivial
@!!prover:tlapm
@!!already:false
@!!END

@!!BEGIN
@!!type:obligation
@!!id:919
@!!loc:699:6:699:10
@!!status:trivial
@!!prover:tlapm
@!!already:false
@!!END

@!!BEGIN
@!!type:obligation
@!!id:920
@!!loc:699:12:699:16
@!!status:trivial
@!!prover:tlapm
@!!already:false
@!!END

@!!BEGIN
@!!type:obligation
@!!id:921
@!!loc:699:18:699:22
@!!status:trivial
@!!prover:tlapm
@!!already:false
@!!END

@!!BEGIN
@!!type:obligation
@!!id:922
@!!loc:700:16:700:18
@!!status:proved
@!!prover:smt
@!!meth:time-limit: 60
@!!already:true
@!!END

@!!BEGIN
@!!type:obligation
@!!id:923
@!!loc:700:19:700:23
@!!status:trivial
@!!prover:tlapm
@!!already:false
@!!END

@!!BEGIN
@!!type:obligation
@!!id:924
@!!loc:700:25:700:29
@!!status:trivial
@!!prover:tlapm
@!!already:false
@!!END

@!!BEGIN
@!!type:obligation
@!!id:925
@!!loc:700:31:700:35
@!!status:trivial
@!!prover:tlapm
@!!already:false
@!!END

@!!BEGIN
@!!type:obligation
@!!id:926
@!!loc:700:37:700:41
@!!status:trivial
@!!prover:tlapm
@!!already:false
@!!END

@!!BEGIN
@!!type:obligation
@!!id:927
@!!loc:700:43:700:48
@!!status:trivial
@!!prover:tlapm
@!!already:false
@!!END

@!!BEGIN
@!!type:obligation
@!!id:928
@!!loc:700:50:700:61
@!!status:trivial
@!!prover:tlapm
@!!already:false
@!!END

@!!BEGIN
@!!type:obligation
@!!id:929
@!!loc:730:10:730:12
@!!status:proved
@!!prover:smt
@!!meth:time-limit: 60
@!!already:true
@!!END

@!!BEGIN
@!!type:obligation
@!!id:930
@!!loc:730:13:730:17
@!!status:trivial
@!!prover:tlapm
@!!already:false
@!!END

@!!BEGIN
@!!type:obligation
@!!id:931
@!!loc:730:19:730:23
@!!status:trivial
@!!prover:tlapm
@!!already:false
@!!END

@!!BEGIN
@!!type:obligation
@!!id:932
@!!loc:730:25:730:30
@!!status:trivial
@!!prover:tlapm
@!!already:false
@!!END

@!!BEGIN
@!!type:obligation
@!!id:933
@!!loc:706:14:706:16
@!!status:proved
@!!prover:smt
@!!meth:time-limit: 60
@!!already:true
@!!END

@!!BEGIN
@!!type:obligation
@!!id:934
@!!loc:707:44:707:46
@!!status:proved
@!!prover:smt
@!!meth:time-limit: 60
@!!already:true
@!!END

@!!BEGIN
@!!type:obligation
@!!id:935
@!!loc:708:14:708:16
@!!status:proved
@!!prover:smt
@!!meth:time-limit: 60
@!!already:true
@!!END

@!!BEGIN
@!!type:obligation
@!!id:936
@!!loc:709:23:709:25
@!!status:proved
@!!prover:smt
@!!meth:time-limit: 60
@!!already:true
@!!END

@!!BEGIN
@!!type:obligation
@!!id:937
@!!loc:709:26:709:30
@!!status:trivial
@!!prover:tlapm
@!!already:false
@!!END

@!!BEGIN
@!!type:obligation
@!!id:938
@!!loc:710:80:710:82
@!!status:proved
@!!prover:smt
@!!meth:time-limit: 60
@!!already:true
@!!END

@!!BEGIN
@!!type:obligation
@!!id:939
@!!loc:710:83:710:87
@!!status:trivial
@!!prover:tlapm
@!!already:false
@!!END

@!!BEGIN
@!!type:obligation
@!!id:941
@!!loc:716:12:716:19
@!!status:proved
@!!prover:smt
@!!meth:time-limit: 60
@!!already:true
@!!END

@!!BEGIN
@!!type:obligation
@!!id:940
@!!loc:715:3:715:5
@!!status:proved
@!!prover:smt
@!!meth:time-limit: 60; time-used: 3.2 (5%)
@!!already:false
@!!END

@!!BEGIN
@!!type:obligation
@!!id:918
@!!loc:699:3:699:5
@!!status:proved
@!!prover:smt
@!!meth:time-limit: 60; time-used: 4.5 (8%)
@!!already:false
@!!END

@!!BEGIN
@!!type:obligation
@!!id:912
@!!loc:697:3:697:5
@!!status:proved
@!!prover:smt
@!!meth:time-limit: 60; time-used: 5.0 (8%)
@!!already:false
@!!END

@!!BEGIN
@!!type:obligation
@!!id:943
@!!loc:717:31:717:35
@!!status:trivial
@!!prover:tlapm
@!!already:false
@!!END

@!!BEGIN
@!!type:obligation
@!!id:944
@!!loc:717:37:717:41
@!!status:trivial
@!!prover:tlapm
@!!already:false
@!!END

@!!BEGIN
@!!type:obligation
@!!id:945
@!!loc:717:43:717:55
@!!status:trivial
@!!prover:tlapm
@!!already:false
@!!END

@!!BEGIN
@!!type:obligation
@!!id:947
@!!loc:719:6:719:10
@!!status:trivial
@!!prover:tlapm
@!!already:false
@!!END

@!!BEGIN
@!!type:obligation
@!!id:948
@!!loc:719:12:719:16
@!!status:trivial
@!!prover:tlapm
@!!already:false
@!!END

@!!BEGIN
@!!type:obligation
@!!id:949
@!!loc:719:18:719:22
@!!status:trivial
@!!prover:tlapm
@!!already:false
@!!END

@!!BEGIN
@!!type:obligation
@!!id:950
@!!loc:719:24:719:32
@!!status:trivial
@!!prover:tlapm
@!!already:false
@!!END

@!!BEGIN
@!!type:obligation
@!!id:952
@!!loc:720:18:720:22
@!!status:trivial
@!!prover:tlapm
@!!already:false
@!!END

@!!BEGIN
@!!type:obligation
@!!id:953
@!!loc:720:24:720:28
@!!status:trivial
@!!prover:tlapm
@!!already:false
@!!END

@!!BEGIN
@!!type:obligation
@!!id:954
@!!loc:720:30:720:34
@!!status:trivial
@!!prover:tlapm
@!!already:false
@!!END

@!!BEGIN
@!!type:obligation
@!!id:955
@!!loc:720:36:720:40
@!!status:trivial
@!!prover:tlapm
@!!already:false
@!!END

@!!BEGIN
@!!type:obligation
@!!id:956
@!!loc:720:42:720:53
@!!status:trivial
@!!prover:tlapm
@!!already:false
@!!END

@!!BEGIN
@!!type:obligation
@!!id:951
@!!loc:720:15:720:17
@!!status:proved
@!!prover:smt
@!!meth:time-limit: 60; time-used: 0.6 (1%)
@!!already:false
@!!END

@!!BEGIN
@!!type:obligation
@!!id:946
@!!loc:719:3:719:5
@!!status:proved
@!!prover:smt
@!!meth:time-limit: 60; time-used: 1.3 (2%)
@!!already:false
@!!END

@!!BEGIN
@!!type:obligation
@!!id:942
@!!loc:717:28:717:30
@!!status:proved
@!!prover:smt
@!!meth:time-limit: 60; time-used: 1.6 (3%)
@!!already:false
@!!END

@!!BEGIN
@!!type:obligation
@!!id:958
@!!loc:721:18:721:22
@!!status:trivial
@!!prover:tlapm
@!!already:false
@!!END

@!!BEGIN
@!!type:obligation
@!!id:959
@!!loc:721:24:721:28
@!!status:trivial
@!!prover:tlapm
@!!already:false
@!!END

@!!BEGIN
@!!type:obligation
@!!id:960
@!!loc:721:30:721:34
@!!status:trivial
@!!prover:tlapm
@!!already:false
@!!END

@!!BEGIN
@!!type:obligation
@!!id:961
@!!loc:721:36:721:40
@!!status:trivial
@!!prover:tlapm
@!!already:false
@!!END

@!!BEGIN
@!!type:obligation
@!!id:962
@!!loc:721:42:721:46
@!!status:trivial
@!!prover:tlapm
@!!already:false
@!!END

@!!BEGIN
@!!type:obligation
@!!id:964
@!!loc:722:50:722:54
@!!status:trivial
@!!prover:tlapm
@!!already:false
@!!END

@!!BEGIN
@!!type:obligation
@!!id:965
@!!loc:722:56:722:60
@!!status:trivial
@!!prover:tlapm
@!!already:false
@!!END

@!!BEGIN
@!!type:obligation
@!!id:966
@!!loc:722:62:722:66
@!!status:trivial
@!!prover:tlapm
@!!already:false
@!!END

@!!BEGIN
@!!type:obligation
@!!id:967
@!!loc:722:68:722:72
@!!status:trivial
@!!prover:tlapm
@!!already:false
@!!END

@!!BEGIN
@!!type:obligation
@!!id:963
@!!loc:722:47:722:49
@!!status:proved
@!!prover:smt
@!!meth:time-limit: 60; time-used: 4.0 (7%)
@!!already:false
@!!END

@!!BEGIN
@!!type:obligation
@!!id:957
@!!loc:721:15:721:17
@!!status:proved
@!!prover:smt
@!!meth:time-limit: 60; time-used: 4.6 (8%)
@!!already:false
@!!END

@!!BEGIN
@!!type:obligation
@!!id:969
@!!loc:724:6:724:10
@!!status:trivial
@!!prover:tlapm
@!!already:false
@!!END

@!!BEGIN
@!!type:obligation
@!!id:970
@!!loc:724:12:724:16
@!!status:trivial
@!!prover:tlapm
@!!already:false
@!!END

@!!BEGIN
@!!type:obligation
@!!id:971
@!!loc:724:18:724:22
@!!status:trivial
@!!prover:tlapm
@!!already:false
@!!END

@!!BEGIN
@!!type:obligation
@!!id:972
@!!loc:724:24:724:28
@!!status:trivial
@!!prover:tlapm
@!!already:false
@!!END

@!!BEGIN
@!!type:obligation
@!!id:973
@!!loc:724:30:724:42
@!!status:trivial
@!!prover:tlapm
@!!already:false
@!!END

@!!BEGIN
@!!type:obligation
@!!id:968
@!!loc:724:3:724:5
@!!status:proved
@!!prover:smt
@!!meth:time-limit: 60; time-used: 4.2 (7%)
@!!already:false
@!!END

@!!BEGIN
@!!type:obligation
@!!id:975
@!!loc:726:6:726:10
@!!status:trivial
@!!prover:tlapm
@!!already:false
@!!END

@!!BEGIN
@!!type:obligation
@!!id:976
@!!loc:726:12:726:16
@!!status:trivial
@!!prover:tlapm
@!!already:false
@!!END

@!!BEGIN
@!!type:obligation
@!!id:977
@!!loc:726:18:726:22
@!!status:trivial
@!!prover:tlapm
@!!already:false
@!!END

@!!BEGIN
@!!type:obligation
@!!id:978
@!!loc:726:24:726:28
@!!status:trivial
@!!prover:tlapm
@!!already:false
@!!END

@!!BEGIN
@!!type:obligation
@!!id:979
@!!loc:726:30:726:42
@!!status:trivial
@!!prover:tlapm
@!!already:false
@!!END

@!!BEGIN
@!!type:obligation
@!!id:981
@!!loc:728:6:728:10
@!!status:trivial
@!!prover:tlapm
@!!already:false
@!!END

@!!BEGIN
@!!type:obligation
@!!id:982
@!!loc:728:12:728:16
@!!status:trivial
@!!prover:tlapm
@!!already:false
@!!END

@!!BEGIN
@!!type:obligation
@!!id:983
@!!loc:728:18:728:22
@!!status:trivial
@!!prover:tlapm
@!!already:false
@!!END

@!!BEGIN
@!!type:obligation
@!!id:984
@!!loc:729:16:729:18
@!!status:proved
@!!prover:smt
@!!meth:time-limit: 60
@!!already:true
@!!END

@!!BEGIN
@!!type:obligation
@!!id:985
@!!loc:729:19:729:23
@!!status:trivial
@!!prover:tlapm
@!!already:false
@!!END

@!!BEGIN
@!!type:obligation
@!!id:986
@!!loc:729:25:729:29
@!!status:trivial
@!!prover:tlapm
@!!already:false
@!!END

@!!BEGIN
@!!type:obligation
@!!id:987
@!!loc:729:31:729:35
@!!status:trivial
@!!prover:tlapm
@!!already:false
@!!END

@!!BEGIN
@!!type:obligation
@!!id:988
@!!loc:729:37:729:41
@!!status:trivial
@!!prover:tlapm
@!!already:false
@!!END

@!!BEGIN
@!!type:obligation
@!!id:989
@!!loc:729:43:729:48
@!!status:trivial
@!!prover:tlapm
@!!already:false
@!!END

@!!BEGIN
@!!type:obligation
@!!id:990
@!!loc:729:50:729:61
@!!status:trivial
@!!prover:tlapm
@!!already:false
@!!END

@!!BEGIN
@!!type:obligation
@!!id:991
@!!loc:758:10:758:12
@!!status:proved
@!!prover:smt
@!!meth:time-limit: 60
@!!already:true
@!!END

@!!BEGIN
@!!type:obligation
@!!id:992
@!!loc:758:13:758:17
@!!status:trivial
@!!prover:tlapm
@!!already:false
@!!END

@!!BEGIN
@!!type:obligation
@!!id:993
@!!loc:758:19:758:23
@!!status:trivial
@!!prover:tlapm
@!!already:false
@!!END

@!!BEGIN
@!!type:obligation
@!!id:994
@!!loc:758:25:758:30
@!!status:trivial
@!!prover:tlapm
@!!already:false
@!!END

@!!BEGIN
@!!type:obligation
@!!id:995
@!!loc:735:14:735:16
@!!status:proved
@!!prover:smt
@!!meth:time-limit: 60
@!!already:true
@!!END

@!!BEGIN
@!!type:obligation
@!!id:996
@!!loc:736:44:736:46
@!!status:proved
@!!prover:smt
@!!meth:time-limit: 60
@!!already:true
@!!END

@!!BEGIN
@!!type:obligation
@!!id:997
@!!loc:737:14:737:16
@!!status:proved
@!!prover:smt
@!!meth:time-limit: 60
@!!already:true
@!!END

@!!BEGIN
@!!type:obligation
@!!id:998
@!!loc:738:23:738:25
@!!status:proved
@!!prover:smt
@!!meth:time-limit: 60
@!!already:true
@!!END

@!!BEGIN
@!!type:obligation
@!!id:999
@!!loc:738:26:738:30
@!!status:trivial
@!!prover:tlapm
@!!already:false
@!!END

@!!BEGIN
@!!type:obligation
@!!id:1000
@!!loc:739:80:739:82
@!!status:proved
@!!prover:smt
@!!meth:time-limit: 60
@!!already:true
@!!END

@!!BEGIN
@!!type:obligation
@!!id:1001
@!!loc:739:83:739:87
@!!status:trivial
@!!prover:tlapm
@!!already:false
@!!END

@!!BEGIN
@!!type:obligation
@!!id:1003
@!!loc:744:12:744:19
@!!status:proved
@!!prover:smt
@!!meth:time-limit: 60
@!!already:true
@!!END

@!!BEGIN
@!!type:obligation
@!!id:1002
@!!loc:743:3:743:5
@!!status:proved
@!!prover:smt
@!!meth:time-limit: 60; time-used: 3.3 (5%)
@!!already:false
@!!END

@!!BEGIN
@!!type:obligation
@!!id:980
@!!loc:728:3:728:5
@!!status:proved
@!!prover:smt
@!!meth:time-limit: 60; time-used: 4.5 (8%)
@!!already:false
@!!END

@!!BEGIN
@!!type:obligation
@!!id:974
@!!loc:726:3:726:5
@!!status:proved
@!!prover:smt
@!!meth:time-limit: 60; time-used: 5.0 (8%)
@!!already:false
@!!END

@!!BEGIN
@!!type:obligation
@!!id:1005
@!!loc:745:32:745:36
@!!status:trivial
@!!prover:tlapm
@!!already:false
@!!END

@!!BEGIN
@!!type:obligation
@!!id:1006
@!!loc:745:38:745:42
@!!status:trivial
@!!prover:tlapm
@!!already:false
@!!END

@!!BEGIN
@!!type:obligation
@!!id:1007
@!!loc:745:44:745:56
@!!status:trivial
@!!prover:tlapm
@!!already:false
@!!END

@!!BEGIN
@!!type:obligation
@!!id:1009
@!!loc:747:6:747:10
@!!status:trivial
@!!prover:tlapm
@!!already:false
@!!END

@!!BEGIN
@!!type:obligation
@!!id:1010
@!!loc:747:12:747:16
@!!status:trivial
@!!prover:tlapm
@!!already:false
@!!END

@!!BEGIN
@!!type:obligation
@!!id:1011
@!!loc:747:18:747:22
@!!status:trivial
@!!prover:tlapm
@!!already:false
@!!END

@!!BEGIN
@!!type:obligation
@!!id:1012
@!!loc:747:24:747:32
@!!status:trivial
@!!prover:tlapm
@!!already:false
@!!END

@!!BEGIN
@!!type:obligation
@!!id:1014
@!!loc:748:18:748:22
@!!status:trivial
@!!prover:tlapm
@!!already:false
@!!END

@!!BEGIN
@!!type:obligation
@!!id:1015
@!!loc:748:24:748:28
@!!status:trivial
@!!prover:tlapm
@!!already:false
@!!END

@!!BEGIN
@!!type:obligation
@!!id:1016
@!!loc:748:30:748:34
@!!status:trivial
@!!prover:tlapm
@!!already:false
@!!END

@!!BEGIN
@!!type:obligation
@!!id:1017
@!!loc:748:36:748:40
@!!status:trivial
@!!prover:tlapm
@!!already:false
@!!END

@!!BEGIN
@!!type:obligation
@!!id:1018
@!!loc:748:42:748:53
@!!status:trivial
@!!prover:tlapm
@!!already:false
@!!END

@!!BEGIN
@!!type:obligation
@!!id:1013
@!!loc:748:15:748:17
@!!status:proved
@!!prover:smt
@!!meth:time-limit: 60; time-used: 0.7 (1%)
@!!already:false
@!!END

@!!BEGIN
@!!type:obligation
@!!id:1008
@!!loc:747:3:747:5
@!!status:proved
@!!prover:smt
@!!meth:time-limit: 60; time-used: 1.3 (2%)
@!!already:false
@!!END

@!!BEGIN
@!!type:obligation
@!!id:1004
@!!loc:745:29:745:31
@!!status:proved
@!!prover:smt
@!!meth:time-limit: 60; time-used: 1.7 (3%)
@!!already:false
@!!END

@!!BEGIN
@!!type:obligation
@!!id:1020
@!!loc:749:18:749:22
@!!status:trivial
@!!prover:tlapm
@!!already:false
@!!END

@!!BEGIN
@!!type:obligation
@!!id:1021
@!!loc:749:24:749:28
@!!status:trivial
@!!prover:tlapm
@!!already:false
@!!END

@!!BEGIN
@!!type:obligation
@!!id:1022
@!!loc:749:30:749:34
@!!status:trivial
@!!prover:tlapm
@!!already:false
@!!END

@!!BEGIN
@!!type:obligation
@!!id:1023
@!!loc:749:36:749:40
@!!status:trivial
@!!prover:tlapm
@!!already:false
@!!END

@!!BEGIN
@!!type:obligation
@!!id:1024
@!!loc:749:42:749:46
@!!status:trivial
@!!prover:tlapm
@!!already:false
@!!END

@!!BEGIN
@!!type:obligation
@!!id:1026
@!!loc:750:50:750:54
@!!status:trivial
@!!prover:tlapm
@!!already:false
@!!END

@!!BEGIN
@!!type:obligation
@!!id:1027
@!!loc:750:56:750:60
@!!status:trivial
@!!prover:tlapm
@!!already:false
@!!END

@!!BEGIN
@!!type:obligation
@!!id:1028
@!!loc:750:62:750:66
@!!status:trivial
@!!prover:tlapm
@!!already:false
@!!END

@!!BEGIN
@!!type:obligation
@!!id:1029
@!!loc:750:68:750:72
@!!status:trivial
@!!prover:tlapm
@!!already:false
@!!END

@!!BEGIN
@!!type:obligation
@!!id:1025
@!!loc:750:47:750:49
@!!status:proved
@!!prover:smt
@!!meth:time-limit: 60; time-used: 4.1 (7%)
@!!already:false
@!!END

@!!BEGIN
@!!type:obligation
@!!id:1019
@!!loc:749:15:749:17
@!!status:proved
@!!prover:smt
@!!meth:time-limit: 60; time-used: 4.7 (8%)
@!!already:false
@!!END

@!!BEGIN
@!!type:obligation
@!!id:1031
@!!loc:752:6:752:10
@!!status:trivial
@!!prover:tlapm
@!!already:false
@!!END

@!!BEGIN
@!!type:obligation
@!!id:1032
@!!loc:752:12:752:16
@!!status:trivial
@!!prover:tlapm
@!!already:false
@!!END

@!!BEGIN
@!!type:obligation
@!!id:1033
@!!loc:752:18:752:22
@!!status:trivial
@!!prover:tlapm
@!!already:false
@!!END

@!!BEGIN
@!!type:obligation
@!!id:1034
@!!loc:752:24:752:28
@!!status:trivial
@!!prover:tlapm
@!!already:false
@!!END

@!!BEGIN
@!!type:obligation
@!!id:1035
@!!loc:752:30:752:42
@!!status:trivial
@!!prover:tlapm
@!!already:false
@!!END

@!!BEGIN
@!!type:obligation
@!!id:1030
@!!loc:752:3:752:5
@!!status:proved
@!!prover:smt
@!!meth:time-limit: 60; time-used: 4.2 (7%)
@!!already:false
@!!END

@!!BEGIN
@!!type:obligation
@!!id:1037
@!!loc:754:6:754:10
@!!status:trivial
@!!prover:tlapm
@!!already:false
@!!END

@!!BEGIN
@!!type:obligation
@!!id:1038
@!!loc:754:12:754:16
@!!status:trivial
@!!prover:tlapm
@!!already:false
@!!END

@!!BEGIN
@!!type:obligation
@!!id:1039
@!!loc:754:18:754:22
@!!status:trivial
@!!prover:tlapm
@!!already:false
@!!END

@!!BEGIN
@!!type:obligation
@!!id:1040
@!!loc:754:24:754:28
@!!status:trivial
@!!prover:tlapm
@!!already:false
@!!END

@!!BEGIN
@!!type:obligation
@!!id:1041
@!!loc:754:30:754:42
@!!status:trivial
@!!prover:tlapm
@!!already:false
@!!END

@!!BEGIN
@!!type:obligation
@!!id:1043
@!!loc:756:6:756:10
@!!status:trivial
@!!prover:tlapm
@!!already:false
@!!END

@!!BEGIN
@!!type:obligation
@!!id:1044
@!!loc:756:12:756:16
@!!status:trivial
@!!prover:tlapm
@!!already:false
@!!END

@!!BEGIN
@!!type:obligation
@!!id:1045
@!!loc:756:18:756:22
@!!status:trivial
@!!prover:tlapm
@!!already:false
@!!END

@!!BEGIN
@!!type:obligation
@!!id:1046
@!!loc:757:16:757:18
@!!status:proved
@!!prover:smt
@!!meth:time-limit: 60
@!!already:true
@!!END

@!!BEGIN
@!!type:obligation
@!!id:1047
@!!loc:757:19:757:23
@!!status:trivial
@!!prover:tlapm
@!!already:false
@!!END

@!!BEGIN
@!!type:obligation
@!!id:1048
@!!loc:757:25:757:29
@!!status:trivial
@!!prover:tlapm
@!!already:false
@!!END

@!!BEGIN
@!!type:obligation
@!!id:1049
@!!loc:757:31:757:35
@!!status:trivial
@!!prover:tlapm
@!!already:false
@!!END

@!!BEGIN
@!!type:obligation
@!!id:1050
@!!loc:757:37:757:41
@!!status:trivial
@!!prover:tlapm
@!!already:false
@!!END

@!!BEGIN
@!!type:obligation
@!!id:1051
@!!loc:757:43:757:48
@!!status:trivial
@!!prover:tlapm
@!!already:false
@!!END

@!!BEGIN
@!!type:obligation
@!!id:1052
@!!loc:757:50:757:61
@!!status:trivial
@!!prover:tlapm
@!!already:false
@!!END

@!!BEGIN
@!!type:obligation
@!!id:1053
@!!loc:801:10:801:12
@!!status:proved
@!!prover:smt
@!!meth:time-limit: 60
@!!already:true
@!!END

@!!BEGIN
@!!type:obligation
@!!id:1054
@!!loc:801:13:801:18
@!!status:trivial
@!!prover:tlapm
@!!already:false
@!!END

@!!BEGIN
@!!type:obligation
@!!id:1055
@!!loc:801:20:801:25
@!!status:trivial
@!!prover:tlapm
@!!already:false
@!!END

@!!BEGIN
@!!type:obligation
@!!id:1056
@!!loc:801:27:801:32
@!!status:trivial
@!!prover:tlapm
@!!already:false
@!!END

@!!BEGIN
@!!type:obligation
@!!id:1057
@!!loc:763:14:763:16
@!!status:proved
@!!prover:smt
@!!meth:time-limit: 60
@!!already:true
@!!END

@!!BEGIN
@!!type:obligation
@!!id:1058
@!!loc:764:44:764:46
@!!status:proved
@!!prover:smt
@!!meth:time-limit: 60
@!!already:true
@!!END

@!!BEGIN
@!!type:obligation
@!!id:1059
@!!loc:765:14:765:16
@!!status:proved
@!!prover:smt
@!!meth:time-limit: 60
@!!already:true
@!!END

@!!BEGIN
@!!type:obligation
@!!id:1060
@!!loc:766:23:766:25
@!!status:proved
@!!prover:smt
@!!meth:time-limit: 60
@!!already:true
@!!END

@!!BEGIN
@!!type:obligation
@!!id:1061
@!!loc:766:26:766:30
@!!status:trivial
@!!prover:tlapm
@!!already:false
@!!END

@!!BEGIN
@!!type:obligation
@!!id:1062
@!!loc:767:80:767:82
@!!status:proved
@!!prover:smt
@!!meth:time-limit: 60
@!!already:true
@!!END

@!!BEGIN
@!!type:obligation
@!!id:1063
@!!loc:767:83:767:87
@!!status:trivial
@!!prover:tlapm
@!!already:false
@!!END

@!!BEGIN
@!!type:obligation
@!!id:1064
@!!loc:780:3:780:5
@!!status:proved
@!!prover:smt
@!!meth:time-limit: 60; time-used: 3.1 (5%)
@!!already:false
@!!END

@!!BEGIN
@!!type:obligation
@!!id:1042
@!!loc:756:3:756:5
@!!status:proved
@!!prover:smt
@!!meth:time-limit: 60; time-used: 4.5 (8%)
@!!already:false
@!!END

@!!BEGIN
@!!type:obligation
@!!id:1036
@!!loc:754:3:754:5
@!!status:proved
@!!prover:smt
@!!meth:time-limit: 60; time-used: 5.1 (8%)
@!!already:false
@!!END

@!!BEGIN
@!!type:obligation
@!!id:1066
@!!loc:782:6:782:10
@!!status:trivial
@!!prover:tlapm
@!!already:false
@!!END

@!!BEGIN
@!!type:obligation
@!!id:1067
@!!loc:782:12:782:16
@!!status:trivial
@!!prover:tlapm
@!!already:false
@!!END

@!!BEGIN
@!!type:obligation
@!!id:1068
@!!loc:782:18:782:22
@!!status:trivial
@!!prover:tlapm
@!!already:false
@!!END

@!!BEGIN
@!!type:obligation
@!!id:1069
@!!loc:782:24:782:36
@!!status:trivial
@!!prover:tlapm
@!!already:false
@!!END

@!!BEGIN
@!!type:obligation
@!!id:1065
@!!loc:782:3:782:5
@!!status:proved
@!!prover:smt
@!!meth:time-limit: 60; time-used: 3.7 (6%)
@!!already:false
@!!END

@!!BEGIN
@!!type:obligation
@!!id:1071
@!!loc:784:6:784:10
@!!status:trivial
@!!prover:tlapm
@!!already:false
@!!END

@!!BEGIN
@!!type:obligation
@!!id:1072
@!!loc:784:12:784:16
@!!status:trivial
@!!prover:tlapm
@!!already:false
@!!END

@!!BEGIN
@!!type:obligation
@!!id:1073
@!!loc:784:18:784:22
@!!status:trivial
@!!prover:tlapm
@!!already:false
@!!END

@!!BEGIN
@!!type:obligation
@!!id:1074
@!!loc:784:24:784:28
@!!status:trivial
@!!prover:tlapm
@!!already:false
@!!END

@!!BEGIN
@!!type:obligation
@!!id:1075
@!!loc:784:30:784:42
@!!status:trivial
@!!prover:tlapm
@!!already:false
@!!END

@!!BEGIN
@!!type:obligation
@!!id:1077
@!!loc:785:46:785:50
@!!status:trivial
@!!prover:tlapm
@!!already:false
@!!END

@!!BEGIN
@!!type:obligation
@!!id:1076
@!!loc:785:43:785:45
@!!status:proved
@!!prover:smt
@!!meth:time-limit: 60; time-used: 3.5 (6%)
@!!already:false
@!!END

@!!BEGIN
@!!type:obligation
@!!id:1070
@!!loc:784:3:784:5
@!!status:proved
@!!prover:smt
@!!meth:time-limit: 60; time-used: 4.2 (7%)
@!!already:false
@!!END

@!!BEGIN
@!!type:obligation
@!!id:1079
@!!loc:787:6:787:10
@!!status:trivial
@!!prover:tlapm
@!!already:false
@!!END

@!!BEGIN
@!!type:obligation
@!!id:1080
@!!loc:787:12:787:16
@!!status:trivial
@!!prover:tlapm
@!!already:false
@!!END

@!!BEGIN
@!!type:obligation
@!!id:1081
@!!loc:787:18:787:22
@!!status:trivial
@!!prover:tlapm
@!!already:false
@!!END

@!!BEGIN
@!!type:obligation
@!!id:1082
@!!loc:787:24:787:36
@!!status:trivial
@!!prover:tlapm
@!!already:false
@!!END

WARNING: (5903,54): 'distinct' cannot be used in patterns.
WARNING: (5903,54): 'if' cannot be used in patterns.
@!!BEGIN
@!!type:obligation
@!!id:1078
@!!loc:787:3:787:5
@!!status:being proved
@!!prover:smt
@!!meth:time-limit: 60
@!!obl:
ASSUME NEW CONSTANT Nil,
       NEW CONSTANT Paths,
       NEW CONSTANT Free,
       NEW CONSTANT Writers,
       NEW CONSTANT MaxMint,
       NEW CONSTANT MaxUI,
       NEW CONSTANT MaxRemovals,
       NEW CONSTANT MaxBarriers,
       NEW CONSTANT MaxRestarts,
       NEW CONSTANT MaxSyncs,
       NEW CONSTANT MaxAges,
       NEW CONSTANT MaxCopies,
       NEW CONSTANT CommitSurfacesForeign,
       NEW CONSTANT CommitVerifiesUploads,
       NEW CONSTANT SweepUnderLease,
       NEW CONSTANT CollectorSparesCited,
       NEW CONSTANT CommitRecordsDeleteOverride,
       NEW CONSTANT DeleteWinsPreserved,
       NEW CONSTANT ContentConverges,
       NEW CONSTANT RecheckSkipped,
       NEW CONSTANT CommitAdvanceGuarded,
       NEW CONSTANT RetireAge,
       NEW CONSTANT GatewayIgnoresLease,
       NEW CONSTANT GatewayJudgesRead,
       NEW CONSTANT GatewaySweepGrace,
       NEW CONSTANT RenameAtomic,
       NEW CONSTANT Scopes,
       NEW CONSTANT MaxRescopes,
       NEW CONSTANT ConsumeHonorsScope,
       NEW CONSTANT RescopeUnciteFirst,
       NEW CONSTANT RescopeKeepsDirty,
       NEW CONSTANT WidenKeepsLocal,
       NEW CONSTANT UnlinkChecksBytes,
       NEW CONSTANT MaxFetchFails,
       NEW CONSTANT ConsumeKeepsLeft,
       NEW CONSTANT SyncKeepsLeft,
       NEW CONSTANT Readers,
       NEW CONSTANT ReaderRechecksOwed,
       NEW VARIABLE live,
       NEW VARIABLE minted,
       NEW VARIABLE doc,
       NEW VARIABLE seq,
       NEW VARIABLE tomb,
       NEW VARIABLE base,
       NEW VARIABLE acked,
       NEW VARIABLE conflicts,
       NEW VARIABLE holder,
       NEW VARIABLE nextGen,
       NEW VARIABLE ui,
       NEW VARIABLE reqs,
       NEW VARIABLE barriers,
       NEW VARIABLE w,
       NEW VARIABLE took,
       NEW VARIABLE gw,
       NEW VARIABLE mv,
       NEW VARIABLE udel,
       NEW VARIABLE restarts,
       NEW VARIABLE syncs,
       NEW VARIABLE regressed,
       NEW VARIABLE rescopes,
       NEW VARIABLE fails,
       NEW VARIABLE upped,
       NEW VARIABLE copies,
       NEW VARIABLE orig,
       NEW VARIABLE retiring,
       NEW VARIABLE aged,
       NEW VARIABLE ages,
       NEW VARIABLE rdoc,
       NEW VARIABLE rlag,
       NEW VARIABLE anc,
       IndTypeOK ,
       NEW CONSTANT s \in Writers,
       Install(s) ,
       Frame ,
       /\ live \subseteq Handles /\ minted \subseteq Handles
          /\ live \subseteq minted
       /\ doc \in [Paths -> Handles \cup {Nil}]
       /\ seq \in Nat
       /\ tomb \in [Paths -> Handles \cup {Nil}]
       /\ base \in [Handles -> Handles \cup {Nil}]
       /\ acked \subseteq Paths \X Handles
       /\ conflicts \subseteq Paths \X (Handles \cup {Nil})
       /\ holder \in Writers \cup {"none"}
       /\ nextGen \in Nat /\ ui \in Nat /\ reqs \in Nat /\ barriers \in Nat
       /\ w \in [Writers -> Writer]
       /\ took \in [Writers -> [Paths -> SUBSET Gens]]
       /\ gw \in [Paths -> Handles \cup {Nil}]
       /\ mv \in Paths \X Handles \cup {Nil}
       /\ udel \subseteq Paths \X Handles
       /\ restarts \in Nat /\ syncs \in Nat /\ regressed \in BOOLEAN
          /\ rescopes \in Nat /\ fails \in Nat
       /\ retiring \subseteq Handles /\ aged \subseteq Handles
          /\ ages \in Nat
       /\ rdoc \in [Paths -> Handles \cup {Nil}] /\ rlag \in BOOLEAN
       /\ anc \in [Handles -> SUBSET Handles] ,
       w[s] \in Writer ,
       /\ doc' = InstallInst(s)
       /\ seq' = (IF InstallInst(s) = doc THEN seq ELSE seq + 1)
       /\ tomb'
          = [p \in Paths |->
               IF InstallInst(s)[p] # Nil
                 THEN Nil
                 ELSE IF doc[p] # Nil THEN doc[p] ELSE tomb[p]]
       /\ conflicts'
          = conflicts \cup {<<p, (w[s].snap)[p]>> : p \in w[s].gone}
            \cup {<<p, doc[p]>> :
                    p
                    \in IF CommitSurfacesForeign
                          THEN {p \in
                                  (w[s].uploads \cap w[s].upDone) \ w[s].gone :
                                  Foreign(s, p) /\ doc[p] # Nil}
                          ELSE {}}
            \cup {<<p,
                    IF tomb[p] # Nil THEN tomb[p] ELSE (w[s].baseline)[p]>> :
                    p
                    \in IF CommitRecordsDeleteOverride
                          THEN {p \in
                                  (w[s].uploads \cap w[s].upDone) \ w[s].gone :
                                  Foreign(s, p) /\ doc[p] = Nil
                                  /\ (w[s].baseline)[p] # Nil}
                          ELSE {}}
            \cup {<<p, doc[p]>> :
                    p
                    \in IF DeleteWinsPreserved
                          THEN {p \in w[s].deletes :
                                  Foreign(s, p) /\ doc[p] # Nil}
                          ELSE {}}
       /\ w' = [w EXCEPT ![s] = InstallW(s)]
       /\ UNCHANGED <<live, minted, base, acked, holder, gw, mv, udel,
                      nextGen, ui, reqs, barriers, restarts, syncs,
                      regressed, rescopes, fails, upped, copies, orig>> ,
       ASSUME NEW CONSTANT W \in Writer
       PROVE  /\ W.st \in {"off", "on"}
              /\ W.pc
                 \in {"idle", "consumed", "scanned", "claimed", "cased",
                      "pulling"}
              /\ W.local \in [Paths -> Handles \cup {Nil}]
              /\ W.baseline \in [Paths -> Handles \cup {Nil}]
              /\ W.integrated \subseteq Gens
              /\ W.uploads \subseteq Paths /\ W.deletes \subseteq Paths
              /\ W.snap \in [Paths -> Handles \cup {Nil}]
              /\ W.upDone \subseteq Paths /\ W.gone \subseteq Paths
                 /\ W.verified \in BOOLEAN
              /\ W.inst \in [Paths -> Handles \cup {Nil}]
              /\ W.retire \subseteq Handles
              /\ W.collected \in BOOLEAN /\ W.adv \in BOOLEAN
              /\ W.synced \in Nat /\ W.derived \in Nat
              /\ W.skipped \subseteq Paths /\ W.scope \subseteq Paths
              /\ W.sStage \in {"none", "saved", "mid"}
              /\ W.sTgt \subseteq Paths /\ W.sDrop \subseteq Paths
                 /\ W.sKeep \subseteq Paths
              /\ W.sHeld \in [Paths -> Handles \cup {Nil}]
              /\ W.unlinked \subseteq Paths
              /\ W.memo \in Nat /\ W.rnow \in Nat 
PROVE  conflicts' \subseteq Paths \X (Handles \cup {Nil})

@!!END

@!!BEGIN
@!!type:obligation
@!!id:1084
@!!loc:788:33:788:37
@!!status:trivial
@!!prover:tlapm
@!!already:false
@!!END

@!!BEGIN
@!!type:obligation
@!!id:1085
@!!loc:788:39:788:43
@!!status:trivial
@!!prover:tlapm
@!!already:false
@!!END

@!!BEGIN
@!!type:obligation
@!!id:1086
@!!loc:788:45:788:49
@!!status:trivial
@!!prover:tlapm
@!!already:false
@!!END

@!!BEGIN
@!!type:obligation
@!!id:1087
@!!loc:788:51:788:55
@!!status:trivial
@!!prover:tlapm
@!!already:false
@!!END

@!!BEGIN
@!!type:obligation
@!!id:1088
@!!loc:788:57:788:69
@!!status:trivial
@!!prover:tlapm
@!!already:false
@!!END

@!!BEGIN
@!!type:obligation
@!!id:1090
@!!loc:790:6:790:10
@!!status:trivial
@!!prover:tlapm
@!!already:false
@!!END

@!!BEGIN
@!!type:obligation
@!!id:1091
@!!loc:790:12:790:16
@!!status:trivial
@!!prover:tlapm
@!!already:false
@!!END

@!!BEGIN
@!!type:obligation
@!!id:1092
@!!loc:790:18:790:22
@!!status:trivial
@!!prover:tlapm
@!!already:false
@!!END

@!!BEGIN
@!!type:obligation
@!!id:1093
@!!loc:790:24:790:32
@!!status:trivial
@!!prover:tlapm
@!!already:false
@!!END

@!!BEGIN
@!!type:obligation
@!!id:1089
@!!loc:790:3:790:5
@!!status:proved
@!!prover:smt
@!!meth:time-limit: 60; time-used: 0.8 (1%)
@!!already:false
@!!END

@!!BEGIN
@!!type:obligation
@!!id:1083
@!!loc:788:30:788:32
@!!status:proved
@!!prover:smt
@!!meth:time-limit: 60; time-used: 1.4 (2%)
@!!already:false
@!!END

@!!BEGIN
@!!type:obligation
@!!id:1078
@!!loc:787:3:787:5
@!!status:proved
@!!prover:smt
@!!meth:time-limit: 60; time-used: 5.1 (9%)
@!!already:false
@!!END

@!!BEGIN
@!!type:obligation
@!!id:1095
@!!loc:791:44:791:48
@!!status:trivial
@!!prover:tlapm
@!!already:false
@!!END

@!!BEGIN
@!!type:obligation
@!!id:1096
@!!loc:791:50:791:54
@!!status:trivial
@!!prover:tlapm
@!!already:false
@!!END

@!!BEGIN
@!!type:obligation
@!!id:1097
@!!loc:791:56:791:60
@!!status:trivial
@!!prover:tlapm
@!!already:false
@!!END

@!!BEGIN
@!!type:obligation
@!!id:1099
@!!loc:792:18:792:22
@!!status:trivial
@!!prover:tlapm
@!!already:false
@!!END

@!!BEGIN
@!!type:obligation
@!!id:1100
@!!loc:792:24:792:28
@!!status:trivial
@!!prover:tlapm
@!!already:false
@!!END

@!!BEGIN
@!!type:obligation
@!!id:1101
@!!loc:792:30:792:34
@!!status:trivial
@!!prover:tlapm
@!!already:false
@!!END

@!!BEGIN
@!!type:obligation
@!!id:1102
@!!loc:792:36:792:40
@!!status:trivial
@!!prover:tlapm
@!!already:false
@!!END

@!!BEGIN
@!!type:obligation
@!!id:1103
@!!loc:792:42:792:53
@!!status:trivial
@!!prover:tlapm
@!!already:false
@!!END

@!!BEGIN
@!!type:obligation
@!!id:1105
@!!loc:793:19:793:23
@!!status:trivial
@!!prover:tlapm
@!!already:false
@!!END

@!!BEGIN
@!!type:obligation
@!!id:1106
@!!loc:793:25:793:29
@!!status:trivial
@!!prover:tlapm
@!!already:false
@!!END

@!!BEGIN
@!!type:obligation
@!!id:1107
@!!loc:793:31:793:35
@!!status:trivial
@!!prover:tlapm
@!!already:false
@!!END

@!!BEGIN
@!!type:obligation
@!!id:1108
@!!loc:793:37:793:41
@!!status:trivial
@!!prover:tlapm
@!!already:false
@!!END

@!!BEGIN
@!!type:obligation
@!!id:1109
@!!loc:793:43:793:47
@!!status:trivial
@!!prover:tlapm
@!!already:false
@!!END

@!!BEGIN
@!!type:obligation
@!!id:1110
@!!loc:793:49:793:53
@!!status:trivial
@!!prover:tlapm
@!!already:false
@!!END

@!!BEGIN
@!!type:obligation
@!!id:1111
@!!loc:793:55:793:59
@!!status:trivial
@!!prover:tlapm
@!!already:false
@!!END

@!!BEGIN
@!!type:obligation
@!!id:1104
@!!loc:793:16:793:18
@!!status:proved
@!!prover:smt
@!!meth:time-limit: 60; time-used: 1.0 (2%)
@!!already:false
@!!END

@!!BEGIN
@!!type:obligation
@!!id:1098
@!!loc:792:15:792:17
@!!status:proved
@!!prover:smt
@!!meth:time-limit: 60; time-used: 1.6 (3%)
@!!already:false
@!!END

@!!BEGIN
@!!type:obligation
@!!id:1094
@!!loc:791:41:791:43
@!!status:proved
@!!prover:smt
@!!meth:time-limit: 60; time-used: 2.1 (4%)
@!!already:false
@!!END

@!!BEGIN
@!!type:obligation
@!!id:1113
@!!loc:794:51:794:55
@!!status:trivial
@!!prover:tlapm
@!!already:false
@!!END

@!!BEGIN
@!!type:obligation
@!!id:1114
@!!loc:794:57:794:61
@!!status:trivial
@!!prover:tlapm
@!!already:false
@!!END

@!!BEGIN
@!!type:obligation
@!!id:1116
@!!loc:797:6:797:10
@!!status:trivial
@!!prover:tlapm
@!!already:false
@!!END

@!!BEGIN
@!!type:obligation
@!!id:1117
@!!loc:797:12:797:16
@!!status:trivial
@!!prover:tlapm
@!!already:false
@!!END

@!!BEGIN
@!!type:obligation
@!!id:1119
@!!loc:799:6:799:10
@!!status:trivial
@!!prover:tlapm
@!!already:false
@!!END

@!!BEGIN
@!!type:obligation
@!!id:1118
@!!loc:799:3:799:5
@!!status:proved
@!!prover:smt
@!!meth:time-limit: 60; time-used: 0.1 (0%)
@!!already:false
@!!END

@!!BEGIN
@!!type:obligation
@!!id:1115
@!!loc:797:3:797:5
@!!status:proved
@!!prover:smt
@!!meth:time-limit: 60; time-used: 0.5 (1%)
@!!already:false
@!!END

@!!BEGIN
@!!type:obligation
@!!id:1112
@!!loc:794:48:794:50
@!!status:proved
@!!prover:smt
@!!meth:time-limit: 60; time-used: 3.0 (5%)
@!!already:false
@!!END

@!!BEGIN
@!!type:obligation
@!!id:1120
@!!loc:799:12:799:16
@!!status:trivial
@!!prover:tlapm
@!!already:false
@!!END

@!!BEGIN
@!!type:obligation
@!!id:1121
@!!loc:799:18:799:22
@!!status:trivial
@!!prover:tlapm
@!!already:false
@!!END

@!!BEGIN
@!!type:obligation
@!!id:1123
@!!loc:800:19:800:23
@!!status:trivial
@!!prover:tlapm
@!!already:false
@!!END

@!!BEGIN
@!!type:obligation
@!!id:1124
@!!loc:800:25:800:29
@!!status:trivial
@!!prover:tlapm
@!!already:false
@!!END

@!!BEGIN
@!!type:obligation
@!!id:1125
@!!loc:800:31:800:36
@!!status:trivial
@!!prover:tlapm
@!!already:false
@!!END

@!!BEGIN
@!!type:obligation
@!!id:1126
@!!loc:800:38:800:44
@!!status:trivial
@!!prover:tlapm
@!!already:false
@!!END

@!!BEGIN
@!!type:obligation
@!!id:1127
@!!loc:800:46:800:57
@!!status:trivial
@!!prover:tlapm
@!!already:false
@!!END

@!!BEGIN
@!!type:obligation
@!!id:1128
@!!loc:827:10:827:12
@!!status:proved
@!!prover:smt
@!!meth:time-limit: 60
@!!already:true
@!!END

@!!BEGIN
@!!type:obligation
@!!id:1129
@!!loc:827:13:827:17
@!!status:trivial
@!!prover:tlapm
@!!already:false
@!!END

@!!BEGIN
@!!type:obligation
@!!id:1130
@!!loc:827:19:827:23
@!!status:trivial
@!!prover:tlapm
@!!already:false
@!!END

@!!BEGIN
@!!type:obligation
@!!id:1131
@!!loc:827:25:827:29
@!!status:trivial
@!!prover:tlapm
@!!already:false
@!!END

@!!BEGIN
@!!type:obligation
@!!id:1132
@!!loc:806:14:806:16
@!!status:proved
@!!prover:smt
@!!meth:time-limit: 60
@!!already:true
@!!END

@!!BEGIN
@!!type:obligation
@!!id:1133
@!!loc:807:44:807:46
@!!status:proved
@!!prover:smt
@!!meth:time-limit: 60
@!!already:true
@!!END

@!!BEGIN
@!!type:obligation
@!!id:1134
@!!loc:808:14:808:16
@!!status:proved
@!!prover:smt
@!!meth:time-limit: 60
@!!already:true
@!!END

@!!BEGIN
@!!type:obligation
@!!id:1135
@!!loc:809:23:809:25
@!!status:proved
@!!prover:smt
@!!meth:time-limit: 60
@!!already:true
@!!END

@!!BEGIN
@!!type:obligation
@!!id:1136
@!!loc:809:26:809:30
@!!status:trivial
@!!prover:tlapm
@!!already:false
@!!END

@!!BEGIN
@!!type:obligation
@!!id:1137
@!!loc:814:3:814:5
@!!status:proved
@!!prover:smt
@!!meth:time-limit: 60; time-used: 3.1 (5%)
@!!already:false
@!!END

@!!BEGIN
@!!type:obligation
@!!id:1122
@!!loc:800:16:800:18
@!!status:proved
@!!prover:smt
@!!meth:time-limit: 60; time-used: 4.2 (7%)
@!!already:false
@!!END

@!!BEGIN
@!!type:obligation
@!!id:1139
@!!loc:815:33:815:37
@!!status:trivial
@!!prover:tlapm
@!!already:false
@!!END

@!!BEGIN
@!!type:obligation
@!!id:1140
@!!loc:815:39:815:51
@!!status:trivial
@!!prover:tlapm
@!!already:false
@!!END

@!!BEGIN
@!!type:obligation
@!!id:1142
@!!loc:817:6:817:10
@!!status:trivial
@!!prover:tlapm
@!!already:false
@!!END

@!!BEGIN
@!!type:obligation
@!!id:1143
@!!loc:817:12:817:16
@!!status:trivial
@!!prover:tlapm
@!!already:false
@!!END

@!!BEGIN
@!!type:obligation
@!!id:1144
@!!loc:817:18:817:22
@!!status:trivial
@!!prover:tlapm
@!!already:false
@!!END

@!!BEGIN
@!!type:obligation
@!!id:1145
@!!loc:817:24:817:32
@!!status:trivial
@!!prover:tlapm
@!!already:false
@!!END

@!!BEGIN
@!!type:obligation
@!!id:1147
@!!loc:818:18:818:22
@!!status:trivial
@!!prover:tlapm
@!!already:false
@!!END

@!!BEGIN
@!!type:obligation
@!!id:1148
@!!loc:818:24:818:28
@!!status:trivial
@!!prover:tlapm
@!!already:false
@!!END

@!!BEGIN
@!!type:obligation
@!!id:1149
@!!loc:818:30:818:34
@!!status:trivial
@!!prover:tlapm
@!!already:false
@!!END

@!!BEGIN
@!!type:obligation
@!!id:1150
@!!loc:818:36:818:47
@!!status:trivial
@!!prover:tlapm
@!!already:false
@!!END

@!!BEGIN
@!!type:obligation
@!!id:1146
@!!loc:818:15:818:17
@!!status:proved
@!!prover:smt
@!!meth:time-limit: 60; time-used: 0.7 (1%)
@!!already:false
@!!END

@!!BEGIN
@!!type:obligation
@!!id:1141
@!!loc:817:3:817:5
@!!status:proved
@!!prover:smt
@!!meth:time-limit: 60; time-used: 1.2 (2%)
@!!already:false
@!!END

@!!BEGIN
@!!type:obligation
@!!id:1138
@!!loc:815:30:815:32
@!!status:proved
@!!prover:smt
@!!meth:time-limit: 60; time-used: 1.4 (2%)
@!!already:false
@!!END

@!!BEGIN
@!!type:obligation
@!!id:1152
@!!loc:819:18:819:22
@!!status:trivial
@!!prover:tlapm
@!!already:false
@!!END

@!!BEGIN
@!!type:obligation
@!!id:1153
@!!loc:819:24:819:28
@!!status:trivial
@!!prover:tlapm
@!!already:false
@!!END

@!!BEGIN
@!!type:obligation
@!!id:1154
@!!loc:819:30:819:34
@!!status:trivial
@!!prover:tlapm
@!!already:false
@!!END

@!!BEGIN
@!!type:obligation
@!!id:1155
@!!loc:819:36:819:40
@!!status:trivial
@!!prover:tlapm
@!!already:false
@!!END

@!!BEGIN
@!!type:obligation
@!!id:1157
@!!loc:820:50:820:54
@!!status:trivial
@!!prover:tlapm
@!!already:false
@!!END

@!!BEGIN
@!!type:obligation
@!!id:1158
@!!loc:820:56:820:60
@!!status:trivial
@!!prover:tlapm
@!!already:false
@!!END

@!!BEGIN
@!!type:obligation
@!!id:1160
@!!loc:823:6:823:10
@!!status:trivial
@!!prover:tlapm
@!!already:false
@!!END

@!!BEGIN
@!!type:obligation
@!!id:1161
@!!loc:823:12:823:16
@!!status:trivial
@!!prover:tlapm
@!!already:false
@!!END

@!!BEGIN
@!!type:obligation
@!!id:1159
@!!loc:823:3:823:5
@!!status:proved
@!!prover:smt
@!!meth:time-limit: 60; time-used: 0.4 (1%)
@!!already:false
@!!END

@!!BEGIN
@!!type:obligation
@!!id:1156
@!!loc:820:47:820:49
@!!status:proved
@!!prover:smt
@!!meth:time-limit: 60; time-used: 2.5 (4%)
@!!already:false
@!!END

@!!BEGIN
@!!type:obligation
@!!id:1151
@!!loc:819:15:819:17
@!!status:proved
@!!prover:smt
@!!meth:time-limit: 60; time-used: 3.0 (5%)
@!!already:false
@!!END

@!!BEGIN
@!!type:obligation
@!!id:1163
@!!loc:825:6:825:10
@!!status:trivial
@!!prover:tlapm
@!!already:false
@!!END

@!!BEGIN
@!!type:obligation
@!!id:1164
@!!loc:825:12:825:16
@!!status:trivial
@!!prover:tlapm
@!!already:false
@!!END

@!!BEGIN
@!!type:obligation
@!!id:1165
@!!loc:826:15:826:17
@!!status:proved
@!!prover:smt
@!!meth:time-limit: 60
@!!already:true
@!!END

@!!BEGIN
@!!type:obligation
@!!id:1166
@!!loc:826:18:826:22
@!!status:trivial
@!!prover:tlapm
@!!already:false
@!!END

@!!BEGIN
@!!type:obligation
@!!id:1167
@!!loc:826:24:826:28
@!!status:trivial
@!!prover:tlapm
@!!already:false
@!!END

@!!BEGIN
@!!type:obligation
@!!id:1168
@!!loc:826:30:826:34
@!!status:trivial
@!!prover:tlapm
@!!already:false
@!!END

@!!BEGIN
@!!type:obligation
@!!id:1169
@!!loc:826:36:826:41
@!!status:trivial
@!!prover:tlapm
@!!already:false
@!!END

@!!BEGIN
@!!type:obligation
@!!id:1170
@!!loc:826:43:826:54
@!!status:trivial
@!!prover:tlapm
@!!already:false
@!!END

@!!BEGIN
@!!type:obligation
@!!id:1172
@!!loc:846:13:846:17
@!!status:trivial
@!!prover:tlapm
@!!already:false
@!!END

@!!BEGIN
@!!type:obligation
@!!id:1173
@!!loc:846:19:846:23
@!!status:trivial
@!!prover:tlapm
@!!already:false
@!!END

@!!BEGIN
@!!type:obligation
@!!id:1174
@!!loc:846:25:846:29
@!!status:trivial
@!!prover:tlapm
@!!already:false
@!!END

@!!BEGIN
@!!type:obligation
@!!id:1175
@!!loc:832:14:832:16
@!!status:proved
@!!prover:smt
@!!meth:time-limit: 60; time-used: 0.1 (0%)
@!!already:false
@!!END

@!!BEGIN
@!!type:obligation
@!!id:1171
@!!loc:846:10:846:12
@!!status:proved
@!!prover:smt
@!!meth:time-limit: 60; time-used: 0.4 (1%)
@!!already:false
@!!END

@!!BEGIN
@!!type:obligation
@!!id:1162
@!!loc:825:3:825:5
@!!status:proved
@!!prover:smt
@!!meth:time-limit: 60; time-used: 0.9 (2%)
@!!already:false
@!!END

@!!BEGIN
@!!type:obligation
@!!id:1178
@!!loc:838:3:838:5
@!!status:proved
@!!prover:smt
@!!meth:time-limit: 60; time-used: 0.4 (1%)
@!!already:false
@!!END

@!!BEGIN
@!!type:obligation
@!!id:1177
@!!loc:834:14:834:16
@!!status:proved
@!!prover:smt
@!!meth:time-limit: 60; time-used: 0.7 (1%)
@!!already:false
@!!END

@!!BEGIN
@!!type:obligation
@!!id:1176
@!!loc:833:44:833:46
@!!status:proved
@!!prover:smt
@!!meth:time-limit: 60; time-used: 0.8 (1%)
@!!already:false
@!!END

@!!BEGIN
@!!type:obligation
@!!id:1180
@!!loc:839:18:839:22
@!!status:trivial
@!!prover:tlapm
@!!already:false
@!!END

@!!BEGIN
@!!type:obligation
@!!id:1181
@!!loc:839:24:839:28
@!!status:trivial
@!!prover:tlapm
@!!already:false
@!!END

@!!BEGIN
@!!type:obligation
@!!id:1182
@!!loc:839:30:839:41
@!!status:trivial
@!!prover:tlapm
@!!already:false
@!!END

@!!BEGIN
@!!type:obligation
@!!id:1184
@!!loc:840:18:840:22
@!!status:trivial
@!!prover:tlapm
@!!already:false
@!!END

@!!BEGIN
@!!type:obligation
@!!id:1185
@!!loc:840:24:840:28
@!!status:trivial
@!!prover:tlapm
@!!already:false
@!!END

@!!BEGIN
@!!type:obligation
@!!id:1186
@!!loc:840:30:840:34
@!!status:trivial
@!!prover:tlapm
@!!already:false
@!!END

@!!BEGIN
@!!type:obligation
@!!id:1188
@!!loc:841:50:841:54
@!!status:trivial
@!!prover:tlapm
@!!already:false
@!!END

@!!BEGIN
@!!type:obligation
@!!id:1189
@!!loc:841:56:841:60
@!!status:trivial
@!!prover:tlapm
@!!already:false
@!!END

@!!BEGIN
@!!type:obligation
@!!id:1187
@!!loc:841:47:841:49
@!!status:proved
@!!prover:smt
@!!meth:time-limit: 60; time-used: 0.3 (0%)
@!!already:false
@!!END

@!!BEGIN
@!!type:obligation
@!!id:1183
@!!loc:840:15:840:17
@!!status:proved
@!!prover:smt
@!!meth:time-limit: 60; time-used: 0.6 (1%)
@!!already:false
@!!END

@!!BEGIN
@!!type:obligation
@!!id:1179
@!!loc:839:15:839:17
@!!status:proved
@!!prover:smt
@!!meth:time-limit: 60; time-used: 1.1 (2%)
@!!already:false
@!!END

@!!BEGIN
@!!type:obligation
@!!id:1191
@!!loc:844:6:844:10
@!!status:trivial
@!!prover:tlapm
@!!already:false
@!!END

@!!BEGIN
@!!type:obligation
@!!id:1192
@!!loc:844:12:844:16
@!!status:trivial
@!!prover:tlapm
@!!already:false
@!!END

@!!BEGIN
@!!type:obligation
@!!id:1194
@!!loc:845:18:845:22
@!!status:trivial
@!!prover:tlapm
@!!already:false
@!!END

@!!BEGIN
@!!type:obligation
@!!id:1195
@!!loc:845:24:845:28
@!!status:trivial
@!!prover:tlapm
@!!already:false
@!!END

@!!BEGIN
@!!type:obligation
@!!id:1196
@!!loc:845:30:845:40
@!!status:trivial
@!!prover:tlapm
@!!already:false
@!!END

@!!BEGIN
@!!type:obligation
@!!id:1197
@!!loc:875:10:875:12
@!!status:proved
@!!prover:smt
@!!meth:time-limit: 60
@!!already:true
@!!END

@!!BEGIN
@!!type:obligation
@!!id:1198
@!!loc:875:13:875:17
@!!status:trivial
@!!prover:tlapm
@!!already:false
@!!END

@!!BEGIN
@!!type:obligation
@!!id:1199
@!!loc:875:19:875:23
@!!status:trivial
@!!prover:tlapm
@!!already:false
@!!END

@!!BEGIN
@!!type:obligation
@!!id:1200
@!!loc:875:25:875:30
@!!status:trivial
@!!prover:tlapm
@!!already:false
@!!END

@!!BEGIN
@!!type:obligation
@!!id:1201
@!!loc:851:14:851:16
@!!status:proved
@!!prover:smt
@!!meth:time-limit: 60
@!!already:true
@!!END

@!!BEGIN
@!!type:obligation
@!!id:1202
@!!loc:852:44:852:46
@!!status:proved
@!!prover:smt
@!!meth:time-limit: 60
@!!already:true
@!!END

@!!BEGIN
@!!type:obligation
@!!id:1203
@!!loc:853:14:853:16
@!!status:proved
@!!prover:smt
@!!meth:time-limit: 60
@!!already:true
@!!END

@!!BEGIN
@!!type:obligation
@!!id:1204
@!!loc:854:23:854:25
@!!status:proved
@!!prover:smt
@!!meth:time-limit: 60
@!!already:true
@!!END

@!!BEGIN
@!!type:obligation
@!!id:1205
@!!loc:854:26:854:30
@!!status:trivial
@!!prover:tlapm
@!!already:false
@!!END

@!!BEGIN
@!!type:obligation
@!!id:1206
@!!loc:855:80:855:82
@!!status:proved
@!!prover:smt
@!!meth:time-limit: 60
@!!already:true
@!!END

@!!BEGIN
@!!type:obligation
@!!id:1207
@!!loc:855:83:855:87
@!!status:trivial
@!!prover:tlapm
@!!already:false
@!!END

@!!BEGIN
@!!type:obligation
@!!id:1209
@!!loc:861:12:861:19
@!!status:proved
@!!prover:smt
@!!meth:time-limit: 60
@!!already:true
@!!END

@!!BEGIN
@!!type:obligation
@!!id:1208
@!!loc:860:3:860:5
@!!status:proved
@!!prover:smt
@!!meth:time-limit: 60; time-used: 3.3 (6%)
@!!already:false
@!!END

@!!BEGIN
@!!type:obligation
@!!id:1193
@!!loc:845:15:845:17
@!!status:proved
@!!prover:smt
@!!meth:time-limit: 60; time-used: 4.3 (7%)
@!!already:false
@!!END

@!!BEGIN
@!!type:obligation
@!!id:1190
@!!loc:844:3:844:5
@!!status:proved
@!!prover:smt
@!!meth:time-limit: 60; time-used: 4.6 (8%)
@!!already:false
@!!END

@!!BEGIN
@!!type:obligation
@!!id:1211
@!!loc:862:32:862:36
@!!status:trivial
@!!prover:tlapm
@!!already:false
@!!END

@!!BEGIN
@!!type:obligation
@!!id:1212
@!!loc:862:38:862:42
@!!status:trivial
@!!prover:tlapm
@!!already:false
@!!END

@!!BEGIN
@!!type:obligation
@!!id:1213
@!!loc:862:44:862:56
@!!status:trivial
@!!prover:tlapm
@!!already:false
@!!END

@!!BEGIN
@!!type:obligation
@!!id:1215
@!!loc:864:6:864:10
@!!status:trivial
@!!prover:tlapm
@!!already:false
@!!END

@!!BEGIN
@!!type:obligation
@!!id:1216
@!!loc:864:12:864:16
@!!status:trivial
@!!prover:tlapm
@!!already:false
@!!END

@!!BEGIN
@!!type:obligation
@!!id:1217
@!!loc:864:18:864:22
@!!status:trivial
@!!prover:tlapm
@!!already:false
@!!END

@!!BEGIN
@!!type:obligation
@!!id:1218
@!!loc:864:24:864:32
@!!status:trivial
@!!prover:tlapm
@!!already:false
@!!END

@!!BEGIN
@!!type:obligation
@!!id:1220
@!!loc:865:18:865:22
@!!status:trivial
@!!prover:tlapm
@!!already:false
@!!END

@!!BEGIN
@!!type:obligation
@!!id:1221
@!!loc:865:24:865:28
@!!status:trivial
@!!prover:tlapm
@!!already:false
@!!END

@!!BEGIN
@!!type:obligation
@!!id:1222
@!!loc:865:30:865:34
@!!status:trivial
@!!prover:tlapm
@!!already:false
@!!END

@!!BEGIN
@!!type:obligation
@!!id:1223
@!!loc:865:36:865:40
@!!status:trivial
@!!prover:tlapm
@!!already:false
@!!END

@!!BEGIN
@!!type:obligation
@!!id:1224
@!!loc:865:42:865:53
@!!status:trivial
@!!prover:tlapm
@!!already:false
@!!END

@!!BEGIN
@!!type:obligation
@!!id:1219
@!!loc:865:15:865:17
@!!status:proved
@!!prover:smt
@!!meth:time-limit: 60; time-used: 0.9 (2%)
@!!already:false
@!!END

@!!BEGIN
@!!type:obligation
@!!id:1214
@!!loc:864:3:864:5
@!!status:proved
@!!prover:smt
@!!meth:time-limit: 60; time-used: 1.4 (2%)
@!!already:false
@!!END

@!!BEGIN
@!!type:obligation
@!!id:1210
@!!loc:862:29:862:31
@!!status:proved
@!!prover:smt
@!!meth:time-limit: 60; time-used: 1.7 (3%)
@!!already:false
@!!END

@!!BEGIN
@!!type:obligation
@!!id:1226
@!!loc:866:18:866:22
@!!status:trivial
@!!prover:tlapm
@!!already:false
@!!END

@!!BEGIN
@!!type:obligation
@!!id:1227
@!!loc:866:24:866:28
@!!status:trivial
@!!prover:tlapm
@!!already:false
@!!END

@!!BEGIN
@!!type:obligation
@!!id:1228
@!!loc:866:30:866:34
@!!status:trivial
@!!prover:tlapm
@!!already:false
@!!END

@!!BEGIN
@!!type:obligation
@!!id:1229
@!!loc:866:36:866:40
@!!status:trivial
@!!prover:tlapm
@!!already:false
@!!END

@!!BEGIN
@!!type:obligation
@!!id:1230
@!!loc:866:42:866:46
@!!status:trivial
@!!prover:tlapm
@!!already:false
@!!END

@!!BEGIN
@!!type:obligation
@!!id:1232
@!!loc:867:50:867:54
@!!status:trivial
@!!prover:tlapm
@!!already:false
@!!END

@!!BEGIN
@!!type:obligation
@!!id:1233
@!!loc:867:56:867:60
@!!status:trivial
@!!prover:tlapm
@!!already:false
@!!END

@!!BEGIN
@!!type:obligation
@!!id:1234
@!!loc:867:62:867:66
@!!status:trivial
@!!prover:tlapm
@!!already:false
@!!END

@!!BEGIN
@!!type:obligation
@!!id:1235
@!!loc:867:68:867:72
@!!status:trivial
@!!prover:tlapm
@!!already:false
@!!END

@!!BEGIN
@!!type:obligation
@!!id:1231
@!!loc:867:47:867:49
@!!status:proved
@!!prover:smt
@!!meth:time-limit: 60; time-used: 4.1 (7%)
@!!already:false
@!!END

@!!BEGIN
@!!type:obligation
@!!id:1225
@!!loc:866:15:866:17
@!!status:proved
@!!prover:smt
@!!meth:time-limit: 60; time-used: 4.7 (8%)
@!!already:false
@!!END

@!!BEGIN
@!!type:obligation
@!!id:1237
@!!loc:869:6:869:10
@!!status:trivial
@!!prover:tlapm
@!!already:false
@!!END

@!!BEGIN
@!!type:obligation
@!!id:1238
@!!loc:869:12:869:16
@!!status:trivial
@!!prover:tlapm
@!!already:false
@!!END

@!!BEGIN
@!!type:obligation
@!!id:1239
@!!loc:869:18:869:22
@!!status:trivial
@!!prover:tlapm
@!!already:false
@!!END

@!!BEGIN
@!!type:obligation
@!!id:1240
@!!loc:869:24:869:28
@!!status:trivial
@!!prover:tlapm
@!!already:false
@!!END

@!!BEGIN
@!!type:obligation
@!!id:1241
@!!loc:869:30:869:42
@!!status:trivial
@!!prover:tlapm
@!!already:false
@!!END

@!!BEGIN
@!!type:obligation
@!!id:1236
@!!loc:869:3:869:5
@!!status:proved
@!!prover:smt
@!!meth:time-limit: 60; time-used: 4.4 (7%)
@!!already:false
@!!END

@!!BEGIN
@!!type:obligation
@!!id:1243
@!!loc:871:6:871:10
@!!status:trivial
@!!prover:tlapm
@!!already:false
@!!END

@!!BEGIN
@!!type:obligation
@!!id:1244
@!!loc:871:12:871:16
@!!status:trivial
@!!prover:tlapm
@!!already:false
@!!END

@!!BEGIN
@!!type:obligation
@!!id:1245
@!!loc:871:18:871:22
@!!status:trivial
@!!prover:tlapm
@!!already:false
@!!END

@!!BEGIN
@!!type:obligation
@!!id:1246
@!!loc:871:24:871:28
@!!status:trivial
@!!prover:tlapm
@!!already:false
@!!END

@!!BEGIN
@!!type:obligation
@!!id:1247
@!!loc:871:30:871:42
@!!status:trivial
@!!prover:tlapm
@!!already:false
@!!END

@!!BEGIN
@!!type:obligation
@!!id:1249
@!!loc:873:6:873:10
@!!status:trivial
@!!prover:tlapm
@!!already:false
@!!END

@!!BEGIN
@!!type:obligation
@!!id:1250
@!!loc:873:12:873:16
@!!status:trivial
@!!prover:tlapm
@!!already:false
@!!END

@!!BEGIN
@!!type:obligation
@!!id:1251
@!!loc:873:18:873:22
@!!status:trivial
@!!prover:tlapm
@!!already:false
@!!END

@!!BEGIN
@!!type:obligation
@!!id:1252
@!!loc:874:16:874:18
@!!status:proved
@!!prover:smt
@!!meth:time-limit: 60
@!!already:true
@!!END

@!!BEGIN
@!!type:obligation
@!!id:1253
@!!loc:874:19:874:23
@!!status:trivial
@!!prover:tlapm
@!!already:false
@!!END

@!!BEGIN
@!!type:obligation
@!!id:1254
@!!loc:874:25:874:29
@!!status:trivial
@!!prover:tlapm
@!!already:false
@!!END

@!!BEGIN
@!!type:obligation
@!!id:1255
@!!loc:874:31:874:35
@!!status:trivial
@!!prover:tlapm
@!!already:false
@!!END

@!!BEGIN
@!!type:obligation
@!!id:1256
@!!loc:874:37:874:41
@!!status:trivial
@!!prover:tlapm
@!!already:false
@!!END

@!!BEGIN
@!!type:obligation
@!!id:1257
@!!loc:874:43:874:48
@!!status:trivial
@!!prover:tlapm
@!!already:false
@!!END

@!!BEGIN
@!!type:obligation
@!!id:1258
@!!loc:874:50:874:61
@!!status:trivial
@!!prover:tlapm
@!!already:false
@!!END

@!!BEGIN
@!!type:obligation
@!!id:1259
@!!loc:908:10:908:12
@!!status:proved
@!!prover:smt
@!!meth:time-limit: 60
@!!already:true
@!!END

@!!BEGIN
@!!type:obligation
@!!id:1260
@!!loc:908:13:908:17
@!!status:trivial
@!!prover:tlapm
@!!already:false
@!!END

@!!BEGIN
@!!type:obligation
@!!id:1261
@!!loc:908:19:908:23
@!!status:trivial
@!!prover:tlapm
@!!already:false
@!!END

@!!BEGIN
@!!type:obligation
@!!id:1262
@!!loc:908:25:908:30
@!!status:trivial
@!!prover:tlapm
@!!already:false
@!!END

@!!BEGIN
@!!type:obligation
@!!id:1263
@!!loc:883:14:883:16
@!!status:proved
@!!prover:smt
@!!meth:time-limit: 60
@!!already:true
@!!END

@!!BEGIN
@!!type:obligation
@!!id:1264
@!!loc:884:44:884:46
@!!status:proved
@!!prover:smt
@!!meth:time-limit: 60
@!!already:true
@!!END

@!!BEGIN
@!!type:obligation
@!!id:1265
@!!loc:885:14:885:16
@!!status:proved
@!!prover:smt
@!!meth:time-limit: 60
@!!already:true
@!!END

@!!BEGIN
@!!type:obligation
@!!id:1266
@!!loc:886:23:886:25
@!!status:proved
@!!prover:smt
@!!meth:time-limit: 60
@!!already:true
@!!END

@!!BEGIN
@!!type:obligation
@!!id:1267
@!!loc:886:26:886:30
@!!status:trivial
@!!prover:tlapm
@!!already:false
@!!END

@!!BEGIN
@!!type:obligation
@!!id:1268
@!!loc:887:80:887:82
@!!status:proved
@!!prover:smt
@!!meth:time-limit: 60
@!!already:true
@!!END

@!!BEGIN
@!!type:obligation
@!!id:1269
@!!loc:887:83:887:87
@!!status:trivial
@!!prover:tlapm
@!!already:false
@!!END

@!!BEGIN
@!!type:obligation
@!!id:1271
@!!loc:894:12:894:19
@!!status:proved
@!!prover:smt
@!!meth:time-limit: 60
@!!already:true
@!!END

@!!BEGIN
@!!type:obligation
@!!id:1270
@!!loc:893:3:893:5
@!!status:proved
@!!prover:smt
@!!meth:time-limit: 60; time-used: 3.5 (6%)
@!!already:false
@!!END

@!!BEGIN
@!!type:obligation
@!!id:1248
@!!loc:873:3:873:5
@!!status:proved
@!!prover:smt
@!!meth:time-limit: 60; time-used: 4.8 (8%)
@!!already:false
@!!END

@!!BEGIN
@!!type:obligation
@!!id:1242
@!!loc:871:3:871:5
@!!status:proved
@!!prover:smt
@!!meth:time-limit: 60; time-used: 5.3 (9%)
@!!already:false
@!!END

@!!BEGIN
@!!type:obligation
@!!id:1273
@!!loc:895:33:895:37
@!!status:trivial
@!!prover:tlapm
@!!already:false
@!!END

@!!BEGIN
@!!type:obligation
@!!id:1274
@!!loc:895:39:895:43
@!!status:trivial
@!!prover:tlapm
@!!already:false
@!!END

@!!BEGIN
@!!type:obligation
@!!id:1275
@!!loc:895:45:895:57
@!!status:trivial
@!!prover:tlapm
@!!already:false
@!!END

@!!BEGIN
@!!type:obligation
@!!id:1277
@!!loc:897:6:897:10
@!!status:trivial
@!!prover:tlapm
@!!already:false
@!!END

@!!BEGIN
@!!type:obligation
@!!id:1278
@!!loc:897:12:897:16
@!!status:trivial
@!!prover:tlapm
@!!already:false
@!!END

@!!BEGIN
@!!type:obligation
@!!id:1279
@!!loc:897:18:897:22
@!!status:trivial
@!!prover:tlapm
@!!already:false
@!!END

@!!BEGIN
@!!type:obligation
@!!id:1280
@!!loc:897:24:897:32
@!!status:trivial
@!!prover:tlapm
@!!already:false
@!!END

@!!BEGIN
@!!type:obligation
@!!id:1282
@!!loc:898:18:898:22
@!!status:trivial
@!!prover:tlapm
@!!already:false
@!!END

@!!BEGIN
@!!type:obligation
@!!id:1283
@!!loc:898:24:898:28
@!!status:trivial
@!!prover:tlapm
@!!already:false
@!!END

@!!BEGIN
@!!type:obligation
@!!id:1284
@!!loc:898:30:898:34
@!!status:trivial
@!!prover:tlapm
@!!already:false
@!!END

@!!BEGIN
@!!type:obligation
@!!id:1285
@!!loc:898:36:898:40
@!!status:trivial
@!!prover:tlapm
@!!already:false
@!!END

@!!BEGIN
@!!type:obligation
@!!id:1286
@!!loc:898:42:898:53
@!!status:trivial
@!!prover:tlapm
@!!already:false
@!!END

@!!BEGIN
@!!type:obligation
@!!id:1281
@!!loc:898:15:898:17
@!!status:proved
@!!prover:smt
@!!meth:time-limit: 60; time-used: 0.9 (2%)
@!!already:false
@!!END

@!!BEGIN
@!!type:obligation
@!!id:1276
@!!loc:897:3:897:5
@!!status:proved
@!!prover:smt
@!!meth:time-limit: 60; time-used: 1.4 (2%)
@!!already:false
@!!END

@!!BEGIN
@!!type:obligation
@!!id:1272
@!!loc:895:30:895:32
@!!status:proved
@!!prover:smt
@!!meth:time-limit: 60; time-used: 1.8 (3%)
@!!already:false
@!!END

@!!BEGIN
@!!type:obligation
@!!id:1288
@!!loc:899:18:899:22
@!!status:trivial
@!!prover:tlapm
@!!already:false
@!!END

@!!BEGIN
@!!type:obligation
@!!id:1289
@!!loc:899:24:899:28
@!!status:trivial
@!!prover:tlapm
@!!already:false
@!!END

@!!BEGIN
@!!type:obligation
@!!id:1290
@!!loc:899:30:899:34
@!!status:trivial
@!!prover:tlapm
@!!already:false
@!!END

@!!BEGIN
@!!type:obligation
@!!id:1291
@!!loc:899:36:899:40
@!!status:trivial
@!!prover:tlapm
@!!already:false
@!!END

@!!BEGIN
@!!type:obligation
@!!id:1292
@!!loc:899:42:899:46
@!!status:trivial
@!!prover:tlapm
@!!already:false
@!!END

@!!BEGIN
@!!type:obligation
@!!id:1294
@!!loc:900:50:900:54
@!!status:trivial
@!!prover:tlapm
@!!already:false
@!!END

@!!BEGIN
@!!type:obligation
@!!id:1295
@!!loc:900:56:900:60
@!!status:trivial
@!!prover:tlapm
@!!already:false
@!!END

@!!BEGIN
@!!type:obligation
@!!id:1296
@!!loc:900:62:900:66
@!!status:trivial
@!!prover:tlapm
@!!already:false
@!!END

@!!BEGIN
@!!type:obligation
@!!id:1297
@!!loc:900:68:900:72
@!!status:trivial
@!!prover:tlapm
@!!already:false
@!!END

@!!BEGIN
@!!type:obligation
@!!id:1293
@!!loc:900:47:900:49
@!!status:proved
@!!prover:smt
@!!meth:time-limit: 60; time-used: 3.9 (7%)
@!!already:false
@!!END

@!!BEGIN
@!!type:obligation
@!!id:1287
@!!loc:899:15:899:17
@!!status:proved
@!!prover:smt
@!!meth:time-limit: 60; time-used: 4.5 (8%)
@!!already:false
@!!END

@!!BEGIN
@!!type:obligation
@!!id:1299
@!!loc:902:6:902:10
@!!status:trivial
@!!prover:tlapm
@!!already:false
@!!END

@!!BEGIN
@!!type:obligation
@!!id:1300
@!!loc:902:12:902:16
@!!status:trivial
@!!prover:tlapm
@!!already:false
@!!END

@!!BEGIN
@!!type:obligation
@!!id:1301
@!!loc:902:18:902:22
@!!status:trivial
@!!prover:tlapm
@!!already:false
@!!END

@!!BEGIN
@!!type:obligation
@!!id:1302
@!!loc:902:24:902:28
@!!status:trivial
@!!prover:tlapm
@!!already:false
@!!END

@!!BEGIN
@!!type:obligation
@!!id:1303
@!!loc:902:30:902:42
@!!status:trivial
@!!prover:tlapm
@!!already:false
@!!END

@!!BEGIN
@!!type:obligation
@!!id:1298
@!!loc:902:3:902:5
@!!status:proved
@!!prover:smt
@!!meth:time-limit: 60; time-used: 4.3 (7%)
@!!already:false
@!!END

@!!BEGIN
@!!type:obligation
@!!id:1305
@!!loc:904:6:904:10
@!!status:trivial
@!!prover:tlapm
@!!already:false
@!!END

@!!BEGIN
@!!type:obligation
@!!id:1306
@!!loc:904:12:904:16
@!!status:trivial
@!!prover:tlapm
@!!already:false
@!!END

@!!BEGIN
@!!type:obligation
@!!id:1307
@!!loc:904:18:904:22
@!!status:trivial
@!!prover:tlapm
@!!already:false
@!!END

@!!BEGIN
@!!type:obligation
@!!id:1308
@!!loc:904:24:904:28
@!!status:trivial
@!!prover:tlapm
@!!already:false
@!!END

@!!BEGIN
@!!type:obligation
@!!id:1309
@!!loc:904:30:904:42
@!!status:trivial
@!!prover:tlapm
@!!already:false
@!!END

@!!BEGIN
@!!type:obligation
@!!id:1311
@!!loc:906:6:906:10
@!!status:trivial
@!!prover:tlapm
@!!already:false
@!!END

@!!BEGIN
@!!type:obligation
@!!id:1312
@!!loc:906:12:906:16
@!!status:trivial
@!!prover:tlapm
@!!already:false
@!!END

@!!BEGIN
@!!type:obligation
@!!id:1313
@!!loc:906:18:906:22
@!!status:trivial
@!!prover:tlapm
@!!already:false
@!!END

@!!BEGIN
@!!type:obligation
@!!id:1314
@!!loc:907:16:907:18
@!!status:proved
@!!prover:smt
@!!meth:time-limit: 60
@!!already:true
@!!END

@!!BEGIN
@!!type:obligation
@!!id:1315
@!!loc:907:19:907:23
@!!status:trivial
@!!prover:tlapm
@!!already:false
@!!END

@!!BEGIN
@!!type:obligation
@!!id:1316
@!!loc:907:25:907:29
@!!status:trivial
@!!prover:tlapm
@!!already:false
@!!END

@!!BEGIN
@!!type:obligation
@!!id:1317
@!!loc:907:31:907:35
@!!status:trivial
@!!prover:tlapm
@!!already:false
@!!END

@!!BEGIN
@!!type:obligation
@!!id:1318
@!!loc:907:37:907:41
@!!status:trivial
@!!prover:tlapm
@!!already:false
@!!END

@!!BEGIN
@!!type:obligation
@!!id:1319
@!!loc:907:43:907:48
@!!status:trivial
@!!prover:tlapm
@!!already:false
@!!END

@!!BEGIN
@!!type:obligation
@!!id:1320
@!!loc:907:50:907:61
@!!status:trivial
@!!prover:tlapm
@!!already:false
@!!END

@!!BEGIN
@!!type:obligation
@!!id:1321
@!!loc:949:10:949:12
@!!status:proved
@!!prover:smt
@!!meth:time-limit: 60
@!!already:true
@!!END

@!!BEGIN
@!!type:obligation
@!!id:1322
@!!loc:949:13:949:18
@!!status:trivial
@!!prover:tlapm
@!!already:false
@!!END

@!!BEGIN
@!!type:obligation
@!!id:1323
@!!loc:949:20:949:25
@!!status:trivial
@!!prover:tlapm
@!!already:false
@!!END

@!!BEGIN
@!!type:obligation
@!!id:1324
@!!loc:949:27:949:32
@!!status:trivial
@!!prover:tlapm
@!!already:false
@!!END

@!!BEGIN
@!!type:obligation
@!!id:1325
@!!loc:913:14:913:16
@!!status:proved
@!!prover:smt
@!!meth:time-limit: 60
@!!already:true
@!!END

@!!BEGIN
@!!type:obligation
@!!id:1326
@!!loc:914:44:914:46
@!!status:proved
@!!prover:smt
@!!meth:time-limit: 60
@!!already:true
@!!END

@!!BEGIN
@!!type:obligation
@!!id:1327
@!!loc:915:14:915:16
@!!status:proved
@!!prover:smt
@!!meth:time-limit: 60
@!!already:true
@!!END

@!!BEGIN
@!!type:obligation
@!!id:1328
@!!loc:916:23:916:25
@!!status:proved
@!!prover:smt
@!!meth:time-limit: 60
@!!already:true
@!!END

@!!BEGIN
@!!type:obligation
@!!id:1329
@!!loc:916:26:916:30
@!!status:trivial
@!!prover:tlapm
@!!already:false
@!!END

@!!BEGIN
@!!type:obligation
@!!id:1330
@!!loc:917:80:917:82
@!!status:proved
@!!prover:smt
@!!meth:time-limit: 60
@!!already:true
@!!END

@!!BEGIN
@!!type:obligation
@!!id:1331
@!!loc:917:83:917:87
@!!status:trivial
@!!prover:tlapm
@!!already:false
@!!END

@!!BEGIN
@!!type:obligation
@!!id:1332
@!!loc:923:3:923:5
@!!status:proved
@!!prover:smt
@!!meth:time-limit: 60; time-used: 0.3 (0%)
@!!already:false
@!!END

@!!BEGIN
@!!type:obligation
@!!id:1310
@!!loc:906:3:906:5
@!!status:proved
@!!prover:smt
@!!meth:time-limit: 60; time-used: 1.6 (3%)
@!!already:false
@!!END

@!!BEGIN
@!!type:obligation
@!!id:1304
@!!loc:904:3:904:5
@!!status:proved
@!!prover:smt
@!!meth:time-limit: 60; time-used: 2.1 (4%)
@!!already:false
@!!END

@!!BEGIN
@!!type:obligation
@!!id:1336
@!!loc:931:3:931:5
@!!status:proved
@!!prover:smt
@!!meth:time-limit: 60
@!!already:true
@!!END

@!!BEGIN
@!!type:obligation
@!!id:1337
@!!loc:931:6:931:10
@!!status:trivial
@!!prover:tlapm
@!!already:false
@!!END

@!!BEGIN
@!!type:obligation
@!!id:1338
@!!loc:931:12:931:21
@!!status:trivial
@!!prover:tlapm
@!!already:false
@!!END

@!!BEGIN
@!!type:obligation
@!!id:1339
@!!loc:933:3:933:5
@!!status:proved
@!!prover:smt
@!!meth:time-limit: 60
@!!already:true
@!!END

@!!BEGIN
@!!type:obligation
@!!id:1340
@!!loc:933:6:933:10
@!!status:trivial
@!!prover:tlapm
@!!already:false
@!!END

@!!BEGIN
@!!type:obligation
@!!id:1341
@!!loc:933:12:933:16
@!!status:trivial
@!!prover:tlapm
@!!already:false
@!!END

@!!BEGIN
@!!type:obligation
@!!id:1342
@!!loc:933:18:933:25
@!!status:trivial
@!!prover:tlapm
@!!already:false
@!!END

@!!BEGIN
@!!type:obligation
@!!id:1335
@!!loc:929:3:929:5
@!!status:proved
@!!prover:smt
@!!meth:time-limit: 60; time-used: 3.7 (6%)
@!!already:false
@!!END

@!!BEGIN
@!!type:obligation
@!!id:1334
@!!loc:927:3:927:5
@!!status:proved
@!!prover:smt
@!!meth:time-limit: 60; time-used: 3.8 (6%)
@!!already:false
@!!END

@!!BEGIN
@!!type:obligation
@!!id:1344
@!!loc:935:6:935:10
@!!status:trivial
@!!prover:tlapm
@!!already:false
@!!END

@!!BEGIN
@!!type:obligation
@!!id:1345
@!!loc:935:12:935:16
@!!status:trivial
@!!prover:tlapm
@!!already:false
@!!END

@!!BEGIN
@!!type:obligation
@!!id:1346
@!!loc:935:18:935:30
@!!status:trivial
@!!prover:tlapm
@!!already:false
@!!END

@!!BEGIN
@!!type:obligation
@!!id:1343
@!!loc:935:3:935:5
@!!status:proved
@!!prover:smt
@!!meth:time-limit: 60; time-used: 3.8 (6%)
@!!already:false
@!!END

@!!BEGIN
@!!type:obligation
@!!id:1348
@!!loc:936:36:936:40
@!!status:trivial
@!!prover:tlapm
@!!already:false
@!!END

@!!BEGIN
@!!type:obligation
@!!id:1349
@!!loc:936:42:936:46
@!!status:trivial
@!!prover:tlapm
@!!already:false
@!!END

@!!BEGIN
@!!type:obligation
@!!id:1350
@!!loc:936:48:936:52
@!!status:trivial
@!!prover:tlapm
@!!already:false
@!!END

@!!BEGIN
@!!type:obligation
@!!id:1351
@!!loc:936:54:936:58
@!!status:trivial
@!!prover:tlapm
@!!already:false
@!!END

@!!BEGIN
@!!type:obligation
@!!id:1352
@!!loc:936:60:936:64
@!!status:trivial
@!!prover:tlapm
@!!already:false
@!!END

@!!BEGIN
@!!type:obligation
@!!id:1353
@!!loc:936:66:936:70
@!!status:trivial
@!!prover:tlapm
@!!already:false
@!!END

@!!BEGIN
@!!type:obligation
@!!id:1354
@!!loc:936:72:936:84
@!!status:trivial
@!!prover:tlapm
@!!already:false
@!!END

@!!BEGIN
@!!type:obligation
@!!id:1356
@!!loc:938:6:938:10
@!!status:trivial
@!!prover:tlapm
@!!already:false
@!!END

@!!BEGIN
@!!type:obligation
@!!id:1357
@!!loc:938:12:938:16
@!!status:trivial
@!!prover:tlapm
@!!already:false
@!!END

@!!BEGIN
@!!type:obligation
@!!id:1358
@!!loc:938:18:938:22
@!!status:trivial
@!!prover:tlapm
@!!already:false
@!!END

@!!BEGIN
@!!type:obligation
@!!id:1359
@!!loc:938:24:938:32
@!!status:trivial
@!!prover:tlapm
@!!already:false
@!!END

@!!BEGIN
@!!type:obligation
@!!id:1361
@!!loc:939:18:939:22
@!!status:trivial
@!!prover:tlapm
@!!already:false
@!!END

@!!BEGIN
@!!type:obligation
@!!id:1362
@!!loc:939:24:939:28
@!!status:trivial
@!!prover:tlapm
@!!already:false
@!!END

@!!BEGIN
@!!type:obligation
@!!id:1363
@!!loc:939:30:939:34
@!!status:trivial
@!!prover:tlapm
@!!already:false
@!!END

@!!BEGIN
@!!type:obligation
@!!id:1364
@!!loc:939:36:939:40
@!!status:trivial
@!!prover:tlapm
@!!already:false
@!!END

@!!BEGIN
@!!type:obligation
@!!id:1365
@!!loc:939:42:939:53
@!!status:trivial
@!!prover:tlapm
@!!already:false
@!!END

@!!BEGIN
@!!type:obligation
@!!id:1360
@!!loc:939:15:939:17
@!!status:proved
@!!prover:smt
@!!meth:time-limit: 60; time-used: 0.6 (1%)
@!!already:false
@!!END

@!!BEGIN
@!!type:obligation
@!!id:1355
@!!loc:938:3:938:5
@!!status:proved
@!!prover:smt
@!!meth:time-limit: 60; time-used: 1.5 (2%)
@!!already:false
@!!END

@!!BEGIN
@!!type:obligation
@!!id:1347
@!!loc:936:33:936:35
@!!status:proved
@!!prover:smt
@!!meth:time-limit: 60; time-used: 2.2 (4%)
@!!already:false
@!!END

@!!BEGIN
@!!type:obligation
@!!id:1367
@!!loc:940:19:940:23
@!!status:trivial
@!!prover:tlapm
@!!already:false
@!!END

@!!BEGIN
@!!type:obligation
@!!id:1368
@!!loc:940:25:940:29
@!!status:trivial
@!!prover:tlapm
@!!already:false
@!!END

@!!BEGIN
@!!type:obligation
@!!id:1369
@!!loc:940:31:940:35
@!!status:trivial
@!!prover:tlapm
@!!already:false
@!!END

@!!BEGIN
@!!type:obligation
@!!id:1370
@!!loc:940:37:940:41
@!!status:trivial
@!!prover:tlapm
@!!already:false
@!!END

@!!BEGIN
@!!type:obligation
@!!id:1371
@!!loc:940:43:940:47
@!!status:trivial
@!!prover:tlapm
@!!already:false
@!!END

@!!BEGIN
@!!type:obligation
@!!id:1372
@!!loc:940:49:940:53
@!!status:trivial
@!!prover:tlapm
@!!already:false
@!!END

@!!BEGIN
@!!type:obligation
@!!id:1373
@!!loc:940:55:940:59
@!!status:trivial
@!!prover:tlapm
@!!already:false
@!!END

@!!BEGIN
@!!type:obligation
@!!id:1374
@!!loc:940:61:940:65
@!!status:trivial
@!!prover:tlapm
@!!already:false
@!!END

@!!BEGIN
@!!type:obligation
@!!id:1375
@!!loc:940:67:940:71
@!!status:trivial
@!!prover:tlapm
@!!already:false
@!!END

@!!BEGIN
@!!type:obligation
@!!id:1377
@!!loc:941:51:941:55
@!!status:trivial
@!!prover:tlapm
@!!already:false
@!!END

@!!BEGIN
@!!type:obligation
@!!id:1378
@!!loc:941:57:941:61
@!!status:trivial
@!!prover:tlapm
@!!already:false
@!!END

@!!BEGIN
@!!type:obligation
@!!id:1379
@!!loc:941:63:941:67
@!!status:trivial
@!!prover:tlapm
@!!already:false
@!!END

@!!BEGIN
@!!type:obligation
@!!id:1380
@!!loc:941:69:941:73
@!!status:trivial
@!!prover:tlapm
@!!already:false
@!!END

@!!BEGIN
@!!type:obligation
@!!id:1381
@!!loc:941:75:941:79
@!!status:trivial
@!!prover:tlapm
@!!already:false
@!!END

@!!BEGIN
@!!type:obligation
@!!id:1382
@!!loc:941:81:941:85
@!!status:trivial
@!!prover:tlapm
@!!already:false
@!!END

@!!BEGIN
@!!type:obligation
@!!id:1383
@!!loc:941:87:941:91
@!!status:trivial
@!!prover:tlapm
@!!already:false
@!!END

@!!BEGIN
@!!type:obligation
@!!id:1384
@!!loc:941:93:941:97
@!!status:trivial
@!!prover:tlapm
@!!already:false
@!!END

@!!BEGIN
@!!type:obligation
@!!id:1376
@!!loc:941:48:941:50
@!!status:proved
@!!prover:smt
@!!meth:time-limit: 60; time-used: 4.7 (8%)
@!!already:false
@!!END

@!!BEGIN
@!!type:obligation
@!!id:1366
@!!loc:940:16:940:18
@!!status:proved
@!!prover:smt
@!!meth:time-limit: 60; time-used: 5.9 (10%)
@!!already:false
@!!END

@!!BEGIN
@!!type:obligation
@!!id:1386
@!!loc:943:6:943:10
@!!status:trivial
@!!prover:tlapm
@!!already:false
@!!END

@!!BEGIN
@!!type:obligation
@!!id:1387
@!!loc:943:12:943:16
@!!status:trivial
@!!prover:tlapm
@!!already:false
@!!END

@!!BEGIN
@!!type:obligation
@!!id:1388
@!!loc:943:18:943:22
@!!status:trivial
@!!prover:tlapm
@!!already:false
@!!END

@!!BEGIN
@!!type:obligation
@!!id:1389
@!!loc:943:24:943:28
@!!status:trivial
@!!prover:tlapm
@!!already:false
@!!END

@!!BEGIN
@!!type:obligation
@!!id:1390
@!!loc:943:30:943:42
@!!status:trivial
@!!prover:tlapm
@!!already:false
@!!END

@!!BEGIN
@!!type:obligation
@!!id:1385
@!!loc:943:3:943:5
@!!status:proved
@!!prover:smt
@!!meth:time-limit: 60; time-used: 4.7 (8%)
@!!already:false
@!!END

@!!BEGIN
@!!type:obligation
@!!id:1392
@!!loc:945:6:945:10
@!!status:trivial
@!!prover:tlapm
@!!already:false
@!!END

@!!BEGIN
@!!type:obligation
@!!id:1393
@!!loc:945:12:945:16
@!!status:trivial
@!!prover:tlapm
@!!already:false
@!!END

@!!BEGIN
@!!type:obligation
@!!id:1394
@!!loc:945:18:945:22
@!!status:trivial
@!!prover:tlapm
@!!already:false
@!!END

@!!BEGIN
@!!type:obligation
@!!id:1395
@!!loc:945:24:945:28
@!!status:trivial
@!!prover:tlapm
@!!already:false
@!!END

@!!BEGIN
@!!type:obligation
@!!id:1396
@!!loc:945:30:945:34
@!!status:trivial
@!!prover:tlapm
@!!already:false
@!!END

@!!BEGIN
@!!type:obligation
@!!id:1397
@!!loc:945:36:945:40
@!!status:trivial
@!!prover:tlapm
@!!already:false
@!!END

@!!BEGIN
@!!type:obligation
@!!id:1398
@!!loc:945:42:945:46
@!!status:trivial
@!!prover:tlapm
@!!already:false
@!!END

@!!BEGIN
@!!type:obligation
@!!id:1399
@!!loc:945:48:945:52
@!!status:trivial
@!!prover:tlapm
@!!already:false
@!!END

@!!BEGIN
@!!type:obligation
@!!id:1400
@!!loc:945:54:945:66
@!!status:trivial
@!!prover:tlapm
@!!already:false
@!!END

@!!BEGIN
@!!type:obligation
@!!id:1402
@!!loc:947:6:947:10
@!!status:trivial
@!!prover:tlapm
@!!already:false
@!!END

@!!BEGIN
@!!type:obligation
@!!id:1403
@!!loc:947:12:947:16
@!!status:trivial
@!!prover:tlapm
@!!already:false
@!!END

@!!BEGIN
@!!type:obligation
@!!id:1404
@!!loc:947:18:947:22
@!!status:trivial
@!!prover:tlapm
@!!already:false
@!!END

@!!BEGIN
@!!type:obligation
@!!id:1405
@!!loc:948:16:948:18
@!!status:proved
@!!prover:smt
@!!meth:time-limit: 60
@!!already:true
@!!END

@!!BEGIN
@!!type:obligation
@!!id:1406
@!!loc:948:19:948:23
@!!status:trivial
@!!prover:tlapm
@!!already:false
@!!END

@!!BEGIN
@!!type:obligation
@!!id:1407
@!!loc:948:25:948:29
@!!status:trivial
@!!prover:tlapm
@!!already:false
@!!END

@!!BEGIN
@!!type:obligation
@!!id:1408
@!!loc:948:31:948:36
@!!status:trivial
@!!prover:tlapm
@!!already:false
@!!END

@!!BEGIN
@!!type:obligation
@!!id:1409
@!!loc:948:38:948:43
@!!status:trivial
@!!prover:tlapm
@!!already:false
@!!END

@!!BEGIN
@!!type:obligation
@!!id:1410
@!!loc:948:45:948:50
@!!status:trivial
@!!prover:tlapm
@!!already:false
@!!END

@!!BEGIN
@!!type:obligation
@!!id:1411
@!!loc:948:52:948:63
@!!status:trivial
@!!prover:tlapm
@!!already:false
@!!END

@!!BEGIN
@!!type:obligation
@!!id:1413
@!!loc:985:13:985:17
@!!status:trivial
@!!prover:tlapm
@!!already:false
@!!END

@!!BEGIN
@!!type:obligation
@!!id:1414
@!!loc:985:19:985:23
@!!status:trivial
@!!prover:tlapm
@!!already:false
@!!END

@!!BEGIN
@!!type:obligation
@!!id:1415
@!!loc:985:25:985:30
@!!status:trivial
@!!prover:tlapm
@!!already:false
@!!END

@!!BEGIN
@!!type:obligation
@!!id:1416
@!!loc:957:14:957:16
@!!status:proved
@!!prover:smt
@!!meth:time-limit: 60
@!!already:true
@!!END

@!!BEGIN
@!!type:obligation
@!!id:1417
@!!loc:958:44:958:46
@!!status:proved
@!!prover:smt
@!!meth:time-limit: 60
@!!already:true
@!!END

@!!BEGIN
@!!type:obligation
@!!id:1418
@!!loc:959:14:959:16
@!!status:proved
@!!prover:smt
@!!meth:time-limit: 60
@!!already:true
@!!END

@!!BEGIN
@!!type:obligation
@!!id:1419
@!!loc:960:23:960:25
@!!status:proved
@!!prover:smt
@!!meth:time-limit: 60
@!!already:true
@!!END

@!!BEGIN
@!!type:obligation
@!!id:1420
@!!loc:960:26:960:30
@!!status:trivial
@!!prover:tlapm
@!!already:false
@!!END

@!!BEGIN
@!!type:obligation
@!!id:1421
@!!loc:961:80:961:82
@!!status:proved
@!!prover:smt
@!!meth:time-limit: 60
@!!already:true
@!!END

@!!BEGIN
@!!type:obligation
@!!id:1422
@!!loc:961:83:961:87
@!!status:trivial
@!!prover:tlapm
@!!already:false
@!!END

@!!BEGIN
@!!type:obligation
@!!id:1412
@!!loc:985:10:985:12
@!!status:proved
@!!prover:smt
@!!meth:time-limit: 60; time-used: 0.7 (1%)
@!!already:false
@!!END

@!!BEGIN
@!!type:obligation
@!!id:1401
@!!loc:947:3:947:5
@!!status:proved
@!!prover:smt
@!!meth:time-limit: 60; time-used: 1.6 (3%)
@!!already:false
@!!END

@!!BEGIN
@!!type:obligation
@!!id:1391
@!!loc:945:3:945:5
@!!status:proved
@!!prover:smt
@!!meth:time-limit: 60; time-used: 2.5 (4%)
@!!already:false
@!!END

@!!BEGIN
@!!type:obligation
@!!id:1427
@!!loc:971:6:971:17
@!!status:trivial
@!!prover:tlapm
@!!already:false
@!!END

@!!BEGIN
@!!type:obligation
@!!id:1426
@!!loc:971:3:971:5
@!!status:proved
@!!prover:smt
@!!meth:time-limit: 60; time-used: 3.5 (6%)
@!!already:false
@!!END

@!!BEGIN
@!!type:obligation
@!!id:1425
@!!loc:969:3:969:5
@!!status:proved
@!!prover:smt
@!!meth:time-limit: 60; time-used: 3.7 (6%)
@!!already:false
@!!END

@!!BEGIN
@!!type:obligation
@!!id:1423
@!!loc:965:3:965:5
@!!status:proved
@!!prover:smt
@!!meth:time-limit: 60; time-used: 4.0 (7%)
@!!already:false
@!!END

@!!BEGIN
@!!type:obligation
@!!id:1429
@!!loc:972:41:972:45
@!!status:trivial
@!!prover:tlapm
@!!already:false
@!!END

@!!BEGIN
@!!type:obligation
@!!id:1430
@!!loc:972:47:972:51
@!!status:trivial
@!!prover:tlapm
@!!already:false
@!!END

@!!BEGIN
@!!type:obligation
@!!id:1431
@!!loc:972:53:972:57
@!!status:trivial
@!!prover:tlapm
@!!already:false
@!!END

@!!BEGIN
@!!type:obligation
@!!id:1432
@!!loc:972:59:972:71
@!!status:trivial
@!!prover:tlapm
@!!already:false
@!!END

@!!BEGIN
@!!type:obligation
@!!id:1434
@!!loc:974:6:974:10
@!!status:trivial
@!!prover:tlapm
@!!already:false
@!!END

@!!BEGIN
@!!type:obligation
@!!id:1435
@!!loc:974:12:974:16
@!!status:trivial
@!!prover:tlapm
@!!already:false
@!!END

@!!BEGIN
@!!type:obligation
@!!id:1436
@!!loc:974:18:974:22
@!!status:trivial
@!!prover:tlapm
@!!already:false
@!!END

@!!BEGIN
@!!type:obligation
@!!id:1437
@!!loc:974:24:974:32
@!!status:trivial
@!!prover:tlapm
@!!already:false
@!!END

@!!BEGIN
@!!type:obligation
@!!id:1439
@!!loc:975:18:975:22
@!!status:trivial
@!!prover:tlapm
@!!already:false
@!!END

@!!BEGIN
@!!type:obligation
@!!id:1440
@!!loc:975:24:975:28
@!!status:trivial
@!!prover:tlapm
@!!already:false
@!!END

@!!BEGIN
@!!type:obligation
@!!id:1441
@!!loc:975:30:975:34
@!!status:trivial
@!!prover:tlapm
@!!already:false
@!!END

@!!BEGIN
@!!type:obligation
@!!id:1442
@!!loc:975:36:975:40
@!!status:trivial
@!!prover:tlapm
@!!already:false
@!!END

@!!BEGIN
@!!type:obligation
@!!id:1443
@!!loc:975:42:975:53
@!!status:trivial
@!!prover:tlapm
@!!already:false
@!!END

@!!BEGIN
@!!type:obligation
@!!id:1438
@!!loc:975:15:975:17
@!!status:proved
@!!prover:smt
@!!meth:time-limit: 60; time-used: 0.9 (1%)
@!!already:false
@!!END

@!!BEGIN
@!!type:obligation
@!!id:1433
@!!loc:974:3:974:5
@!!status:proved
@!!prover:smt
@!!meth:time-limit: 60; time-used: 1.5 (3%)
@!!already:false
@!!END

@!!BEGIN
@!!type:obligation
@!!id:1428
@!!loc:972:38:972:40
@!!status:proved
@!!prover:smt
@!!meth:time-limit: 60; time-used: 2.0 (3%)
@!!already:false
@!!END

@!!BEGIN
@!!type:obligation
@!!id:1445
@!!loc:976:18:976:22
@!!status:trivial
@!!prover:tlapm
@!!already:false
@!!END

@!!BEGIN
@!!type:obligation
@!!id:1446
@!!loc:976:24:976:28
@!!status:trivial
@!!prover:tlapm
@!!already:false
@!!END

@!!BEGIN
@!!type:obligation
@!!id:1447
@!!loc:976:30:976:34
@!!status:trivial
@!!prover:tlapm
@!!already:false
@!!END

@!!BEGIN
@!!type:obligation
@!!id:1448
@!!loc:976:36:976:40
@!!status:trivial
@!!prover:tlapm
@!!already:false
@!!END

@!!BEGIN
@!!type:obligation
@!!id:1449
@!!loc:976:42:976:46
@!!status:trivial
@!!prover:tlapm
@!!already:false
@!!END

@!!BEGIN
@!!type:obligation
@!!id:1450
@!!loc:976:48:976:52
@!!status:trivial
@!!prover:tlapm
@!!already:false
@!!END

@!!BEGIN
@!!type:obligation
@!!id:1452
@!!loc:977:50:977:54
@!!status:trivial
@!!prover:tlapm
@!!already:false
@!!END

@!!BEGIN
@!!type:obligation
@!!id:1453
@!!loc:977:56:977:60
@!!status:trivial
@!!prover:tlapm
@!!already:false
@!!END

@!!BEGIN
@!!type:obligation
@!!id:1454
@!!loc:977:62:977:66
@!!status:trivial
@!!prover:tlapm
@!!already:false
@!!END

@!!BEGIN
@!!type:obligation
@!!id:1455
@!!loc:977:68:977:72
@!!status:trivial
@!!prover:tlapm
@!!already:false
@!!END

@!!BEGIN
@!!type:obligation
@!!id:1456
@!!loc:977:74:977:78
@!!status:trivial
@!!prover:tlapm
@!!already:false
@!!END

@!!BEGIN
@!!type:obligation
@!!id:1451
@!!loc:977:47:977:49
@!!status:proved
@!!prover:smt
@!!meth:time-limit: 60; time-used: 4.2 (7%)
@!!already:false
@!!END

@!!BEGIN
@!!type:obligation
@!!id:1444
@!!loc:976:15:976:17
@!!status:proved
@!!prover:smt
@!!meth:time-limit: 60; time-used: 4.9 (8%)
@!!already:false
@!!END

@!!BEGIN
@!!type:obligation
@!!id:1458
@!!loc:979:6:979:10
@!!status:trivial
@!!prover:tlapm
@!!already:false
@!!END

@!!BEGIN
@!!type:obligation
@!!id:1459
@!!loc:979:12:979:16
@!!status:trivial
@!!prover:tlapm
@!!already:false
@!!END

@!!BEGIN
@!!type:obligation
@!!id:1460
@!!loc:979:18:979:22
@!!status:trivial
@!!prover:tlapm
@!!already:false
@!!END

@!!BEGIN
@!!type:obligation
@!!id:1461
@!!loc:979:24:979:28
@!!status:trivial
@!!prover:tlapm
@!!already:false
@!!END

@!!BEGIN
@!!type:obligation
@!!id:1462
@!!loc:979:30:979:42
@!!status:trivial
@!!prover:tlapm
@!!already:false
@!!END

@!!BEGIN
@!!type:obligation
@!!id:1457
@!!loc:979:3:979:5
@!!status:proved
@!!prover:smt
@!!meth:time-limit: 60; time-used: 4.2 (7%)
@!!already:false
@!!END

@!!BEGIN
@!!type:obligation
@!!id:1464
@!!loc:981:6:981:10
@!!status:trivial
@!!prover:tlapm
@!!already:false
@!!END

@!!BEGIN
@!!type:obligation
@!!id:1465
@!!loc:981:12:981:16
@!!status:trivial
@!!prover:tlapm
@!!already:false
@!!END

@!!BEGIN
@!!type:obligation
@!!id:1466
@!!loc:981:18:981:22
@!!status:trivial
@!!prover:tlapm
@!!already:false
@!!END

@!!BEGIN
@!!type:obligation
@!!id:1467
@!!loc:981:24:981:28
@!!status:trivial
@!!prover:tlapm
@!!already:false
@!!END

@!!BEGIN
@!!type:obligation
@!!id:1468
@!!loc:981:30:981:34
@!!status:trivial
@!!prover:tlapm
@!!already:false
@!!END

@!!BEGIN
@!!type:obligation
@!!id:1469
@!!loc:981:36:981:48
@!!status:trivial
@!!prover:tlapm
@!!already:false
@!!END

@!!BEGIN
@!!type:obligation
@!!id:1471
@!!loc:983:6:983:10
@!!status:trivial
@!!prover:tlapm
@!!already:false
@!!END

@!!BEGIN
@!!type:obligation
@!!id:1472
@!!loc:983:12:983:16
@!!status:trivial
@!!prover:tlapm
@!!already:false
@!!END

@!!BEGIN
@!!type:obligation
@!!id:1473
@!!loc:983:18:983:22
@!!status:trivial
@!!prover:tlapm
@!!already:false
@!!END

@!!BEGIN
@!!type:obligation
@!!id:1475
@!!loc:984:19:984:23
@!!status:trivial
@!!prover:tlapm
@!!already:false
@!!END

@!!BEGIN
@!!type:obligation
@!!id:1476
@!!loc:984:25:984:29
@!!status:trivial
@!!prover:tlapm
@!!already:false
@!!END

@!!BEGIN
@!!type:obligation
@!!id:1477
@!!loc:984:31:984:35
@!!status:trivial
@!!prover:tlapm
@!!already:false
@!!END

@!!BEGIN
@!!type:obligation
@!!id:1478
@!!loc:984:37:984:42
@!!status:trivial
@!!prover:tlapm
@!!already:false
@!!END

@!!BEGIN
@!!type:obligation
@!!id:1479
@!!loc:984:44:984:49
@!!status:trivial
@!!prover:tlapm
@!!already:false
@!!END

@!!BEGIN
@!!type:obligation
@!!id:1480
@!!loc:984:51:984:62
@!!status:trivial
@!!prover:tlapm
@!!already:false
@!!END

@!!BEGIN
@!!type:obligation
@!!id:1481
@!!loc:1015:10:1015:12
@!!status:proved
@!!prover:smt
@!!meth:time-limit: 60
@!!already:true
@!!END

@!!BEGIN
@!!type:obligation
@!!id:1482
@!!loc:1015:13:1015:17
@!!status:trivial
@!!prover:tlapm
@!!already:false
@!!END

@!!BEGIN
@!!type:obligation
@!!id:1483
@!!loc:1015:19:1015:23
@!!status:trivial
@!!prover:tlapm
@!!already:false
@!!END

@!!BEGIN
@!!type:obligation
@!!id:1484
@!!loc:1015:25:1015:30
@!!status:trivial
@!!prover:tlapm
@!!already:false
@!!END

@!!BEGIN
@!!type:obligation
@!!id:1485
@!!loc:990:14:990:16
@!!status:proved
@!!prover:smt
@!!meth:time-limit: 60
@!!already:true
@!!END

@!!BEGIN
@!!type:obligation
@!!id:1486
@!!loc:991:44:991:46
@!!status:proved
@!!prover:smt
@!!meth:time-limit: 60
@!!already:true
@!!END

@!!BEGIN
@!!type:obligation
@!!id:1487
@!!loc:992:14:992:16
@!!status:proved
@!!prover:smt
@!!meth:time-limit: 60
@!!already:true
@!!END

@!!BEGIN
@!!type:obligation
@!!id:1488
@!!loc:993:23:993:25
@!!status:proved
@!!prover:smt
@!!meth:time-limit: 60
@!!already:true
@!!END

@!!BEGIN
@!!type:obligation
@!!id:1489
@!!loc:993:26:993:30
@!!status:trivial
@!!prover:tlapm
@!!already:false
@!!END

@!!BEGIN
@!!type:obligation
@!!id:1490
@!!loc:994:80:994:82
@!!status:proved
@!!prover:smt
@!!meth:time-limit: 60
@!!already:true
@!!END

@!!BEGIN
@!!type:obligation
@!!id:1491
@!!loc:994:83:994:87
@!!status:trivial
@!!prover:tlapm
@!!already:false
@!!END

@!!BEGIN
@!!type:obligation
@!!id:1474
@!!loc:984:16:984:18
@!!status:proved
@!!prover:smt
@!!meth:time-limit: 60; time-used: 1.2 (2%)
@!!already:false
@!!END

@!!BEGIN
@!!type:obligation
@!!id:1470
@!!loc:983:3:983:5
@!!status:proved
@!!prover:smt
@!!meth:time-limit: 60; time-used: 1.6 (3%)
@!!already:false
@!!END

@!!BEGIN
@!!type:obligation
@!!id:1463
@!!loc:981:3:981:5
@!!status:proved
@!!prover:smt
@!!meth:time-limit: 60; time-used: 2.2 (4%)
@!!already:false
@!!END

@!!BEGIN
@!!type:obligation
@!!id:1493
@!!loc:999:12:999:19
@!!status:proved
@!!prover:smt
@!!meth:time-limit: 60
@!!already:true
@!!END

@!!BEGIN
@!!type:obligation
@!!id:1492
@!!loc:998:3:998:5
@!!status:proved
@!!prover:smt
@!!meth:time-limit: 60; time-used: 3.1 (5%)
@!!already:false
@!!END

@!!BEGIN
@!!type:obligation
@!!id:1495
@!!loc:1001:6:1001:10
@!!status:trivial
@!!prover:tlapm
@!!already:false
@!!END

@!!BEGIN
@!!type:obligation
@!!id:1496
@!!loc:1001:12:1001:24
@!!status:trivial
@!!prover:tlapm
@!!already:false
@!!END

@!!BEGIN
@!!type:obligation
@!!id:1494
@!!loc:1001:3:1001:5
@!!status:proved
@!!prover:smt
@!!meth:time-limit: 60; time-used: 3.5 (6%)
@!!already:false
@!!END

@!!BEGIN
@!!type:obligation
@!!id:1498
@!!loc:1002:38:1002:42
@!!status:trivial
@!!prover:tlapm
@!!already:false
@!!END

@!!BEGIN
@!!type:obligation
@!!id:1499
@!!loc:1002:44:1002:48
@!!status:trivial
@!!prover:tlapm
@!!already:false
@!!END

@!!BEGIN
@!!type:obligation
@!!id:1500
@!!loc:1002:50:1002:54
@!!status:trivial
@!!prover:tlapm
@!!already:false
@!!END

@!!BEGIN
@!!type:obligation
@!!id:1501
@!!loc:1002:56:1002:68
@!!status:trivial
@!!prover:tlapm
@!!already:false
@!!END

@!!BEGIN
@!!type:obligation
@!!id:1502
@!!loc:1004:3:1004:5
@!!status:proved
@!!prover:smt
@!!meth:time-limit: 60
@!!already:true
@!!END

@!!BEGIN
@!!type:obligation
@!!id:1503
@!!loc:1004:6:1004:10
@!!status:trivial
@!!prover:tlapm
@!!already:false
@!!END

@!!BEGIN
@!!type:obligation
@!!id:1504
@!!loc:1004:12:1004:16
@!!status:trivial
@!!prover:tlapm
@!!already:false
@!!END

@!!BEGIN
@!!type:obligation
@!!id:1505
@!!loc:1004:18:1004:22
@!!status:trivial
@!!prover:tlapm
@!!already:false
@!!END

@!!BEGIN
@!!type:obligation
@!!id:1506
@!!loc:1004:24:1004:32
@!!status:trivial
@!!prover:tlapm
@!!already:false
@!!END

@!!BEGIN
@!!type:obligation
@!!id:1507
@!!loc:1005:15:1005:17
@!!status:proved
@!!prover:smt
@!!meth:time-limit: 60
@!!already:true
@!!END

@!!BEGIN
@!!type:obligation
@!!id:1508
@!!loc:1005:18:1005:22
@!!status:trivial
@!!prover:tlapm
@!!already:false
@!!END

@!!BEGIN
@!!type:obligation
@!!id:1509
@!!loc:1005:24:1005:28
@!!status:trivial
@!!prover:tlapm
@!!already:false
@!!END

@!!BEGIN
@!!type:obligation
@!!id:1510
@!!loc:1005:30:1005:34
@!!status:trivial
@!!prover:tlapm
@!!already:false
@!!END

@!!BEGIN
@!!type:obligation
@!!id:1511
@!!loc:1005:36:1005:40
@!!status:trivial
@!!prover:tlapm
@!!already:false
@!!END

@!!BEGIN
@!!type:obligation
@!!id:1512
@!!loc:1005:42:1005:53
@!!status:trivial
@!!prover:tlapm
@!!already:false
@!!END

@!!BEGIN
@!!type:obligation
@!!id:1514
@!!loc:1006:18:1006:22
@!!status:trivial
@!!prover:tlapm
@!!already:false
@!!END

@!!BEGIN
@!!type:obligation
@!!id:1515
@!!loc:1006:24:1006:28
@!!status:trivial
@!!prover:tlapm
@!!already:false
@!!END

@!!BEGIN
@!!type:obligation
@!!id:1516
@!!loc:1006:30:1006:34
@!!status:trivial
@!!prover:tlapm
@!!already:false
@!!END

@!!BEGIN
@!!type:obligation
@!!id:1517
@!!loc:1006:36:1006:40
@!!status:trivial
@!!prover:tlapm
@!!already:false
@!!END

@!!BEGIN
@!!type:obligation
@!!id:1518
@!!loc:1006:42:1006:46
@!!status:trivial
@!!prover:tlapm
@!!already:false
@!!END

@!!BEGIN
@!!type:obligation
@!!id:1519
@!!loc:1006:48:1006:52
@!!status:trivial
@!!prover:tlapm
@!!already:false
@!!END

@!!BEGIN
@!!type:obligation
@!!id:1521
@!!loc:1007:50:1007:54
@!!status:trivial
@!!prover:tlapm
@!!already:false
@!!END

@!!BEGIN
@!!type:obligation
@!!id:1522
@!!loc:1007:56:1007:60
@!!status:trivial
@!!prover:tlapm
@!!already:false
@!!END

@!!BEGIN
@!!type:obligation
@!!id:1523
@!!loc:1007:62:1007:66
@!!status:trivial
@!!prover:tlapm
@!!already:false
@!!END

@!!BEGIN
@!!type:obligation
@!!id:1524
@!!loc:1007:68:1007:72
@!!status:trivial
@!!prover:tlapm
@!!already:false
@!!END

@!!BEGIN
@!!type:obligation
@!!id:1525
@!!loc:1007:74:1007:78
@!!status:trivial
@!!prover:tlapm
@!!already:false
@!!END

@!!BEGIN
@!!type:obligation
@!!id:1520
@!!loc:1007:47:1007:49
@!!status:proved
@!!prover:smt
@!!meth:time-limit: 60; time-used: 4.4 (7%)
@!!already:false
@!!END

@!!BEGIN
@!!type:obligation
@!!id:1513
@!!loc:1006:15:1006:17
@!!status:proved
@!!prover:smt
@!!meth:time-limit: 60; time-used: 5.3 (9%)
@!!already:false
@!!END

@!!BEGIN
@!!type:obligation
@!!id:1497
@!!loc:1002:35:1002:37
@!!status:proved
@!!prover:smt
@!!meth:time-limit: 60; time-used: 6.4 (11%)
@!!already:false
@!!END

@!!BEGIN
@!!type:obligation
@!!id:1527
@!!loc:1009:6:1009:10
@!!status:trivial
@!!prover:tlapm
@!!already:false
@!!END

@!!BEGIN
@!!type:obligation
@!!id:1528
@!!loc:1009:12:1009:16
@!!status:trivial
@!!prover:tlapm
@!!already:false
@!!END

@!!BEGIN
@!!type:obligation
@!!id:1529
@!!loc:1009:18:1009:22
@!!status:trivial
@!!prover:tlapm
@!!already:false
@!!END

@!!BEGIN
@!!type:obligation
@!!id:1530
@!!loc:1009:24:1009:28
@!!status:trivial
@!!prover:tlapm
@!!already:false
@!!END

@!!BEGIN
@!!type:obligation
@!!id:1531
@!!loc:1009:30:1009:42
@!!status:trivial
@!!prover:tlapm
@!!already:false
@!!END

@!!BEGIN
@!!type:obligation
@!!id:1526
@!!loc:1009:3:1009:5
@!!status:proved
@!!prover:smt
@!!meth:time-limit: 60; time-used: 4.3 (7%)
@!!already:false
@!!END

@!!BEGIN
@!!type:obligation
@!!id:1533
@!!loc:1011:6:1011:10
@!!status:trivial
@!!prover:tlapm
@!!already:false
@!!END

@!!BEGIN
@!!type:obligation
@!!id:1534
@!!loc:1011:12:1011:16
@!!status:trivial
@!!prover:tlapm
@!!already:false
@!!END

@!!BEGIN
@!!type:obligation
@!!id:1535
@!!loc:1011:18:1011:22
@!!status:trivial
@!!prover:tlapm
@!!already:false
@!!END

@!!BEGIN
@!!type:obligation
@!!id:1536
@!!loc:1011:24:1011:28
@!!status:trivial
@!!prover:tlapm
@!!already:false
@!!END

@!!BEGIN
@!!type:obligation
@!!id:1537
@!!loc:1011:30:1011:34
@!!status:trivial
@!!prover:tlapm
@!!already:false
@!!END

@!!BEGIN
@!!type:obligation
@!!id:1538
@!!loc:1011:36:1011:48
@!!status:trivial
@!!prover:tlapm
@!!already:false
@!!END

@!!BEGIN
@!!type:obligation
@!!id:1539
@!!loc:1013:3:1013:5
@!!status:proved
@!!prover:smt
@!!meth:time-limit: 60
@!!already:true
@!!END

@!!BEGIN
@!!type:obligation
@!!id:1540
@!!loc:1013:6:1013:10
@!!status:trivial
@!!prover:tlapm
@!!already:false
@!!END

@!!BEGIN
@!!type:obligation
@!!id:1541
@!!loc:1013:12:1013:16
@!!status:trivial
@!!prover:tlapm
@!!already:false
@!!END

@!!BEGIN
@!!type:obligation
@!!id:1542
@!!loc:1013:18:1013:22
@!!status:trivial
@!!prover:tlapm
@!!already:false
@!!END

@!!BEGIN
@!!type:obligation
@!!id:1543
@!!loc:1014:16:1014:18
@!!status:proved
@!!prover:smt
@!!meth:time-limit: 60
@!!already:true
@!!END

@!!BEGIN
@!!type:obligation
@!!id:1544
@!!loc:1014:19:1014:23
@!!status:trivial
@!!prover:tlapm
@!!already:false
@!!END

@!!BEGIN
@!!type:obligation
@!!id:1545
@!!loc:1014:25:1014:29
@!!status:trivial
@!!prover:tlapm
@!!already:false
@!!END

@!!BEGIN
@!!type:obligation
@!!id:1546
@!!loc:1014:31:1014:35
@!!status:trivial
@!!prover:tlapm
@!!already:false
@!!END

@!!BEGIN
@!!type:obligation
@!!id:1547
@!!loc:1014:37:1014:42
@!!status:trivial
@!!prover:tlapm
@!!already:false
@!!END

@!!BEGIN
@!!type:obligation
@!!id:1548
@!!loc:1014:44:1014:49
@!!status:trivial
@!!prover:tlapm
@!!already:false
@!!END

@!!BEGIN
@!!type:obligation
@!!id:1549
@!!loc:1014:51:1014:62
@!!status:trivial
@!!prover:tlapm
@!!already:false
@!!END

@!!BEGIN
@!!type:obligation
@!!id:1551
@!!loc:1055:13:1055:18
@!!status:trivial
@!!prover:tlapm
@!!already:false
@!!END

@!!BEGIN
@!!type:obligation
@!!id:1552
@!!loc:1055:20:1055:25
@!!status:trivial
@!!prover:tlapm
@!!already:false
@!!END

@!!BEGIN
@!!type:obligation
@!!id:1553
@!!loc:1055:27:1055:32
@!!status:trivial
@!!prover:tlapm
@!!already:false
@!!END

@!!BEGIN
@!!type:obligation
@!!id:1554
@!!loc:1020:14:1020:16
@!!status:proved
@!!prover:smt
@!!meth:time-limit: 60
@!!already:true
@!!END

@!!BEGIN
@!!type:obligation
@!!id:1555
@!!loc:1021:44:1021:46
@!!status:proved
@!!prover:smt
@!!meth:time-limit: 60
@!!already:true
@!!END

@!!BEGIN
@!!type:obligation
@!!id:1556
@!!loc:1022:14:1022:16
@!!status:proved
@!!prover:smt
@!!meth:time-limit: 60
@!!already:true
@!!END

@!!BEGIN
@!!type:obligation
@!!id:1557
@!!loc:1023:23:1023:25
@!!status:proved
@!!prover:smt
@!!meth:time-limit: 60
@!!already:true
@!!END

@!!BEGIN
@!!type:obligation
@!!id:1558
@!!loc:1023:26:1023:30
@!!status:trivial
@!!prover:tlapm
@!!already:false
@!!END

@!!BEGIN
@!!type:obligation
@!!id:1559
@!!loc:1024:80:1024:82
@!!status:proved
@!!prover:smt
@!!meth:time-limit: 60
@!!already:true
@!!END

@!!BEGIN
@!!type:obligation
@!!id:1560
@!!loc:1024:83:1024:87
@!!status:trivial
@!!prover:tlapm
@!!already:false
@!!END

@!!BEGIN
@!!type:obligation
@!!id:1561
@!!loc:1029:3:1029:5
@!!status:proved
@!!prover:smt
@!!meth:time-limit: 60; time-used: 0.2 (0%)
@!!already:false
@!!END

@!!BEGIN
@!!type:obligation
@!!id:1550
@!!loc:1055:10:1055:12
@!!status:proved
@!!prover:smt
@!!meth:time-limit: 60; time-used: 0.7 (1%)
@!!already:false
@!!END

@!!BEGIN
@!!type:obligation
@!!id:1532
@!!loc:1011:3:1011:5
@!!status:proved
@!!prover:smt
@!!meth:time-limit: 60; time-used: 2.2 (4%)
@!!already:false
@!!END

@!!BEGIN
@!!type:obligation
@!!id:1563
@!!loc:1032:3:1032:5
@!!status:proved
@!!prover:smt
@!!meth:time-limit: 60; time-used: 3.1 (5%)
@!!already:false
@!!END

@!!BEGIN
@!!type:obligation
@!!id:1565
@!!loc:1035:6:1035:10
@!!status:trivial
@!!prover:tlapm
@!!already:false
@!!END

@!!BEGIN
@!!type:obligation
@!!id:1566
@!!loc:1035:12:1035:24
@!!status:trivial
@!!prover:tlapm
@!!already:false
@!!END

@!!BEGIN
@!!type:obligation
@!!id:1568
@!!loc:1036:37:1036:41
@!!status:trivial
@!!prover:tlapm
@!!already:false
@!!END

@!!BEGIN
@!!type:obligation
@!!id:1569
@!!loc:1036:43:1036:52
@!!status:trivial
@!!prover:tlapm
@!!already:false
@!!END

@!!BEGIN
@!!type:obligation
@!!id:1567
@!!loc:1036:34:1036:36
@!!status:proved
@!!prover:smt
@!!meth:time-limit: 60; time-used: 3.3 (6%)
@!!already:false
@!!END

@!!BEGIN
@!!type:obligation
@!!id:1564
@!!loc:1035:3:1035:5
@!!status:proved
@!!prover:smt
@!!meth:time-limit: 60; time-used: 3.6 (6%)
@!!already:false
@!!END

@!!BEGIN
@!!type:obligation
@!!id:1571
@!!loc:1039:6:1039:10
@!!status:trivial
@!!prover:tlapm
@!!already:false
@!!END

@!!BEGIN
@!!type:obligation
@!!id:1572
@!!loc:1039:12:1039:16
@!!status:trivial
@!!prover:tlapm
@!!already:false
@!!END

@!!BEGIN
@!!type:obligation
@!!id:1573
@!!loc:1039:18:1039:30
@!!status:trivial
@!!prover:tlapm
@!!already:false
@!!END

@!!BEGIN
@!!type:obligation
@!!id:1570
@!!loc:1039:3:1039:5
@!!status:proved
@!!prover:smt
@!!meth:time-limit: 60; time-used: 3.6 (6%)
@!!already:false
@!!END

@!!BEGIN
@!!type:obligation
@!!id:1575
@!!loc:1041:6:1041:10
@!!status:trivial
@!!prover:tlapm
@!!already:false
@!!END

@!!BEGIN
@!!type:obligation
@!!id:1576
@!!loc:1041:12:1041:16
@!!status:trivial
@!!prover:tlapm
@!!already:false
@!!END

@!!BEGIN
@!!type:obligation
@!!id:1577
@!!loc:1041:18:1041:22
@!!status:trivial
@!!prover:tlapm
@!!already:false
@!!END

@!!BEGIN
@!!type:obligation
@!!id:1578
@!!loc:1041:24:1041:33
@!!status:trivial
@!!prover:tlapm
@!!already:false
@!!END

@!!BEGIN
@!!type:obligation
@!!id:1579
@!!loc:1041:35:1041:47
@!!status:trivial
@!!prover:tlapm
@!!already:false
@!!END

@!!BEGIN
@!!type:obligation
@!!id:1574
@!!loc:1041:3:1041:5
@!!status:proved
@!!prover:smt
@!!meth:time-limit: 60; time-used: 4.0 (7%)
@!!already:false
@!!END

@!!BEGIN
@!!type:obligation
@!!id:1581
@!!loc:1043:6:1043:10
@!!status:trivial
@!!prover:tlapm
@!!already:false
@!!END

@!!BEGIN
@!!type:obligation
@!!id:1582
@!!loc:1043:12:1043:16
@!!status:trivial
@!!prover:tlapm
@!!already:false
@!!END

@!!BEGIN
@!!type:obligation
@!!id:1583
@!!loc:1043:18:1043:22
@!!status:trivial
@!!prover:tlapm
@!!already:false
@!!END

@!!BEGIN
@!!type:obligation
@!!id:1584
@!!loc:1043:24:1043:28
@!!status:trivial
@!!prover:tlapm
@!!already:false
@!!END

@!!BEGIN
@!!type:obligation
@!!id:1585
@!!loc:1043:30:1043:34
@!!status:trivial
@!!prover:tlapm
@!!already:false
@!!END

@!!BEGIN
@!!type:obligation
@!!id:1586
@!!loc:1043:36:1043:48
@!!status:trivial
@!!prover:tlapm
@!!already:false
@!!END

@!!BEGIN
@!!type:obligation
@!!id:1588
@!!loc:1045:6:1045:10
@!!status:trivial
@!!prover:tlapm
@!!already:false
@!!END

@!!BEGIN
@!!type:obligation
@!!id:1589
@!!loc:1045:12:1045:16
@!!status:trivial
@!!prover:tlapm
@!!already:false
@!!END

@!!BEGIN
@!!type:obligation
@!!id:1590
@!!loc:1045:18:1045:22
@!!status:trivial
@!!prover:tlapm
@!!already:false
@!!END

@!!BEGIN
@!!type:obligation
@!!id:1591
@!!loc:1045:24:1045:32
@!!status:trivial
@!!prover:tlapm
@!!already:false
@!!END

@!!BEGIN
@!!type:obligation
@!!id:1593
@!!loc:1046:18:1046:22
@!!status:trivial
@!!prover:tlapm
@!!already:false
@!!END

@!!BEGIN
@!!type:obligation
@!!id:1594
@!!loc:1046:24:1046:28
@!!status:trivial
@!!prover:tlapm
@!!already:false
@!!END

@!!BEGIN
@!!type:obligation
@!!id:1595
@!!loc:1046:30:1046:34
@!!status:trivial
@!!prover:tlapm
@!!already:false
@!!END

@!!BEGIN
@!!type:obligation
@!!id:1596
@!!loc:1046:36:1046:47
@!!status:trivial
@!!prover:tlapm
@!!already:false
@!!END

@!!BEGIN
@!!type:obligation
@!!id:1592
@!!loc:1046:15:1046:17
@!!status:proved
@!!prover:smt
@!!meth:time-limit: 60; time-used: 0.6 (1%)
@!!already:false
@!!END

@!!BEGIN
@!!type:obligation
@!!id:1587
@!!loc:1045:3:1045:5
@!!status:proved
@!!prover:smt
@!!meth:time-limit: 60; time-used: 1.5 (2%)
@!!already:false
@!!END

@!!BEGIN
@!!type:obligation
@!!id:1580
@!!loc:1043:3:1043:5
@!!status:proved
@!!prover:smt
@!!meth:time-limit: 60; time-used: 2.1 (3%)
@!!already:false
@!!END

@!!BEGIN
@!!type:obligation
@!!id:1598
@!!loc:1047:19:1047:23
@!!status:trivial
@!!prover:tlapm
@!!already:false
@!!END

@!!BEGIN
@!!type:obligation
@!!id:1599
@!!loc:1047:25:1047:29
@!!status:trivial
@!!prover:tlapm
@!!already:false
@!!END

@!!BEGIN
@!!type:obligation
@!!id:1600
@!!loc:1047:31:1047:35
@!!status:trivial
@!!prover:tlapm
@!!already:false
@!!END

@!!BEGIN
@!!type:obligation
@!!id:1601
@!!loc:1047:37:1047:41
@!!status:trivial
@!!prover:tlapm
@!!already:false
@!!END

@!!BEGIN
@!!type:obligation
@!!id:1602
@!!loc:1047:43:1047:47
@!!status:trivial
@!!prover:tlapm
@!!already:false
@!!END

@!!BEGIN
@!!type:obligation
@!!id:1603
@!!loc:1047:49:1047:53
@!!status:trivial
@!!prover:tlapm
@!!already:false
@!!END

@!!BEGIN
@!!type:obligation
@!!id:1605
@!!loc:1048:51:1048:55
@!!status:trivial
@!!prover:tlapm
@!!already:false
@!!END

@!!BEGIN
@!!type:obligation
@!!id:1606
@!!loc:1048:57:1048:61
@!!status:trivial
@!!prover:tlapm
@!!already:false
@!!END

@!!BEGIN
@!!type:obligation
@!!id:1608
@!!loc:1051:6:1051:10
@!!status:trivial
@!!prover:tlapm
@!!already:false
@!!END

@!!BEGIN
@!!type:obligation
@!!id:1609
@!!loc:1051:12:1051:16
@!!status:trivial
@!!prover:tlapm
@!!already:false
@!!END

@!!BEGIN
@!!type:obligation
@!!id:1607
@!!loc:1051:3:1051:5
@!!status:proved
@!!prover:smt
@!!meth:time-limit: 60; time-used: 0.1 (0%)
@!!already:false
@!!END

@!!BEGIN
@!!type:obligation
@!!id:1604
@!!loc:1048:48:1048:50
@!!status:proved
@!!prover:smt
@!!meth:time-limit: 60; time-used: 2.4 (4%)
@!!already:false
@!!END

@!!BEGIN
@!!type:obligation
@!!id:1597
@!!loc:1047:16:1047:18
@!!status:proved
@!!prover:smt
@!!meth:time-limit: 60; time-used: 3.0 (5%)
@!!already:false
@!!END

@!!BEGIN
@!!type:obligation
@!!id:1610
@!!loc:1051:18:1051:22
@!!status:trivial
@!!prover:tlapm
@!!already:false
@!!END

@!!BEGIN
@!!type:obligation
@!!id:1611
@!!loc:1051:24:1051:28
@!!status:trivial
@!!prover:tlapm
@!!already:false
@!!END

@!!BEGIN
@!!type:obligation
@!!id:1613
@!!loc:1053:6:1053:10
@!!status:trivial
@!!prover:tlapm
@!!already:false
@!!END

@!!BEGIN
@!!type:obligation
@!!id:1614
@!!loc:1053:12:1053:16
@!!status:trivial
@!!prover:tlapm
@!!already:false
@!!END

@!!BEGIN
@!!type:obligation
@!!id:1616
@!!loc:1054:19:1054:23
@!!status:trivial
@!!prover:tlapm
@!!already:false
@!!END

@!!BEGIN
@!!type:obligation
@!!id:1617
@!!loc:1054:25:1054:29
@!!status:trivial
@!!prover:tlapm
@!!already:false
@!!END

@!!BEGIN
@!!type:obligation
@!!id:1618
@!!loc:1054:31:1054:36
@!!status:trivial
@!!prover:tlapm
@!!already:false
@!!END

@!!BEGIN
@!!type:obligation
@!!id:1619
@!!loc:1054:38:1054:44
@!!status:trivial
@!!prover:tlapm
@!!already:false
@!!END

@!!BEGIN
@!!type:obligation
@!!id:1620
@!!loc:1054:46:1054:57
@!!status:trivial
@!!prover:tlapm
@!!already:false
@!!END

@!!BEGIN
@!!type:obligation
@!!id:1621
@!!loc:1086:10:1086:12
@!!status:proved
@!!prover:smt
@!!meth:time-limit: 60
@!!already:true
@!!END

@!!BEGIN
@!!type:obligation
@!!id:1622
@!!loc:1086:13:1086:17
@!!status:trivial
@!!prover:tlapm
@!!already:false
@!!END

@!!BEGIN
@!!type:obligation
@!!id:1623
@!!loc:1086:19:1086:23
@!!status:trivial
@!!prover:tlapm
@!!already:false
@!!END

@!!BEGIN
@!!type:obligation
@!!id:1624
@!!loc:1086:25:1086:30
@!!status:trivial
@!!prover:tlapm
@!!already:false
@!!END

@!!BEGIN
@!!type:obligation
@!!id:1625
@!!loc:1063:14:1063:16
@!!status:proved
@!!prover:smt
@!!meth:time-limit: 60
@!!already:true
@!!END

@!!BEGIN
@!!type:obligation
@!!id:1626
@!!loc:1064:44:1064:46
@!!status:proved
@!!prover:smt
@!!meth:time-limit: 60
@!!already:true
@!!END

@!!BEGIN
@!!type:obligation
@!!id:1627
@!!loc:1065:14:1065:16
@!!status:proved
@!!prover:smt
@!!meth:time-limit: 60
@!!already:true
@!!END

@!!BEGIN
@!!type:obligation
@!!id:1628
@!!loc:1066:23:1066:25
@!!status:proved
@!!prover:smt
@!!meth:time-limit: 60
@!!already:true
@!!END

@!!BEGIN
@!!type:obligation
@!!id:1629
@!!loc:1066:26:1066:30
@!!status:trivial
@!!prover:tlapm
@!!already:false
@!!END

@!!BEGIN
@!!type:obligation
@!!id:1630
@!!loc:1067:80:1067:82
@!!status:proved
@!!prover:smt
@!!meth:time-limit: 60
@!!already:true
@!!END

@!!BEGIN
@!!type:obligation
@!!id:1631
@!!loc:1067:83:1067:87
@!!status:trivial
@!!prover:tlapm
@!!already:false
@!!END

@!!BEGIN
@!!type:obligation
@!!id:1633
@!!loc:1072:12:1072:19
@!!status:proved
@!!prover:smt
@!!meth:time-limit: 60
@!!already:true
@!!END

@!!BEGIN
@!!type:obligation
@!!id:1632
@!!loc:1071:3:1071:5
@!!status:proved
@!!prover:smt
@!!meth:time-limit: 60; time-used: 3.0 (5%)
@!!already:false
@!!END

@!!BEGIN
@!!type:obligation
@!!id:1615
@!!loc:1054:16:1054:18
@!!status:proved
@!!prover:smt
@!!meth:time-limit: 60; time-used: 4.1 (7%)
@!!already:false
@!!END

@!!BEGIN
@!!type:obligation
@!!id:1612
@!!loc:1053:3:1053:5
@!!status:proved
@!!prover:smt
@!!meth:time-limit: 60; time-used: 4.4 (7%)
@!!already:false
@!!END

@!!BEGIN
@!!type:obligation
@!!id:1635
@!!loc:1073:35:1073:39
@!!status:trivial
@!!prover:tlapm
@!!already:false
@!!END

@!!BEGIN
@!!type:obligation
@!!id:1636
@!!loc:1073:41:1073:45
@!!status:trivial
@!!prover:tlapm
@!!already:false
@!!END

@!!BEGIN
@!!type:obligation
@!!id:1637
@!!loc:1073:47:1073:59
@!!status:trivial
@!!prover:tlapm
@!!already:false
@!!END

@!!BEGIN
@!!type:obligation
@!!id:1638
@!!loc:1075:3:1075:5
@!!status:proved
@!!prover:smt
@!!meth:time-limit: 60
@!!already:true
@!!END

@!!BEGIN
@!!type:obligation
@!!id:1639
@!!loc:1075:6:1075:10
@!!status:trivial
@!!prover:tlapm
@!!already:false
@!!END

@!!BEGIN
@!!type:obligation
@!!id:1640
@!!loc:1075:12:1075:16
@!!status:trivial
@!!prover:tlapm
@!!already:false
@!!END

@!!BEGIN
@!!type:obligation
@!!id:1641
@!!loc:1075:18:1075:22
@!!status:trivial
@!!prover:tlapm
@!!already:false
@!!END

@!!BEGIN
@!!type:obligation
@!!id:1642
@!!loc:1075:24:1075:32
@!!status:trivial
@!!prover:tlapm
@!!already:false
@!!END

@!!BEGIN
@!!type:obligation
@!!id:1643
@!!loc:1076:15:1076:17
@!!status:proved
@!!prover:smt
@!!meth:time-limit: 60
@!!already:true
@!!END

@!!BEGIN
@!!type:obligation
@!!id:1644
@!!loc:1076:18:1076:22
@!!status:trivial
@!!prover:tlapm
@!!already:false
@!!END

@!!BEGIN
@!!type:obligation
@!!id:1645
@!!loc:1076:24:1076:28
@!!status:trivial
@!!prover:tlapm
@!!already:false
@!!END

@!!BEGIN
@!!type:obligation
@!!id:1646
@!!loc:1076:30:1076:34
@!!status:trivial
@!!prover:tlapm
@!!already:false
@!!END

@!!BEGIN
@!!type:obligation
@!!id:1647
@!!loc:1076:36:1076:40
@!!status:trivial
@!!prover:tlapm
@!!already:false
@!!END

@!!BEGIN
@!!type:obligation
@!!id:1648
@!!loc:1076:42:1076:53
@!!status:trivial
@!!prover:tlapm
@!!already:false
@!!END

@!!BEGIN
@!!type:obligation
@!!id:1649
@!!loc:1077:15:1077:17
@!!status:proved
@!!prover:smt
@!!meth:time-limit: 60
@!!already:true
@!!END

@!!BEGIN
@!!type:obligation
@!!id:1650
@!!loc:1077:18:1077:22
@!!status:trivial
@!!prover:tlapm
@!!already:false
@!!END

@!!BEGIN
@!!type:obligation
@!!id:1651
@!!loc:1077:24:1077:28
@!!status:trivial
@!!prover:tlapm
@!!already:false
@!!END

@!!BEGIN
@!!type:obligation
@!!id:1652
@!!loc:1077:30:1077:34
@!!status:trivial
@!!prover:tlapm
@!!already:false
@!!END

@!!BEGIN
@!!type:obligation
@!!id:1653
@!!loc:1077:36:1077:40
@!!status:trivial
@!!prover:tlapm
@!!already:false
@!!END

@!!BEGIN
@!!type:obligation
@!!id:1654
@!!loc:1077:42:1077:46
@!!status:trivial
@!!prover:tlapm
@!!already:false
@!!END

@!!BEGIN
@!!type:obligation
@!!id:1655
@!!loc:1078:47:1078:49
@!!status:proved
@!!prover:smt
@!!meth:time-limit: 60
@!!already:true
@!!END

@!!BEGIN
@!!type:obligation
@!!id:1656
@!!loc:1078:50:1078:54
@!!status:trivial
@!!prover:tlapm
@!!already:false
@!!END

@!!BEGIN
@!!type:obligation
@!!id:1657
@!!loc:1078:56:1078:60
@!!status:trivial
@!!prover:tlapm
@!!already:false
@!!END

@!!BEGIN
@!!type:obligation
@!!id:1658
@!!loc:1078:62:1078:66
@!!status:trivial
@!!prover:tlapm
@!!already:false
@!!END

@!!BEGIN
@!!type:obligation
@!!id:1659
@!!loc:1078:68:1078:72
@!!status:trivial
@!!prover:tlapm
@!!already:false
@!!END

@!!BEGIN
@!!type:obligation
@!!id:1634
@!!loc:1073:32:1073:34
@!!status:proved
@!!prover:smt
@!!meth:time-limit: 60; time-used: 5.5 (9%)
@!!already:false
@!!END

@!!BEGIN
@!!type:obligation
@!!id:1661
@!!loc:1080:6:1080:10
@!!status:trivial
@!!prover:tlapm
@!!already:false
@!!END

@!!BEGIN
@!!type:obligation
@!!id:1662
@!!loc:1080:12:1080:16
@!!status:trivial
@!!prover:tlapm
@!!already:false
@!!END

@!!BEGIN
@!!type:obligation
@!!id:1663
@!!loc:1080:18:1080:22
@!!status:trivial
@!!prover:tlapm
@!!already:false
@!!END

@!!BEGIN
@!!type:obligation
@!!id:1664
@!!loc:1080:24:1080:28
@!!status:trivial
@!!prover:tlapm
@!!already:false
@!!END

@!!BEGIN
@!!type:obligation
@!!id:1665
@!!loc:1080:30:1080:42
@!!status:trivial
@!!prover:tlapm
@!!already:false
@!!END

@!!BEGIN
@!!type:obligation
@!!id:1660
@!!loc:1080:3:1080:5
@!!status:proved
@!!prover:smt
@!!meth:time-limit: 60; time-used: 4.0 (7%)
@!!already:false
@!!END

@!!BEGIN
@!!type:obligation
@!!id:1667
@!!loc:1082:6:1082:10
@!!status:trivial
@!!prover:tlapm
@!!already:false
@!!END

@!!BEGIN
@!!type:obligation
@!!id:1668
@!!loc:1082:12:1082:16
@!!status:trivial
@!!prover:tlapm
@!!already:false
@!!END

@!!BEGIN
@!!type:obligation
@!!id:1669
@!!loc:1082:18:1082:22
@!!status:trivial
@!!prover:tlapm
@!!already:false
@!!END

@!!BEGIN
@!!type:obligation
@!!id:1670
@!!loc:1082:24:1082:28
@!!status:trivial
@!!prover:tlapm
@!!already:false
@!!END

@!!BEGIN
@!!type:obligation
@!!id:1671
@!!loc:1082:30:1082:42
@!!status:trivial
@!!prover:tlapm
@!!already:false
@!!END

@!!BEGIN
@!!type:obligation
@!!id:1672
@!!loc:1084:3:1084:5
@!!status:proved
@!!prover:smt
@!!meth:time-limit: 60
@!!already:true
@!!END

@!!BEGIN
@!!type:obligation
@!!id:1673
@!!loc:1084:6:1084:10
@!!status:trivial
@!!prover:tlapm
@!!already:false
@!!END

@!!BEGIN
@!!type:obligation
@!!id:1674
@!!loc:1084:12:1084:16
@!!status:trivial
@!!prover:tlapm
@!!already:false
@!!END

@!!BEGIN
@!!type:obligation
@!!id:1675
@!!loc:1084:18:1084:22
@!!status:trivial
@!!prover:tlapm
@!!already:false
@!!END

@!!BEGIN
@!!type:obligation
@!!id:1676
@!!loc:1085:16:1085:18
@!!status:proved
@!!prover:smt
@!!meth:time-limit: 60
@!!already:true
@!!END

@!!BEGIN
@!!type:obligation
@!!id:1677
@!!loc:1085:19:1085:23
@!!status:trivial
@!!prover:tlapm
@!!already:false
@!!END

@!!BEGIN
@!!type:obligation
@!!id:1678
@!!loc:1085:25:1085:29
@!!status:trivial
@!!prover:tlapm
@!!already:false
@!!END

@!!BEGIN
@!!type:obligation
@!!id:1679
@!!loc:1085:31:1085:35
@!!status:trivial
@!!prover:tlapm
@!!already:false
@!!END

@!!BEGIN
@!!type:obligation
@!!id:1680
@!!loc:1085:37:1085:41
@!!status:trivial
@!!prover:tlapm
@!!already:false
@!!END

@!!BEGIN
@!!type:obligation
@!!id:1681
@!!loc:1085:43:1085:48
@!!status:trivial
@!!prover:tlapm
@!!already:false
@!!END

@!!BEGIN
@!!type:obligation
@!!id:1682
@!!loc:1085:50:1085:61
@!!status:trivial
@!!prover:tlapm
@!!already:false
@!!END

@!!BEGIN
@!!type:obligation
@!!id:1683
@!!loc:1126:10:1126:12
@!!status:proved
@!!prover:smt
@!!meth:time-limit: 60
@!!already:true
@!!END

@!!BEGIN
@!!type:obligation
@!!id:1684
@!!loc:1126:13:1126:18
@!!status:trivial
@!!prover:tlapm
@!!already:false
@!!END

@!!BEGIN
@!!type:obligation
@!!id:1685
@!!loc:1126:20:1126:25
@!!status:trivial
@!!prover:tlapm
@!!already:false
@!!END

@!!BEGIN
@!!type:obligation
@!!id:1686
@!!loc:1126:27:1126:32
@!!status:trivial
@!!prover:tlapm
@!!already:false
@!!END

@!!BEGIN
@!!type:obligation
@!!id:1687
@!!loc:1091:14:1091:16
@!!status:proved
@!!prover:smt
@!!meth:time-limit: 60
@!!already:true
@!!END

@!!BEGIN
@!!type:obligation
@!!id:1688
@!!loc:1092:44:1092:46
@!!status:proved
@!!prover:smt
@!!meth:time-limit: 60
@!!already:true
@!!END

@!!BEGIN
@!!type:obligation
@!!id:1689
@!!loc:1093:14:1093:16
@!!status:proved
@!!prover:smt
@!!meth:time-limit: 60
@!!already:true
@!!END

@!!BEGIN
@!!type:obligation
@!!id:1690
@!!loc:1094:23:1094:25
@!!status:proved
@!!prover:smt
@!!meth:time-limit: 60
@!!already:true
@!!END

@!!BEGIN
@!!type:obligation
@!!id:1691
@!!loc:1094:26:1094:30
@!!status:trivial
@!!prover:tlapm
@!!already:false
@!!END

@!!BEGIN
@!!type:obligation
@!!id:1692
@!!loc:1095:80:1095:82
@!!status:proved
@!!prover:smt
@!!meth:time-limit: 60
@!!already:true
@!!END

@!!BEGIN
@!!type:obligation
@!!id:1693
@!!loc:1095:83:1095:87
@!!status:trivial
@!!prover:tlapm
@!!already:false
@!!END

@!!BEGIN
@!!type:obligation
@!!id:1697
@!!loc:1106:3:1106:5
@!!status:proved
@!!prover:smt
@!!meth:time-limit: 60
@!!already:true
@!!END

@!!BEGIN
@!!type:obligation
@!!id:1698
@!!loc:1108:3:1108:5
@!!status:proved
@!!prover:smt
@!!meth:time-limit: 60
@!!already:true
@!!END

@!!BEGIN
@!!type:obligation
@!!id:1699
@!!loc:1108:6:1108:10
@!!status:trivial
@!!prover:tlapm
@!!already:false
@!!END

@!!BEGIN
@!!type:obligation
@!!id:1700
@!!loc:1108:12:1108:21
@!!status:trivial
@!!prover:tlapm
@!!already:false
@!!END

@!!BEGIN
@!!type:obligation
@!!id:1701
@!!loc:1110:3:1110:5
@!!status:proved
@!!prover:smt
@!!meth:time-limit: 60
@!!already:true
@!!END

@!!BEGIN
@!!type:obligation
@!!id:1702
@!!loc:1110:6:1110:10
@!!status:trivial
@!!prover:tlapm
@!!already:false
@!!END

@!!BEGIN
@!!type:obligation
@!!id:1703
@!!loc:1110:12:1110:16
@!!status:trivial
@!!prover:tlapm
@!!already:false
@!!END

@!!BEGIN
@!!type:obligation
@!!id:1704
@!!loc:1110:18:1110:25
@!!status:trivial
@!!prover:tlapm
@!!already:false
@!!END

@!!BEGIN
@!!type:obligation
@!!id:1705
@!!loc:1112:3:1112:5
@!!status:proved
@!!prover:smt
@!!meth:time-limit: 60
@!!already:true
@!!END

@!!BEGIN
@!!type:obligation
@!!id:1706
@!!loc:1112:6:1112:10
@!!status:trivial
@!!prover:tlapm
@!!already:false
@!!END

@!!BEGIN
@!!type:obligation
@!!id:1707
@!!loc:1112:12:1112:16
@!!status:trivial
@!!prover:tlapm
@!!already:false
@!!END

@!!BEGIN
@!!type:obligation
@!!id:1708
@!!loc:1112:18:1112:30
@!!status:trivial
@!!prover:tlapm
@!!already:false
@!!END

@!!BEGIN
@!!type:obligation
@!!id:1696
@!!loc:1104:3:1104:5
@!!status:proved
@!!prover:smt
@!!meth:time-limit: 60; time-used: 4.0 (7%)
@!!already:false
@!!END

@!!BEGIN
@!!type:obligation
@!!id:1694
@!!loc:1101:3:1101:5
@!!status:proved
@!!prover:smt
@!!meth:time-limit: 60; time-used: 4.2 (7%)
@!!already:false
@!!END

@!!BEGIN
@!!type:obligation
@!!id:1666
@!!loc:1082:3:1082:5
@!!status:proved
@!!prover:smt
@!!meth:time-limit: 60; time-used: 5.9 (10%)
@!!already:false
@!!END

@!!BEGIN
@!!type:obligation
@!!id:1710
@!!loc:1113:41:1113:45
@!!status:trivial
@!!prover:tlapm
@!!already:false
@!!END

@!!BEGIN
@!!type:obligation
@!!id:1711
@!!loc:1113:47:1113:51
@!!status:trivial
@!!prover:tlapm
@!!already:false
@!!END

@!!BEGIN
@!!type:obligation
@!!id:1712
@!!loc:1113:53:1113:57
@!!status:trivial
@!!prover:tlapm
@!!already:false
@!!END

@!!BEGIN
@!!type:obligation
@!!id:1713
@!!loc:1113:59:1113:63
@!!status:trivial
@!!prover:tlapm
@!!already:false
@!!END

@!!BEGIN
@!!type:obligation
@!!id:1714
@!!loc:1113:65:1113:69
@!!status:trivial
@!!prover:tlapm
@!!already:false
@!!END

@!!BEGIN
@!!type:obligation
@!!id:1715
@!!loc:1113:71:1113:75
@!!status:trivial
@!!prover:tlapm
@!!already:false
@!!END

@!!BEGIN
@!!type:obligation
@!!id:1716
@!!loc:1113:77:1113:89
@!!status:trivial
@!!prover:tlapm
@!!already:false
@!!END

@!!BEGIN
@!!type:obligation
@!!id:1717
@!!loc:1115:3:1115:5
@!!status:proved
@!!prover:smt
@!!meth:time-limit: 60
@!!already:true
@!!END

@!!BEGIN
@!!type:obligation
@!!id:1718
@!!loc:1115:6:1115:10
@!!status:trivial
@!!prover:tlapm
@!!already:false
@!!END

@!!BEGIN
@!!type:obligation
@!!id:1719
@!!loc:1115:12:1115:16
@!!status:trivial
@!!prover:tlapm
@!!already:false
@!!END

@!!BEGIN
@!!type:obligation
@!!id:1720
@!!loc:1115:18:1115:22
@!!status:trivial
@!!prover:tlapm
@!!already:false
@!!END

@!!BEGIN
@!!type:obligation
@!!id:1721
@!!loc:1115:24:1115:32
@!!status:trivial
@!!prover:tlapm
@!!already:false
@!!END

@!!BEGIN
@!!type:obligation
@!!id:1723
@!!loc:1116:18:1116:22
@!!status:trivial
@!!prover:tlapm
@!!already:false
@!!END

@!!BEGIN
@!!type:obligation
@!!id:1724
@!!loc:1116:24:1116:28
@!!status:trivial
@!!prover:tlapm
@!!already:false
@!!END

@!!BEGIN
@!!type:obligation
@!!id:1725
@!!loc:1116:30:1116:34
@!!status:trivial
@!!prover:tlapm
@!!already:false
@!!END

@!!BEGIN
@!!type:obligation
@!!id:1726
@!!loc:1116:36:1116:40
@!!status:trivial
@!!prover:tlapm
@!!already:false
@!!END

@!!BEGIN
@!!type:obligation
@!!id:1727
@!!loc:1116:42:1116:53
@!!status:trivial
@!!prover:tlapm
@!!already:false
@!!END

@!!BEGIN
@!!type:obligation
@!!id:1729
@!!loc:1117:19:1117:23
@!!status:trivial
@!!prover:tlapm
@!!already:false
@!!END

@!!BEGIN
@!!type:obligation
@!!id:1730
@!!loc:1117:25:1117:29
@!!status:trivial
@!!prover:tlapm
@!!already:false
@!!END

@!!BEGIN
@!!type:obligation
@!!id:1731
@!!loc:1117:31:1117:35
@!!status:trivial
@!!prover:tlapm
@!!already:false
@!!END

@!!BEGIN
@!!type:obligation
@!!id:1732
@!!loc:1117:37:1117:41
@!!status:trivial
@!!prover:tlapm
@!!already:false
@!!END

@!!BEGIN
@!!type:obligation
@!!id:1733
@!!loc:1117:43:1117:47
@!!status:trivial
@!!prover:tlapm
@!!already:false
@!!END

@!!BEGIN
@!!type:obligation
@!!id:1734
@!!loc:1117:49:1117:53
@!!status:trivial
@!!prover:tlapm
@!!already:false
@!!END

@!!BEGIN
@!!type:obligation
@!!id:1735
@!!loc:1117:55:1117:59
@!!status:trivial
@!!prover:tlapm
@!!already:false
@!!END

@!!BEGIN
@!!type:obligation
@!!id:1736
@!!loc:1117:61:1117:65
@!!status:trivial
@!!prover:tlapm
@!!already:false
@!!END

@!!BEGIN
@!!type:obligation
@!!id:1737
@!!loc:1117:67:1117:71
@!!status:trivial
@!!prover:tlapm
@!!already:false
@!!END

@!!BEGIN
@!!type:obligation
@!!id:1728
@!!loc:1117:16:1117:18
@!!status:proved
@!!prover:smt
@!!meth:time-limit: 60; time-used: 1.0 (2%)
@!!already:false
@!!END

@!!BEGIN
@!!type:obligation
@!!id:1722
@!!loc:1116:15:1116:17
@!!status:proved
@!!prover:smt
@!!meth:time-limit: 60; time-used: 1.6 (3%)
@!!already:false
@!!END

@!!BEGIN
@!!type:obligation
@!!id:1709
@!!loc:1113:38:1113:40
@!!status:proved
@!!prover:smt
@!!meth:time-limit: 60; time-used: 3.1 (5%)
@!!already:false
@!!END

@!!BEGIN
@!!type:obligation
@!!id:1739
@!!loc:1118:51:1118:55
@!!status:trivial
@!!prover:tlapm
@!!already:false
@!!END

@!!BEGIN
@!!type:obligation
@!!id:1740
@!!loc:1118:57:1118:61
@!!status:trivial
@!!prover:tlapm
@!!already:false
@!!END

@!!BEGIN
@!!type:obligation
@!!id:1741
@!!loc:1118:63:1118:67
@!!status:trivial
@!!prover:tlapm
@!!already:false
@!!END

@!!BEGIN
@!!type:obligation
@!!id:1742
@!!loc:1118:69:1118:73
@!!status:trivial
@!!prover:tlapm
@!!already:false
@!!END

@!!BEGIN
@!!type:obligation
@!!id:1743
@!!loc:1118:75:1118:79
@!!status:trivial
@!!prover:tlapm
@!!already:false
@!!END

@!!BEGIN
@!!type:obligation
@!!id:1744
@!!loc:1118:81:1118:85
@!!status:trivial
@!!prover:tlapm
@!!already:false
@!!END

@!!BEGIN
@!!type:obligation
@!!id:1745
@!!loc:1118:87:1118:91
@!!status:trivial
@!!prover:tlapm
@!!already:false
@!!END

@!!BEGIN
@!!type:obligation
@!!id:1746
@!!loc:1118:93:1118:97
@!!status:trivial
@!!prover:tlapm
@!!already:false
@!!END

@!!BEGIN
@!!type:obligation
@!!id:1738
@!!loc:1118:48:1118:50
@!!status:proved
@!!prover:smt
@!!meth:time-limit: 60; time-used: 4.7 (8%)
@!!already:false
@!!END

@!!BEGIN
@!!type:obligation
@!!id:1748
@!!loc:1120:6:1120:10
@!!status:trivial
@!!prover:tlapm
@!!already:false
@!!END

@!!BEGIN
@!!type:obligation
@!!id:1749
@!!loc:1120:12:1120:16
@!!status:trivial
@!!prover:tlapm
@!!already:false
@!!END

@!!BEGIN
@!!type:obligation
@!!id:1750
@!!loc:1120:18:1120:22
@!!status:trivial
@!!prover:tlapm
@!!already:false
@!!END

@!!BEGIN
@!!type:obligation
@!!id:1751
@!!loc:1120:24:1120:28
@!!status:trivial
@!!prover:tlapm
@!!already:false
@!!END

@!!BEGIN
@!!type:obligation
@!!id:1752
@!!loc:1120:30:1120:42
@!!status:trivial
@!!prover:tlapm
@!!already:false
@!!END

@!!BEGIN
@!!type:obligation
@!!id:1747
@!!loc:1120:3:1120:5
@!!status:proved
@!!prover:smt
@!!meth:time-limit: 60; time-used: 4.6 (8%)
@!!already:false
@!!END

@!!BEGIN
@!!type:obligation
@!!id:1754
@!!loc:1122:6:1122:10
@!!status:trivial
@!!prover:tlapm
@!!already:false
@!!END

@!!BEGIN
@!!type:obligation
@!!id:1755
@!!loc:1122:12:1122:16
@!!status:trivial
@!!prover:tlapm
@!!already:false
@!!END

@!!BEGIN
@!!type:obligation
@!!id:1756
@!!loc:1122:18:1122:22
@!!status:trivial
@!!prover:tlapm
@!!already:false
@!!END

@!!BEGIN
@!!type:obligation
@!!id:1757
@!!loc:1122:24:1122:28
@!!status:trivial
@!!prover:tlapm
@!!already:false
@!!END

@!!BEGIN
@!!type:obligation
@!!id:1758
@!!loc:1122:30:1122:34
@!!status:trivial
@!!prover:tlapm
@!!already:false
@!!END

@!!BEGIN
@!!type:obligation
@!!id:1759
@!!loc:1122:36:1122:40
@!!status:trivial
@!!prover:tlapm
@!!already:false
@!!END

@!!BEGIN
@!!type:obligation
@!!id:1760
@!!loc:1122:42:1122:46
@!!status:trivial
@!!prover:tlapm
@!!already:false
@!!END

@!!BEGIN
@!!type:obligation
@!!id:1761
@!!loc:1122:48:1122:52
@!!status:trivial
@!!prover:tlapm
@!!already:false
@!!END

@!!BEGIN
@!!type:obligation
@!!id:1762
@!!loc:1122:54:1122:66
@!!status:trivial
@!!prover:tlapm
@!!already:false
@!!END

@!!BEGIN
@!!type:obligation
@!!id:1764
@!!loc:1124:6:1124:10
@!!status:trivial
@!!prover:tlapm
@!!already:false
@!!END

@!!BEGIN
@!!type:obligation
@!!id:1765
@!!loc:1124:12:1124:16
@!!status:trivial
@!!prover:tlapm
@!!already:false
@!!END

@!!BEGIN
@!!type:obligation
@!!id:1766
@!!loc:1124:18:1124:22
@!!status:trivial
@!!prover:tlapm
@!!already:false
@!!END

@!!BEGIN
@!!type:obligation
@!!id:1767
@!!loc:1125:16:1125:18
@!!status:proved
@!!prover:smt
@!!meth:time-limit: 60
@!!already:true
@!!END

@!!BEGIN
@!!type:obligation
@!!id:1768
@!!loc:1125:19:1125:23
@!!status:trivial
@!!prover:tlapm
@!!already:false
@!!END

@!!BEGIN
@!!type:obligation
@!!id:1769
@!!loc:1125:25:1125:29
@!!status:trivial
@!!prover:tlapm
@!!already:false
@!!END

@!!BEGIN
@!!type:obligation
@!!id:1770
@!!loc:1125:31:1125:36
@!!status:trivial
@!!prover:tlapm
@!!already:false
@!!END

@!!BEGIN
@!!type:obligation
@!!id:1771
@!!loc:1125:38:1125:43
@!!status:trivial
@!!prover:tlapm
@!!already:false
@!!END

@!!BEGIN
@!!type:obligation
@!!id:1772
@!!loc:1125:45:1125:50
@!!status:trivial
@!!prover:tlapm
@!!already:false
@!!END

@!!BEGIN
@!!type:obligation
@!!id:1773
@!!loc:1125:52:1125:63
@!!status:trivial
@!!prover:tlapm
@!!already:false
@!!END

@!!BEGIN
@!!type:obligation
@!!id:1774
@!!loc:1134:1:1134:3
@!!status:proved
@!!prover:smt
@!!meth:time-limit: 60; time-used: 0.8 (1%)
@!!already:false
@!!END

@!!BEGIN
@!!type:obligation
@!!id:1763
@!!loc:1124:3:1124:5
@!!status:proved
@!!prover:smt
@!!meth:time-limit: 60; time-used: 1.9 (3%)
@!!already:false
@!!END

@!!BEGIN
@!!type:obligation
@!!id:1753
@!!loc:1122:3:1122:5
@!!status:proved
@!!prover:smt
@!!meth:time-limit: 60; time-used: 3.2 (5%)
@!!already:false
@!!END

@!!BEGIN
@!!type:obligation
@!!id:1778
@!!loc:1192:13:1192:17
@!!status:trivial
@!!prover:tlapm
@!!already:false
@!!END

@!!BEGIN
@!!type:obligation
@!!id:1779
@!!loc:1192:19:1192:23
@!!status:trivial
@!!prover:tlapm
@!!already:false
@!!END

@!!BEGIN
@!!type:obligation
@!!id:1777
@!!loc:1192:10:1192:12
@!!status:proved
@!!prover:smt
@!!meth:time-limit: 60; time-used: 0.2 (0%)
@!!already:false
@!!END

@!!BEGIN
@!!type:obligation
@!!id:1776
@!!loc:1144:1:1144:3
@!!status:proved
@!!prover:smt
@!!meth:time-limit: 60; time-used: 0.3 (1%)
@!!already:false
@!!END

@!!BEGIN
@!!type:obligation
@!!id:1775
@!!loc:1139:1:1139:3
@!!status:proved
@!!prover:smt
@!!meth:time-limit: 60; time-used: 1.1 (2%)
@!!already:false
@!!END

@!!BEGIN
@!!type:obligation
@!!id:1782
@!!loc:1185:15:1185:19
@!!status:trivial
@!!prover:tlapm
@!!already:false
@!!END

@!!BEGIN
@!!type:obligation
@!!id:1783
@!!loc:1185:21:1185:25
@!!status:trivial
@!!prover:tlapm
@!!already:false
@!!END

@!!BEGIN
@!!type:obligation
@!!id:1784
@!!loc:1185:27:1185:31
@!!status:trivial
@!!prover:tlapm
@!!already:false
@!!END

@!!BEGIN
@!!type:obligation
@!!id:1786
@!!loc:1152:17:1152:21
@!!status:trivial
@!!prover:tlapm
@!!already:false
@!!END

@!!BEGIN
@!!type:obligation
@!!id:1785
@!!loc:1152:14:1152:16
@!!status:proved
@!!prover:smt
@!!meth:time-limit: 60; time-used: 0.2 (0%)
@!!already:false
@!!END

@!!BEGIN
@!!type:obligation
@!!id:1781
@!!loc:1185:12:1185:14
@!!status:proved
@!!prover:smt
@!!meth:time-limit: 60; time-used: 0.4 (1%)
@!!already:false
@!!END

@!!BEGIN
@!!type:obligation
@!!id:1780
@!!loc:1150:55:1150:62
@!!status:proved
@!!prover:smt
@!!meth:time-limit: 60; time-used: 0.5 (1%)
@!!already:false
@!!END

@!!BEGIN
@!!type:obligation
@!!id:1788
@!!loc:1159:17:1159:21
@!!status:trivial
@!!prover:tlapm
@!!already:false
@!!END

@!!BEGIN
@!!type:obligation
@!!id:1789
@!!loc:1159:23:1159:27
@!!status:trivial
@!!prover:tlapm
@!!already:false
@!!END

@!!BEGIN
@!!type:obligation
@!!id:1790
@!!loc:1159:29:1159:33
@!!status:trivial
@!!prover:tlapm
@!!already:false
@!!END

@!!BEGIN
@!!type:obligation
@!!id:1791
@!!loc:1159:35:1159:39
@!!status:trivial
@!!prover:tlapm
@!!already:false
@!!END

@!!BEGIN
@!!type:obligation
@!!id:1792
@!!loc:1159:41:1159:45
@!!status:trivial
@!!prover:tlapm
@!!already:false
@!!END

@!!BEGIN
@!!type:obligation
@!!id:1793
@!!loc:1159:47:1159:51
@!!status:trivial
@!!prover:tlapm
@!!already:false
@!!END

@!!BEGIN
@!!type:obligation
@!!id:1795
@!!loc:1154:63:1154:67
@!!status:trivial
@!!prover:tlapm
@!!already:false
@!!END

@!!BEGIN
@!!type:obligation
@!!id:1796
@!!loc:1154:69:1154:80
@!!status:trivial
@!!prover:tlapm
@!!already:false
@!!END

@!!BEGIN
@!!type:obligation
@!!id:1798
@!!loc:1155:63:1155:67
@!!status:trivial
@!!prover:tlapm
@!!already:false
@!!END

@!!BEGIN
@!!type:obligation
@!!id:1799
@!!loc:1155:69:1155:80
@!!status:trivial
@!!prover:tlapm
@!!already:false
@!!END

@!!BEGIN
@!!type:obligation
@!!id:1797
@!!loc:1155:60:1155:62
@!!status:proved
@!!prover:smt
@!!meth:time-limit: 60; time-used: 0.4 (1%)
@!!already:false
@!!END

@!!BEGIN
@!!type:obligation
@!!id:1794
@!!loc:1154:60:1154:62
@!!status:proved
@!!prover:smt
@!!meth:time-limit: 60; time-used: 0.7 (1%)
@!!already:false
@!!END

@!!BEGIN
@!!type:obligation
@!!id:1787
@!!loc:1159:14:1159:16
@!!status:proved
@!!prover:smt
@!!meth:time-limit: 60; time-used: 1.1 (2%)
@!!already:false
@!!END

@!!BEGIN
@!!type:obligation
@!!id:1801
@!!loc:1156:66:1156:70
@!!status:trivial
@!!prover:tlapm
@!!already:false
@!!END

@!!BEGIN
@!!type:obligation
@!!id:1802
@!!loc:1156:72:1156:86
@!!status:trivial
@!!prover:tlapm
@!!already:false
@!!END

@!!BEGIN
@!!type:obligation
@!!id:1804
@!!loc:1157:86:1157:90
@!!status:trivial
@!!prover:tlapm
@!!already:false
@!!END

@!!BEGIN
@!!type:obligation
@!!id:1805
@!!loc:1157:92:1157:106
@!!status:trivial
@!!prover:tlapm
@!!already:false
@!!END

@!!BEGIN
@!!type:obligation
@!!id:1807
@!!loc:1158:33:1158:37
@!!status:trivial
@!!prover:tlapm
@!!already:false
@!!END

@!!BEGIN
@!!type:obligation
@!!id:1808
@!!loc:1158:39:1158:59
@!!status:trivial
@!!prover:tlapm
@!!already:false
@!!END

@!!BEGIN
@!!type:obligation
@!!id:1806
@!!loc:1158:30:1158:32
@!!status:proved
@!!prover:smt
@!!meth:time-limit: 60; time-used: 0.2 (0%)
@!!already:false
@!!END

@!!BEGIN
@!!type:obligation
@!!id:1803
@!!loc:1157:83:1157:85
@!!status:proved
@!!prover:smt
@!!meth:time-limit: 60; time-used: 0.5 (1%)
@!!already:false
@!!END

@!!BEGIN
@!!type:obligation
@!!id:1800
@!!loc:1156:63:1156:65
@!!status:proved
@!!prover:smt
@!!meth:time-limit: 60; time-used: 0.9 (1%)
@!!already:false
@!!END

@!!BEGIN
@!!type:obligation
@!!id:1810
@!!loc:1182:17:1182:21
@!!status:trivial
@!!prover:tlapm
@!!already:false
@!!END

@!!BEGIN
@!!type:obligation
@!!id:1811
@!!loc:1182:23:1182:27
@!!status:trivial
@!!prover:tlapm
@!!already:false
@!!END

@!!BEGIN
@!!type:obligation
@!!id:1812
@!!loc:1182:29:1182:33
@!!status:trivial
@!!prover:tlapm
@!!already:false
@!!END

@!!BEGIN
@!!type:obligation
@!!id:1813
@!!loc:1182:35:1182:39
@!!status:trivial
@!!prover:tlapm
@!!already:false
@!!END

@!!BEGIN
@!!type:obligation
@!!id:1814
@!!loc:1182:41:1182:45
@!!status:trivial
@!!prover:tlapm
@!!already:false
@!!END

@!!BEGIN
@!!type:obligation
@!!id:1815
@!!loc:1182:47:1182:51
@!!status:trivial
@!!prover:tlapm
@!!already:false
@!!END

@!!BEGIN
@!!type:obligation
@!!id:1816
@!!loc:1182:53:1182:57
@!!status:trivial
@!!prover:tlapm
@!!already:false
@!!END

@!!BEGIN
@!!type:obligation
@!!id:1817
@!!loc:1182:59:1182:63
@!!status:trivial
@!!prover:tlapm
@!!already:false
@!!END

@!!BEGIN
@!!type:obligation
@!!id:1818
@!!loc:1182:65:1182:69
@!!status:trivial
@!!prover:tlapm
@!!already:false
@!!END

@!!BEGIN
@!!type:obligation
@!!id:1819
@!!loc:1182:71:1182:75
@!!status:trivial
@!!prover:tlapm
@!!already:false
@!!END

@!!BEGIN
@!!type:obligation
@!!id:1820
@!!loc:1182:77:1182:82
@!!status:trivial
@!!prover:tlapm
@!!already:false
@!!END

@!!BEGIN
@!!type:obligation
@!!id:1821
@!!loc:1183:17:1183:22
@!!status:trivial
@!!prover:tlapm
@!!already:false
@!!END

@!!BEGIN
@!!type:obligation
@!!id:1822
@!!loc:1183:24:1183:29
@!!status:trivial
@!!prover:tlapm
@!!already:false
@!!END

@!!BEGIN
@!!type:obligation
@!!id:1823
@!!loc:1183:31:1183:36
@!!status:trivial
@!!prover:tlapm
@!!already:false
@!!END

@!!BEGIN
@!!type:obligation
@!!id:1824
@!!loc:1183:38:1183:43
@!!status:trivial
@!!prover:tlapm
@!!already:false
@!!END

@!!BEGIN
@!!type:obligation
@!!id:1825
@!!loc:1183:45:1183:50
@!!status:trivial
@!!prover:tlapm
@!!already:false
@!!END

@!!BEGIN
@!!type:obligation
@!!id:1826
@!!loc:1183:52:1183:57
@!!status:trivial
@!!prover:tlapm
@!!already:false
@!!END

@!!BEGIN
@!!type:obligation
@!!id:1827
@!!loc:1183:59:1183:64
@!!status:trivial
@!!prover:tlapm
@!!already:false
@!!END

@!!BEGIN
@!!type:obligation
@!!id:1828
@!!loc:1183:66:1183:71
@!!status:trivial
@!!prover:tlapm
@!!already:false
@!!END

@!!BEGIN
@!!type:obligation
@!!id:1829
@!!loc:1183:73:1183:78
@!!status:trivial
@!!prover:tlapm
@!!already:false
@!!END

@!!BEGIN
@!!type:obligation
@!!id:1830
@!!loc:1183:80:1183:85
@!!status:trivial
@!!prover:tlapm
@!!already:false
@!!END

@!!BEGIN
@!!type:obligation
@!!id:1831
@!!loc:1183:87:1183:92
@!!status:trivial
@!!prover:tlapm
@!!already:false
@!!END

@!!BEGIN
@!!type:obligation
@!!id:1833
@!!loc:1161:69:1161:73
@!!status:trivial
@!!prover:tlapm
@!!already:false
@!!END

@!!BEGIN
@!!type:obligation
@!!id:1834
@!!loc:1161:75:1161:90
@!!status:trivial
@!!prover:tlapm
@!!already:false
@!!END

@!!BEGIN
@!!type:obligation
@!!id:1836
@!!loc:1162:68:1162:72
@!!status:trivial
@!!prover:tlapm
@!!already:false
@!!END

@!!BEGIN
@!!type:obligation
@!!id:1837
@!!loc:1162:74:1162:88
@!!status:trivial
@!!prover:tlapm
@!!already:false
@!!END

@!!BEGIN
@!!type:obligation
@!!id:1835
@!!loc:1162:65:1162:67
@!!status:proved
@!!prover:smt
@!!meth:time-limit: 60; time-used: 0.2 (0%)
@!!already:false
@!!END

@!!BEGIN
@!!type:obligation
@!!id:1832
@!!loc:1161:66:1161:68
@!!status:proved
@!!prover:smt
@!!meth:time-limit: 60; time-used: 0.4 (1%)
@!!already:false
@!!END

@!!BEGIN
@!!type:obligation
@!!id:1809
@!!loc:1182:14:1182:16
@!!status:proved
@!!prover:smt
@!!meth:time-limit: 60; time-used: 2.4 (4%)
@!!already:false
@!!END

@!!BEGIN
@!!type:obligation
@!!id:1839
@!!loc:1163:65:1163:69
@!!status:trivial
@!!prover:tlapm
@!!already:false
@!!END

@!!BEGIN
@!!type:obligation
@!!id:1840
@!!loc:1163:71:1163:82
@!!status:trivial
@!!prover:tlapm
@!!already:false
@!!END

@!!BEGIN
@!!type:obligation
@!!id:1841
@!!loc:1164:62:1164:64
@!!status:proved
@!!prover:smt
@!!meth:time-limit: 60
@!!already:true
@!!END

@!!BEGIN
@!!type:obligation
@!!id:1842
@!!loc:1164:65:1164:69
@!!status:trivial
@!!prover:tlapm
@!!already:false
@!!END

@!!BEGIN
@!!type:obligation
@!!id:1843
@!!loc:1164:71:1164:82
@!!status:trivial
@!!prover:tlapm
@!!already:false
@!!END

@!!BEGIN
@!!type:obligation
@!!id:1844
@!!loc:1165:66:1165:68
@!!status:proved
@!!prover:smt
@!!meth:time-limit: 60
@!!already:true
@!!END

@!!BEGIN
@!!type:obligation
@!!id:1845
@!!loc:1165:69:1165:73
@!!status:trivial
@!!prover:tlapm
@!!already:false
@!!END

@!!BEGIN
@!!type:obligation
@!!id:1846
@!!loc:1165:75:1165:90
@!!status:trivial
@!!prover:tlapm
@!!already:false
@!!END

@!!BEGIN
@!!type:obligation
@!!id:1847
@!!loc:1166:63:1166:65
@!!status:proved
@!!prover:smt
@!!meth:time-limit: 60
@!!already:true
@!!END

@!!BEGIN
@!!type:obligation
@!!id:1848
@!!loc:1166:66:1166:70
@!!status:trivial
@!!prover:tlapm
@!!already:false
@!!END

@!!BEGIN
@!!type:obligation
@!!id:1849
@!!loc:1166:72:1166:84
@!!status:trivial
@!!prover:tlapm
@!!already:false
@!!END

@!!BEGIN
@!!type:obligation
@!!id:1850
@!!loc:1167:64:1167:66
@!!status:proved
@!!prover:smt
@!!meth:time-limit: 60
@!!already:true
@!!END

@!!BEGIN
@!!type:obligation
@!!id:1851
@!!loc:1167:67:1167:71
@!!status:trivial
@!!prover:tlapm
@!!already:false
@!!END

@!!BEGIN
@!!type:obligation
@!!id:1852
@!!loc:1167:73:1167:86
@!!status:trivial
@!!prover:tlapm
@!!already:false
@!!END

@!!BEGIN
@!!type:obligation
@!!id:1853
@!!loc:1168:65:1168:67
@!!status:proved
@!!prover:smt
@!!meth:time-limit: 60
@!!already:true
@!!END

@!!BEGIN
@!!type:obligation
@!!id:1854
@!!loc:1168:68:1168:72
@!!status:trivial
@!!prover:tlapm
@!!already:false
@!!END

@!!BEGIN
@!!type:obligation
@!!id:1855
@!!loc:1168:74:1168:88
@!!status:trivial
@!!prover:tlapm
@!!already:false
@!!END

@!!BEGIN
@!!type:obligation
@!!id:1856
@!!loc:1169:65:1169:67
@!!status:proved
@!!prover:smt
@!!meth:time-limit: 60
@!!already:true
@!!END

@!!BEGIN
@!!type:obligation
@!!id:1857
@!!loc:1169:68:1169:72
@!!status:trivial
@!!prover:tlapm
@!!already:false
@!!END

@!!BEGIN
@!!type:obligation
@!!id:1858
@!!loc:1169:74:1169:88
@!!status:trivial
@!!prover:tlapm
@!!already:false
@!!END

@!!BEGIN
@!!type:obligation
@!!id:1859
@!!loc:1170:65:1170:67
@!!status:proved
@!!prover:smt
@!!meth:time-limit: 60
@!!already:true
@!!END

@!!BEGIN
@!!type:obligation
@!!id:1860
@!!loc:1170:68:1170:73
@!!status:trivial
@!!prover:tlapm
@!!already:false
@!!END

@!!BEGIN
@!!type:obligation
@!!id:1861
@!!loc:1170:75:1170:88
@!!status:trivial
@!!prover:tlapm
@!!already:false
@!!END

@!!BEGIN
@!!type:obligation
@!!id:1862
@!!loc:1171:66:1171:68
@!!status:proved
@!!prover:smt
@!!meth:time-limit: 60
@!!already:true
@!!END

@!!BEGIN
@!!type:obligation
@!!id:1863
@!!loc:1171:69:1171:74
@!!status:trivial
@!!prover:tlapm
@!!already:false
@!!END

@!!BEGIN
@!!type:obligation
@!!id:1864
@!!loc:1171:76:1171:90
@!!status:trivial
@!!prover:tlapm
@!!already:false
@!!END

@!!BEGIN
@!!type:obligation
@!!id:1865
@!!loc:1172:63:1172:65
@!!status:proved
@!!prover:smt
@!!meth:time-limit: 60
@!!already:true
@!!END

@!!BEGIN
@!!type:obligation
@!!id:1866
@!!loc:1172:66:1172:71
@!!status:trivial
@!!prover:tlapm
@!!already:false
@!!END

@!!BEGIN
@!!type:obligation
@!!id:1867
@!!loc:1172:73:1172:84
@!!status:trivial
@!!prover:tlapm
@!!already:false
@!!END

@!!BEGIN
@!!type:obligation
@!!id:1868
@!!loc:1173:71:1173:73
@!!status:proved
@!!prover:smt
@!!meth:time-limit: 60
@!!already:true
@!!END

@!!BEGIN
@!!type:obligation
@!!id:1869
@!!loc:1173:74:1173:79
@!!status:trivial
@!!prover:tlapm
@!!already:false
@!!END

@!!BEGIN
@!!type:obligation
@!!id:1870
@!!loc:1173:81:1173:100
@!!status:trivial
@!!prover:tlapm
@!!already:false
@!!END

@!!BEGIN
@!!type:obligation
@!!id:1871
@!!loc:1174:71:1174:73
@!!status:proved
@!!prover:smt
@!!meth:time-limit: 60
@!!already:true
@!!END

@!!BEGIN
@!!type:obligation
@!!id:1872
@!!loc:1174:74:1174:79
@!!status:trivial
@!!prover:tlapm
@!!already:false
@!!END

@!!BEGIN
@!!type:obligation
@!!id:1873
@!!loc:1174:81:1174:100
@!!status:trivial
@!!prover:tlapm
@!!already:false
@!!END

@!!BEGIN
@!!type:obligation
@!!id:1874
@!!loc:1175:72:1175:74
@!!status:proved
@!!prover:smt
@!!meth:time-limit: 60
@!!already:true
@!!END

@!!BEGIN
@!!type:obligation
@!!id:1875
@!!loc:1175:75:1175:80
@!!status:trivial
@!!prover:tlapm
@!!already:false
@!!END

@!!BEGIN
@!!type:obligation
@!!id:1876
@!!loc:1175:82:1175:102
@!!status:trivial
@!!prover:tlapm
@!!already:false
@!!END

@!!BEGIN
@!!type:obligation
@!!id:1877
@!!loc:1176:68:1176:70
@!!status:proved
@!!prover:smt
@!!meth:time-limit: 60
@!!already:true
@!!END

@!!BEGIN
@!!type:obligation
@!!id:1878
@!!loc:1176:71:1176:76
@!!status:trivial
@!!prover:tlapm
@!!already:false
@!!END

@!!BEGIN
@!!type:obligation
@!!id:1879
@!!loc:1176:78:1176:94
@!!status:trivial
@!!prover:tlapm
@!!already:false
@!!END

@!!BEGIN
@!!type:obligation
@!!id:1880
@!!loc:1177:68:1177:70
@!!status:proved
@!!prover:smt
@!!meth:time-limit: 60
@!!already:true
@!!END

@!!BEGIN
@!!type:obligation
@!!id:1881
@!!loc:1177:71:1177:76
@!!status:trivial
@!!prover:tlapm
@!!already:false
@!!END

@!!BEGIN
@!!type:obligation
@!!id:1882
@!!loc:1177:78:1177:94
@!!status:trivial
@!!prover:tlapm
@!!already:false
@!!END

@!!BEGIN
@!!type:obligation
@!!id:1884
@!!loc:1178:86:1178:91
@!!status:trivial
@!!prover:tlapm
@!!already:false
@!!END

@!!BEGIN
@!!type:obligation
@!!id:1885
@!!loc:1178:93:1178:104
@!!status:trivial
@!!prover:tlapm
@!!already:false
@!!END

@!!BEGIN
@!!type:obligation
@!!id:1887
@!!loc:1179:88:1179:93
@!!status:trivial
@!!prover:tlapm
@!!already:false
@!!END

@!!BEGIN
@!!type:obligation
@!!id:1888
@!!loc:1179:95:1179:108
@!!status:trivial
@!!prover:tlapm
@!!already:false
@!!END

@!!BEGIN
@!!type:obligation
@!!id:1886
@!!loc:1179:85:1179:87
@!!status:proved
@!!prover:smt
@!!meth:time-limit: 60; time-used: 0.2 (0%)
@!!already:false
@!!END

@!!BEGIN
@!!type:obligation
@!!id:1883
@!!loc:1178:83:1178:85
@!!status:proved
@!!prover:smt
@!!meth:time-limit: 60; time-used: 0.5 (1%)
@!!already:false
@!!END

@!!BEGIN
@!!type:obligation
@!!id:1838
@!!loc:1163:62:1163:64
@!!status:proved
@!!prover:smt
@!!meth:time-limit: 60; time-used: 2.8 (5%)
@!!already:false
@!!END

@!!BEGIN
@!!type:obligation
@!!id:1890
@!!loc:1180:88:1180:93
@!!status:trivial
@!!prover:tlapm
@!!already:false
@!!END

@!!BEGIN
@!!type:obligation
@!!id:1891
@!!loc:1180:95:1180:108
@!!status:trivial
@!!prover:tlapm
@!!already:false
@!!END

@!!BEGIN
@!!type:obligation
@!!id:1893
@!!loc:1181:89:1181:94
@!!status:trivial
@!!prover:tlapm
@!!already:false
@!!END

@!!BEGIN
@!!type:obligation
@!!id:1894
@!!loc:1181:96:1181:108
@!!status:trivial
@!!prover:tlapm
@!!already:false
@!!END

@!!BEGIN
@!!type:obligation
@!!id:1896
@!!loc:1191:15:1191:19
@!!status:trivial
@!!prover:tlapm
@!!already:false
@!!END

@!!BEGIN
@!!type:obligation
@!!id:1897
@!!loc:1191:21:1191:25
@!!status:trivial
@!!prover:tlapm
@!!already:false
@!!END

@!!BEGIN
@!!type:obligation
@!!id:1898
@!!loc:1191:27:1191:31
@!!status:trivial
@!!prover:tlapm
@!!already:false
@!!END

@!!BEGIN
@!!type:obligation
@!!id:1899
@!!loc:1191:33:1191:37
@!!status:trivial
@!!prover:tlapm
@!!already:false
@!!END

@!!BEGIN
@!!type:obligation
@!!id:1895
@!!loc:1191:12:1191:14
@!!status:proved
@!!prover:smt
@!!meth:time-limit: 60; time-used: 0.6 (1%)
@!!already:false
@!!END

@!!BEGIN
@!!type:obligation
@!!id:1892
@!!loc:1181:86:1181:88
@!!status:proved
@!!prover:smt
@!!meth:time-limit: 60; time-used: 0.8 (1%)
@!!already:false
@!!END

@!!BEGIN
@!!type:obligation
@!!id:1889
@!!loc:1180:85:1180:87
@!!status:proved
@!!prover:smt
@!!meth:time-limit: 60; time-used: 1.0 (2%)
@!!already:false
@!!END

@!!BEGIN
@!!type:obligation
@!!id:1901
@!!loc:1187:25:1187:29
@!!status:trivial
@!!prover:tlapm
@!!already:false
@!!END

@!!BEGIN
@!!type:obligation
@!!id:1903
@!!loc:1188:21:1188:25
@!!status:trivial
@!!prover:tlapm
@!!already:false
@!!END

@!!BEGIN
@!!type:obligation
@!!id:1904
@!!loc:1188:27:1188:37
@!!status:trivial
@!!prover:tlapm
@!!already:false
@!!END

@!!BEGIN
@!!type:obligation
@!!id:1906
@!!loc:1189:23:1189:27
@!!status:trivial
@!!prover:tlapm
@!!already:false
@!!END

@!!BEGIN
@!!type:obligation
@!!id:1907
@!!loc:1189:29:1189:41
@!!status:trivial
@!!prover:tlapm
@!!already:false
@!!END

@!!BEGIN
@!!type:obligation
@!!id:1905
@!!loc:1189:20:1189:22
@!!status:proved
@!!prover:smt
@!!meth:time-limit: 60; time-used: 0.2 (0%)
@!!already:false
@!!END

@!!BEGIN
@!!type:obligation
@!!id:1902
@!!loc:1188:18:1188:20
@!!status:proved
@!!prover:smt
@!!meth:time-limit: 60; time-used: 0.5 (1%)
@!!already:false
@!!END

@!!BEGIN
@!!type:obligation
@!!id:1900
@!!loc:1187:22:1187:24
@!!status:proved
@!!prover:smt
@!!meth:time-limit: 60; time-used: 0.8 (1%)
@!!already:false
@!!END

@!!BEGIN
@!!type:obligation
@!!id:1909
@!!loc:1190:85:1190:89
@!!status:trivial
@!!prover:tlapm
@!!already:false
@!!END

@!!BEGIN
@!!type:obligation
@!!id:1910
@!!loc:1190:91:1190:102
@!!status:trivial
@!!prover:tlapm
@!!already:false
@!!END

@!!BEGIN
@!!type:obligation
@!!id:1912
@!!loc:1202:13:1202:17
@!!status:trivial
@!!prover:tlapm
@!!already:false
@!!END

@!!BEGIN
@!!type:obligation
@!!id:1913
@!!loc:1202:19:1202:23
@!!status:trivial
@!!prover:tlapm
@!!already:false
@!!END

@!!BEGIN
@!!type:obligation
@!!id:1914
@!!loc:1202:25:1202:29
@!!status:trivial
@!!prover:tlapm
@!!already:false
@!!END

@!!BEGIN
@!!type:obligation
@!!id:1915
@!!loc:1202:31:1202:34
@!!status:trivial
@!!prover:tlapm
@!!already:false
@!!END

@!!BEGIN
@!!type:obligation
@!!id:1917
@!!loc:1195:28:1195:39
@!!status:trivial
@!!prover:tlapm
@!!already:false
@!!END

@!!BEGIN
@!!type:obligation
@!!id:1916
@!!loc:1195:25:1195:27
@!!status:proved
@!!prover:smt
@!!meth:time-limit: 60; time-used: 0.2 (0%)
@!!already:false
@!!END

@!!BEGIN
@!!type:obligation
@!!id:1911
@!!loc:1202:10:1202:12
@!!status:proved
@!!prover:ls4
@!!meth:time-limit: 120; time-used: 0.5 (0%)
@!!already:false
@!!END

@!!BEGIN
@!!type:obligation
@!!id:1908
@!!loc:1190:82:1190:84
@!!status:proved
@!!prover:smt
@!!meth:time-limit: 60; time-used: 0.7 (1%)
@!!already:false
@!!END

@!!BEGIN
@!!type:obligation
@!!id:1919
@!!loc:1200:15:1200:19
@!!status:trivial
@!!prover:tlapm
@!!already:false
@!!END

@!!BEGIN
@!!type:obligation
@!!id:1920
@!!loc:1200:21:1200:25
@!!status:trivial
@!!prover:tlapm
@!!already:false
@!!END

@!!BEGIN
@!!type:obligation
@!!id:1922
@!!loc:1197:44:1197:55
@!!status:trivial
@!!prover:tlapm
@!!already:false
@!!END

@!!BEGIN
@!!type:obligation
@!!id:1923
@!!loc:1199:5:1199:7
@!!status:proved
@!!prover:smt
@!!meth:time-limit: 60; time-used: 0.2 (0%)
@!!already:false
@!!END

@!!BEGIN
@!!type:obligation
@!!id:1921
@!!loc:1197:41:1197:43
@!!status:proved
@!!prover:smt
@!!meth:time-limit: 60; time-used: 1.0 (2%)
@!!already:false
@!!END

@!!BEGIN
@!!type:obligation
@!!id:1918
@!!loc:1200:12:1200:14
@!!status:proved
@!!prover:smt
@!!meth:time-limit: 60; time-used: 1.2 (2%)
@!!already:false
@!!END

@!!BEGIN
@!!type:obligation
@!!id:1927
@!!loc:1262:13:1262:17
@!!status:trivial
@!!prover:tlapm
@!!already:false
@!!END

@!!BEGIN
@!!type:obligation
@!!id:1928
@!!loc:1262:19:1262:23
@!!status:trivial
@!!prover:tlapm
@!!already:false
@!!END

@!!BEGIN
@!!type:obligation
@!!id:1929
@!!loc:1262:25:1262:29
@!!status:trivial
@!!prover:tlapm
@!!already:false
@!!END

@!!BEGIN
@!!type:obligation
@!!id:1930
@!!loc:1262:31:1262:35
@!!status:trivial
@!!prover:tlapm
@!!already:false
@!!END

@!!BEGIN
@!!type:obligation
@!!id:1926
@!!loc:1262:10:1262:12
@!!status:proved
@!!prover:smt
@!!meth:time-limit: 60; time-used: 0.5 (1%)
@!!already:false
@!!END

@!!BEGIN
@!!type:obligation
@!!id:1925
@!!loc:1252:1:1252:3
@!!status:proved
@!!prover:smt
@!!meth:time-limit: 60; time-used: 0.6 (1%)
@!!already:false
@!!END

@!!BEGIN
@!!type:obligation
@!!id:1924
@!!loc:1201:27:1201:29
@!!status:proved
@!!prover:smt
@!!meth:time-limit: 60; time-used: 1.1 (2%)
@!!already:false
@!!END

@!!BEGIN
@!!type:obligation
@!!id:1933
@!!loc:1260:39:1260:41
@!!status:proved
@!!prover:smt
@!!meth:time-limit: 60; time-used: 0.2 (0%)
@!!already:false
@!!END

@!!BEGIN
@!!type:obligation
@!!id:1932
@!!loc:1259:39:1259:41
@!!status:proved
@!!prover:smt
@!!meth:time-limit: 60; time-used: 0.8 (1%)
@!!already:false
@!!END

@!!BEGIN
@!!type:obligation
@!!id:1931
@!!loc:1258:33:1258:35
@!!status:proved
@!!prover:smt
@!!meth:time-limit: 60; time-used: 1.2 (2%)
@!!already:false
@!!END

@!!BEGIN
@!!type:obligation
@!!id:1936
@!!loc:1274:13:1274:17
@!!status:trivial
@!!prover:tlapm
@!!already:false
@!!END

@!!BEGIN
@!!type:obligation
@!!id:1937
@!!loc:1274:19:1274:23
@!!status:trivial
@!!prover:tlapm
@!!already:false
@!!END

@!!BEGIN
@!!type:obligation
@!!id:1938
@!!loc:1272:22:1272:24
@!!status:proved
@!!prover:smt
@!!meth:time-limit: 60; time-used: 0.3 (1%)
@!!already:false
@!!END

@!!BEGIN
@!!type:obligation
@!!id:1935
@!!loc:1274:10:1274:12
@!!status:proved
@!!prover:smt
@!!meth:time-limit: 60; time-used: 0.7 (1%)
@!!already:false
@!!END

@!!BEGIN
@!!type:obligation
@!!id:1934
@!!loc:1261:16:1261:18
@!!status:proved
@!!prover:smt
@!!meth:time-limit: 60; time-used: 0.8 (1%)
@!!already:false
@!!END

@!!BEGIN
@!!type:obligation
@!!id:1941
@!!loc:1286:1:1286:3
@!!status:proved
@!!prover:smt
@!!meth:time-limit: 60; time-used: 0.4 (1%)
@!!already:false
@!!END

@!!BEGIN
@!!type:obligation
@!!id:1940
@!!loc:1280:1:1280:3
@!!status:proved
@!!prover:smt
@!!meth:time-limit: 60; time-used: 0.7 (1%)
@!!already:false
@!!END

@!!BEGIN
@!!type:obligation
@!!id:1939
@!!loc:1273:15:1273:17
@!!status:proved
@!!prover:smt
@!!meth:time-limit: 60; time-used: 0.9 (2%)
@!!already:false
@!!END

@!!BEGIN
@!!type:obligation
@!!id:1945
@!!loc:1317:13:1317:17
@!!status:trivial
@!!prover:tlapm
@!!already:false
@!!END

@!!BEGIN
@!!type:obligation
@!!id:1946
@!!loc:1317:19:1317:23
@!!status:trivial
@!!prover:tlapm
@!!already:false
@!!END

@!!BEGIN
@!!type:obligation
@!!id:1947
@!!loc:1317:25:1317:29
@!!status:trivial
@!!prover:tlapm
@!!already:false
@!!END

@!!BEGIN
@!!type:obligation
@!!id:1948
@!!loc:1317:31:1317:35
@!!status:trivial
@!!prover:tlapm
@!!already:false
@!!END

@!!BEGIN
@!!type:obligation
@!!id:1949
@!!loc:1317:37:1317:41
@!!status:trivial
@!!prover:tlapm
@!!already:false
@!!END

@!!BEGIN
@!!type:obligation
@!!id:1944
@!!loc:1317:10:1317:12
@!!status:proved
@!!prover:smt
@!!meth:time-limit: 60; time-used: 0.9 (2%)
@!!already:false
@!!END

@!!BEGIN
@!!type:obligation
@!!id:1943
@!!loc:1298:1:1298:3
@!!status:proved
@!!prover:smt
@!!meth:time-limit: 60; time-used: 1.5 (2%)
@!!already:false
@!!END

@!!BEGIN
@!!type:obligation
@!!id:1942
@!!loc:1292:1:1292:3
@!!status:proved
@!!prover:smt
@!!meth:time-limit: 60; time-used: 1.6 (3%)
@!!already:false
@!!END

@!!BEGIN
@!!type:obligation
@!!id:1952
@!!loc:1314:11:1314:13
@!!status:proved
@!!prover:smt
@!!meth:time-limit: 60; time-used: 0.8 (1%)
@!!already:false
@!!END

@!!BEGIN
@!!type:obligation
@!!id:1951
@!!loc:1313:11:1313:13
@!!status:proved
@!!prover:smt
@!!meth:time-limit: 60; time-used: 1.7 (3%)
@!!already:false
@!!END

@!!BEGIN
@!!type:obligation
@!!id:1950
@!!loc:1312:11:1312:13
@!!status:proved
@!!prover:smt
@!!meth:time-limit: 60; time-used: 2.3 (4%)
@!!already:false
@!!END

@!!BEGIN
@!!type:obligation
@!!id:1956
@!!loc:1337:13:1337:17
@!!status:trivial
@!!prover:tlapm
@!!already:false
@!!END

@!!BEGIN
@!!type:obligation
@!!id:1957
@!!loc:1337:19:1337:23
@!!status:trivial
@!!prover:tlapm
@!!already:false
@!!END

@!!BEGIN
@!!type:obligation
@!!id:1958
@!!loc:1337:25:1337:29
@!!status:trivial
@!!prover:tlapm
@!!already:false
@!!END

@!!BEGIN
@!!type:obligation
@!!id:1959
@!!loc:1337:31:1337:43
@!!status:trivial
@!!prover:tlapm
@!!already:false
@!!END

@!!BEGIN
@!!type:obligation
@!!id:1955
@!!loc:1337:10:1337:12
@!!status:proved
@!!prover:smt
@!!meth:time-limit: 60; time-used: 0.8 (1%)
@!!already:false
@!!END

@!!BEGIN
@!!type:obligation
@!!id:1954
@!!loc:1316:11:1316:13
@!!status:proved
@!!prover:smt
@!!meth:time-limit: 60; time-used: 1.5 (2%)
@!!already:false
@!!END

@!!BEGIN
@!!type:obligation
@!!id:1953
@!!loc:1315:11:1315:13
@!!status:proved
@!!prover:smt
@!!meth:time-limit: 60; time-used: 2.0 (3%)
@!!already:false
@!!END

@!!BEGIN
@!!type:obligation
@!!id:1962
@!!loc:1336:76:1336:78
@!!status:proved
@!!prover:smt
@!!meth:time-limit: 60; time-used: 0.2 (0%)
@!!already:false
@!!END

@!!BEGIN
@!!type:obligation
@!!id:1961
@!!loc:1335:3:1335:5
@!!status:proved
@!!prover:smt
@!!meth:time-limit: 60; time-used: 1.1 (2%)
@!!already:false
@!!END

@!!BEGIN
@!!type:obligation
@!!id:1960
@!!loc:1330:3:1330:5
@!!status:proved
@!!prover:smt
@!!meth:time-limit: 60; time-used: 1.9 (3%)
@!!already:false
@!!END

@!!BEGIN
@!!type:obligation
@!!id:1965
@!!loc:1361:13:1361:17
@!!status:trivial
@!!prover:tlapm
@!!already:false
@!!END

@!!BEGIN
@!!type:obligation
@!!id:1966
@!!loc:1361:19:1361:23
@!!status:trivial
@!!prover:tlapm
@!!already:false
@!!END

@!!BEGIN
@!!type:obligation
@!!id:1967
@!!loc:1361:25:1361:29
@!!status:trivial
@!!prover:tlapm
@!!already:false
@!!END

@!!BEGIN
@!!type:obligation
@!!id:1968
@!!loc:1350:39:1350:46
@!!status:proved
@!!prover:smt
@!!meth:time-limit: 60
@!!already:true
@!!END

@!!BEGIN
@!!type:obligation
@!!id:1970
@!!loc:1351:20:1351:31
@!!status:trivial
@!!prover:tlapm
@!!already:false
@!!END

@!!BEGIN
@!!type:obligation
@!!id:1969
@!!loc:1351:17:1351:19
@!!status:proved
@!!prover:smt
@!!meth:time-limit: 60; time-used: 0.3 (1%)
@!!already:false
@!!END

@!!BEGIN
@!!type:obligation
@!!id:1964
@!!loc:1361:10:1361:12
@!!status:proved
@!!prover:smt
@!!meth:time-limit: 60; time-used: 0.7 (1%)
@!!already:false
@!!END

@!!BEGIN
@!!type:obligation
@!!id:1963
@!!loc:1344:1:1344:3
@!!status:proved
@!!prover:smt
@!!meth:time-limit: 60; time-used: 0.8 (1%)
@!!already:false
@!!END

@!!BEGIN
@!!type:obligation
@!!id:1974
@!!loc:1357:6:1357:10
@!!status:trivial
@!!prover:tlapm
@!!already:false
@!!END

@!!BEGIN
@!!type:obligation
@!!id:1973
@!!loc:1357:3:1357:5
@!!status:proved
@!!prover:smt
@!!meth:time-limit: 60; time-used: 0.7 (1%)
@!!already:false
@!!END

@!!BEGIN
@!!type:obligation
@!!id:1972
@!!loc:1353:24:1353:26
@!!status:proved
@!!prover:smt
@!!meth:time-limit: 60; time-used: 3.0 (5%)
@!!already:false
@!!END

@!!BEGIN
@!!type:obligation
@!!id:1971
@!!loc:1352:44:1352:46
@!!status:proved
@!!prover:smt
@!!meth:time-limit: 60; time-used: 3.3 (5%)
@!!already:false
@!!END

@!!BEGIN
@!!type:obligation
@!!id:1976
@!!loc:1359:6:1359:10
@!!status:trivial
@!!prover:tlapm
@!!already:false
@!!END

@!!BEGIN
@!!type:obligation
@!!id:1977
@!!loc:1359:12:1359:17
@!!status:trivial
@!!prover:tlapm
@!!already:false
@!!END

@!!BEGIN
@!!type:obligation
@!!id:1978
@!!loc:1359:19:1359:23
@!!status:trivial
@!!prover:tlapm
@!!already:false
@!!END

@!!BEGIN
@!!type:obligation
@!!id:1979
@!!loc:1359:25:1359:35
@!!status:trivial
@!!prover:tlapm
@!!already:false
@!!END

@!!BEGIN
@!!type:obligation
@!!id:1981
@!!loc:1360:18:1360:22
@!!status:trivial
@!!prover:tlapm
@!!already:false
@!!END

@!!BEGIN
@!!type:obligation
@!!id:1983
@!!loc:1371:13:1371:17
@!!status:trivial
@!!prover:tlapm
@!!already:false
@!!END

@!!BEGIN
@!!type:obligation
@!!id:1984
@!!loc:1371:19:1371:23
@!!status:trivial
@!!prover:tlapm
@!!already:false
@!!END

@!!BEGIN
@!!type:obligation
@!!id:1985
@!!loc:1371:25:1371:31
@!!status:trivial
@!!prover:tlapm
@!!already:false
@!!END

@!!BEGIN
@!!type:obligation
@!!id:1982
@!!loc:1371:10:1371:12
@!!status:proved
@!!prover:smt
@!!meth:time-limit: 60; time-used: 0.4 (1%)
@!!already:false
@!!END

@!!BEGIN
@!!type:obligation
@!!id:1980
@!!loc:1360:15:1360:17
@!!status:proved
@!!prover:smt
@!!meth:time-limit: 60; time-used: 0.6 (1%)
@!!already:false
@!!END

@!!BEGIN
@!!type:obligation
@!!id:1975
@!!loc:1359:3:1359:5
@!!status:proved
@!!prover:smt
@!!meth:time-limit: 60; time-used: 2.0 (3%)
@!!already:false
@!!END

@!!BEGIN
@!!type:obligation
@!!id:1987
@!!loc:1369:21:1369:32
@!!status:trivial
@!!prover:tlapm
@!!already:false
@!!END

@!!BEGIN
@!!type:obligation
@!!id:1989
@!!loc:1378:10:1378:12
@!!status:proved
@!!prover:smt
@!!meth:time-limit: 60
@!!already:true
@!!END

@!!BEGIN
@!!type:obligation
@!!id:1990
@!!loc:1378:13:1378:17
@!!status:trivial
@!!prover:tlapm
@!!already:false
@!!END

@!!BEGIN
@!!type:obligation
@!!id:1991
@!!loc:1378:19:1378:23
@!!status:trivial
@!!prover:tlapm
@!!already:false
@!!END

@!!BEGIN
@!!type:obligation
@!!id:1992
@!!loc:1378:25:1378:31
@!!status:trivial
@!!prover:tlapm
@!!already:false
@!!END

@!!BEGIN
@!!type:obligation
@!!id:1994
@!!loc:1376:21:1376:32
@!!status:trivial
@!!prover:tlapm
@!!already:false
@!!END

@!!BEGIN
@!!type:obligation
@!!id:1993
@!!loc:1376:18:1376:20
@!!status:proved
@!!prover:smt
@!!meth:time-limit: 60; time-used: 0.3 (1%)
@!!already:false
@!!END

@!!BEGIN
@!!type:obligation
@!!id:1988
@!!loc:1370:34:1370:36
@!!status:proved
@!!prover:smt
@!!meth:time-limit: 60; time-used: 0.8 (1%)
@!!already:false
@!!END

@!!BEGIN
@!!type:obligation
@!!id:1986
@!!loc:1369:18:1369:20
@!!status:proved
@!!prover:smt
@!!meth:time-limit: 60; time-used: 1.4 (2%)
@!!already:false
@!!END

@!!BEGIN
@!!type:obligation
@!!id:1997
@!!loc:1385:13:1385:17
@!!status:trivial
@!!prover:tlapm
@!!already:false
@!!END

@!!BEGIN
@!!type:obligation
@!!id:1998
@!!loc:1385:19:1385:23
@!!status:trivial
@!!prover:tlapm
@!!already:false
@!!END

@!!BEGIN
@!!type:obligation
@!!id:1999
@!!loc:1385:25:1385:31
@!!status:trivial
@!!prover:tlapm
@!!already:false
@!!END

@!!BEGIN
@!!type:obligation
@!!id:2001
@!!loc:1383:21:1383:35
@!!status:trivial
@!!prover:tlapm
@!!already:false
@!!END

@!!BEGIN
@!!type:obligation
@!!id:2000
@!!loc:1383:18:1383:20
@!!status:proved
@!!prover:smt
@!!meth:time-limit: 60; time-used: 0.3 (1%)
@!!already:false
@!!END

@!!BEGIN
@!!type:obligation
@!!id:1996
@!!loc:1385:10:1385:12
@!!status:proved
@!!prover:smt
@!!meth:time-limit: 60; time-used: 0.6 (1%)
@!!already:false
@!!END

@!!BEGIN
@!!type:obligation
@!!id:1995
@!!loc:1377:34:1377:36
@!!status:proved
@!!prover:smt
@!!meth:time-limit: 60; time-used: 0.8 (1%)
@!!already:false
@!!END

@!!BEGIN
@!!type:obligation
@!!id:2004
@!!loc:1398:10:1398:12
@!!status:proved
@!!prover:smt
@!!meth:time-limit: 60
@!!already:true
@!!END

@!!BEGIN
@!!type:obligation
@!!id:2005
@!!loc:1398:13:1398:17
@!!status:trivial
@!!prover:tlapm
@!!already:false
@!!END

@!!BEGIN
@!!type:obligation
@!!id:2006
@!!loc:1398:19:1398:23
@!!status:trivial
@!!prover:tlapm
@!!already:false
@!!END

@!!BEGIN
@!!type:obligation
@!!id:2007
@!!loc:1398:25:1398:31
@!!status:trivial
@!!prover:tlapm
@!!already:false
@!!END

@!!BEGIN
@!!type:obligation
@!!id:2008
@!!loc:1396:18:1396:20
@!!status:proved
@!!prover:smt
@!!meth:time-limit: 60
@!!already:true
@!!END

@!!BEGIN
@!!type:obligation
@!!id:2009
@!!loc:1396:21:1396:35
@!!status:trivial
@!!prover:tlapm
@!!already:false
@!!END

@!!BEGIN
@!!type:obligation
@!!id:2010
@!!loc:1397:34:1397:36
@!!status:proved
@!!prover:smt
@!!meth:time-limit: 60; time-used: 0.2 (0%)
@!!already:false
@!!END

@!!BEGIN
@!!type:obligation
@!!id:2003
@!!loc:1391:1:1391:3
@!!status:proved
@!!prover:smt
@!!meth:time-limit: 60; time-used: 0.8 (1%)
@!!already:false
@!!END

@!!BEGIN
@!!type:obligation
@!!id:2002
@!!loc:1384:34:1384:36
@!!status:proved
@!!prover:smt
@!!meth:time-limit: 60; time-used: 1.1 (2%)
@!!already:false
@!!END

@!!BEGIN
@!!type:obligation
@!!id:2012
@!!loc:1405:13:1405:17
@!!status:trivial
@!!prover:tlapm
@!!already:false
@!!END

@!!BEGIN
@!!type:obligation
@!!id:2013
@!!loc:1405:19:1405:23
@!!status:trivial
@!!prover:tlapm
@!!already:false
@!!END

@!!BEGIN
@!!type:obligation
@!!id:2014
@!!loc:1405:25:1405:31
@!!status:trivial
@!!prover:tlapm
@!!already:false
@!!END

@!!BEGIN
@!!type:obligation
@!!id:2016
@!!loc:1403:21:1403:33
@!!status:trivial
@!!prover:tlapm
@!!already:false
@!!END

@!!BEGIN
@!!type:obligation
@!!id:2017
@!!loc:1404:34:1404:36
@!!status:proved
@!!prover:smt
@!!meth:time-limit: 60; time-used: 0.1 (0%)
@!!already:false
@!!END

@!!BEGIN
@!!type:obligation
@!!id:2015
@!!loc:1403:18:1403:20
@!!status:proved
@!!prover:smt
@!!meth:time-limit: 60; time-used: 0.4 (1%)
@!!already:false
@!!END

@!!BEGIN
@!!type:obligation
@!!id:2011
@!!loc:1405:10:1405:12
@!!status:proved
@!!prover:smt
@!!meth:time-limit: 60; time-used: 1.1 (2%)
@!!already:false
@!!END

@!!BEGIN
@!!type:obligation
@!!id:2019
@!!loc:1412:13:1412:17
@!!status:trivial
@!!prover:tlapm
@!!already:false
@!!END

@!!BEGIN
@!!type:obligation
@!!id:2020
@!!loc:1412:19:1412:23
@!!status:trivial
@!!prover:tlapm
@!!already:false
@!!END

@!!BEGIN
@!!type:obligation
@!!id:2021
@!!loc:1412:25:1412:31
@!!status:trivial
@!!prover:tlapm
@!!already:false
@!!END

@!!BEGIN
@!!type:obligation
@!!id:2023
@!!loc:1410:21:1410:31
@!!status:trivial
@!!prover:tlapm
@!!already:false
@!!END

@!!BEGIN
@!!type:obligation
@!!id:2024
@!!loc:1411:34:1411:36
@!!status:proved
@!!prover:smt
@!!meth:time-limit: 60; time-used: 0.1 (0%)
@!!already:false
@!!END

@!!BEGIN
@!!type:obligation
@!!id:2022
@!!loc:1410:18:1410:20
@!!status:proved
@!!prover:smt
@!!meth:time-limit: 60; time-used: 0.4 (1%)
@!!already:false
@!!END

@!!BEGIN
@!!type:obligation
@!!id:2018
@!!loc:1412:10:1412:12
@!!status:proved
@!!prover:smt
@!!meth:time-limit: 60; time-used: 0.7 (1%)
@!!already:false
@!!END

@!!BEGIN
@!!type:obligation
@!!id:2026
@!!loc:1419:13:1419:17
@!!status:trivial
@!!prover:tlapm
@!!already:false
@!!END

@!!BEGIN
@!!type:obligation
@!!id:2027
@!!loc:1419:19:1419:23
@!!status:trivial
@!!prover:tlapm
@!!already:false
@!!END

@!!BEGIN
@!!type:obligation
@!!id:2028
@!!loc:1419:25:1419:31
@!!status:trivial
@!!prover:tlapm
@!!already:false
@!!END

@!!BEGIN
@!!type:obligation
@!!id:2030
@!!loc:1417:21:1417:32
@!!status:trivial
@!!prover:tlapm
@!!already:false
@!!END

@!!BEGIN
@!!type:obligation
@!!id:2032
@!!loc:1426:10:1426:12
@!!status:proved
@!!prover:smt
@!!meth:time-limit: 60
@!!already:true
@!!END

@!!BEGIN
@!!type:obligation
@!!id:2033
@!!loc:1426:13:1426:17
@!!status:trivial
@!!prover:tlapm
@!!already:false
@!!END

@!!BEGIN
@!!type:obligation
@!!id:2034
@!!loc:1426:19:1426:23
@!!status:trivial
@!!prover:tlapm
@!!already:false
@!!END

@!!BEGIN
@!!type:obligation
@!!id:2035
@!!loc:1426:25:1426:31
@!!status:trivial
@!!prover:tlapm
@!!already:false
@!!END

@!!BEGIN
@!!type:obligation
@!!id:2036
@!!loc:1424:18:1424:20
@!!status:proved
@!!prover:smt
@!!meth:time-limit: 60
@!!already:true
@!!END

@!!BEGIN
@!!type:obligation
@!!id:2037
@!!loc:1424:21:1424:33
@!!status:trivial
@!!prover:tlapm
@!!already:false
@!!END

@!!BEGIN
@!!type:obligation
@!!id:2031
@!!loc:1418:34:1418:36
@!!status:proved
@!!prover:smt
@!!meth:time-limit: 60; time-used: 0.7 (1%)
@!!already:false
@!!END

@!!BEGIN
@!!type:obligation
@!!id:2029
@!!loc:1417:18:1417:20
@!!status:proved
@!!prover:smt
@!!meth:time-limit: 60; time-used: 1.0 (2%)
@!!already:false
@!!END

@!!BEGIN
@!!type:obligation
@!!id:2025
@!!loc:1419:10:1419:12
@!!status:proved
@!!prover:smt
@!!meth:time-limit: 60; time-used: 1.3 (2%)
@!!already:false
@!!END

@!!BEGIN
@!!type:obligation
@!!id:2040
@!!loc:1484:13:1484:17
@!!status:trivial
@!!prover:tlapm
@!!already:false
@!!END

@!!BEGIN
@!!type:obligation
@!!id:2041
@!!loc:1484:19:1484:23
@!!status:trivial
@!!prover:tlapm
@!!already:false
@!!END

@!!BEGIN
@!!type:obligation
@!!id:2042
@!!loc:1484:25:1484:29
@!!status:trivial
@!!prover:tlapm
@!!already:false
@!!END

@!!BEGIN
@!!type:obligation
@!!id:2043
@!!loc:1484:31:1484:35
@!!status:trivial
@!!prover:tlapm
@!!already:false
@!!END

@!!BEGIN
@!!type:obligation
@!!id:2044
@!!loc:1484:37:1484:41
@!!status:trivial
@!!prover:tlapm
@!!already:false
@!!END

@!!BEGIN
@!!type:obligation
@!!id:2045
@!!loc:1484:43:1484:47
@!!status:trivial
@!!prover:tlapm
@!!already:false
@!!END

@!!BEGIN
@!!type:obligation
@!!id:2046
@!!loc:1484:49:1484:53
@!!status:trivial
@!!prover:tlapm
@!!already:false
@!!END

@!!BEGIN
@!!type:obligation
@!!id:2047
@!!loc:1484:55:1484:60
@!!status:trivial
@!!prover:tlapm
@!!already:false
@!!END

@!!BEGIN
@!!type:obligation
@!!id:2048
@!!loc:1434:17:1434:19
@!!status:proved
@!!prover:smt
@!!meth:time-limit: 60; time-used: 0.2 (0%)
@!!already:false
@!!END

@!!BEGIN
@!!type:obligation
@!!id:2039
@!!loc:1484:10:1484:12
@!!status:proved
@!!prover:smt
@!!meth:time-limit: 60; time-used: 1.0 (2%)
@!!already:false
@!!END

@!!BEGIN
@!!type:obligation
@!!id:2038
@!!loc:1425:34:1425:36
@!!status:proved
@!!prover:smt
@!!meth:time-limit: 60; time-used: 1.3 (2%)
@!!already:false
@!!END

@!!BEGIN
@!!type:obligation
@!!id:2050
@!!loc:1435:17:1435:21
@!!status:trivial
@!!prover:tlapm
@!!already:false
@!!END

@!!BEGIN
@!!type:obligation
@!!id:2053
@!!loc:1437:37:1437:41
@!!status:trivial
@!!prover:tlapm
@!!already:false
@!!END

@!!BEGIN
@!!type:obligation
@!!id:2052
@!!loc:1437:34:1437:36
@!!status:proved
@!!prover:smt
@!!meth:time-limit: 60; time-used: 0.3 (1%)
@!!already:false
@!!END

@!!BEGIN
@!!type:obligation
@!!id:2051
@!!loc:1436:73:1436:75
@!!status:proved
@!!prover:smt
@!!meth:time-limit: 60; time-used: 0.5 (1%)
@!!already:false
@!!END

@!!BEGIN
@!!type:obligation
@!!id:2049
@!!loc:1435:14:1435:16
@!!status:proved
@!!prover:smt
@!!meth:time-limit: 60; time-used: 0.7 (1%)
@!!already:false
@!!END

@!!BEGIN
@!!type:obligation
@!!id:2055
@!!loc:1438:62:1438:66
@!!status:trivial
@!!prover:tlapm
@!!already:false
@!!END

@!!BEGIN
@!!type:obligation
@!!id:2054
@!!loc:1438:59:1438:61
@!!status:proved
@!!prover:smt
@!!meth:time-limit: 60; time-used: 3.4 (6%)
@!!already:false
@!!END

@!!BEGIN
@!!type:obligation
@!!id:2057
@!!loc:1444:6:1444:10
@!!status:trivial
@!!prover:tlapm
@!!already:false
@!!END

@!!BEGIN
@!!type:obligation
@!!id:2058
@!!loc:1444:12:1444:24
@!!status:trivial
@!!prover:tlapm
@!!already:false
@!!END

@!!BEGIN
@!!type:obligation
@!!id:2060
@!!loc:1445:21:1445:25
@!!status:trivial
@!!prover:tlapm
@!!already:false
@!!END

@!!BEGIN
@!!type:obligation
@!!id:2061
@!!loc:1445:27:1445:38
@!!status:trivial
@!!prover:tlapm
@!!already:false
@!!END

@!!BEGIN
@!!type:obligation
@!!id:2062
@!!loc:1446:42:1446:44
@!!status:proved
@!!prover:smt
@!!meth:time-limit: 60; time-used: 0.2 (0%)
@!!already:false
@!!END

@!!BEGIN
@!!type:obligation
@!!id:2059
@!!loc:1445:18:1445:20
@!!status:proved
@!!prover:smt
@!!meth:time-limit: 60; time-used: 0.6 (1%)
@!!already:false
@!!END

@!!BEGIN
@!!type:obligation
@!!id:2056
@!!loc:1444:3:1444:5
@!!status:proved
@!!prover:smt
@!!meth:time-limit: 60; time-used: 0.9 (2%)
@!!already:false
@!!END

@!!BEGIN
@!!type:obligation
@!!id:2066
@!!loc:1449:73:1449:77
@!!status:trivial
@!!prover:tlapm
@!!already:false
@!!END

@!!BEGIN
@!!type:obligation
@!!id:2067
@!!loc:1449:79:1449:83
@!!status:trivial
@!!prover:tlapm
@!!already:false
@!!END

@!!BEGIN
@!!type:obligation
@!!id:2068
@!!loc:1449:85:1449:93
@!!status:trivial
@!!prover:tlapm
@!!already:false
@!!END

@!!BEGIN
@!!type:obligation
@!!id:2065
@!!loc:1449:70:1449:72
@!!status:proved
@!!prover:smt
@!!meth:time-limit: 60; time-used: 2.7 (4%)
@!!already:false
@!!END

@!!BEGIN
@!!type:obligation
@!!id:2064
@!!loc:1448:13:1448:15
@!!status:proved
@!!prover:smt
@!!meth:time-limit: 60; time-used: 2.9 (5%)
@!!already:false
@!!END

@!!BEGIN
@!!type:obligation
@!!id:2063
@!!loc:1447:24:1447:26
@!!status:proved
@!!prover:smt
@!!meth:time-limit: 60; time-used: 3.2 (5%)
@!!already:false
@!!END

@!!BEGIN
@!!type:obligation
@!!id:2071
@!!loc:1464:99:1464:103
@!!status:trivial
@!!prover:tlapm
@!!already:false
@!!END

@!!BEGIN
@!!type:obligation
@!!id:2072
@!!loc:1464:105:1464:109
@!!status:trivial
@!!prover:tlapm
@!!already:false
@!!END

@!!BEGIN
@!!type:obligation
@!!id:2074
@!!loc:1465:36:1465:40
@!!status:trivial
@!!prover:tlapm
@!!already:false
@!!END

@!!BEGIN
@!!type:obligation
@!!id:2075
@!!loc:1465:42:1465:46
@!!status:trivial
@!!prover:tlapm
@!!already:false
@!!END

@!!BEGIN
@!!type:obligation
@!!id:2076
@!!loc:1465:48:1465:52
@!!status:trivial
@!!prover:tlapm
@!!already:false
@!!END

@!!BEGIN
@!!type:obligation
@!!id:2077
@!!loc:1465:54:1465:59
@!!status:trivial
@!!prover:tlapm
@!!already:false
@!!END

@!!BEGIN
@!!type:obligation
@!!id:2078
@!!loc:1465:61:1465:65
@!!status:trivial
@!!prover:tlapm
@!!already:false
@!!END

@!!BEGIN
@!!type:obligation
@!!id:2079
@!!loc:1465:67:1465:78
@!!status:trivial
@!!prover:tlapm
@!!already:false
@!!END

@!!BEGIN
@!!type:obligation
@!!id:2073
@!!loc:1465:33:1465:35
@!!status:proved
@!!prover:smt
@!!meth:time-limit: 60; time-used: 1.6 (3%)
@!!already:false
@!!END

@!!BEGIN
@!!type:obligation
@!!id:2070
@!!loc:1464:96:1464:98
@!!status:proved
@!!prover:smt
@!!meth:time-limit: 60; time-used: 2.0 (3%)
@!!already:false
@!!END

@!!BEGIN
@!!type:obligation
@!!id:2069
@!!loc:1463:3:1463:5
@!!status:proved
@!!prover:smt
@!!meth:time-limit: 60; time-used: 2.7 (4%)
@!!already:false
@!!END

@!!BEGIN
@!!type:obligation
@!!id:2081
@!!loc:1466:96:1466:100
@!!status:trivial
@!!prover:tlapm
@!!already:false
@!!END

@!!BEGIN
@!!type:obligation
@!!id:2082
@!!loc:1466:102:1466:106
@!!status:trivial
@!!prover:tlapm
@!!already:false
@!!END

@!!BEGIN
@!!type:obligation
@!!id:2084
@!!loc:1467:17:1467:21
@!!status:trivial
@!!prover:tlapm
@!!already:false
@!!END

@!!BEGIN
@!!type:obligation
@!!id:2085
@!!loc:1467:23:1467:27
@!!status:trivial
@!!prover:tlapm
@!!already:false
@!!END

@!!BEGIN
@!!type:obligation
@!!id:2086
@!!loc:1467:29:1467:34
@!!status:trivial
@!!prover:tlapm
@!!already:false
@!!END

@!!BEGIN
@!!type:obligation
@!!id:2087
@!!loc:1467:36:1467:46
@!!status:trivial
@!!prover:tlapm
@!!already:false
@!!END

@!!BEGIN
@!!type:obligation
@!!id:2089
@!!loc:1468:111:1468:115
@!!status:trivial
@!!prover:tlapm
@!!already:false
@!!END

@!!BEGIN
@!!type:obligation
@!!id:2090
@!!loc:1468:117:1468:121
@!!status:trivial
@!!prover:tlapm
@!!already:false
@!!END

@!!BEGIN
@!!type:obligation
@!!id:2088
@!!loc:1468:108:1468:110
@!!status:proved
@!!prover:smt
@!!meth:time-limit: 60; time-used: 0.4 (1%)
@!!already:false
@!!END

@!!BEGIN
@!!type:obligation
@!!id:2083
@!!loc:1467:14:1467:16
@!!status:proved
@!!prover:smt
@!!meth:time-limit: 60; time-used: 1.3 (2%)
@!!already:false
@!!END

@!!BEGIN
@!!type:obligation
@!!id:2080
@!!loc:1466:93:1466:95
@!!status:proved
@!!prover:smt
@!!meth:time-limit: 60; time-used: 1.6 (3%)
@!!already:false
@!!END

@!!BEGIN
@!!type:obligation
@!!id:2092
@!!loc:1469:16:1469:20
@!!status:trivial
@!!prover:tlapm
@!!already:false
@!!END

@!!BEGIN
@!!type:obligation
@!!id:2093
@!!loc:1469:22:1469:26
@!!status:trivial
@!!prover:tlapm
@!!already:false
@!!END

@!!BEGIN
@!!type:obligation
@!!id:2094
@!!loc:1469:28:1469:33
@!!status:trivial
@!!prover:tlapm
@!!already:false
@!!END

@!!BEGIN
@!!type:obligation
@!!id:2095
@!!loc:1469:35:1469:44
@!!status:trivial
@!!prover:tlapm
@!!already:false
@!!END

@!!BEGIN
@!!type:obligation
@!!id:2097
@!!loc:1470:143:1470:147
@!!status:trivial
@!!prover:tlapm
@!!already:false
@!!END

@!!BEGIN
@!!type:obligation
@!!id:2098
@!!loc:1470:149:1470:153
@!!status:trivial
@!!prover:tlapm
@!!already:false
@!!END

@!!BEGIN
@!!type:obligation
@!!id:2100
@!!loc:1471:15:1471:19
@!!status:trivial
@!!prover:tlapm
@!!already:false
@!!END

@!!BEGIN
@!!type:obligation
@!!id:2101
@!!loc:1471:21:1471:25
@!!status:trivial
@!!prover:tlapm
@!!already:false
@!!END

@!!BEGIN
@!!type:obligation
@!!id:2102
@!!loc:1471:27:1471:32
@!!status:trivial
@!!prover:tlapm
@!!already:false
@!!END

@!!BEGIN
@!!type:obligation
@!!id:2103
@!!loc:1471:34:1471:42
@!!status:trivial
@!!prover:tlapm
@!!already:false
@!!END

@!!BEGIN
@!!type:obligation
@!!id:2099
@!!loc:1471:12:1471:14
@!!status:proved
@!!prover:smt
@!!meth:time-limit: 60; time-used: 1.0 (2%)
@!!already:false
@!!END

@!!BEGIN
@!!type:obligation
@!!id:2096
@!!loc:1470:140:1470:142
@!!status:proved
@!!prover:smt
@!!meth:time-limit: 60; time-used: 1.4 (2%)
@!!already:false
@!!END

@!!BEGIN
@!!type:obligation
@!!id:2091
@!!loc:1469:13:1469:15
@!!status:proved
@!!prover:smt
@!!meth:time-limit: 60; time-used: 3.0 (5%)
@!!already:false
@!!END

@!!BEGIN
@!!type:obligation
@!!id:2105
@!!loc:1472:62:1472:66
@!!status:trivial
@!!prover:tlapm
@!!already:false
@!!END

@!!BEGIN
@!!type:obligation
@!!id:2106
@!!loc:1472:68:1472:72
@!!status:trivial
@!!prover:tlapm
@!!already:false
@!!END

@!!BEGIN
@!!type:obligation
@!!id:2108
@!!loc:1473:15:1473:19
@!!status:trivial
@!!prover:tlapm
@!!already:false
@!!END

@!!BEGIN
@!!type:obligation
@!!id:2109
@!!loc:1473:21:1473:25
@!!status:trivial
@!!prover:tlapm
@!!already:false
@!!END

@!!BEGIN
@!!type:obligation
@!!id:2110
@!!loc:1473:27:1473:32
@!!status:trivial
@!!prover:tlapm
@!!already:false
@!!END

@!!BEGIN
@!!type:obligation
@!!id:2111
@!!loc:1473:34:1473:42
@!!status:trivial
@!!prover:tlapm
@!!already:false
@!!END

@!!BEGIN
@!!type:obligation
@!!id:2113
@!!loc:1477:6:1477:10
@!!status:trivial
@!!prover:tlapm
@!!already:false
@!!END

@!!BEGIN
@!!type:obligation
@!!id:2114
@!!loc:1477:12:1477:16
@!!status:trivial
@!!prover:tlapm
@!!already:false
@!!END

@!!BEGIN
@!!type:obligation
@!!id:2112
@!!loc:1477:3:1477:5
@!!status:proved
@!!prover:smt
@!!meth:time-limit: 60; time-used: 1.1 (2%)
@!!already:false
@!!END

@!!BEGIN
@!!type:obligation
@!!id:2107
@!!loc:1473:12:1473:14
@!!status:proved
@!!prover:smt
@!!meth:time-limit: 60; time-used: 3.1 (5%)
@!!already:false
@!!END

@!!BEGIN
@!!type:obligation
@!!id:2104
@!!loc:1472:59:1472:61
@!!status:proved
@!!prover:smt
@!!meth:time-limit: 60; time-used: 3.5 (6%)
@!!already:false
@!!END

@!!BEGIN
@!!type:obligation
@!!id:2116
@!!loc:1480:6:1480:10
@!!status:trivial
@!!prover:tlapm
@!!already:false
@!!END

@!!BEGIN
@!!type:obligation
@!!id:2117
@!!loc:1480:12:1480:16
@!!status:trivial
@!!prover:tlapm
@!!already:false
@!!END

@!!BEGIN
@!!type:obligation
@!!id:2118
@!!loc:1480:18:1480:22
@!!status:trivial
@!!prover:tlapm
@!!already:false
@!!END

@!!BEGIN
@!!type:obligation
@!!id:2120
@!!loc:1481:19:1481:23
@!!status:trivial
@!!prover:tlapm
@!!already:false
@!!END

@!!BEGIN
@!!type:obligation
@!!id:2121
@!!loc:1481:25:1481:29
@!!status:trivial
@!!prover:tlapm
@!!already:false
@!!END

@!!BEGIN
@!!type:obligation
@!!id:2122
@!!loc:1481:31:1481:36
@!!status:trivial
@!!prover:tlapm
@!!already:false
@!!END

@!!BEGIN
@!!type:obligation
@!!id:2123
@!!loc:1481:38:1481:43
@!!status:trivial
@!!prover:tlapm
@!!already:false
@!!END

@!!BEGIN
@!!type:obligation
@!!id:2124
@!!loc:1481:45:1481:58
@!!status:trivial
@!!prover:tlapm
@!!already:false
@!!END

@!!BEGIN
@!!type:obligation
@!!id:2126
@!!loc:1482:112:1482:116
@!!status:trivial
@!!prover:tlapm
@!!already:false
@!!END

@!!BEGIN
@!!type:obligation
@!!id:2125
@!!loc:1482:109:1482:111
@!!status:proved
@!!prover:smt
@!!meth:time-limit: 60; time-used: 0.4 (1%)
@!!already:false
@!!END

@!!BEGIN
@!!type:obligation
@!!id:2119
@!!loc:1481:16:1481:18
@!!status:proved
@!!prover:smt
@!!meth:time-limit: 60; time-used: 1.9 (3%)
@!!already:false
@!!END

@!!BEGIN
@!!type:obligation
@!!id:2115
@!!loc:1480:3:1480:5
@!!status:proved
@!!prover:smt
@!!meth:time-limit: 60; time-used: 2.8 (5%)
@!!already:false
@!!END

@!!BEGIN
@!!type:obligation
@!!id:2128
@!!loc:1483:20:1483:24
@!!status:trivial
@!!prover:tlapm
@!!already:false
@!!END

@!!BEGIN
@!!type:obligation
@!!id:2129
@!!loc:1483:26:1483:32
@!!status:trivial
@!!prover:tlapm
@!!already:false
@!!END

@!!BEGIN
@!!type:obligation
@!!id:2130
@!!loc:1483:34:1483:45
@!!status:trivial
@!!prover:tlapm
@!!already:false
@!!END

@!!BEGIN
@!!type:obligation
@!!id:2131
@!!loc:1539:10:1539:12
@!!status:proved
@!!prover:smt
@!!meth:time-limit: 60
@!!already:true
@!!END

@!!BEGIN
@!!type:obligation
@!!id:2132
@!!loc:1539:13:1539:17
@!!status:trivial
@!!prover:tlapm
@!!already:false
@!!END

@!!BEGIN
@!!type:obligation
@!!id:2133
@!!loc:1539:19:1539:23
@!!status:trivial
@!!prover:tlapm
@!!already:false
@!!END

@!!BEGIN
@!!type:obligation
@!!id:2134
@!!loc:1539:25:1539:29
@!!status:trivial
@!!prover:tlapm
@!!already:false
@!!END

@!!BEGIN
@!!type:obligation
@!!id:2135
@!!loc:1539:31:1539:35
@!!status:trivial
@!!prover:tlapm
@!!already:false
@!!END

@!!BEGIN
@!!type:obligation
@!!id:2136
@!!loc:1539:37:1539:41
@!!status:trivial
@!!prover:tlapm
@!!already:false
@!!END

@!!BEGIN
@!!type:obligation
@!!id:2137
@!!loc:1539:43:1539:47
@!!status:trivial
@!!prover:tlapm
@!!already:false
@!!END

@!!BEGIN
@!!type:obligation
@!!id:2138
@!!loc:1539:49:1539:53
@!!status:trivial
@!!prover:tlapm
@!!already:false
@!!END

@!!BEGIN
@!!type:obligation
@!!id:2139
@!!loc:1539:55:1539:60
@!!status:trivial
@!!prover:tlapm
@!!already:false
@!!END

@!!BEGIN
@!!type:obligation
@!!id:2140
@!!loc:1489:17:1489:19
@!!status:proved
@!!prover:smt
@!!meth:time-limit: 60
@!!already:true
@!!END

@!!BEGIN
@!!type:obligation
@!!id:2141
@!!loc:1490:14:1490:16
@!!status:proved
@!!prover:smt
@!!meth:time-limit: 60
@!!already:true
@!!END

@!!BEGIN
@!!type:obligation
@!!id:2142
@!!loc:1490:17:1490:21
@!!status:trivial
@!!prover:tlapm
@!!already:false
@!!END

@!!BEGIN
@!!type:obligation
@!!id:2143
@!!loc:1491:73:1491:75
@!!status:proved
@!!prover:smt
@!!meth:time-limit: 60
@!!already:true
@!!END

@!!BEGIN
@!!type:obligation
@!!id:2144
@!!loc:1492:34:1492:36
@!!status:proved
@!!prover:smt
@!!meth:time-limit: 60
@!!already:true
@!!END

@!!BEGIN
@!!type:obligation
@!!id:2145
@!!loc:1492:37:1492:41
@!!status:trivial
@!!prover:tlapm
@!!already:false
@!!END

@!!BEGIN
@!!type:obligation
@!!id:2146
@!!loc:1493:59:1493:61
@!!status:proved
@!!prover:smt
@!!meth:time-limit: 60
@!!already:true
@!!END

@!!BEGIN
@!!type:obligation
@!!id:2147
@!!loc:1493:62:1493:66
@!!status:trivial
@!!prover:tlapm
@!!already:false
@!!END

@!!BEGIN
@!!type:obligation
@!!id:2148
@!!loc:1499:3:1499:5
@!!status:proved
@!!prover:smt
@!!meth:time-limit: 60
@!!already:true
@!!END

@!!BEGIN
@!!type:obligation
@!!id:2149
@!!loc:1499:6:1499:10
@!!status:trivial
@!!prover:tlapm
@!!already:false
@!!END

@!!BEGIN
@!!type:obligation
@!!id:2150
@!!loc:1499:12:1499:24
@!!status:trivial
@!!prover:tlapm
@!!already:false
@!!END

@!!BEGIN
@!!type:obligation
@!!id:2151
@!!loc:1500:18:1500:20
@!!status:proved
@!!prover:smt
@!!meth:time-limit: 60
@!!already:true
@!!END

@!!BEGIN
@!!type:obligation
@!!id:2152
@!!loc:1500:21:1500:25
@!!status:trivial
@!!prover:tlapm
@!!already:false
@!!END

@!!BEGIN
@!!type:obligation
@!!id:2153
@!!loc:1500:27:1500:40
@!!status:trivial
@!!prover:tlapm
@!!already:false
@!!END

@!!BEGIN
@!!type:obligation
@!!id:2155
@!!loc:1502:24:1502:26
@!!status:proved
@!!prover:smt
@!!meth:time-limit: 60; time-used: 0.3 (1%)
@!!already:false
@!!END

@!!BEGIN
@!!type:obligation
@!!id:2154
@!!loc:1501:44:1501:46
@!!status:proved
@!!prover:smt
@!!meth:time-limit: 60; time-used: 0.6 (1%)
@!!already:false
@!!END

@!!BEGIN
@!!type:obligation
@!!id:2127
@!!loc:1483:17:1483:19
@!!status:proved
@!!prover:smt
@!!meth:time-limit: 60; time-used: 2.3 (4%)
@!!already:false
@!!END

@!!BEGIN
@!!type:obligation
@!!id:2157
@!!loc:1504:72:1504:74
@!!status:proved
@!!prover:smt
@!!meth:time-limit: 60
@!!already:true
@!!END

@!!BEGIN
@!!type:obligation
@!!id:2158
@!!loc:1504:75:1504:79
@!!status:trivial
@!!prover:tlapm
@!!already:false
@!!END

@!!BEGIN
@!!type:obligation
@!!id:2159
@!!loc:1504:81:1504:85
@!!status:trivial
@!!prover:tlapm
@!!already:false
@!!END

@!!BEGIN
@!!type:obligation
@!!id:2160
@!!loc:1504:87:1504:95
@!!status:trivial
@!!prover:tlapm
@!!already:false
@!!END

@!!BEGIN
@!!type:obligation
@!!id:2161
@!!loc:1518:3:1518:5
@!!status:proved
@!!prover:smt
@!!meth:time-limit: 60; time-used: 0.7 (1%)
@!!already:false
@!!END

@!!BEGIN
@!!type:obligation
@!!id:2156
@!!loc:1503:13:1503:15
@!!status:proved
@!!prover:smt
@!!meth:time-limit: 60; time-used: 3.0 (5%)
@!!already:false
@!!END

@!!BEGIN
@!!type:obligation
@!!id:2163
@!!loc:1519:103:1519:107
@!!status:trivial
@!!prover:tlapm
@!!already:false
@!!END

@!!BEGIN
@!!type:obligation
@!!id:2164
@!!loc:1519:109:1519:113
@!!status:trivial
@!!prover:tlapm
@!!already:false
@!!END

@!!BEGIN
@!!type:obligation
@!!id:2165
@!!loc:1520:33:1520:35
@!!status:proved
@!!prover:smt
@!!meth:time-limit: 60
@!!already:true
@!!END

@!!BEGIN
@!!type:obligation
@!!id:2166
@!!loc:1520:36:1520:40
@!!status:trivial
@!!prover:tlapm
@!!already:false
@!!END

@!!BEGIN
@!!type:obligation
@!!id:2167
@!!loc:1520:42:1520:46
@!!status:trivial
@!!prover:tlapm
@!!already:false
@!!END

@!!BEGIN
@!!type:obligation
@!!id:2168
@!!loc:1520:48:1520:52
@!!status:trivial
@!!prover:tlapm
@!!already:false
@!!END

@!!BEGIN
@!!type:obligation
@!!id:2169
@!!loc:1520:54:1520:59
@!!status:trivial
@!!prover:tlapm
@!!already:false
@!!END

@!!BEGIN
@!!type:obligation
@!!id:2170
@!!loc:1520:61:1520:65
@!!status:trivial
@!!prover:tlapm
@!!already:false
@!!END

@!!BEGIN
@!!type:obligation
@!!id:2171
@!!loc:1520:67:1520:78
@!!status:trivial
@!!prover:tlapm
@!!already:false
@!!END

@!!BEGIN
@!!type:obligation
@!!id:2173
@!!loc:1521:102:1521:106
@!!status:trivial
@!!prover:tlapm
@!!already:false
@!!END

@!!BEGIN
@!!type:obligation
@!!id:2174
@!!loc:1521:108:1521:112
@!!status:trivial
@!!prover:tlapm
@!!already:false
@!!END

@!!BEGIN
@!!type:obligation
@!!id:2175
@!!loc:1522:14:1522:16
@!!status:proved
@!!prover:smt
@!!meth:time-limit: 60
@!!already:true
@!!END

@!!BEGIN
@!!type:obligation
@!!id:2176
@!!loc:1522:17:1522:21
@!!status:trivial
@!!prover:tlapm
@!!already:false
@!!END

@!!BEGIN
@!!type:obligation
@!!id:2177
@!!loc:1522:23:1522:27
@!!status:trivial
@!!prover:tlapm
@!!already:false
@!!END

@!!BEGIN
@!!type:obligation
@!!id:2178
@!!loc:1522:29:1522:34
@!!status:trivial
@!!prover:tlapm
@!!already:false
@!!END

@!!BEGIN
@!!type:obligation
@!!id:2179
@!!loc:1522:36:1522:46
@!!status:trivial
@!!prover:tlapm
@!!already:false
@!!END

@!!BEGIN
@!!type:obligation
@!!id:2181
@!!loc:1523:119:1523:123
@!!status:trivial
@!!prover:tlapm
@!!already:false
@!!END

@!!BEGIN
@!!type:obligation
@!!id:2182
@!!loc:1523:125:1523:129
@!!status:trivial
@!!prover:tlapm
@!!already:false
@!!END

@!!BEGIN
@!!type:obligation
@!!id:2183
@!!loc:1524:13:1524:15
@!!status:proved
@!!prover:smt
@!!meth:time-limit: 60
@!!already:true
@!!END

@!!BEGIN
@!!type:obligation
@!!id:2184
@!!loc:1524:16:1524:20
@!!status:trivial
@!!prover:tlapm
@!!already:false
@!!END

@!!BEGIN
@!!type:obligation
@!!id:2185
@!!loc:1524:22:1524:26
@!!status:trivial
@!!prover:tlapm
@!!already:false
@!!END

@!!BEGIN
@!!type:obligation
@!!id:2180
@!!loc:1523:116:1523:118
@!!status:proved
@!!prover:smt
@!!meth:time-limit: 60; time-used: 0.3 (1%)
@!!already:false
@!!END

@!!BEGIN
@!!type:obligation
@!!id:2172
@!!loc:1521:99:1521:101
@!!status:proved
@!!prover:smt
@!!meth:time-limit: 60; time-used: 1.3 (2%)
@!!already:false
@!!END

@!!BEGIN
@!!type:obligation
@!!id:2162
@!!loc:1519:100:1519:102
@!!status:proved
@!!prover:smt
@!!meth:time-limit: 60; time-used: 3.0 (5%)
@!!already:false
@!!END

@!!BEGIN
@!!type:obligation
@!!id:2186
@!!loc:1524:28:1524:33
@!!status:trivial
@!!prover:tlapm
@!!already:false
@!!END

@!!BEGIN
@!!type:obligation
@!!id:2187
@!!loc:1524:35:1524:44
@!!status:trivial
@!!prover:tlapm
@!!already:false
@!!END

@!!BEGIN
@!!type:obligation
@!!id:2189
@!!loc:1525:151:1525:155
@!!status:trivial
@!!prover:tlapm
@!!already:false
@!!END

@!!BEGIN
@!!type:obligation
@!!id:2190
@!!loc:1525:157:1525:161
@!!status:trivial
@!!prover:tlapm
@!!already:false
@!!END

@!!BEGIN
@!!type:obligation
@!!id:2191
@!!loc:1526:12:1526:14
@!!status:proved
@!!prover:smt
@!!meth:time-limit: 60
@!!already:true
@!!END

@!!BEGIN
@!!type:obligation
@!!id:2192
@!!loc:1526:15:1526:19
@!!status:trivial
@!!prover:tlapm
@!!already:false
@!!END

@!!BEGIN
@!!type:obligation
@!!id:2193
@!!loc:1526:21:1526:25
@!!status:trivial
@!!prover:tlapm
@!!already:false
@!!END

@!!BEGIN
@!!type:obligation
@!!id:2194
@!!loc:1526:27:1526:32
@!!status:trivial
@!!prover:tlapm
@!!already:false
@!!END

@!!BEGIN
@!!type:obligation
@!!id:2195
@!!loc:1526:34:1526:42
@!!status:trivial
@!!prover:tlapm
@!!already:false
@!!END

@!!BEGIN
@!!type:obligation
@!!id:2197
@!!loc:1527:66:1527:70
@!!status:trivial
@!!prover:tlapm
@!!already:false
@!!END

@!!BEGIN
@!!type:obligation
@!!id:2198
@!!loc:1527:72:1527:76
@!!status:trivial
@!!prover:tlapm
@!!already:false
@!!END

@!!BEGIN
@!!type:obligation
@!!id:2199
@!!loc:1528:12:1528:14
@!!status:proved
@!!prover:smt
@!!meth:time-limit: 60
@!!already:true
@!!END

@!!BEGIN
@!!type:obligation
@!!id:2200
@!!loc:1528:15:1528:19
@!!status:trivial
@!!prover:tlapm
@!!already:false
@!!END

@!!BEGIN
@!!type:obligation
@!!id:2201
@!!loc:1528:21:1528:25
@!!status:trivial
@!!prover:tlapm
@!!already:false
@!!END

@!!BEGIN
@!!type:obligation
@!!id:2202
@!!loc:1528:27:1528:32
@!!status:trivial
@!!prover:tlapm
@!!already:false
@!!END

@!!BEGIN
@!!type:obligation
@!!id:2203
@!!loc:1528:34:1528:42
@!!status:trivial
@!!prover:tlapm
@!!already:false
@!!END

@!!BEGIN
@!!type:obligation
@!!id:2196
@!!loc:1527:63:1527:65
@!!status:proved
@!!prover:smt
@!!meth:time-limit: 60; time-used: 1.6 (3%)
@!!already:false
@!!END

@!!BEGIN
@!!type:obligation
@!!id:2188
@!!loc:1525:148:1525:150
@!!status:proved
@!!prover:smt
@!!meth:time-limit: 60; time-used: 3.2 (5%)
@!!already:false
@!!END

@!!BEGIN
@!!type:obligation
@!!id:2205
@!!loc:1532:6:1532:10
@!!status:trivial
@!!prover:tlapm
@!!already:false
@!!END

@!!BEGIN
@!!type:obligation
@!!id:2206
@!!loc:1532:12:1532:16
@!!status:trivial
@!!prover:tlapm
@!!already:false
@!!END

@!!BEGIN
@!!type:obligation
@!!id:2208
@!!loc:1535:6:1535:10
@!!status:trivial
@!!prover:tlapm
@!!already:false
@!!END

@!!BEGIN
@!!type:obligation
@!!id:2209
@!!loc:1535:12:1535:16
@!!status:trivial
@!!prover:tlapm
@!!already:false
@!!END

@!!BEGIN
@!!type:obligation
@!!id:2210
@!!loc:1535:18:1535:22
@!!status:trivial
@!!prover:tlapm
@!!already:false
@!!END

@!!BEGIN
@!!type:obligation
@!!id:2211
@!!loc:1536:16:1536:18
@!!status:proved
@!!prover:smt
@!!meth:time-limit: 60
@!!already:true
@!!END

@!!BEGIN
@!!type:obligation
@!!id:2212
@!!loc:1536:19:1536:23
@!!status:trivial
@!!prover:tlapm
@!!already:false
@!!END

@!!BEGIN
@!!type:obligation
@!!id:2213
@!!loc:1536:25:1536:29
@!!status:trivial
@!!prover:tlapm
@!!already:false
@!!END

@!!BEGIN
@!!type:obligation
@!!id:2214
@!!loc:1536:31:1536:36
@!!status:trivial
@!!prover:tlapm
@!!already:false
@!!END

@!!BEGIN
@!!type:obligation
@!!id:2215
@!!loc:1536:38:1536:43
@!!status:trivial
@!!prover:tlapm
@!!already:false
@!!END

@!!BEGIN
@!!type:obligation
@!!id:2216
@!!loc:1536:45:1536:58
@!!status:trivial
@!!prover:tlapm
@!!already:false
@!!END

@!!BEGIN
@!!type:obligation
@!!id:2218
@!!loc:1537:116:1537:120
@!!status:trivial
@!!prover:tlapm
@!!already:false
@!!END

@!!BEGIN
@!!type:obligation
@!!id:2217
@!!loc:1537:113:1537:115
@!!status:proved
@!!prover:smt
@!!meth:time-limit: 60; time-used: 0.1 (0%)
@!!already:false
@!!END

@!!BEGIN
@!!type:obligation
@!!id:2207
@!!loc:1535:3:1535:5
@!!status:proved
@!!prover:smt
@!!meth:time-limit: 60; time-used: 1.7 (3%)
@!!already:false
@!!END

@!!BEGIN
@!!type:obligation
@!!id:2204
@!!loc:1532:3:1532:5
@!!status:proved
@!!prover:smt
@!!meth:time-limit: 60; time-used: 3.0 (5%)
@!!already:false
@!!END

@!!BEGIN
@!!type:obligation
@!!id:2219
@!!loc:1538:17:1538:19
@!!status:proved
@!!prover:smt
@!!meth:time-limit: 60
@!!already:true
@!!END

@!!BEGIN
@!!type:obligation
@!!id:2220
@!!loc:1538:20:1538:24
@!!status:trivial
@!!prover:tlapm
@!!already:false
@!!END

@!!BEGIN
@!!type:obligation
@!!id:2221
@!!loc:1538:26:1538:32
@!!status:trivial
@!!prover:tlapm
@!!already:false
@!!END

@!!BEGIN
@!!type:obligation
@!!id:2222
@!!loc:1538:34:1538:45
@!!status:trivial
@!!prover:tlapm
@!!already:false
@!!END

@!!BEGIN
@!!type:obligation
@!!id:2224
@!!loc:1591:13:1591:17
@!!status:trivial
@!!prover:tlapm
@!!already:false
@!!END

@!!BEGIN
@!!type:obligation
@!!id:2225
@!!loc:1591:19:1591:23
@!!status:trivial
@!!prover:tlapm
@!!already:false
@!!END

@!!BEGIN
@!!type:obligation
@!!id:2226
@!!loc:1591:25:1591:29
@!!status:trivial
@!!prover:tlapm
@!!already:false
@!!END

@!!BEGIN
@!!type:obligation
@!!id:2227
@!!loc:1591:31:1591:35
@!!status:trivial
@!!prover:tlapm
@!!already:false
@!!END

@!!BEGIN
@!!type:obligation
@!!id:2228
@!!loc:1591:37:1591:41
@!!status:trivial
@!!prover:tlapm
@!!already:false
@!!END

@!!BEGIN
@!!type:obligation
@!!id:2229
@!!loc:1591:43:1591:47
@!!status:trivial
@!!prover:tlapm
@!!already:false
@!!END

@!!BEGIN
@!!type:obligation
@!!id:2230
@!!loc:1591:49:1591:53
@!!status:trivial
@!!prover:tlapm
@!!already:false
@!!END

@!!BEGIN
@!!type:obligation
@!!id:2231
@!!loc:1591:55:1591:60
@!!status:trivial
@!!prover:tlapm
@!!already:false
@!!END

@!!BEGIN
@!!type:obligation
@!!id:2234
@!!loc:1545:17:1545:21
@!!status:trivial
@!!prover:tlapm
@!!already:false
@!!END

@!!BEGIN
@!!type:obligation
@!!id:2233
@!!loc:1545:14:1545:16
@!!status:proved
@!!prover:smt
@!!meth:time-limit: 60; time-used: 0.4 (1%)
@!!already:false
@!!END

@!!BEGIN
@!!type:obligation
@!!id:2232
@!!loc:1544:17:1544:19
@!!status:proved
@!!prover:smt
@!!meth:time-limit: 60; time-used: 0.7 (1%)
@!!already:false
@!!END

@!!BEGIN
@!!type:obligation
@!!id:2223
@!!loc:1591:10:1591:12
@!!status:proved
@!!prover:smt
@!!meth:time-limit: 60; time-used: 1.6 (3%)
@!!already:false
@!!END

@!!BEGIN
@!!type:obligation
@!!id:2237
@!!loc:1547:37:1547:41
@!!status:trivial
@!!prover:tlapm
@!!already:false
@!!END

@!!BEGIN
@!!type:obligation
@!!id:2239
@!!loc:1548:62:1548:66
@!!status:trivial
@!!prover:tlapm
@!!already:false
@!!END

@!!BEGIN
@!!type:obligation
@!!id:2238
@!!loc:1548:59:1548:61
@!!status:proved
@!!prover:smt
@!!meth:time-limit: 60; time-used: 2.9 (5%)
@!!already:false
@!!END

@!!BEGIN
@!!type:obligation
@!!id:2236
@!!loc:1547:34:1547:36
@!!status:proved
@!!prover:smt
@!!meth:time-limit: 60; time-used: 3.2 (5%)
@!!already:false
@!!END

@!!BEGIN
@!!type:obligation
@!!id:2235
@!!loc:1546:73:1546:75
@!!status:proved
@!!prover:smt
@!!meth:time-limit: 60; time-used: 3.5 (6%)
@!!already:false
@!!END

@!!BEGIN
@!!type:obligation
@!!id:2241
@!!loc:1554:6:1554:10
@!!status:trivial
@!!prover:tlapm
@!!already:false
@!!END

@!!BEGIN
@!!type:obligation
@!!id:2242
@!!loc:1554:12:1554:24
@!!status:trivial
@!!prover:tlapm
@!!already:false
@!!END

@!!BEGIN
@!!type:obligation
@!!id:2244
@!!loc:1555:21:1555:25
@!!status:trivial
@!!prover:tlapm
@!!already:false
@!!END

@!!BEGIN
@!!type:obligation
@!!id:2245
@!!loc:1555:27:1555:42
@!!status:trivial
@!!prover:tlapm
@!!already:false
@!!END

@!!BEGIN
@!!type:obligation
@!!id:2247
@!!loc:1556:28:1556:32
@!!status:trivial
@!!prover:tlapm
@!!already:false
@!!END

@!!BEGIN
@!!type:obligation
@!!id:2246
@!!loc:1556:25:1556:27
@!!status:proved
@!!prover:smt
@!!meth:time-limit: 60; time-used: 2.0 (3%)
@!!already:false
@!!END

@!!BEGIN
@!!type:obligation
@!!id:2243
@!!loc:1555:18:1555:20
@!!status:proved
@!!prover:smt
@!!meth:time-limit: 60; time-used: 2.6 (4%)
@!!already:false
@!!END

@!!BEGIN
@!!type:obligation
@!!id:2240
@!!loc:1554:3:1554:5
@!!status:proved
@!!prover:smt
@!!meth:time-limit: 60; time-used: 3.1 (5%)
@!!already:false
@!!END

@!!BEGIN
@!!type:obligation
@!!id:2249
@!!loc:1559:6:1559:10
@!!status:trivial
@!!prover:tlapm
@!!already:false
@!!END

@!!BEGIN
@!!type:obligation
@!!id:2252
@!!loc:1561:24:1561:26
@!!status:proved
@!!prover:smt
@!!meth:time-limit: 60; time-used: 0.2 (0%)
@!!already:false
@!!END

@!!BEGIN
@!!type:obligation
@!!id:2250
@!!loc:1560:66:1560:68
@!!status:proved
@!!prover:smt
@!!meth:time-limit: 60; time-used: 0.4 (1%)
@!!already:false
@!!END

@!!BEGIN
@!!type:obligation
@!!id:2248
@!!loc:1559:3:1559:5
@!!status:proved
@!!prover:smt
@!!meth:time-limit: 60; time-used: 0.6 (1%)
@!!already:false
@!!END

@!!BEGIN
@!!type:obligation
@!!id:2255
@!!loc:1563:77:1563:81
@!!status:trivial
@!!prover:tlapm
@!!already:false
@!!END

@!!BEGIN
@!!type:obligation
@!!id:2256
@!!loc:1563:83:1563:87
@!!status:trivial
@!!prover:tlapm
@!!already:false
@!!END

@!!BEGIN
@!!type:obligation
@!!id:2257
@!!loc:1563:89:1563:97
@!!status:trivial
@!!prover:tlapm
@!!already:false
@!!END

@!!BEGIN
@!!type:obligation
@!!id:2258
@!!loc:1577:3:1577:5
@!!status:proved
@!!prover:smt
@!!meth:time-limit: 60; time-used: 0.5 (1%)
@!!already:false
@!!END

@!!BEGIN
@!!type:obligation
@!!id:2254
@!!loc:1563:74:1563:76
@!!status:proved
@!!prover:smt
@!!meth:time-limit: 60; time-used: 3.2 (5%)
@!!already:false
@!!END

@!!BEGIN
@!!type:obligation
@!!id:2253
@!!loc:1562:23:1562:25
@!!status:proved
@!!prover:smt
@!!meth:time-limit: 60; time-used: 3.4 (6%)
@!!already:false
@!!END

@!!BEGIN
@!!type:obligation
@!!id:2260
@!!loc:1578:107:1578:111
@!!status:trivial
@!!prover:tlapm
@!!already:false
@!!END

@!!BEGIN
@!!type:obligation
@!!id:2262
@!!loc:1579:36:1579:40
@!!status:trivial
@!!prover:tlapm
@!!already:false
@!!END

@!!BEGIN
@!!type:obligation
@!!id:2263
@!!loc:1579:42:1579:46
@!!status:trivial
@!!prover:tlapm
@!!already:false
@!!END

@!!BEGIN
@!!type:obligation
@!!id:2264
@!!loc:1579:48:1579:52
@!!status:trivial
@!!prover:tlapm
@!!already:false
@!!END

@!!BEGIN
@!!type:obligation
@!!id:2265
@!!loc:1579:54:1579:59
@!!status:trivial
@!!prover:tlapm
@!!already:false
@!!END

@!!BEGIN
@!!type:obligation
@!!id:2266
@!!loc:1579:61:1579:65
@!!status:trivial
@!!prover:tlapm
@!!already:false
@!!END

@!!BEGIN
@!!type:obligation
@!!id:2267
@!!loc:1579:67:1579:78
@!!status:trivial
@!!prover:tlapm
@!!already:false
@!!END

@!!BEGIN
@!!type:obligation
@!!id:2269
@!!loc:1580:108:1580:112
@!!status:trivial
@!!prover:tlapm
@!!already:false
@!!END

@!!BEGIN
@!!type:obligation
@!!id:2270
@!!loc:1580:114:1580:118
@!!status:trivial
@!!prover:tlapm
@!!already:false
@!!END

@!!BEGIN
@!!type:obligation
@!!id:2268
@!!loc:1580:105:1580:107
@!!status:proved
@!!prover:smt
@!!meth:time-limit: 60; time-used: 0.6 (1%)
@!!already:false
@!!END

@!!BEGIN
@!!type:obligation
@!!id:2261
@!!loc:1579:33:1579:35
@!!status:proved
@!!prover:smt
@!!meth:time-limit: 60; time-used: 1.7 (3%)
@!!already:false
@!!END

@!!BEGIN
@!!type:obligation
@!!id:2259
@!!loc:1578:104:1578:106
@!!status:proved
@!!prover:smt
@!!meth:time-limit: 60; time-used: 2.0 (3%)
@!!already:false
@!!END

@!!BEGIN
@!!type:obligation
@!!id:2272
@!!loc:1581:17:1581:21
@!!status:trivial
@!!prover:tlapm
@!!already:false
@!!END

@!!BEGIN
@!!type:obligation
@!!id:2273
@!!loc:1581:23:1581:27
@!!status:trivial
@!!prover:tlapm
@!!already:false
@!!END

@!!BEGIN
@!!type:obligation
@!!id:2274
@!!loc:1581:29:1581:34
@!!status:trivial
@!!prover:tlapm
@!!already:false
@!!END

@!!BEGIN
@!!type:obligation
@!!id:2275
@!!loc:1581:36:1581:46
@!!status:trivial
@!!prover:tlapm
@!!already:false
@!!END

@!!BEGIN
@!!type:obligation
@!!id:2277
@!!loc:1582:127:1582:131
@!!status:trivial
@!!prover:tlapm
@!!already:false
@!!END

@!!BEGIN
@!!type:obligation
@!!id:2278
@!!loc:1582:133:1582:137
@!!status:trivial
@!!prover:tlapm
@!!already:false
@!!END

@!!BEGIN
@!!type:obligation
@!!id:2280
@!!loc:1583:16:1583:20
@!!status:trivial
@!!prover:tlapm
@!!already:false
@!!END

@!!BEGIN
@!!type:obligation
@!!id:2281
@!!loc:1583:22:1583:26
@!!status:trivial
@!!prover:tlapm
@!!already:false
@!!END

@!!BEGIN
@!!type:obligation
@!!id:2282
@!!loc:1583:28:1583:33
@!!status:trivial
@!!prover:tlapm
@!!already:false
@!!END

@!!BEGIN
@!!type:obligation
@!!id:2283
@!!loc:1583:35:1583:44
@!!status:trivial
@!!prover:tlapm
@!!already:false
@!!END

@!!BEGIN
@!!type:obligation
@!!id:2279
@!!loc:1583:13:1583:15
@!!status:proved
@!!prover:smt
@!!meth:time-limit: 60; time-used: 1.2 (2%)
@!!already:false
@!!END

@!!BEGIN
@!!type:obligation
@!!id:2276
@!!loc:1582:124:1582:126
@!!status:proved
@!!prover:smt
@!!meth:time-limit: 60; time-used: 1.5 (3%)
@!!already:false
@!!END

@!!BEGIN
@!!type:obligation
@!!id:2271
@!!loc:1581:14:1581:16
@!!status:proved
@!!prover:smt
@!!meth:time-limit: 60; time-used: 2.7 (5%)
@!!already:false
@!!END

@!!BEGIN
@!!type:obligation
@!!id:2285
@!!loc:1584:159:1584:163
@!!status:trivial
@!!prover:tlapm
@!!already:false
@!!END

@!!BEGIN
@!!type:obligation
@!!id:2286
@!!loc:1584:165:1584:169
@!!status:trivial
@!!prover:tlapm
@!!already:false
@!!END

@!!BEGIN
@!!type:obligation
@!!id:2288
@!!loc:1585:15:1585:19
@!!status:trivial
@!!prover:tlapm
@!!already:false
@!!END

@!!BEGIN
@!!type:obligation
@!!id:2289
@!!loc:1585:21:1585:25
@!!status:trivial
@!!prover:tlapm
@!!already:false
@!!END

@!!BEGIN
@!!type:obligation
@!!id:2290
@!!loc:1585:27:1585:32
@!!status:trivial
@!!prover:tlapm
@!!already:false
@!!END

@!!BEGIN
@!!type:obligation
@!!id:2291
@!!loc:1585:34:1585:42
@!!status:trivial
@!!prover:tlapm
@!!already:false
@!!END

@!!BEGIN
@!!type:obligation
@!!id:2293
@!!loc:1586:70:1586:74
@!!status:trivial
@!!prover:tlapm
@!!already:false
@!!END

@!!BEGIN
@!!type:obligation
@!!id:2292
@!!loc:1586:67:1586:69
@!!status:proved
@!!prover:smt
@!!meth:time-limit: 60; time-used: 0.3 (1%)
@!!already:false
@!!END

@!!BEGIN
@!!type:obligation
@!!id:2287
@!!loc:1585:12:1585:14
@!!status:proved
@!!prover:smt
@!!meth:time-limit: 60; time-used: 1.7 (3%)
@!!already:false
@!!END

@!!BEGIN
@!!type:obligation
@!!id:2284
@!!loc:1584:156:1584:158
@!!status:proved
@!!prover:smt
@!!meth:time-limit: 60; time-used: 2.2 (4%)
@!!already:false
@!!END

@!!BEGIN
@!!type:obligation
@!!id:2295
@!!loc:1587:15:1587:19
@!!status:trivial
@!!prover:tlapm
@!!already:false
@!!END

@!!BEGIN
@!!type:obligation
@!!id:2296
@!!loc:1587:21:1587:25
@!!status:trivial
@!!prover:tlapm
@!!already:false
@!!END

@!!BEGIN
@!!type:obligation
@!!id:2297
@!!loc:1587:27:1587:32
@!!status:trivial
@!!prover:tlapm
@!!already:false
@!!END

@!!BEGIN
@!!type:obligation
@!!id:2298
@!!loc:1587:34:1587:42
@!!status:trivial
@!!prover:tlapm
@!!already:false
@!!END

@!!BEGIN
@!!type:obligation
@!!id:2300
@!!loc:1588:19:1588:23
@!!status:trivial
@!!prover:tlapm
@!!already:false
@!!END

@!!BEGIN
@!!type:obligation
@!!id:2301
@!!loc:1588:25:1588:29
@!!status:trivial
@!!prover:tlapm
@!!already:false
@!!END

@!!BEGIN
@!!type:obligation
@!!id:2302
@!!loc:1588:31:1588:35
@!!status:trivial
@!!prover:tlapm
@!!already:false
@!!END

@!!BEGIN
@!!type:obligation
@!!id:2303
@!!loc:1588:37:1588:41
@!!status:trivial
@!!prover:tlapm
@!!already:false
@!!END

@!!BEGIN
@!!type:obligation
@!!id:2304
@!!loc:1588:43:1588:55
@!!status:trivial
@!!prover:tlapm
@!!already:false
@!!END

@!!BEGIN
@!!type:obligation
@!!id:2306
@!!loc:1589:120:1589:124
@!!status:trivial
@!!prover:tlapm
@!!already:false
@!!END

@!!BEGIN
@!!type:obligation
@!!id:2305
@!!loc:1589:117:1589:119
@!!status:proved
@!!prover:smt
@!!meth:time-limit: 60; time-used: 0.6 (1%)
@!!already:false
@!!END

@!!BEGIN
@!!type:obligation
@!!id:2299
@!!loc:1588:16:1588:18
@!!status:proved
@!!prover:smt
@!!meth:time-limit: 60; time-used: 1.6 (3%)
@!!already:false
@!!END

@!!BEGIN
@!!type:obligation
@!!id:2294
@!!loc:1587:12:1587:14
@!!status:proved
@!!prover:smt
@!!meth:time-limit: 60; time-used: 3.2 (5%)
@!!already:false
@!!END

@!!BEGIN
@!!type:obligation
@!!id:2308
@!!loc:1590:20:1590:24
@!!status:trivial
@!!prover:tlapm
@!!already:false
@!!END

@!!BEGIN
@!!type:obligation
@!!id:2309
@!!loc:1590:26:1590:32
@!!status:trivial
@!!prover:tlapm
@!!already:false
@!!END

@!!BEGIN
@!!type:obligation
@!!id:2310
@!!loc:1590:34:1590:45
@!!status:trivial
@!!prover:tlapm
@!!already:false
@!!END

@!!BEGIN
@!!type:obligation
@!!id:2312
@!!loc:1687:13:1687:17
@!!status:trivial
@!!prover:tlapm
@!!already:false
@!!END

@!!BEGIN
@!!type:obligation
@!!id:2313
@!!loc:1687:19:1687:23
@!!status:trivial
@!!prover:tlapm
@!!already:false
@!!END

@!!BEGIN
@!!type:obligation
@!!id:2314
@!!loc:1596:17:1596:19
@!!status:proved
@!!prover:smt
@!!meth:time-limit: 60
@!!already:true
@!!END

@!!BEGIN
@!!type:obligation
@!!id:2315
@!!loc:1597:14:1597:16
@!!status:proved
@!!prover:smt
@!!meth:time-limit: 60
@!!already:true
@!!END

@!!BEGIN
@!!type:obligation
@!!id:2316
@!!loc:1597:17:1597:21
@!!status:trivial
@!!prover:tlapm
@!!already:false
@!!END

@!!BEGIN
@!!type:obligation
@!!id:2317
@!!loc:1598:73:1598:75
@!!status:proved
@!!prover:smt
@!!meth:time-limit: 60
@!!already:true
@!!END

@!!BEGIN
@!!type:obligation
@!!id:2318
@!!loc:1599:34:1599:36
@!!status:proved
@!!prover:smt
@!!meth:time-limit: 60
@!!already:true
@!!END

@!!BEGIN
@!!type:obligation
@!!id:2319
@!!loc:1599:37:1599:41
@!!status:trivial
@!!prover:tlapm
@!!already:false
@!!END

@!!BEGIN
@!!type:obligation
@!!id:2320
@!!loc:1600:59:1600:61
@!!status:proved
@!!prover:smt
@!!meth:time-limit: 60
@!!already:true
@!!END

@!!BEGIN
@!!type:obligation
@!!id:2321
@!!loc:1600:62:1600:66
@!!status:trivial
@!!prover:tlapm
@!!already:false
@!!END

@!!BEGIN
@!!type:obligation
@!!id:2322
@!!loc:1606:3:1606:5
@!!status:proved
@!!prover:smt
@!!meth:time-limit: 60
@!!already:true
@!!END

@!!BEGIN
@!!type:obligation
@!!id:2323
@!!loc:1606:6:1606:10
@!!status:trivial
@!!prover:tlapm
@!!already:false
@!!END

@!!BEGIN
@!!type:obligation
@!!id:2324
@!!loc:1606:12:1606:24
@!!status:trivial
@!!prover:tlapm
@!!already:false
@!!END

@!!BEGIN
@!!type:obligation
@!!id:2325
@!!loc:1607:18:1607:20
@!!status:proved
@!!prover:smt
@!!meth:time-limit: 60
@!!already:true
@!!END

@!!BEGIN
@!!type:obligation
@!!id:2326
@!!loc:1607:21:1607:25
@!!status:trivial
@!!prover:tlapm
@!!already:false
@!!END

@!!BEGIN
@!!type:obligation
@!!id:2327
@!!loc:1607:27:1607:41
@!!status:trivial
@!!prover:tlapm
@!!already:false
@!!END

@!!BEGIN
@!!type:obligation
@!!id:2328
@!!loc:1608:57:1608:59
@!!status:proved
@!!prover:smt
@!!meth:time-limit: 60; time-used: 0.3 (0%)
@!!already:false
@!!END

@!!BEGIN
@!!type:obligation
@!!id:2311
@!!loc:1687:10:1687:12
@!!status:proved
@!!prover:smt
@!!meth:time-limit: 60; time-used: 1.2 (2%)
@!!already:false
@!!END

@!!BEGIN
@!!type:obligation
@!!id:2307
@!!loc:1590:17:1590:19
@!!status:proved
@!!prover:smt
@!!meth:time-limit: 60; time-used: 2.0 (3%)
@!!already:false
@!!END

@!!BEGIN
@!!type:obligation
@!!id:2331
@!!loc:1649:15:1649:19
@!!status:trivial
@!!prover:tlapm
@!!already:false
@!!END

@!!BEGIN
@!!type:obligation
@!!id:2332
@!!loc:1649:21:1649:25
@!!status:trivial
@!!prover:tlapm
@!!already:false
@!!END

@!!BEGIN
@!!type:obligation
@!!id:2333
@!!loc:1649:27:1649:31
@!!status:trivial
@!!prover:tlapm
@!!already:false
@!!END

@!!BEGIN
@!!type:obligation
@!!id:2334
@!!loc:1649:33:1649:37
@!!status:trivial
@!!prover:tlapm
@!!already:false
@!!END

@!!BEGIN
@!!type:obligation
@!!id:2335
@!!loc:1649:39:1649:43
@!!status:trivial
@!!prover:tlapm
@!!already:false
@!!END

@!!BEGIN
@!!type:obligation
@!!id:2336
@!!loc:1649:45:1649:49
@!!status:trivial
@!!prover:tlapm
@!!already:false
@!!END

@!!BEGIN
@!!type:obligation
@!!id:2337
@!!loc:1649:51:1649:55
@!!status:trivial
@!!prover:tlapm
@!!already:false
@!!END

@!!BEGIN
@!!type:obligation
@!!id:2338
@!!loc:1649:57:1649:62
@!!status:trivial
@!!prover:tlapm
@!!already:false
@!!END

@!!BEGIN
@!!type:obligation
@!!id:2340
@!!loc:1611:52:1611:56
@!!status:trivial
@!!prover:tlapm
@!!already:false
@!!END

@!!BEGIN
@!!type:obligation
@!!id:2339
@!!loc:1611:49:1611:51
@!!status:proved
@!!prover:smt
@!!meth:time-limit: 60; time-used: 0.6 (1%)
@!!already:false
@!!END

@!!BEGIN
@!!type:obligation
@!!id:2330
@!!loc:1649:12:1649:14
@!!status:proved
@!!prover:smt
@!!meth:time-limit: 60; time-used: 1.7 (3%)
@!!already:false
@!!END

@!!BEGIN
@!!type:obligation
@!!id:2329
@!!loc:1609:24:1609:26
@!!status:proved
@!!prover:smt
@!!meth:time-limit: 60; time-used: 1.8 (3%)
@!!already:false
@!!END

@!!BEGIN
@!!type:obligation
@!!id:2342
@!!loc:1613:59:1613:61
@!!status:proved
@!!prover:smt
@!!meth:time-limit: 60
@!!already:true
@!!END

@!!BEGIN
@!!type:obligation
@!!id:2344
@!!loc:1614:80:1614:84
@!!status:trivial
@!!prover:tlapm
@!!already:false
@!!END

@!!BEGIN
@!!type:obligation
@!!id:2345
@!!loc:1614:86:1614:90
@!!status:trivial
@!!prover:tlapm
@!!already:false
@!!END

@!!BEGIN
@!!type:obligation
@!!id:2346
@!!loc:1614:92:1614:100
@!!status:trivial
@!!prover:tlapm
@!!already:false
@!!END

@!!BEGIN
@!!type:obligation
@!!id:2347
@!!loc:1628:5:1628:7
@!!status:proved
@!!prover:smt
@!!meth:time-limit: 60; time-used: 0.8 (1%)
@!!already:false
@!!END

@!!BEGIN
@!!type:obligation
@!!id:2343
@!!loc:1614:77:1614:79
@!!status:proved
@!!prover:smt
@!!meth:time-limit: 60; time-used: 2.9 (5%)
@!!already:false
@!!END

@!!BEGIN
@!!type:obligation
@!!id:2341
@!!loc:1612:26:1612:28
@!!status:proved
@!!prover:smt
@!!meth:time-limit: 60; time-used: 3.2 (5%)
@!!already:false
@!!END

@!!BEGIN
@!!type:obligation
@!!id:2349
@!!loc:1629:111:1629:115
@!!status:trivial
@!!prover:tlapm
@!!already:false
@!!END

@!!BEGIN
@!!type:obligation
@!!id:2350
@!!loc:1629:117:1629:121
@!!status:trivial
@!!prover:tlapm
@!!already:false
@!!END

@!!BEGIN
@!!type:obligation
@!!id:2352
@!!loc:1630:38:1630:42
@!!status:trivial
@!!prover:tlapm
@!!already:false
@!!END

@!!BEGIN
@!!type:obligation
@!!id:2353
@!!loc:1630:44:1630:48
@!!status:trivial
@!!prover:tlapm
@!!already:false
@!!END

@!!BEGIN
@!!type:obligation
@!!id:2354
@!!loc:1630:50:1630:54
@!!status:trivial
@!!prover:tlapm
@!!already:false
@!!END

@!!BEGIN
@!!type:obligation
@!!id:2355
@!!loc:1630:56:1630:61
@!!status:trivial
@!!prover:tlapm
@!!already:false
@!!END

@!!BEGIN
@!!type:obligation
@!!id:2356
@!!loc:1630:63:1630:67
@!!status:trivial
@!!prover:tlapm
@!!already:false
@!!END

@!!BEGIN
@!!type:obligation
@!!id:2357
@!!loc:1630:69:1630:80
@!!status:trivial
@!!prover:tlapm
@!!already:false
@!!END

@!!BEGIN
@!!type:obligation
@!!id:2359
@!!loc:1631:113:1631:117
@!!status:trivial
@!!prover:tlapm
@!!already:false
@!!END

@!!BEGIN
@!!type:obligation
@!!id:2358
@!!loc:1631:110:1631:112
@!!status:proved
@!!prover:smt
@!!meth:time-limit: 60; time-used: 0.3 (0%)
@!!already:false
@!!END

@!!BEGIN
@!!type:obligation
@!!id:2351
@!!loc:1630:35:1630:37
@!!status:proved
@!!prover:smt
@!!meth:time-limit: 60; time-used: 1.9 (3%)
@!!already:false
@!!END

@!!BEGIN
@!!type:obligation
@!!id:2348
@!!loc:1629:108:1629:110
@!!status:proved
@!!prover:smt
@!!meth:time-limit: 60; time-used: 2.3 (4%)
@!!already:false
@!!END

@!!BEGIN
@!!type:obligation
@!!id:2361
@!!loc:1632:19:1632:23
@!!status:trivial
@!!prover:tlapm
@!!already:false
@!!END

@!!BEGIN
@!!type:obligation
@!!id:2362
@!!loc:1632:25:1632:29
@!!status:trivial
@!!prover:tlapm
@!!already:false
@!!END

@!!BEGIN
@!!type:obligation
@!!id:2363
@!!loc:1632:31:1632:36
@!!status:trivial
@!!prover:tlapm
@!!already:false
@!!END

@!!BEGIN
@!!type:obligation
@!!id:2364
@!!loc:1632:38:1632:48
@!!status:trivial
@!!prover:tlapm
@!!already:false
@!!END

@!!BEGIN
@!!type:obligation
@!!id:2366
@!!loc:1633:133:1633:137
@!!status:trivial
@!!prover:tlapm
@!!already:false
@!!END

@!!BEGIN
@!!type:obligation
@!!id:2367
@!!loc:1633:139:1633:143
@!!status:trivial
@!!prover:tlapm
@!!already:false
@!!END

@!!BEGIN
@!!type:obligation
@!!id:2369
@!!loc:1634:18:1634:22
@!!status:trivial
@!!prover:tlapm
@!!already:false
@!!END

@!!BEGIN
@!!type:obligation
@!!id:2370
@!!loc:1634:24:1634:28
@!!status:trivial
@!!prover:tlapm
@!!already:false
@!!END

@!!BEGIN
@!!type:obligation
@!!id:2371
@!!loc:1634:30:1634:35
@!!status:trivial
@!!prover:tlapm
@!!already:false
@!!END

@!!BEGIN
@!!type:obligation
@!!id:2372
@!!loc:1634:37:1634:46
@!!status:trivial
@!!prover:tlapm
@!!already:false
@!!END

@!!BEGIN
@!!type:obligation
@!!id:2368
@!!loc:1634:15:1634:17
@!!status:proved
@!!prover:smt
@!!meth:time-limit: 60; time-used: 1.1 (2%)
@!!already:false
@!!END

@!!BEGIN
@!!type:obligation
@!!id:2365
@!!loc:1633:130:1633:132
@!!status:proved
@!!prover:smt
@!!meth:time-limit: 60; time-used: 1.5 (2%)
@!!already:false
@!!END

@!!BEGIN
@!!type:obligation
@!!id:2360
@!!loc:1632:16:1632:18
@!!status:proved
@!!prover:smt
@!!meth:time-limit: 60; time-used: 2.4 (4%)
@!!already:false
@!!END

@!!BEGIN
@!!type:obligation
@!!id:2374
@!!loc:1635:165:1635:169
@!!status:trivial
@!!prover:tlapm
@!!already:false
@!!END

@!!BEGIN
@!!type:obligation
@!!id:2376
@!!loc:1636:17:1636:21
@!!status:trivial
@!!prover:tlapm
@!!already:false
@!!END

@!!BEGIN
@!!type:obligation
@!!id:2377
@!!loc:1636:23:1636:27
@!!status:trivial
@!!prover:tlapm
@!!already:false
@!!END

@!!BEGIN
@!!type:obligation
@!!id:2378
@!!loc:1636:29:1636:34
@!!status:trivial
@!!prover:tlapm
@!!already:false
@!!END

@!!BEGIN
@!!type:obligation
@!!id:2379
@!!loc:1636:36:1636:44
@!!status:trivial
@!!prover:tlapm
@!!already:false
@!!END

@!!BEGIN
@!!type:obligation
@!!id:2381
@!!loc:1637:74:1637:78
@!!status:trivial
@!!prover:tlapm
@!!already:false
@!!END

@!!BEGIN
@!!type:obligation
@!!id:2382
@!!loc:1637:80:1637:84
@!!status:trivial
@!!prover:tlapm
@!!already:false
@!!END

@!!BEGIN
@!!type:obligation
@!!id:2380
@!!loc:1637:71:1637:73
@!!status:proved
@!!prover:smt
@!!meth:time-limit: 60; time-used: 0.3 (1%)
@!!already:false
@!!END

@!!BEGIN
@!!type:obligation
@!!id:2375
@!!loc:1636:14:1636:16
@!!status:proved
@!!prover:smt
@!!meth:time-limit: 60; time-used: 1.6 (3%)
@!!already:false
@!!END

@!!BEGIN
@!!type:obligation
@!!id:2373
@!!loc:1635:162:1635:164
@!!status:proved
@!!prover:smt
@!!meth:time-limit: 60; time-used: 2.2 (4%)
@!!already:false
@!!END

@!!BEGIN
@!!type:obligation
@!!id:2384
@!!loc:1638:17:1638:21
@!!status:trivial
@!!prover:tlapm
@!!already:false
@!!END

@!!BEGIN
@!!type:obligation
@!!id:2385
@!!loc:1638:23:1638:27
@!!status:trivial
@!!prover:tlapm
@!!already:false
@!!END

@!!BEGIN
@!!type:obligation
@!!id:2386
@!!loc:1638:29:1638:34
@!!status:trivial
@!!prover:tlapm
@!!already:false
@!!END

@!!BEGIN
@!!type:obligation
@!!id:2387
@!!loc:1638:36:1638:44
@!!status:trivial
@!!prover:tlapm
@!!already:false
@!!END

@!!BEGIN
@!!type:obligation
@!!id:2389
@!!loc:1642:8:1642:12
@!!status:trivial
@!!prover:tlapm
@!!already:false
@!!END

@!!BEGIN
@!!type:obligation
@!!id:2390
@!!loc:1642:14:1642:18
@!!status:trivial
@!!prover:tlapm
@!!already:false
@!!END

@!!BEGIN
@!!type:obligation
@!!id:2392
@!!loc:1645:8:1645:12
@!!status:trivial
@!!prover:tlapm
@!!already:false
@!!END

@!!BEGIN
@!!type:obligation
@!!id:2391
@!!loc:1645:5:1645:7
@!!status:proved
@!!prover:smt
@!!meth:time-limit: 60; time-used: 0.2 (0%)
@!!already:false
@!!END

@!!BEGIN
@!!type:obligation
@!!id:2388
@!!loc:1642:5:1642:7
@!!status:proved
@!!prover:smt
@!!meth:time-limit: 60; time-used: 1.7 (3%)
@!!already:false
@!!END

@!!BEGIN
@!!type:obligation
@!!id:2383
@!!loc:1638:14:1638:16
@!!status:proved
@!!prover:smt
@!!meth:time-limit: 60; time-used: 3.2 (5%)
@!!already:false
@!!END

@!!BEGIN
@!!type:obligation
@!!id:2393
@!!loc:1645:14:1645:18
@!!status:trivial
@!!prover:tlapm
@!!already:false
@!!END

@!!BEGIN
@!!type:obligation
@!!id:2394
@!!loc:1645:20:1645:24
@!!status:trivial
@!!prover:tlapm
@!!already:false
@!!END

@!!BEGIN
@!!type:obligation
@!!id:2396
@!!loc:1646:21:1646:25
@!!status:trivial
@!!prover:tlapm
@!!already:false
@!!END

@!!BEGIN
@!!type:obligation
@!!id:2397
@!!loc:1646:27:1646:31
@!!status:trivial
@!!prover:tlapm
@!!already:false
@!!END

@!!BEGIN
@!!type:obligation
@!!id:2398
@!!loc:1646:33:1646:38
@!!status:trivial
@!!prover:tlapm
@!!already:false
@!!END

@!!BEGIN
@!!type:obligation
@!!id:2399
@!!loc:1646:40:1646:45
@!!status:trivial
@!!prover:tlapm
@!!already:false
@!!END

@!!BEGIN
@!!type:obligation
@!!id:2400
@!!loc:1646:47:1646:60
@!!status:trivial
@!!prover:tlapm
@!!already:false
@!!END

@!!BEGIN
@!!type:obligation
@!!id:2402
@!!loc:1647:124:1647:128
@!!status:trivial
@!!prover:tlapm
@!!already:false
@!!END

@!!BEGIN
@!!type:obligation
@!!id:2404
@!!loc:1648:22:1648:26
@!!status:trivial
@!!prover:tlapm
@!!already:false
@!!END

@!!BEGIN
@!!type:obligation
@!!id:2405
@!!loc:1648:28:1648:34
@!!status:trivial
@!!prover:tlapm
@!!already:false
@!!END

@!!BEGIN
@!!type:obligation
@!!id:2406
@!!loc:1648:36:1648:47
@!!status:trivial
@!!prover:tlapm
@!!already:false
@!!END

@!!BEGIN
@!!type:obligation
@!!id:2403
@!!loc:1648:19:1648:21
@!!status:proved
@!!prover:smt
@!!meth:time-limit: 60; time-used: 0.4 (1%)
@!!already:false
@!!END

@!!BEGIN
@!!type:obligation
@!!id:2401
@!!loc:1647:121:1647:123
@!!status:proved
@!!prover:smt
@!!meth:time-limit: 60; time-used: 0.7 (1%)
@!!already:false
@!!END

@!!BEGIN
@!!type:obligation
@!!id:2395
@!!loc:1646:18:1646:20
@!!status:proved
@!!prover:smt
@!!meth:time-limit: 60; time-used: 1.7 (3%)
@!!already:false
@!!END

@!!BEGIN
@!!type:obligation
@!!id:2408
@!!loc:1686:15:1686:19
@!!status:trivial
@!!prover:tlapm
@!!already:false
@!!END

@!!BEGIN
@!!type:obligation
@!!id:2409
@!!loc:1686:21:1686:25
@!!status:trivial
@!!prover:tlapm
@!!already:false
@!!END

@!!BEGIN
@!!type:obligation
@!!id:2410
@!!loc:1686:27:1686:31
@!!status:trivial
@!!prover:tlapm
@!!already:false
@!!END

@!!BEGIN
@!!type:obligation
@!!id:2411
@!!loc:1686:33:1686:37
@!!status:trivial
@!!prover:tlapm
@!!already:false
@!!END

@!!BEGIN
@!!type:obligation
@!!id:2412
@!!loc:1686:39:1686:43
@!!status:trivial
@!!prover:tlapm
@!!already:false
@!!END

@!!BEGIN
@!!type:obligation
@!!id:2413
@!!loc:1686:45:1686:49
@!!status:trivial
@!!prover:tlapm
@!!already:false
@!!END

@!!BEGIN
@!!type:obligation
@!!id:2414
@!!loc:1686:51:1686:55
@!!status:trivial
@!!prover:tlapm
@!!already:false
@!!END

@!!BEGIN
@!!type:obligation
@!!id:2415
@!!loc:1686:57:1686:62
@!!status:trivial
@!!prover:tlapm
@!!already:false
@!!END

@!!BEGIN
@!!type:obligation
@!!id:2417
@!!loc:1651:91:1651:95
@!!status:trivial
@!!prover:tlapm
@!!already:false
@!!END

@!!BEGIN
@!!type:obligation
@!!id:2420
@!!loc:1652:53:1652:57
@!!status:trivial
@!!prover:tlapm
@!!already:false
@!!END

@!!BEGIN
@!!type:obligation
@!!id:2419
@!!loc:1652:50:1652:52
@!!status:proved
@!!prover:smt
@!!meth:time-limit: 60; time-used: 0.3 (1%)
@!!already:false
@!!END

@!!BEGIN
@!!type:obligation
@!!id:2416
@!!loc:1651:88:1651:90
@!!status:proved
@!!prover:smt
@!!meth:time-limit: 60; time-used: 0.6 (1%)
@!!already:false
@!!END

@!!BEGIN
@!!type:obligation
@!!id:2407
@!!loc:1686:12:1686:14
@!!status:proved
@!!prover:smt
@!!meth:time-limit: 60; time-used: 2.2 (4%)
@!!already:false
@!!END

@!!BEGIN
@!!type:obligation
@!!id:2424
@!!loc:1655:81:1655:85
@!!status:trivial
@!!prover:tlapm
@!!already:false
@!!END

@!!BEGIN
@!!type:obligation
@!!id:2425
@!!loc:1655:87:1655:91
@!!status:trivial
@!!prover:tlapm
@!!already:false
@!!END

@!!BEGIN
@!!type:obligation
@!!id:2426
@!!loc:1655:93:1655:101
@!!status:trivial
@!!prover:tlapm
@!!already:false
@!!END

@!!BEGIN
@!!type:obligation
@!!id:2423
@!!loc:1655:78:1655:80
@!!status:proved
@!!prover:smt
@!!meth:time-limit: 60; time-used: 3.0 (5%)
@!!already:false
@!!END

@!!BEGIN
@!!type:obligation
@!!id:2422
@!!loc:1654:59:1654:61
@!!status:proved
@!!prover:smt
@!!meth:time-limit: 60; time-used: 3.2 (5%)
@!!already:false
@!!END

@!!BEGIN
@!!type:obligation
@!!id:2421
@!!loc:1653:26:1653:28
@!!status:proved
@!!prover:smt
@!!meth:time-limit: 60; time-used: 3.4 (6%)
@!!already:false
@!!END

@!!BEGIN
@!!type:obligation
@!!id:2429
@!!loc:1670:113:1670:117
@!!status:trivial
@!!prover:tlapm
@!!already:false
@!!END

@!!BEGIN
@!!type:obligation
@!!id:2430
@!!loc:1670:119:1670:123
@!!status:trivial
@!!prover:tlapm
@!!already:false
@!!END

@!!BEGIN
@!!type:obligation
@!!id:2432
@!!loc:1671:38:1671:42
@!!status:trivial
@!!prover:tlapm
@!!already:false
@!!END

@!!BEGIN
@!!type:obligation
@!!id:2433
@!!loc:1671:44:1671:48
@!!status:trivial
@!!prover:tlapm
@!!already:false
@!!END

@!!BEGIN
@!!type:obligation
@!!id:2434
@!!loc:1671:50:1671:54
@!!status:trivial
@!!prover:tlapm
@!!already:false
@!!END

@!!BEGIN
@!!type:obligation
@!!id:2435
@!!loc:1671:56:1671:61
@!!status:trivial
@!!prover:tlapm
@!!already:false
@!!END

@!!BEGIN
@!!type:obligation
@!!id:2436
@!!loc:1671:63:1671:67
@!!status:trivial
@!!prover:tlapm
@!!already:false
@!!END

@!!BEGIN
@!!type:obligation
@!!id:2437
@!!loc:1671:69:1671:80
@!!status:trivial
@!!prover:tlapm
@!!already:false
@!!END

@!!BEGIN
@!!type:obligation
@!!id:2431
@!!loc:1671:35:1671:37
@!!status:proved
@!!prover:smt
@!!meth:time-limit: 60; time-used: 1.1 (2%)
@!!already:false
@!!END

@!!BEGIN
@!!type:obligation
@!!id:2428
@!!loc:1670:110:1670:112
@!!status:proved
@!!prover:smt
@!!meth:time-limit: 60; time-used: 1.4 (2%)
@!!already:false
@!!END

@!!BEGIN
@!!type:obligation
@!!id:2427
@!!loc:1669:5:1669:7
@!!status:proved
@!!prover:smt
@!!meth:time-limit: 60; time-used: 2.6 (4%)
@!!already:false
@!!END

@!!BEGIN
@!!type:obligation
@!!id:2439
@!!loc:1672:116:1672:120
@!!status:trivial
@!!prover:tlapm
@!!already:false
@!!END

@!!BEGIN
@!!type:obligation
@!!id:2441
@!!loc:1673:19:1673:23
@!!status:trivial
@!!prover:tlapm
@!!already:false
@!!END

@!!BEGIN
@!!type:obligation
@!!id:2442
@!!loc:1673:25:1673:29
@!!status:trivial
@!!prover:tlapm
@!!already:false
@!!END

@!!BEGIN
@!!type:obligation
@!!id:2443
@!!loc:1673:31:1673:36
@!!status:trivial
@!!prover:tlapm
@!!already:false
@!!END

@!!BEGIN
@!!type:obligation
@!!id:2444
@!!loc:1673:38:1673:48
@!!status:trivial
@!!prover:tlapm
@!!already:false
@!!END

@!!BEGIN
@!!type:obligation
@!!id:2446
@!!loc:1674:137:1674:141
@!!status:trivial
@!!prover:tlapm
@!!already:false
@!!END

@!!BEGIN
@!!type:obligation
@!!id:2447
@!!loc:1674:143:1674:147
@!!status:trivial
@!!prover:tlapm
@!!already:false
@!!END

@!!BEGIN
@!!type:obligation
@!!id:2445
@!!loc:1674:134:1674:136
@!!status:proved
@!!prover:smt
@!!meth:time-limit: 60; time-used: 0.7 (1%)
@!!already:false
@!!END

@!!BEGIN
@!!type:obligation
@!!id:2440
@!!loc:1673:16:1673:18
@!!status:proved
@!!prover:smt
@!!meth:time-limit: 60; time-used: 1.7 (3%)
@!!already:false
@!!END

@!!BEGIN
@!!type:obligation
@!!id:2438
@!!loc:1672:113:1672:115
@!!status:proved
@!!prover:smt
@!!meth:time-limit: 60; time-used: 2.0 (3%)
@!!already:false
@!!END

@!!BEGIN
@!!type:obligation
@!!id:2449
@!!loc:1675:18:1675:22
@!!status:trivial
@!!prover:tlapm
@!!already:false
@!!END

@!!BEGIN
@!!type:obligation
@!!id:2450
@!!loc:1675:24:1675:28
@!!status:trivial
@!!prover:tlapm
@!!already:false
@!!END

@!!BEGIN
@!!type:obligation
@!!id:2451
@!!loc:1675:30:1675:35
@!!status:trivial
@!!prover:tlapm
@!!already:false
@!!END

@!!BEGIN
@!!type:obligation
@!!id:2452
@!!loc:1675:37:1675:46
@!!status:trivial
@!!prover:tlapm
@!!already:false
@!!END

@!!BEGIN
@!!type:obligation
@!!id:2454
@!!loc:1676:169:1676:173
@!!status:trivial
@!!prover:tlapm
@!!already:false
@!!END

@!!BEGIN
@!!type:obligation
@!!id:2456
@!!loc:1677:17:1677:21
@!!status:trivial
@!!prover:tlapm
@!!already:false
@!!END

@!!BEGIN
@!!type:obligation
@!!id:2457
@!!loc:1677:23:1677:27
@!!status:trivial
@!!prover:tlapm
@!!already:false
@!!END

@!!BEGIN
@!!type:obligation
@!!id:2458
@!!loc:1677:29:1677:34
@!!status:trivial
@!!prover:tlapm
@!!already:false
@!!END

@!!BEGIN
@!!type:obligation
@!!id:2459
@!!loc:1677:36:1677:44
@!!status:trivial
@!!prover:tlapm
@!!already:false
@!!END

@!!BEGIN
@!!type:obligation
@!!id:2455
@!!loc:1677:14:1677:16
@!!status:proved
@!!prover:smt
@!!meth:time-limit: 60; time-used: 1.1 (2%)
@!!already:false
@!!END

@!!BEGIN
@!!type:obligation
@!!id:2453
@!!loc:1676:166:1676:168
@!!status:proved
@!!prover:smt
@!!meth:time-limit: 60; time-used: 1.5 (3%)
@!!already:false
@!!END

@!!BEGIN
@!!type:obligation
@!!id:2448
@!!loc:1675:15:1675:17
@!!status:proved
@!!prover:smt
@!!meth:time-limit: 60; time-used: 2.8 (5%)
@!!already:false
@!!END

@!!BEGIN
@!!type:obligation
@!!id:2461
@!!loc:1678:76:1678:80
@!!status:trivial
@!!prover:tlapm
@!!already:false
@!!END

@!!BEGIN
@!!type:obligation
@!!id:2462
@!!loc:1678:82:1678:86
@!!status:trivial
@!!prover:tlapm
@!!already:false
@!!END

@!!BEGIN
@!!type:obligation
@!!id:2464
@!!loc:1679:17:1679:21
@!!status:trivial
@!!prover:tlapm
@!!already:false
@!!END

@!!BEGIN
@!!type:obligation
@!!id:2465
@!!loc:1679:23:1679:27
@!!status:trivial
@!!prover:tlapm
@!!already:false
@!!END

@!!BEGIN
@!!type:obligation
@!!id:2466
@!!loc:1679:29:1679:34
@!!status:trivial
@!!prover:tlapm
@!!already:false
@!!END

@!!BEGIN
@!!type:obligation
@!!id:2467
@!!loc:1679:36:1679:44
@!!status:trivial
@!!prover:tlapm
@!!already:false
@!!END

@!!BEGIN
@!!type:obligation
@!!id:2469
@!!loc:1682:8:1682:12
@!!status:trivial
@!!prover:tlapm
@!!already:false
@!!END

@!!BEGIN
@!!type:obligation
@!!id:2470
@!!loc:1682:14:1682:18
@!!status:trivial
@!!prover:tlapm
@!!already:false
@!!END

@!!BEGIN
@!!type:obligation
@!!id:2471
@!!loc:1682:20:1682:24
@!!status:trivial
@!!prover:tlapm
@!!already:false
@!!END

@!!BEGIN
@!!type:obligation
@!!id:2468
@!!loc:1682:5:1682:7
@!!status:proved
@!!prover:smt
@!!meth:time-limit: 60; time-used: 1.4 (2%)
@!!already:false
@!!END

@!!BEGIN
@!!type:obligation
@!!id:2463
@!!loc:1679:14:1679:16
@!!status:proved
@!!prover:smt
@!!meth:time-limit: 60; time-used: 3.4 (6%)
@!!already:false
@!!END

@!!BEGIN
@!!type:obligation
@!!id:2460
@!!loc:1678:73:1678:75
@!!status:proved
@!!prover:smt
@!!meth:time-limit: 60; time-used: 3.8 (6%)
@!!already:false
@!!END

@!!BEGIN
@!!type:obligation
@!!id:2473
@!!loc:1683:21:1683:25
@!!status:trivial
@!!prover:tlapm
@!!already:false
@!!END

@!!BEGIN
@!!type:obligation
@!!id:2474
@!!loc:1683:27:1683:31
@!!status:trivial
@!!prover:tlapm
@!!already:false
@!!END

@!!BEGIN
@!!type:obligation
@!!id:2475
@!!loc:1683:33:1683:37
@!!status:trivial
@!!prover:tlapm
@!!already:false
@!!END

@!!BEGIN
@!!type:obligation
@!!id:2476
@!!loc:1683:39:1683:43
@!!status:trivial
@!!prover:tlapm
@!!already:false
@!!END

@!!BEGIN
@!!type:obligation
@!!id:2477
@!!loc:1683:45:1683:50
@!!status:trivial
@!!prover:tlapm
@!!already:false
@!!END

@!!BEGIN
@!!type:obligation
@!!id:2478
@!!loc:1683:52:1683:64
@!!status:trivial
@!!prover:tlapm
@!!already:false
@!!END

@!!BEGIN
@!!type:obligation
@!!id:2480
@!!loc:1684:126:1684:130
@!!status:trivial
@!!prover:tlapm
@!!already:false
@!!END

@!!BEGIN
@!!type:obligation
@!!id:2482
@!!loc:1685:22:1685:26
@!!status:trivial
@!!prover:tlapm
@!!already:false
@!!END

@!!BEGIN
@!!type:obligation
@!!id:2483
@!!loc:1685:28:1685:34
@!!status:trivial
@!!prover:tlapm
@!!already:false
@!!END

@!!BEGIN
@!!type:obligation
@!!id:2484
@!!loc:1685:36:1685:47
@!!status:trivial
@!!prover:tlapm
@!!already:false
@!!END

@!!BEGIN
@!!type:obligation
@!!id:2485
@!!loc:1745:10:1745:12
@!!status:proved
@!!prover:smt
@!!meth:time-limit: 60
@!!already:true
@!!END

@!!BEGIN
@!!type:obligation
@!!id:2486
@!!loc:1745:13:1745:17
@!!status:trivial
@!!prover:tlapm
@!!already:false
@!!END

@!!BEGIN
@!!type:obligation
@!!id:2487
@!!loc:1745:19:1745:23
@!!status:trivial
@!!prover:tlapm
@!!already:false
@!!END

@!!BEGIN
@!!type:obligation
@!!id:2488
@!!loc:1745:25:1745:29
@!!status:trivial
@!!prover:tlapm
@!!already:false
@!!END

@!!BEGIN
@!!type:obligation
@!!id:2489
@!!loc:1745:31:1745:35
@!!status:trivial
@!!prover:tlapm
@!!already:false
@!!END

@!!BEGIN
@!!type:obligation
@!!id:2490
@!!loc:1745:37:1745:41
@!!status:trivial
@!!prover:tlapm
@!!already:false
@!!END

@!!BEGIN
@!!type:obligation
@!!id:2491
@!!loc:1745:43:1745:47
@!!status:trivial
@!!prover:tlapm
@!!already:false
@!!END

@!!BEGIN
@!!type:obligation
@!!id:2492
@!!loc:1745:49:1745:53
@!!status:trivial
@!!prover:tlapm
@!!already:false
@!!END

@!!BEGIN
@!!type:obligation
@!!id:2493
@!!loc:1745:55:1745:60
@!!status:trivial
@!!prover:tlapm
@!!already:false
@!!END

@!!BEGIN
@!!type:obligation
@!!id:2481
@!!loc:1685:19:1685:21
@!!status:proved
@!!prover:smt
@!!meth:time-limit: 60; time-used: 1.6 (3%)
@!!already:false
@!!END

@!!BEGIN
@!!type:obligation
@!!id:2479
@!!loc:1684:123:1684:125
@!!status:proved
@!!prover:smt
@!!meth:time-limit: 60; time-used: 1.9 (3%)
@!!already:false
@!!END

@!!BEGIN
@!!type:obligation
@!!id:2472
@!!loc:1683:18:1683:20
@!!status:proved
@!!prover:smt
@!!meth:time-limit: 60; time-used: 3.0 (5%)
@!!already:false
@!!END

@!!BEGIN
@!!type:obligation
@!!id:2494
@!!loc:1692:17:1692:19
@!!status:proved
@!!prover:smt
@!!meth:time-limit: 60
@!!already:true
@!!END

@!!BEGIN
@!!type:obligation
@!!id:2495
@!!loc:1693:14:1693:16
@!!status:proved
@!!prover:smt
@!!meth:time-limit: 60
@!!already:true
@!!END

@!!BEGIN
@!!type:obligation
@!!id:2496
@!!loc:1693:17:1693:21
@!!status:trivial
@!!prover:tlapm
@!!already:false
@!!END

@!!BEGIN
@!!type:obligation
@!!id:2497
@!!loc:1694:73:1694:75
@!!status:proved
@!!prover:smt
@!!meth:time-limit: 60
@!!already:true
@!!END

@!!BEGIN
@!!type:obligation
@!!id:2498
@!!loc:1695:34:1695:36
@!!status:proved
@!!prover:smt
@!!meth:time-limit: 60
@!!already:true
@!!END

@!!BEGIN
@!!type:obligation
@!!id:2499
@!!loc:1695:37:1695:41
@!!status:trivial
@!!prover:tlapm
@!!already:false
@!!END

@!!BEGIN
@!!type:obligation
@!!id:2500
@!!loc:1696:59:1696:61
@!!status:proved
@!!prover:smt
@!!meth:time-limit: 60
@!!already:true
@!!END

@!!BEGIN
@!!type:obligation
@!!id:2501
@!!loc:1696:62:1696:66
@!!status:trivial
@!!prover:tlapm
@!!already:false
@!!END

@!!BEGIN
@!!type:obligation
@!!id:2502
@!!loc:1702:3:1702:5
@!!status:proved
@!!prover:smt
@!!meth:time-limit: 60
@!!already:true
@!!END

@!!BEGIN
@!!type:obligation
@!!id:2503
@!!loc:1702:6:1702:10
@!!status:trivial
@!!prover:tlapm
@!!already:false
@!!END

@!!BEGIN
@!!type:obligation
@!!id:2504
@!!loc:1702:12:1702:24
@!!status:trivial
@!!prover:tlapm
@!!already:false
@!!END

@!!BEGIN
@!!type:obligation
@!!id:2505
@!!loc:1703:18:1703:20
@!!status:proved
@!!prover:smt
@!!meth:time-limit: 60
@!!already:true
@!!END

@!!BEGIN
@!!type:obligation
@!!id:2506
@!!loc:1703:21:1703:25
@!!status:trivial
@!!prover:tlapm
@!!already:false
@!!END

@!!BEGIN
@!!type:obligation
@!!id:2507
@!!loc:1703:27:1703:38
@!!status:trivial
@!!prover:tlapm
@!!already:false
@!!END

@!!BEGIN
@!!type:obligation
@!!id:2509
@!!loc:1704:31:1704:35
@!!status:trivial
@!!prover:tlapm
@!!already:false
@!!END

@!!BEGIN
@!!type:obligation
@!!id:2511
@!!loc:1705:68:1705:72
@!!status:trivial
@!!prover:tlapm
@!!already:false
@!!END

@!!BEGIN
@!!type:obligation
@!!id:2512
@!!loc:1705:74:1705:78
@!!status:trivial
@!!prover:tlapm
@!!already:false
@!!END

@!!BEGIN
@!!type:obligation
@!!id:2513
@!!loc:1705:80:1705:84
@!!status:trivial
@!!prover:tlapm
@!!already:false
@!!END

@!!BEGIN
@!!type:obligation
@!!id:2514
@!!loc:1706:82:1706:84
@!!status:proved
@!!prover:smt
@!!meth:time-limit: 60; time-used: 0.3 (0%)
@!!already:false
@!!END

@!!BEGIN
@!!type:obligation
@!!id:2510
@!!loc:1705:65:1705:67
@!!status:proved
@!!prover:smt
@!!meth:time-limit: 60; time-used: 0.7 (1%)
@!!already:false
@!!END

@!!BEGIN
@!!type:obligation
@!!id:2508
@!!loc:1704:28:1704:30
@!!status:proved
@!!prover:smt
@!!meth:time-limit: 60; time-used: 1.5 (3%)
@!!already:false
@!!END

@!!BEGIN
@!!type:obligation
@!!id:2519
@!!loc:1709:76:1709:80
@!!status:trivial
@!!prover:tlapm
@!!already:false
@!!END

@!!BEGIN
@!!type:obligation
@!!id:2520
@!!loc:1709:82:1709:86
@!!status:trivial
@!!prover:tlapm
@!!already:false
@!!END

@!!BEGIN
@!!type:obligation
@!!id:2521
@!!loc:1709:88:1709:96
@!!status:trivial
@!!prover:tlapm
@!!already:false
@!!END

@!!BEGIN
@!!type:obligation
@!!id:2518
@!!loc:1709:73:1709:75
@!!status:proved
@!!prover:smt
@!!meth:time-limit: 60; time-used: 2.4 (4%)
@!!already:false
@!!END

@!!BEGIN
@!!type:obligation
@!!id:2517
@!!loc:1708:37:1708:39
@!!status:proved
@!!prover:smt
@!!meth:time-limit: 60; time-used: 2.7 (4%)
@!!already:false
@!!END

@!!BEGIN
@!!type:obligation
@!!id:2516
@!!loc:1707:24:1707:26
@!!status:proved
@!!prover:smt
@!!meth:time-limit: 60; time-used: 3.0 (5%)
@!!already:false
@!!END

@!!BEGIN
@!!type:obligation
@!!id:2524
@!!loc:1724:105:1724:109
@!!status:trivial
@!!prover:tlapm
@!!already:false
@!!END

@!!BEGIN
@!!type:obligation
@!!id:2525
@!!loc:1724:111:1724:115
@!!status:trivial
@!!prover:tlapm
@!!already:false
@!!END

@!!BEGIN
@!!type:obligation
@!!id:2526
@!!loc:1725:33:1725:35
@!!status:proved
@!!prover:smt
@!!meth:time-limit: 60
@!!already:true
@!!END

@!!BEGIN
@!!type:obligation
@!!id:2527
@!!loc:1725:36:1725:40
@!!status:trivial
@!!prover:tlapm
@!!already:false
@!!END

@!!BEGIN
@!!type:obligation
@!!id:2528
@!!loc:1725:42:1725:46
@!!status:trivial
@!!prover:tlapm
@!!already:false
@!!END

@!!BEGIN
@!!type:obligation
@!!id:2529
@!!loc:1725:48:1725:52
@!!status:trivial
@!!prover:tlapm
@!!already:false
@!!END

@!!BEGIN
@!!type:obligation
@!!id:2530
@!!loc:1725:54:1725:59
@!!status:trivial
@!!prover:tlapm
@!!already:false
@!!END

@!!BEGIN
@!!type:obligation
@!!id:2531
@!!loc:1725:61:1725:65
@!!status:trivial
@!!prover:tlapm
@!!already:false
@!!END

@!!BEGIN
@!!type:obligation
@!!id:2532
@!!loc:1725:67:1725:78
@!!status:trivial
@!!prover:tlapm
@!!already:false
@!!END

@!!BEGIN
@!!type:obligation
@!!id:2534
@!!loc:1726:105:1726:109
@!!status:trivial
@!!prover:tlapm
@!!already:false
@!!END

@!!BEGIN
@!!type:obligation
@!!id:2535
@!!loc:1727:14:1727:16
@!!status:proved
@!!prover:smt
@!!meth:time-limit: 60
@!!already:true
@!!END

@!!BEGIN
@!!type:obligation
@!!id:2536
@!!loc:1727:17:1727:21
@!!status:trivial
@!!prover:tlapm
@!!already:false
@!!END

@!!BEGIN
@!!type:obligation
@!!id:2537
@!!loc:1727:23:1727:27
@!!status:trivial
@!!prover:tlapm
@!!already:false
@!!END

@!!BEGIN
@!!type:obligation
@!!id:2538
@!!loc:1727:29:1727:34
@!!status:trivial
@!!prover:tlapm
@!!already:false
@!!END

@!!BEGIN
@!!type:obligation
@!!id:2539
@!!loc:1727:36:1727:46
@!!status:trivial
@!!prover:tlapm
@!!already:false
@!!END

@!!BEGIN
@!!type:obligation
@!!id:2533
@!!loc:1726:102:1726:104
@!!status:proved
@!!prover:smt
@!!meth:time-limit: 60; time-used: 1.5 (2%)
@!!already:false
@!!END

@!!BEGIN
@!!type:obligation
@!!id:2523
@!!loc:1724:102:1724:104
@!!status:proved
@!!prover:smt
@!!meth:time-limit: 60; time-used: 2.8 (5%)
@!!already:false
@!!END

@!!BEGIN
@!!type:obligation
@!!id:2522
@!!loc:1723:3:1723:5
@!!status:proved
@!!prover:smt
@!!meth:time-limit: 60; time-used: 3.6 (6%)
@!!already:false
@!!END

@!!BEGIN
@!!type:obligation
@!!id:2541
@!!loc:1728:123:1728:127
@!!status:trivial
@!!prover:tlapm
@!!already:false
@!!END

@!!BEGIN
@!!type:obligation
@!!id:2542
@!!loc:1728:129:1728:133
@!!status:trivial
@!!prover:tlapm
@!!already:false
@!!END

@!!BEGIN
@!!type:obligation
@!!id:2543
@!!loc:1729:13:1729:15
@!!status:proved
@!!prover:smt
@!!meth:time-limit: 60
@!!already:true
@!!END

@!!BEGIN
@!!type:obligation
@!!id:2544
@!!loc:1729:16:1729:20
@!!status:trivial
@!!prover:tlapm
@!!already:false
@!!END

@!!BEGIN
@!!type:obligation
@!!id:2545
@!!loc:1729:22:1729:26
@!!status:trivial
@!!prover:tlapm
@!!already:false
@!!END

@!!BEGIN
@!!type:obligation
@!!id:2546
@!!loc:1729:28:1729:33
@!!status:trivial
@!!prover:tlapm
@!!already:false
@!!END

@!!BEGIN
@!!type:obligation
@!!id:2547
@!!loc:1729:35:1729:44
@!!status:trivial
@!!prover:tlapm
@!!already:false
@!!END

@!!BEGIN
@!!type:obligation
@!!id:2549
@!!loc:1730:155:1730:159
@!!status:trivial
@!!prover:tlapm
@!!already:false
@!!END

@!!BEGIN
@!!type:obligation
@!!id:2550
@!!loc:1730:161:1730:165
@!!status:trivial
@!!prover:tlapm
@!!already:false
@!!END

@!!BEGIN
@!!type:obligation
@!!id:2551
@!!loc:1730:167:1730:171
@!!status:trivial
@!!prover:tlapm
@!!already:false
@!!END

@!!BEGIN
@!!type:obligation
@!!id:2552
@!!loc:1731:12:1731:14
@!!status:proved
@!!prover:smt
@!!meth:time-limit: 60
@!!already:true
@!!END

@!!BEGIN
@!!type:obligation
@!!id:2553
@!!loc:1731:15:1731:19
@!!status:trivial
@!!prover:tlapm
@!!already:false
@!!END

@!!BEGIN
@!!type:obligation
@!!id:2554
@!!loc:1731:21:1731:25
@!!status:trivial
@!!prover:tlapm
@!!already:false
@!!END

@!!BEGIN
@!!type:obligation
@!!id:2555
@!!loc:1731:27:1731:32
@!!status:trivial
@!!prover:tlapm
@!!already:false
@!!END

@!!BEGIN
@!!type:obligation
@!!id:2556
@!!loc:1731:34:1731:42
@!!status:trivial
@!!prover:tlapm
@!!already:false
@!!END

@!!BEGIN
@!!type:obligation
@!!id:2558
@!!loc:1732:68:1732:72
@!!status:trivial
@!!prover:tlapm
@!!already:false
@!!END

@!!BEGIN
@!!type:obligation
@!!id:2559
@!!loc:1732:74:1732:78
@!!status:trivial
@!!prover:tlapm
@!!already:false
@!!END

@!!BEGIN
@!!type:obligation
@!!id:2560
@!!loc:1733:12:1733:14
@!!status:proved
@!!prover:smt
@!!meth:time-limit: 60
@!!already:true
@!!END

@!!BEGIN
@!!type:obligation
@!!id:2561
@!!loc:1733:15:1733:19
@!!status:trivial
@!!prover:tlapm
@!!already:false
@!!END

@!!BEGIN
@!!type:obligation
@!!id:2557
@!!loc:1732:65:1732:67
@!!status:proved
@!!prover:smt
@!!meth:time-limit: 60; time-used: 0.5 (1%)
@!!already:false
@!!END

@!!BEGIN
@!!type:obligation
@!!id:2548
@!!loc:1730:152:1730:154
@!!status:proved
@!!prover:smt
@!!meth:time-limit: 60; time-used: 1.8 (3%)
@!!already:false
@!!END

@!!BEGIN
@!!type:obligation
@!!id:2540
@!!loc:1728:120:1728:122
@!!status:proved
@!!prover:smt
@!!meth:time-limit: 60; time-used: 3.0 (5%)
@!!already:false
@!!END

@!!BEGIN
@!!type:obligation
@!!id:2562
@!!loc:1733:21:1733:25
@!!status:trivial
@!!prover:tlapm
@!!already:false
@!!END

@!!BEGIN
@!!type:obligation
@!!id:2563
@!!loc:1733:27:1733:32
@!!status:trivial
@!!prover:tlapm
@!!already:false
@!!END

@!!BEGIN
@!!type:obligation
@!!id:2564
@!!loc:1733:34:1733:42
@!!status:trivial
@!!prover:tlapm
@!!already:false
@!!END

@!!BEGIN
@!!type:obligation
@!!id:2566
@!!loc:1738:6:1738:10
@!!status:trivial
@!!prover:tlapm
@!!already:false
@!!END

@!!BEGIN
@!!type:obligation
@!!id:2568
@!!loc:1741:6:1741:10
@!!status:trivial
@!!prover:tlapm
@!!already:false
@!!END

@!!BEGIN
@!!type:obligation
@!!id:2569
@!!loc:1741:12:1741:16
@!!status:trivial
@!!prover:tlapm
@!!already:false
@!!END

@!!BEGIN
@!!type:obligation
@!!id:2571
@!!loc:1742:19:1742:23
@!!status:trivial
@!!prover:tlapm
@!!already:false
@!!END

@!!BEGIN
@!!type:obligation
@!!id:2572
@!!loc:1742:25:1742:29
@!!status:trivial
@!!prover:tlapm
@!!already:false
@!!END

@!!BEGIN
@!!type:obligation
@!!id:2573
@!!loc:1742:31:1742:36
@!!status:trivial
@!!prover:tlapm
@!!already:false
@!!END

@!!BEGIN
@!!type:obligation
@!!id:2574
@!!loc:1742:38:1742:43
@!!status:trivial
@!!prover:tlapm
@!!already:false
@!!END

@!!BEGIN
@!!type:obligation
@!!id:2575
@!!loc:1742:45:1742:58
@!!status:trivial
@!!prover:tlapm
@!!already:false
@!!END

@!!BEGIN
@!!type:obligation
@!!id:2570
@!!loc:1742:16:1742:18
@!!status:proved
@!!prover:smt
@!!meth:time-limit: 60; time-used: 1.0 (2%)
@!!already:false
@!!END

@!!BEGIN
@!!type:obligation
@!!id:2567
@!!loc:1741:3:1741:5
@!!status:proved
@!!prover:smt
@!!meth:time-limit: 60; time-used: 1.8 (3%)
@!!already:false
@!!END

@!!BEGIN
@!!type:obligation
@!!id:2565
@!!loc:1738:3:1738:5
@!!status:proved
@!!prover:smt
@!!meth:time-limit: 60; time-used: 2.8 (5%)
@!!already:false
@!!END

@!!BEGIN
@!!type:obligation
@!!id:2577
@!!loc:1743:118:1743:122
@!!status:trivial
@!!prover:tlapm
@!!already:false
@!!END

@!!BEGIN
@!!type:obligation
@!!id:2578
@!!loc:1743:124:1743:128
@!!status:trivial
@!!prover:tlapm
@!!already:false
@!!END

@!!BEGIN
@!!type:obligation
@!!id:2579
@!!loc:1743:130:1743:134
@!!status:trivial
@!!prover:tlapm
@!!already:false
@!!END

@!!BEGIN
@!!type:obligation
@!!id:2580
@!!loc:1744:17:1744:19
@!!status:proved
@!!prover:smt
@!!meth:time-limit: 60
@!!already:true
@!!END

@!!BEGIN
@!!type:obligation
@!!id:2581
@!!loc:1744:20:1744:24
@!!status:trivial
@!!prover:tlapm
@!!already:false
@!!END

@!!BEGIN
@!!type:obligation
@!!id:2582
@!!loc:1744:26:1744:32
@!!status:trivial
@!!prover:tlapm
@!!already:false
@!!END

@!!BEGIN
@!!type:obligation
@!!id:2583
@!!loc:1744:34:1744:45
@!!status:trivial
@!!prover:tlapm
@!!already:false
@!!END

@!!BEGIN
@!!type:obligation
@!!id:2584
@!!loc:1800:10:1800:12
@!!status:proved
@!!prover:smt
@!!meth:time-limit: 60
@!!already:true
@!!END

@!!BEGIN
@!!type:obligation
@!!id:2585
@!!loc:1800:13:1800:17
@!!status:trivial
@!!prover:tlapm
@!!already:false
@!!END

@!!BEGIN
@!!type:obligation
@!!id:2586
@!!loc:1800:19:1800:23
@!!status:trivial
@!!prover:tlapm
@!!already:false
@!!END

@!!BEGIN
@!!type:obligation
@!!id:2587
@!!loc:1800:25:1800:29
@!!status:trivial
@!!prover:tlapm
@!!already:false
@!!END

@!!BEGIN
@!!type:obligation
@!!id:2588
@!!loc:1800:31:1800:35
@!!status:trivial
@!!prover:tlapm
@!!already:false
@!!END

@!!BEGIN
@!!type:obligation
@!!id:2589
@!!loc:1800:37:1800:41
@!!status:trivial
@!!prover:tlapm
@!!already:false
@!!END

@!!BEGIN
@!!type:obligation
@!!id:2590
@!!loc:1800:43:1800:47
@!!status:trivial
@!!prover:tlapm
@!!already:false
@!!END

@!!BEGIN
@!!type:obligation
@!!id:2591
@!!loc:1800:49:1800:53
@!!status:trivial
@!!prover:tlapm
@!!already:false
@!!END

@!!BEGIN
@!!type:obligation
@!!id:2592
@!!loc:1800:55:1800:60
@!!status:trivial
@!!prover:tlapm
@!!already:false
@!!END

@!!BEGIN
@!!type:obligation
@!!id:2593
@!!loc:1750:17:1750:19
@!!status:proved
@!!prover:smt
@!!meth:time-limit: 60
@!!already:true
@!!END

@!!BEGIN
@!!type:obligation
@!!id:2594
@!!loc:1751:14:1751:16
@!!status:proved
@!!prover:smt
@!!meth:time-limit: 60
@!!already:true
@!!END

@!!BEGIN
@!!type:obligation
@!!id:2595
@!!loc:1751:17:1751:21
@!!status:trivial
@!!prover:tlapm
@!!already:false
@!!END

@!!BEGIN
@!!type:obligation
@!!id:2596
@!!loc:1752:73:1752:75
@!!status:proved
@!!prover:smt
@!!meth:time-limit: 60
@!!already:true
@!!END

@!!BEGIN
@!!type:obligation
@!!id:2597
@!!loc:1753:34:1753:36
@!!status:proved
@!!prover:smt
@!!meth:time-limit: 60
@!!already:true
@!!END

@!!BEGIN
@!!type:obligation
@!!id:2598
@!!loc:1753:37:1753:41
@!!status:trivial
@!!prover:tlapm
@!!already:false
@!!END

@!!BEGIN
@!!type:obligation
@!!id:2599
@!!loc:1754:59:1754:61
@!!status:proved
@!!prover:smt
@!!meth:time-limit: 60
@!!already:true
@!!END

@!!BEGIN
@!!type:obligation
@!!id:2600
@!!loc:1754:62:1754:66
@!!status:trivial
@!!prover:tlapm
@!!already:false
@!!END

@!!BEGIN
@!!type:obligation
@!!id:2601
@!!loc:1760:3:1760:5
@!!status:proved
@!!prover:smt
@!!meth:time-limit: 60
@!!already:true
@!!END

@!!BEGIN
@!!type:obligation
@!!id:2602
@!!loc:1760:6:1760:10
@!!status:trivial
@!!prover:tlapm
@!!already:false
@!!END

@!!BEGIN
@!!type:obligation
@!!id:2603
@!!loc:1760:12:1760:24
@!!status:trivial
@!!prover:tlapm
@!!already:false
@!!END

@!!BEGIN
@!!type:obligation
@!!id:2604
@!!loc:1761:18:1761:20
@!!status:proved
@!!prover:smt
@!!meth:time-limit: 60
@!!already:true
@!!END

@!!BEGIN
@!!type:obligation
@!!id:2605
@!!loc:1761:21:1761:25
@!!status:trivial
@!!prover:tlapm
@!!already:false
@!!END

@!!BEGIN
@!!type:obligation
@!!id:2606
@!!loc:1761:27:1761:38
@!!status:trivial
@!!prover:tlapm
@!!already:false
@!!END

@!!BEGIN
@!!type:obligation
@!!id:2608
@!!loc:1763:24:1763:26
@!!status:proved
@!!prover:smt
@!!meth:time-limit: 60; time-used: 0.2 (0%)
@!!already:false
@!!END

@!!BEGIN
@!!type:obligation
@!!id:2607
@!!loc:1762:39:1762:41
@!!status:proved
@!!prover:smt
@!!meth:time-limit: 60; time-used: 0.5 (1%)
@!!already:false
@!!END

@!!BEGIN
@!!type:obligation
@!!id:2576
@!!loc:1743:115:1743:117
@!!status:proved
@!!prover:smt
@!!meth:time-limit: 60; time-used: 3.2 (5%)
@!!already:false
@!!END

@!!BEGIN
@!!type:obligation
@!!id:2610
@!!loc:1765:67:1765:69
@!!status:proved
@!!prover:smt
@!!meth:time-limit: 60
@!!already:true
@!!END

@!!BEGIN
@!!type:obligation
@!!id:2611
@!!loc:1765:70:1765:74
@!!status:trivial
@!!prover:tlapm
@!!already:false
@!!END

@!!BEGIN
@!!type:obligation
@!!id:2612
@!!loc:1765:76:1765:80
@!!status:trivial
@!!prover:tlapm
@!!already:false
@!!END

@!!BEGIN
@!!type:obligation
@!!id:2613
@!!loc:1765:82:1765:90
@!!status:trivial
@!!prover:tlapm
@!!already:false
@!!END

@!!BEGIN
@!!type:obligation
@!!id:2614
@!!loc:1779:3:1779:5
@!!status:proved
@!!prover:smt
@!!meth:time-limit: 60; time-used: 0.7 (1%)
@!!already:false
@!!END

@!!BEGIN
@!!type:obligation
@!!id:2609
@!!loc:1764:37:1764:39
@!!status:proved
@!!prover:smt
@!!meth:time-limit: 60; time-used: 3.4 (6%)
@!!already:false
@!!END

@!!BEGIN
@!!type:obligation
@!!id:2616
@!!loc:1780:93:1780:97
@!!status:trivial
@!!prover:tlapm
@!!already:false
@!!END

@!!BEGIN
@!!type:obligation
@!!id:2617
@!!loc:1780:99:1780:103
@!!status:trivial
@!!prover:tlapm
@!!already:false
@!!END

@!!BEGIN
@!!type:obligation
@!!id:2618
@!!loc:1781:33:1781:35
@!!status:proved
@!!prover:smt
@!!meth:time-limit: 60
@!!already:true
@!!END

@!!BEGIN
@!!type:obligation
@!!id:2619
@!!loc:1781:36:1781:40
@!!status:trivial
@!!prover:tlapm
@!!already:false
@!!END

@!!BEGIN
@!!type:obligation
@!!id:2620
@!!loc:1781:42:1781:46
@!!status:trivial
@!!prover:tlapm
@!!already:false
@!!END

@!!BEGIN
@!!type:obligation
@!!id:2621
@!!loc:1781:48:1781:52
@!!status:trivial
@!!prover:tlapm
@!!already:false
@!!END

@!!BEGIN
@!!type:obligation
@!!id:2622
@!!loc:1781:54:1781:59
@!!status:trivial
@!!prover:tlapm
@!!already:false
@!!END

@!!BEGIN
@!!type:obligation
@!!id:2623
@!!loc:1781:61:1781:65
@!!status:trivial
@!!prover:tlapm
@!!already:false
@!!END

@!!BEGIN
@!!type:obligation
@!!id:2624
@!!loc:1781:67:1781:78
@!!status:trivial
@!!prover:tlapm
@!!already:false
@!!END

@!!BEGIN
@!!type:obligation
@!!id:2626
@!!loc:1782:87:1782:91
@!!status:trivial
@!!prover:tlapm
@!!already:false
@!!END

@!!BEGIN
@!!type:obligation
@!!id:2627
@!!loc:1783:14:1783:16
@!!status:proved
@!!prover:smt
@!!meth:time-limit: 60
@!!already:true
@!!END

@!!BEGIN
@!!type:obligation
@!!id:2628
@!!loc:1783:17:1783:21
@!!status:trivial
@!!prover:tlapm
@!!already:false
@!!END

@!!BEGIN
@!!type:obligation
@!!id:2629
@!!loc:1783:23:1783:27
@!!status:trivial
@!!prover:tlapm
@!!already:false
@!!END

@!!BEGIN
@!!type:obligation
@!!id:2630
@!!loc:1783:29:1783:34
@!!status:trivial
@!!prover:tlapm
@!!already:false
@!!END

@!!BEGIN
@!!type:obligation
@!!id:2631
@!!loc:1783:36:1783:46
@!!status:trivial
@!!prover:tlapm
@!!already:false
@!!END

@!!BEGIN
@!!type:obligation
@!!id:2633
@!!loc:1784:99:1784:103
@!!status:trivial
@!!prover:tlapm
@!!already:false
@!!END

@!!BEGIN
@!!type:obligation
@!!id:2634
@!!loc:1784:105:1784:109
@!!status:trivial
@!!prover:tlapm
@!!already:false
@!!END

@!!BEGIN
@!!type:obligation
@!!id:2635
@!!loc:1785:13:1785:15
@!!status:proved
@!!prover:smt
@!!meth:time-limit: 60
@!!already:true
@!!END

@!!BEGIN
@!!type:obligation
@!!id:2636
@!!loc:1785:16:1785:20
@!!status:trivial
@!!prover:tlapm
@!!already:false
@!!END

@!!BEGIN
@!!type:obligation
@!!id:2637
@!!loc:1785:22:1785:26
@!!status:trivial
@!!prover:tlapm
@!!already:false
@!!END

@!!BEGIN
@!!type:obligation
@!!id:2638
@!!loc:1785:28:1785:33
@!!status:trivial
@!!prover:tlapm
@!!already:false
@!!END

@!!BEGIN
@!!type:obligation
@!!id:2639
@!!loc:1785:35:1785:44
@!!status:trivial
@!!prover:tlapm
@!!already:false
@!!END

@!!BEGIN
@!!type:obligation
@!!id:2632
@!!loc:1784:96:1784:98
@!!status:proved
@!!prover:smt
@!!meth:time-limit: 60; time-used: 0.9 (2%)
@!!already:false
@!!END

@!!BEGIN
@!!type:obligation
@!!id:2625
@!!loc:1782:84:1782:86
@!!status:proved
@!!prover:smt
@!!meth:time-limit: 60; time-used: 1.8 (3%)
@!!already:false
@!!END

@!!BEGIN
@!!type:obligation
@!!id:2615
@!!loc:1780:90:1780:92
@!!status:proved
@!!prover:smt
@!!meth:time-limit: 60; time-used: 3.0 (5%)
@!!already:false
@!!END

@!!BEGIN
@!!type:obligation
@!!id:2641
@!!loc:1786:131:1786:135
@!!status:trivial
@!!prover:tlapm
@!!already:false
@!!END

@!!BEGIN
@!!type:obligation
@!!id:2642
@!!loc:1787:12:1787:14
@!!status:proved
@!!prover:smt
@!!meth:time-limit: 60
@!!already:true
@!!END

@!!BEGIN
@!!type:obligation
@!!id:2643
@!!loc:1787:15:1787:19
@!!status:trivial
@!!prover:tlapm
@!!already:false
@!!END

@!!BEGIN
@!!type:obligation
@!!id:2644
@!!loc:1787:21:1787:25
@!!status:trivial
@!!prover:tlapm
@!!already:false
@!!END

@!!BEGIN
@!!type:obligation
@!!id:2645
@!!loc:1787:27:1787:32
@!!status:trivial
@!!prover:tlapm
@!!already:false
@!!END

@!!BEGIN
@!!type:obligation
@!!id:2646
@!!loc:1787:34:1787:42
@!!status:trivial
@!!prover:tlapm
@!!already:false
@!!END

@!!BEGIN
@!!type:obligation
@!!id:2648
@!!loc:1788:56:1788:60
@!!status:trivial
@!!prover:tlapm
@!!already:false
@!!END

@!!BEGIN
@!!type:obligation
@!!id:2649
@!!loc:1788:62:1788:66
@!!status:trivial
@!!prover:tlapm
@!!already:false
@!!END

@!!BEGIN
@!!type:obligation
@!!id:2650
@!!loc:1789:12:1789:14
@!!status:proved
@!!prover:smt
@!!meth:time-limit: 60
@!!already:true
@!!END

@!!BEGIN
@!!type:obligation
@!!id:2651
@!!loc:1789:15:1789:19
@!!status:trivial
@!!prover:tlapm
@!!already:false
@!!END

@!!BEGIN
@!!type:obligation
@!!id:2652
@!!loc:1789:21:1789:25
@!!status:trivial
@!!prover:tlapm
@!!already:false
@!!END

@!!BEGIN
@!!type:obligation
@!!id:2653
@!!loc:1789:27:1789:32
@!!status:trivial
@!!prover:tlapm
@!!already:false
@!!END

@!!BEGIN
@!!type:obligation
@!!id:2654
@!!loc:1789:34:1789:42
@!!status:trivial
@!!prover:tlapm
@!!already:false
@!!END

@!!BEGIN
@!!type:obligation
@!!id:2656
@!!loc:1793:6:1793:10
@!!status:trivial
@!!prover:tlapm
@!!already:false
@!!END

@!!BEGIN
@!!type:obligation
@!!id:2657
@!!loc:1793:12:1793:16
@!!status:trivial
@!!prover:tlapm
@!!already:false
@!!END

@!!BEGIN
@!!type:obligation
@!!id:2655
@!!loc:1793:3:1793:5
@!!status:proved
@!!prover:smt
@!!meth:time-limit: 60; time-used: 1.6 (3%)
@!!already:false
@!!END

@!!BEGIN
@!!type:obligation
@!!id:2647
@!!loc:1788:53:1788:55
@!!status:proved
@!!prover:smt
@!!meth:time-limit: 60; time-used: 3.2 (5%)
@!!already:false
@!!END

@!!BEGIN
@!!type:obligation
@!!id:2640
@!!loc:1786:128:1786:130
@!!status:proved
@!!prover:smt
@!!meth:time-limit: 60; time-used: 4.3 (7%)
@!!already:false
@!!END

@!!BEGIN
@!!type:obligation
@!!id:2659
@!!loc:1796:6:1796:10
@!!status:trivial
@!!prover:tlapm
@!!already:false
@!!END

@!!BEGIN
@!!type:obligation
@!!id:2660
@!!loc:1796:12:1796:16
@!!status:trivial
@!!prover:tlapm
@!!already:false
@!!END

@!!BEGIN
@!!type:obligation
@!!id:2661
@!!loc:1796:18:1796:22
@!!status:trivial
@!!prover:tlapm
@!!already:false
@!!END

@!!BEGIN
@!!type:obligation
@!!id:2662
@!!loc:1797:16:1797:18
@!!status:proved
@!!prover:smt
@!!meth:time-limit: 60
@!!already:true
@!!END

@!!BEGIN
@!!type:obligation
@!!id:2663
@!!loc:1797:19:1797:23
@!!status:trivial
@!!prover:tlapm
@!!already:false
@!!END

@!!BEGIN
@!!type:obligation
@!!id:2664
@!!loc:1797:25:1797:29
@!!status:trivial
@!!prover:tlapm
@!!already:false
@!!END

@!!BEGIN
@!!type:obligation
@!!id:2665
@!!loc:1797:31:1797:36
@!!status:trivial
@!!prover:tlapm
@!!already:false
@!!END

@!!BEGIN
@!!type:obligation
@!!id:2666
@!!loc:1797:38:1797:43
@!!status:trivial
@!!prover:tlapm
@!!already:false
@!!END

@!!BEGIN
@!!type:obligation
@!!id:2667
@!!loc:1797:45:1797:58
@!!status:trivial
@!!prover:tlapm
@!!already:false
@!!END

@!!BEGIN
@!!type:obligation
@!!id:2669
@!!loc:1798:106:1798:110
@!!status:trivial
@!!prover:tlapm
@!!already:false
@!!END

@!!BEGIN
@!!type:obligation
@!!id:2670
@!!loc:1799:17:1799:19
@!!status:proved
@!!prover:smt
@!!meth:time-limit: 60
@!!already:true
@!!END

@!!BEGIN
@!!type:obligation
@!!id:2671
@!!loc:1799:20:1799:24
@!!status:trivial
@!!prover:tlapm
@!!already:false
@!!END

@!!BEGIN
@!!type:obligation
@!!id:2672
@!!loc:1799:26:1799:32
@!!status:trivial
@!!prover:tlapm
@!!already:false
@!!END

@!!BEGIN
@!!type:obligation
@!!id:2673
@!!loc:1799:34:1799:45
@!!status:trivial
@!!prover:tlapm
@!!already:false
@!!END

@!!BEGIN
@!!type:obligation
@!!id:2675
@!!loc:1902:13:1902:17
@!!status:trivial
@!!prover:tlapm
@!!already:false
@!!END

@!!BEGIN
@!!type:obligation
@!!id:2676
@!!loc:1902:19:1902:23
@!!status:trivial
@!!prover:tlapm
@!!already:false
@!!END

@!!BEGIN
@!!type:obligation
@!!id:2677
@!!loc:1805:17:1805:19
@!!status:proved
@!!prover:smt
@!!meth:time-limit: 60
@!!already:true
@!!END

@!!BEGIN
@!!type:obligation
@!!id:2678
@!!loc:1806:14:1806:16
@!!status:proved
@!!prover:smt
@!!meth:time-limit: 60
@!!already:true
@!!END

@!!BEGIN
@!!type:obligation
@!!id:2679
@!!loc:1806:17:1806:21
@!!status:trivial
@!!prover:tlapm
@!!already:false
@!!END

@!!BEGIN
@!!type:obligation
@!!id:2680
@!!loc:1807:73:1807:75
@!!status:proved
@!!prover:smt
@!!meth:time-limit: 60
@!!already:true
@!!END

@!!BEGIN
@!!type:obligation
@!!id:2681
@!!loc:1808:34:1808:36
@!!status:proved
@!!prover:smt
@!!meth:time-limit: 60
@!!already:true
@!!END

@!!BEGIN
@!!type:obligation
@!!id:2682
@!!loc:1808:37:1808:41
@!!status:trivial
@!!prover:tlapm
@!!already:false
@!!END

@!!BEGIN
@!!type:obligation
@!!id:2683
@!!loc:1809:59:1809:61
@!!status:proved
@!!prover:smt
@!!meth:time-limit: 60
@!!already:true
@!!END

@!!BEGIN
@!!type:obligation
@!!id:2684
@!!loc:1809:62:1809:66
@!!status:trivial
@!!prover:tlapm
@!!already:false
@!!END

@!!BEGIN
@!!type:obligation
@!!id:2685
@!!loc:1815:3:1815:5
@!!status:proved
@!!prover:smt
@!!meth:time-limit: 60
@!!already:true
@!!END

@!!BEGIN
@!!type:obligation
@!!id:2686
@!!loc:1815:6:1815:10
@!!status:trivial
@!!prover:tlapm
@!!already:false
@!!END

@!!BEGIN
@!!type:obligation
@!!id:2687
@!!loc:1815:12:1815:24
@!!status:trivial
@!!prover:tlapm
@!!already:false
@!!END

@!!BEGIN
@!!type:obligation
@!!id:2688
@!!loc:1816:18:1816:20
@!!status:proved
@!!prover:smt
@!!meth:time-limit: 60
@!!already:true
@!!END

@!!BEGIN
@!!type:obligation
@!!id:2689
@!!loc:1816:21:1816:25
@!!status:trivial
@!!prover:tlapm
@!!already:false
@!!END

@!!BEGIN
@!!type:obligation
@!!id:2690
@!!loc:1816:27:1816:40
@!!status:trivial
@!!prover:tlapm
@!!already:false
@!!END

@!!BEGIN
@!!type:obligation
@!!id:2674
@!!loc:1902:10:1902:12
@!!status:proved
@!!prover:smt
@!!meth:time-limit: 60; time-used: 1.1 (2%)
@!!already:false
@!!END

@!!BEGIN
@!!type:obligation
@!!id:2668
@!!loc:1798:103:1798:105
@!!status:proved
@!!prover:smt
@!!meth:time-limit: 60; time-used: 1.6 (3%)
@!!already:false
@!!END

@!!BEGIN
@!!type:obligation
@!!id:2658
@!!loc:1796:3:1796:5
@!!status:proved
@!!prover:smt
@!!meth:time-limit: 60; time-used: 3.1 (5%)
@!!already:false
@!!END

@!!BEGIN
@!!type:obligation
@!!id:2694
@!!loc:1819:33:1819:37
@!!status:trivial
@!!prover:tlapm
@!!already:false
@!!END

@!!BEGIN
@!!type:obligation
@!!id:2695
@!!loc:1819:39:1819:43
@!!status:trivial
@!!prover:tlapm
@!!already:false
@!!END

@!!BEGIN
@!!type:obligation
@!!id:2696
@!!loc:1859:12:1859:14
@!!status:proved
@!!prover:smt
@!!meth:time-limit: 60
@!!already:true
@!!END

@!!BEGIN
@!!type:obligation
@!!id:2697
@!!loc:1859:15:1859:19
@!!status:trivial
@!!prover:tlapm
@!!already:false
@!!END

@!!BEGIN
@!!type:obligation
@!!id:2698
@!!loc:1859:21:1859:25
@!!status:trivial
@!!prover:tlapm
@!!already:false
@!!END

@!!BEGIN
@!!type:obligation
@!!id:2699
@!!loc:1859:27:1859:31
@!!status:trivial
@!!prover:tlapm
@!!already:false
@!!END

@!!BEGIN
@!!type:obligation
@!!id:2700
@!!loc:1859:33:1859:37
@!!status:trivial
@!!prover:tlapm
@!!already:false
@!!END

@!!BEGIN
@!!type:obligation
@!!id:2701
@!!loc:1859:39:1859:43
@!!status:trivial
@!!prover:tlapm
@!!already:false
@!!END

@!!BEGIN
@!!type:obligation
@!!id:2702
@!!loc:1859:45:1859:49
@!!status:trivial
@!!prover:tlapm
@!!already:false
@!!END

@!!BEGIN
@!!type:obligation
@!!id:2703
@!!loc:1859:51:1859:55
@!!status:trivial
@!!prover:tlapm
@!!already:false
@!!END

@!!BEGIN
@!!type:obligation
@!!id:2704
@!!loc:1859:57:1859:62
@!!status:trivial
@!!prover:tlapm
@!!already:false
@!!END

@!!BEGIN
@!!type:obligation
@!!id:2693
@!!loc:1819:30:1819:32
@!!status:proved
@!!prover:smt
@!!meth:time-limit: 60; time-used: 1.4 (2%)
@!!already:false
@!!END

@!!BEGIN
@!!type:obligation
@!!id:2692
@!!loc:1818:24:1818:26
@!!status:proved
@!!prover:smt
@!!meth:time-limit: 60; time-used: 1.8 (3%)
@!!already:false
@!!END

@!!BEGIN
@!!type:obligation
@!!id:2691
@!!loc:1817:58:1817:60
@!!status:proved
@!!prover:smt
@!!meth:time-limit: 60; time-used: 2.4 (4%)
@!!already:false
@!!END

@!!BEGIN
@!!type:obligation
@!!id:2706
@!!loc:1821:49:1821:53
@!!status:trivial
@!!prover:tlapm
@!!already:false
@!!END

@!!BEGIN
@!!type:obligation
@!!id:2707
@!!loc:1822:26:1822:28
@!!status:proved
@!!prover:smt
@!!meth:time-limit: 60
@!!already:true
@!!END

@!!BEGIN
@!!type:obligation
@!!id:2708
@!!loc:1823:60:1823:62
@!!status:proved
@!!prover:smt
@!!meth:time-limit: 60
@!!already:true
@!!END

@!!BEGIN
@!!type:obligation
@!!id:2709
@!!loc:1824:74:1824:76
@!!status:proved
@!!prover:smt
@!!meth:time-limit: 60
@!!already:true
@!!END

@!!BEGIN
@!!type:obligation
@!!id:2710
@!!loc:1824:77:1824:81
@!!status:trivial
@!!prover:tlapm
@!!already:false
@!!END

@!!BEGIN
@!!type:obligation
@!!id:2711
@!!loc:1824:83:1824:87
@!!status:trivial
@!!prover:tlapm
@!!already:false
@!!END

@!!BEGIN
@!!type:obligation
@!!id:2712
@!!loc:1824:89:1824:97
@!!status:trivial
@!!prover:tlapm
@!!already:false
@!!END

@!!BEGIN
@!!type:obligation
@!!id:2713
@!!loc:1838:5:1838:7
@!!status:proved
@!!prover:smt
@!!meth:time-limit: 60; time-used: 1.0 (2%)
@!!already:false
@!!END

@!!BEGIN
@!!type:obligation
@!!id:2705
@!!loc:1821:46:1821:48
@!!status:proved
@!!prover:smt
@!!meth:time-limit: 60; time-used: 3.1 (5%)
@!!already:false
@!!END

@!!BEGIN
@!!type:obligation
@!!id:2715
@!!loc:1839:105:1839:109
@!!status:trivial
@!!prover:tlapm
@!!already:false
@!!END

@!!BEGIN
@!!type:obligation
@!!id:2716
@!!loc:1839:111:1839:115
@!!status:trivial
@!!prover:tlapm
@!!already:false
@!!END

@!!BEGIN
@!!type:obligation
@!!id:2717
@!!loc:1840:35:1840:37
@!!status:proved
@!!prover:smt
@!!meth:time-limit: 60
@!!already:true
@!!END

@!!BEGIN
@!!type:obligation
@!!id:2718
@!!loc:1840:38:1840:42
@!!status:trivial
@!!prover:tlapm
@!!already:false
@!!END

@!!BEGIN
@!!type:obligation
@!!id:2719
@!!loc:1840:44:1840:48
@!!status:trivial
@!!prover:tlapm
@!!already:false
@!!END

@!!BEGIN
@!!type:obligation
@!!id:2720
@!!loc:1840:50:1840:54
@!!status:trivial
@!!prover:tlapm
@!!already:false
@!!END

@!!BEGIN
@!!type:obligation
@!!id:2721
@!!loc:1840:56:1840:61
@!!status:trivial
@!!prover:tlapm
@!!already:false
@!!END

@!!BEGIN
@!!type:obligation
@!!id:2722
@!!loc:1840:63:1840:67
@!!status:trivial
@!!prover:tlapm
@!!already:false
@!!END

@!!BEGIN
@!!type:obligation
@!!id:2723
@!!loc:1840:69:1840:80
@!!status:trivial
@!!prover:tlapm
@!!already:false
@!!END

@!!BEGIN
@!!type:obligation
@!!id:2725
@!!loc:1841:104:1841:108
@!!status:trivial
@!!prover:tlapm
@!!already:false
@!!END

@!!BEGIN
@!!type:obligation
@!!id:2726
@!!loc:1841:110:1841:114
@!!status:trivial
@!!prover:tlapm
@!!already:false
@!!END

@!!BEGIN
@!!type:obligation
@!!id:2727
@!!loc:1842:16:1842:18
@!!status:proved
@!!prover:smt
@!!meth:time-limit: 60
@!!already:true
@!!END

@!!BEGIN
@!!type:obligation
@!!id:2728
@!!loc:1842:19:1842:23
@!!status:trivial
@!!prover:tlapm
@!!already:false
@!!END

@!!BEGIN
@!!type:obligation
@!!id:2729
@!!loc:1842:25:1842:29
@!!status:trivial
@!!prover:tlapm
@!!already:false
@!!END

@!!BEGIN
@!!type:obligation
@!!id:2730
@!!loc:1842:31:1842:36
@!!status:trivial
@!!prover:tlapm
@!!already:false
@!!END

@!!BEGIN
@!!type:obligation
@!!id:2731
@!!loc:1842:38:1842:48
@!!status:trivial
@!!prover:tlapm
@!!already:false
@!!END

@!!BEGIN
@!!type:obligation
@!!id:2733
@!!loc:1843:121:1843:125
@!!status:trivial
@!!prover:tlapm
@!!already:false
@!!END

@!!BEGIN
@!!type:obligation
@!!id:2734
@!!loc:1843:127:1843:131
@!!status:trivial
@!!prover:tlapm
@!!already:false
@!!END

@!!BEGIN
@!!type:obligation
@!!id:2735
@!!loc:1844:15:1844:17
@!!status:proved
@!!prover:smt
@!!meth:time-limit: 60
@!!already:true
@!!END

@!!BEGIN
@!!type:obligation
@!!id:2736
@!!loc:1844:18:1844:22
@!!status:trivial
@!!prover:tlapm
@!!already:false
@!!END

@!!BEGIN
@!!type:obligation
@!!id:2737
@!!loc:1844:24:1844:28
@!!status:trivial
@!!prover:tlapm
@!!already:false
@!!END

@!!BEGIN
@!!type:obligation
@!!id:2738
@!!loc:1844:30:1844:35
@!!status:trivial
@!!prover:tlapm
@!!already:false
@!!END

@!!BEGIN
@!!type:obligation
@!!id:2739
@!!loc:1844:37:1844:46
@!!status:trivial
@!!prover:tlapm
@!!already:false
@!!END

@!!BEGIN
@!!type:obligation
@!!id:2732
@!!loc:1843:118:1843:120
@!!status:proved
@!!prover:smt
@!!meth:time-limit: 60; time-used: 0.5 (1%)
@!!already:false
@!!END

@!!BEGIN
@!!type:obligation
@!!id:2724
@!!loc:1841:101:1841:103
@!!status:proved
@!!prover:smt
@!!meth:time-limit: 60; time-used: 1.5 (2%)
@!!already:false
@!!END

@!!BEGIN
@!!type:obligation
@!!id:2714
@!!loc:1839:102:1839:104
@!!status:proved
@!!prover:smt
@!!meth:time-limit: 60; time-used: 3.1 (5%)
@!!already:false
@!!END

@!!BEGIN
@!!type:obligation
@!!id:2741
@!!loc:1845:153:1845:157
@!!status:trivial
@!!prover:tlapm
@!!already:false
@!!END

@!!BEGIN
@!!type:obligation
@!!id:2742
@!!loc:1845:159:1845:163
@!!status:trivial
@!!prover:tlapm
@!!already:false
@!!END

@!!BEGIN
@!!type:obligation
@!!id:2743
@!!loc:1846:14:1846:16
@!!status:proved
@!!prover:smt
@!!meth:time-limit: 60
@!!already:true
@!!END

@!!BEGIN
@!!type:obligation
@!!id:2744
@!!loc:1846:17:1846:21
@!!status:trivial
@!!prover:tlapm
@!!already:false
@!!END

@!!BEGIN
@!!type:obligation
@!!id:2745
@!!loc:1846:23:1846:27
@!!status:trivial
@!!prover:tlapm
@!!already:false
@!!END

@!!BEGIN
@!!type:obligation
@!!id:2746
@!!loc:1846:29:1846:34
@!!status:trivial
@!!prover:tlapm
@!!already:false
@!!END

@!!BEGIN
@!!type:obligation
@!!id:2747
@!!loc:1846:36:1846:44
@!!status:trivial
@!!prover:tlapm
@!!already:false
@!!END

@!!BEGIN
@!!type:obligation
@!!id:2749
@!!loc:1847:68:1847:72
@!!status:trivial
@!!prover:tlapm
@!!already:false
@!!END

@!!BEGIN
@!!type:obligation
@!!id:2750
@!!loc:1847:74:1847:78
@!!status:trivial
@!!prover:tlapm
@!!already:false
@!!END

@!!BEGIN
@!!type:obligation
@!!id:2751
@!!loc:1848:14:1848:16
@!!status:proved
@!!prover:smt
@!!meth:time-limit: 60
@!!already:true
@!!END

@!!BEGIN
@!!type:obligation
@!!id:2752
@!!loc:1848:17:1848:21
@!!status:trivial
@!!prover:tlapm
@!!already:false
@!!END

@!!BEGIN
@!!type:obligation
@!!id:2753
@!!loc:1848:23:1848:27
@!!status:trivial
@!!prover:tlapm
@!!already:false
@!!END

@!!BEGIN
@!!type:obligation
@!!id:2754
@!!loc:1848:29:1848:34
@!!status:trivial
@!!prover:tlapm
@!!already:false
@!!END

@!!BEGIN
@!!type:obligation
@!!id:2755
@!!loc:1848:36:1848:44
@!!status:trivial
@!!prover:tlapm
@!!already:false
@!!END

@!!BEGIN
@!!type:obligation
@!!id:2748
@!!loc:1847:65:1847:67
@!!status:proved
@!!prover:smt
@!!meth:time-limit: 60; time-used: 1.6 (3%)
@!!already:false
@!!END

@!!BEGIN
@!!type:obligation
@!!id:2740
@!!loc:1845:150:1845:152
@!!status:proved
@!!prover:smt
@!!meth:time-limit: 60; time-used: 3.5 (6%)
@!!already:false
@!!END

@!!BEGIN
@!!type:obligation
@!!id:2757
@!!loc:1852:8:1852:12
@!!status:trivial
@!!prover:tlapm
@!!already:false
@!!END

@!!BEGIN
@!!type:obligation
@!!id:2758
@!!loc:1852:14:1852:18
@!!status:trivial
@!!prover:tlapm
@!!already:false
@!!END

@!!BEGIN
@!!type:obligation
@!!id:2760
@!!loc:1855:8:1855:12
@!!status:trivial
@!!prover:tlapm
@!!already:false
@!!END

@!!BEGIN
@!!type:obligation
@!!id:2761
@!!loc:1855:14:1855:18
@!!status:trivial
@!!prover:tlapm
@!!already:false
@!!END

@!!BEGIN
@!!type:obligation
@!!id:2762
@!!loc:1855:20:1855:24
@!!status:trivial
@!!prover:tlapm
@!!already:false
@!!END

@!!BEGIN
@!!type:obligation
@!!id:2763
@!!loc:1856:18:1856:20
@!!status:proved
@!!prover:smt
@!!meth:time-limit: 60
@!!already:true
@!!END

@!!BEGIN
@!!type:obligation
@!!id:2764
@!!loc:1856:21:1856:25
@!!status:trivial
@!!prover:tlapm
@!!already:false
@!!END

@!!BEGIN
@!!type:obligation
@!!id:2765
@!!loc:1856:27:1856:31
@!!status:trivial
@!!prover:tlapm
@!!already:false
@!!END

@!!BEGIN
@!!type:obligation
@!!id:2766
@!!loc:1856:33:1856:38
@!!status:trivial
@!!prover:tlapm
@!!already:false
@!!END

@!!BEGIN
@!!type:obligation
@!!id:2767
@!!loc:1856:40:1856:45
@!!status:trivial
@!!prover:tlapm
@!!already:false
@!!END

@!!BEGIN
@!!type:obligation
@!!id:2768
@!!loc:1856:47:1856:60
@!!status:trivial
@!!prover:tlapm
@!!already:false
@!!END

@!!BEGIN
@!!type:obligation
@!!id:2759
@!!loc:1855:5:1855:7
@!!status:proved
@!!prover:smt
@!!meth:time-limit: 60; time-used: 2.0 (3%)
@!!already:false
@!!END

@!!BEGIN
@!!type:obligation
@!!id:2756
@!!loc:1852:5:1852:7
@!!status:proved
@!!prover:smt
@!!meth:time-limit: 60; time-used: 3.1 (5%)
@!!already:false
@!!END

@!!BEGIN
@!!type:obligation
@!!id:2770
@!!loc:1857:118:1857:122
@!!status:trivial
@!!prover:tlapm
@!!already:false
@!!END

@!!BEGIN
@!!type:obligation
@!!id:2771
@!!loc:1858:19:1858:21
@!!status:proved
@!!prover:smt
@!!meth:time-limit: 60
@!!already:true
@!!END

@!!BEGIN
@!!type:obligation
@!!id:2772
@!!loc:1858:22:1858:26
@!!status:trivial
@!!prover:tlapm
@!!already:false
@!!END

@!!BEGIN
@!!type:obligation
@!!id:2773
@!!loc:1858:28:1858:34
@!!status:trivial
@!!prover:tlapm
@!!already:false
@!!END

@!!BEGIN
@!!type:obligation
@!!id:2774
@!!loc:1858:36:1858:47
@!!status:trivial
@!!prover:tlapm
@!!already:false
@!!END

@!!BEGIN
@!!type:obligation
@!!id:2775
@!!loc:1901:12:1901:14
@!!status:proved
@!!prover:smt
@!!meth:time-limit: 60
@!!already:true
@!!END

@!!BEGIN
@!!type:obligation
@!!id:2776
@!!loc:1901:15:1901:19
@!!status:trivial
@!!prover:tlapm
@!!already:false
@!!END

@!!BEGIN
@!!type:obligation
@!!id:2777
@!!loc:1901:21:1901:25
@!!status:trivial
@!!prover:tlapm
@!!already:false
@!!END

@!!BEGIN
@!!type:obligation
@!!id:2778
@!!loc:1901:27:1901:31
@!!status:trivial
@!!prover:tlapm
@!!already:false
@!!END

@!!BEGIN
@!!type:obligation
@!!id:2779
@!!loc:1901:33:1901:37
@!!status:trivial
@!!prover:tlapm
@!!already:false
@!!END

@!!BEGIN
@!!type:obligation
@!!id:2780
@!!loc:1901:39:1901:43
@!!status:trivial
@!!prover:tlapm
@!!already:false
@!!END

@!!BEGIN
@!!type:obligation
@!!id:2781
@!!loc:1901:45:1901:49
@!!status:trivial
@!!prover:tlapm
@!!already:false
@!!END

@!!BEGIN
@!!type:obligation
@!!id:2782
@!!loc:1901:51:1901:55
@!!status:trivial
@!!prover:tlapm
@!!already:false
@!!END

@!!BEGIN
@!!type:obligation
@!!id:2783
@!!loc:1901:57:1901:62
@!!status:trivial
@!!prover:tlapm
@!!already:false
@!!END

@!!BEGIN
@!!type:obligation
@!!id:2785
@!!loc:1862:56:1862:60
@!!status:trivial
@!!prover:tlapm
@!!already:false
@!!END

@!!BEGIN
@!!type:obligation
@!!id:2786
@!!loc:1863:26:1863:28
@!!status:proved
@!!prover:smt
@!!meth:time-limit: 60
@!!already:true
@!!END

@!!BEGIN
@!!type:obligation
@!!id:2787
@!!loc:1864:60:1864:62
@!!status:proved
@!!prover:smt
@!!meth:time-limit: 60
@!!already:true
@!!END

@!!BEGIN
@!!type:obligation
@!!id:2789
@!!loc:1865:84:1865:88
@!!status:trivial
@!!prover:tlapm
@!!already:false
@!!END

@!!BEGIN
@!!type:obligation
@!!id:2790
@!!loc:1865:90:1865:94
@!!status:trivial
@!!prover:tlapm
@!!already:false
@!!END

@!!BEGIN
@!!type:obligation
@!!id:2791
@!!loc:1865:96:1865:104
@!!status:trivial
@!!prover:tlapm
@!!already:false
@!!END

@!!BEGIN
@!!type:obligation
@!!id:2788
@!!loc:1865:81:1865:83
@!!status:proved
@!!prover:smt
@!!meth:time-limit: 60; time-used: 3.2 (5%)
@!!already:false
@!!END

@!!BEGIN
@!!type:obligation
@!!id:2784
@!!loc:1862:53:1862:55
@!!status:proved
@!!prover:smt
@!!meth:time-limit: 60; time-used: 3.5 (6%)
@!!already:false
@!!END

@!!BEGIN
@!!type:obligation
@!!id:2769
@!!loc:1857:115:1857:117
@!!status:proved
@!!prover:smt
@!!meth:time-limit: 60; time-used: 4.9 (8%)
@!!already:false
@!!END

@!!BEGIN
@!!type:obligation
@!!id:2794
@!!loc:1880:119:1880:123
@!!status:trivial
@!!prover:tlapm
@!!already:false
@!!END

@!!BEGIN
@!!type:obligation
@!!id:2795
@!!loc:1880:125:1880:129
@!!status:trivial
@!!prover:tlapm
@!!already:false
@!!END

@!!BEGIN
@!!type:obligation
@!!id:2797
@!!loc:1881:38:1881:42
@!!status:trivial
@!!prover:tlapm
@!!already:false
@!!END

@!!BEGIN
@!!type:obligation
@!!id:2798
@!!loc:1881:44:1881:48
@!!status:trivial
@!!prover:tlapm
@!!already:false
@!!END

@!!BEGIN
@!!type:obligation
@!!id:2799
@!!loc:1881:50:1881:54
@!!status:trivial
@!!prover:tlapm
@!!already:false
@!!END

@!!BEGIN
@!!type:obligation
@!!id:2800
@!!loc:1881:56:1881:61
@!!status:trivial
@!!prover:tlapm
@!!already:false
@!!END

@!!BEGIN
@!!type:obligation
@!!id:2801
@!!loc:1881:63:1881:67
@!!status:trivial
@!!prover:tlapm
@!!already:false
@!!END

@!!BEGIN
@!!type:obligation
@!!id:2802
@!!loc:1881:69:1881:80
@!!status:trivial
@!!prover:tlapm
@!!already:false
@!!END

@!!BEGIN
@!!type:obligation
@!!id:2796
@!!loc:1881:35:1881:37
@!!status:proved
@!!prover:smt
@!!meth:time-limit: 60; time-used: 1.2 (2%)
@!!already:false
@!!END

@!!BEGIN
@!!type:obligation
@!!id:2793
@!!loc:1880:116:1880:118
@!!status:proved
@!!prover:smt
@!!meth:time-limit: 60; time-used: 1.6 (3%)
@!!already:false
@!!END

@!!BEGIN
@!!type:obligation
@!!id:2792
@!!loc:1879:5:1879:7
@!!status:proved
@!!prover:smt
@!!meth:time-limit: 60; time-used: 2.4 (4%)
@!!already:false
@!!END

@!!BEGIN
@!!type:obligation
@!!id:2804
@!!loc:1882:125:1882:129
@!!status:trivial
@!!prover:tlapm
@!!already:false
@!!END

@!!BEGIN
@!!type:obligation
@!!id:2805
@!!loc:1882:131:1882:135
@!!status:trivial
@!!prover:tlapm
@!!already:false
@!!END

@!!BEGIN
@!!type:obligation
@!!id:2807
@!!loc:1883:19:1883:23
@!!status:trivial
@!!prover:tlapm
@!!already:false
@!!END

@!!BEGIN
@!!type:obligation
@!!id:2808
@!!loc:1883:25:1883:29
@!!status:trivial
@!!prover:tlapm
@!!already:false
@!!END

@!!BEGIN
@!!type:obligation
@!!id:2809
@!!loc:1883:31:1883:36
@!!status:trivial
@!!prover:tlapm
@!!already:false
@!!END

@!!BEGIN
@!!type:obligation
@!!id:2810
@!!loc:1883:38:1883:48
@!!status:trivial
@!!prover:tlapm
@!!already:false
@!!END

@!!BEGIN
@!!type:obligation
@!!id:2812
@!!loc:1884:149:1884:153
@!!status:trivial
@!!prover:tlapm
@!!already:false
@!!END

@!!BEGIN
@!!type:obligation
@!!id:2813
@!!loc:1884:155:1884:159
@!!status:trivial
@!!prover:tlapm
@!!already:false
@!!END

@!!BEGIN
@!!type:obligation
@!!id:2811
@!!loc:1884:146:1884:148
@!!status:proved
@!!prover:smt
@!!meth:time-limit: 60; time-used: 0.6 (1%)
@!!already:false
@!!END

@!!BEGIN
@!!type:obligation
@!!id:2806
@!!loc:1883:16:1883:18
@!!status:proved
@!!prover:smt
@!!meth:time-limit: 60; time-used: 2.1 (4%)
@!!already:false
@!!END

@!!BEGIN
@!!type:obligation
@!!id:2803
@!!loc:1882:122:1882:124
@!!status:proved
@!!prover:smt
@!!meth:time-limit: 60; time-used: 2.6 (4%)
@!!already:false
@!!END

@!!BEGIN
@!!type:obligation
@!!id:2815
@!!loc:1885:18:1885:22
@!!status:trivial
@!!prover:tlapm
@!!already:false
@!!END

@!!BEGIN
@!!type:obligation
@!!id:2816
@!!loc:1885:24:1885:28
@!!status:trivial
@!!prover:tlapm
@!!already:false
@!!END

@!!BEGIN
@!!type:obligation
@!!id:2817
@!!loc:1885:30:1885:35
@!!status:trivial
@!!prover:tlapm
@!!already:false
@!!END

@!!BEGIN
@!!type:obligation
@!!id:2818
@!!loc:1885:37:1885:46
@!!status:trivial
@!!prover:tlapm
@!!already:false
@!!END

@!!BEGIN
@!!type:obligation
@!!id:2820
@!!loc:1886:181:1886:185
@!!status:trivial
@!!prover:tlapm
@!!already:false
@!!END

@!!BEGIN
@!!type:obligation
@!!id:2821
@!!loc:1886:187:1886:191
@!!status:trivial
@!!prover:tlapm
@!!already:false
@!!END

@!!BEGIN
@!!type:obligation
@!!id:2823
@!!loc:1887:17:1887:21
@!!status:trivial
@!!prover:tlapm
@!!already:false
@!!END

@!!BEGIN
@!!type:obligation
@!!id:2824
@!!loc:1887:23:1887:27
@!!status:trivial
@!!prover:tlapm
@!!already:false
@!!END

@!!BEGIN
@!!type:obligation
@!!id:2825
@!!loc:1887:29:1887:34
@!!status:trivial
@!!prover:tlapm
@!!already:false
@!!END

@!!BEGIN
@!!type:obligation
@!!id:2826
@!!loc:1887:36:1887:44
@!!status:trivial
@!!prover:tlapm
@!!already:false
@!!END

@!!BEGIN
@!!type:obligation
@!!id:2822
@!!loc:1887:14:1887:16
@!!status:proved
@!!prover:smt
@!!meth:time-limit: 60; time-used: 1.1 (2%)
@!!already:false
@!!END

@!!BEGIN
@!!type:obligation
@!!id:2819
@!!loc:1886:178:1886:180
@!!status:proved
@!!prover:smt
@!!meth:time-limit: 60; time-used: 1.7 (3%)
@!!already:false
@!!END

@!!BEGIN
@!!type:obligation
@!!id:2814
@!!loc:1885:15:1885:17
@!!status:proved
@!!prover:smt
@!!meth:time-limit: 60; time-used: 2.9 (5%)
@!!already:false
@!!END

@!!BEGIN
@!!type:obligation
@!!id:2828
@!!loc:1888:82:1888:86
@!!status:trivial
@!!prover:tlapm
@!!already:false
@!!END

@!!BEGIN
@!!type:obligation
@!!id:2829
@!!loc:1888:88:1888:92
@!!status:trivial
@!!prover:tlapm
@!!already:false
@!!END

@!!BEGIN
@!!type:obligation
@!!id:2831
@!!loc:1889:17:1889:21
@!!status:trivial
@!!prover:tlapm
@!!already:false
@!!END

@!!BEGIN
@!!type:obligation
@!!id:2832
@!!loc:1889:23:1889:27
@!!status:trivial
@!!prover:tlapm
@!!already:false
@!!END

@!!BEGIN
@!!type:obligation
@!!id:2833
@!!loc:1889:29:1889:34
@!!status:trivial
@!!prover:tlapm
@!!already:false
@!!END

@!!BEGIN
@!!type:obligation
@!!id:2834
@!!loc:1889:36:1889:44
@!!status:trivial
@!!prover:tlapm
@!!already:false
@!!END

@!!BEGIN
@!!type:obligation
@!!id:2836
@!!loc:1894:8:1894:12
@!!status:trivial
@!!prover:tlapm
@!!already:false
@!!END

@!!BEGIN
@!!type:obligation
@!!id:2837
@!!loc:1894:14:1894:18
@!!status:trivial
@!!prover:tlapm
@!!already:false
@!!END

@!!BEGIN
@!!type:obligation
@!!id:2838
@!!loc:1894:20:1894:24
@!!status:trivial
@!!prover:tlapm
@!!already:false
@!!END

@!!BEGIN
@!!type:obligation
@!!id:2835
@!!loc:1894:5:1894:7
@!!status:proved
@!!prover:smt
@!!meth:time-limit: 60; time-used: 0.2 (0%)
@!!already:false
@!!END

@!!BEGIN
@!!type:obligation
@!!id:2830
@!!loc:1889:14:1889:16
@!!status:proved
@!!prover:smt
@!!meth:time-limit: 60; time-used: 2.4 (4%)
@!!already:false
@!!END

@!!BEGIN
@!!type:obligation
@!!id:2827
@!!loc:1888:79:1888:81
@!!status:proved
@!!prover:smt
@!!meth:time-limit: 60; time-used: 3.0 (5%)
@!!already:false
@!!END

@!!BEGIN
@!!type:obligation
@!!id:2840
@!!loc:1897:8:1897:12
@!!status:trivial
@!!prover:tlapm
@!!already:false
@!!END

@!!BEGIN
@!!type:obligation
@!!id:2841
@!!loc:1897:14:1897:18
@!!status:trivial
@!!prover:tlapm
@!!already:false
@!!END

@!!BEGIN
@!!type:obligation
@!!id:2842
@!!loc:1897:20:1897:24
@!!status:trivial
@!!prover:tlapm
@!!already:false
@!!END

@!!BEGIN
@!!type:obligation
@!!id:2844
@!!loc:1898:21:1898:25
@!!status:trivial
@!!prover:tlapm
@!!already:false
@!!END

@!!BEGIN
@!!type:obligation
@!!id:2845
@!!loc:1898:27:1898:31
@!!status:trivial
@!!prover:tlapm
@!!already:false
@!!END

@!!BEGIN
@!!type:obligation
@!!id:2846
@!!loc:1898:33:1898:38
@!!status:trivial
@!!prover:tlapm
@!!already:false
@!!END

@!!BEGIN
@!!type:obligation
@!!id:2847
@!!loc:1898:40:1898:45
@!!status:trivial
@!!prover:tlapm
@!!already:false
@!!END

@!!BEGIN
@!!type:obligation
@!!id:2848
@!!loc:1898:47:1898:60
@!!status:trivial
@!!prover:tlapm
@!!already:false
@!!END

@!!BEGIN
@!!type:obligation
@!!id:2850
@!!loc:1899:132:1899:136
@!!status:trivial
@!!prover:tlapm
@!!already:false
@!!END

@!!BEGIN
@!!type:obligation
@!!id:2849
@!!loc:1899:129:1899:131
@!!status:proved
@!!prover:smt
@!!meth:time-limit: 60; time-used: 0.5 (1%)
@!!already:false
@!!END

@!!BEGIN
@!!type:obligation
@!!id:2843
@!!loc:1898:18:1898:20
@!!status:proved
@!!prover:smt
@!!meth:time-limit: 60; time-used: 2.3 (4%)
@!!already:false
@!!END

@!!BEGIN
@!!type:obligation
@!!id:2839
@!!loc:1897:5:1897:7
@!!status:proved
@!!prover:smt
@!!meth:time-limit: 60; time-used: 3.3 (5%)
@!!already:false
@!!END

@!!BEGIN
@!!type:obligation
@!!id:2852
@!!loc:1900:22:1900:26
@!!status:trivial
@!!prover:tlapm
@!!already:false
@!!END

@!!BEGIN
@!!type:obligation
@!!id:2853
@!!loc:1900:28:1900:34
@!!status:trivial
@!!prover:tlapm
@!!already:false
@!!END

@!!BEGIN
@!!type:obligation
@!!id:2854
@!!loc:1900:36:1900:47
@!!status:trivial
@!!prover:tlapm
@!!already:false
@!!END

@!!BEGIN
@!!type:obligation
@!!id:2855
@!!loc:1960:10:1960:12
@!!status:proved
@!!prover:smt
@!!meth:time-limit: 60
@!!already:true
@!!END

@!!BEGIN
@!!type:obligation
@!!id:2856
@!!loc:1960:13:1960:17
@!!status:trivial
@!!prover:tlapm
@!!already:false
@!!END

@!!BEGIN
@!!type:obligation
@!!id:2857
@!!loc:1960:19:1960:23
@!!status:trivial
@!!prover:tlapm
@!!already:false
@!!END

@!!BEGIN
@!!type:obligation
@!!id:2858
@!!loc:1960:25:1960:29
@!!status:trivial
@!!prover:tlapm
@!!already:false
@!!END

@!!BEGIN
@!!type:obligation
@!!id:2859
@!!loc:1960:31:1960:35
@!!status:trivial
@!!prover:tlapm
@!!already:false
@!!END

@!!BEGIN
@!!type:obligation
@!!id:2860
@!!loc:1960:37:1960:41
@!!status:trivial
@!!prover:tlapm
@!!already:false
@!!END

@!!BEGIN
@!!type:obligation
@!!id:2861
@!!loc:1960:43:1960:47
@!!status:trivial
@!!prover:tlapm
@!!already:false
@!!END

@!!BEGIN
@!!type:obligation
@!!id:2862
@!!loc:1960:49:1960:53
@!!status:trivial
@!!prover:tlapm
@!!already:false
@!!END

@!!BEGIN
@!!type:obligation
@!!id:2863
@!!loc:1960:55:1960:60
@!!status:trivial
@!!prover:tlapm
@!!already:false
@!!END

@!!BEGIN
@!!type:obligation
@!!id:2864
@!!loc:1910:17:1910:19
@!!status:proved
@!!prover:smt
@!!meth:time-limit: 60
@!!already:true
@!!END

@!!BEGIN
@!!type:obligation
@!!id:2865
@!!loc:1911:14:1911:16
@!!status:proved
@!!prover:smt
@!!meth:time-limit: 60
@!!already:true
@!!END

@!!BEGIN
@!!type:obligation
@!!id:2866
@!!loc:1911:17:1911:21
@!!status:trivial
@!!prover:tlapm
@!!already:false
@!!END

@!!BEGIN
@!!type:obligation
@!!id:2867
@!!loc:1912:73:1912:75
@!!status:proved
@!!prover:smt
@!!meth:time-limit: 60
@!!already:true
@!!END

@!!BEGIN
@!!type:obligation
@!!id:2868
@!!loc:1913:34:1913:36
@!!status:proved
@!!prover:smt
@!!meth:time-limit: 60
@!!already:true
@!!END

@!!BEGIN
@!!type:obligation
@!!id:2869
@!!loc:1913:37:1913:41
@!!status:trivial
@!!prover:tlapm
@!!already:false
@!!END

@!!BEGIN
@!!type:obligation
@!!id:2870
@!!loc:1914:59:1914:61
@!!status:proved
@!!prover:smt
@!!meth:time-limit: 60
@!!already:true
@!!END

@!!BEGIN
@!!type:obligation
@!!id:2871
@!!loc:1914:62:1914:66
@!!status:trivial
@!!prover:tlapm
@!!already:false
@!!END

@!!BEGIN
@!!type:obligation
@!!id:2872
@!!loc:1920:3:1920:5
@!!status:proved
@!!prover:smt
@!!meth:time-limit: 60
@!!already:true
@!!END

@!!BEGIN
@!!type:obligation
@!!id:2873
@!!loc:1920:6:1920:10
@!!status:trivial
@!!prover:tlapm
@!!already:false
@!!END

@!!BEGIN
@!!type:obligation
@!!id:2874
@!!loc:1920:12:1920:24
@!!status:trivial
@!!prover:tlapm
@!!already:false
@!!END

@!!BEGIN
@!!type:obligation
@!!id:2875
@!!loc:1921:18:1921:20
@!!status:proved
@!!prover:smt
@!!meth:time-limit: 60
@!!already:true
@!!END

@!!BEGIN
@!!type:obligation
@!!id:2876
@!!loc:1921:21:1921:25
@!!status:trivial
@!!prover:tlapm
@!!already:false
@!!END

@!!BEGIN
@!!type:obligation
@!!id:2877
@!!loc:1921:27:1921:42
@!!status:trivial
@!!prover:tlapm
@!!already:false
@!!END

@!!BEGIN
@!!type:obligation
@!!id:2879
@!!loc:1923:24:1923:26
@!!status:proved
@!!prover:smt
@!!meth:time-limit: 60; time-used: 0.2 (0%)
@!!already:false
@!!END

@!!BEGIN
@!!type:obligation
@!!id:2878
@!!loc:1922:43:1922:45
@!!status:proved
@!!prover:smt
@!!meth:time-limit: 60; time-used: 0.4 (1%)
@!!already:false
@!!END

@!!BEGIN
@!!type:obligation
@!!id:2851
@!!loc:1900:19:1900:21
@!!status:proved
@!!prover:smt
@!!meth:time-limit: 60; time-used: 2.1 (4%)
@!!already:false
@!!END

@!!BEGIN
@!!type:obligation
@!!id:2881
@!!loc:1925:71:1925:73
@!!status:proved
@!!prover:smt
@!!meth:time-limit: 60
@!!already:true
@!!END

@!!BEGIN
@!!type:obligation
@!!id:2882
@!!loc:1925:74:1925:78
@!!status:trivial
@!!prover:tlapm
@!!already:false
@!!END

@!!BEGIN
@!!type:obligation
@!!id:2883
@!!loc:1925:80:1925:84
@!!status:trivial
@!!prover:tlapm
@!!already:false
@!!END

@!!BEGIN
@!!type:obligation
@!!id:2884
@!!loc:1925:86:1925:94
@!!status:trivial
@!!prover:tlapm
@!!already:false
@!!END

@!!BEGIN
@!!type:obligation
@!!id:2885
@!!loc:1939:3:1939:5
@!!status:proved
@!!prover:smt
@!!meth:time-limit: 60; time-used: 0.7 (1%)
@!!already:false
@!!END

@!!BEGIN
@!!type:obligation
@!!id:2880
@!!loc:1924:36:1924:38
@!!status:proved
@!!prover:smt
@!!meth:time-limit: 60; time-used: 3.5 (6%)
@!!already:false
@!!END

@!!BEGIN
@!!type:obligation
@!!id:2887
@!!loc:1940:101:1940:105
@!!status:trivial
@!!prover:tlapm
@!!already:false
@!!END

@!!BEGIN
@!!type:obligation
@!!id:2888
@!!loc:1940:107:1940:111
@!!status:trivial
@!!prover:tlapm
@!!already:false
@!!END

@!!BEGIN
@!!type:obligation
@!!id:2889
@!!loc:1941:33:1941:35
@!!status:proved
@!!prover:smt
@!!meth:time-limit: 60
@!!already:true
@!!END

@!!BEGIN
@!!type:obligation
@!!id:2890
@!!loc:1941:36:1941:40
@!!status:trivial
@!!prover:tlapm
@!!already:false
@!!END

@!!BEGIN
@!!type:obligation
@!!id:2891
@!!loc:1941:42:1941:46
@!!status:trivial
@!!prover:tlapm
@!!already:false
@!!END

@!!BEGIN
@!!type:obligation
@!!id:2892
@!!loc:1941:48:1941:52
@!!status:trivial
@!!prover:tlapm
@!!already:false
@!!END

@!!BEGIN
@!!type:obligation
@!!id:2893
@!!loc:1941:54:1941:59
@!!status:trivial
@!!prover:tlapm
@!!already:false
@!!END

@!!BEGIN
@!!type:obligation
@!!id:2894
@!!loc:1941:61:1941:65
@!!status:trivial
@!!prover:tlapm
@!!already:false
@!!END

@!!BEGIN
@!!type:obligation
@!!id:2895
@!!loc:1941:67:1941:78
@!!status:trivial
@!!prover:tlapm
@!!already:false
@!!END

@!!BEGIN
@!!type:obligation
@!!id:2897
@!!loc:1942:99:1942:103
@!!status:trivial
@!!prover:tlapm
@!!already:false
@!!END

@!!BEGIN
@!!type:obligation
@!!id:2898
@!!loc:1943:14:1943:16
@!!status:proved
@!!prover:smt
@!!meth:time-limit: 60
@!!already:true
@!!END

@!!BEGIN
@!!type:obligation
@!!id:2899
@!!loc:1943:17:1943:21
@!!status:trivial
@!!prover:tlapm
@!!already:false
@!!END

@!!BEGIN
@!!type:obligation
@!!id:2900
@!!loc:1943:23:1943:27
@!!status:trivial
@!!prover:tlapm
@!!already:false
@!!END

@!!BEGIN
@!!type:obligation
@!!id:2901
@!!loc:1943:29:1943:34
@!!status:trivial
@!!prover:tlapm
@!!already:false
@!!END

@!!BEGIN
@!!type:obligation
@!!id:2902
@!!loc:1943:36:1943:46
@!!status:trivial
@!!prover:tlapm
@!!already:false
@!!END

@!!BEGIN
@!!type:obligation
@!!id:2904
@!!loc:1944:115:1944:119
@!!status:trivial
@!!prover:tlapm
@!!already:false
@!!END

@!!BEGIN
@!!type:obligation
@!!id:2905
@!!loc:1944:121:1944:125
@!!status:trivial
@!!prover:tlapm
@!!already:false
@!!END

@!!BEGIN
@!!type:obligation
@!!id:2906
@!!loc:1945:13:1945:15
@!!status:proved
@!!prover:smt
@!!meth:time-limit: 60
@!!already:true
@!!END

@!!BEGIN
@!!type:obligation
@!!id:2907
@!!loc:1945:16:1945:20
@!!status:trivial
@!!prover:tlapm
@!!already:false
@!!END

@!!BEGIN
@!!type:obligation
@!!id:2908
@!!loc:1945:22:1945:26
@!!status:trivial
@!!prover:tlapm
@!!already:false
@!!END

@!!BEGIN
@!!type:obligation
@!!id:2909
@!!loc:1945:28:1945:33
@!!status:trivial
@!!prover:tlapm
@!!already:false
@!!END

@!!BEGIN
@!!type:obligation
@!!id:2903
@!!loc:1944:112:1944:114
@!!status:proved
@!!prover:smt
@!!meth:time-limit: 60; time-used: 0.8 (1%)
@!!already:false
@!!END

@!!BEGIN
@!!type:obligation
@!!id:2896
@!!loc:1942:96:1942:98
@!!status:proved
@!!prover:smt
@!!meth:time-limit: 60; time-used: 1.9 (3%)
@!!already:false
@!!END

@!!BEGIN
@!!type:obligation
@!!id:2886
@!!loc:1940:98:1940:100
@!!status:proved
@!!prover:smt
@!!meth:time-limit: 60; time-used: 3.1 (5%)
@!!already:false
@!!END

@!!BEGIN
@!!type:obligation
@!!id:2910
@!!loc:1945:35:1945:44
@!!status:trivial
@!!prover:tlapm
@!!already:false
@!!END

@!!BEGIN
@!!type:obligation
@!!id:2912
@!!loc:1946:147:1946:151
@!!status:trivial
@!!prover:tlapm
@!!already:false
@!!END

@!!BEGIN
@!!type:obligation
@!!id:2913
@!!loc:1947:12:1947:14
@!!status:proved
@!!prover:smt
@!!meth:time-limit: 60
@!!already:true
@!!END

@!!BEGIN
@!!type:obligation
@!!id:2914
@!!loc:1947:15:1947:19
@!!status:trivial
@!!prover:tlapm
@!!already:false
@!!END

@!!BEGIN
@!!type:obligation
@!!id:2915
@!!loc:1947:21:1947:25
@!!status:trivial
@!!prover:tlapm
@!!already:false
@!!END

@!!BEGIN
@!!type:obligation
@!!id:2916
@!!loc:1947:27:1947:32
@!!status:trivial
@!!prover:tlapm
@!!already:false
@!!END

@!!BEGIN
@!!type:obligation
@!!id:2917
@!!loc:1947:34:1947:42
@!!status:trivial
@!!prover:tlapm
@!!already:false
@!!END

@!!BEGIN
@!!type:obligation
@!!id:2919
@!!loc:1948:64:1948:68
@!!status:trivial
@!!prover:tlapm
@!!already:false
@!!END

@!!BEGIN
@!!type:obligation
@!!id:2920
@!!loc:1948:70:1948:74
@!!status:trivial
@!!prover:tlapm
@!!already:false
@!!END

@!!BEGIN
@!!type:obligation
@!!id:2921
@!!loc:1949:12:1949:14
@!!status:proved
@!!prover:smt
@!!meth:time-limit: 60
@!!already:true
@!!END

@!!BEGIN
@!!type:obligation
@!!id:2922
@!!loc:1949:15:1949:19
@!!status:trivial
@!!prover:tlapm
@!!already:false
@!!END

@!!BEGIN
@!!type:obligation
@!!id:2923
@!!loc:1949:21:1949:25
@!!status:trivial
@!!prover:tlapm
@!!already:false
@!!END

@!!BEGIN
@!!type:obligation
@!!id:2924
@!!loc:1949:27:1949:32
@!!status:trivial
@!!prover:tlapm
@!!already:false
@!!END

@!!BEGIN
@!!type:obligation
@!!id:2925
@!!loc:1949:34:1949:42
@!!status:trivial
@!!prover:tlapm
@!!already:false
@!!END

@!!BEGIN
@!!type:obligation
@!!id:2927
@!!loc:1953:6:1953:10
@!!status:trivial
@!!prover:tlapm
@!!already:false
@!!END

@!!BEGIN
@!!type:obligation
@!!id:2928
@!!loc:1953:12:1953:16
@!!status:trivial
@!!prover:tlapm
@!!already:false
@!!END

@!!BEGIN
@!!type:obligation
@!!id:2926
@!!loc:1953:3:1953:5
@!!status:proved
@!!prover:smt
@!!meth:time-limit: 60; time-used: 1.7 (3%)
@!!already:false
@!!END

@!!BEGIN
@!!type:obligation
@!!id:2918
@!!loc:1948:61:1948:63
@!!status:proved
@!!prover:smt
@!!meth:time-limit: 60; time-used: 3.2 (5%)
@!!already:false
@!!END

@!!BEGIN
@!!type:obligation
@!!id:2911
@!!loc:1946:144:1946:146
@!!status:proved
@!!prover:smt
@!!meth:time-limit: 60; time-used: 4.3 (7%)
@!!already:false
@!!END

@!!BEGIN
@!!type:obligation
@!!id:2930
@!!loc:1956:6:1956:10
@!!status:trivial
@!!prover:tlapm
@!!already:false
@!!END

@!!BEGIN
@!!type:obligation
@!!id:2931
@!!loc:1956:12:1956:16
@!!status:trivial
@!!prover:tlapm
@!!already:false
@!!END

@!!BEGIN
@!!type:obligation
@!!id:2932
@!!loc:1956:18:1956:22
@!!status:trivial
@!!prover:tlapm
@!!already:false
@!!END

@!!BEGIN
@!!type:obligation
@!!id:2933
@!!loc:1957:16:1957:18
@!!status:proved
@!!prover:smt
@!!meth:time-limit: 60
@!!already:true
@!!END

@!!BEGIN
@!!type:obligation
@!!id:2934
@!!loc:1957:19:1957:23
@!!status:trivial
@!!prover:tlapm
@!!already:false
@!!END

@!!BEGIN
@!!type:obligation
@!!id:2935
@!!loc:1957:25:1957:29
@!!status:trivial
@!!prover:tlapm
@!!already:false
@!!END

@!!BEGIN
@!!type:obligation
@!!id:2936
@!!loc:1957:31:1957:36
@!!status:trivial
@!!prover:tlapm
@!!already:false
@!!END

@!!BEGIN
@!!type:obligation
@!!id:2937
@!!loc:1957:38:1957:43
@!!status:trivial
@!!prover:tlapm
@!!already:false
@!!END

@!!BEGIN
@!!type:obligation
@!!id:2938
@!!loc:1957:45:1957:58
@!!status:trivial
@!!prover:tlapm
@!!already:false
@!!END

@!!BEGIN
@!!type:obligation
@!!id:2940
@!!loc:1958:114:1958:118
@!!status:trivial
@!!prover:tlapm
@!!already:false
@!!END

@!!BEGIN
@!!type:obligation
@!!id:2941
@!!loc:1959:17:1959:19
@!!status:proved
@!!prover:smt
@!!meth:time-limit: 60
@!!already:true
@!!END

@!!BEGIN
@!!type:obligation
@!!id:2942
@!!loc:1959:20:1959:24
@!!status:trivial
@!!prover:tlapm
@!!already:false
@!!END

@!!BEGIN
@!!type:obligation
@!!id:2943
@!!loc:1959:26:1959:32
@!!status:trivial
@!!prover:tlapm
@!!already:false
@!!END

@!!BEGIN
@!!type:obligation
@!!id:2944
@!!loc:1959:34:1959:45
@!!status:trivial
@!!prover:tlapm
@!!already:false
@!!END

@!!BEGIN
@!!type:obligation
@!!id:2945
@!!loc:2017:10:2017:12
@!!status:proved
@!!prover:smt
@!!meth:time-limit: 60
@!!already:true
@!!END

@!!BEGIN
@!!type:obligation
@!!id:2946
@!!loc:2017:13:2017:17
@!!status:trivial
@!!prover:tlapm
@!!already:false
@!!END

@!!BEGIN
@!!type:obligation
@!!id:2947
@!!loc:2017:19:2017:23
@!!status:trivial
@!!prover:tlapm
@!!already:false
@!!END

@!!BEGIN
@!!type:obligation
@!!id:2948
@!!loc:2017:25:2017:29
@!!status:trivial
@!!prover:tlapm
@!!already:false
@!!END

@!!BEGIN
@!!type:obligation
@!!id:2949
@!!loc:2017:31:2017:35
@!!status:trivial
@!!prover:tlapm
@!!already:false
@!!END

@!!BEGIN
@!!type:obligation
@!!id:2950
@!!loc:2017:37:2017:41
@!!status:trivial
@!!prover:tlapm
@!!already:false
@!!END

@!!BEGIN
@!!type:obligation
@!!id:2951
@!!loc:2017:43:2017:47
@!!status:trivial
@!!prover:tlapm
@!!already:false
@!!END

@!!BEGIN
@!!type:obligation
@!!id:2952
@!!loc:2017:49:2017:53
@!!status:trivial
@!!prover:tlapm
@!!already:false
@!!END

@!!BEGIN
@!!type:obligation
@!!id:2953
@!!loc:2017:55:2017:60
@!!status:trivial
@!!prover:tlapm
@!!already:false
@!!END

@!!BEGIN
@!!type:obligation
@!!id:2954
@!!loc:1965:17:1965:19
@!!status:proved
@!!prover:smt
@!!meth:time-limit: 60
@!!already:true
@!!END

@!!BEGIN
@!!type:obligation
@!!id:2955
@!!loc:1966:14:1966:16
@!!status:proved
@!!prover:smt
@!!meth:time-limit: 60
@!!already:true
@!!END

@!!BEGIN
@!!type:obligation
@!!id:2956
@!!loc:1966:17:1966:21
@!!status:trivial
@!!prover:tlapm
@!!already:false
@!!END

@!!BEGIN
@!!type:obligation
@!!id:2957
@!!loc:1967:73:1967:75
@!!status:proved
@!!prover:smt
@!!meth:time-limit: 60
@!!already:true
@!!END

@!!BEGIN
@!!type:obligation
@!!id:2958
@!!loc:1968:34:1968:36
@!!status:proved
@!!prover:smt
@!!meth:time-limit: 60
@!!already:true
@!!END

@!!BEGIN
@!!type:obligation
@!!id:2959
@!!loc:1968:37:1968:41
@!!status:trivial
@!!prover:tlapm
@!!already:false
@!!END

@!!BEGIN
@!!type:obligation
@!!id:2960
@!!loc:1969:59:1969:61
@!!status:proved
@!!prover:smt
@!!meth:time-limit: 60
@!!already:true
@!!END

@!!BEGIN
@!!type:obligation
@!!id:2961
@!!loc:1969:62:1969:66
@!!status:trivial
@!!prover:tlapm
@!!already:false
@!!END

@!!BEGIN
@!!type:obligation
@!!id:2962
@!!loc:1975:3:1975:5
@!!status:proved
@!!prover:smt
@!!meth:time-limit: 60
@!!already:true
@!!END

@!!BEGIN
@!!type:obligation
@!!id:2963
@!!loc:1975:6:1975:10
@!!status:trivial
@!!prover:tlapm
@!!already:false
@!!END

@!!BEGIN
@!!type:obligation
@!!id:2964
@!!loc:1975:12:1975:24
@!!status:trivial
@!!prover:tlapm
@!!already:false
@!!END

@!!BEGIN
@!!type:obligation
@!!id:2965
@!!loc:1976:18:1976:20
@!!status:proved
@!!prover:smt
@!!meth:time-limit: 60
@!!already:true
@!!END

@!!BEGIN
@!!type:obligation
@!!id:2966
@!!loc:1976:21:1976:25
@!!status:trivial
@!!prover:tlapm
@!!already:false
@!!END

@!!BEGIN
@!!type:obligation
@!!id:2939
@!!loc:1958:111:1958:113
@!!status:proved
@!!prover:smt
@!!meth:time-limit: 60; time-used: 1.6 (3%)
@!!already:false
@!!END

@!!BEGIN
@!!type:obligation
@!!id:2929
@!!loc:1956:3:1956:5
@!!status:proved
@!!prover:smt
@!!meth:time-limit: 60; time-used: 3.1 (5%)
@!!already:false
@!!END

@!!BEGIN
@!!type:obligation
@!!id:2967
@!!loc:1976:27:1976:39
@!!status:trivial
@!!prover:tlapm
@!!already:false
@!!END

@!!BEGIN
@!!type:obligation
@!!id:2971
@!!loc:1980:68:1980:70
@!!status:proved
@!!prover:smt
@!!meth:time-limit: 60
@!!already:true
@!!END

@!!BEGIN
@!!type:obligation
@!!id:2972
@!!loc:1980:71:1980:75
@!!status:trivial
@!!prover:tlapm
@!!already:false
@!!END

@!!BEGIN
@!!type:obligation
@!!id:2973
@!!loc:1980:77:1980:81
@!!status:trivial
@!!prover:tlapm
@!!already:false
@!!END

@!!BEGIN
@!!type:obligation
@!!id:2974
@!!loc:1980:83:1980:91
@!!status:trivial
@!!prover:tlapm
@!!already:false
@!!END

@!!BEGIN
@!!type:obligation
@!!id:2970
@!!loc:1979:55:1979:57
@!!status:proved
@!!prover:smt
@!!meth:time-limit: 60; time-used: 2.1 (4%)
@!!already:false
@!!END

@!!BEGIN
@!!type:obligation
@!!id:2969
@!!loc:1978:19:1978:21
@!!status:proved
@!!prover:smt
@!!meth:time-limit: 60; time-used: 2.5 (4%)
@!!already:false
@!!END

@!!BEGIN
@!!type:obligation
@!!id:2968
@!!loc:1977:40:1977:42
@!!status:proved
@!!prover:smt
@!!meth:time-limit: 60; time-used: 3.0 (5%)
@!!already:false
@!!END

@!!BEGIN
@!!type:obligation
@!!id:2977
@!!loc:1998:15:1998:19
@!!status:trivial
@!!prover:tlapm
@!!already:false
@!!END

@!!BEGIN
@!!type:obligation
@!!id:2978
@!!loc:1998:21:1998:25
@!!status:trivial
@!!prover:tlapm
@!!already:false
@!!END

@!!BEGIN
@!!type:obligation
@!!id:2980
@!!loc:1996:27:1996:31
@!!status:trivial
@!!prover:tlapm
@!!already:false
@!!END

@!!BEGIN
@!!type:obligation
@!!id:2981
@!!loc:1996:33:1996:37
@!!status:trivial
@!!prover:tlapm
@!!already:false
@!!END

@!!BEGIN
@!!type:obligation
@!!id:2982
@!!loc:1996:39:1996:43
@!!status:trivial
@!!prover:tlapm
@!!already:false
@!!END

@!!BEGIN
@!!type:obligation
@!!id:2983
@!!loc:1996:45:1996:49
@!!status:trivial
@!!prover:tlapm
@!!already:false
@!!END

@!!BEGIN
@!!type:obligation
@!!id:2984
@!!loc:1996:51:1996:55
@!!status:trivial
@!!prover:tlapm
@!!already:false
@!!END

@!!BEGIN
@!!type:obligation
@!!id:2985
@!!loc:1996:57:1996:61
@!!status:trivial
@!!prover:tlapm
@!!already:false
@!!END

@!!BEGIN
@!!type:obligation
@!!id:2986
@!!loc:1996:63:1996:73
@!!status:trivial
@!!prover:tlapm
@!!already:false
@!!END

@!!BEGIN
@!!type:obligation
@!!id:2979
@!!loc:1996:24:1996:26
@!!status:proved
@!!prover:smt
@!!meth:time-limit: 60; time-used: 1.7 (3%)
@!!already:false
@!!END

@!!BEGIN
@!!type:obligation
@!!id:2976
@!!loc:1998:12:1998:14
@!!status:proved
@!!prover:smt
@!!meth:time-limit: 60; time-used: 2.6 (4%)
@!!already:false
@!!END

@!!BEGIN
@!!type:obligation
@!!id:2975
@!!loc:1994:3:1994:5
@!!status:proved
@!!prover:smt
@!!meth:time-limit: 60; time-used: 2.7 (4%)
@!!already:false
@!!END

@!!BEGIN
@!!type:obligation
@!!id:2988
@!!loc:1997:20:1997:24
@!!status:trivial
@!!prover:tlapm
@!!already:false
@!!END

@!!BEGIN
@!!type:obligation
@!!id:2989
@!!loc:1997:26:1997:30
@!!status:trivial
@!!prover:tlapm
@!!already:false
@!!END

@!!BEGIN
@!!type:obligation
@!!id:2990
@!!loc:1997:32:1997:36
@!!status:trivial
@!!prover:tlapm
@!!already:false
@!!END

@!!BEGIN
@!!type:obligation
@!!id:2991
@!!loc:1997:38:1997:42
@!!status:trivial
@!!prover:tlapm
@!!already:false
@!!END

@!!BEGIN
@!!type:obligation
@!!id:2992
@!!loc:1997:44:1997:54
@!!status:trivial
@!!prover:tlapm
@!!already:false
@!!END

@!!BEGIN
@!!type:obligation
@!!id:2994
@!!loc:1999:90:1999:94
@!!status:trivial
@!!prover:tlapm
@!!already:false
@!!END

@!!BEGIN
@!!type:obligation
@!!id:2995
@!!loc:2000:14:2000:16
@!!status:proved
@!!prover:smt
@!!meth:time-limit: 60
@!!already:true
@!!END

@!!BEGIN
@!!type:obligation
@!!id:2996
@!!loc:2000:17:2000:21
@!!status:trivial
@!!prover:tlapm
@!!already:false
@!!END

@!!BEGIN
@!!type:obligation
@!!id:2997
@!!loc:2000:23:2000:27
@!!status:trivial
@!!prover:tlapm
@!!already:false
@!!END

@!!BEGIN
@!!type:obligation
@!!id:2998
@!!loc:2000:29:2000:34
@!!status:trivial
@!!prover:tlapm
@!!already:false
@!!END

@!!BEGIN
@!!type:obligation
@!!id:2999
@!!loc:2000:36:2000:46
@!!status:trivial
@!!prover:tlapm
@!!already:false
@!!END

@!!BEGIN
@!!type:obligation
@!!id:3001
@!!loc:2001:103:2001:107
@!!status:trivial
@!!prover:tlapm
@!!already:false
@!!END

@!!BEGIN
@!!type:obligation
@!!id:3002
@!!loc:2001:109:2001:113
@!!status:trivial
@!!prover:tlapm
@!!already:false
@!!END

@!!BEGIN
@!!type:obligation
@!!id:3003
@!!loc:2002:13:2002:15
@!!status:proved
@!!prover:smt
@!!meth:time-limit: 60
@!!already:true
@!!END

@!!BEGIN
@!!type:obligation
@!!id:3004
@!!loc:2002:16:2002:20
@!!status:trivial
@!!prover:tlapm
@!!already:false
@!!END

@!!BEGIN
@!!type:obligation
@!!id:3005
@!!loc:2002:22:2002:26
@!!status:trivial
@!!prover:tlapm
@!!already:false
@!!END

@!!BEGIN
@!!type:obligation
@!!id:3006
@!!loc:2002:28:2002:33
@!!status:trivial
@!!prover:tlapm
@!!already:false
@!!END

@!!BEGIN
@!!type:obligation
@!!id:3007
@!!loc:2002:35:2002:44
@!!status:trivial
@!!prover:tlapm
@!!already:false
@!!END

@!!BEGIN
@!!type:obligation
@!!id:3000
@!!loc:2001:100:2001:102
@!!status:proved
@!!prover:smt
@!!meth:time-limit: 60; time-used: 1.2 (2%)
@!!already:false
@!!END

@!!BEGIN
@!!type:obligation
@!!id:2993
@!!loc:1999:87:1999:89
@!!status:proved
@!!prover:smt
@!!meth:time-limit: 60; time-used: 2.2 (4%)
@!!already:false
@!!END

@!!BEGIN
@!!type:obligation
@!!id:2987
@!!loc:1997:17:1997:19
@!!status:proved
@!!prover:smt
@!!meth:time-limit: 60; time-used: 3.5 (6%)
@!!already:false
@!!END

@!!BEGIN
@!!type:obligation
@!!id:3009
@!!loc:2003:135:2003:139
@!!status:trivial
@!!prover:tlapm
@!!already:false
@!!END

@!!BEGIN
@!!type:obligation
@!!id:3010
@!!loc:2003:141:2003:145
@!!status:trivial
@!!prover:tlapm
@!!already:false
@!!END

@!!BEGIN
@!!type:obligation
@!!id:3011
@!!loc:2003:147:2003:151
@!!status:trivial
@!!prover:tlapm
@!!already:false
@!!END

@!!BEGIN
@!!type:obligation
@!!id:3012
@!!loc:2004:12:2004:14
@!!status:proved
@!!prover:smt
@!!meth:time-limit: 60
@!!already:true
@!!END

@!!BEGIN
@!!type:obligation
@!!id:3013
@!!loc:2004:15:2004:19
@!!status:trivial
@!!prover:tlapm
@!!already:false
@!!END

@!!BEGIN
@!!type:obligation
@!!id:3014
@!!loc:2004:21:2004:25
@!!status:trivial
@!!prover:tlapm
@!!already:false
@!!END

@!!BEGIN
@!!type:obligation
@!!id:3015
@!!loc:2004:27:2004:32
@!!status:trivial
@!!prover:tlapm
@!!already:false
@!!END

@!!BEGIN
@!!type:obligation
@!!id:3016
@!!loc:2004:34:2004:42
@!!status:trivial
@!!prover:tlapm
@!!already:false
@!!END

@!!BEGIN
@!!type:obligation
@!!id:3018
@!!loc:2005:58:2005:62
@!!status:trivial
@!!prover:tlapm
@!!already:false
@!!END

@!!BEGIN
@!!type:obligation
@!!id:3019
@!!loc:2005:64:2005:68
@!!status:trivial
@!!prover:tlapm
@!!already:false
@!!END

@!!BEGIN
@!!type:obligation
@!!id:3020
@!!loc:2006:12:2006:14
@!!status:proved
@!!prover:smt
@!!meth:time-limit: 60
@!!already:true
@!!END

@!!BEGIN
@!!type:obligation
@!!id:3021
@!!loc:2006:15:2006:19
@!!status:trivial
@!!prover:tlapm
@!!already:false
@!!END

@!!BEGIN
@!!type:obligation
@!!id:3022
@!!loc:2006:21:2006:25
@!!status:trivial
@!!prover:tlapm
@!!already:false
@!!END

@!!BEGIN
@!!type:obligation
@!!id:3023
@!!loc:2006:27:2006:32
@!!status:trivial
@!!prover:tlapm
@!!already:false
@!!END

@!!BEGIN
@!!type:obligation
@!!id:3024
@!!loc:2006:34:2006:42
@!!status:trivial
@!!prover:tlapm
@!!already:false
@!!END

@!!BEGIN
@!!type:obligation
@!!id:3017
@!!loc:2005:55:2005:57
@!!status:proved
@!!prover:smt
@!!meth:time-limit: 60; time-used: 1.7 (3%)
@!!already:false
@!!END

@!!BEGIN
@!!type:obligation
@!!id:3008
@!!loc:2003:132:2003:134
@!!status:proved
@!!prover:smt
@!!meth:time-limit: 60; time-used: 3.6 (6%)
@!!already:false
@!!END

@!!BEGIN
@!!type:obligation
@!!id:3026
@!!loc:2010:6:2010:10
@!!status:trivial
@!!prover:tlapm
@!!already:false
@!!END

@!!BEGIN
@!!type:obligation
@!!id:3027
@!!loc:2010:12:2010:16
@!!status:trivial
@!!prover:tlapm
@!!already:false
@!!END

@!!BEGIN
@!!type:obligation
@!!id:3029
@!!loc:2013:6:2013:10
@!!status:trivial
@!!prover:tlapm
@!!already:false
@!!END

@!!BEGIN
@!!type:obligation
@!!id:3030
@!!loc:2013:12:2013:16
@!!status:trivial
@!!prover:tlapm
@!!already:false
@!!END

@!!BEGIN
@!!type:obligation
@!!id:3031
@!!loc:2013:18:2013:22
@!!status:trivial
@!!prover:tlapm
@!!already:false
@!!END

@!!BEGIN
@!!type:obligation
@!!id:3032
@!!loc:2014:16:2014:18
@!!status:proved
@!!prover:smt
@!!meth:time-limit: 60
@!!already:true
@!!END

@!!BEGIN
@!!type:obligation
@!!id:3033
@!!loc:2014:19:2014:23
@!!status:trivial
@!!prover:tlapm
@!!already:false
@!!END

@!!BEGIN
@!!type:obligation
@!!id:3034
@!!loc:2014:25:2014:29
@!!status:trivial
@!!prover:tlapm
@!!already:false
@!!END

@!!BEGIN
@!!type:obligation
@!!id:3035
@!!loc:2014:31:2014:36
@!!status:trivial
@!!prover:tlapm
@!!already:false
@!!END

@!!BEGIN
@!!type:obligation
@!!id:3036
@!!loc:2014:38:2014:43
@!!status:trivial
@!!prover:tlapm
@!!already:false
@!!END

@!!BEGIN
@!!type:obligation
@!!id:3037
@!!loc:2014:45:2014:58
@!!status:trivial
@!!prover:tlapm
@!!already:false
@!!END

@!!BEGIN
@!!type:obligation
@!!id:3039
@!!loc:2015:108:2015:112
@!!status:trivial
@!!prover:tlapm
@!!already:false
@!!END

@!!BEGIN
@!!type:obligation
@!!id:3040
@!!loc:2016:17:2016:19
@!!status:proved
@!!prover:smt
@!!meth:time-limit: 60
@!!already:true
@!!END

@!!BEGIN
@!!type:obligation
@!!id:3041
@!!loc:2016:20:2016:24
@!!status:trivial
@!!prover:tlapm
@!!already:false
@!!END

@!!BEGIN
@!!type:obligation
@!!id:3042
@!!loc:2016:26:2016:32
@!!status:trivial
@!!prover:tlapm
@!!already:false
@!!END

@!!BEGIN
@!!type:obligation
@!!id:3038
@!!loc:2015:105:2015:107
@!!status:proved
@!!prover:smt
@!!meth:time-limit: 60; time-used: 0.5 (1%)
@!!already:false
@!!END

@!!BEGIN
@!!type:obligation
@!!id:3028
@!!loc:2013:3:2013:5
@!!status:proved
@!!prover:smt
@!!meth:time-limit: 60; time-used: 2.1 (3%)
@!!already:false
@!!END

@!!BEGIN
@!!type:obligation
@!!id:3025
@!!loc:2010:3:2010:5
@!!status:proved
@!!prover:smt
@!!meth:time-limit: 60; time-used: 3.1 (5%)
@!!already:false
@!!END

@!!BEGIN
@!!type:obligation
@!!id:3043
@!!loc:2016:34:2016:45
@!!status:trivial
@!!prover:tlapm
@!!already:false
@!!END

@!!BEGIN
@!!type:obligation
@!!id:3044
@!!loc:2072:10:2072:12
@!!status:proved
@!!prover:smt
@!!meth:time-limit: 60
@!!already:true
@!!END

@!!BEGIN
@!!type:obligation
@!!id:3045
@!!loc:2072:13:2072:17
@!!status:trivial
@!!prover:tlapm
@!!already:false
@!!END

@!!BEGIN
@!!type:obligation
@!!id:3046
@!!loc:2072:19:2072:23
@!!status:trivial
@!!prover:tlapm
@!!already:false
@!!END

@!!BEGIN
@!!type:obligation
@!!id:3047
@!!loc:2072:25:2072:29
@!!status:trivial
@!!prover:tlapm
@!!already:false
@!!END

@!!BEGIN
@!!type:obligation
@!!id:3048
@!!loc:2072:31:2072:35
@!!status:trivial
@!!prover:tlapm
@!!already:false
@!!END

@!!BEGIN
@!!type:obligation
@!!id:3049
@!!loc:2072:37:2072:41
@!!status:trivial
@!!prover:tlapm
@!!already:false
@!!END

@!!BEGIN
@!!type:obligation
@!!id:3050
@!!loc:2072:43:2072:47
@!!status:trivial
@!!prover:tlapm
@!!already:false
@!!END

@!!BEGIN
@!!type:obligation
@!!id:3051
@!!loc:2072:49:2072:53
@!!status:trivial
@!!prover:tlapm
@!!already:false
@!!END

@!!BEGIN
@!!type:obligation
@!!id:3052
@!!loc:2072:55:2072:60
@!!status:trivial
@!!prover:tlapm
@!!already:false
@!!END

@!!BEGIN
@!!type:obligation
@!!id:3053
@!!loc:2022:17:2022:19
@!!status:proved
@!!prover:smt
@!!meth:time-limit: 60
@!!already:true
@!!END

@!!BEGIN
@!!type:obligation
@!!id:3054
@!!loc:2023:14:2023:16
@!!status:proved
@!!prover:smt
@!!meth:time-limit: 60
@!!already:true
@!!END

@!!BEGIN
@!!type:obligation
@!!id:3055
@!!loc:2023:17:2023:21
@!!status:trivial
@!!prover:tlapm
@!!already:false
@!!END

@!!BEGIN
@!!type:obligation
@!!id:3056
@!!loc:2024:73:2024:75
@!!status:proved
@!!prover:smt
@!!meth:time-limit: 60
@!!already:true
@!!END

@!!BEGIN
@!!type:obligation
@!!id:3057
@!!loc:2025:34:2025:36
@!!status:proved
@!!prover:smt
@!!meth:time-limit: 60
@!!already:true
@!!END

@!!BEGIN
@!!type:obligation
@!!id:3058
@!!loc:2025:37:2025:41
@!!status:trivial
@!!prover:tlapm
@!!already:false
@!!END

@!!BEGIN
@!!type:obligation
@!!id:3059
@!!loc:2026:59:2026:61
@!!status:proved
@!!prover:smt
@!!meth:time-limit: 60
@!!already:true
@!!END

@!!BEGIN
@!!type:obligation
@!!id:3060
@!!loc:2026:62:2026:66
@!!status:trivial
@!!prover:tlapm
@!!already:false
@!!END

@!!BEGIN
@!!type:obligation
@!!id:3061
@!!loc:2032:3:2032:5
@!!status:proved
@!!prover:smt
@!!meth:time-limit: 60
@!!already:true
@!!END

@!!BEGIN
@!!type:obligation
@!!id:3062
@!!loc:2032:6:2032:10
@!!status:trivial
@!!prover:tlapm
@!!already:false
@!!END

@!!BEGIN
@!!type:obligation
@!!id:3063
@!!loc:2032:12:2032:24
@!!status:trivial
@!!prover:tlapm
@!!already:false
@!!END

@!!BEGIN
@!!type:obligation
@!!id:3064
@!!loc:2033:18:2033:20
@!!status:proved
@!!prover:smt
@!!meth:time-limit: 60
@!!already:true
@!!END

@!!BEGIN
@!!type:obligation
@!!id:3065
@!!loc:2033:21:2033:25
@!!status:trivial
@!!prover:tlapm
@!!already:false
@!!END

@!!BEGIN
@!!type:obligation
@!!id:3066
@!!loc:2033:27:2033:40
@!!status:trivial
@!!prover:tlapm
@!!already:false
@!!END

@!!BEGIN
@!!type:obligation
@!!id:3070
@!!loc:2037:69:2037:71
@!!status:proved
@!!prover:smt
@!!meth:time-limit: 60
@!!already:true
@!!END

@!!BEGIN
@!!type:obligation
@!!id:3071
@!!loc:2037:72:2037:76
@!!status:trivial
@!!prover:tlapm
@!!already:false
@!!END

@!!BEGIN
@!!type:obligation
@!!id:3072
@!!loc:2037:78:2037:82
@!!status:trivial
@!!prover:tlapm
@!!already:false
@!!END

@!!BEGIN
@!!type:obligation
@!!id:3073
@!!loc:2037:84:2037:92
@!!status:trivial
@!!prover:tlapm
@!!already:false
@!!END

@!!BEGIN
@!!type:obligation
@!!id:3069
@!!loc:2036:36:2036:38
@!!status:proved
@!!prover:smt
@!!meth:time-limit: 60; time-used: 2.4 (4%)
@!!already:false
@!!END

@!!BEGIN
@!!type:obligation
@!!id:3068
@!!loc:2035:24:2035:26
@!!status:proved
@!!prover:smt
@!!meth:time-limit: 60; time-used: 2.6 (4%)
@!!already:false
@!!END

@!!BEGIN
@!!type:obligation
@!!id:3067
@!!loc:2034:41:2034:43
@!!status:proved
@!!prover:smt
@!!meth:time-limit: 60; time-used: 2.8 (5%)
@!!already:false
@!!END

@!!BEGIN
@!!type:obligation
@!!id:3076
@!!loc:2052:97:2052:101
@!!status:trivial
@!!prover:tlapm
@!!already:false
@!!END

@!!BEGIN
@!!type:obligation
@!!id:3077
@!!loc:2052:103:2052:107
@!!status:trivial
@!!prover:tlapm
@!!already:false
@!!END

@!!BEGIN
@!!type:obligation
@!!id:3078
@!!loc:2053:33:2053:35
@!!status:proved
@!!prover:smt
@!!meth:time-limit: 60
@!!already:true
@!!END

@!!BEGIN
@!!type:obligation
@!!id:3079
@!!loc:2053:36:2053:40
@!!status:trivial
@!!prover:tlapm
@!!already:false
@!!END

@!!BEGIN
@!!type:obligation
@!!id:3080
@!!loc:2053:42:2053:46
@!!status:trivial
@!!prover:tlapm
@!!already:false
@!!END

@!!BEGIN
@!!type:obligation
@!!id:3081
@!!loc:2053:48:2053:52
@!!status:trivial
@!!prover:tlapm
@!!already:false
@!!END

@!!BEGIN
@!!type:obligation
@!!id:3082
@!!loc:2053:54:2053:59
@!!status:trivial
@!!prover:tlapm
@!!already:false
@!!END

@!!BEGIN
@!!type:obligation
@!!id:3083
@!!loc:2053:61:2053:65
@!!status:trivial
@!!prover:tlapm
@!!already:false
@!!END

@!!BEGIN
@!!type:obligation
@!!id:3084
@!!loc:2053:67:2053:78
@!!status:trivial
@!!prover:tlapm
@!!already:false
@!!END

@!!BEGIN
@!!type:obligation
@!!id:3086
@!!loc:2054:93:2054:97
@!!status:trivial
@!!prover:tlapm
@!!already:false
@!!END

@!!BEGIN
@!!type:obligation
@!!id:3087
@!!loc:2054:99:2054:103
@!!status:trivial
@!!prover:tlapm
@!!already:false
@!!END

@!!BEGIN
@!!type:obligation
@!!id:3088
@!!loc:2055:14:2055:16
@!!status:proved
@!!prover:smt
@!!meth:time-limit: 60
@!!already:true
@!!END

@!!BEGIN
@!!type:obligation
@!!id:3089
@!!loc:2055:17:2055:21
@!!status:trivial
@!!prover:tlapm
@!!already:false
@!!END

@!!BEGIN
@!!type:obligation
@!!id:3090
@!!loc:2055:23:2055:27
@!!status:trivial
@!!prover:tlapm
@!!already:false
@!!END

@!!BEGIN
@!!type:obligation
@!!id:3091
@!!loc:2055:29:2055:34
@!!status:trivial
@!!prover:tlapm
@!!already:false
@!!END

@!!BEGIN
@!!type:obligation
@!!id:3092
@!!loc:2055:36:2055:46
@!!status:trivial
@!!prover:tlapm
@!!already:false
@!!END

@!!BEGIN
@!!type:obligation
@!!id:3085
@!!loc:2054:90:2054:92
@!!status:proved
@!!prover:smt
@!!meth:time-limit: 60; time-used: 1.1 (2%)
@!!already:false
@!!END

@!!BEGIN
@!!type:obligation
@!!id:3075
@!!loc:2052:94:2052:96
@!!status:proved
@!!prover:smt
@!!meth:time-limit: 60; time-used: 2.4 (4%)
@!!already:false
@!!END

@!!BEGIN
@!!type:obligation
@!!id:3074
@!!loc:2051:3:2051:5
@!!status:proved
@!!prover:smt
@!!meth:time-limit: 60; time-used: 3.6 (6%)
@!!already:false
@!!END

@!!BEGIN
@!!type:obligation
@!!id:3094
@!!loc:2056:107:2056:111
@!!status:trivial
@!!prover:tlapm
@!!already:false
@!!END

@!!BEGIN
@!!type:obligation
@!!id:3095
@!!loc:2056:113:2056:117
@!!status:trivial
@!!prover:tlapm
@!!already:false
@!!END

@!!BEGIN
@!!type:obligation
@!!id:3096
@!!loc:2057:13:2057:15
@!!status:proved
@!!prover:smt
@!!meth:time-limit: 60
@!!already:true
@!!END

@!!BEGIN
@!!type:obligation
@!!id:3097
@!!loc:2057:16:2057:20
@!!status:trivial
@!!prover:tlapm
@!!already:false
@!!END

@!!BEGIN
@!!type:obligation
@!!id:3098
@!!loc:2057:22:2057:26
@!!status:trivial
@!!prover:tlapm
@!!already:false
@!!END

@!!BEGIN
@!!type:obligation
@!!id:3099
@!!loc:2057:28:2057:33
@!!status:trivial
@!!prover:tlapm
@!!already:false
@!!END

@!!BEGIN
@!!type:obligation
@!!id:3100
@!!loc:2057:35:2057:44
@!!status:trivial
@!!prover:tlapm
@!!already:false
@!!END

@!!BEGIN
@!!type:obligation
@!!id:3102
@!!loc:2058:139:2058:143
@!!status:trivial
@!!prover:tlapm
@!!already:false
@!!END

@!!BEGIN
@!!type:obligation
@!!id:3103
@!!loc:2058:145:2058:149
@!!status:trivial
@!!prover:tlapm
@!!already:false
@!!END

@!!BEGIN
@!!type:obligation
@!!id:3104
@!!loc:2059:12:2059:14
@!!status:proved
@!!prover:smt
@!!meth:time-limit: 60
@!!already:true
@!!END

@!!BEGIN
@!!type:obligation
@!!id:3105
@!!loc:2059:15:2059:19
@!!status:trivial
@!!prover:tlapm
@!!already:false
@!!END

@!!BEGIN
@!!type:obligation
@!!id:3106
@!!loc:2059:21:2059:25
@!!status:trivial
@!!prover:tlapm
@!!already:false
@!!END

@!!BEGIN
@!!type:obligation
@!!id:3107
@!!loc:2059:27:2059:32
@!!status:trivial
@!!prover:tlapm
@!!already:false
@!!END

@!!BEGIN
@!!type:obligation
@!!id:3108
@!!loc:2059:34:2059:42
@!!status:trivial
@!!prover:tlapm
@!!already:false
@!!END

@!!BEGIN
@!!type:obligation
@!!id:3101
@!!loc:2058:136:2058:138
@!!status:proved
@!!prover:smt
@!!meth:time-limit: 60; time-used: 1.7 (3%)
@!!already:false
@!!END

@!!BEGIN
@!!type:obligation
@!!id:3093
@!!loc:2056:104:2056:106
@!!status:proved
@!!prover:smt
@!!meth:time-limit: 60; time-used: 3.3 (6%)
@!!already:false
@!!END

@!!BEGIN
@!!type:obligation
@!!id:3110
@!!loc:2060:60:2060:64
@!!status:trivial
@!!prover:tlapm
@!!already:false
@!!END

@!!BEGIN
@!!type:obligation
@!!id:3111
@!!loc:2060:66:2060:70
@!!status:trivial
@!!prover:tlapm
@!!already:false
@!!END

@!!BEGIN
@!!type:obligation
@!!id:3112
@!!loc:2061:12:2061:14
@!!status:proved
@!!prover:smt
@!!meth:time-limit: 60
@!!already:true
@!!END

@!!BEGIN
@!!type:obligation
@!!id:3113
@!!loc:2061:15:2061:19
@!!status:trivial
@!!prover:tlapm
@!!already:false
@!!END

@!!BEGIN
@!!type:obligation
@!!id:3114
@!!loc:2061:21:2061:25
@!!status:trivial
@!!prover:tlapm
@!!already:false
@!!END

@!!BEGIN
@!!type:obligation
@!!id:3115
@!!loc:2061:27:2061:32
@!!status:trivial
@!!prover:tlapm
@!!already:false
@!!END

@!!BEGIN
@!!type:obligation
@!!id:3116
@!!loc:2061:34:2061:42
@!!status:trivial
@!!prover:tlapm
@!!already:false
@!!END

@!!BEGIN
@!!type:obligation
@!!id:3118
@!!loc:2065:6:2065:10
@!!status:trivial
@!!prover:tlapm
@!!already:false
@!!END

@!!BEGIN
@!!type:obligation
@!!id:3119
@!!loc:2065:12:2065:16
@!!status:trivial
@!!prover:tlapm
@!!already:false
@!!END

@!!BEGIN
@!!type:obligation
@!!id:3117
@!!loc:2065:3:2065:5
@!!status:proved
@!!prover:smt
@!!meth:time-limit: 60; time-used: 1.2 (2%)
@!!already:false
@!!END

@!!BEGIN
@!!type:obligation
@!!id:3109
@!!loc:2060:57:2060:59
@!!status:proved
@!!prover:smt
@!!meth:time-limit: 60; time-used: 3.1 (5%)
@!!already:false
@!!END

@!!BEGIN
@!!type:obligation
@!!id:3121
@!!loc:2068:6:2068:10
@!!status:trivial
@!!prover:tlapm
@!!already:false
@!!END

@!!BEGIN
@!!type:obligation
@!!id:3122
@!!loc:2068:12:2068:16
@!!status:trivial
@!!prover:tlapm
@!!already:false
@!!END

@!!BEGIN
@!!type:obligation
@!!id:3123
@!!loc:2068:18:2068:22
@!!status:trivial
@!!prover:tlapm
@!!already:false
@!!END

@!!BEGIN
@!!type:obligation
@!!id:3124
@!!loc:2069:16:2069:18
@!!status:proved
@!!prover:smt
@!!meth:time-limit: 60
@!!already:true
@!!END

@!!BEGIN
@!!type:obligation
@!!id:3125
@!!loc:2069:19:2069:23
@!!status:trivial
@!!prover:tlapm
@!!already:false
@!!END

@!!BEGIN
@!!type:obligation
@!!id:3126
@!!loc:2069:25:2069:29
@!!status:trivial
@!!prover:tlapm
@!!already:false
@!!END

@!!BEGIN
@!!type:obligation
@!!id:3127
@!!loc:2069:31:2069:36
@!!status:trivial
@!!prover:tlapm
@!!already:false
@!!END

@!!BEGIN
@!!type:obligation
@!!id:3128
@!!loc:2069:38:2069:43
@!!status:trivial
@!!prover:tlapm
@!!already:false
@!!END

@!!BEGIN
@!!type:obligation
@!!id:3129
@!!loc:2069:45:2069:58
@!!status:trivial
@!!prover:tlapm
@!!already:false
@!!END

@!!BEGIN
@!!type:obligation
@!!id:3131
@!!loc:2070:110:2070:114
@!!status:trivial
@!!prover:tlapm
@!!already:false
@!!END

@!!BEGIN
@!!type:obligation
@!!id:3132
@!!loc:2071:17:2071:19
@!!status:proved
@!!prover:smt
@!!meth:time-limit: 60
@!!already:true
@!!END

@!!BEGIN
@!!type:obligation
@!!id:3133
@!!loc:2071:20:2071:24
@!!status:trivial
@!!prover:tlapm
@!!already:false
@!!END

@!!BEGIN
@!!type:obligation
@!!id:3134
@!!loc:2071:26:2071:32
@!!status:trivial
@!!prover:tlapm
@!!already:false
@!!END

@!!BEGIN
@!!type:obligation
@!!id:3135
@!!loc:2071:34:2071:45
@!!status:trivial
@!!prover:tlapm
@!!already:false
@!!END

@!!BEGIN
@!!type:obligation
@!!id:3136
@!!loc:2131:10:2131:12
@!!status:proved
@!!prover:smt
@!!meth:time-limit: 60
@!!already:true
@!!END

@!!BEGIN
@!!type:obligation
@!!id:3137
@!!loc:2131:13:2131:17
@!!status:trivial
@!!prover:tlapm
@!!already:false
@!!END

@!!BEGIN
@!!type:obligation
@!!id:3138
@!!loc:2131:19:2131:23
@!!status:trivial
@!!prover:tlapm
@!!already:false
@!!END

@!!BEGIN
@!!type:obligation
@!!id:3139
@!!loc:2131:25:2131:29
@!!status:trivial
@!!prover:tlapm
@!!already:false
@!!END

@!!BEGIN
@!!type:obligation
@!!id:3140
@!!loc:2131:31:2131:35
@!!status:trivial
@!!prover:tlapm
@!!already:false
@!!END

@!!BEGIN
@!!type:obligation
@!!id:3141
@!!loc:2131:37:2131:41
@!!status:trivial
@!!prover:tlapm
@!!already:false
@!!END

@!!BEGIN
@!!type:obligation
@!!id:3142
@!!loc:2131:43:2131:47
@!!status:trivial
@!!prover:tlapm
@!!already:false
@!!END

@!!BEGIN
@!!type:obligation
@!!id:3130
@!!loc:2070:107:2070:109
@!!status:proved
@!!prover:smt
@!!meth:time-limit: 60; time-used: 0.8 (1%)
@!!already:false
@!!END

@!!BEGIN
@!!type:obligation
@!!id:3120
@!!loc:2068:3:2068:5
@!!status:proved
@!!prover:smt
@!!meth:time-limit: 60; time-used: 3.0 (5%)
@!!already:false
@!!END

@!!BEGIN
@!!type:obligation
@!!id:3143
@!!loc:2131:49:2131:53
@!!status:trivial
@!!prover:tlapm
@!!already:false
@!!END

@!!BEGIN
@!!type:obligation
@!!id:3144
@!!loc:2131:55:2131:60
@!!status:trivial
@!!prover:tlapm
@!!already:false
@!!END

@!!BEGIN
@!!type:obligation
@!!id:3145
@!!loc:2077:17:2077:19
@!!status:proved
@!!prover:smt
@!!meth:time-limit: 60
@!!already:true
@!!END

@!!BEGIN
@!!type:obligation
@!!id:3146
@!!loc:2078:14:2078:16
@!!status:proved
@!!prover:smt
@!!meth:time-limit: 60
@!!already:true
@!!END

@!!BEGIN
@!!type:obligation
@!!id:3147
@!!loc:2078:17:2078:21
@!!status:trivial
@!!prover:tlapm
@!!already:false
@!!END

@!!BEGIN
@!!type:obligation
@!!id:3148
@!!loc:2079:73:2079:75
@!!status:proved
@!!prover:smt
@!!meth:time-limit: 60
@!!already:true
@!!END

@!!BEGIN
@!!type:obligation
@!!id:3149
@!!loc:2080:34:2080:36
@!!status:proved
@!!prover:smt
@!!meth:time-limit: 60
@!!already:true
@!!END

@!!BEGIN
@!!type:obligation
@!!id:3150
@!!loc:2080:37:2080:41
@!!status:trivial
@!!prover:tlapm
@!!already:false
@!!END

@!!BEGIN
@!!type:obligation
@!!id:3151
@!!loc:2081:59:2081:61
@!!status:proved
@!!prover:smt
@!!meth:time-limit: 60
@!!already:true
@!!END

@!!BEGIN
@!!type:obligation
@!!id:3152
@!!loc:2081:62:2081:66
@!!status:trivial
@!!prover:tlapm
@!!already:false
@!!END

@!!BEGIN
@!!type:obligation
@!!id:3153
@!!loc:2087:3:2087:5
@!!status:proved
@!!prover:smt
@!!meth:time-limit: 60
@!!already:true
@!!END

@!!BEGIN
@!!type:obligation
@!!id:3154
@!!loc:2087:6:2087:10
@!!status:trivial
@!!prover:tlapm
@!!already:false
@!!END

@!!BEGIN
@!!type:obligation
@!!id:3155
@!!loc:2087:12:2087:24
@!!status:trivial
@!!prover:tlapm
@!!already:false
@!!END

@!!BEGIN
@!!type:obligation
@!!id:3156
@!!loc:2088:18:2088:20
@!!status:proved
@!!prover:smt
@!!meth:time-limit: 60
@!!already:true
@!!END

@!!BEGIN
@!!type:obligation
@!!id:3157
@!!loc:2088:21:2088:25
@!!status:trivial
@!!prover:tlapm
@!!already:false
@!!END

@!!BEGIN
@!!type:obligation
@!!id:3158
@!!loc:2088:27:2088:41
@!!status:trivial
@!!prover:tlapm
@!!already:false
@!!END

@!!BEGIN
@!!type:obligation
@!!id:3160
@!!loc:2092:15:2092:19
@!!status:trivial
@!!prover:tlapm
@!!already:false
@!!END

@!!BEGIN
@!!type:obligation
@!!id:3161
@!!loc:2092:21:2092:25
@!!status:trivial
@!!prover:tlapm
@!!already:false
@!!END

@!!BEGIN
@!!type:obligation
@!!id:3162
@!!loc:2092:27:2092:31
@!!status:trivial
@!!prover:tlapm
@!!already:false
@!!END

@!!BEGIN
@!!type:obligation
@!!id:3164
@!!loc:2090:32:2090:44
@!!status:trivial
@!!prover:tlapm
@!!already:false
@!!END

@!!BEGIN
@!!type:obligation
@!!id:3166
@!!loc:2091:82:2091:86
@!!status:trivial
@!!prover:tlapm
@!!already:false
@!!END

@!!BEGIN
@!!type:obligation
@!!id:3165
@!!loc:2091:79:2091:81
@!!status:proved
@!!prover:smt
@!!meth:time-limit: 60; time-used: 0.6 (1%)
@!!already:false
@!!END

@!!BEGIN
@!!type:obligation
@!!id:3163
@!!loc:2090:29:2090:31
@!!status:proved
@!!prover:smt
@!!meth:time-limit: 60; time-used: 1.1 (2%)
@!!already:false
@!!END

@!!BEGIN
@!!type:obligation
@!!id:3159
@!!loc:2092:12:2092:14
@!!status:proved
@!!prover:smt
@!!meth:time-limit: 60; time-used: 1.8 (3%)
@!!already:false
@!!END

@!!BEGIN
@!!type:obligation
@!!id:3170
@!!loc:2096:70:2096:72
@!!status:proved
@!!prover:smt
@!!meth:time-limit: 60
@!!already:true
@!!END

@!!BEGIN
@!!type:obligation
@!!id:3171
@!!loc:2096:73:2096:77
@!!status:trivial
@!!prover:tlapm
@!!already:false
@!!END

@!!BEGIN
@!!type:obligation
@!!id:3172
@!!loc:2096:79:2096:83
@!!status:trivial
@!!prover:tlapm
@!!already:false
@!!END

@!!BEGIN
@!!type:obligation
@!!id:3173
@!!loc:2096:85:2096:93
@!!status:trivial
@!!prover:tlapm
@!!already:false
@!!END

@!!BEGIN
@!!type:obligation
@!!id:3169
@!!loc:2095:50:2095:52
@!!status:proved
@!!prover:smt
@!!meth:time-limit: 60; time-used: 2.2 (4%)
@!!already:false
@!!END

@!!BEGIN
@!!type:obligation
@!!id:3168
@!!loc:2094:24:2094:26
@!!status:proved
@!!prover:smt
@!!meth:time-limit: 60; time-used: 2.5 (4%)
@!!already:false
@!!END

@!!BEGIN
@!!type:obligation
@!!id:3167
@!!loc:2093:42:2093:44
@!!status:proved
@!!prover:smt
@!!meth:time-limit: 60; time-used: 2.8 (5%)
@!!already:false
@!!END

@!!BEGIN
@!!type:obligation
@!!id:3176
@!!loc:2111:99:2111:103
@!!status:trivial
@!!prover:tlapm
@!!already:false
@!!END

@!!BEGIN
@!!type:obligation
@!!id:3177
@!!loc:2111:105:2111:109
@!!status:trivial
@!!prover:tlapm
@!!already:false
@!!END

@!!BEGIN
@!!type:obligation
@!!id:3178
@!!loc:2112:33:2112:35
@!!status:proved
@!!prover:smt
@!!meth:time-limit: 60
@!!already:true
@!!END

@!!BEGIN
@!!type:obligation
@!!id:3179
@!!loc:2112:36:2112:40
@!!status:trivial
@!!prover:tlapm
@!!already:false
@!!END

@!!BEGIN
@!!type:obligation
@!!id:3180
@!!loc:2112:42:2112:46
@!!status:trivial
@!!prover:tlapm
@!!already:false
@!!END

@!!BEGIN
@!!type:obligation
@!!id:3181
@!!loc:2112:48:2112:52
@!!status:trivial
@!!prover:tlapm
@!!already:false
@!!END

@!!BEGIN
@!!type:obligation
@!!id:3182
@!!loc:2112:54:2112:59
@!!status:trivial
@!!prover:tlapm
@!!already:false
@!!END

@!!BEGIN
@!!type:obligation
@!!id:3183
@!!loc:2112:61:2112:65
@!!status:trivial
@!!prover:tlapm
@!!already:false
@!!END

@!!BEGIN
@!!type:obligation
@!!id:3184
@!!loc:2112:67:2112:78
@!!status:trivial
@!!prover:tlapm
@!!already:false
@!!END

@!!BEGIN
@!!type:obligation
@!!id:3186
@!!loc:2113:96:2113:100
@!!status:trivial
@!!prover:tlapm
@!!already:false
@!!END

@!!BEGIN
@!!type:obligation
@!!id:3187
@!!loc:2113:102:2113:106
@!!status:trivial
@!!prover:tlapm
@!!already:false
@!!END

@!!BEGIN
@!!type:obligation
@!!id:3188
@!!loc:2114:14:2114:16
@!!status:proved
@!!prover:smt
@!!meth:time-limit: 60
@!!already:true
@!!END

@!!BEGIN
@!!type:obligation
@!!id:3189
@!!loc:2114:17:2114:21
@!!status:trivial
@!!prover:tlapm
@!!already:false
@!!END

@!!BEGIN
@!!type:obligation
@!!id:3190
@!!loc:2114:23:2114:27
@!!status:trivial
@!!prover:tlapm
@!!already:false
@!!END

@!!BEGIN
@!!type:obligation
@!!id:3191
@!!loc:2114:29:2114:34
@!!status:trivial
@!!prover:tlapm
@!!already:false
@!!END

@!!BEGIN
@!!type:obligation
@!!id:3185
@!!loc:2113:93:2113:95
@!!status:proved
@!!prover:smt
@!!meth:time-limit: 60; time-used: 0.7 (1%)
@!!already:false
@!!END

@!!BEGIN
@!!type:obligation
@!!id:3175
@!!loc:2111:96:2111:98
@!!status:proved
@!!prover:smt
@!!meth:time-limit: 60; time-used: 2.4 (4%)
@!!already:false
@!!END

@!!BEGIN
@!!type:obligation
@!!id:3174
@!!loc:2110:3:2110:5
@!!status:proved
@!!prover:smt
@!!meth:time-limit: 60; time-used: 3.0 (5%)
@!!already:false
@!!END

@!!BEGIN
@!!type:obligation
@!!id:3192
@!!loc:2114:36:2114:46
@!!status:trivial
@!!prover:tlapm
@!!already:false
@!!END

@!!BEGIN
@!!type:obligation
@!!id:3194
@!!loc:2115:111:2115:115
@!!status:trivial
@!!prover:tlapm
@!!already:false
@!!END

@!!BEGIN
@!!type:obligation
@!!id:3195
@!!loc:2115:117:2115:121
@!!status:trivial
@!!prover:tlapm
@!!already:false
@!!END

@!!BEGIN
@!!type:obligation
@!!id:3196
@!!loc:2116:13:2116:15
@!!status:proved
@!!prover:smt
@!!meth:time-limit: 60
@!!already:true
@!!END

@!!BEGIN
@!!type:obligation
@!!id:3197
@!!loc:2116:16:2116:20
@!!status:trivial
@!!prover:tlapm
@!!already:false
@!!END

@!!BEGIN
@!!type:obligation
@!!id:3198
@!!loc:2116:22:2116:26
@!!status:trivial
@!!prover:tlapm
@!!already:false
@!!END

@!!BEGIN
@!!type:obligation
@!!id:3199
@!!loc:2116:28:2116:33
@!!status:trivial
@!!prover:tlapm
@!!already:false
@!!END

@!!BEGIN
@!!type:obligation
@!!id:3200
@!!loc:2116:35:2116:44
@!!status:trivial
@!!prover:tlapm
@!!already:false
@!!END

@!!BEGIN
@!!type:obligation
@!!id:3202
@!!loc:2117:143:2117:147
@!!status:trivial
@!!prover:tlapm
@!!already:false
@!!END

@!!BEGIN
@!!type:obligation
@!!id:3203
@!!loc:2117:149:2117:153
@!!status:trivial
@!!prover:tlapm
@!!already:false
@!!END

@!!BEGIN
@!!type:obligation
@!!id:3204
@!!loc:2117:155:2117:159
@!!status:trivial
@!!prover:tlapm
@!!already:false
@!!END

@!!BEGIN
@!!type:obligation
@!!id:3205
@!!loc:2118:12:2118:14
@!!status:proved
@!!prover:smt
@!!meth:time-limit: 60
@!!already:true
@!!END

@!!BEGIN
@!!type:obligation
@!!id:3206
@!!loc:2118:15:2118:19
@!!status:trivial
@!!prover:tlapm
@!!already:false
@!!END

@!!BEGIN
@!!type:obligation
@!!id:3207
@!!loc:2118:21:2118:25
@!!status:trivial
@!!prover:tlapm
@!!already:false
@!!END

@!!BEGIN
@!!type:obligation
@!!id:3208
@!!loc:2118:27:2118:32
@!!status:trivial
@!!prover:tlapm
@!!already:false
@!!END

@!!BEGIN
@!!type:obligation
@!!id:3209
@!!loc:2118:34:2118:42
@!!status:trivial
@!!prover:tlapm
@!!already:false
@!!END

@!!BEGIN
@!!type:obligation
@!!id:3211
@!!loc:2119:62:2119:66
@!!status:trivial
@!!prover:tlapm
@!!already:false
@!!END

@!!BEGIN
@!!type:obligation
@!!id:3212
@!!loc:2119:68:2119:72
@!!status:trivial
@!!prover:tlapm
@!!already:false
@!!END

@!!BEGIN
@!!type:obligation
@!!id:3213
@!!loc:2120:12:2120:14
@!!status:proved
@!!prover:smt
@!!meth:time-limit: 60
@!!already:true
@!!END

@!!BEGIN
@!!type:obligation
@!!id:3214
@!!loc:2120:15:2120:19
@!!status:trivial
@!!prover:tlapm
@!!already:false
@!!END

@!!BEGIN
@!!type:obligation
@!!id:3215
@!!loc:2120:21:2120:25
@!!status:trivial
@!!prover:tlapm
@!!already:false
@!!END

@!!BEGIN
@!!type:obligation
@!!id:3210
@!!loc:2119:59:2119:61
@!!status:proved
@!!prover:smt
@!!meth:time-limit: 60; time-used: 0.7 (1%)
@!!already:false
@!!END

@!!BEGIN
@!!type:obligation
@!!id:3201
@!!loc:2117:140:2117:142
@!!status:proved
@!!prover:smt
@!!meth:time-limit: 60; time-used: 1.9 (3%)
@!!already:false
@!!END

@!!BEGIN
@!!type:obligation
@!!id:3193
@!!loc:2115:108:2115:110
@!!status:proved
@!!prover:smt
@!!meth:time-limit: 60; time-used: 3.1 (5%)
@!!already:false
@!!END

@!!BEGIN
@!!type:obligation
@!!id:3216
@!!loc:2120:27:2120:32
@!!status:trivial
@!!prover:tlapm
@!!already:false
@!!END

@!!BEGIN
@!!type:obligation
@!!id:3217
@!!loc:2120:34:2120:42
@!!status:trivial
@!!prover:tlapm
@!!already:false
@!!END

@!!BEGIN
@!!type:obligation
@!!id:3219
@!!loc:2124:6:2124:10
@!!status:trivial
@!!prover:tlapm
@!!already:false
@!!END

@!!BEGIN
@!!type:obligation
@!!id:3220
@!!loc:2124:12:2124:16
@!!status:trivial
@!!prover:tlapm
@!!already:false
@!!END

@!!BEGIN
@!!type:obligation
@!!id:3222
@!!loc:2127:6:2127:10
@!!status:trivial
@!!prover:tlapm
@!!already:false
@!!END

@!!BEGIN
@!!type:obligation
@!!id:3223
@!!loc:2127:12:2127:16
@!!status:trivial
@!!prover:tlapm
@!!already:false
@!!END

@!!BEGIN
@!!type:obligation
@!!id:3224
@!!loc:2127:18:2127:22
@!!status:trivial
@!!prover:tlapm
@!!already:false
@!!END

@!!BEGIN
@!!type:obligation
@!!id:3225
@!!loc:2128:16:2128:18
@!!status:proved
@!!prover:smt
@!!meth:time-limit: 60
@!!already:true
@!!END

@!!BEGIN
@!!type:obligation
@!!id:3226
@!!loc:2128:19:2128:23
@!!status:trivial
@!!prover:tlapm
@!!already:false
@!!END

@!!BEGIN
@!!type:obligation
@!!id:3227
@!!loc:2128:25:2128:29
@!!status:trivial
@!!prover:tlapm
@!!already:false
@!!END

@!!BEGIN
@!!type:obligation
@!!id:3228
@!!loc:2128:31:2128:36
@!!status:trivial
@!!prover:tlapm
@!!already:false
@!!END

@!!BEGIN
@!!type:obligation
@!!id:3229
@!!loc:2128:38:2128:43
@!!status:trivial
@!!prover:tlapm
@!!already:false
@!!END

@!!BEGIN
@!!type:obligation
@!!id:3230
@!!loc:2128:45:2128:58
@!!status:trivial
@!!prover:tlapm
@!!already:false
@!!END

@!!BEGIN
@!!type:obligation
@!!id:3232
@!!loc:2129:112:2129:116
@!!status:trivial
@!!prover:tlapm
@!!already:false
@!!END

@!!BEGIN
@!!type:obligation
@!!id:3233
@!!loc:2130:17:2130:19
@!!status:proved
@!!prover:smt
@!!meth:time-limit: 60
@!!already:true
@!!END

@!!BEGIN
@!!type:obligation
@!!id:3234
@!!loc:2130:20:2130:24
@!!status:trivial
@!!prover:tlapm
@!!already:false
@!!END

@!!BEGIN
@!!type:obligation
@!!id:3235
@!!loc:2130:26:2130:32
@!!status:trivial
@!!prover:tlapm
@!!already:false
@!!END

@!!BEGIN
@!!type:obligation
@!!id:3236
@!!loc:2130:34:2130:45
@!!status:trivial
@!!prover:tlapm
@!!already:false
@!!END

@!!BEGIN
@!!type:obligation
@!!id:3237
@!!loc:2186:10:2186:12
@!!status:proved
@!!prover:smt
@!!meth:time-limit: 60
@!!already:true
@!!END

@!!BEGIN
@!!type:obligation
@!!id:3238
@!!loc:2186:13:2186:17
@!!status:trivial
@!!prover:tlapm
@!!already:false
@!!END

@!!BEGIN
@!!type:obligation
@!!id:3239
@!!loc:2186:19:2186:23
@!!status:trivial
@!!prover:tlapm
@!!already:false
@!!END

@!!BEGIN
@!!type:obligation
@!!id:3240
@!!loc:2186:25:2186:29
@!!status:trivial
@!!prover:tlapm
@!!already:false
@!!END

@!!BEGIN
@!!type:obligation
@!!id:3231
@!!loc:2129:109:2129:111
@!!status:proved
@!!prover:smt
@!!meth:time-limit: 60; time-used: 0.7 (1%)
@!!already:false
@!!END

@!!BEGIN
@!!type:obligation
@!!id:3221
@!!loc:2127:3:2127:5
@!!status:proved
@!!prover:smt
@!!meth:time-limit: 60; time-used: 2.1 (3%)
@!!already:false
@!!END

@!!BEGIN
@!!type:obligation
@!!id:3218
@!!loc:2124:3:2124:5
@!!status:proved
@!!prover:smt
@!!meth:time-limit: 60; time-used: 3.1 (5%)
@!!already:false
@!!END

@!!BEGIN
@!!type:obligation
@!!id:3241
@!!loc:2186:31:2186:35
@!!status:trivial
@!!prover:tlapm
@!!already:false
@!!END

@!!BEGIN
@!!type:obligation
@!!id:3242
@!!loc:2186:37:2186:41
@!!status:trivial
@!!prover:tlapm
@!!already:false
@!!END

@!!BEGIN
@!!type:obligation
@!!id:3243
@!!loc:2186:43:2186:47
@!!status:trivial
@!!prover:tlapm
@!!already:false
@!!END

@!!BEGIN
@!!type:obligation
@!!id:3244
@!!loc:2186:49:2186:53
@!!status:trivial
@!!prover:tlapm
@!!already:false
@!!END

@!!BEGIN
@!!type:obligation
@!!id:3245
@!!loc:2186:55:2186:60
@!!status:trivial
@!!prover:tlapm
@!!already:false
@!!END

@!!BEGIN
@!!type:obligation
@!!id:3246
@!!loc:2136:17:2136:19
@!!status:proved
@!!prover:smt
@!!meth:time-limit: 60
@!!already:true
@!!END

@!!BEGIN
@!!type:obligation
@!!id:3247
@!!loc:2137:14:2137:16
@!!status:proved
@!!prover:smt
@!!meth:time-limit: 60
@!!already:true
@!!END

@!!BEGIN
@!!type:obligation
@!!id:3248
@!!loc:2137:17:2137:21
@!!status:trivial
@!!prover:tlapm
@!!already:false
@!!END

@!!BEGIN
@!!type:obligation
@!!id:3249
@!!loc:2138:73:2138:75
@!!status:proved
@!!prover:smt
@!!meth:time-limit: 60
@!!already:true
@!!END

@!!BEGIN
@!!type:obligation
@!!id:3250
@!!loc:2139:34:2139:36
@!!status:proved
@!!prover:smt
@!!meth:time-limit: 60
@!!already:true
@!!END

@!!BEGIN
@!!type:obligation
@!!id:3251
@!!loc:2139:37:2139:41
@!!status:trivial
@!!prover:tlapm
@!!already:false
@!!END

@!!BEGIN
@!!type:obligation
@!!id:3252
@!!loc:2140:59:2140:61
@!!status:proved
@!!prover:smt
@!!meth:time-limit: 60
@!!already:true
@!!END

@!!BEGIN
@!!type:obligation
@!!id:3253
@!!loc:2140:62:2140:66
@!!status:trivial
@!!prover:tlapm
@!!already:false
@!!END

@!!BEGIN
@!!type:obligation
@!!id:3254
@!!loc:2146:3:2146:5
@!!status:proved
@!!prover:smt
@!!meth:time-limit: 60
@!!already:true
@!!END

@!!BEGIN
@!!type:obligation
@!!id:3255
@!!loc:2146:6:2146:10
@!!status:trivial
@!!prover:tlapm
@!!already:false
@!!END

@!!BEGIN
@!!type:obligation
@!!id:3256
@!!loc:2146:12:2146:24
@!!status:trivial
@!!prover:tlapm
@!!already:false
@!!END

@!!BEGIN
@!!type:obligation
@!!id:3257
@!!loc:2147:18:2147:20
@!!status:proved
@!!prover:smt
@!!meth:time-limit: 60
@!!already:true
@!!END

@!!BEGIN
@!!type:obligation
@!!id:3258
@!!loc:2147:21:2147:25
@!!status:trivial
@!!prover:tlapm
@!!already:false
@!!END

@!!BEGIN
@!!type:obligation
@!!id:3259
@!!loc:2147:27:2147:41
@!!status:trivial
@!!prover:tlapm
@!!already:false
@!!END

@!!BEGIN
@!!type:obligation
@!!id:3263
@!!loc:2151:70:2151:72
@!!status:proved
@!!prover:smt
@!!meth:time-limit: 60
@!!already:true
@!!END

@!!BEGIN
@!!type:obligation
@!!id:3264
@!!loc:2151:73:2151:77
@!!status:trivial
@!!prover:tlapm
@!!already:false
@!!END

@!!BEGIN
@!!type:obligation
@!!id:3265
@!!loc:2151:79:2151:83
@!!status:trivial
@!!prover:tlapm
@!!already:false
@!!END

@!!BEGIN
@!!type:obligation
@!!id:3266
@!!loc:2151:85:2151:93
@!!status:trivial
@!!prover:tlapm
@!!already:false
@!!END

@!!BEGIN
@!!type:obligation
@!!id:3262
@!!loc:2150:34:2150:36
@!!status:proved
@!!prover:smt
@!!meth:time-limit: 60; time-used: 2.0 (3%)
@!!already:false
@!!END

@!!BEGIN
@!!type:obligation
@!!id:3261
@!!loc:2149:24:2149:26
@!!status:proved
@!!prover:smt
@!!meth:time-limit: 60; time-used: 2.3 (4%)
@!!already:false
@!!END

@!!BEGIN
@!!type:obligation
@!!id:3260
@!!loc:2148:42:2148:44
@!!status:proved
@!!prover:smt
@!!meth:time-limit: 60; time-used: 2.5 (4%)
@!!already:false
@!!END

@!!BEGIN
@!!type:obligation
@!!id:3269
@!!loc:2166:99:2166:103
@!!status:trivial
@!!prover:tlapm
@!!already:false
@!!END

@!!BEGIN
@!!type:obligation
@!!id:3270
@!!loc:2166:105:2166:109
@!!status:trivial
@!!prover:tlapm
@!!already:false
@!!END

@!!BEGIN
@!!type:obligation
@!!id:3271
@!!loc:2167:33:2167:35
@!!status:proved
@!!prover:smt
@!!meth:time-limit: 60
@!!already:true
@!!END

@!!BEGIN
@!!type:obligation
@!!id:3272
@!!loc:2167:36:2167:40
@!!status:trivial
@!!prover:tlapm
@!!already:false
@!!END

@!!BEGIN
@!!type:obligation
@!!id:3273
@!!loc:2167:42:2167:46
@!!status:trivial
@!!prover:tlapm
@!!already:false
@!!END

@!!BEGIN
@!!type:obligation
@!!id:3274
@!!loc:2167:48:2167:52
@!!status:trivial
@!!prover:tlapm
@!!already:false
@!!END

@!!BEGIN
@!!type:obligation
@!!id:3275
@!!loc:2167:54:2167:59
@!!status:trivial
@!!prover:tlapm
@!!already:false
@!!END

@!!BEGIN
@!!type:obligation
@!!id:3276
@!!loc:2167:61:2167:65
@!!status:trivial
@!!prover:tlapm
@!!already:false
@!!END

@!!BEGIN
@!!type:obligation
@!!id:3277
@!!loc:2167:67:2167:78
@!!status:trivial
@!!prover:tlapm
@!!already:false
@!!END

@!!BEGIN
@!!type:obligation
@!!id:3279
@!!loc:2168:96:2168:100
@!!status:trivial
@!!prover:tlapm
@!!already:false
@!!END

@!!BEGIN
@!!type:obligation
@!!id:3280
@!!loc:2168:102:2168:106
@!!status:trivial
@!!prover:tlapm
@!!already:false
@!!END

@!!BEGIN
@!!type:obligation
@!!id:3281
@!!loc:2169:14:2169:16
@!!status:proved
@!!prover:smt
@!!meth:time-limit: 60
@!!already:true
@!!END

@!!BEGIN
@!!type:obligation
@!!id:3282
@!!loc:2169:17:2169:21
@!!status:trivial
@!!prover:tlapm
@!!already:false
@!!END

@!!BEGIN
@!!type:obligation
@!!id:3283
@!!loc:2169:23:2169:27
@!!status:trivial
@!!prover:tlapm
@!!already:false
@!!END

@!!BEGIN
@!!type:obligation
@!!id:3284
@!!loc:2169:29:2169:34
@!!status:trivial
@!!prover:tlapm
@!!already:false
@!!END

@!!BEGIN
@!!type:obligation
@!!id:3278
@!!loc:2168:93:2168:95
@!!status:proved
@!!prover:smt
@!!meth:time-limit: 60; time-used: 0.4 (1%)
@!!already:false
@!!END

@!!BEGIN
@!!type:obligation
@!!id:3268
@!!loc:2166:96:2166:98
@!!status:proved
@!!prover:smt
@!!meth:time-limit: 60; time-used: 2.4 (4%)
@!!already:false
@!!END

@!!BEGIN
@!!type:obligation
@!!id:3267
@!!loc:2165:3:2165:5
@!!status:proved
@!!prover:smt
@!!meth:time-limit: 60; time-used: 3.0 (5%)
@!!already:false
@!!END

@!!BEGIN
@!!type:obligation
@!!id:3285
@!!loc:2169:36:2169:46
@!!status:trivial
@!!prover:tlapm
@!!already:false
@!!END

@!!BEGIN
@!!type:obligation
@!!id:3287
@!!loc:2170:111:2170:115
@!!status:trivial
@!!prover:tlapm
@!!already:false
@!!END

@!!BEGIN
@!!type:obligation
@!!id:3288
@!!loc:2170:117:2170:121
@!!status:trivial
@!!prover:tlapm
@!!already:false
@!!END

@!!BEGIN
@!!type:obligation
@!!id:3289
@!!loc:2171:13:2171:15
@!!status:proved
@!!prover:smt
@!!meth:time-limit: 60
@!!already:true
@!!END

@!!BEGIN
@!!type:obligation
@!!id:3290
@!!loc:2171:16:2171:20
@!!status:trivial
@!!prover:tlapm
@!!already:false
@!!END

@!!BEGIN
@!!type:obligation
@!!id:3291
@!!loc:2171:22:2171:26
@!!status:trivial
@!!prover:tlapm
@!!already:false
@!!END

@!!BEGIN
@!!type:obligation
@!!id:3292
@!!loc:2171:28:2171:33
@!!status:trivial
@!!prover:tlapm
@!!already:false
@!!END

@!!BEGIN
@!!type:obligation
@!!id:3293
@!!loc:2171:35:2171:44
@!!status:trivial
@!!prover:tlapm
@!!already:false
@!!END

@!!BEGIN
@!!type:obligation
@!!id:3295
@!!loc:2172:143:2172:147
@!!status:trivial
@!!prover:tlapm
@!!already:false
@!!END

@!!BEGIN
@!!type:obligation
@!!id:3296
@!!loc:2172:149:2172:153
@!!status:trivial
@!!prover:tlapm
@!!already:false
@!!END

@!!BEGIN
@!!type:obligation
@!!id:3297
@!!loc:2173:12:2173:14
@!!status:proved
@!!prover:smt
@!!meth:time-limit: 60
@!!already:true
@!!END

@!!BEGIN
@!!type:obligation
@!!id:3298
@!!loc:2173:15:2173:19
@!!status:trivial
@!!prover:tlapm
@!!already:false
@!!END

@!!BEGIN
@!!type:obligation
@!!id:3299
@!!loc:2173:21:2173:25
@!!status:trivial
@!!prover:tlapm
@!!already:false
@!!END

@!!BEGIN
@!!type:obligation
@!!id:3300
@!!loc:2173:27:2173:32
@!!status:trivial
@!!prover:tlapm
@!!already:false
@!!END

@!!BEGIN
@!!type:obligation
@!!id:3301
@!!loc:2173:34:2173:42
@!!status:trivial
@!!prover:tlapm
@!!already:false
@!!END

@!!BEGIN
@!!type:obligation
@!!id:3303
@!!loc:2174:62:2174:66
@!!status:trivial
@!!prover:tlapm
@!!already:false
@!!END

@!!BEGIN
@!!type:obligation
@!!id:3304
@!!loc:2174:68:2174:72
@!!status:trivial
@!!prover:tlapm
@!!already:false
@!!END

@!!BEGIN
@!!type:obligation
@!!id:3305
@!!loc:2175:12:2175:14
@!!status:proved
@!!prover:smt
@!!meth:time-limit: 60
@!!already:true
@!!END

@!!BEGIN
@!!type:obligation
@!!id:3306
@!!loc:2175:15:2175:19
@!!status:trivial
@!!prover:tlapm
@!!already:false
@!!END

@!!BEGIN
@!!type:obligation
@!!id:3307
@!!loc:2175:21:2175:25
@!!status:trivial
@!!prover:tlapm
@!!already:false
@!!END

@!!BEGIN
@!!type:obligation
@!!id:3308
@!!loc:2175:27:2175:32
@!!status:trivial
@!!prover:tlapm
@!!already:false
@!!END

@!!BEGIN
@!!type:obligation
@!!id:3302
@!!loc:2174:59:2174:61
@!!status:proved
@!!prover:smt
@!!meth:time-limit: 60; time-used: 0.9 (1%)
@!!already:false
@!!END

@!!BEGIN
@!!type:obligation
@!!id:3294
@!!loc:2172:140:2172:142
@!!status:proved
@!!prover:smt
@!!meth:time-limit: 60; time-used: 2.0 (3%)
@!!already:false
@!!END

@!!BEGIN
@!!type:obligation
@!!id:3286
@!!loc:2170:108:2170:110
@!!status:proved
@!!prover:smt
@!!meth:time-limit: 60; time-used: 3.2 (5%)
@!!already:false
@!!END

@!!BEGIN
@!!type:obligation
@!!id:3309
@!!loc:2175:34:2175:42
@!!status:trivial
@!!prover:tlapm
@!!already:false
@!!END

@!!BEGIN
@!!type:obligation
@!!id:3311
@!!loc:2179:6:2179:10
@!!status:trivial
@!!prover:tlapm
@!!already:false
@!!END

@!!BEGIN
@!!type:obligation
@!!id:3312
@!!loc:2179:12:2179:16
@!!status:trivial
@!!prover:tlapm
@!!already:false
@!!END

@!!BEGIN
@!!type:obligation
@!!id:3314
@!!loc:2182:6:2182:10
@!!status:trivial
@!!prover:tlapm
@!!already:false
@!!END

@!!BEGIN
@!!type:obligation
@!!id:3315
@!!loc:2182:12:2182:16
@!!status:trivial
@!!prover:tlapm
@!!already:false
@!!END

@!!BEGIN
@!!type:obligation
@!!id:3316
@!!loc:2182:18:2182:22
@!!status:trivial
@!!prover:tlapm
@!!already:false
@!!END

@!!BEGIN
@!!type:obligation
@!!id:3317
@!!loc:2183:16:2183:18
@!!status:proved
@!!prover:smt
@!!meth:time-limit: 60
@!!already:true
@!!END

@!!BEGIN
@!!type:obligation
@!!id:3318
@!!loc:2183:19:2183:23
@!!status:trivial
@!!prover:tlapm
@!!already:false
@!!END

@!!BEGIN
@!!type:obligation
@!!id:3319
@!!loc:2183:25:2183:29
@!!status:trivial
@!!prover:tlapm
@!!already:false
@!!END

@!!BEGIN
@!!type:obligation
@!!id:3320
@!!loc:2183:31:2183:36
@!!status:trivial
@!!prover:tlapm
@!!already:false
@!!END

@!!BEGIN
@!!type:obligation
@!!id:3321
@!!loc:2183:38:2183:43
@!!status:trivial
@!!prover:tlapm
@!!already:false
@!!END

@!!BEGIN
@!!type:obligation
@!!id:3322
@!!loc:2183:45:2183:58
@!!status:trivial
@!!prover:tlapm
@!!already:false
@!!END

@!!BEGIN
@!!type:obligation
@!!id:3324
@!!loc:2184:112:2184:116
@!!status:trivial
@!!prover:tlapm
@!!already:false
@!!END

@!!BEGIN
@!!type:obligation
@!!id:3325
@!!loc:2185:17:2185:19
@!!status:proved
@!!prover:smt
@!!meth:time-limit: 60
@!!already:true
@!!END

@!!BEGIN
@!!type:obligation
@!!id:3326
@!!loc:2185:20:2185:24
@!!status:trivial
@!!prover:tlapm
@!!already:false
@!!END

@!!BEGIN
@!!type:obligation
@!!id:3327
@!!loc:2185:26:2185:32
@!!status:trivial
@!!prover:tlapm
@!!already:false
@!!END

@!!BEGIN
@!!type:obligation
@!!id:3328
@!!loc:2185:34:2185:45
@!!status:trivial
@!!prover:tlapm
@!!already:false
@!!END

@!!BEGIN
@!!type:obligation
@!!id:3329
@!!loc:2243:10:2243:12
@!!status:proved
@!!prover:smt
@!!meth:time-limit: 60
@!!already:true
@!!END

@!!BEGIN
@!!type:obligation
@!!id:3330
@!!loc:2243:13:2243:17
@!!status:trivial
@!!prover:tlapm
@!!already:false
@!!END

@!!BEGIN
@!!type:obligation
@!!id:3331
@!!loc:2243:19:2243:23
@!!status:trivial
@!!prover:tlapm
@!!already:false
@!!END

@!!BEGIN
@!!type:obligation
@!!id:3332
@!!loc:2243:25:2243:29
@!!status:trivial
@!!prover:tlapm
@!!already:false
@!!END

@!!BEGIN
@!!type:obligation
@!!id:3333
@!!loc:2243:31:2243:35
@!!status:trivial
@!!prover:tlapm
@!!already:false
@!!END

@!!BEGIN
@!!type:obligation
@!!id:3323
@!!loc:2184:109:2184:111
@!!status:proved
@!!prover:smt
@!!meth:time-limit: 60; time-used: 0.9 (1%)
@!!already:false
@!!END

@!!BEGIN
@!!type:obligation
@!!id:3313
@!!loc:2182:3:2182:5
@!!status:proved
@!!prover:smt
@!!meth:time-limit: 60; time-used: 2.1 (4%)
@!!already:false
@!!END

@!!BEGIN
@!!type:obligation
@!!id:3310
@!!loc:2179:3:2179:5
@!!status:proved
@!!prover:smt
@!!meth:time-limit: 60; time-used: 3.2 (5%)
@!!already:false
@!!END

@!!BEGIN
@!!type:obligation
@!!id:3334
@!!loc:2243:37:2243:41
@!!status:trivial
@!!prover:tlapm
@!!already:false
@!!END

@!!BEGIN
@!!type:obligation
@!!id:3335
@!!loc:2243:43:2243:47
@!!status:trivial
@!!prover:tlapm
@!!already:false
@!!END

@!!BEGIN
@!!type:obligation
@!!id:3336
@!!loc:2243:49:2243:53
@!!status:trivial
@!!prover:tlapm
@!!already:false
@!!END

@!!BEGIN
@!!type:obligation
@!!id:3337
@!!loc:2243:55:2243:60
@!!status:trivial
@!!prover:tlapm
@!!already:false
@!!END

@!!BEGIN
@!!type:obligation
@!!id:3338
@!!loc:2191:17:2191:19
@!!status:proved
@!!prover:smt
@!!meth:time-limit: 60
@!!already:true
@!!END

@!!BEGIN
@!!type:obligation
@!!id:3339
@!!loc:2192:14:2192:16
@!!status:proved
@!!prover:smt
@!!meth:time-limit: 60
@!!already:true
@!!END

@!!BEGIN
@!!type:obligation
@!!id:3340
@!!loc:2192:17:2192:21
@!!status:trivial
@!!prover:tlapm
@!!already:false
@!!END

@!!BEGIN
@!!type:obligation
@!!id:3341
@!!loc:2193:73:2193:75
@!!status:proved
@!!prover:smt
@!!meth:time-limit: 60
@!!already:true
@!!END

@!!BEGIN
@!!type:obligation
@!!id:3342
@!!loc:2194:34:2194:36
@!!status:proved
@!!prover:smt
@!!meth:time-limit: 60
@!!already:true
@!!END

@!!BEGIN
@!!type:obligation
@!!id:3343
@!!loc:2194:37:2194:41
@!!status:trivial
@!!prover:tlapm
@!!already:false
@!!END

@!!BEGIN
@!!type:obligation
@!!id:3344
@!!loc:2195:59:2195:61
@!!status:proved
@!!prover:smt
@!!meth:time-limit: 60
@!!already:true
@!!END

@!!BEGIN
@!!type:obligation
@!!id:3345
@!!loc:2195:62:2195:66
@!!status:trivial
@!!prover:tlapm
@!!already:false
@!!END

@!!BEGIN
@!!type:obligation
@!!id:3346
@!!loc:2201:3:2201:5
@!!status:proved
@!!prover:smt
@!!meth:time-limit: 60
@!!already:true
@!!END

@!!BEGIN
@!!type:obligation
@!!id:3347
@!!loc:2201:6:2201:10
@!!status:trivial
@!!prover:tlapm
@!!already:false
@!!END

@!!BEGIN
@!!type:obligation
@!!id:3348
@!!loc:2201:12:2201:24
@!!status:trivial
@!!prover:tlapm
@!!already:false
@!!END

@!!BEGIN
@!!type:obligation
@!!id:3349
@!!loc:2202:18:2202:20
@!!status:proved
@!!prover:smt
@!!meth:time-limit: 60
@!!already:true
@!!END

@!!BEGIN
@!!type:obligation
@!!id:3350
@!!loc:2202:21:2202:25
@!!status:trivial
@!!prover:tlapm
@!!already:false
@!!END

@!!BEGIN
@!!type:obligation
@!!id:3351
@!!loc:2202:27:2202:40
@!!status:trivial
@!!prover:tlapm
@!!already:false
@!!END

@!!BEGIN
@!!type:obligation
@!!id:3355
@!!loc:2206:69:2206:71
@!!status:proved
@!!prover:smt
@!!meth:time-limit: 60
@!!already:true
@!!END

@!!BEGIN
@!!type:obligation
@!!id:3356
@!!loc:2206:72:2206:76
@!!status:trivial
@!!prover:tlapm
@!!already:false
@!!END

@!!BEGIN
@!!type:obligation
@!!id:3357
@!!loc:2206:78:2206:82
@!!status:trivial
@!!prover:tlapm
@!!already:false
@!!END

@!!BEGIN
@!!type:obligation
@!!id:3358
@!!loc:2206:84:2206:92
@!!status:trivial
@!!prover:tlapm
@!!already:false
@!!END

@!!BEGIN
@!!type:obligation
@!!id:3354
@!!loc:2205:34:2205:36
@!!status:proved
@!!prover:smt
@!!meth:time-limit: 60; time-used: 2.5 (4%)
@!!already:false
@!!END

@!!BEGIN
@!!type:obligation
@!!id:3353
@!!loc:2204:24:2204:26
@!!status:proved
@!!prover:smt
@!!meth:time-limit: 60; time-used: 2.7 (5%)
@!!already:false
@!!END

@!!BEGIN
@!!type:obligation
@!!id:3352
@!!loc:2203:41:2203:43
@!!status:proved
@!!prover:smt
@!!meth:time-limit: 60; time-used: 3.0 (5%)
@!!already:false
@!!END

@!!BEGIN
@!!type:obligation
@!!id:3360
@!!loc:2226:12:2226:14
@!!status:proved
@!!prover:smt
@!!meth:time-limit: 60
@!!already:true
@!!END

@!!BEGIN
@!!type:obligation
@!!id:3361
@!!loc:2226:15:2226:19
@!!status:trivial
@!!prover:tlapm
@!!already:false
@!!END

@!!BEGIN
@!!type:obligation
@!!id:3362
@!!loc:2226:21:2226:25
@!!status:trivial
@!!prover:tlapm
@!!already:false
@!!END

@!!BEGIN
@!!type:obligation
@!!id:3364
@!!loc:2224:27:2224:31
@!!status:trivial
@!!prover:tlapm
@!!already:false
@!!END

@!!BEGIN
@!!type:obligation
@!!id:3365
@!!loc:2224:33:2224:37
@!!status:trivial
@!!prover:tlapm
@!!already:false
@!!END

@!!BEGIN
@!!type:obligation
@!!id:3366
@!!loc:2224:39:2224:43
@!!status:trivial
@!!prover:tlapm
@!!already:false
@!!END

@!!BEGIN
@!!type:obligation
@!!id:3367
@!!loc:2224:45:2224:49
@!!status:trivial
@!!prover:tlapm
@!!already:false
@!!END

@!!BEGIN
@!!type:obligation
@!!id:3369
@!!loc:2225:20:2225:24
@!!status:trivial
@!!prover:tlapm
@!!already:false
@!!END

@!!BEGIN
@!!type:obligation
@!!id:3370
@!!loc:2225:26:2225:36
@!!status:trivial
@!!prover:tlapm
@!!already:false
@!!END

@!!BEGIN
@!!type:obligation
@!!id:3368
@!!loc:2225:17:2225:19
@!!status:proved
@!!prover:smt
@!!meth:time-limit: 60; time-used: 1.1 (2%)
@!!already:false
@!!END

@!!BEGIN
@!!type:obligation
@!!id:3363
@!!loc:2224:24:2224:26
@!!status:proved
@!!prover:smt
@!!meth:time-limit: 60; time-used: 2.1 (3%)
@!!already:false
@!!END

@!!BEGIN
@!!type:obligation
@!!id:3359
@!!loc:2222:3:2222:5
@!!status:proved
@!!prover:smt
@!!meth:time-limit: 60; time-used: 3.1 (5%)
@!!already:false
@!!END

@!!BEGIN
@!!type:obligation
@!!id:3372
@!!loc:2227:93:2227:97
@!!status:trivial
@!!prover:tlapm
@!!already:false
@!!END

@!!BEGIN
@!!type:obligation
@!!id:3373
@!!loc:2228:14:2228:16
@!!status:proved
@!!prover:smt
@!!meth:time-limit: 60
@!!already:true
@!!END

@!!BEGIN
@!!type:obligation
@!!id:3374
@!!loc:2228:17:2228:21
@!!status:trivial
@!!prover:tlapm
@!!already:false
@!!END

@!!BEGIN
@!!type:obligation
@!!id:3375
@!!loc:2228:23:2228:27
@!!status:trivial
@!!prover:tlapm
@!!already:false
@!!END

@!!BEGIN
@!!type:obligation
@!!id:3376
@!!loc:2228:29:2228:34
@!!status:trivial
@!!prover:tlapm
@!!already:false
@!!END

@!!BEGIN
@!!type:obligation
@!!id:3377
@!!loc:2228:36:2228:46
@!!status:trivial
@!!prover:tlapm
@!!already:false
@!!END

@!!BEGIN
@!!type:obligation
@!!id:3379
@!!loc:2229:107:2229:111
@!!status:trivial
@!!prover:tlapm
@!!already:false
@!!END

@!!BEGIN
@!!type:obligation
@!!id:3380
@!!loc:2229:113:2229:117
@!!status:trivial
@!!prover:tlapm
@!!already:false
@!!END

@!!BEGIN
@!!type:obligation
@!!id:3381
@!!loc:2230:13:2230:15
@!!status:proved
@!!prover:smt
@!!meth:time-limit: 60
@!!already:true
@!!END

@!!BEGIN
@!!type:obligation
@!!id:3382
@!!loc:2230:16:2230:20
@!!status:trivial
@!!prover:tlapm
@!!already:false
@!!END

@!!BEGIN
@!!type:obligation
@!!id:3383
@!!loc:2230:22:2230:26
@!!status:trivial
@!!prover:tlapm
@!!already:false
@!!END

@!!BEGIN
@!!type:obligation
@!!id:3384
@!!loc:2230:28:2230:33
@!!status:trivial
@!!prover:tlapm
@!!already:false
@!!END

@!!BEGIN
@!!type:obligation
@!!id:3385
@!!loc:2230:35:2230:44
@!!status:trivial
@!!prover:tlapm
@!!already:false
@!!END

@!!BEGIN
@!!type:obligation
@!!id:3387
@!!loc:2231:139:2231:143
@!!status:trivial
@!!prover:tlapm
@!!already:false
@!!END

@!!BEGIN
@!!type:obligation
@!!id:3388
@!!loc:2232:12:2232:14
@!!status:proved
@!!prover:smt
@!!meth:time-limit: 60
@!!already:true
@!!END

@!!BEGIN
@!!type:obligation
@!!id:3389
@!!loc:2232:15:2232:19
@!!status:trivial
@!!prover:tlapm
@!!already:false
@!!END

@!!BEGIN
@!!type:obligation
@!!id:3390
@!!loc:2232:21:2232:25
@!!status:trivial
@!!prover:tlapm
@!!already:false
@!!END

@!!BEGIN
@!!type:obligation
@!!id:3391
@!!loc:2232:27:2232:32
@!!status:trivial
@!!prover:tlapm
@!!already:false
@!!END

@!!BEGIN
@!!type:obligation
@!!id:3392
@!!loc:2232:34:2232:42
@!!status:trivial
@!!prover:tlapm
@!!already:false
@!!END

@!!BEGIN
@!!type:obligation
@!!id:3386
@!!loc:2231:136:2231:138
@!!status:proved
@!!prover:smt
@!!meth:time-limit: 60; time-used: 1.6 (3%)
@!!already:false
@!!END

@!!BEGIN
@!!type:obligation
@!!id:3378
@!!loc:2229:104:2229:106
@!!status:proved
@!!prover:smt
@!!meth:time-limit: 60; time-used: 3.0 (5%)
@!!already:false
@!!END

@!!BEGIN
@!!type:obligation
@!!id:3371
@!!loc:2227:90:2227:92
@!!status:proved
@!!prover:smt
@!!meth:time-limit: 60; time-used: 4.0 (7%)
@!!already:false
@!!END

@!!BEGIN
@!!type:obligation
@!!id:3394
@!!loc:2233:60:2233:64
@!!status:trivial
@!!prover:tlapm
@!!already:false
@!!END

@!!BEGIN
@!!type:obligation
@!!id:3395
@!!loc:2233:66:2233:70
@!!status:trivial
@!!prover:tlapm
@!!already:false
@!!END

@!!BEGIN
@!!type:obligation
@!!id:3396
@!!loc:2234:12:2234:14
@!!status:proved
@!!prover:smt
@!!meth:time-limit: 60
@!!already:true
@!!END

@!!BEGIN
@!!type:obligation
@!!id:3397
@!!loc:2234:15:2234:19
@!!status:trivial
@!!prover:tlapm
@!!already:false
@!!END

@!!BEGIN
@!!type:obligation
@!!id:3398
@!!loc:2234:21:2234:25
@!!status:trivial
@!!prover:tlapm
@!!already:false
@!!END

@!!BEGIN
@!!type:obligation
@!!id:3399
@!!loc:2234:27:2234:32
@!!status:trivial
@!!prover:tlapm
@!!already:false
@!!END

@!!BEGIN
@!!type:obligation
@!!id:3400
@!!loc:2234:34:2234:42
@!!status:trivial
@!!prover:tlapm
@!!already:false
@!!END

@!!BEGIN
@!!type:obligation
@!!id:3402
@!!loc:2240:15:2240:19
@!!status:trivial
@!!prover:tlapm
@!!already:false
@!!END

@!!BEGIN
@!!type:obligation
@!!id:3403
@!!loc:2240:21:2240:25
@!!status:trivial
@!!prover:tlapm
@!!already:false
@!!END

@!!BEGIN
@!!type:obligation
@!!id:3404
@!!loc:2240:27:2240:31
@!!status:trivial
@!!prover:tlapm
@!!already:false
@!!END

@!!BEGIN
@!!type:obligation
@!!id:3405
@!!loc:2240:33:2240:37
@!!status:trivial
@!!prover:tlapm
@!!already:false
@!!END

@!!BEGIN
@!!type:obligation
@!!id:3406
@!!loc:2240:39:2240:43
@!!status:trivial
@!!prover:tlapm
@!!already:false
@!!END

@!!BEGIN
@!!type:obligation
@!!id:3407
@!!loc:2240:45:2240:57
@!!status:trivial
@!!prover:tlapm
@!!already:false
@!!END

@!!BEGIN
@!!type:obligation
@!!id:3409
@!!loc:2236:33:2236:37
@!!status:trivial
@!!prover:tlapm
@!!already:false
@!!END

@!!BEGIN
@!!type:obligation
@!!id:3408
@!!loc:2236:30:2236:32
@!!status:proved
@!!prover:smt
@!!meth:time-limit: 60; time-used: 0.1 (0%)
@!!already:false
@!!END

@!!BEGIN
@!!type:obligation
@!!id:3401
@!!loc:2240:12:2240:14
@!!status:proved
@!!prover:smt
@!!meth:time-limit: 60; time-used: 0.8 (1%)
@!!already:false
@!!END

@!!BEGIN
@!!type:obligation
@!!id:3393
@!!loc:2233:57:2233:59
@!!status:proved
@!!prover:smt
@!!meth:time-limit: 60; time-used: 3.0 (5%)
@!!already:false
@!!END

@!!BEGIN
@!!type:obligation
@!!id:3410
@!!loc:2236:39:2236:43
@!!status:trivial
@!!prover:tlapm
@!!already:false
@!!END

@!!BEGIN
@!!type:obligation
@!!id:3412
@!!loc:2237:84:2237:88
@!!status:trivial
@!!prover:tlapm
@!!already:false
@!!END

@!!BEGIN
@!!type:obligation
@!!id:3413
@!!loc:2237:90:2237:94
@!!status:trivial
@!!prover:tlapm
@!!already:false
@!!END

@!!BEGIN
@!!type:obligation
@!!id:3415
@!!loc:2239:8:2239:12
@!!status:trivial
@!!prover:tlapm
@!!already:false
@!!END

@!!BEGIN
@!!type:obligation
@!!id:3416
@!!loc:2239:14:2239:18
@!!status:trivial
@!!prover:tlapm
@!!already:false
@!!END

@!!BEGIN
@!!type:obligation
@!!id:3417
@!!loc:2239:20:2239:24
@!!status:trivial
@!!prover:tlapm
@!!already:false
@!!END

@!!BEGIN
@!!type:obligation
@!!id:3418
@!!loc:2239:26:2239:30
@!!status:trivial
@!!prover:tlapm
@!!already:false
@!!END

@!!BEGIN
@!!type:obligation
@!!id:3419
@!!loc:2239:32:2239:36
@!!status:trivial
@!!prover:tlapm
@!!already:false
@!!END

@!!BEGIN
@!!type:obligation
@!!id:3414
@!!loc:2239:5:2239:7
@!!status:proved
@!!prover:smt
@!!meth:time-limit: 60; time-used: 2.0 (3%)
@!!already:false
@!!END

@!!BEGIN
@!!type:obligation
@!!id:3411
@!!loc:2237:81:2237:83
@!!status:proved
@!!prover:smt
@!!meth:time-limit: 60; time-used: 3.5 (6%)
@!!already:false
@!!END

@!!BEGIN
@!!type:obligation
@!!id:3421
@!!loc:2241:110:2241:114
@!!status:trivial
@!!prover:tlapm
@!!already:false
@!!END

@!!BEGIN
@!!type:obligation
@!!id:3422
@!!loc:2242:17:2242:19
@!!status:proved
@!!prover:smt
@!!meth:time-limit: 60
@!!already:true
@!!END

@!!BEGIN
@!!type:obligation
@!!id:3423
@!!loc:2242:20:2242:24
@!!status:trivial
@!!prover:tlapm
@!!already:false
@!!END

@!!BEGIN
@!!type:obligation
@!!id:3424
@!!loc:2242:26:2242:32
@!!status:trivial
@!!prover:tlapm
@!!already:false
@!!END

@!!BEGIN
@!!type:obligation
@!!id:3425
@!!loc:2242:34:2242:45
@!!status:trivial
@!!prover:tlapm
@!!already:false
@!!END

@!!BEGIN
@!!type:obligation
@!!id:3426
@!!loc:2305:10:2305:12
@!!status:proved
@!!prover:smt
@!!meth:time-limit: 60
@!!already:true
@!!END

@!!BEGIN
@!!type:obligation
@!!id:3427
@!!loc:2305:13:2305:17
@!!status:trivial
@!!prover:tlapm
@!!already:false
@!!END

@!!BEGIN
@!!type:obligation
@!!id:3428
@!!loc:2305:19:2305:23
@!!status:trivial
@!!prover:tlapm
@!!already:false
@!!END

@!!BEGIN
@!!type:obligation
@!!id:3429
@!!loc:2305:25:2305:29
@!!status:trivial
@!!prover:tlapm
@!!already:false
@!!END

@!!BEGIN
@!!type:obligation
@!!id:3430
@!!loc:2305:31:2305:35
@!!status:trivial
@!!prover:tlapm
@!!already:false
@!!END

@!!BEGIN
@!!type:obligation
@!!id:3431
@!!loc:2305:37:2305:41
@!!status:trivial
@!!prover:tlapm
@!!already:false
@!!END

@!!BEGIN
@!!type:obligation
@!!id:3432
@!!loc:2305:43:2305:47
@!!status:trivial
@!!prover:tlapm
@!!already:false
@!!END

@!!BEGIN
@!!type:obligation
@!!id:3433
@!!loc:2305:49:2305:53
@!!status:trivial
@!!prover:tlapm
@!!already:false
@!!END

@!!BEGIN
@!!type:obligation
@!!id:3434
@!!loc:2305:55:2305:60
@!!status:trivial
@!!prover:tlapm
@!!already:false
@!!END

@!!BEGIN
@!!type:obligation
@!!id:3435
@!!loc:2251:17:2251:19
@!!status:proved
@!!prover:smt
@!!meth:time-limit: 60
@!!already:true
@!!END

@!!BEGIN
@!!type:obligation
@!!id:3436
@!!loc:2252:14:2252:16
@!!status:proved
@!!prover:smt
@!!meth:time-limit: 60
@!!already:true
@!!END

@!!BEGIN
@!!type:obligation
@!!id:3437
@!!loc:2252:17:2252:21
@!!status:trivial
@!!prover:tlapm
@!!already:false
@!!END

@!!BEGIN
@!!type:obligation
@!!id:3438
@!!loc:2253:73:2253:75
@!!status:proved
@!!prover:smt
@!!meth:time-limit: 60
@!!already:true
@!!END

@!!BEGIN
@!!type:obligation
@!!id:3439
@!!loc:2254:34:2254:36
@!!status:proved
@!!prover:smt
@!!meth:time-limit: 60
@!!already:true
@!!END

@!!BEGIN
@!!type:obligation
@!!id:3440
@!!loc:2254:37:2254:41
@!!status:trivial
@!!prover:tlapm
@!!already:false
@!!END

@!!BEGIN
@!!type:obligation
@!!id:3441
@!!loc:2255:59:2255:61
@!!status:proved
@!!prover:smt
@!!meth:time-limit: 60
@!!already:true
@!!END

@!!BEGIN
@!!type:obligation
@!!id:3442
@!!loc:2255:62:2255:66
@!!status:trivial
@!!prover:tlapm
@!!already:false
@!!END

@!!BEGIN
@!!type:obligation
@!!id:3443
@!!loc:2261:3:2261:5
@!!status:proved
@!!prover:smt
@!!meth:time-limit: 60
@!!already:true
@!!END

@!!BEGIN
@!!type:obligation
@!!id:3444
@!!loc:2261:6:2261:10
@!!status:trivial
@!!prover:tlapm
@!!already:false
@!!END

@!!BEGIN
@!!type:obligation
@!!id:3445
@!!loc:2261:12:2261:24
@!!status:trivial
@!!prover:tlapm
@!!already:false
@!!END

@!!BEGIN
@!!type:obligation
@!!id:3446
@!!loc:2262:18:2262:20
@!!status:proved
@!!prover:smt
@!!meth:time-limit: 60
@!!already:true
@!!END

@!!BEGIN
@!!type:obligation
@!!id:3447
@!!loc:2262:21:2262:25
@!!status:trivial
@!!prover:tlapm
@!!already:false
@!!END

@!!BEGIN
@!!type:obligation
@!!id:3448
@!!loc:2262:27:2262:41
@!!status:trivial
@!!prover:tlapm
@!!already:false
@!!END

@!!BEGIN
@!!type:obligation
@!!id:3450
@!!loc:2264:55:2264:57
@!!status:proved
@!!prover:smt
@!!meth:time-limit: 60; time-used: 0.2 (0%)
@!!already:false
@!!END

@!!BEGIN
@!!type:obligation
@!!id:3449
@!!loc:2263:42:2263:44
@!!status:proved
@!!prover:smt
@!!meth:time-limit: 60; time-used: 0.4 (1%)
@!!already:false
@!!END

@!!BEGIN
@!!type:obligation
@!!id:3420
@!!loc:2241:107:2241:109
@!!status:proved
@!!prover:smt
@!!meth:time-limit: 60; time-used: 2.2 (4%)
@!!already:false
@!!END

@!!BEGIN
@!!type:obligation
@!!id:3452
@!!loc:2266:70:2266:72
@!!status:proved
@!!prover:smt
@!!meth:time-limit: 60
@!!already:true
@!!END

@!!BEGIN
@!!type:obligation
@!!id:3453
@!!loc:2266:73:2266:77
@!!status:trivial
@!!prover:tlapm
@!!already:false
@!!END

@!!BEGIN
@!!type:obligation
@!!id:3454
@!!loc:2266:79:2266:83
@!!status:trivial
@!!prover:tlapm
@!!already:false
@!!END

@!!BEGIN
@!!type:obligation
@!!id:3455
@!!loc:2266:85:2266:93
@!!status:trivial
@!!prover:tlapm
@!!already:false
@!!END

@!!BEGIN
@!!type:obligation
@!!id:3451
@!!loc:2265:13:2265:15
@!!status:proved
@!!prover:smt
@!!meth:time-limit: 60; time-used: 3.1 (5%)
@!!already:false
@!!END

@!!BEGIN
@!!type:obligation
@!!id:3457
@!!loc:2284:12:2284:14
@!!status:proved
@!!prover:smt
@!!meth:time-limit: 60
@!!already:true
@!!END

@!!BEGIN
@!!type:obligation
@!!id:3458
@!!loc:2284:15:2284:19
@!!status:trivial
@!!prover:tlapm
@!!already:false
@!!END

@!!BEGIN
@!!type:obligation
@!!id:3459
@!!loc:2284:21:2284:25
@!!status:trivial
@!!prover:tlapm
@!!already:false
@!!END

@!!BEGIN
@!!type:obligation
@!!id:3461
@!!loc:2282:27:2282:31
@!!status:trivial
@!!prover:tlapm
@!!already:false
@!!END

@!!BEGIN
@!!type:obligation
@!!id:3462
@!!loc:2282:33:2282:37
@!!status:trivial
@!!prover:tlapm
@!!already:false
@!!END

@!!BEGIN
@!!type:obligation
@!!id:3463
@!!loc:2282:39:2282:43
@!!status:trivial
@!!prover:tlapm
@!!already:false
@!!END

@!!BEGIN
@!!type:obligation
@!!id:3464
@!!loc:2282:45:2282:49
@!!status:trivial
@!!prover:tlapm
@!!already:false
@!!END

@!!BEGIN
@!!type:obligation
@!!id:3465
@!!loc:2282:51:2282:55
@!!status:trivial
@!!prover:tlapm
@!!already:false
@!!END

@!!BEGIN
@!!type:obligation
@!!id:3467
@!!loc:2283:20:2283:24
@!!status:trivial
@!!prover:tlapm
@!!already:false
@!!END

@!!BEGIN
@!!type:obligation
@!!id:3468
@!!loc:2283:26:2283:30
@!!status:trivial
@!!prover:tlapm
@!!already:false
@!!END

@!!BEGIN
@!!type:obligation
@!!id:3469
@!!loc:2283:32:2283:36
@!!status:trivial
@!!prover:tlapm
@!!already:false
@!!END

@!!BEGIN
@!!type:obligation
@!!id:3470
@!!loc:2283:38:2283:42
@!!status:trivial
@!!prover:tlapm
@!!already:false
@!!END

@!!BEGIN
@!!type:obligation
@!!id:3471
@!!loc:2283:44:2283:48
@!!status:trivial
@!!prover:tlapm
@!!already:false
@!!END

@!!BEGIN
@!!type:obligation
@!!id:3466
@!!loc:2283:17:2283:19
@!!status:proved
@!!prover:smt
@!!meth:time-limit: 60; time-used: 1.1 (2%)
@!!already:false
@!!END

@!!BEGIN
@!!type:obligation
@!!id:3460
@!!loc:2282:24:2282:26
@!!status:proved
@!!prover:smt
@!!meth:time-limit: 60; time-used: 2.2 (4%)
@!!already:false
@!!END

@!!BEGIN
@!!type:obligation
@!!id:3456
@!!loc:2280:3:2280:5
@!!status:proved
@!!prover:smt
@!!meth:time-limit: 60; time-used: 3.1 (5%)
@!!already:false
@!!END

@!!BEGIN
@!!type:obligation
@!!id:3473
@!!loc:2285:96:2285:100
@!!status:trivial
@!!prover:tlapm
@!!already:false
@!!END

@!!BEGIN
@!!type:obligation
@!!id:3474
@!!loc:2286:14:2286:16
@!!status:proved
@!!prover:smt
@!!meth:time-limit: 60
@!!already:true
@!!END

@!!BEGIN
@!!type:obligation
@!!id:3475
@!!loc:2286:17:2286:21
@!!status:trivial
@!!prover:tlapm
@!!already:false
@!!END

@!!BEGIN
@!!type:obligation
@!!id:3476
@!!loc:2286:23:2286:27
@!!status:trivial
@!!prover:tlapm
@!!already:false
@!!END

@!!BEGIN
@!!type:obligation
@!!id:3477
@!!loc:2286:29:2286:34
@!!status:trivial
@!!prover:tlapm
@!!already:false
@!!END

@!!BEGIN
@!!type:obligation
@!!id:3478
@!!loc:2286:36:2286:46
@!!status:trivial
@!!prover:tlapm
@!!already:false
@!!END

@!!BEGIN
@!!type:obligation
@!!id:3480
@!!loc:2287:111:2287:115
@!!status:trivial
@!!prover:tlapm
@!!already:false
@!!END

@!!BEGIN
@!!type:obligation
@!!id:3481
@!!loc:2287:117:2287:121
@!!status:trivial
@!!prover:tlapm
@!!already:false
@!!END

@!!BEGIN
@!!type:obligation
@!!id:3482
@!!loc:2288:13:2288:15
@!!status:proved
@!!prover:smt
@!!meth:time-limit: 60
@!!already:true
@!!END

@!!BEGIN
@!!type:obligation
@!!id:3483
@!!loc:2288:16:2288:20
@!!status:trivial
@!!prover:tlapm
@!!already:false
@!!END

@!!BEGIN
@!!type:obligation
@!!id:3484
@!!loc:2288:22:2288:26
@!!status:trivial
@!!prover:tlapm
@!!already:false
@!!END

@!!BEGIN
@!!type:obligation
@!!id:3485
@!!loc:2288:28:2288:33
@!!status:trivial
@!!prover:tlapm
@!!already:false
@!!END

@!!BEGIN
@!!type:obligation
@!!id:3486
@!!loc:2288:35:2288:44
@!!status:trivial
@!!prover:tlapm
@!!already:false
@!!END

@!!BEGIN
@!!type:obligation
@!!id:3479
@!!loc:2287:108:2287:110
@!!status:proved
@!!prover:smt
@!!meth:time-limit: 60; time-used: 1.8 (3%)
@!!already:false
@!!END

@!!BEGIN
@!!type:obligation
@!!id:3472
@!!loc:2285:93:2285:95
@!!status:proved
@!!prover:smt
@!!meth:time-limit: 60; time-used: 3.2 (5%)
@!!already:false
@!!END

@!!BEGIN
@!!type:obligation
@!!id:3488
@!!loc:2289:143:2289:147
@!!status:trivial
@!!prover:tlapm
@!!already:false
@!!END

@!!BEGIN
@!!type:obligation
@!!id:3489
@!!loc:2290:12:2290:14
@!!status:proved
@!!prover:smt
@!!meth:time-limit: 60
@!!already:true
@!!END

@!!BEGIN
@!!type:obligation
@!!id:3490
@!!loc:2290:15:2290:19
@!!status:trivial
@!!prover:tlapm
@!!already:false
@!!END

@!!BEGIN
@!!type:obligation
@!!id:3491
@!!loc:2290:21:2290:25
@!!status:trivial
@!!prover:tlapm
@!!already:false
@!!END

@!!BEGIN
@!!type:obligation
@!!id:3492
@!!loc:2290:27:2290:32
@!!status:trivial
@!!prover:tlapm
@!!already:false
@!!END

@!!BEGIN
@!!type:obligation
@!!id:3493
@!!loc:2290:34:2290:42
@!!status:trivial
@!!prover:tlapm
@!!already:false
@!!END

@!!BEGIN
@!!type:obligation
@!!id:3495
@!!loc:2291:62:2291:66
@!!status:trivial
@!!prover:tlapm
@!!already:false
@!!END

@!!BEGIN
@!!type:obligation
@!!id:3496
@!!loc:2291:68:2291:72
@!!status:trivial
@!!prover:tlapm
@!!already:false
@!!END

@!!BEGIN
@!!type:obligation
@!!id:3497
@!!loc:2292:12:2292:14
@!!status:proved
@!!prover:smt
@!!meth:time-limit: 60
@!!already:true
@!!END

@!!BEGIN
@!!type:obligation
@!!id:3498
@!!loc:2292:15:2292:19
@!!status:trivial
@!!prover:tlapm
@!!already:false
@!!END

@!!BEGIN
@!!type:obligation
@!!id:3499
@!!loc:2292:21:2292:25
@!!status:trivial
@!!prover:tlapm
@!!already:false
@!!END

@!!BEGIN
@!!type:obligation
@!!id:3500
@!!loc:2292:27:2292:32
@!!status:trivial
@!!prover:tlapm
@!!already:false
@!!END

@!!BEGIN
@!!type:obligation
@!!id:3501
@!!loc:2292:34:2292:42
@!!status:trivial
@!!prover:tlapm
@!!already:false
@!!END

@!!BEGIN
@!!type:obligation
@!!id:3503
@!!loc:2302:15:2302:19
@!!status:trivial
@!!prover:tlapm
@!!already:false
@!!END

@!!BEGIN
@!!type:obligation
@!!id:3504
@!!loc:2302:21:2302:25
@!!status:trivial
@!!prover:tlapm
@!!already:false
@!!END

@!!BEGIN
@!!type:obligation
@!!id:3505
@!!loc:2302:27:2302:31
@!!status:trivial
@!!prover:tlapm
@!!already:false
@!!END

@!!BEGIN
@!!type:obligation
@!!id:3502
@!!loc:2302:12:2302:14
@!!status:proved
@!!prover:smt
@!!meth:time-limit: 60; time-used: 0.3 (0%)
@!!already:false
@!!END

@!!BEGIN
@!!type:obligation
@!!id:3494
@!!loc:2291:59:2291:61
@!!status:proved
@!!prover:smt
@!!meth:time-limit: 60; time-used: 1.9 (3%)
@!!already:false
@!!END

@!!BEGIN
@!!type:obligation
@!!id:3487
@!!loc:2289:140:2289:142
@!!status:proved
@!!prover:smt
@!!meth:time-limit: 60; time-used: 3.1 (5%)
@!!already:false
@!!END

@!!BEGIN
@!!type:obligation
@!!id:3506
@!!loc:2302:33:2302:37
@!!status:trivial
@!!prover:tlapm
@!!already:false
@!!END

@!!BEGIN
@!!type:obligation
@!!id:3507
@!!loc:2302:39:2302:43
@!!status:trivial
@!!prover:tlapm
@!!already:false
@!!END

@!!BEGIN
@!!type:obligation
@!!id:3508
@!!loc:2302:45:2302:49
@!!status:trivial
@!!prover:tlapm
@!!already:false
@!!END

@!!BEGIN
@!!type:obligation
@!!id:3509
@!!loc:2302:51:2302:63
@!!status:trivial
@!!prover:tlapm
@!!already:false
@!!END

@!!BEGIN
@!!type:obligation
@!!id:3511
@!!loc:2295:8:2295:12
@!!status:trivial
@!!prover:tlapm
@!!already:false
@!!END

@!!BEGIN
@!!type:obligation
@!!id:3512
@!!loc:2295:14:2295:18
@!!status:trivial
@!!prover:tlapm
@!!already:false
@!!END

@!!BEGIN
@!!type:obligation
@!!id:3514
@!!loc:2300:8:2300:12
@!!status:trivial
@!!prover:tlapm
@!!already:false
@!!END

@!!BEGIN
@!!type:obligation
@!!id:3515
@!!loc:2300:14:2300:18
@!!status:trivial
@!!prover:tlapm
@!!already:false
@!!END

@!!BEGIN
@!!type:obligation
@!!id:3516
@!!loc:2300:20:2300:24
@!!status:trivial
@!!prover:tlapm
@!!already:false
@!!END

@!!BEGIN
@!!type:obligation
@!!id:3518
@!!loc:2301:121:2301:125
@!!status:trivial
@!!prover:tlapm
@!!already:false
@!!END

@!!BEGIN
@!!type:obligation
@!!id:3517
@!!loc:2301:118:2301:120
@!!status:proved
@!!prover:smt
@!!meth:time-limit: 60; time-used: 0.9 (1%)
@!!already:false
@!!END

@!!BEGIN
@!!type:obligation
@!!id:3513
@!!loc:2300:5:2300:7
@!!status:proved
@!!prover:smt
@!!meth:time-limit: 60; time-used: 1.9 (3%)
@!!already:false
@!!END

@!!BEGIN
@!!type:obligation
@!!id:3510
@!!loc:2295:5:2295:7
@!!status:proved
@!!prover:smt
@!!meth:time-limit: 60; time-used: 3.2 (5%)
@!!already:false
@!!END

@!!BEGIN
@!!type:obligation
@!!id:3520
@!!loc:2303:112:2303:116
@!!status:trivial
@!!prover:tlapm
@!!already:false
@!!END

@!!BEGIN
@!!type:obligation
@!!id:3521
@!!loc:2304:17:2304:19
@!!status:proved
@!!prover:smt
@!!meth:time-limit: 60
@!!already:true
@!!END

@!!BEGIN
@!!type:obligation
@!!id:3522
@!!loc:2304:20:2304:24
@!!status:trivial
@!!prover:tlapm
@!!already:false
@!!END

@!!BEGIN
@!!type:obligation
@!!id:3523
@!!loc:2304:26:2304:32
@!!status:trivial
@!!prover:tlapm
@!!already:false
@!!END

@!!BEGIN
@!!type:obligation
@!!id:3524
@!!loc:2304:34:2304:45
@!!status:trivial
@!!prover:tlapm
@!!already:false
@!!END

@!!BEGIN
@!!type:obligation
@!!id:3525
@!!loc:2366:10:2366:12
@!!status:proved
@!!prover:smt
@!!meth:time-limit: 60
@!!already:true
@!!END

@!!BEGIN
@!!type:obligation
@!!id:3526
@!!loc:2366:13:2366:17
@!!status:trivial
@!!prover:tlapm
@!!already:false
@!!END

@!!BEGIN
@!!type:obligation
@!!id:3527
@!!loc:2366:19:2366:23
@!!status:trivial
@!!prover:tlapm
@!!already:false
@!!END

@!!BEGIN
@!!type:obligation
@!!id:3528
@!!loc:2366:25:2366:29
@!!status:trivial
@!!prover:tlapm
@!!already:false
@!!END

@!!BEGIN
@!!type:obligation
@!!id:3529
@!!loc:2366:31:2366:35
@!!status:trivial
@!!prover:tlapm
@!!already:false
@!!END

@!!BEGIN
@!!type:obligation
@!!id:3530
@!!loc:2366:37:2366:41
@!!status:trivial
@!!prover:tlapm
@!!already:false
@!!END

@!!BEGIN
@!!type:obligation
@!!id:3531
@!!loc:2366:43:2366:47
@!!status:trivial
@!!prover:tlapm
@!!already:false
@!!END

@!!BEGIN
@!!type:obligation
@!!id:3532
@!!loc:2366:49:2366:53
@!!status:trivial
@!!prover:tlapm
@!!already:false
@!!END

@!!BEGIN
@!!type:obligation
@!!id:3533
@!!loc:2366:55:2366:60
@!!status:trivial
@!!prover:tlapm
@!!already:false
@!!END

@!!BEGIN
@!!type:obligation
@!!id:3534
@!!loc:2310:17:2310:19
@!!status:proved
@!!prover:smt
@!!meth:time-limit: 60
@!!already:true
@!!END

@!!BEGIN
@!!type:obligation
@!!id:3535
@!!loc:2311:14:2311:16
@!!status:proved
@!!prover:smt
@!!meth:time-limit: 60
@!!already:true
@!!END

@!!BEGIN
@!!type:obligation
@!!id:3536
@!!loc:2311:17:2311:21
@!!status:trivial
@!!prover:tlapm
@!!already:false
@!!END

@!!BEGIN
@!!type:obligation
@!!id:3537
@!!loc:2312:73:2312:75
@!!status:proved
@!!prover:smt
@!!meth:time-limit: 60
@!!already:true
@!!END

@!!BEGIN
@!!type:obligation
@!!id:3538
@!!loc:2313:34:2313:36
@!!status:proved
@!!prover:smt
@!!meth:time-limit: 60
@!!already:true
@!!END

@!!BEGIN
@!!type:obligation
@!!id:3539
@!!loc:2313:37:2313:41
@!!status:trivial
@!!prover:tlapm
@!!already:false
@!!END

@!!BEGIN
@!!type:obligation
@!!id:3540
@!!loc:2314:59:2314:61
@!!status:proved
@!!prover:smt
@!!meth:time-limit: 60
@!!already:true
@!!END

@!!BEGIN
@!!type:obligation
@!!id:3541
@!!loc:2314:62:2314:66
@!!status:trivial
@!!prover:tlapm
@!!already:false
@!!END

@!!BEGIN
@!!type:obligation
@!!id:3542
@!!loc:2320:3:2320:5
@!!status:proved
@!!prover:smt
@!!meth:time-limit: 60
@!!already:true
@!!END

@!!BEGIN
@!!type:obligation
@!!id:3543
@!!loc:2320:6:2320:10
@!!status:trivial
@!!prover:tlapm
@!!already:false
@!!END

@!!BEGIN
@!!type:obligation
@!!id:3544
@!!loc:2320:12:2320:24
@!!status:trivial
@!!prover:tlapm
@!!already:false
@!!END

@!!BEGIN
@!!type:obligation
@!!id:3545
@!!loc:2321:18:2321:20
@!!status:proved
@!!prover:smt
@!!meth:time-limit: 60
@!!already:true
@!!END

@!!BEGIN
@!!type:obligation
@!!id:3546
@!!loc:2321:21:2321:25
@!!status:trivial
@!!prover:tlapm
@!!already:false
@!!END

@!!BEGIN
@!!type:obligation
@!!id:3547
@!!loc:2321:27:2321:38
@!!status:trivial
@!!prover:tlapm
@!!already:false
@!!END

@!!BEGIN
@!!type:obligation
@!!id:3548
@!!loc:2322:79:2322:81
@!!status:proved
@!!prover:smt
@!!meth:time-limit: 60; time-used: 0.3 (0%)
@!!already:false
@!!END

@!!BEGIN
@!!type:obligation
@!!id:3519
@!!loc:2303:109:2303:111
@!!status:proved
@!!prover:smt
@!!meth:time-limit: 60; time-used: 3.1 (5%)
@!!already:false
@!!END

@!!BEGIN
@!!type:obligation
@!!id:3552
@!!loc:2325:73:2325:75
@!!status:proved
@!!prover:smt
@!!meth:time-limit: 60
@!!already:true
@!!END

@!!BEGIN
@!!type:obligation
@!!id:3553
@!!loc:2325:76:2325:80
@!!status:trivial
@!!prover:tlapm
@!!already:false
@!!END

@!!BEGIN
@!!type:obligation
@!!id:3554
@!!loc:2325:82:2325:86
@!!status:trivial
@!!prover:tlapm
@!!already:false
@!!END

@!!BEGIN
@!!type:obligation
@!!id:3555
@!!loc:2325:88:2325:96
@!!status:trivial
@!!prover:tlapm
@!!already:false
@!!END

@!!BEGIN
@!!type:obligation
@!!id:3556
@!!loc:2339:3:2339:5
@!!status:proved
@!!prover:smt
@!!meth:time-limit: 60; time-used: 0.9 (1%)
@!!already:false
@!!END

@!!BEGIN
@!!type:obligation
@!!id:3551
@!!loc:2324:70:2324:72
@!!status:proved
@!!prover:smt
@!!meth:time-limit: 60; time-used: 3.3 (6%)
@!!already:false
@!!END

@!!BEGIN
@!!type:obligation
@!!id:3550
@!!loc:2323:24:2323:26
@!!status:proved
@!!prover:smt
@!!meth:time-limit: 60; time-used: 3.6 (6%)
@!!already:false
@!!END

@!!BEGIN
@!!type:obligation
@!!id:3558
@!!loc:2340:105:2340:109
@!!status:trivial
@!!prover:tlapm
@!!already:false
@!!END

@!!BEGIN
@!!type:obligation
@!!id:3559
@!!loc:2340:111:2340:115
@!!status:trivial
@!!prover:tlapm
@!!already:false
@!!END

@!!BEGIN
@!!type:obligation
@!!id:3560
@!!loc:2341:33:2341:35
@!!status:proved
@!!prover:smt
@!!meth:time-limit: 60
@!!already:true
@!!END

@!!BEGIN
@!!type:obligation
@!!id:3561
@!!loc:2341:36:2341:40
@!!status:trivial
@!!prover:tlapm
@!!already:false
@!!END

@!!BEGIN
@!!type:obligation
@!!id:3562
@!!loc:2341:42:2341:46
@!!status:trivial
@!!prover:tlapm
@!!already:false
@!!END

@!!BEGIN
@!!type:obligation
@!!id:3563
@!!loc:2341:48:2341:52
@!!status:trivial
@!!prover:tlapm
@!!already:false
@!!END

@!!BEGIN
@!!type:obligation
@!!id:3564
@!!loc:2341:54:2341:59
@!!status:trivial
@!!prover:tlapm
@!!already:false
@!!END

@!!BEGIN
@!!type:obligation
@!!id:3565
@!!loc:2341:61:2341:65
@!!status:trivial
@!!prover:tlapm
@!!already:false
@!!END

@!!BEGIN
@!!type:obligation
@!!id:3566
@!!loc:2341:67:2341:78
@!!status:trivial
@!!prover:tlapm
@!!already:false
@!!END

@!!BEGIN
@!!type:obligation
@!!id:3568
@!!loc:2342:105:2342:109
@!!status:trivial
@!!prover:tlapm
@!!already:false
@!!END

@!!BEGIN
@!!type:obligation
@!!id:3569
@!!loc:2342:111:2342:115
@!!status:trivial
@!!prover:tlapm
@!!already:false
@!!END

@!!BEGIN
@!!type:obligation
@!!id:3570
@!!loc:2343:14:2343:16
@!!status:proved
@!!prover:smt
@!!meth:time-limit: 60
@!!already:true
@!!END

@!!BEGIN
@!!type:obligation
@!!id:3571
@!!loc:2343:17:2343:21
@!!status:trivial
@!!prover:tlapm
@!!already:false
@!!END

@!!BEGIN
@!!type:obligation
@!!id:3572
@!!loc:2343:23:2343:27
@!!status:trivial
@!!prover:tlapm
@!!already:false
@!!END

@!!BEGIN
@!!type:obligation
@!!id:3573
@!!loc:2343:29:2343:34
@!!status:trivial
@!!prover:tlapm
@!!already:false
@!!END

@!!BEGIN
@!!type:obligation
@!!id:3574
@!!loc:2343:36:2343:46
@!!status:trivial
@!!prover:tlapm
@!!already:false
@!!END

@!!BEGIN
@!!type:obligation
@!!id:3567
@!!loc:2342:102:2342:104
@!!status:proved
@!!prover:smt
@!!meth:time-limit: 60; time-used: 1.3 (2%)
@!!already:false
@!!END

@!!BEGIN
@!!type:obligation
@!!id:3557
@!!loc:2340:102:2340:104
@!!status:proved
@!!prover:smt
@!!meth:time-limit: 60; time-used: 3.1 (5%)
@!!already:false
@!!END

@!!BEGIN
@!!type:obligation
@!!id:3576
@!!loc:2344:123:2344:127
@!!status:trivial
@!!prover:tlapm
@!!already:false
@!!END

@!!BEGIN
@!!type:obligation
@!!id:3577
@!!loc:2344:129:2344:133
@!!status:trivial
@!!prover:tlapm
@!!already:false
@!!END

@!!BEGIN
@!!type:obligation
@!!id:3578
@!!loc:2345:13:2345:15
@!!status:proved
@!!prover:smt
@!!meth:time-limit: 60
@!!already:true
@!!END

@!!BEGIN
@!!type:obligation
@!!id:3579
@!!loc:2345:16:2345:20
@!!status:trivial
@!!prover:tlapm
@!!already:false
@!!END

@!!BEGIN
@!!type:obligation
@!!id:3580
@!!loc:2345:22:2345:26
@!!status:trivial
@!!prover:tlapm
@!!already:false
@!!END

@!!BEGIN
@!!type:obligation
@!!id:3581
@!!loc:2345:28:2345:33
@!!status:trivial
@!!prover:tlapm
@!!already:false
@!!END

@!!BEGIN
@!!type:obligation
@!!id:3582
@!!loc:2345:35:2345:44
@!!status:trivial
@!!prover:tlapm
@!!already:false
@!!END

@!!BEGIN
@!!type:obligation
@!!id:3584
@!!loc:2346:155:2346:159
@!!status:trivial
@!!prover:tlapm
@!!already:false
@!!END

@!!BEGIN
@!!type:obligation
@!!id:3585
@!!loc:2346:161:2346:165
@!!status:trivial
@!!prover:tlapm
@!!already:false
@!!END

@!!BEGIN
@!!type:obligation
@!!id:3586
@!!loc:2347:12:2347:14
@!!status:proved
@!!prover:smt
@!!meth:time-limit: 60
@!!already:true
@!!END

@!!BEGIN
@!!type:obligation
@!!id:3587
@!!loc:2347:15:2347:19
@!!status:trivial
@!!prover:tlapm
@!!already:false
@!!END

@!!BEGIN
@!!type:obligation
@!!id:3588
@!!loc:2347:21:2347:25
@!!status:trivial
@!!prover:tlapm
@!!already:false
@!!END

@!!BEGIN
@!!type:obligation
@!!id:3589
@!!loc:2347:27:2347:32
@!!status:trivial
@!!prover:tlapm
@!!already:false
@!!END

@!!BEGIN
@!!type:obligation
@!!id:3590
@!!loc:2347:34:2347:42
@!!status:trivial
@!!prover:tlapm
@!!already:false
@!!END

@!!BEGIN
@!!type:obligation
@!!id:3592
@!!loc:2348:68:2348:72
@!!status:trivial
@!!prover:tlapm
@!!already:false
@!!END

@!!BEGIN
@!!type:obligation
@!!id:3593
@!!loc:2348:74:2348:78
@!!status:trivial
@!!prover:tlapm
@!!already:false
@!!END

@!!BEGIN
@!!type:obligation
@!!id:3594
@!!loc:2349:12:2349:14
@!!status:proved
@!!prover:smt
@!!meth:time-limit: 60
@!!already:true
@!!END

@!!BEGIN
@!!type:obligation
@!!id:3595
@!!loc:2349:15:2349:19
@!!status:trivial
@!!prover:tlapm
@!!already:false
@!!END

@!!BEGIN
@!!type:obligation
@!!id:3596
@!!loc:2349:21:2349:25
@!!status:trivial
@!!prover:tlapm
@!!already:false
@!!END

@!!BEGIN
@!!type:obligation
@!!id:3597
@!!loc:2349:27:2349:32
@!!status:trivial
@!!prover:tlapm
@!!already:false
@!!END

@!!BEGIN
@!!type:obligation
@!!id:3591
@!!loc:2348:65:2348:67
@!!status:proved
@!!prover:smt
@!!meth:time-limit: 60; time-used: 0.6 (1%)
@!!already:false
@!!END

@!!BEGIN
@!!type:obligation
@!!id:3583
@!!loc:2346:152:2346:154
@!!status:proved
@!!prover:smt
@!!meth:time-limit: 60; time-used: 1.9 (3%)
@!!already:false
@!!END

@!!BEGIN
@!!type:obligation
@!!id:3575
@!!loc:2344:120:2344:122
@!!status:proved
@!!prover:smt
@!!meth:time-limit: 60; time-used: 3.1 (5%)
@!!already:false
@!!END

@!!BEGIN
@!!type:obligation
@!!id:3598
@!!loc:2349:34:2349:42
@!!status:trivial
@!!prover:tlapm
@!!already:false
@!!END

@!!BEGIN
@!!type:obligation
@!!id:3600
@!!loc:2363:15:2363:19
@!!status:trivial
@!!prover:tlapm
@!!already:false
@!!END

@!!BEGIN
@!!type:obligation
@!!id:3601
@!!loc:2363:21:2363:25
@!!status:trivial
@!!prover:tlapm
@!!already:false
@!!END

@!!BEGIN
@!!type:obligation
@!!id:3602
@!!loc:2363:27:2363:31
@!!status:trivial
@!!prover:tlapm
@!!already:false
@!!END

@!!BEGIN
@!!type:obligation
@!!id:3603
@!!loc:2363:33:2363:37
@!!status:trivial
@!!prover:tlapm
@!!already:false
@!!END

@!!BEGIN
@!!type:obligation
@!!id:3604
@!!loc:2363:39:2363:43
@!!status:trivial
@!!prover:tlapm
@!!already:false
@!!END

@!!BEGIN
@!!type:obligation
@!!id:3605
@!!loc:2363:45:2363:49
@!!status:trivial
@!!prover:tlapm
@!!already:false
@!!END

@!!BEGIN
@!!type:obligation
@!!id:3606
@!!loc:2363:51:2363:55
@!!status:trivial
@!!prover:tlapm
@!!already:false
@!!END

@!!BEGIN
@!!type:obligation
@!!id:3607
@!!loc:2363:57:2363:69
@!!status:trivial
@!!prover:tlapm
@!!already:false
@!!END

@!!BEGIN
@!!type:obligation
@!!id:3610
@!!loc:2354:8:2354:12
@!!status:trivial
@!!prover:tlapm
@!!already:false
@!!END

@!!BEGIN
@!!type:obligation
@!!id:3611
@!!loc:2354:14:2354:18
@!!status:trivial
@!!prover:tlapm
@!!already:false
@!!END

@!!BEGIN
@!!type:obligation
@!!id:3609
@!!loc:2354:5:2354:7
@!!status:proved
@!!prover:smt
@!!meth:time-limit: 60; time-used: 0.7 (1%)
@!!already:false
@!!END

@!!BEGIN
@!!type:obligation
@!!id:3608
@!!loc:2351:86:2351:88
@!!status:proved
@!!prover:smt
@!!meth:time-limit: 60; time-used: 1.2 (2%)
@!!already:false
@!!END

@!!BEGIN
@!!type:obligation
@!!id:3599
@!!loc:2363:12:2363:14
@!!status:proved
@!!prover:smt
@!!meth:time-limit: 60; time-used: 2.2 (4%)
@!!already:false
@!!END

@!!BEGIN
@!!type:obligation
@!!id:3613
@!!loc:2356:8:2356:12
@!!status:trivial
@!!prover:tlapm
@!!already:false
@!!END

@!!BEGIN
@!!type:obligation
@!!id:3614
@!!loc:2356:14:2356:18
@!!status:trivial
@!!prover:tlapm
@!!already:false
@!!END

@!!BEGIN
@!!type:obligation
@!!id:3615
@!!loc:2356:20:2356:24
@!!status:trivial
@!!prover:tlapm
@!!already:false
@!!END

@!!BEGIN
@!!type:obligation
@!!id:3617
@!!loc:2361:8:2361:12
@!!status:trivial
@!!prover:tlapm
@!!already:false
@!!END

@!!BEGIN
@!!type:obligation
@!!id:3618
@!!loc:2361:14:2361:18
@!!status:trivial
@!!prover:tlapm
@!!already:false
@!!END

@!!BEGIN
@!!type:obligation
@!!id:3619
@!!loc:2361:20:2361:24
@!!status:trivial
@!!prover:tlapm
@!!already:false
@!!END

@!!BEGIN
@!!type:obligation
@!!id:3620
@!!loc:2361:26:2361:30
@!!status:trivial
@!!prover:tlapm
@!!already:false
@!!END

@!!BEGIN
@!!type:obligation
@!!id:3622
@!!loc:2362:133:2362:137
@!!status:trivial
@!!prover:tlapm
@!!already:false
@!!END

@!!BEGIN
@!!type:obligation
@!!id:3623
@!!loc:2362:139:2362:143
@!!status:trivial
@!!prover:tlapm
@!!already:false
@!!END

@!!BEGIN
@!!type:obligation
@!!id:3621
@!!loc:2362:130:2362:132
@!!status:proved
@!!prover:smt
@!!meth:time-limit: 60; time-used: 1.3 (2%)
@!!already:false
@!!END

@!!BEGIN
@!!type:obligation
@!!id:3616
@!!loc:2361:5:2361:7
@!!status:proved
@!!prover:smt
@!!meth:time-limit: 60; time-used: 2.7 (5%)
@!!already:false
@!!END

@!!BEGIN
@!!type:obligation
@!!id:3612
@!!loc:2356:5:2356:7
@!!status:proved
@!!prover:smt
@!!meth:time-limit: 60; time-used: 3.6 (6%)
@!!already:false
@!!END

@!!BEGIN
@!!type:obligation
@!!id:3625
@!!loc:2364:118:2364:122
@!!status:trivial
@!!prover:tlapm
@!!already:false
@!!END

@!!BEGIN
@!!type:obligation
@!!id:3626
@!!loc:2365:17:2365:19
@!!status:proved
@!!prover:smt
@!!meth:time-limit: 60
@!!already:true
@!!END

@!!BEGIN
@!!type:obligation
@!!id:3627
@!!loc:2365:20:2365:24
@!!status:trivial
@!!prover:tlapm
@!!already:false
@!!END

@!!BEGIN
@!!type:obligation
@!!id:3628
@!!loc:2365:26:2365:32
@!!status:trivial
@!!prover:tlapm
@!!already:false
@!!END

@!!BEGIN
@!!type:obligation
@!!id:3629
@!!loc:2365:34:2365:45
@!!status:trivial
@!!prover:tlapm
@!!already:false
@!!END

@!!BEGIN
@!!type:obligation
@!!id:3631
@!!loc:2423:13:2423:17
@!!status:trivial
@!!prover:tlapm
@!!already:false
@!!END

@!!BEGIN
@!!type:obligation
@!!id:3632
@!!loc:2423:19:2423:23
@!!status:trivial
@!!prover:tlapm
@!!already:false
@!!END

@!!BEGIN
@!!type:obligation
@!!id:3633
@!!loc:2423:25:2423:29
@!!status:trivial
@!!prover:tlapm
@!!already:false
@!!END

@!!BEGIN
@!!type:obligation
@!!id:3634
@!!loc:2423:31:2423:35
@!!status:trivial
@!!prover:tlapm
@!!already:false
@!!END

@!!BEGIN
@!!type:obligation
@!!id:3635
@!!loc:2423:37:2423:41
@!!status:trivial
@!!prover:tlapm
@!!already:false
@!!END

@!!BEGIN
@!!type:obligation
@!!id:3636
@!!loc:2423:43:2423:47
@!!status:trivial
@!!prover:tlapm
@!!already:false
@!!END

@!!BEGIN
@!!type:obligation
@!!id:3637
@!!loc:2423:49:2423:53
@!!status:trivial
@!!prover:tlapm
@!!already:false
@!!END

@!!BEGIN
@!!type:obligation
@!!id:3638
@!!loc:2423:55:2423:60
@!!status:trivial
@!!prover:tlapm
@!!already:false
@!!END

@!!BEGIN
@!!type:obligation
@!!id:3639
@!!loc:2374:17:2374:19
@!!status:proved
@!!prover:smt
@!!meth:time-limit: 60
@!!already:true
@!!END

@!!BEGIN
@!!type:obligation
@!!id:3640
@!!loc:2375:14:2375:16
@!!status:proved
@!!prover:smt
@!!meth:time-limit: 60
@!!already:true
@!!END

@!!BEGIN
@!!type:obligation
@!!id:3641
@!!loc:2375:17:2375:21
@!!status:trivial
@!!prover:tlapm
@!!already:false
@!!END

@!!BEGIN
@!!type:obligation
@!!id:3642
@!!loc:2376:73:2376:75
@!!status:proved
@!!prover:smt
@!!meth:time-limit: 60
@!!already:true
@!!END

@!!BEGIN
@!!type:obligation
@!!id:3643
@!!loc:2377:34:2377:36
@!!status:proved
@!!prover:smt
@!!meth:time-limit: 60
@!!already:true
@!!END

@!!BEGIN
@!!type:obligation
@!!id:3644
@!!loc:2377:37:2377:41
@!!status:trivial
@!!prover:tlapm
@!!already:false
@!!END

@!!BEGIN
@!!type:obligation
@!!id:3645
@!!loc:2378:59:2378:61
@!!status:proved
@!!prover:smt
@!!meth:time-limit: 60
@!!already:true
@!!END

@!!BEGIN
@!!type:obligation
@!!id:3646
@!!loc:2378:62:2378:66
@!!status:trivial
@!!prover:tlapm
@!!already:false
@!!END

@!!BEGIN
@!!type:obligation
@!!id:3647
@!!loc:2384:3:2384:5
@!!status:proved
@!!prover:smt
@!!meth:time-limit: 60
@!!already:true
@!!END

@!!BEGIN
@!!type:obligation
@!!id:3648
@!!loc:2384:6:2384:10
@!!status:trivial
@!!prover:tlapm
@!!already:false
@!!END

@!!BEGIN
@!!type:obligation
@!!id:3649
@!!loc:2384:12:2384:24
@!!status:trivial
@!!prover:tlapm
@!!already:false
@!!END

@!!BEGIN
@!!type:obligation
@!!id:3650
@!!loc:2385:18:2385:20
@!!status:proved
@!!prover:smt
@!!meth:time-limit: 60
@!!already:true
@!!END

@!!BEGIN
@!!type:obligation
@!!id:3651
@!!loc:2385:21:2385:25
@!!status:trivial
@!!prover:tlapm
@!!already:false
@!!END

@!!BEGIN
@!!type:obligation
@!!id:3652
@!!loc:2385:27:2385:46
@!!status:trivial
@!!prover:tlapm
@!!already:false
@!!END

@!!BEGIN
@!!type:obligation
@!!id:3653
@!!loc:2386:85:2386:87
@!!status:proved
@!!prover:smt
@!!meth:time-limit: 60; time-used: 0.3 (1%)
@!!already:false
@!!END

@!!BEGIN
@!!type:obligation
@!!id:3630
@!!loc:2423:10:2423:12
@!!status:proved
@!!prover:smt
@!!meth:time-limit: 60; time-used: 1.9 (3%)
@!!already:false
@!!END

@!!BEGIN
@!!type:obligation
@!!id:3624
@!!loc:2364:115:2364:117
@!!status:proved
@!!prover:smt
@!!meth:time-limit: 60; time-used: 2.4 (4%)
@!!already:false
@!!END

@!!BEGIN
@!!type:obligation
@!!id:3658
@!!loc:2389:81:2389:85
@!!status:trivial
@!!prover:tlapm
@!!already:false
@!!END

@!!BEGIN
@!!type:obligation
@!!id:3659
@!!loc:2389:87:2389:91
@!!status:trivial
@!!prover:tlapm
@!!already:false
@!!END

@!!BEGIN
@!!type:obligation
@!!id:3660
@!!loc:2389:93:2389:101
@!!status:trivial
@!!prover:tlapm
@!!already:false
@!!END

@!!BEGIN
@!!type:obligation
@!!id:3657
@!!loc:2389:78:2389:80
@!!status:proved
@!!prover:smt
@!!meth:time-limit: 60; time-used: 3.0 (5%)
@!!already:false
@!!END

@!!BEGIN
@!!type:obligation
@!!id:3656
@!!loc:2388:57:2388:59
@!!status:proved
@!!prover:smt
@!!meth:time-limit: 60; time-used: 3.2 (5%)
@!!already:false
@!!END

@!!BEGIN
@!!type:obligation
@!!id:3655
@!!loc:2387:24:2387:26
@!!status:proved
@!!prover:smt
@!!meth:time-limit: 60; time-used: 3.5 (6%)
@!!already:false
@!!END

@!!BEGIN
@!!type:obligation
@!!id:3663
@!!loc:2404:115:2404:119
@!!status:trivial
@!!prover:tlapm
@!!already:false
@!!END

@!!BEGIN
@!!type:obligation
@!!id:3664
@!!loc:2404:121:2404:125
@!!status:trivial
@!!prover:tlapm
@!!already:false
@!!END

@!!BEGIN
@!!type:obligation
@!!id:3666
@!!loc:2405:36:2405:40
@!!status:trivial
@!!prover:tlapm
@!!already:false
@!!END

@!!BEGIN
@!!type:obligation
@!!id:3667
@!!loc:2405:42:2405:46
@!!status:trivial
@!!prover:tlapm
@!!already:false
@!!END

@!!BEGIN
@!!type:obligation
@!!id:3668
@!!loc:2405:48:2405:52
@!!status:trivial
@!!prover:tlapm
@!!already:false
@!!END

@!!BEGIN
@!!type:obligation
@!!id:3669
@!!loc:2405:54:2405:59
@!!status:trivial
@!!prover:tlapm
@!!already:false
@!!END

@!!BEGIN
@!!type:obligation
@!!id:3670
@!!loc:2405:61:2405:65
@!!status:trivial
@!!prover:tlapm
@!!already:false
@!!END

@!!BEGIN
@!!type:obligation
@!!id:3671
@!!loc:2405:67:2405:78
@!!status:trivial
@!!prover:tlapm
@!!already:false
@!!END

@!!BEGIN
@!!type:obligation
@!!id:3665
@!!loc:2405:33:2405:35
@!!status:proved
@!!prover:smt
@!!meth:time-limit: 60; time-used: 1.2 (2%)
@!!already:false
@!!END

@!!BEGIN
@!!type:obligation
@!!id:3662
@!!loc:2404:112:2404:114
@!!status:proved
@!!prover:smt
@!!meth:time-limit: 60; time-used: 1.5 (3%)
@!!already:false
@!!END

@!!BEGIN
@!!type:obligation
@!!id:3661
@!!loc:2403:3:2403:5
@!!status:proved
@!!prover:smt
@!!meth:time-limit: 60; time-used: 2.4 (4%)
@!!already:false
@!!END

@!!BEGIN
@!!type:obligation
@!!id:3673
@!!loc:2406:120:2406:124
@!!status:trivial
@!!prover:tlapm
@!!already:false
@!!END

@!!BEGIN
@!!type:obligation
@!!id:3674
@!!loc:2406:126:2406:130
@!!status:trivial
@!!prover:tlapm
@!!already:false
@!!END

@!!BEGIN
@!!type:obligation
@!!id:3676
@!!loc:2407:17:2407:21
@!!status:trivial
@!!prover:tlapm
@!!already:false
@!!END

@!!BEGIN
@!!type:obligation
@!!id:3677
@!!loc:2407:23:2407:27
@!!status:trivial
@!!prover:tlapm
@!!already:false
@!!END

@!!BEGIN
@!!type:obligation
@!!id:3678
@!!loc:2407:29:2407:34
@!!status:trivial
@!!prover:tlapm
@!!already:false
@!!END

@!!BEGIN
@!!type:obligation
@!!id:3679
@!!loc:2407:36:2407:46
@!!status:trivial
@!!prover:tlapm
@!!already:false
@!!END

@!!BEGIN
@!!type:obligation
@!!id:3681
@!!loc:2408:143:2408:147
@!!status:trivial
@!!prover:tlapm
@!!already:false
@!!END

@!!BEGIN
@!!type:obligation
@!!id:3682
@!!loc:2408:149:2408:153
@!!status:trivial
@!!prover:tlapm
@!!already:false
@!!END

@!!BEGIN
@!!type:obligation
@!!id:3680
@!!loc:2408:140:2408:142
@!!status:proved
@!!prover:smt
@!!meth:time-limit: 60; time-used: 0.7 (1%)
@!!already:false
@!!END

@!!BEGIN
@!!type:obligation
@!!id:3675
@!!loc:2407:14:2407:16
@!!status:proved
@!!prover:smt
@!!meth:time-limit: 60; time-used: 1.9 (3%)
@!!already:false
@!!END

@!!BEGIN
@!!type:obligation
@!!id:3672
@!!loc:2406:117:2406:119
@!!status:proved
@!!prover:smt
@!!meth:time-limit: 60; time-used: 2.2 (4%)
@!!already:false
@!!END

@!!BEGIN
@!!type:obligation
@!!id:3684
@!!loc:2409:16:2409:20
@!!status:trivial
@!!prover:tlapm
@!!already:false
@!!END

@!!BEGIN
@!!type:obligation
@!!id:3685
@!!loc:2409:22:2409:26
@!!status:trivial
@!!prover:tlapm
@!!already:false
@!!END

@!!BEGIN
@!!type:obligation
@!!id:3686
@!!loc:2409:28:2409:33
@!!status:trivial
@!!prover:tlapm
@!!already:false
@!!END

@!!BEGIN
@!!type:obligation
@!!id:3687
@!!loc:2409:35:2409:44
@!!status:trivial
@!!prover:tlapm
@!!already:false
@!!END

@!!BEGIN
@!!type:obligation
@!!id:3689
@!!loc:2410:175:2410:179
@!!status:trivial
@!!prover:tlapm
@!!already:false
@!!END

@!!BEGIN
@!!type:obligation
@!!id:3690
@!!loc:2410:181:2410:185
@!!status:trivial
@!!prover:tlapm
@!!already:false
@!!END

@!!BEGIN
@!!type:obligation
@!!id:3692
@!!loc:2411:15:2411:19
@!!status:trivial
@!!prover:tlapm
@!!already:false
@!!END

@!!BEGIN
@!!type:obligation
@!!id:3693
@!!loc:2411:21:2411:25
@!!status:trivial
@!!prover:tlapm
@!!already:false
@!!END

@!!BEGIN
@!!type:obligation
@!!id:3694
@!!loc:2411:27:2411:32
@!!status:trivial
@!!prover:tlapm
@!!already:false
@!!END

@!!BEGIN
@!!type:obligation
@!!id:3695
@!!loc:2411:34:2411:42
@!!status:trivial
@!!prover:tlapm
@!!already:false
@!!END

@!!BEGIN
@!!type:obligation
@!!id:3691
@!!loc:2411:12:2411:14
@!!status:proved
@!!prover:smt
@!!meth:time-limit: 60; time-used: 1.2 (2%)
@!!already:false
@!!END

@!!BEGIN
@!!type:obligation
@!!id:3688
@!!loc:2410:172:2410:174
@!!status:proved
@!!prover:smt
@!!meth:time-limit: 60; time-used: 1.7 (3%)
@!!already:false
@!!END

@!!BEGIN
@!!type:obligation
@!!id:3683
@!!loc:2409:13:2409:15
@!!status:proved
@!!prover:smt
@!!meth:time-limit: 60; time-used: 3.3 (5%)
@!!already:false
@!!END

@!!BEGIN
@!!type:obligation
@!!id:3697
@!!loc:2412:78:2412:82
@!!status:trivial
@!!prover:tlapm
@!!already:false
@!!END

@!!BEGIN
@!!type:obligation
@!!id:3698
@!!loc:2412:84:2412:88
@!!status:trivial
@!!prover:tlapm
@!!already:false
@!!END

@!!BEGIN
@!!type:obligation
@!!id:3700
@!!loc:2413:15:2413:19
@!!status:trivial
@!!prover:tlapm
@!!already:false
@!!END

@!!BEGIN
@!!type:obligation
@!!id:3701
@!!loc:2413:21:2413:25
@!!status:trivial
@!!prover:tlapm
@!!already:false
@!!END

@!!BEGIN
@!!type:obligation
@!!id:3702
@!!loc:2413:27:2413:32
@!!status:trivial
@!!prover:tlapm
@!!already:false
@!!END

@!!BEGIN
@!!type:obligation
@!!id:3703
@!!loc:2413:34:2413:42
@!!status:trivial
@!!prover:tlapm
@!!already:false
@!!END

@!!BEGIN
@!!type:obligation
@!!id:3705
@!!loc:2420:15:2420:19
@!!status:trivial
@!!prover:tlapm
@!!already:false
@!!END

@!!BEGIN
@!!type:obligation
@!!id:3706
@!!loc:2420:21:2420:25
@!!status:trivial
@!!prover:tlapm
@!!already:false
@!!END

@!!BEGIN
@!!type:obligation
@!!id:3707
@!!loc:2420:27:2420:31
@!!status:trivial
@!!prover:tlapm
@!!already:false
@!!END

@!!BEGIN
@!!type:obligation
@!!id:3708
@!!loc:2420:33:2420:37
@!!status:trivial
@!!prover:tlapm
@!!already:false
@!!END

@!!BEGIN
@!!type:obligation
@!!id:3709
@!!loc:2420:39:2420:43
@!!status:trivial
@!!prover:tlapm
@!!already:false
@!!END

@!!BEGIN
@!!type:obligation
@!!id:3710
@!!loc:2420:45:2420:57
@!!status:trivial
@!!prover:tlapm
@!!already:false
@!!END

@!!BEGIN
@!!type:obligation
@!!id:3704
@!!loc:2420:12:2420:14
@!!status:proved
@!!prover:smt
@!!meth:time-limit: 60; time-used: 1.1 (2%)
@!!already:false
@!!END

@!!BEGIN
@!!type:obligation
@!!id:3699
@!!loc:2413:12:2413:14
@!!status:proved
@!!prover:smt
@!!meth:time-limit: 60; time-used: 2.7 (5%)
@!!already:false
@!!END

@!!BEGIN
@!!type:obligation
@!!id:3696
@!!loc:2412:75:2412:77
@!!status:proved
@!!prover:smt
@!!meth:time-limit: 60; time-used: 3.1 (5%)
@!!already:false
@!!END

@!!BEGIN
@!!type:obligation
@!!id:3712
@!!loc:2419:8:2419:12
@!!status:trivial
@!!prover:tlapm
@!!already:false
@!!END

@!!BEGIN
@!!type:obligation
@!!id:3713
@!!loc:2419:14:2419:18
@!!status:trivial
@!!prover:tlapm
@!!already:false
@!!END

@!!BEGIN
@!!type:obligation
@!!id:3714
@!!loc:2419:20:2419:24
@!!status:trivial
@!!prover:tlapm
@!!already:false
@!!END

@!!BEGIN
@!!type:obligation
@!!id:3716
@!!loc:2421:128:2421:132
@!!status:trivial
@!!prover:tlapm
@!!already:false
@!!END

@!!BEGIN
@!!type:obligation
@!!id:3718
@!!loc:2422:20:2422:24
@!!status:trivial
@!!prover:tlapm
@!!already:false
@!!END

@!!BEGIN
@!!type:obligation
@!!id:3719
@!!loc:2422:26:2422:32
@!!status:trivial
@!!prover:tlapm
@!!already:false
@!!END

@!!BEGIN
@!!type:obligation
@!!id:3720
@!!loc:2422:34:2422:45
@!!status:trivial
@!!prover:tlapm
@!!already:false
@!!END

@!!BEGIN
@!!type:obligation
@!!id:3721
@!!loc:2489:10:2489:12
@!!status:proved
@!!prover:smt
@!!meth:time-limit: 60
@!!already:true
@!!END

@!!BEGIN
@!!type:obligation
@!!id:3722
@!!loc:2489:13:2489:17
@!!status:trivial
@!!prover:tlapm
@!!already:false
@!!END

@!!BEGIN
@!!type:obligation
@!!id:3723
@!!loc:2489:19:2489:23
@!!status:trivial
@!!prover:tlapm
@!!already:false
@!!END

@!!BEGIN
@!!type:obligation
@!!id:3724
@!!loc:2489:25:2489:29
@!!status:trivial
@!!prover:tlapm
@!!already:false
@!!END

@!!BEGIN
@!!type:obligation
@!!id:3725
@!!loc:2489:31:2489:35
@!!status:trivial
@!!prover:tlapm
@!!already:false
@!!END

@!!BEGIN
@!!type:obligation
@!!id:3726
@!!loc:2489:37:2489:41
@!!status:trivial
@!!prover:tlapm
@!!already:false
@!!END

@!!BEGIN
@!!type:obligation
@!!id:3727
@!!loc:2489:43:2489:47
@!!status:trivial
@!!prover:tlapm
@!!already:false
@!!END

@!!BEGIN
@!!type:obligation
@!!id:3728
@!!loc:2489:49:2489:53
@!!status:trivial
@!!prover:tlapm
@!!already:false
@!!END

@!!BEGIN
@!!type:obligation
@!!id:3729
@!!loc:2489:55:2489:60
@!!status:trivial
@!!prover:tlapm
@!!already:false
@!!END

@!!BEGIN
@!!type:obligation
@!!id:3730
@!!loc:2428:17:2428:19
@!!status:proved
@!!prover:smt
@!!meth:time-limit: 60
@!!already:true
@!!END

@!!BEGIN
@!!type:obligation
@!!id:3731
@!!loc:2429:14:2429:16
@!!status:proved
@!!prover:smt
@!!meth:time-limit: 60
@!!already:true
@!!END

@!!BEGIN
@!!type:obligation
@!!id:3732
@!!loc:2429:17:2429:21
@!!status:trivial
@!!prover:tlapm
@!!already:false
@!!END

@!!BEGIN
@!!type:obligation
@!!id:3733
@!!loc:2430:73:2430:75
@!!status:proved
@!!prover:smt
@!!meth:time-limit: 60
@!!already:true
@!!END

@!!BEGIN
@!!type:obligation
@!!id:3734
@!!loc:2431:34:2431:36
@!!status:proved
@!!prover:smt
@!!meth:time-limit: 60
@!!already:true
@!!END

@!!BEGIN
@!!type:obligation
@!!id:3735
@!!loc:2431:37:2431:41
@!!status:trivial
@!!prover:tlapm
@!!already:false
@!!END

@!!BEGIN
@!!type:obligation
@!!id:3736
@!!loc:2432:59:2432:61
@!!status:proved
@!!prover:smt
@!!meth:time-limit: 60
@!!already:true
@!!END

@!!BEGIN
@!!type:obligation
@!!id:3737
@!!loc:2432:62:2432:66
@!!status:trivial
@!!prover:tlapm
@!!already:false
@!!END

@!!BEGIN
@!!type:obligation
@!!id:3738
@!!loc:2438:3:2438:5
@!!status:proved
@!!prover:smt
@!!meth:time-limit: 60
@!!already:true
@!!END

@!!BEGIN
@!!type:obligation
@!!id:3739
@!!loc:2438:6:2438:10
@!!status:trivial
@!!prover:tlapm
@!!already:false
@!!END

@!!BEGIN
@!!type:obligation
@!!id:3740
@!!loc:2438:12:2438:24
@!!status:trivial
@!!prover:tlapm
@!!already:false
@!!END

@!!BEGIN
@!!type:obligation
@!!id:3741
@!!loc:2439:18:2439:20
@!!status:proved
@!!prover:smt
@!!meth:time-limit: 60
@!!already:true
@!!END

@!!BEGIN
@!!type:obligation
@!!id:3742
@!!loc:2439:21:2439:25
@!!status:trivial
@!!prover:tlapm
@!!already:false
@!!END

@!!BEGIN
@!!type:obligation
@!!id:3743
@!!loc:2439:27:2439:46
@!!status:trivial
@!!prover:tlapm
@!!already:false
@!!END

@!!BEGIN
@!!type:obligation
@!!id:3717
@!!loc:2422:17:2422:19
@!!status:proved
@!!prover:smt
@!!meth:time-limit: 60; time-used: 1.8 (3%)
@!!already:false
@!!END

@!!BEGIN
@!!type:obligation
@!!id:3715
@!!loc:2421:125:2421:127
@!!status:proved
@!!prover:smt
@!!meth:time-limit: 60; time-used: 2.1 (4%)
@!!already:false
@!!END

@!!BEGIN
@!!type:obligation
@!!id:3711
@!!loc:2419:5:2419:7
@!!status:proved
@!!prover:smt
@!!meth:time-limit: 60; time-used: 3.1 (5%)
@!!already:false
@!!END

@!!BEGIN
@!!type:obligation
@!!id:3745
@!!loc:2440:29:2440:41
@!!status:trivial
@!!prover:tlapm
@!!already:false
@!!END

@!!BEGIN
@!!type:obligation
@!!id:3747
@!!loc:2442:24:2442:26
@!!status:proved
@!!prover:smt
@!!meth:time-limit: 60; time-used: 0.4 (1%)
@!!already:false
@!!END

@!!BEGIN
@!!type:obligation
@!!id:3746
@!!loc:2441:47:2441:49
@!!status:proved
@!!prover:smt
@!!meth:time-limit: 60; time-used: 0.7 (1%)
@!!already:false
@!!END

@!!BEGIN
@!!type:obligation
@!!id:3744
@!!loc:2440:26:2440:28
@!!status:proved
@!!prover:smt
@!!meth:time-limit: 60; time-used: 1.2 (2%)
@!!already:false
@!!END

@!!BEGIN
@!!type:obligation
@!!id:3749
@!!loc:2444:75:2444:77
@!!status:proved
@!!prover:smt
@!!meth:time-limit: 60
@!!already:true
@!!END

@!!BEGIN
@!!type:obligation
@!!id:3750
@!!loc:2444:78:2444:82
@!!status:trivial
@!!prover:tlapm
@!!already:false
@!!END

@!!BEGIN
@!!type:obligation
@!!id:3751
@!!loc:2444:84:2444:88
@!!status:trivial
@!!prover:tlapm
@!!already:false
@!!END

@!!BEGIN
@!!type:obligation
@!!id:3752
@!!loc:2444:90:2444:98
@!!status:trivial
@!!prover:tlapm
@!!already:false
@!!END

@!!BEGIN
@!!type:obligation
@!!id:3754
@!!loc:2459:6:2459:10
@!!status:trivial
@!!prover:tlapm
@!!already:false
@!!END

@!!BEGIN
@!!type:obligation
@!!id:3753
@!!loc:2459:3:2459:5
@!!status:proved
@!!prover:smt
@!!meth:time-limit: 60; time-used: 0.9 (2%)
@!!already:false
@!!END

@!!BEGIN
@!!type:obligation
@!!id:3748
@!!loc:2443:58:2443:60
@!!status:proved
@!!prover:smt
@!!meth:time-limit: 60; time-used: 3.7 (6%)
@!!already:false
@!!END

@!!BEGIN
@!!type:obligation
@!!id:3756
@!!loc:2460:109:2460:113
@!!status:trivial
@!!prover:tlapm
@!!already:false
@!!END

@!!BEGIN
@!!type:obligation
@!!id:3757
@!!loc:2460:115:2460:119
@!!status:trivial
@!!prover:tlapm
@!!already:false
@!!END

@!!BEGIN
@!!type:obligation
@!!id:3758
@!!loc:2461:33:2461:35
@!!status:proved
@!!prover:smt
@!!meth:time-limit: 60
@!!already:true
@!!END

@!!BEGIN
@!!type:obligation
@!!id:3759
@!!loc:2461:36:2461:40
@!!status:trivial
@!!prover:tlapm
@!!already:false
@!!END

@!!BEGIN
@!!type:obligation
@!!id:3760
@!!loc:2461:42:2461:46
@!!status:trivial
@!!prover:tlapm
@!!already:false
@!!END

@!!BEGIN
@!!type:obligation
@!!id:3761
@!!loc:2461:48:2461:52
@!!status:trivial
@!!prover:tlapm
@!!already:false
@!!END

@!!BEGIN
@!!type:obligation
@!!id:3762
@!!loc:2461:54:2461:59
@!!status:trivial
@!!prover:tlapm
@!!already:false
@!!END

@!!BEGIN
@!!type:obligation
@!!id:3763
@!!loc:2461:61:2461:65
@!!status:trivial
@!!prover:tlapm
@!!already:false
@!!END

@!!BEGIN
@!!type:obligation
@!!id:3764
@!!loc:2461:67:2461:78
@!!status:trivial
@!!prover:tlapm
@!!already:false
@!!END

@!!BEGIN
@!!type:obligation
@!!id:3766
@!!loc:2462:111:2462:115
@!!status:trivial
@!!prover:tlapm
@!!already:false
@!!END

@!!BEGIN
@!!type:obligation
@!!id:3767
@!!loc:2462:117:2462:121
@!!status:trivial
@!!prover:tlapm
@!!already:false
@!!END

@!!BEGIN
@!!type:obligation
@!!id:3768
@!!loc:2463:14:2463:16
@!!status:proved
@!!prover:smt
@!!meth:time-limit: 60
@!!already:true
@!!END

@!!BEGIN
@!!type:obligation
@!!id:3769
@!!loc:2463:17:2463:21
@!!status:trivial
@!!prover:tlapm
@!!already:false
@!!END

@!!BEGIN
@!!type:obligation
@!!id:3770
@!!loc:2463:23:2463:27
@!!status:trivial
@!!prover:tlapm
@!!already:false
@!!END

@!!BEGIN
@!!type:obligation
@!!id:3771
@!!loc:2463:29:2463:34
@!!status:trivial
@!!prover:tlapm
@!!already:false
@!!END

@!!BEGIN
@!!type:obligation
@!!id:3772
@!!loc:2463:36:2463:46
@!!status:trivial
@!!prover:tlapm
@!!already:false
@!!END

@!!BEGIN
@!!type:obligation
@!!id:3774
@!!loc:2464:131:2464:135
@!!status:trivial
@!!prover:tlapm
@!!already:false
@!!END

@!!BEGIN
@!!type:obligation
@!!id:3773
@!!loc:2464:128:2464:130
@!!status:proved
@!!prover:smt
@!!meth:time-limit: 60; time-used: 0.2 (0%)
@!!already:false
@!!END

@!!BEGIN
@!!type:obligation
@!!id:3765
@!!loc:2462:108:2462:110
@!!status:proved
@!!prover:smt
@!!meth:time-limit: 60; time-used: 1.9 (3%)
@!!already:false
@!!END

@!!BEGIN
@!!type:obligation
@!!id:3755
@!!loc:2460:106:2460:108
@!!status:proved
@!!prover:smt
@!!meth:time-limit: 60; time-used: 3.1 (5%)
@!!already:false
@!!END

@!!BEGIN
@!!type:obligation
@!!id:3775
@!!loc:2464:137:2464:141
@!!status:trivial
@!!prover:tlapm
@!!already:false
@!!END

@!!BEGIN
@!!type:obligation
@!!id:3776
@!!loc:2465:13:2465:15
@!!status:proved
@!!prover:smt
@!!meth:time-limit: 60
@!!already:true
@!!END

@!!BEGIN
@!!type:obligation
@!!id:3777
@!!loc:2465:16:2465:20
@!!status:trivial
@!!prover:tlapm
@!!already:false
@!!END

@!!BEGIN
@!!type:obligation
@!!id:3778
@!!loc:2465:22:2465:26
@!!status:trivial
@!!prover:tlapm
@!!already:false
@!!END

@!!BEGIN
@!!type:obligation
@!!id:3779
@!!loc:2465:28:2465:33
@!!status:trivial
@!!prover:tlapm
@!!already:false
@!!END

@!!BEGIN
@!!type:obligation
@!!id:3780
@!!loc:2465:35:2465:44
@!!status:trivial
@!!prover:tlapm
@!!already:false
@!!END

@!!BEGIN
@!!type:obligation
@!!id:3782
@!!loc:2466:163:2466:167
@!!status:trivial
@!!prover:tlapm
@!!already:false
@!!END

@!!BEGIN
@!!type:obligation
@!!id:3783
@!!loc:2466:169:2466:173
@!!status:trivial
@!!prover:tlapm
@!!already:false
@!!END

@!!BEGIN
@!!type:obligation
@!!id:3784
@!!loc:2467:12:2467:14
@!!status:proved
@!!prover:smt
@!!meth:time-limit: 60
@!!already:true
@!!END

@!!BEGIN
@!!type:obligation
@!!id:3785
@!!loc:2467:15:2467:19
@!!status:trivial
@!!prover:tlapm
@!!already:false
@!!END

@!!BEGIN
@!!type:obligation
@!!id:3786
@!!loc:2467:21:2467:25
@!!status:trivial
@!!prover:tlapm
@!!already:false
@!!END

@!!BEGIN
@!!type:obligation
@!!id:3787
@!!loc:2467:27:2467:32
@!!status:trivial
@!!prover:tlapm
@!!already:false
@!!END

@!!BEGIN
@!!type:obligation
@!!id:3788
@!!loc:2467:34:2467:42
@!!status:trivial
@!!prover:tlapm
@!!already:false
@!!END

@!!BEGIN
@!!type:obligation
@!!id:3790
@!!loc:2468:72:2468:76
@!!status:trivial
@!!prover:tlapm
@!!already:false
@!!END

@!!BEGIN
@!!type:obligation
@!!id:3791
@!!loc:2468:78:2468:82
@!!status:trivial
@!!prover:tlapm
@!!already:false
@!!END

@!!BEGIN
@!!type:obligation
@!!id:3792
@!!loc:2469:12:2469:14
@!!status:proved
@!!prover:smt
@!!meth:time-limit: 60
@!!already:true
@!!END

@!!BEGIN
@!!type:obligation
@!!id:3793
@!!loc:2469:15:2469:19
@!!status:trivial
@!!prover:tlapm
@!!already:false
@!!END

@!!BEGIN
@!!type:obligation
@!!id:3794
@!!loc:2469:21:2469:25
@!!status:trivial
@!!prover:tlapm
@!!already:false
@!!END

@!!BEGIN
@!!type:obligation
@!!id:3795
@!!loc:2469:27:2469:32
@!!status:trivial
@!!prover:tlapm
@!!already:false
@!!END

@!!BEGIN
@!!type:obligation
@!!id:3796
@!!loc:2469:34:2469:42
@!!status:trivial
@!!prover:tlapm
@!!already:false
@!!END

@!!BEGIN
@!!type:obligation
@!!id:3798
@!!loc:2486:15:2486:19
@!!status:trivial
@!!prover:tlapm
@!!already:false
@!!END

@!!BEGIN
@!!type:obligation
@!!id:3797
@!!loc:2486:12:2486:14
@!!status:proved
@!!prover:smt
@!!meth:time-limit: 60; time-used: 0.1 (0%)
@!!already:false
@!!END

@!!BEGIN
@!!type:obligation
@!!id:3789
@!!loc:2468:69:2468:71
@!!status:proved
@!!prover:smt
@!!meth:time-limit: 60; time-used: 1.7 (3%)
@!!already:false
@!!END

@!!BEGIN
@!!type:obligation
@!!id:3781
@!!loc:2466:160:2466:162
@!!status:proved
@!!prover:smt
@!!meth:time-limit: 60; time-used: 3.0 (5%)
@!!already:false
@!!END

@!!BEGIN
@!!type:obligation
@!!id:3799
@!!loc:2486:21:2486:25
@!!status:trivial
@!!prover:tlapm
@!!already:false
@!!END

@!!BEGIN
@!!type:obligation
@!!id:3800
@!!loc:2486:27:2486:31
@!!status:trivial
@!!prover:tlapm
@!!already:false
@!!END

@!!BEGIN
@!!type:obligation
@!!id:3801
@!!loc:2486:33:2486:37
@!!status:trivial
@!!prover:tlapm
@!!already:false
@!!END

@!!BEGIN
@!!type:obligation
@!!id:3802
@!!loc:2486:39:2486:43
@!!status:trivial
@!!prover:tlapm
@!!already:false
@!!END

@!!BEGIN
@!!type:obligation
@!!id:3803
@!!loc:2486:45:2486:49
@!!status:trivial
@!!prover:tlapm
@!!already:false
@!!END

@!!BEGIN
@!!type:obligation
@!!id:3804
@!!loc:2486:51:2486:63
@!!status:trivial
@!!prover:tlapm
@!!already:false
@!!END

@!!BEGIN
@!!type:obligation
@!!id:3807
@!!loc:2478:8:2478:12
@!!status:trivial
@!!prover:tlapm
@!!already:false
@!!END

@!!BEGIN
@!!type:obligation
@!!id:3808
@!!loc:2478:14:2478:18
@!!status:trivial
@!!prover:tlapm
@!!already:false
@!!END

@!!BEGIN
@!!type:obligation
@!!id:3809
@!!loc:2478:20:2478:24
@!!status:trivial
@!!prover:tlapm
@!!already:false
@!!END

@!!BEGIN
@!!type:obligation
@!!id:3811
@!!loc:2483:8:2483:12
@!!status:trivial
@!!prover:tlapm
@!!already:false
@!!END

@!!BEGIN
@!!type:obligation
@!!id:3812
@!!loc:2483:14:2483:18
@!!status:trivial
@!!prover:tlapm
@!!already:false
@!!END

@!!BEGIN
@!!type:obligation
@!!id:3813
@!!loc:2483:20:2483:24
@!!status:trivial
@!!prover:tlapm
@!!already:false
@!!END

@!!BEGIN
@!!type:obligation
@!!id:3814
@!!loc:2483:26:2483:30
@!!status:trivial
@!!prover:tlapm
@!!already:false
@!!END

@!!BEGIN
@!!type:obligation
@!!id:3810
@!!loc:2483:5:2483:7
@!!status:proved
@!!prover:smt
@!!meth:time-limit: 60; time-used: 1.5 (3%)
@!!already:false
@!!END

@!!BEGIN
@!!type:obligation
@!!id:3806
@!!loc:2478:5:2478:7
@!!status:proved
@!!prover:smt
@!!meth:time-limit: 60; time-used: 2.9 (5%)
@!!already:false
@!!END

@!!BEGIN
@!!type:obligation
@!!id:3805
@!!loc:2473:5:2473:7
@!!status:proved
@!!prover:smt
@!!meth:time-limit: 60; time-used: 3.9 (7%)
@!!already:false
@!!END

@!!BEGIN
@!!type:obligation
@!!id:3816
@!!loc:2485:8:2485:12
@!!status:trivial
@!!prover:tlapm
@!!already:false
@!!END

@!!BEGIN
@!!type:obligation
@!!id:3817
@!!loc:2485:14:2485:18
@!!status:trivial
@!!prover:tlapm
@!!already:false
@!!END

@!!BEGIN
@!!type:obligation
@!!id:3818
@!!loc:2485:20:2485:24
@!!status:trivial
@!!prover:tlapm
@!!already:false
@!!END

@!!BEGIN
@!!type:obligation
@!!id:3820
@!!loc:2487:122:2487:126
@!!status:trivial
@!!prover:tlapm
@!!already:false
@!!END

@!!BEGIN
@!!type:obligation
@!!id:3821
@!!loc:2488:17:2488:19
@!!status:proved
@!!prover:smt
@!!meth:time-limit: 60
@!!already:true
@!!END

@!!BEGIN
@!!type:obligation
@!!id:3822
@!!loc:2488:20:2488:24
@!!status:trivial
@!!prover:tlapm
@!!already:false
@!!END

@!!BEGIN
@!!type:obligation
@!!id:3823
@!!loc:2488:26:2488:32
@!!status:trivial
@!!prover:tlapm
@!!already:false
@!!END

@!!BEGIN
@!!type:obligation
@!!id:3824
@!!loc:2488:34:2488:45
@!!status:trivial
@!!prover:tlapm
@!!already:false
@!!END

@!!BEGIN
@!!type:obligation
@!!id:3826
@!!loc:2570:13:2570:17
@!!status:trivial
@!!prover:tlapm
@!!already:false
@!!END

@!!BEGIN
@!!type:obligation
@!!id:3827
@!!loc:2570:19:2570:23
@!!status:trivial
@!!prover:tlapm
@!!already:false
@!!END

@!!BEGIN
@!!type:obligation
@!!id:3828
@!!loc:2570:25:2570:29
@!!status:trivial
@!!prover:tlapm
@!!already:false
@!!END

@!!BEGIN
@!!type:obligation
@!!id:3829
@!!loc:2570:31:2570:35
@!!status:trivial
@!!prover:tlapm
@!!already:false
@!!END

@!!BEGIN
@!!type:obligation
@!!id:3830
@!!loc:2570:37:2570:41
@!!status:trivial
@!!prover:tlapm
@!!already:false
@!!END

@!!BEGIN
@!!type:obligation
@!!id:3831
@!!loc:2570:43:2570:47
@!!status:trivial
@!!prover:tlapm
@!!already:false
@!!END

@!!BEGIN
@!!type:obligation
@!!id:3832
@!!loc:2570:49:2570:53
@!!status:trivial
@!!prover:tlapm
@!!already:false
@!!END

@!!BEGIN
@!!type:obligation
@!!id:3825
@!!loc:2570:10:2570:12
@!!status:proved
@!!prover:smt
@!!meth:time-limit: 60; time-used: 1.2 (2%)
@!!already:false
@!!END

@!!BEGIN
@!!type:obligation
@!!id:3819
@!!loc:2487:119:2487:121
@!!status:proved
@!!prover:smt
@!!meth:time-limit: 60; time-used: 2.1 (4%)
@!!already:false
@!!END

@!!BEGIN
@!!type:obligation
@!!id:3815
@!!loc:2485:5:2485:7
@!!status:proved
@!!prover:smt
@!!meth:time-limit: 60; time-used: 3.0 (5%)
@!!already:false
@!!END

@!!BEGIN
@!!type:obligation
@!!id:3833
@!!loc:2570:55:2570:60
@!!status:trivial
@!!prover:tlapm
@!!already:false
@!!END

@!!BEGIN
@!!type:obligation
@!!id:3834
@!!loc:2494:17:2494:19
@!!status:proved
@!!prover:smt
@!!meth:time-limit: 60
@!!already:true
@!!END

@!!BEGIN
@!!type:obligation
@!!id:3835
@!!loc:2495:14:2495:16
@!!status:proved
@!!prover:smt
@!!meth:time-limit: 60
@!!already:true
@!!END

@!!BEGIN
@!!type:obligation
@!!id:3836
@!!loc:2495:17:2495:21
@!!status:trivial
@!!prover:tlapm
@!!already:false
@!!END

@!!BEGIN
@!!type:obligation
@!!id:3837
@!!loc:2496:73:2496:75
@!!status:proved
@!!prover:smt
@!!meth:time-limit: 60
@!!already:true
@!!END

@!!BEGIN
@!!type:obligation
@!!id:3838
@!!loc:2497:34:2497:36
@!!status:proved
@!!prover:smt
@!!meth:time-limit: 60
@!!already:true
@!!END

@!!BEGIN
@!!type:obligation
@!!id:3839
@!!loc:2497:37:2497:41
@!!status:trivial
@!!prover:tlapm
@!!already:false
@!!END

@!!BEGIN
@!!type:obligation
@!!id:3840
@!!loc:2498:59:2498:61
@!!status:proved
@!!prover:smt
@!!meth:time-limit: 60
@!!already:true
@!!END

@!!BEGIN
@!!type:obligation
@!!id:3841
@!!loc:2498:62:2498:66
@!!status:trivial
@!!prover:tlapm
@!!already:false
@!!END

@!!BEGIN
@!!type:obligation
@!!id:3842
@!!loc:2504:3:2504:5
@!!status:proved
@!!prover:smt
@!!meth:time-limit: 60
@!!already:true
@!!END

@!!BEGIN
@!!type:obligation
@!!id:3843
@!!loc:2504:6:2504:10
@!!status:trivial
@!!prover:tlapm
@!!already:false
@!!END

@!!BEGIN
@!!type:obligation
@!!id:3844
@!!loc:2504:12:2504:24
@!!status:trivial
@!!prover:tlapm
@!!already:false
@!!END

@!!BEGIN
@!!type:obligation
@!!id:3845
@!!loc:2505:18:2505:20
@!!status:proved
@!!prover:smt
@!!meth:time-limit: 60
@!!already:true
@!!END

@!!BEGIN
@!!type:obligation
@!!id:3846
@!!loc:2505:21:2505:25
@!!status:trivial
@!!prover:tlapm
@!!already:false
@!!END

@!!BEGIN
@!!type:obligation
@!!id:3847
@!!loc:2505:27:2505:47
@!!status:trivial
@!!prover:tlapm
@!!already:false
@!!END

@!!BEGIN
@!!type:obligation
@!!id:3848
@!!loc:2506:26:2506:28
@!!status:proved
@!!prover:smt
@!!meth:time-limit: 60
@!!already:true
@!!END

@!!BEGIN
@!!type:obligation
@!!id:3849
@!!loc:2506:29:2506:41
@!!status:trivial
@!!prover:tlapm
@!!already:false
@!!END

@!!BEGIN
@!!type:obligation
@!!id:3853
@!!loc:2511:56:2511:58
@!!status:proved
@!!prover:smt
@!!meth:time-limit: 60; time-used: 0.2 (0%)
@!!already:false
@!!END

@!!BEGIN
@!!type:obligation
@!!id:3852
@!!loc:2510:24:2510:26
@!!status:proved
@!!prover:smt
@!!meth:time-limit: 60; time-used: 0.4 (1%)
@!!already:false
@!!END

@!!BEGIN
@!!type:obligation
@!!id:3850
@!!loc:2509:3:2509:5
@!!status:proved
@!!prover:smt
@!!meth:time-limit: 60; time-used: 0.7 (1%)
@!!already:false
@!!END

@!!BEGIN
@!!type:obligation
@!!id:3855
@!!loc:2512:86:2512:90
@!!status:trivial
@!!prover:tlapm
@!!already:false
@!!END

@!!BEGIN
@!!type:obligation
@!!id:3856
@!!loc:2512:92:2512:96
@!!status:trivial
@!!prover:tlapm
@!!already:false
@!!END

@!!BEGIN
@!!type:obligation
@!!id:3857
@!!loc:2512:98:2512:106
@!!status:trivial
@!!prover:tlapm
@!!already:false
@!!END

@!!BEGIN
@!!type:obligation
@!!id:3858
@!!loc:2527:3:2527:5
@!!status:proved
@!!prover:smt
@!!meth:time-limit: 60; time-used: 1.3 (2%)
@!!already:false
@!!END

@!!BEGIN
@!!type:obligation
@!!id:3854
@!!loc:2512:83:2512:85
@!!status:proved
@!!prover:smt
@!!meth:time-limit: 60; time-used: 3.9 (7%)
@!!already:false
@!!END

@!!BEGIN
@!!type:obligation
@!!id:3860
@!!loc:2528:125:2528:129
@!!status:trivial
@!!prover:tlapm
@!!already:false
@!!END

@!!BEGIN
@!!type:obligation
@!!id:3861
@!!loc:2528:131:2528:135
@!!status:trivial
@!!prover:tlapm
@!!already:false
@!!END

@!!BEGIN
@!!type:obligation
@!!id:3863
@!!loc:2529:36:2529:40
@!!status:trivial
@!!prover:tlapm
@!!already:false
@!!END

@!!BEGIN
@!!type:obligation
@!!id:3864
@!!loc:2529:42:2529:46
@!!status:trivial
@!!prover:tlapm
@!!already:false
@!!END

@!!BEGIN
@!!type:obligation
@!!id:3865
@!!loc:2529:48:2529:52
@!!status:trivial
@!!prover:tlapm
@!!already:false
@!!END

@!!BEGIN
@!!type:obligation
@!!id:3866
@!!loc:2529:54:2529:59
@!!status:trivial
@!!prover:tlapm
@!!already:false
@!!END

@!!BEGIN
@!!type:obligation
@!!id:3867
@!!loc:2529:61:2529:65
@!!status:trivial
@!!prover:tlapm
@!!already:false
@!!END

@!!BEGIN
@!!type:obligation
@!!id:3868
@!!loc:2529:67:2529:78
@!!status:trivial
@!!prover:tlapm
@!!already:false
@!!END

@!!BEGIN
@!!type:obligation
@!!id:3870
@!!loc:2530:135:2530:139
@!!status:trivial
@!!prover:tlapm
@!!already:false
@!!END

@!!BEGIN
@!!type:obligation
@!!id:3871
@!!loc:2530:141:2530:145
@!!status:trivial
@!!prover:tlapm
@!!already:false
@!!END

@!!BEGIN
@!!type:obligation
@!!id:3869
@!!loc:2530:132:2530:134
@!!status:proved
@!!prover:smt
@!!meth:time-limit: 60; time-used: 0.4 (1%)
@!!already:false
@!!END

@!!BEGIN
@!!type:obligation
@!!id:3862
@!!loc:2529:33:2529:35
@!!status:proved
@!!prover:smt
@!!meth:time-limit: 60; time-used: 1.6 (3%)
@!!already:false
@!!END

@!!BEGIN
@!!type:obligation
@!!id:3859
@!!loc:2528:122:2528:124
@!!status:proved
@!!prover:smt
@!!meth:time-limit: 60; time-used: 2.3 (4%)
@!!already:false
@!!END

@!!BEGIN
@!!type:obligation
@!!id:3873
@!!loc:2531:17:2531:21
@!!status:trivial
@!!prover:tlapm
@!!already:false
@!!END

@!!BEGIN
@!!type:obligation
@!!id:3874
@!!loc:2531:23:2531:27
@!!status:trivial
@!!prover:tlapm
@!!already:false
@!!END

@!!BEGIN
@!!type:obligation
@!!id:3875
@!!loc:2531:29:2531:34
@!!status:trivial
@!!prover:tlapm
@!!already:false
@!!END

@!!BEGIN
@!!type:obligation
@!!id:3876
@!!loc:2531:36:2531:46
@!!status:trivial
@!!prover:tlapm
@!!already:false
@!!END

@!!BEGIN
@!!type:obligation
@!!id:3878
@!!loc:2532:163:2532:167
@!!status:trivial
@!!prover:tlapm
@!!already:false
@!!END

@!!BEGIN
@!!type:obligation
@!!id:3879
@!!loc:2532:169:2532:173
@!!status:trivial
@!!prover:tlapm
@!!already:false
@!!END

@!!BEGIN
@!!type:obligation
@!!id:3881
@!!loc:2533:16:2533:20
@!!status:trivial
@!!prover:tlapm
@!!already:false
@!!END

@!!BEGIN
@!!type:obligation
@!!id:3882
@!!loc:2533:22:2533:26
@!!status:trivial
@!!prover:tlapm
@!!already:false
@!!END

@!!BEGIN
@!!type:obligation
@!!id:3883
@!!loc:2533:28:2533:33
@!!status:trivial
@!!prover:tlapm
@!!already:false
@!!END

@!!BEGIN
@!!type:obligation
@!!id:3884
@!!loc:2533:35:2533:44
@!!status:trivial
@!!prover:tlapm
@!!already:false
@!!END

@!!BEGIN
@!!type:obligation
@!!id:3880
@!!loc:2533:13:2533:15
@!!status:proved
@!!prover:smt
@!!meth:time-limit: 60; time-used: 1.3 (2%)
@!!already:false
@!!END

@!!BEGIN
@!!type:obligation
@!!id:3877
@!!loc:2532:160:2532:162
@!!status:proved
@!!prover:smt
@!!meth:time-limit: 60; time-used: 1.7 (3%)
@!!already:false
@!!END

@!!BEGIN
@!!type:obligation
@!!id:3872
@!!loc:2531:14:2531:16
@!!status:proved
@!!prover:smt
@!!meth:time-limit: 60; time-used: 2.6 (4%)
@!!already:false
@!!END

@!!BEGIN
@!!type:obligation
@!!id:3886
@!!loc:2534:195:2534:199
@!!status:trivial
@!!prover:tlapm
@!!already:false
@!!END

@!!BEGIN
@!!type:obligation
@!!id:3887
@!!loc:2534:201:2534:205
@!!status:trivial
@!!prover:tlapm
@!!already:false
@!!END

@!!BEGIN
@!!type:obligation
@!!id:3889
@!!loc:2535:15:2535:19
@!!status:trivial
@!!prover:tlapm
@!!already:false
@!!END

@!!BEGIN
@!!type:obligation
@!!id:3890
@!!loc:2535:21:2535:25
@!!status:trivial
@!!prover:tlapm
@!!already:false
@!!END

@!!BEGIN
@!!type:obligation
@!!id:3891
@!!loc:2535:27:2535:32
@!!status:trivial
@!!prover:tlapm
@!!already:false
@!!END

@!!BEGIN
@!!type:obligation
@!!id:3892
@!!loc:2535:34:2535:42
@!!status:trivial
@!!prover:tlapm
@!!already:false
@!!END

@!!BEGIN
@!!type:obligation
@!!id:3894
@!!loc:2536:88:2536:92
@!!status:trivial
@!!prover:tlapm
@!!already:false
@!!END

@!!BEGIN
@!!type:obligation
@!!id:3895
@!!loc:2536:94:2536:98
@!!status:trivial
@!!prover:tlapm
@!!already:false
@!!END

@!!BEGIN
@!!type:obligation
@!!id:3893
@!!loc:2536:85:2536:87
@!!status:proved
@!!prover:smt
@!!meth:time-limit: 60; time-used: 0.4 (1%)
@!!already:false
@!!END

@!!BEGIN
@!!type:obligation
@!!id:3888
@!!loc:2535:12:2535:14
@!!status:proved
@!!prover:smt
@!!meth:time-limit: 60; time-used: 2.0 (3%)
@!!already:false
@!!END

@!!BEGIN
@!!type:obligation
@!!id:3885
@!!loc:2534:192:2534:194
@!!status:proved
@!!prover:smt
@!!meth:time-limit: 60; time-used: 2.9 (5%)
@!!already:false
@!!END

@!!BEGIN
@!!type:obligation
@!!id:3897
@!!loc:2537:15:2537:19
@!!status:trivial
@!!prover:tlapm
@!!already:false
@!!END

@!!BEGIN
@!!type:obligation
@!!id:3898
@!!loc:2537:21:2537:25
@!!status:trivial
@!!prover:tlapm
@!!already:false
@!!END

@!!BEGIN
@!!type:obligation
@!!id:3899
@!!loc:2537:27:2537:32
@!!status:trivial
@!!prover:tlapm
@!!already:false
@!!END

@!!BEGIN
@!!type:obligation
@!!id:3900
@!!loc:2537:34:2537:42
@!!status:trivial
@!!prover:tlapm
@!!already:false
@!!END

@!!BEGIN
@!!type:obligation
@!!id:3902
@!!loc:2567:15:2567:19
@!!status:trivial
@!!prover:tlapm
@!!already:false
@!!END

@!!BEGIN
@!!type:obligation
@!!id:3903
@!!loc:2567:21:2567:25
@!!status:trivial
@!!prover:tlapm
@!!already:false
@!!END

@!!BEGIN
@!!type:obligation
@!!id:3904
@!!loc:2567:27:2567:31
@!!status:trivial
@!!prover:tlapm
@!!already:false
@!!END

@!!BEGIN
@!!type:obligation
@!!id:3905
@!!loc:2567:33:2567:37
@!!status:trivial
@!!prover:tlapm
@!!already:false
@!!END

@!!BEGIN
@!!type:obligation
@!!id:3906
@!!loc:2567:39:2567:43
@!!status:trivial
@!!prover:tlapm
@!!already:false
@!!END

@!!BEGIN
@!!type:obligation
@!!id:3907
@!!loc:2567:45:2567:57
@!!status:trivial
@!!prover:tlapm
@!!already:false
@!!END

@!!BEGIN
@!!type:obligation
@!!id:3909
@!!loc:2541:8:2541:12
@!!status:trivial
@!!prover:tlapm
@!!already:false
@!!END

@!!BEGIN
@!!type:obligation
@!!id:3908
@!!loc:2541:5:2541:7
@!!status:proved
@!!prover:smt
@!!meth:time-limit: 60; time-used: 0.3 (1%)
@!!already:false
@!!END

@!!BEGIN
@!!type:obligation
@!!id:3901
@!!loc:2567:12:2567:14
@!!status:proved
@!!prover:smt
@!!meth:time-limit: 60; time-used: 1.1 (2%)
@!!already:false
@!!END

@!!BEGIN
@!!type:obligation
@!!id:3896
@!!loc:2537:12:2537:14
@!!status:proved
@!!prover:smt
@!!meth:time-limit: 60; time-used: 2.6 (4%)
@!!already:false
@!!END

@!!BEGIN
@!!type:obligation
@!!id:3913
@!!loc:2546:70:2546:74
@!!status:trivial
@!!prover:tlapm
@!!already:false
@!!END

@!!BEGIN
@!!type:obligation
@!!id:3914
@!!loc:2546:76:2546:80
@!!status:trivial
@!!prover:tlapm
@!!already:false
@!!END

@!!BEGIN
@!!type:obligation
@!!id:3912
@!!loc:2546:67:2546:69
@!!status:proved
@!!prover:smt
@!!meth:time-limit: 60; time-used: 1.8 (3%)
@!!already:false
@!!END

@!!BEGIN
@!!type:obligation
@!!id:3911
@!!loc:2545:5:2545:7
@!!status:proved
@!!prover:smt
@!!meth:time-limit: 60; time-used: 2.1 (4%)
@!!already:false
@!!END

@!!BEGIN
@!!type:obligation
@!!id:3910
@!!loc:2543:5:2543:7
@!!status:proved
@!!prover:smt
@!!meth:time-limit: 60; time-used: 2.4 (4%)
@!!already:false
@!!END

@!!BEGIN
@!!type:obligation
@!!id:3916
@!!loc:2551:8:2551:12
@!!status:trivial
@!!prover:tlapm
@!!already:false
@!!END

@!!BEGIN
@!!type:obligation
@!!id:3917
@!!loc:2551:14:2551:18
@!!status:trivial
@!!prover:tlapm
@!!already:false
@!!END

@!!BEGIN
@!!type:obligation
@!!id:3918
@!!loc:2551:20:2551:24
@!!status:trivial
@!!prover:tlapm
@!!already:false
@!!END

@!!BEGIN
@!!type:obligation
@!!id:3920
@!!loc:2566:17:2566:21
@!!status:trivial
@!!prover:tlapm
@!!already:false
@!!END

@!!BEGIN
@!!type:obligation
@!!id:3921
@!!loc:2566:23:2566:27
@!!status:trivial
@!!prover:tlapm
@!!already:false
@!!END

@!!BEGIN
@!!type:obligation
@!!id:3922
@!!loc:2556:7:2556:14
@!!status:proved
@!!prover:smt
@!!meth:time-limit: 60; time-used: 0.6 (1%)
@!!already:false
@!!END

@!!BEGIN
@!!type:obligation
@!!id:3919
@!!loc:2566:14:2566:16
@!!status:proved
@!!prover:smt
@!!meth:time-limit: 60; time-used: 1.0 (2%)
@!!already:false
@!!END

@!!BEGIN
@!!type:obligation
@!!id:3915
@!!loc:2551:5:2551:7
@!!status:proved
@!!prover:smt
@!!meth:time-limit: 60; time-used: 1.7 (3%)
@!!already:false
@!!END

@!!BEGIN
@!!type:obligation
@!!id:3924
@!!loc:2557:94:2557:98
@!!status:trivial
@!!prover:tlapm
@!!already:false
@!!END

@!!BEGIN
@!!type:obligation
@!!id:3925
@!!loc:2557:100:2557:104
@!!status:trivial
@!!prover:tlapm
@!!already:false
@!!END

@!!BEGIN
@!!type:obligation
@!!id:3927
@!!loc:2560:10:2560:14
@!!status:trivial
@!!prover:tlapm
@!!already:false
@!!END

@!!BEGIN
@!!type:obligation
@!!id:3928
@!!loc:2560:16:2560:20
@!!status:trivial
@!!prover:tlapm
@!!already:false
@!!END

@!!BEGIN
@!!type:obligation
@!!id:3929
@!!loc:2560:22:2560:26
@!!status:trivial
@!!prover:tlapm
@!!already:false
@!!END

@!!BEGIN
@!!type:obligation
@!!id:3931
@!!loc:2561:39:2561:43
@!!status:trivial
@!!prover:tlapm
@!!already:false
@!!END

@!!BEGIN
@!!type:obligation
@!!id:3932
@!!loc:2561:45:2561:49
@!!status:trivial
@!!prover:tlapm
@!!already:false
@!!END

@!!BEGIN
@!!type:obligation
@!!id:3933
@!!loc:2561:51:2561:55
@!!status:trivial
@!!prover:tlapm
@!!already:false
@!!END

@!!BEGIN
@!!type:obligation
@!!id:3934
@!!loc:2561:57:2561:61
@!!status:trivial
@!!prover:tlapm
@!!already:false
@!!END

@!!BEGIN
@!!type:obligation
@!!id:3930
@!!loc:2561:36:2561:38
@!!status:proved
@!!prover:smt
@!!meth:time-limit: 60; time-used: 0.6 (1%)
@!!already:false
@!!END

@!!BEGIN
@!!type:obligation
@!!id:3926
@!!loc:2560:7:2560:9
@!!status:proved
@!!prover:smt
@!!meth:time-limit: 60; time-used: 1.1 (2%)
@!!already:false
@!!END

@!!BEGIN
@!!type:obligation
@!!id:3923
@!!loc:2557:91:2557:93
@!!status:proved
@!!prover:smt
@!!meth:time-limit: 60; time-used: 1.9 (3%)
@!!already:false
@!!END

@!!BEGIN
@!!type:obligation
@!!id:3936
@!!loc:2565:19:2565:23
@!!status:trivial
@!!prover:tlapm
@!!already:false
@!!END

@!!BEGIN
@!!type:obligation
@!!id:3937
@!!loc:2565:25:2565:29
@!!status:trivial
@!!prover:tlapm
@!!already:false
@!!END

@!!BEGIN
@!!type:obligation
@!!id:3938
@!!loc:2565:31:2565:35
@!!status:trivial
@!!prover:tlapm
@!!already:false
@!!END

@!!BEGIN
@!!type:obligation
@!!id:3940
@!!loc:2563:36:2563:40
@!!status:trivial
@!!prover:tlapm
@!!already:false
@!!END

@!!BEGIN
@!!type:obligation
@!!id:3941
@!!loc:2563:42:2563:46
@!!status:trivial
@!!prover:tlapm
@!!already:false
@!!END

@!!BEGIN
@!!type:obligation
@!!id:3943
@!!loc:2564:49:2564:53
@!!status:trivial
@!!prover:tlapm
@!!already:false
@!!END

@!!BEGIN
@!!type:obligation
@!!id:3944
@!!loc:2564:55:2564:59
@!!status:trivial
@!!prover:tlapm
@!!already:false
@!!END

@!!BEGIN
@!!type:obligation
@!!id:3945
@!!loc:2564:61:2564:65
@!!status:trivial
@!!prover:tlapm
@!!already:false
@!!END

@!!BEGIN
@!!type:obligation
@!!id:3946
@!!loc:2564:67:2564:71
@!!status:trivial
@!!prover:tlapm
@!!already:false
@!!END

@!!BEGIN
@!!type:obligation
@!!id:3942
@!!loc:2564:46:2564:48
@!!status:proved
@!!prover:smt
@!!meth:time-limit: 60; time-used: 1.7 (3%)
@!!already:false
@!!END

@!!BEGIN
@!!type:obligation
@!!id:3939
@!!loc:2563:33:2563:35
@!!status:proved
@!!prover:smt
@!!meth:time-limit: 60; time-used: 2.5 (4%)
@!!already:false
@!!END

@!!BEGIN
@!!type:obligation
@!!id:3935
@!!loc:2565:16:2565:18
@!!status:proved
@!!prover:smt
@!!meth:time-limit: 60; time-used: 3.0 (5%)
@!!already:false
@!!END

@!!BEGIN
@!!type:obligation
@!!id:3948
@!!loc:2568:138:2568:142
@!!status:trivial
@!!prover:tlapm
@!!already:false
@!!END

@!!BEGIN
@!!type:obligation
@!!id:3950
@!!loc:2569:20:2569:24
@!!status:trivial
@!!prover:tlapm
@!!already:false
@!!END

@!!BEGIN
@!!type:obligation
@!!id:3951
@!!loc:2569:26:2569:32
@!!status:trivial
@!!prover:tlapm
@!!already:false
@!!END

@!!BEGIN
@!!type:obligation
@!!id:3952
@!!loc:2569:34:2569:45
@!!status:trivial
@!!prover:tlapm
@!!already:false
@!!END

@!!BEGIN
@!!type:obligation
@!!id:3953
@!!loc:2628:10:2628:12
@!!status:proved
@!!prover:smt
@!!meth:time-limit: 60
@!!already:true
@!!END

@!!BEGIN
@!!type:obligation
@!!id:3954
@!!loc:2628:13:2628:17
@!!status:trivial
@!!prover:tlapm
@!!already:false
@!!END

@!!BEGIN
@!!type:obligation
@!!id:3955
@!!loc:2628:19:2628:23
@!!status:trivial
@!!prover:tlapm
@!!already:false
@!!END

@!!BEGIN
@!!type:obligation
@!!id:3956
@!!loc:2628:25:2628:29
@!!status:trivial
@!!prover:tlapm
@!!already:false
@!!END

@!!BEGIN
@!!type:obligation
@!!id:3957
@!!loc:2628:31:2628:35
@!!status:trivial
@!!prover:tlapm
@!!already:false
@!!END

@!!BEGIN
@!!type:obligation
@!!id:3958
@!!loc:2628:37:2628:41
@!!status:trivial
@!!prover:tlapm
@!!already:false
@!!END

@!!BEGIN
@!!type:obligation
@!!id:3959
@!!loc:2628:43:2628:47
@!!status:trivial
@!!prover:tlapm
@!!already:false
@!!END

@!!BEGIN
@!!type:obligation
@!!id:3960
@!!loc:2628:49:2628:53
@!!status:trivial
@!!prover:tlapm
@!!already:false
@!!END

@!!BEGIN
@!!type:obligation
@!!id:3961
@!!loc:2628:55:2628:60
@!!status:trivial
@!!prover:tlapm
@!!already:false
@!!END

@!!BEGIN
@!!type:obligation
@!!id:3962
@!!loc:2578:17:2578:19
@!!status:proved
@!!prover:smt
@!!meth:time-limit: 60
@!!already:true
@!!END

@!!BEGIN
@!!type:obligation
@!!id:3963
@!!loc:2579:14:2579:16
@!!status:proved
@!!prover:smt
@!!meth:time-limit: 60
@!!already:true
@!!END

@!!BEGIN
@!!type:obligation
@!!id:3964
@!!loc:2579:17:2579:21
@!!status:trivial
@!!prover:tlapm
@!!already:false
@!!END

@!!BEGIN
@!!type:obligation
@!!id:3965
@!!loc:2580:73:2580:75
@!!status:proved
@!!prover:smt
@!!meth:time-limit: 60
@!!already:true
@!!END

@!!BEGIN
@!!type:obligation
@!!id:3966
@!!loc:2581:34:2581:36
@!!status:proved
@!!prover:smt
@!!meth:time-limit: 60
@!!already:true
@!!END

@!!BEGIN
@!!type:obligation
@!!id:3967
@!!loc:2581:37:2581:41
@!!status:trivial
@!!prover:tlapm
@!!already:false
@!!END

@!!BEGIN
@!!type:obligation
@!!id:3968
@!!loc:2582:59:2582:61
@!!status:proved
@!!prover:smt
@!!meth:time-limit: 60
@!!already:true
@!!END

@!!BEGIN
@!!type:obligation
@!!id:3969
@!!loc:2582:62:2582:66
@!!status:trivial
@!!prover:tlapm
@!!already:false
@!!END

@!!BEGIN
@!!type:obligation
@!!id:3970
@!!loc:2588:3:2588:5
@!!status:proved
@!!prover:smt
@!!meth:time-limit: 60
@!!already:true
@!!END

@!!BEGIN
@!!type:obligation
@!!id:3971
@!!loc:2588:6:2588:10
@!!status:trivial
@!!prover:tlapm
@!!already:false
@!!END

@!!BEGIN
@!!type:obligation
@!!id:3972
@!!loc:2588:12:2588:24
@!!status:trivial
@!!prover:tlapm
@!!already:false
@!!END

@!!BEGIN
@!!type:obligation
@!!id:3973
@!!loc:2589:18:2589:20
@!!status:proved
@!!prover:smt
@!!meth:time-limit: 60
@!!already:true
@!!END

@!!BEGIN
@!!type:obligation
@!!id:3974
@!!loc:2589:21:2589:25
@!!status:trivial
@!!prover:tlapm
@!!already:false
@!!END

@!!BEGIN
@!!type:obligation
@!!id:3975
@!!loc:2589:27:2589:43
@!!status:trivial
@!!prover:tlapm
@!!already:false
@!!END

@!!BEGIN
@!!type:obligation
@!!id:3976
@!!loc:2590:44:2590:46
@!!status:proved
@!!prover:smt
@!!meth:time-limit: 60; time-used: 0.2 (0%)
@!!already:false
@!!END

@!!BEGIN
@!!type:obligation
@!!id:3949
@!!loc:2569:17:2569:19
@!!status:proved
@!!prover:smt
@!!meth:time-limit: 60; time-used: 2.0 (3%)
@!!already:false
@!!END

@!!BEGIN
@!!type:obligation
@!!id:3947
@!!loc:2568:135:2568:137
@!!status:proved
@!!prover:smt
@!!meth:time-limit: 60; time-used: 2.4 (4%)
@!!already:false
@!!END

@!!BEGIN
@!!type:obligation
@!!id:3979
@!!loc:2593:72:2593:74
@!!status:proved
@!!prover:smt
@!!meth:time-limit: 60
@!!already:true
@!!END

@!!BEGIN
@!!type:obligation
@!!id:3980
@!!loc:2593:75:2593:79
@!!status:trivial
@!!prover:tlapm
@!!already:false
@!!END

@!!BEGIN
@!!type:obligation
@!!id:3981
@!!loc:2593:81:2593:85
@!!status:trivial
@!!prover:tlapm
@!!already:false
@!!END

@!!BEGIN
@!!type:obligation
@!!id:3982
@!!loc:2593:87:2593:95
@!!status:trivial
@!!prover:tlapm
@!!already:false
@!!END

@!!BEGIN
@!!type:obligation
@!!id:3978
@!!loc:2592:70:2592:72
@!!status:proved
@!!prover:smt
@!!meth:time-limit: 60; time-used: 2.9 (5%)
@!!already:false
@!!END

@!!BEGIN
@!!type:obligation
@!!id:3977
@!!loc:2591:24:2591:26
@!!status:proved
@!!prover:smt
@!!meth:time-limit: 60; time-used: 3.1 (5%)
@!!already:false
@!!END

@!!BEGIN
@!!type:obligation
@!!id:3985
@!!loc:2608:103:2608:107
@!!status:trivial
@!!prover:tlapm
@!!already:false
@!!END

@!!BEGIN
@!!type:obligation
@!!id:3986
@!!loc:2608:109:2608:113
@!!status:trivial
@!!prover:tlapm
@!!already:false
@!!END

@!!BEGIN
@!!type:obligation
@!!id:3987
@!!loc:2609:33:2609:35
@!!status:proved
@!!prover:smt
@!!meth:time-limit: 60
@!!already:true
@!!END

@!!BEGIN
@!!type:obligation
@!!id:3988
@!!loc:2609:36:2609:40
@!!status:trivial
@!!prover:tlapm
@!!already:false
@!!END

@!!BEGIN
@!!type:obligation
@!!id:3989
@!!loc:2609:42:2609:46
@!!status:trivial
@!!prover:tlapm
@!!already:false
@!!END

@!!BEGIN
@!!type:obligation
@!!id:3990
@!!loc:2609:48:2609:52
@!!status:trivial
@!!prover:tlapm
@!!already:false
@!!END

@!!BEGIN
@!!type:obligation
@!!id:3991
@!!loc:2609:54:2609:59
@!!status:trivial
@!!prover:tlapm
@!!already:false
@!!END

@!!BEGIN
@!!type:obligation
@!!id:3992
@!!loc:2609:61:2609:65
@!!status:trivial
@!!prover:tlapm
@!!already:false
@!!END

@!!BEGIN
@!!type:obligation
@!!id:3993
@!!loc:2609:67:2609:78
@!!status:trivial
@!!prover:tlapm
@!!already:false
@!!END

@!!BEGIN
@!!type:obligation
@!!id:3995
@!!loc:2610:102:2610:106
@!!status:trivial
@!!prover:tlapm
@!!already:false
@!!END

@!!BEGIN
@!!type:obligation
@!!id:3996
@!!loc:2611:14:2611:16
@!!status:proved
@!!prover:smt
@!!meth:time-limit: 60
@!!already:true
@!!END

@!!BEGIN
@!!type:obligation
@!!id:3997
@!!loc:2611:17:2611:21
@!!status:trivial
@!!prover:tlapm
@!!already:false
@!!END

@!!BEGIN
@!!type:obligation
@!!id:3998
@!!loc:2611:23:2611:27
@!!status:trivial
@!!prover:tlapm
@!!already:false
@!!END

@!!BEGIN
@!!type:obligation
@!!id:3999
@!!loc:2611:29:2611:34
@!!status:trivial
@!!prover:tlapm
@!!already:false
@!!END

@!!BEGIN
@!!type:obligation
@!!id:4000
@!!loc:2611:36:2611:46
@!!status:trivial
@!!prover:tlapm
@!!already:false
@!!END

@!!BEGIN
@!!type:obligation
@!!id:3994
@!!loc:2610:99:2610:101
@!!status:proved
@!!prover:smt
@!!meth:time-limit: 60; time-used: 1.0 (2%)
@!!already:false
@!!END

@!!BEGIN
@!!type:obligation
@!!id:3984
@!!loc:2608:100:2608:102
@!!status:proved
@!!prover:smt
@!!meth:time-limit: 60; time-used: 2.2 (4%)
@!!already:false
@!!END

@!!BEGIN
@!!type:obligation
@!!id:3983
@!!loc:2607:3:2607:5
@!!status:proved
@!!prover:smt
@!!meth:time-limit: 60; time-used: 3.2 (5%)
@!!already:false
@!!END

@!!BEGIN
@!!type:obligation
@!!id:4002
@!!loc:2612:119:2612:123
@!!status:trivial
@!!prover:tlapm
@!!already:false
@!!END

@!!BEGIN
@!!type:obligation
@!!id:4003
@!!loc:2612:125:2612:129
@!!status:trivial
@!!prover:tlapm
@!!already:false
@!!END

@!!BEGIN
@!!type:obligation
@!!id:4004
@!!loc:2613:13:2613:15
@!!status:proved
@!!prover:smt
@!!meth:time-limit: 60
@!!already:true
@!!END

@!!BEGIN
@!!type:obligation
@!!id:4005
@!!loc:2613:16:2613:20
@!!status:trivial
@!!prover:tlapm
@!!already:false
@!!END

@!!BEGIN
@!!type:obligation
@!!id:4006
@!!loc:2613:22:2613:26
@!!status:trivial
@!!prover:tlapm
@!!already:false
@!!END

@!!BEGIN
@!!type:obligation
@!!id:4007
@!!loc:2613:28:2613:33
@!!status:trivial
@!!prover:tlapm
@!!already:false
@!!END

@!!BEGIN
@!!type:obligation
@!!id:4008
@!!loc:2613:35:2613:44
@!!status:trivial
@!!prover:tlapm
@!!already:false
@!!END

@!!BEGIN
@!!type:obligation
@!!id:4010
@!!loc:2614:151:2614:155
@!!status:trivial
@!!prover:tlapm
@!!already:false
@!!END

@!!BEGIN
@!!type:obligation
@!!id:4011
@!!loc:2615:12:2615:14
@!!status:proved
@!!prover:smt
@!!meth:time-limit: 60
@!!already:true
@!!END

@!!BEGIN
@!!type:obligation
@!!id:4012
@!!loc:2615:15:2615:19
@!!status:trivial
@!!prover:tlapm
@!!already:false
@!!END

@!!BEGIN
@!!type:obligation
@!!id:4013
@!!loc:2615:21:2615:25
@!!status:trivial
@!!prover:tlapm
@!!already:false
@!!END

@!!BEGIN
@!!type:obligation
@!!id:4014
@!!loc:2615:27:2615:32
@!!status:trivial
@!!prover:tlapm
@!!already:false
@!!END

@!!BEGIN
@!!type:obligation
@!!id:4015
@!!loc:2615:34:2615:42
@!!status:trivial
@!!prover:tlapm
@!!already:false
@!!END

@!!BEGIN
@!!type:obligation
@!!id:4009
@!!loc:2614:148:2614:150
@!!status:proved
@!!prover:smt
@!!meth:time-limit: 60; time-used: 2.2 (4%)
@!!already:false
@!!END

@!!BEGIN
@!!type:obligation
@!!id:4001
@!!loc:2612:116:2612:118
@!!status:proved
@!!prover:smt
@!!meth:time-limit: 60; time-used: 3.4 (6%)
@!!already:false
@!!END

@!!BEGIN
@!!type:obligation
@!!id:4017
@!!loc:2616:66:2616:70
@!!status:trivial
@!!prover:tlapm
@!!already:false
@!!END

@!!BEGIN
@!!type:obligation
@!!id:4018
@!!loc:2616:72:2616:76
@!!status:trivial
@!!prover:tlapm
@!!already:false
@!!END

@!!BEGIN
@!!type:obligation
@!!id:4019
@!!loc:2617:12:2617:14
@!!status:proved
@!!prover:smt
@!!meth:time-limit: 60
@!!already:true
@!!END

@!!BEGIN
@!!type:obligation
@!!id:4020
@!!loc:2617:15:2617:19
@!!status:trivial
@!!prover:tlapm
@!!already:false
@!!END

@!!BEGIN
@!!type:obligation
@!!id:4021
@!!loc:2617:21:2617:25
@!!status:trivial
@!!prover:tlapm
@!!already:false
@!!END

@!!BEGIN
@!!type:obligation
@!!id:4022
@!!loc:2617:27:2617:32
@!!status:trivial
@!!prover:tlapm
@!!already:false
@!!END

@!!BEGIN
@!!type:obligation
@!!id:4023
@!!loc:2617:34:2617:42
@!!status:trivial
@!!prover:tlapm
@!!already:false
@!!END

@!!BEGIN
@!!type:obligation
@!!id:4025
@!!loc:2621:6:2621:10
@!!status:trivial
@!!prover:tlapm
@!!already:false
@!!END

@!!BEGIN
@!!type:obligation
@!!id:4026
@!!loc:2621:12:2621:16
@!!status:trivial
@!!prover:tlapm
@!!already:false
@!!END

@!!BEGIN
@!!type:obligation
@!!id:4028
@!!loc:2624:6:2624:10
@!!status:trivial
@!!prover:tlapm
@!!already:false
@!!END

@!!BEGIN
@!!type:obligation
@!!id:4029
@!!loc:2624:12:2624:16
@!!status:trivial
@!!prover:tlapm
@!!already:false
@!!END

@!!BEGIN
@!!type:obligation
@!!id:4027
@!!loc:2624:3:2624:5
@!!status:proved
@!!prover:smt
@!!meth:time-limit: 60; time-used: 0.2 (0%)
@!!already:false
@!!END

@!!BEGIN
@!!type:obligation
@!!id:4024
@!!loc:2621:3:2621:5
@!!status:proved
@!!prover:smt
@!!meth:time-limit: 60; time-used: 1.4 (2%)
@!!already:false
@!!END

@!!BEGIN
@!!type:obligation
@!!id:4016
@!!loc:2616:63:2616:65
@!!status:proved
@!!prover:smt
@!!meth:time-limit: 60; time-used: 3.0 (5%)
@!!already:false
@!!END

@!!BEGIN
@!!type:obligation
@!!id:4030
@!!loc:2624:18:2624:22
@!!status:trivial
@!!prover:tlapm
@!!already:false
@!!END

@!!BEGIN
@!!type:obligation
@!!id:4031
@!!loc:2625:16:2625:18
@!!status:proved
@!!prover:smt
@!!meth:time-limit: 60
@!!already:true
@!!END

@!!BEGIN
@!!type:obligation
@!!id:4032
@!!loc:2625:19:2625:23
@!!status:trivial
@!!prover:tlapm
@!!already:false
@!!END

@!!BEGIN
@!!type:obligation
@!!id:4033
@!!loc:2625:25:2625:29
@!!status:trivial
@!!prover:tlapm
@!!already:false
@!!END

@!!BEGIN
@!!type:obligation
@!!id:4034
@!!loc:2625:31:2625:36
@!!status:trivial
@!!prover:tlapm
@!!already:false
@!!END

@!!BEGIN
@!!type:obligation
@!!id:4035
@!!loc:2625:38:2625:43
@!!status:trivial
@!!prover:tlapm
@!!already:false
@!!END

@!!BEGIN
@!!type:obligation
@!!id:4036
@!!loc:2625:45:2625:58
@!!status:trivial
@!!prover:tlapm
@!!already:false
@!!END

@!!BEGIN
@!!type:obligation
@!!id:4038
@!!loc:2626:116:2626:120
@!!status:trivial
@!!prover:tlapm
@!!already:false
@!!END

@!!BEGIN
@!!type:obligation
@!!id:4039
@!!loc:2627:17:2627:19
@!!status:proved
@!!prover:smt
@!!meth:time-limit: 60
@!!already:true
@!!END

@!!BEGIN
@!!type:obligation
@!!id:4040
@!!loc:2627:20:2627:24
@!!status:trivial
@!!prover:tlapm
@!!already:false
@!!END

@!!BEGIN
@!!type:obligation
@!!id:4041
@!!loc:2627:26:2627:32
@!!status:trivial
@!!prover:tlapm
@!!already:false
@!!END

@!!BEGIN
@!!type:obligation
@!!id:4042
@!!loc:2627:34:2627:45
@!!status:trivial
@!!prover:tlapm
@!!already:false
@!!END

@!!BEGIN
@!!type:obligation
@!!id:4043
@!!loc:2689:10:2689:12
@!!status:proved
@!!prover:smt
@!!meth:time-limit: 60
@!!already:true
@!!END

@!!BEGIN
@!!type:obligation
@!!id:4044
@!!loc:2689:13:2689:17
@!!status:trivial
@!!prover:tlapm
@!!already:false
@!!END

@!!BEGIN
@!!type:obligation
@!!id:4045
@!!loc:2689:19:2689:23
@!!status:trivial
@!!prover:tlapm
@!!already:false
@!!END

@!!BEGIN
@!!type:obligation
@!!id:4046
@!!loc:2689:25:2689:29
@!!status:trivial
@!!prover:tlapm
@!!already:false
@!!END

@!!BEGIN
@!!type:obligation
@!!id:4047
@!!loc:2689:31:2689:35
@!!status:trivial
@!!prover:tlapm
@!!already:false
@!!END

@!!BEGIN
@!!type:obligation
@!!id:4048
@!!loc:2689:37:2689:41
@!!status:trivial
@!!prover:tlapm
@!!already:false
@!!END

@!!BEGIN
@!!type:obligation
@!!id:4049
@!!loc:2689:43:2689:47
@!!status:trivial
@!!prover:tlapm
@!!already:false
@!!END

@!!BEGIN
@!!type:obligation
@!!id:4050
@!!loc:2689:49:2689:53
@!!status:trivial
@!!prover:tlapm
@!!already:false
@!!END

@!!BEGIN
@!!type:obligation
@!!id:4051
@!!loc:2689:55:2689:60
@!!status:trivial
@!!prover:tlapm
@!!already:false
@!!END

@!!BEGIN
@!!type:obligation
@!!id:4052
@!!loc:2633:17:2633:19
@!!status:proved
@!!prover:smt
@!!meth:time-limit: 60
@!!already:true
@!!END

@!!BEGIN
@!!type:obligation
@!!id:4053
@!!loc:2634:14:2634:16
@!!status:proved
@!!prover:smt
@!!meth:time-limit: 60
@!!already:true
@!!END

@!!BEGIN
@!!type:obligation
@!!id:4054
@!!loc:2634:17:2634:21
@!!status:trivial
@!!prover:tlapm
@!!already:false
@!!END

@!!BEGIN
@!!type:obligation
@!!id:4055
@!!loc:2635:73:2635:75
@!!status:proved
@!!prover:smt
@!!meth:time-limit: 60
@!!already:true
@!!END

@!!BEGIN
@!!type:obligation
@!!id:4056
@!!loc:2636:34:2636:36
@!!status:proved
@!!prover:smt
@!!meth:time-limit: 60
@!!already:true
@!!END

@!!BEGIN
@!!type:obligation
@!!id:4057
@!!loc:2636:37:2636:41
@!!status:trivial
@!!prover:tlapm
@!!already:false
@!!END

@!!BEGIN
@!!type:obligation
@!!id:4058
@!!loc:2637:59:2637:61
@!!status:proved
@!!prover:smt
@!!meth:time-limit: 60
@!!already:true
@!!END

@!!BEGIN
@!!type:obligation
@!!id:4059
@!!loc:2637:62:2637:66
@!!status:trivial
@!!prover:tlapm
@!!already:false
@!!END

@!!BEGIN
@!!type:obligation
@!!id:4060
@!!loc:2643:3:2643:5
@!!status:proved
@!!prover:smt
@!!meth:time-limit: 60
@!!already:true
@!!END

@!!BEGIN
@!!type:obligation
@!!id:4061
@!!loc:2643:6:2643:10
@!!status:trivial
@!!prover:tlapm
@!!already:false
@!!END

@!!BEGIN
@!!type:obligation
@!!id:4062
@!!loc:2643:12:2643:24
@!!status:trivial
@!!prover:tlapm
@!!already:false
@!!END

@!!BEGIN
@!!type:obligation
@!!id:4063
@!!loc:2644:18:2644:20
@!!status:proved
@!!prover:smt
@!!meth:time-limit: 60
@!!already:true
@!!END

@!!BEGIN
@!!type:obligation
@!!id:4064
@!!loc:2644:21:2644:25
@!!status:trivial
@!!prover:tlapm
@!!already:false
@!!END

@!!BEGIN
@!!type:obligation
@!!id:4065
@!!loc:2644:27:2644:43
@!!status:trivial
@!!prover:tlapm
@!!already:false
@!!END

@!!BEGIN
@!!type:obligation
@!!id:4066
@!!loc:2645:84:2645:86
@!!status:proved
@!!prover:smt
@!!meth:time-limit: 60; time-used: 0.2 (0%)
@!!already:false
@!!END

@!!BEGIN
@!!type:obligation
@!!id:4037
@!!loc:2626:113:2626:115
@!!status:proved
@!!prover:smt
@!!meth:time-limit: 60; time-used: 3.2 (5%)
@!!already:false
@!!END

@!!BEGIN
@!!type:obligation
@!!id:4070
@!!loc:2648:78:2648:80
@!!status:proved
@!!prover:smt
@!!meth:time-limit: 60
@!!already:true
@!!END

@!!BEGIN
@!!type:obligation
@!!id:4071
@!!loc:2648:81:2648:85
@!!status:trivial
@!!prover:tlapm
@!!already:false
@!!END

@!!BEGIN
@!!type:obligation
@!!id:4072
@!!loc:2648:87:2648:91
@!!status:trivial
@!!prover:tlapm
@!!already:false
@!!END

@!!BEGIN
@!!type:obligation
@!!id:4073
@!!loc:2648:93:2648:101
@!!status:trivial
@!!prover:tlapm
@!!already:false
@!!END

@!!BEGIN
@!!type:obligation
@!!id:4074
@!!loc:2662:3:2662:5
@!!status:proved
@!!prover:smt
@!!meth:time-limit: 60; time-used: 0.7 (1%)
@!!already:false
@!!END

@!!BEGIN
@!!type:obligation
@!!id:4069
@!!loc:2647:36:2647:38
@!!status:proved
@!!prover:smt
@!!meth:time-limit: 60; time-used: 3.4 (6%)
@!!already:false
@!!END

@!!BEGIN
@!!type:obligation
@!!id:4068
@!!loc:2646:24:2646:26
@!!status:proved
@!!prover:smt
@!!meth:time-limit: 60; time-used: 3.6 (6%)
@!!already:false
@!!END

@!!BEGIN
@!!type:obligation
@!!id:4076
@!!loc:2663:115:2663:119
@!!status:trivial
@!!prover:tlapm
@!!already:false
@!!END

@!!BEGIN
@!!type:obligation
@!!id:4077
@!!loc:2663:121:2663:125
@!!status:trivial
@!!prover:tlapm
@!!already:false
@!!END

@!!BEGIN
@!!type:obligation
@!!id:4078
@!!loc:2664:33:2664:35
@!!status:proved
@!!prover:smt
@!!meth:time-limit: 60
@!!already:true
@!!END

@!!BEGIN
@!!type:obligation
@!!id:4079
@!!loc:2664:36:2664:40
@!!status:trivial
@!!prover:tlapm
@!!already:false
@!!END

@!!BEGIN
@!!type:obligation
@!!id:4080
@!!loc:2664:42:2664:46
@!!status:trivial
@!!prover:tlapm
@!!already:false
@!!END

@!!BEGIN
@!!type:obligation
@!!id:4081
@!!loc:2664:48:2664:52
@!!status:trivial
@!!prover:tlapm
@!!already:false
@!!END

@!!BEGIN
@!!type:obligation
@!!id:4082
@!!loc:2664:54:2664:59
@!!status:trivial
@!!prover:tlapm
@!!already:false
@!!END

@!!BEGIN
@!!type:obligation
@!!id:4083
@!!loc:2664:61:2664:65
@!!status:trivial
@!!prover:tlapm
@!!already:false
@!!END

@!!BEGIN
@!!type:obligation
@!!id:4084
@!!loc:2664:67:2664:78
@!!status:trivial
@!!prover:tlapm
@!!already:false
@!!END

@!!BEGIN
@!!type:obligation
@!!id:4086
@!!loc:2665:120:2665:124
@!!status:trivial
@!!prover:tlapm
@!!already:false
@!!END

@!!BEGIN
@!!type:obligation
@!!id:4087
@!!loc:2666:14:2666:16
@!!status:proved
@!!prover:smt
@!!meth:time-limit: 60
@!!already:true
@!!END

@!!BEGIN
@!!type:obligation
@!!id:4088
@!!loc:2666:17:2666:21
@!!status:trivial
@!!prover:tlapm
@!!already:false
@!!END

@!!BEGIN
@!!type:obligation
@!!id:4089
@!!loc:2666:23:2666:27
@!!status:trivial
@!!prover:tlapm
@!!already:false
@!!END

@!!BEGIN
@!!type:obligation
@!!id:4090
@!!loc:2666:29:2666:34
@!!status:trivial
@!!prover:tlapm
@!!already:false
@!!END

@!!BEGIN
@!!type:obligation
@!!id:4091
@!!loc:2666:36:2666:46
@!!status:trivial
@!!prover:tlapm
@!!already:false
@!!END

@!!BEGIN
@!!type:obligation
@!!id:4085
@!!loc:2665:117:2665:119
@!!status:proved
@!!prover:smt
@!!meth:time-limit: 60; time-used: 1.2 (2%)
@!!already:false
@!!END

@!!BEGIN
@!!type:obligation
@!!id:4075
@!!loc:2663:112:2663:114
@!!status:proved
@!!prover:smt
@!!meth:time-limit: 60; time-used: 3.4 (6%)
@!!already:false
@!!END

@!!BEGIN
@!!type:obligation
@!!id:4093
@!!loc:2667:143:2667:147
@!!status:trivial
@!!prover:tlapm
@!!already:false
@!!END

@!!BEGIN
@!!type:obligation
@!!id:4094
@!!loc:2667:149:2667:153
@!!status:trivial
@!!prover:tlapm
@!!already:false
@!!END

@!!BEGIN
@!!type:obligation
@!!id:4095
@!!loc:2668:13:2668:15
@!!status:proved
@!!prover:smt
@!!meth:time-limit: 60
@!!already:true
@!!END

@!!BEGIN
@!!type:obligation
@!!id:4096
@!!loc:2668:16:2668:20
@!!status:trivial
@!!prover:tlapm
@!!already:false
@!!END

@!!BEGIN
@!!type:obligation
@!!id:4097
@!!loc:2668:22:2668:26
@!!status:trivial
@!!prover:tlapm
@!!already:false
@!!END

@!!BEGIN
@!!type:obligation
@!!id:4098
@!!loc:2668:28:2668:33
@!!status:trivial
@!!prover:tlapm
@!!already:false
@!!END

@!!BEGIN
@!!type:obligation
@!!id:4099
@!!loc:2668:35:2668:44
@!!status:trivial
@!!prover:tlapm
@!!already:false
@!!END

@!!BEGIN
@!!type:obligation
@!!id:4101
@!!loc:2669:175:2669:179
@!!status:trivial
@!!prover:tlapm
@!!already:false
@!!END

@!!BEGIN
@!!type:obligation
@!!id:4102
@!!loc:2670:12:2670:14
@!!status:proved
@!!prover:smt
@!!meth:time-limit: 60
@!!already:true
@!!END

@!!BEGIN
@!!type:obligation
@!!id:4103
@!!loc:2670:15:2670:19
@!!status:trivial
@!!prover:tlapm
@!!already:false
@!!END

@!!BEGIN
@!!type:obligation
@!!id:4104
@!!loc:2670:21:2670:25
@!!status:trivial
@!!prover:tlapm
@!!already:false
@!!END

@!!BEGIN
@!!type:obligation
@!!id:4105
@!!loc:2670:27:2670:32
@!!status:trivial
@!!prover:tlapm
@!!already:false
@!!END

@!!BEGIN
@!!type:obligation
@!!id:4106
@!!loc:2670:34:2670:42
@!!status:trivial
@!!prover:tlapm
@!!already:false
@!!END

@!!BEGIN
@!!type:obligation
@!!id:4108
@!!loc:2671:78:2671:82
@!!status:trivial
@!!prover:tlapm
@!!already:false
@!!END

@!!BEGIN
@!!type:obligation
@!!id:4109
@!!loc:2671:84:2671:88
@!!status:trivial
@!!prover:tlapm
@!!already:false
@!!END

@!!BEGIN
@!!type:obligation
@!!id:4110
@!!loc:2672:12:2672:14
@!!status:proved
@!!prover:smt
@!!meth:time-limit: 60
@!!already:true
@!!END

@!!BEGIN
@!!type:obligation
@!!id:4111
@!!loc:2672:15:2672:19
@!!status:trivial
@!!prover:tlapm
@!!already:false
@!!END

@!!BEGIN
@!!type:obligation
@!!id:4107
@!!loc:2671:75:2671:77
@!!status:proved
@!!prover:smt
@!!meth:time-limit: 60; time-used: 0.3 (1%)
@!!already:false
@!!END

@!!BEGIN
@!!type:obligation
@!!id:4100
@!!loc:2669:172:2669:174
@!!status:proved
@!!prover:smt
@!!meth:time-limit: 60; time-used: 1.6 (3%)
@!!already:false
@!!END

@!!BEGIN
@!!type:obligation
@!!id:4092
@!!loc:2667:140:2667:142
@!!status:proved
@!!prover:smt
@!!meth:time-limit: 60; time-used: 3.0 (5%)
@!!already:false
@!!END

@!!BEGIN
@!!type:obligation
@!!id:4112
@!!loc:2672:21:2672:25
@!!status:trivial
@!!prover:tlapm
@!!already:false
@!!END

@!!BEGIN
@!!type:obligation
@!!id:4113
@!!loc:2672:27:2672:32
@!!status:trivial
@!!prover:tlapm
@!!already:false
@!!END

@!!BEGIN
@!!type:obligation
@!!id:4114
@!!loc:2672:34:2672:42
@!!status:trivial
@!!prover:tlapm
@!!already:false
@!!END

@!!BEGIN
@!!type:obligation
@!!id:4116
@!!loc:2686:15:2686:19
@!!status:trivial
@!!prover:tlapm
@!!already:false
@!!END

@!!BEGIN
@!!type:obligation
@!!id:4117
@!!loc:2686:21:2686:25
@!!status:trivial
@!!prover:tlapm
@!!already:false
@!!END

@!!BEGIN
@!!type:obligation
@!!id:4118
@!!loc:2686:27:2686:31
@!!status:trivial
@!!prover:tlapm
@!!already:false
@!!END

@!!BEGIN
@!!type:obligation
@!!id:4119
@!!loc:2686:33:2686:37
@!!status:trivial
@!!prover:tlapm
@!!already:false
@!!END

@!!BEGIN
@!!type:obligation
@!!id:4120
@!!loc:2686:39:2686:43
@!!status:trivial
@!!prover:tlapm
@!!already:false
@!!END

@!!BEGIN
@!!type:obligation
@!!id:4121
@!!loc:2686:45:2686:49
@!!status:trivial
@!!prover:tlapm
@!!already:false
@!!END

@!!BEGIN
@!!type:obligation
@!!id:4122
@!!loc:2686:51:2686:55
@!!status:trivial
@!!prover:tlapm
@!!already:false
@!!END

@!!BEGIN
@!!type:obligation
@!!id:4123
@!!loc:2686:57:2686:69
@!!status:trivial
@!!prover:tlapm
@!!already:false
@!!END

@!!BEGIN
@!!type:obligation
@!!id:4124
@!!loc:2674:86:2674:88
@!!status:proved
@!!prover:smt
@!!meth:time-limit: 60
@!!already:true
@!!END

@!!BEGIN
@!!type:obligation
@!!id:4126
@!!loc:2677:8:2677:12
@!!status:trivial
@!!prover:tlapm
@!!already:false
@!!END

@!!BEGIN
@!!type:obligation
@!!id:4127
@!!loc:2677:14:2677:18
@!!status:trivial
@!!prover:tlapm
@!!already:false
@!!END

@!!BEGIN
@!!type:obligation
@!!id:4129
@!!loc:2679:8:2679:12
@!!status:trivial
@!!prover:tlapm
@!!already:false
@!!END

@!!BEGIN
@!!type:obligation
@!!id:4130
@!!loc:2679:14:2679:18
@!!status:trivial
@!!prover:tlapm
@!!already:false
@!!END

@!!BEGIN
@!!type:obligation
@!!id:4131
@!!loc:2679:20:2679:24
@!!status:trivial
@!!prover:tlapm
@!!already:false
@!!END

@!!BEGIN
@!!type:obligation
@!!id:4128
@!!loc:2679:5:2679:7
@!!status:proved
@!!prover:smt
@!!meth:time-limit: 60; time-used: 1.0 (2%)
@!!already:false
@!!END

@!!BEGIN
@!!type:obligation
@!!id:4125
@!!loc:2677:5:2677:7
@!!status:proved
@!!prover:smt
@!!meth:time-limit: 60; time-used: 1.8 (3%)
@!!already:false
@!!END

@!!BEGIN
@!!type:obligation
@!!id:4115
@!!loc:2686:12:2686:14
@!!status:proved
@!!prover:smt
@!!meth:time-limit: 60; time-used: 3.4 (6%)
@!!already:false
@!!END

@!!BEGIN
@!!type:obligation
@!!id:4133
@!!loc:2684:8:2684:12
@!!status:trivial
@!!prover:tlapm
@!!already:false
@!!END

@!!BEGIN
@!!type:obligation
@!!id:4134
@!!loc:2684:14:2684:18
@!!status:trivial
@!!prover:tlapm
@!!already:false
@!!END

@!!BEGIN
@!!type:obligation
@!!id:4135
@!!loc:2684:20:2684:24
@!!status:trivial
@!!prover:tlapm
@!!already:false
@!!END

@!!BEGIN
@!!type:obligation
@!!id:4136
@!!loc:2684:26:2684:30
@!!status:trivial
@!!prover:tlapm
@!!already:false
@!!END

@!!BEGIN
@!!type:obligation
@!!id:4138
@!!loc:2685:153:2685:157
@!!status:trivial
@!!prover:tlapm
@!!already:false
@!!END

@!!BEGIN
@!!type:obligation
@!!id:4139
@!!loc:2685:159:2685:163
@!!status:trivial
@!!prover:tlapm
@!!already:false
@!!END

@!!BEGIN
@!!type:obligation
@!!id:4140
@!!loc:2685:165:2685:169
@!!status:trivial
@!!prover:tlapm
@!!already:false
@!!END

@!!BEGIN
@!!type:obligation
@!!id:4142
@!!loc:2687:128:2687:132
@!!status:trivial
@!!prover:tlapm
@!!already:false
@!!END

@!!BEGIN
@!!type:obligation
@!!id:4143
@!!loc:2688:17:2688:19
@!!status:proved
@!!prover:smt
@!!meth:time-limit: 60
@!!already:true
@!!END

@!!BEGIN
@!!type:obligation
@!!id:4144
@!!loc:2688:20:2688:24
@!!status:trivial
@!!prover:tlapm
@!!already:false
@!!END

@!!BEGIN
@!!type:obligation
@!!id:4145
@!!loc:2688:26:2688:32
@!!status:trivial
@!!prover:tlapm
@!!already:false
@!!END

@!!BEGIN
@!!type:obligation
@!!id:4146
@!!loc:2688:34:2688:45
@!!status:trivial
@!!prover:tlapm
@!!already:false
@!!END

@!!BEGIN
@!!type:obligation
@!!id:4141
@!!loc:2687:125:2687:127
@!!status:proved
@!!prover:smt
@!!meth:time-limit: 60; time-used: 0.7 (1%)
@!!already:false
@!!END

@!!BEGIN
@!!type:obligation
@!!id:4137
@!!loc:2685:150:2685:152
@!!status:proved
@!!prover:smt
@!!meth:time-limit: 60; time-used: 2.0 (3%)
@!!already:false
@!!END

@!!BEGIN
@!!type:obligation
@!!id:4132
@!!loc:2684:5:2684:7
@!!status:proved
@!!prover:smt
@!!meth:time-limit: 60; time-used: 3.2 (5%)
@!!already:false
@!!END

@!!BEGIN
@!!type:obligation
@!!id:4148
@!!loc:2737:13:2737:17
@!!status:trivial
@!!prover:tlapm
@!!already:false
@!!END

@!!BEGIN
@!!type:obligation
@!!id:4149
@!!loc:2737:19:2737:23
@!!status:trivial
@!!prover:tlapm
@!!already:false
@!!END

@!!BEGIN
@!!type:obligation
@!!id:4152
@!!loc:2730:15:2730:19
@!!status:trivial
@!!prover:tlapm
@!!already:false
@!!END

@!!BEGIN
@!!type:obligation
@!!id:4153
@!!loc:2730:21:2730:25
@!!status:trivial
@!!prover:tlapm
@!!already:false
@!!END

@!!BEGIN
@!!type:obligation
@!!id:4154
@!!loc:2730:27:2730:31
@!!status:trivial
@!!prover:tlapm
@!!already:false
@!!END

@!!BEGIN
@!!type:obligation
@!!id:4151
@!!loc:2730:12:2730:14
@!!status:proved
@!!prover:smt
@!!meth:time-limit: 60; time-used: 0.4 (1%)
@!!already:false
@!!END

@!!BEGIN
@!!type:obligation
@!!id:4150
@!!loc:2695:59:2695:66
@!!status:proved
@!!prover:smt
@!!meth:time-limit: 60; time-used: 0.5 (1%)
@!!already:false
@!!END

@!!BEGIN
@!!type:obligation
@!!id:4147
@!!loc:2737:10:2737:12
@!!status:proved
@!!prover:smt
@!!meth:time-limit: 60; time-used: 1.0 (2%)
@!!already:false
@!!END

@!!BEGIN
@!!type:obligation
@!!id:4156
@!!loc:2697:17:2697:21
@!!status:trivial
@!!prover:tlapm
@!!already:false
@!!END

@!!BEGIN
@!!type:obligation
@!!id:4158
@!!loc:2704:17:2704:21
@!!status:trivial
@!!prover:tlapm
@!!already:false
@!!END

@!!BEGIN
@!!type:obligation
@!!id:4159
@!!loc:2704:23:2704:27
@!!status:trivial
@!!prover:tlapm
@!!already:false
@!!END

@!!BEGIN
@!!type:obligation
@!!id:4160
@!!loc:2704:29:2704:33
@!!status:trivial
@!!prover:tlapm
@!!already:false
@!!END

@!!BEGIN
@!!type:obligation
@!!id:4161
@!!loc:2704:35:2704:39
@!!status:trivial
@!!prover:tlapm
@!!already:false
@!!END

@!!BEGIN
@!!type:obligation
@!!id:4162
@!!loc:2704:41:2704:45
@!!status:trivial
@!!prover:tlapm
@!!already:false
@!!END

@!!BEGIN
@!!type:obligation
@!!id:4163
@!!loc:2704:47:2704:51
@!!status:trivial
@!!prover:tlapm
@!!already:false
@!!END

@!!BEGIN
@!!type:obligation
@!!id:4165
@!!loc:2699:71:2699:75
@!!status:trivial
@!!prover:tlapm
@!!already:false
@!!END

@!!BEGIN
@!!type:obligation
@!!id:4166
@!!loc:2699:77:2699:84
@!!status:trivial
@!!prover:tlapm
@!!already:false
@!!END

@!!BEGIN
@!!type:obligation
@!!id:4164
@!!loc:2699:68:2699:70
@!!status:proved
@!!prover:smt
@!!meth:time-limit: 60; time-used: 0.3 (0%)
@!!already:false
@!!END

@!!BEGIN
@!!type:obligation
@!!id:4157
@!!loc:2704:14:2704:16
@!!status:proved
@!!prover:smt
@!!meth:time-limit: 60; time-used: 0.9 (2%)
@!!already:false
@!!END

@!!BEGIN
@!!type:obligation
@!!id:4155
@!!loc:2697:14:2697:16
@!!status:proved
@!!prover:smt
@!!meth:time-limit: 60; time-used: 1.1 (2%)
@!!already:false
@!!END

@!!BEGIN
@!!type:obligation
@!!id:4168
@!!loc:2700:71:2700:75
@!!status:trivial
@!!prover:tlapm
@!!already:false
@!!END

@!!BEGIN
@!!type:obligation
@!!id:4169
@!!loc:2700:77:2700:84
@!!status:trivial
@!!prover:tlapm
@!!already:false
@!!END

@!!BEGIN
@!!type:obligation
@!!id:4170
@!!loc:2701:71:2701:73
@!!status:proved
@!!prover:smt
@!!meth:time-limit: 60
@!!already:true
@!!END

@!!BEGIN
@!!type:obligation
@!!id:4171
@!!loc:2701:74:2701:78
@!!status:trivial
@!!prover:tlapm
@!!already:false
@!!END

@!!BEGIN
@!!type:obligation
@!!id:4172
@!!loc:2701:80:2701:90
@!!status:trivial
@!!prover:tlapm
@!!already:false
@!!END

@!!BEGIN
@!!type:obligation
@!!id:4174
@!!loc:2702:94:2702:98
@!!status:trivial
@!!prover:tlapm
@!!already:false
@!!END

@!!BEGIN
@!!type:obligation
@!!id:4175
@!!loc:2702:100:2702:110
@!!status:trivial
@!!prover:tlapm
@!!already:false
@!!END

@!!BEGIN
@!!type:obligation
@!!id:4177
@!!loc:2703:33:2703:37
@!!status:trivial
@!!prover:tlapm
@!!already:false
@!!END

@!!BEGIN
@!!type:obligation
@!!id:4178
@!!loc:2703:39:2703:55
@!!status:trivial
@!!prover:tlapm
@!!already:false
@!!END

@!!BEGIN
@!!type:obligation
@!!id:4176
@!!loc:2703:30:2703:32
@!!status:proved
@!!prover:smt
@!!meth:time-limit: 60; time-used: 0.3 (1%)
@!!already:false
@!!END

@!!BEGIN
@!!type:obligation
@!!id:4173
@!!loc:2702:91:2702:93
@!!status:proved
@!!prover:smt
@!!meth:time-limit: 60; time-used: 0.6 (1%)
@!!already:false
@!!END

@!!BEGIN
@!!type:obligation
@!!id:4167
@!!loc:2700:68:2700:70
@!!status:proved
@!!prover:smt
@!!meth:time-limit: 60; time-used: 1.1 (2%)
@!!already:false
@!!END

@!!BEGIN
@!!type:obligation
@!!id:4180
@!!loc:2727:17:2727:21
@!!status:trivial
@!!prover:tlapm
@!!already:false
@!!END

@!!BEGIN
@!!type:obligation
@!!id:4181
@!!loc:2727:23:2727:27
@!!status:trivial
@!!prover:tlapm
@!!already:false
@!!END

@!!BEGIN
@!!type:obligation
@!!id:4182
@!!loc:2727:29:2727:33
@!!status:trivial
@!!prover:tlapm
@!!already:false
@!!END

@!!BEGIN
@!!type:obligation
@!!id:4183
@!!loc:2727:35:2727:39
@!!status:trivial
@!!prover:tlapm
@!!already:false
@!!END

@!!BEGIN
@!!type:obligation
@!!id:4184
@!!loc:2727:41:2727:45
@!!status:trivial
@!!prover:tlapm
@!!already:false
@!!END

@!!BEGIN
@!!type:obligation
@!!id:4185
@!!loc:2727:47:2727:51
@!!status:trivial
@!!prover:tlapm
@!!already:false
@!!END

@!!BEGIN
@!!type:obligation
@!!id:4186
@!!loc:2727:53:2727:57
@!!status:trivial
@!!prover:tlapm
@!!already:false
@!!END

@!!BEGIN
@!!type:obligation
@!!id:4187
@!!loc:2727:59:2727:63
@!!status:trivial
@!!prover:tlapm
@!!already:false
@!!END

@!!BEGIN
@!!type:obligation
@!!id:4188
@!!loc:2727:65:2727:69
@!!status:trivial
@!!prover:tlapm
@!!already:false
@!!END

@!!BEGIN
@!!type:obligation
@!!id:4189
@!!loc:2727:71:2727:75
@!!status:trivial
@!!prover:tlapm
@!!already:false
@!!END

@!!BEGIN
@!!type:obligation
@!!id:4190
@!!loc:2727:77:2727:82
@!!status:trivial
@!!prover:tlapm
@!!already:false
@!!END

@!!BEGIN
@!!type:obligation
@!!id:4191
@!!loc:2728:17:2728:22
@!!status:trivial
@!!prover:tlapm
@!!already:false
@!!END

@!!BEGIN
@!!type:obligation
@!!id:4192
@!!loc:2728:24:2728:29
@!!status:trivial
@!!prover:tlapm
@!!already:false
@!!END

@!!BEGIN
@!!type:obligation
@!!id:4193
@!!loc:2728:31:2728:36
@!!status:trivial
@!!prover:tlapm
@!!already:false
@!!END

@!!BEGIN
@!!type:obligation
@!!id:4194
@!!loc:2728:38:2728:43
@!!status:trivial
@!!prover:tlapm
@!!already:false
@!!END

@!!BEGIN
@!!type:obligation
@!!id:4195
@!!loc:2728:45:2728:50
@!!status:trivial
@!!prover:tlapm
@!!already:false
@!!END

@!!BEGIN
@!!type:obligation
@!!id:4196
@!!loc:2728:52:2728:57
@!!status:trivial
@!!prover:tlapm
@!!already:false
@!!END

@!!BEGIN
@!!type:obligation
@!!id:4197
@!!loc:2728:59:2728:64
@!!status:trivial
@!!prover:tlapm
@!!already:false
@!!END

@!!BEGIN
@!!type:obligation
@!!id:4198
@!!loc:2728:66:2728:71
@!!status:trivial
@!!prover:tlapm
@!!already:false
@!!END

@!!BEGIN
@!!type:obligation
@!!id:4199
@!!loc:2728:73:2728:78
@!!status:trivial
@!!prover:tlapm
@!!already:false
@!!END

@!!BEGIN
@!!type:obligation
@!!id:4200
@!!loc:2728:80:2728:85
@!!status:trivial
@!!prover:tlapm
@!!already:false
@!!END

@!!BEGIN
@!!type:obligation
@!!id:4201
@!!loc:2728:87:2728:92
@!!status:trivial
@!!prover:tlapm
@!!already:false
@!!END

@!!BEGIN
@!!type:obligation
@!!id:4179
@!!loc:2727:14:2727:16
@!!status:proved
@!!prover:smt
@!!meth:time-limit: 60; time-used: 3.0 (5%)
@!!already:false
@!!END

@!!BEGIN
@!!type:obligation
@!!id:4203
@!!loc:2706:77:2706:81
@!!status:trivial
@!!prover:tlapm
@!!already:false
@!!END

@!!BEGIN
@!!type:obligation
@!!id:4204
@!!loc:2706:83:2706:94
@!!status:trivial
@!!prover:tlapm
@!!already:false
@!!END

@!!BEGIN
@!!type:obligation
@!!id:4206
@!!loc:2707:76:2707:80
@!!status:trivial
@!!prover:tlapm
@!!already:false
@!!END

@!!BEGIN
@!!type:obligation
@!!id:4207
@!!loc:2707:82:2707:92
@!!status:trivial
@!!prover:tlapm
@!!already:false
@!!END

@!!BEGIN
@!!type:obligation
@!!id:4209
@!!loc:2708:73:2708:77
@!!status:trivial
@!!prover:tlapm
@!!already:false
@!!END

@!!BEGIN
@!!type:obligation
@!!id:4210
@!!loc:2708:79:2708:86
@!!status:trivial
@!!prover:tlapm
@!!already:false
@!!END

@!!BEGIN
@!!type:obligation
@!!id:4208
@!!loc:2708:70:2708:72
@!!status:proved
@!!prover:smt
@!!meth:time-limit: 60; time-used: 0.3 (0%)
@!!already:false
@!!END

@!!BEGIN
@!!type:obligation
@!!id:4205
@!!loc:2707:73:2707:75
@!!status:proved
@!!prover:smt
@!!meth:time-limit: 60; time-used: 0.6 (1%)
@!!already:false
@!!END

@!!BEGIN
@!!type:obligation
@!!id:4202
@!!loc:2706:74:2706:76
@!!status:proved
@!!prover:smt
@!!meth:time-limit: 60; time-used: 0.9 (1%)
@!!already:false
@!!END

@!!BEGIN
@!!type:obligation
@!!id:4212
@!!loc:2709:73:2709:77
@!!status:trivial
@!!prover:tlapm
@!!already:false
@!!END

@!!BEGIN
@!!type:obligation
@!!id:4213
@!!loc:2709:79:2709:86
@!!status:trivial
@!!prover:tlapm
@!!already:false
@!!END

@!!BEGIN
@!!type:obligation
@!!id:4214
@!!loc:2710:74:2710:76
@!!status:proved
@!!prover:smt
@!!meth:time-limit: 60
@!!already:true
@!!END

@!!BEGIN
@!!type:obligation
@!!id:4215
@!!loc:2710:77:2710:81
@!!status:trivial
@!!prover:tlapm
@!!already:false
@!!END

@!!BEGIN
@!!type:obligation
@!!id:4216
@!!loc:2710:83:2710:94
@!!status:trivial
@!!prover:tlapm
@!!already:false
@!!END

@!!BEGIN
@!!type:obligation
@!!id:4217
@!!loc:2711:71:2711:73
@!!status:proved
@!!prover:smt
@!!meth:time-limit: 60
@!!already:true
@!!END

@!!BEGIN
@!!type:obligation
@!!id:4218
@!!loc:2711:74:2711:78
@!!status:trivial
@!!prover:tlapm
@!!already:false
@!!END

@!!BEGIN
@!!type:obligation
@!!id:4219
@!!loc:2711:80:2711:88
@!!status:trivial
@!!prover:tlapm
@!!already:false
@!!END

@!!BEGIN
@!!type:obligation
@!!id:4220
@!!loc:2712:72:2712:74
@!!status:proved
@!!prover:smt
@!!meth:time-limit: 60
@!!already:true
@!!END

@!!BEGIN
@!!type:obligation
@!!id:4221
@!!loc:2712:75:2712:79
@!!status:trivial
@!!prover:tlapm
@!!already:false
@!!END

@!!BEGIN
@!!type:obligation
@!!id:4222
@!!loc:2712:81:2712:90
@!!status:trivial
@!!prover:tlapm
@!!already:false
@!!END

@!!BEGIN
@!!type:obligation
@!!id:4223
@!!loc:2713:73:2713:75
@!!status:proved
@!!prover:smt
@!!meth:time-limit: 60
@!!already:true
@!!END

@!!BEGIN
@!!type:obligation
@!!id:4224
@!!loc:2713:76:2713:80
@!!status:trivial
@!!prover:tlapm
@!!already:false
@!!END

@!!BEGIN
@!!type:obligation
@!!id:4225
@!!loc:2713:82:2713:92
@!!status:trivial
@!!prover:tlapm
@!!already:false
@!!END

@!!BEGIN
@!!type:obligation
@!!id:4226
@!!loc:2714:73:2714:75
@!!status:proved
@!!prover:smt
@!!meth:time-limit: 60
@!!already:true
@!!END

@!!BEGIN
@!!type:obligation
@!!id:4227
@!!loc:2714:76:2714:80
@!!status:trivial
@!!prover:tlapm
@!!already:false
@!!END

@!!BEGIN
@!!type:obligation
@!!id:4228
@!!loc:2714:82:2714:92
@!!status:trivial
@!!prover:tlapm
@!!already:false
@!!END

@!!BEGIN
@!!type:obligation
@!!id:4229
@!!loc:2715:73:2715:75
@!!status:proved
@!!prover:smt
@!!meth:time-limit: 60
@!!already:true
@!!END

@!!BEGIN
@!!type:obligation
@!!id:4230
@!!loc:2715:76:2715:81
@!!status:trivial
@!!prover:tlapm
@!!already:false
@!!END

@!!BEGIN
@!!type:obligation
@!!id:4231
@!!loc:2715:83:2715:92
@!!status:trivial
@!!prover:tlapm
@!!already:false
@!!END

@!!BEGIN
@!!type:obligation
@!!id:4232
@!!loc:2716:74:2716:76
@!!status:proved
@!!prover:smt
@!!meth:time-limit: 60
@!!already:true
@!!END

@!!BEGIN
@!!type:obligation
@!!id:4233
@!!loc:2716:77:2716:82
@!!status:trivial
@!!prover:tlapm
@!!already:false
@!!END

@!!BEGIN
@!!type:obligation
@!!id:4234
@!!loc:2716:84:2716:94
@!!status:trivial
@!!prover:tlapm
@!!already:false
@!!END

@!!BEGIN
@!!type:obligation
@!!id:4235
@!!loc:2717:71:2717:73
@!!status:proved
@!!prover:smt
@!!meth:time-limit: 60
@!!already:true
@!!END

@!!BEGIN
@!!type:obligation
@!!id:4236
@!!loc:2717:74:2717:79
@!!status:trivial
@!!prover:tlapm
@!!already:false
@!!END

@!!BEGIN
@!!type:obligation
@!!id:4237
@!!loc:2717:81:2717:88
@!!status:trivial
@!!prover:tlapm
@!!already:false
@!!END

@!!BEGIN
@!!type:obligation
@!!id:4238
@!!loc:2718:79:2718:81
@!!status:proved
@!!prover:smt
@!!meth:time-limit: 60
@!!already:true
@!!END

@!!BEGIN
@!!type:obligation
@!!id:4239
@!!loc:2718:82:2718:87
@!!status:trivial
@!!prover:tlapm
@!!already:false
@!!END

@!!BEGIN
@!!type:obligation
@!!id:4240
@!!loc:2718:89:2718:104
@!!status:trivial
@!!prover:tlapm
@!!already:false
@!!END

@!!BEGIN
@!!type:obligation
@!!id:4241
@!!loc:2719:79:2719:81
@!!status:proved
@!!prover:smt
@!!meth:time-limit: 60
@!!already:true
@!!END

@!!BEGIN
@!!type:obligation
@!!id:4242
@!!loc:2719:82:2719:87
@!!status:trivial
@!!prover:tlapm
@!!already:false
@!!END

@!!BEGIN
@!!type:obligation
@!!id:4243
@!!loc:2719:89:2719:104
@!!status:trivial
@!!prover:tlapm
@!!already:false
@!!END

@!!BEGIN
@!!type:obligation
@!!id:4244
@!!loc:2720:80:2720:82
@!!status:proved
@!!prover:smt
@!!meth:time-limit: 60
@!!already:true
@!!END

@!!BEGIN
@!!type:obligation
@!!id:4245
@!!loc:2720:83:2720:88
@!!status:trivial
@!!prover:tlapm
@!!already:false
@!!END

@!!BEGIN
@!!type:obligation
@!!id:4246
@!!loc:2720:90:2720:106
@!!status:trivial
@!!prover:tlapm
@!!already:false
@!!END

@!!BEGIN
@!!type:obligation
@!!id:4247
@!!loc:2721:76:2721:78
@!!status:proved
@!!prover:smt
@!!meth:time-limit: 60
@!!already:true
@!!END

@!!BEGIN
@!!type:obligation
@!!id:4248
@!!loc:2721:79:2721:84
@!!status:trivial
@!!prover:tlapm
@!!already:false
@!!END

@!!BEGIN
@!!type:obligation
@!!id:4249
@!!loc:2721:86:2721:98
@!!status:trivial
@!!prover:tlapm
@!!already:false
@!!END

@!!BEGIN
@!!type:obligation
@!!id:4211
@!!loc:2709:70:2709:72
@!!status:proved
@!!prover:smt
@!!meth:time-limit: 60; time-used: 3.0 (5%)
@!!already:false
@!!END

@!!BEGIN
@!!type:obligation
@!!id:4250
@!!loc:2722:76:2722:78
@!!status:proved
@!!prover:smt
@!!meth:time-limit: 60
@!!already:true
@!!END

@!!BEGIN
@!!type:obligation
@!!id:4251
@!!loc:2722:79:2722:84
@!!status:trivial
@!!prover:tlapm
@!!already:false
@!!END

@!!BEGIN
@!!type:obligation
@!!id:4252
@!!loc:2722:86:2722:98
@!!status:trivial
@!!prover:tlapm
@!!already:false
@!!END

@!!BEGIN
@!!type:obligation
@!!id:4254
@!!loc:2723:94:2723:99
@!!status:trivial
@!!prover:tlapm
@!!already:false
@!!END

@!!BEGIN
@!!type:obligation
@!!id:4255
@!!loc:2723:101:2723:108
@!!status:trivial
@!!prover:tlapm
@!!already:false
@!!END

@!!BEGIN
@!!type:obligation
@!!id:4257
@!!loc:2724:96:2724:101
@!!status:trivial
@!!prover:tlapm
@!!already:false
@!!END

@!!BEGIN
@!!type:obligation
@!!id:4258
@!!loc:2724:103:2724:112
@!!status:trivial
@!!prover:tlapm
@!!already:false
@!!END

@!!BEGIN
@!!type:obligation
@!!id:4260
@!!loc:2725:96:2725:101
@!!status:trivial
@!!prover:tlapm
@!!already:false
@!!END

@!!BEGIN
@!!type:obligation
@!!id:4261
@!!loc:2725:103:2725:112
@!!status:trivial
@!!prover:tlapm
@!!already:false
@!!END

@!!BEGIN
@!!type:obligation
@!!id:4259
@!!loc:2725:93:2725:95
@!!status:proved
@!!prover:smt
@!!meth:time-limit: 60; time-used: 0.3 (1%)
@!!already:false
@!!END

@!!BEGIN
@!!type:obligation
@!!id:4256
@!!loc:2724:93:2724:95
@!!status:proved
@!!prover:smt
@!!meth:time-limit: 60; time-used: 0.6 (1%)
@!!already:false
@!!END

@!!BEGIN
@!!type:obligation
@!!id:4253
@!!loc:2723:91:2723:93
@!!status:proved
@!!prover:smt
@!!meth:time-limit: 60; time-used: 1.0 (2%)
@!!already:false
@!!END

@!!BEGIN
@!!type:obligation
@!!id:4263
@!!loc:2726:97:2726:102
@!!status:trivial
@!!prover:tlapm
@!!already:false
@!!END

@!!BEGIN
@!!type:obligation
@!!id:4264
@!!loc:2726:104:2726:112
@!!status:trivial
@!!prover:tlapm
@!!already:false
@!!END

@!!BEGIN
@!!type:obligation
@!!id:4266
@!!loc:2736:15:2736:19
@!!status:trivial
@!!prover:tlapm
@!!already:false
@!!END

@!!BEGIN
@!!type:obligation
@!!id:4267
@!!loc:2736:21:2736:25
@!!status:trivial
@!!prover:tlapm
@!!already:false
@!!END

@!!BEGIN
@!!type:obligation
@!!id:4268
@!!loc:2736:27:2736:31
@!!status:trivial
@!!prover:tlapm
@!!already:false
@!!END

@!!BEGIN
@!!type:obligation
@!!id:4269
@!!loc:2736:33:2736:37
@!!status:trivial
@!!prover:tlapm
@!!already:false
@!!END

@!!BEGIN
@!!type:obligation
@!!id:4270
@!!loc:2732:22:2732:24
@!!status:proved
@!!prover:smt
@!!meth:time-limit: 60
@!!already:true
@!!END

@!!BEGIN
@!!type:obligation
@!!id:4271
@!!loc:2732:25:2732:29
@!!status:trivial
@!!prover:tlapm
@!!already:false
@!!END

@!!BEGIN
@!!type:obligation
@!!id:4273
@!!loc:2733:21:2733:25
@!!status:trivial
@!!prover:tlapm
@!!already:false
@!!END

@!!BEGIN
@!!type:obligation
@!!id:4274
@!!loc:2733:27:2733:33
@!!status:trivial
@!!prover:tlapm
@!!already:false
@!!END

@!!BEGIN
@!!type:obligation
@!!id:4272
@!!loc:2733:18:2733:20
@!!status:proved
@!!prover:smt
@!!meth:time-limit: 60; time-used: 0.3 (0%)
@!!already:false
@!!END

@!!BEGIN
@!!type:obligation
@!!id:4265
@!!loc:2736:12:2736:14
@!!status:proved
@!!prover:smt
@!!meth:time-limit: 60; time-used: 0.8 (1%)
@!!already:false
@!!END

@!!BEGIN
@!!type:obligation
@!!id:4262
@!!loc:2726:94:2726:96
@!!status:proved
@!!prover:smt
@!!meth:time-limit: 60; time-used: 1.1 (2%)
@!!already:false
@!!END

@!!BEGIN
@!!type:obligation
@!!id:4276
@!!loc:2734:23:2734:27
@!!status:trivial
@!!prover:tlapm
@!!already:false
@!!END

@!!BEGIN
@!!type:obligation
@!!id:4277
@!!loc:2734:29:2734:37
@!!status:trivial
@!!prover:tlapm
@!!already:false
@!!END

@!!BEGIN
@!!type:obligation
@!!id:4279
@!!loc:2735:93:2735:97
@!!status:trivial
@!!prover:tlapm
@!!already:false
@!!END

@!!BEGIN
@!!type:obligation
@!!id:4280
@!!loc:2735:99:2735:106
@!!status:trivial
@!!prover:tlapm
@!!already:false
@!!END

@!!BEGIN
@!!type:obligation
@!!id:4282
@!!loc:2749:13:2749:17
@!!status:trivial
@!!prover:tlapm
@!!already:false
@!!END

@!!BEGIN
@!!type:obligation
@!!id:4283
@!!loc:2749:19:2749:23
@!!status:trivial
@!!prover:tlapm
@!!already:false
@!!END

@!!BEGIN
@!!type:obligation
@!!id:4284
@!!loc:2749:25:2749:28
@!!status:trivial
@!!prover:tlapm
@!!already:false
@!!END

@!!BEGIN
@!!type:obligation
@!!id:4285
@!!loc:2740:21:2740:23
@!!status:proved
@!!prover:smt
@!!meth:time-limit: 60
@!!already:true
@!!END

@!!BEGIN
@!!type:obligation
@!!id:4286
@!!loc:2740:24:2740:31
@!!status:trivial
@!!prover:tlapm
@!!already:false
@!!END

@!!BEGIN
@!!type:obligation
@!!id:4287
@!!loc:2748:12:2748:14
@!!status:proved
@!!prover:smt
@!!meth:time-limit: 60
@!!already:true
@!!END

@!!BEGIN
@!!type:obligation
@!!id:4288
@!!loc:2748:15:2748:19
@!!status:trivial
@!!prover:tlapm
@!!already:false
@!!END

@!!BEGIN
@!!type:obligation
@!!id:4289
@!!loc:2748:21:2748:25
@!!status:trivial
@!!prover:tlapm
@!!already:false
@!!END

@!!BEGIN
@!!type:obligation
@!!id:4281
@!!loc:2749:10:2749:12
@!!status:proved
@!!prover:ls4
@!!meth:time-limit: 120; time-used: 0.7 (1%)
@!!already:false
@!!END

@!!BEGIN
@!!type:obligation
@!!id:4278
@!!loc:2735:90:2735:92
@!!status:proved
@!!prover:smt
@!!meth:time-limit: 60; time-used: 1.0 (2%)
@!!already:false
@!!END

@!!BEGIN
@!!type:obligation
@!!id:4275
@!!loc:2734:20:2734:22
@!!status:proved
@!!prover:smt
@!!meth:time-limit: 60; time-used: 1.3 (2%)
@!!already:false
@!!END

@!!BEGIN
@!!type:obligation
@!!id:4291
@!!loc:2742:36:2742:43
@!!status:trivial
@!!prover:tlapm
@!!already:false
@!!END

@!!BEGIN
@!!type:obligation
@!!id:4293
@!!loc:2747:17:2747:21
@!!status:trivial
@!!prover:tlapm
@!!already:false
@!!END

@!!BEGIN
@!!type:obligation
@!!id:4294
@!!loc:2747:23:2747:27
@!!status:trivial
@!!prover:tlapm
@!!already:false
@!!END

@!!BEGIN
@!!type:obligation
@!!id:4295
@!!loc:2745:7:2745:9
@!!status:proved
@!!prover:smt
@!!meth:time-limit: 60; time-used: 0.2 (0%)
@!!already:false
@!!END

@!!BEGIN
@!!type:obligation
@!!id:4292
@!!loc:2747:14:2747:16
@!!status:proved
@!!prover:smt
@!!meth:time-limit: 60; time-used: 1.9 (3%)
@!!already:false
@!!END

@!!BEGIN
@!!type:obligation
@!!id:4290
@!!loc:2742:33:2742:35
@!!status:proved
@!!prover:smt
@!!meth:time-limit: 60; time-used: 2.3 (4%)
@!!already:false
@!!END

@!!BEGIN
@!!type:obligation
@!!id:4297
@!!loc:2746:45:2746:51
@!!status:trivial
@!!prover:tlapm
@!!already:false
@!!END

@!!BEGIN
@!!type:obligation
@!!id:4299
@!!loc:2753:13:2753:24
@!!status:trivial
@!!prover:tlapm
@!!already:false
@!!END

@!!BEGIN
@!!type:obligation
@!!id:4300
@!!loc:2753:26:2753:30
@!!status:trivial
@!!prover:tlapm
@!!already:false
@!!END

@!!BEGIN
@!!type:obligation
@!!id:4301
@!!loc:2753:32:2753:35
@!!status:trivial
@!!prover:tlapm
@!!already:false
@!!END

@!!BEGIN
@!!type:obligation
@!!id:4302
@!!loc:2752:30:2752:32
@!!status:proved
@!!prover:smt
@!!meth:time-limit: 60; time-used: 0.1 (0%)
@!!already:false
@!!END

@!!BEGIN
@!!type:obligation
@!!id:4298
@!!loc:2753:10:2753:12
@!!status:proved
@!!prover:ls4
@!!meth:time-limit: 120; time-used: 0.5 (0%)
@!!already:false
@!!END

@!!BEGIN
@!!type:obligation
@!!id:4296
@!!loc:2746:42:2746:44
@!!status:proved
@!!prover:smt
@!!meth:time-limit: 60; time-used: 0.7 (1%)
@!!already:false
@!!END

@!!BEGIN
@!!type:obligation
@!!id:4304
@!!loc:2762:13:2762:24
@!!status:trivial
@!!prover:tlapm
@!!already:false
@!!END

@!!BEGIN
@!!type:obligation
@!!id:4305
@!!loc:2762:26:2762:30
@!!status:trivial
@!!prover:tlapm
@!!already:false
@!!END

@!!BEGIN
@!!type:obligation
@!!id:4306
@!!loc:2762:32:2762:35
@!!status:trivial
@!!prover:tlapm
@!!already:false
@!!END

@!!BEGIN
@!!type:obligation
@!!id:4308
@!!loc:2758:6:2758:10
@!!status:trivial
@!!prover:tlapm
@!!already:false
@!!END

@!!BEGIN
@!!type:obligation
@!!id:4310
@!!loc:2761:6:2761:10
@!!status:trivial
@!!prover:tlapm
@!!already:false
@!!END

@!!BEGIN
@!!type:obligation
@!!id:4309
@!!loc:2761:3:2761:5
@!!status:proved
@!!prover:smt
@!!meth:time-limit: 60; time-used: 0.2 (0%)
@!!already:false
@!!END

@!!BEGIN
@!!type:obligation
@!!id:4307
@!!loc:2758:3:2758:5
@!!status:proved
@!!prover:smt
@!!meth:time-limit: 60; time-used: 0.5 (1%)
@!!already:false
@!!END

@!!BEGIN
@!!type:obligation
@!!id:4303
@!!loc:2762:10:2762:12
@!!status:proved
@!!prover:ls4
@!!meth:time-limit: 120; time-used: 1.0 (1%)
@!!already:false
@!!END

@!!BEGIN
@!!type:obligation
@!!id:4312
@!!loc:2768:13:2768:24
@!!status:trivial
@!!prover:tlapm
@!!already:false
@!!END

@!!BEGIN
@!!type:obligation
@!!id:4313
@!!loc:2768:26:2768:30
@!!status:trivial
@!!prover:tlapm
@!!already:false
@!!END

@!!BEGIN
@!!type:obligation
@!!id:4314
@!!loc:2768:32:2768:35
@!!status:trivial
@!!prover:tlapm
@!!already:false
@!!END

@!!BEGIN
@!!type:obligation
@!!id:4316
@!!loc:2767:15:2767:19
@!!status:trivial
@!!prover:tlapm
@!!already:false
@!!END

@!!BEGIN
@!!type:obligation
@!!id:4318
@!!loc:2766:38:2766:45
@!!status:trivial
@!!prover:tlapm
@!!already:false
@!!END

@!!BEGIN
@!!type:obligation
@!!id:4317
@!!loc:2766:35:2766:37
@!!status:proved
@!!prover:smt
@!!meth:time-limit: 60; time-used: 0.1 (0%)
@!!already:false
@!!END

@!!BEGIN
@!!type:obligation
@!!id:4315
@!!loc:2767:12:2767:14
@!!status:proved
@!!prover:smt
@!!meth:time-limit: 60; time-used: 0.3 (0%)
@!!already:false
@!!END

@!!BEGIN
@!!type:obligation
@!!id:4311
@!!loc:2768:10:2768:12
@!!status:proved
@!!prover:ls4
@!!meth:time-limit: 120; time-used: 0.7 (1%)
@!!already:false
@!!END

(* created new ".tlacache/LeanP1Proof.tlaps/LeanP1Proof.thy" *)
(* fingerprints written in ".tlacache/LeanP1Proof.tlaps/fingerprints" *)
File "./LeanP1Proof.tla", line 1, character 1 to line 2769, character 78:
[INFO]: All 4304 obligations proved.
WALL 905.72 s MAXRSS 9418584 kB rc 0
PROOFDONE 15:08:52Z
