TLC2 Version 2.19 of 08 August 2024 (rev: 5a47802)
Running breadth-first search Model-Checking with fp 101 and seed 4155434425969329784 with 2 workers on 8 cores with 2731MB heap and 64MB offheap memory [pid: 57732] (Linux 6.12.0-061200-generic amd64, Ubuntu 21.0.11 x86_64, MSBDiskFPSet, DiskStateQueue).
Parsing file /home/ddalton/lean-io-sent/formal/LeanSubtree.tla
Parsing file /tmp/Naturals.tla
Parsing file /tmp/FiniteSets.tla
Parsing file /tmp/Sequences.tla
Parsing file /tmp/TLC.tla
Semantic processing of module Naturals
Semantic processing of module Sequences
Semantic processing of module FiniteSets
Semantic processing of module TLC
Semantic processing of module LeanSubtree
Starting... (2026-09-23 18:36:38)
Computing initial states...
Finished computing initial states: 1 distinct state generated at 2026-09-23 18:36:39.
Progress(10) at 2026-09-23 18:36:42: 53,326 states generated (53,326 s/min), 20,584 distinct states found (20,584 ds/min), 12,657 states left on queue.
Progress(15) at 2026-09-23 18:37:42: 1,989,111 states generated (1,935,785 s/min), 679,029 distinct states found (658,445 ds/min), 291,415 states left on queue.
Progress(16) at 2026-09-23 18:38:42: 4,148,490 states generated (2,159,379 s/min), 1,380,767 distinct states found (701,738 ds/min), 547,950 states left on queue.
Progress(17) at 2026-09-23 18:39:42: 6,310,223 states generated (2,161,733 s/min), 2,055,817 distinct states found (675,050 ds/min), 772,240 states left on queue.
Progress(18) at 2026-09-23 18:40:42: 8,236,093 states generated (1,925,870 s/min), 2,635,859 distinct states found (580,042 ds/min), 948,409 states left on queue.
Progress(18) at 2026-09-23 18:41:42: 10,374,328 states generated (2,138,235 s/min), 3,287,547 distinct states found (651,688 ds/min), 1,138,034 states left on queue.
Progress(19) at 2026-09-23 18:42:42: 12,354,799 states generated (1,980,471 s/min), 3,872,653 distinct states found (585,106 ds/min), 1,296,482 states left on queue.
Progress(19) at 2026-09-23 18:43:42: 14,670,376 states generated (2,315,577 s/min), 4,563,266 distinct states found (690,613 ds/min), 1,472,193 states left on queue.
Progress(20) at 2026-09-23 18:44:42: 17,053,517 states generated (2,383,141 s/min), 5,280,247 distinct states found (716,981 ds/min), 1,651,882 states left on queue.
Progress(20) at 2026-09-23 18:45:42: 19,490,438 states generated (2,436,921 s/min), 5,996,975 distinct states found (716,728 ds/min), 1,805,784 states left on queue.
Progress(20) at 2026-09-23 18:46:42: 21,534,587 states generated (2,044,149 s/min), 6,598,504 distinct states found (601,529 ds/min), 1,936,552 states left on queue.
Progress(21) at 2026-09-23 18:47:42: 23,370,959 states generated (1,836,372 s/min), 7,162,690 distinct states found (564,186 ds/min), 2,064,316 states left on queue.
Progress(21) at 2026-09-23 18:48:42: 25,261,935 states generated (1,890,976 s/min), 7,731,974 distinct states found (569,284 ds/min), 2,196,157 states left on queue.
Progress(21) at 2026-09-23 18:49:42: 27,138,419 states generated (1,876,484 s/min), 8,286,767 distinct states found (554,793 ds/min), 2,287,878 states left on queue.
Progress(21) at 2026-09-23 18:50:42: 29,051,688 states generated (1,913,269 s/min), 8,848,169 distinct states found (561,402 ds/min), 2,384,624 states left on queue.
Progress(21) at 2026-09-23 18:51:42: 30,961,730 states generated (1,910,042 s/min), 9,425,832 distinct states found (577,663 ds/min), 2,510,579 states left on queue.
Progress(22) at 2026-09-23 18:52:42: 33,020,565 states generated (2,058,835 s/min), 10,072,281 distinct states found (646,449 ds/min), 2,653,916 states left on queue.
Error: Invariant Inv_AckImpliesCited is violated.
Error: The behavior up to this point is:
State 1: <Initial predicate>
/\ cellHandoff = "none"
/\ stageBase = [A |-> (p1 :> 0), B |-> (p1 :> 0)]
/\ manSrc = "none"
/\ inbox = {}
/\ gh = [ removals |-> 0,
  tomb |-> (p1 :> 0),
  renamed |-> {},
  answered |-> {},
  amputated |-> FALSE,
  stragglerInstalls |-> 0,
  stragglerCas |-> 0,
  deposedPuts |-> 0,
  barriers |-> 0,
  done |-> 0,
  gc |-> 0,
  gcCited |-> 0,
  refusals |-> 0,
  cited |-> 0,
  takeovers |-> 0,
  crashes |-> 0,
  restarts |-> 0,
  adoptOwn |-> 0,
  stallUsed |-> FALSE,
  nextGen |-> 2,
  hitl |-> 0,
  syncs |-> 0,
  syncApplied |-> 0,
  syncConflicts |-> 0,
  syncDestroyed |-> FALSE,
  scopedDeferrals |-> 0,
  foreignLost |-> FALSE,
  deferredPaths |-> {},
  deferredLater |-> 0,
  staged |-> 0,
  cites |-> 0,
  reaped |-> 0,
  withheld |-> 0,
  forcedCites |-> 0,
  citeSpan |-> 0,
  carriedCite |-> FALSE,
  touches |-> 0,
  acks |-> 0,
  honors |-> 0,
  refusedAcks |-> 0,
  coalesced |-> 0,
  fastPaths |-> 0,
  ackAfterRestart |-> 0,
  fastHonor |-> FALSE,
  ackEarly |-> FALSE,
  ackIncoherent |-> FALSE,
  fencedOkAck |-> FALSE,
  srcMismatch |-> FALSE,
  partialAcks |-> 0,
  declaredDrops |-> 0,
  narrows |-> 0,
  narrowed |-> {},
  narrowRecited |-> {},
  removalsApplied |-> 0,
  removalsRefused |-> 0,
  renamesApplied |-> 0,
  renameRefused |-> {},
  citedPairs |-> {},
  claimed |-> {},
  interleaved |-> FALSE,
  handoffs |-> 0,
  deposals |-> 0,
  deadSkips |-> 0,
  enqueues |-> 0,
  abandoned |-> 0,
  adoptWithheld |-> 0,
  sameBytes |-> 0,
  uploadWithheld |-> 0,
  staleOverride |-> FALSE,
  hitlRetired |-> {},
  pullOnlys |-> 0,
  emptyInstalls |-> 0,
  tombRemoved |-> 0,
  tombSuperseded |-> 0,
  orphanTracks |-> 0,
  leaked |-> 0,
  staleAdopt |-> 0,
  retired |-> (p1 :> 0),
  orphanAt |-> (p1 :> 0),
  orphanOutlived |-> 0,
  leakApplied |-> 0,
  baseRestored |-> 0,
  carrierAck |-> FALSE,
  remJudged |-> (p1 :> 0),
  removalOverreach |-> FALSE,
  swept |-> 0,
  remOver |-> (p1 :> 0),
  uiBase |-> {},
  pendingKept |-> 0 ]
/\ cellEpoch = 0
/\ window = 0
/\ stage = [A |-> (p1 :> 0), B |-> (p1 :> 0)]
/\ conflicts = {}
/\ withheldDel = [A |-> {}, B |-> {}]
/\ manifest = (p1 :> 1)
/\ cellQueue = <<>>
/\ cellHolder = "none"
/\ manSeq = 1
/\ hitlAcked = {}
/\ removals = {}
/\ sc = [ A |->
      [ pendN |-> {},
        ackN |-> {},
        instSnap |-> (p1 :> 0),
        instSrc |-> "none",
        jSeq |-> 0,
        instBase |-> (p1 :> 0),
        judged |-> (p1 :> 0),
        baseline |-> (p1 :> 0),
        scanD |-> {},
        scanU |-> {},
        upGone |-> {},
        scanGen |-> (p1 :> 0),
        surfaced |-> {},
        parked |-> {},
        upDone |-> {},
        fq |-> {},
        carryDropped |-> {},
        carryPaths |-> {},
        citeDropped |-> {},
        fqRetired |-> (p1 :> 0),
        epoch |-> 0,
        st |-> "unstarted",
        pc |-> "idle",
        consumed |-> {},
        declared |-> {},
        gcDone |-> {},
        gcTook |-> {},
        gcHeaded |-> {},
        gcSeen |-> (p1 :> 0),
        retire |-> (p1 :> 0),
        upVerified |-> FALSE,
        adopted |-> {},
        noInst |-> FALSE,
        local |-> (p1 :> 0),
        touched |-> {},
        prevScan |-> {},
        known |-> {},
        expSeq |-> 0,
        installed |-> FALSE,
        scope |-> {p1},
        instSeq |-> 0,
        repairMoved |-> {},
        lastDirty |-> {},
        stageCarried |-> FALSE,
        citeDone |-> {},
        sentTok |-> 0,
        pendCov |-> (p1 :> 0),
        pendMint |-> 0,
        pendDirty |-> {},
        honored |-> FALSE,
        pendReRun |-> FALSE,
        owed |-> {},
        verifiedAt |-> 0,
        inboxSeen |-> {},
        inboxLoaded |-> FALSE ],
  B |->
      [ pendN |-> {},
        ackN |-> {},
        instSnap |-> (p1 :> 0),
        instSrc |-> "none",
        jSeq |-> 0,
        instBase |-> (p1 :> 0),
        judged |-> (p1 :> 0),
        baseline |-> (p1 :> 0),
        scanD |-> {},
        scanU |-> {},
        upGone |-> {},
        scanGen |-> (p1 :> 0),
        surfaced |-> {},
        parked |-> {},
        upDone |-> {},
        fq |-> {},
        carryDropped |-> {},
        carryPaths |-> {},
        citeDropped |-> {},
        fqRetired |-> (p1 :> 0),
        epoch |-> 0,
        st |-> "unstarted",
        pc |-> "idle",
        consumed |-> {},
        declared |-> {},
        gcDone |-> {},
        gcTook |-> {},
        gcHeaded |-> {},
        gcSeen |-> (p1 :> 0),
        retire |-> (p1 :> 0),
        upVerified |-> FALSE,
        adopted |-> {},
        noInst |-> FALSE,
        local |-> (p1 :> 0),
        touched |-> {},
        prevScan |-> {},
        known |-> {},
        expSeq |-> 0,
        installed |-> FALSE,
        scope |-> {p1},
        instSeq |-> 0,
        repairMoved |-> {},
        lastDirty |-> {},
        stageCarried |-> FALSE,
        citeDone |-> {},
        sentTok |-> 0,
        pendCov |-> (p1 :> 0),
        pendMint |-> 0,
        pendDirty |-> {},
        honored |-> FALSE,
        pendReRun |-> FALSE,
        owed |-> {},
        verifiedAt |-> 0,
        inboxSeen |-> {},
        inboxLoaded |-> FALSE ] ]
/\ objects = (p1 :> 1)
/\ versions = (p1 :> {1})
/\ cellReleased = FALSE

State 2: <Next line 4160, col 7 to line 4160, col 55 of module LeanSubtree>
/\ cellHandoff = "none"
/\ stageBase = [A |-> (p1 :> 0), B |-> (p1 :> 0)]
/\ manSrc = "none"
/\ inbox = {}
/\ gh = [ removals |-> 0,
  tomb |-> (p1 :> 0),
  renamed |-> {},
  answered |-> {},
  amputated |-> FALSE,
  stragglerInstalls |-> 0,
  stragglerCas |-> 0,
  deposedPuts |-> 0,
  barriers |-> 0,
  done |-> 0,
  gc |-> 0,
  gcCited |-> 0,
  refusals |-> 0,
  cited |-> 0,
  takeovers |-> 0,
  crashes |-> 0,
  restarts |-> 0,
  adoptOwn |-> 0,
  stallUsed |-> FALSE,
  nextGen |-> 2,
  hitl |-> 0,
  syncs |-> 0,
  syncApplied |-> 0,
  syncConflicts |-> 0,
  syncDestroyed |-> FALSE,
  scopedDeferrals |-> 0,
  foreignLost |-> FALSE,
  deferredPaths |-> {},
  deferredLater |-> 0,
  staged |-> 0,
  cites |-> 0,
  reaped |-> 0,
  withheld |-> 0,
  forcedCites |-> 0,
  citeSpan |-> 0,
  carriedCite |-> FALSE,
  touches |-> 0,
  acks |-> 0,
  honors |-> 0,
  refusedAcks |-> 0,
  coalesced |-> 0,
  fastPaths |-> 0,
  ackAfterRestart |-> 0,
  fastHonor |-> FALSE,
  ackEarly |-> FALSE,
  ackIncoherent |-> FALSE,
  fencedOkAck |-> FALSE,
  srcMismatch |-> FALSE,
  partialAcks |-> 0,
  declaredDrops |-> 0,
  narrows |-> 0,
  narrowed |-> {},
  narrowRecited |-> {},
  removalsApplied |-> 0,
  removalsRefused |-> 0,
  renamesApplied |-> 0,
  renameRefused |-> {},
  citedPairs |-> {},
  claimed |-> {},
  interleaved |-> FALSE,
  handoffs |-> 0,
  deposals |-> 0,
  deadSkips |-> 0,
  enqueues |-> 0,
  abandoned |-> 0,
  adoptWithheld |-> 0,
  sameBytes |-> 0,
  uploadWithheld |-> 0,
  staleOverride |-> FALSE,
  hitlRetired |-> {},
  pullOnlys |-> 0,
  emptyInstalls |-> 0,
  tombRemoved |-> 0,
  tombSuperseded |-> 0,
  orphanTracks |-> 0,
  leaked |-> 0,
  staleAdopt |-> 0,
  retired |-> (p1 :> 0),
  orphanAt |-> (p1 :> 0),
  orphanOutlived |-> 0,
  leakApplied |-> 0,
  baseRestored |-> 0,
  carrierAck |-> FALSE,
  remJudged |-> (p1 :> 0),
  removalOverreach |-> FALSE,
  swept |-> 0,
  remOver |-> (p1 :> 0),
  uiBase |-> {},
  pendingKept |-> 0 ]
/\ cellEpoch = 0
/\ window = 0
/\ stage = [A |-> (p1 :> 0), B |-> (p1 :> 0)]
/\ conflicts = {}
/\ withheldDel = [A |-> {}, B |-> {}]
/\ manifest = (p1 :> 1)
/\ cellQueue = <<>>
/\ cellHolder = "none"
/\ manSeq = 1
/\ hitlAcked = {}
/\ removals = {}
/\ sc = [ A |->
      [ pendN |-> {},
        ackN |-> {},
        instSnap |-> (p1 :> 1),
        instSrc |-> "none",
        jSeq |-> 0,
        instBase |-> (p1 :> 1),
        judged |-> (p1 :> 0),
        baseline |-> (p1 :> 1),
        scanD |-> {},
        scanU |-> {},
        upGone |-> {},
        scanGen |-> (p1 :> 0),
        surfaced |-> {},
        parked |-> {},
        upDone |-> {},
        fq |-> {},
        carryDropped |-> {},
        carryPaths |-> {},
        citeDropped |-> {},
        fqRetired |-> (p1 :> 0),
        epoch |-> 0,
        st |-> "running",
        pc |-> "idle",
        consumed |-> {},
        declared |-> {},
        gcDone |-> {},
        gcTook |-> {},
        gcHeaded |-> {},
        gcSeen |-> (p1 :> 0),
        retire |-> (p1 :> 0),
        upVerified |-> FALSE,
        adopted |-> {},
        noInst |-> FALSE,
        local |-> (p1 :> 1),
        touched |-> {},
        prevScan |-> {},
        known |-> {1},
        expSeq |-> 1,
        installed |-> FALSE,
        scope |-> {p1},
        instSeq |-> 1,
        repairMoved |-> {},
        lastDirty |-> {},
        stageCarried |-> FALSE,
        citeDone |-> {},
        sentTok |-> 0,
        pendCov |-> (p1 :> 0),
        pendMint |-> 0,
        pendDirty |-> {},
        honored |-> FALSE,
        pendReRun |-> FALSE,
        owed |-> {},
        verifiedAt |-> 0,
        inboxSeen |-> {},
        inboxLoaded |-> FALSE ],
  B |->
      [ pendN |-> {},
        ackN |-> {},
        instSnap |-> (p1 :> 0),
        instSrc |-> "none",
        jSeq |-> 0,
        instBase |-> (p1 :> 0),
        judged |-> (p1 :> 0),
        baseline |-> (p1 :> 0),
        scanD |-> {},
        scanU |-> {},
        upGone |-> {},
        scanGen |-> (p1 :> 0),
        surfaced |-> {},
        parked |-> {},
        upDone |-> {},
        fq |-> {},
        carryDropped |-> {},
        carryPaths |-> {},
        citeDropped |-> {},
        fqRetired |-> (p1 :> 0),
        epoch |-> 0,
        st |-> "unstarted",
        pc |-> "idle",
        consumed |-> {},
        declared |-> {},
        gcDone |-> {},
        gcTook |-> {},
        gcHeaded |-> {},
        gcSeen |-> (p1 :> 0),
        retire |-> (p1 :> 0),
        upVerified |-> FALSE,
        adopted |-> {},
        noInst |-> FALSE,
        local |-> (p1 :> 0),
        touched |-> {},
        prevScan |-> {},
        known |-> {},
        expSeq |-> 0,
        installed |-> FALSE,
        scope |-> {p1},
        instSeq |-> 0,
        repairMoved |-> {},
        lastDirty |-> {},
        stageCarried |-> FALSE,
        citeDone |-> {},
        sentTok |-> 0,
        pendCov |-> (p1 :> 0),
        pendMint |-> 0,
        pendDirty |-> {},
        honored |-> FALSE,
        pendReRun |-> FALSE,
        owed |-> {},
        verifiedAt |-> 0,
        inboxSeen |-> {},
        inboxLoaded |-> FALSE ] ]
/\ objects = (p1 :> 1)
/\ versions = (p1 :> {1})
/\ cellReleased = FALSE

State 3: <Next line 4160, col 7 to line 4160, col 55 of module LeanSubtree>
/\ cellHandoff = "none"
/\ stageBase = [A |-> (p1 :> 0), B |-> (p1 :> 0)]
/\ manSrc = "none"
/\ inbox = {}
/\ gh = [ removals |-> 0,
  tomb |-> (p1 :> 0),
  renamed |-> {},
  answered |-> {},
  amputated |-> FALSE,
  stragglerInstalls |-> 0,
  stragglerCas |-> 0,
  deposedPuts |-> 0,
  barriers |-> 0,
  done |-> 0,
  gc |-> 0,
  gcCited |-> 0,
  refusals |-> 0,
  cited |-> 0,
  takeovers |-> 0,
  crashes |-> 0,
  restarts |-> 0,
  adoptOwn |-> 0,
  stallUsed |-> FALSE,
  nextGen |-> 2,
  hitl |-> 0,
  syncs |-> 0,
  syncApplied |-> 0,
  syncConflicts |-> 0,
  syncDestroyed |-> FALSE,
  scopedDeferrals |-> 0,
  foreignLost |-> FALSE,
  deferredPaths |-> {},
  deferredLater |-> 0,
  staged |-> 0,
  cites |-> 0,
  reaped |-> 0,
  withheld |-> 0,
  forcedCites |-> 0,
  citeSpan |-> 0,
  carriedCite |-> FALSE,
  touches |-> 0,
  acks |-> 0,
  honors |-> 0,
  refusedAcks |-> 0,
  coalesced |-> 0,
  fastPaths |-> 0,
  ackAfterRestart |-> 0,
  fastHonor |-> FALSE,
  ackEarly |-> FALSE,
  ackIncoherent |-> FALSE,
  fencedOkAck |-> FALSE,
  srcMismatch |-> FALSE,
  partialAcks |-> 0,
  declaredDrops |-> 0,
  narrows |-> 0,
  narrowed |-> {},
  narrowRecited |-> {},
  removalsApplied |-> 0,
  removalsRefused |-> 0,
  renamesApplied |-> 0,
  renameRefused |-> {},
  citedPairs |-> {},
  claimed |-> {},
  interleaved |-> FALSE,
  handoffs |-> 0,
  deposals |-> 0,
  deadSkips |-> 0,
  enqueues |-> 0,
  abandoned |-> 0,
  adoptWithheld |-> 0,
  sameBytes |-> 0,
  uploadWithheld |-> 0,
  staleOverride |-> FALSE,
  hitlRetired |-> {},
  pullOnlys |-> 0,
  emptyInstalls |-> 0,
  tombRemoved |-> 0,
  tombSuperseded |-> 0,
  orphanTracks |-> 0,
  leaked |-> 0,
  staleAdopt |-> 0,
  retired |-> (p1 :> 0),
  orphanAt |-> (p1 :> 0),
  orphanOutlived |-> 0,
  leakApplied |-> 0,
  baseRestored |-> 0,
  carrierAck |-> FALSE,
  remJudged |-> (p1 :> 0),
  removalOverreach |-> FALSE,
  swept |-> 0,
  remOver |-> (p1 :> 0),
  uiBase |-> {},
  pendingKept |-> 0 ]
/\ cellEpoch = 0
/\ window = 0
/\ stage = [A |-> (p1 :> 0), B |-> (p1 :> 0)]
/\ conflicts = {}
/\ withheldDel = [A |-> {}, B |-> {}]
/\ manifest = (p1 :> 1)
/\ cellQueue = <<>>
/\ cellHolder = "none"
/\ manSeq = 1
/\ hitlAcked = {}
/\ removals = {}
/\ sc = [ A |->
      [ pendN |-> {},
        ackN |-> {},
        instSnap |-> (p1 :> 1),
        instSrc |-> "none",
        jSeq |-> 0,
        instBase |-> (p1 :> 1),
        judged |-> (p1 :> 0),
        baseline |-> (p1 :> 1),
        scanD |-> {},
        scanU |-> {},
        upGone |-> {},
        scanGen |-> (p1 :> 0),
        surfaced |-> {},
        parked |-> {},
        upDone |-> {},
        fq |-> {},
        carryDropped |-> {},
        carryPaths |-> {},
        citeDropped |-> {},
        fqRetired |-> (p1 :> 0),
        epoch |-> 0,
        st |-> "running",
        pc |-> "idle",
        consumed |-> {},
        declared |-> {},
        gcDone |-> {},
        gcTook |-> {},
        gcHeaded |-> {},
        gcSeen |-> (p1 :> 0),
        retire |-> (p1 :> 0),
        upVerified |-> FALSE,
        adopted |-> {},
        noInst |-> FALSE,
        local |-> (p1 :> 1),
        touched |-> {},
        prevScan |-> {},
        known |-> {1},
        expSeq |-> 1,
        installed |-> FALSE,
        scope |-> {p1},
        instSeq |-> 1,
        repairMoved |-> {},
        lastDirty |-> {},
        stageCarried |-> FALSE,
        citeDone |-> {},
        sentTok |-> 0,
        pendCov |-> (p1 :> 0),
        pendMint |-> 0,
        pendDirty |-> {},
        honored |-> FALSE,
        pendReRun |-> FALSE,
        owed |-> {},
        verifiedAt |-> 0,
        inboxSeen |-> {},
        inboxLoaded |-> FALSE ],
  B |->
      [ pendN |-> {},
        ackN |-> {},
        instSnap |-> (p1 :> 1),
        instSrc |-> "none",
        jSeq |-> 0,
        instBase |-> (p1 :> 1),
        judged |-> (p1 :> 0),
        baseline |-> (p1 :> 1),
        scanD |-> {},
        scanU |-> {},
        upGone |-> {},
        scanGen |-> (p1 :> 0),
        surfaced |-> {},
        parked |-> {},
        upDone |-> {},
        fq |-> {},
        carryDropped |-> {},
        carryPaths |-> {},
        citeDropped |-> {},
        fqRetired |-> (p1 :> 0),
        epoch |-> 0,
        st |-> "running",
        pc |-> "idle",
        consumed |-> {},
        declared |-> {},
        gcDone |-> {},
        gcTook |-> {},
        gcHeaded |-> {},
        gcSeen |-> (p1 :> 0),
        retire |-> (p1 :> 0),
        upVerified |-> FALSE,
        adopted |-> {},
        noInst |-> FALSE,
        local |-> (p1 :> 1),
        touched |-> {},
        prevScan |-> {},
        known |-> {1},
        expSeq |-> 1,
        installed |-> FALSE,
        scope |-> {p1},
        instSeq |-> 1,
        repairMoved |-> {},
        lastDirty |-> {},
        stageCarried |-> FALSE,
        citeDone |-> {},
        sentTok |-> 0,
        pendCov |-> (p1 :> 0),
        pendMint |-> 0,
        pendDirty |-> {},
        honored |-> FALSE,
        pendReRun |-> FALSE,
        owed |-> {},
        verifiedAt |-> 0,
        inboxSeen |-> {},
        inboxLoaded |-> FALSE ] ]
/\ objects = (p1 :> 1)
/\ versions = (p1 :> {1})
/\ cellReleased = FALSE

State 4: <Next line 4160, col 7 to line 4160, col 55 of module LeanSubtree>
/\ cellHandoff = "none"
/\ stageBase = [A |-> (p1 :> 0), B |-> (p1 :> 0)]
/\ manSrc = "none"
/\ inbox = {}
/\ gh = [ removals |-> 0,
  tomb |-> (p1 :> 0),
  renamed |-> {},
  answered |-> {},
  amputated |-> FALSE,
  stragglerInstalls |-> 0,
  stragglerCas |-> 0,
  deposedPuts |-> 0,
  barriers |-> 0,
  done |-> 0,
  gc |-> 0,
  gcCited |-> 0,
  refusals |-> 0,
  cited |-> 0,
  takeovers |-> 0,
  crashes |-> 0,
  restarts |-> 0,
  adoptOwn |-> 0,
  stallUsed |-> FALSE,
  nextGen |-> 2,
  hitl |-> 0,
  syncs |-> 0,
  syncApplied |-> 0,
  syncConflicts |-> 0,
  syncDestroyed |-> FALSE,
  scopedDeferrals |-> 0,
  foreignLost |-> FALSE,
  deferredPaths |-> {},
  deferredLater |-> 0,
  staged |-> 0,
  cites |-> 0,
  reaped |-> 0,
  withheld |-> 0,
  forcedCites |-> 0,
  citeSpan |-> 0,
  carriedCite |-> FALSE,
  touches |-> 0,
  acks |-> 0,
  honors |-> 0,
  refusedAcks |-> 0,
  coalesced |-> 0,
  fastPaths |-> 0,
  ackAfterRestart |-> 0,
  fastHonor |-> FALSE,
  ackEarly |-> FALSE,
  ackIncoherent |-> FALSE,
  fencedOkAck |-> FALSE,
  srcMismatch |-> FALSE,
  partialAcks |-> 0,
  declaredDrops |-> 0,
  narrows |-> 0,
  narrowed |-> {},
  narrowRecited |-> {},
  removalsApplied |-> 0,
  removalsRefused |-> 0,
  renamesApplied |-> 0,
  renameRefused |-> {},
  citedPairs |-> {},
  claimed |-> {},
  interleaved |-> FALSE,
  handoffs |-> 0,
  deposals |-> 0,
  deadSkips |-> 0,
  enqueues |-> 0,
  abandoned |-> 0,
  adoptWithheld |-> 0,
  sameBytes |-> 0,
  uploadWithheld |-> 0,
  staleOverride |-> FALSE,
  hitlRetired |-> {},
  pullOnlys |-> 0,
  emptyInstalls |-> 0,
  tombRemoved |-> 0,
  tombSuperseded |-> 0,
  orphanTracks |-> 0,
  leaked |-> 0,
  staleAdopt |-> 0,
  retired |-> (p1 :> 0),
  orphanAt |-> (p1 :> 0),
  orphanOutlived |-> 0,
  leakApplied |-> 0,
  baseRestored |-> 0,
  carrierAck |-> FALSE,
  remJudged |-> (p1 :> 0),
  removalOverreach |-> FALSE,
  swept |-> 0,
  remOver |-> (p1 :> 0),
  uiBase |-> {},
  pendingKept |-> 0 ]
/\ cellEpoch = 0
/\ window = 0
/\ stage = [A |-> (p1 :> 0), B |-> (p1 :> 0)]
/\ conflicts = {}
/\ withheldDel = [A |-> {}, B |-> {}]
/\ manifest = (p1 :> 1)
/\ cellQueue = <<>>
/\ cellHolder = "none"
/\ manSeq = 1
/\ hitlAcked = {}
/\ removals = {}
/\ sc = [ A |->
      [ pendN |-> {},
        ackN |-> {},
        instSnap |-> (p1 :> 1),
        instSrc |-> "none",
        jSeq |-> 0,
        instBase |-> (p1 :> 1),
        judged |-> (p1 :> 0),
        baseline |-> (p1 :> 1),
        scanD |-> {},
        scanU |-> {},
        upGone |-> {},
        scanGen |-> (p1 :> 0),
        surfaced |-> {},
        parked |-> {},
        upDone |-> {},
        fq |-> {},
        carryDropped |-> {},
        carryPaths |-> {},
        citeDropped |-> {},
        fqRetired |-> (p1 :> 0),
        epoch |-> 0,
        st |-> "running",
        pc |-> "idle",
        consumed |-> {},
        declared |-> {},
        gcDone |-> {},
        gcTook |-> {},
        gcHeaded |-> {},
        gcSeen |-> (p1 :> 0),
        retire |-> (p1 :> 0),
        upVerified |-> FALSE,
        adopted |-> {},
        noInst |-> FALSE,
        local |-> (p1 :> 0),
        touched |-> {},
        prevScan |-> {},
        known |-> {1},
        expSeq |-> 1,
        installed |-> FALSE,
        scope |-> {p1},
        instSeq |-> 1,
        repairMoved |-> {},
        lastDirty |-> {},
        stageCarried |-> FALSE,
        citeDone |-> {},
        sentTok |-> 0,
        pendCov |-> (p1 :> 0),
        pendMint |-> 0,
        pendDirty |-> {},
        honored |-> FALSE,
        pendReRun |-> FALSE,
        owed |-> {},
        verifiedAt |-> 0,
        inboxSeen |-> {},
        inboxLoaded |-> FALSE ],
  B |->
      [ pendN |-> {},
        ackN |-> {},
        instSnap |-> (p1 :> 1),
        instSrc |-> "none",
        jSeq |-> 0,
        instBase |-> (p1 :> 1),
        judged |-> (p1 :> 0),
        baseline |-> (p1 :> 1),
        scanD |-> {},
        scanU |-> {},
        upGone |-> {},
        scanGen |-> (p1 :> 0),
        surfaced |-> {},
        parked |-> {},
        upDone |-> {},
        fq |-> {},
        carryDropped |-> {},
        carryPaths |-> {},
        citeDropped |-> {},
        fqRetired |-> (p1 :> 0),
        epoch |-> 0,
        st |-> "running",
        pc |-> "idle",
        consumed |-> {},
        declared |-> {},
        gcDone |-> {},
        gcTook |-> {},
        gcHeaded |-> {},
        gcSeen |-> (p1 :> 0),
        retire |-> (p1 :> 0),
        upVerified |-> FALSE,
        adopted |-> {},
        noInst |-> FALSE,
        local |-> (p1 :> 1),
        touched |-> {},
        prevScan |-> {},
        known |-> {1},
        expSeq |-> 1,
        installed |-> FALSE,
        scope |-> {p1},
        instSeq |-> 1,
        repairMoved |-> {},
        lastDirty |-> {},
        stageCarried |-> FALSE,
        citeDone |-> {},
        sentTok |-> 0,
        pendCov |-> (p1 :> 0),
        pendMint |-> 0,
        pendDirty |-> {},
        honored |-> FALSE,
        pendReRun |-> FALSE,
        owed |-> {},
        verifiedAt |-> 0,
        inboxSeen |-> {},
        inboxLoaded |-> FALSE ] ]
/\ objects = (p1 :> 1)
/\ versions = (p1 :> {1})
/\ cellReleased = FALSE

State 5: <Next line 4160, col 7 to line 4160, col 55 of module LeanSubtree>
/\ cellHandoff = "none"
/\ stageBase = [A |-> (p1 :> 0), B |-> (p1 :> 0)]
/\ manSrc = "none"
/\ inbox = {}
/\ gh = [ removals |-> 0,
  tomb |-> (p1 :> 0),
  renamed |-> {},
  answered |-> {},
  amputated |-> FALSE,
  stragglerInstalls |-> 0,
  stragglerCas |-> 0,
  deposedPuts |-> 0,
  barriers |-> 0,
  done |-> 0,
  gc |-> 0,
  gcCited |-> 0,
  refusals |-> 0,
  cited |-> 0,
  takeovers |-> 0,
  crashes |-> 0,
  restarts |-> 0,
  adoptOwn |-> 0,
  stallUsed |-> FALSE,
  nextGen |-> 2,
  hitl |-> 0,
  syncs |-> 0,
  syncApplied |-> 0,
  syncConflicts |-> 0,
  syncDestroyed |-> FALSE,
  scopedDeferrals |-> 0,
  foreignLost |-> FALSE,
  deferredPaths |-> {},
  deferredLater |-> 0,
  staged |-> 0,
  cites |-> 0,
  reaped |-> 0,
  withheld |-> 0,
  forcedCites |-> 0,
  citeSpan |-> 0,
  carriedCite |-> FALSE,
  touches |-> 1,
  acks |-> 0,
  honors |-> 0,
  refusedAcks |-> 0,
  coalesced |-> 0,
  fastPaths |-> 0,
  ackAfterRestart |-> 0,
  fastHonor |-> FALSE,
  ackEarly |-> FALSE,
  ackIncoherent |-> FALSE,
  fencedOkAck |-> FALSE,
  srcMismatch |-> FALSE,
  partialAcks |-> 0,
  declaredDrops |-> 0,
  narrows |-> 0,
  narrowed |-> {},
  narrowRecited |-> {},
  removalsApplied |-> 0,
  removalsRefused |-> 0,
  renamesApplied |-> 0,
  renameRefused |-> {},
  citedPairs |-> {},
  claimed |-> {},
  interleaved |-> FALSE,
  handoffs |-> 0,
  deposals |-> 0,
  deadSkips |-> 0,
  enqueues |-> 0,
  abandoned |-> 0,
  adoptWithheld |-> 0,
  sameBytes |-> 0,
  uploadWithheld |-> 0,
  staleOverride |-> FALSE,
  hitlRetired |-> {},
  pullOnlys |-> 0,
  emptyInstalls |-> 0,
  tombRemoved |-> 0,
  tombSuperseded |-> 0,
  orphanTracks |-> 0,
  leaked |-> 0,
  staleAdopt |-> 0,
  retired |-> (p1 :> 0),
  orphanAt |-> (p1 :> 0),
  orphanOutlived |-> 0,
  leakApplied |-> 0,
  baseRestored |-> 0,
  carrierAck |-> FALSE,
  remJudged |-> (p1 :> 0),
  removalOverreach |-> FALSE,
  swept |-> 0,
  remOver |-> (p1 :> 0),
  uiBase |-> {},
  pendingKept |-> 0 ]
/\ cellEpoch = 0
/\ window = 0
/\ stage = [A |-> (p1 :> 0), B |-> (p1 :> 0)]
/\ conflicts = {}
/\ withheldDel = [A |-> {}, B |-> {}]
/\ manifest = (p1 :> 1)
/\ cellQueue = <<>>
/\ cellHolder = "none"
/\ manSeq = 1
/\ hitlAcked = {}
/\ removals = {}
/\ sc = [ A |->
      [ pendN |-> {},
        ackN |-> {},
        instSnap |-> (p1 :> 1),
        instSrc |-> "none",
        jSeq |-> 0,
        instBase |-> (p1 :> 1),
        judged |-> (p1 :> 0),
        baseline |-> (p1 :> 1),
        scanD |-> {},
        scanU |-> {},
        upGone |-> {},
        scanGen |-> (p1 :> 0),
        surfaced |-> {},
        parked |-> {},
        upDone |-> {},
        fq |-> {},
        carryDropped |-> {},
        carryPaths |-> {},
        citeDropped |-> {},
        fqRetired |-> (p1 :> 0),
        epoch |-> 0,
        st |-> "running",
        pc |-> "idle",
        consumed |-> {},
        declared |-> {},
        gcDone |-> {},
        gcTook |-> {},
        gcHeaded |-> {},
        gcSeen |-> (p1 :> 0),
        retire |-> (p1 :> 0),
        upVerified |-> FALSE,
        adopted |-> {},
        noInst |-> FALSE,
        local |-> (p1 :> 0),
        touched |-> {},
        prevScan |-> {},
        known |-> {1},
        expSeq |-> 1,
        installed |-> FALSE,
        scope |-> {p1},
        instSeq |-> 1,
        repairMoved |-> {},
        lastDirty |-> {},
        stageCarried |-> FALSE,
        citeDone |-> {},
        sentTok |-> 1,
        pendCov |-> (p1 :> 0),
        pendMint |-> 0,
        pendDirty |-> {},
        honored |-> FALSE,
        pendReRun |-> FALSE,
        owed |-> {},
        verifiedAt |-> 0,
        inboxSeen |-> {},
        inboxLoaded |-> FALSE ],
  B |->
      [ pendN |-> {},
        ackN |-> {},
        instSnap |-> (p1 :> 1),
        instSrc |-> "none",
        jSeq |-> 0,
        instBase |-> (p1 :> 1),
        judged |-> (p1 :> 0),
        baseline |-> (p1 :> 1),
        scanD |-> {},
        scanU |-> {},
        upGone |-> {},
        scanGen |-> (p1 :> 0),
        surfaced |-> {},
        parked |-> {},
        upDone |-> {},
        fq |-> {},
        carryDropped |-> {},
        carryPaths |-> {},
        citeDropped |-> {},
        fqRetired |-> (p1 :> 0),
        epoch |-> 0,
        st |-> "running",
        pc |-> "idle",
        consumed |-> {},
        declared |-> {},
        gcDone |-> {},
        gcTook |-> {},
        gcHeaded |-> {},
        gcSeen |-> (p1 :> 0),
        retire |-> (p1 :> 0),
        upVerified |-> FALSE,
        adopted |-> {},
        noInst |-> FALSE,
        local |-> (p1 :> 1),
        touched |-> {},
        prevScan |-> {},
        known |-> {1},
        expSeq |-> 1,
        installed |-> FALSE,
        scope |-> {p1},
        instSeq |-> 1,
        repairMoved |-> {},
        lastDirty |-> {},
        stageCarried |-> FALSE,
        citeDone |-> {},
        sentTok |-> 0,
        pendCov |-> (p1 :> 0),
        pendMint |-> 0,
        pendDirty |-> {},
        honored |-> FALSE,
        pendReRun |-> FALSE,
        owed |-> {},
        verifiedAt |-> 0,
        inboxSeen |-> {},
        inboxLoaded |-> FALSE ] ]
/\ objects = (p1 :> 1)
/\ versions = (p1 :> {1})
/\ cellReleased = FALSE

State 6: <Next line 4162, col 7 to line 4162, col 42 of module LeanSubtree>
/\ cellHandoff = "none"
/\ stageBase = [A |-> (p1 :> 0), B |-> (p1 :> 0)]
/\ manSrc = "none"
/\ inbox = {<<p1, 2>>}
/\ gh = [ removals |-> 0,
  tomb |-> (p1 :> 0),
  renamed |-> {},
  answered |-> {},
  amputated |-> FALSE,
  stragglerInstalls |-> 0,
  stragglerCas |-> 0,
  deposedPuts |-> 0,
  barriers |-> 0,
  done |-> 0,
  gc |-> 0,
  gcCited |-> 0,
  refusals |-> 0,
  cited |-> 0,
  takeovers |-> 0,
  crashes |-> 0,
  restarts |-> 0,
  adoptOwn |-> 0,
  stallUsed |-> FALSE,
  nextGen |-> 3,
  hitl |-> 1,
  syncs |-> 0,
  syncApplied |-> 0,
  syncConflicts |-> 0,
  syncDestroyed |-> FALSE,
  scopedDeferrals |-> 0,
  foreignLost |-> FALSE,
  deferredPaths |-> {},
  deferredLater |-> 0,
  staged |-> 0,
  cites |-> 0,
  reaped |-> 0,
  withheld |-> 0,
  forcedCites |-> 0,
  citeSpan |-> 0,
  carriedCite |-> FALSE,
  touches |-> 1,
  acks |-> 0,
  honors |-> 0,
  refusedAcks |-> 0,
  coalesced |-> 0,
  fastPaths |-> 0,
  ackAfterRestart |-> 0,
  fastHonor |-> FALSE,
  ackEarly |-> FALSE,
  ackIncoherent |-> FALSE,
  fencedOkAck |-> FALSE,
  srcMismatch |-> FALSE,
  partialAcks |-> 0,
  declaredDrops |-> 0,
  narrows |-> 0,
  narrowed |-> {},
  narrowRecited |-> {},
  removalsApplied |-> 0,
  removalsRefused |-> 0,
  renamesApplied |-> 0,
  renameRefused |-> {},
  citedPairs |-> {},
  claimed |-> {},
  interleaved |-> FALSE,
  handoffs |-> 0,
  deposals |-> 0,
  deadSkips |-> 0,
  enqueues |-> 0,
  abandoned |-> 0,
  adoptWithheld |-> 0,
  sameBytes |-> 0,
  uploadWithheld |-> 0,
  staleOverride |-> FALSE,
  hitlRetired |-> {},
  pullOnlys |-> 0,
  emptyInstalls |-> 0,
  tombRemoved |-> 0,
  tombSuperseded |-> 0,
  orphanTracks |-> 0,
  leaked |-> 0,
  staleAdopt |-> 0,
  retired |-> (p1 :> 0),
  orphanAt |-> (p1 :> 0),
  orphanOutlived |-> 0,
  leakApplied |-> 0,
  baseRestored |-> 0,
  carrierAck |-> FALSE,
  remJudged |-> (p1 :> 0),
  removalOverreach |-> FALSE,
  swept |-> 0,
  remOver |-> (p1 :> 0),
  uiBase |-> {<<p1, 2, 1>>},
  pendingKept |-> 0 ]
/\ cellEpoch = 0
/\ window = 0
/\ stage = [A |-> (p1 :> 0), B |-> (p1 :> 0)]
/\ conflicts = {}
/\ withheldDel = [A |-> {}, B |-> {}]
/\ manifest = (p1 :> 1)
/\ cellQueue = <<>>
/\ cellHolder = "none"
/\ manSeq = 1
/\ hitlAcked = {<<p1, 2>>}
/\ removals = {}
/\ sc = [ A |->
      [ pendN |-> {},
        ackN |-> {},
        instSnap |-> (p1 :> 1),
        instSrc |-> "none",
        jSeq |-> 0,
        instBase |-> (p1 :> 1),
        judged |-> (p1 :> 0),
        baseline |-> (p1 :> 1),
        scanD |-> {},
        scanU |-> {},
        upGone |-> {},
        scanGen |-> (p1 :> 0),
        surfaced |-> {},
        parked |-> {},
        upDone |-> {},
        fq |-> {},
        carryDropped |-> {},
        carryPaths |-> {},
        citeDropped |-> {},
        fqRetired |-> (p1 :> 0),
        epoch |-> 0,
        st |-> "running",
        pc |-> "idle",
        consumed |-> {},
        declared |-> {},
        gcDone |-> {},
        gcTook |-> {},
        gcHeaded |-> {},
        gcSeen |-> (p1 :> 0),
        retire |-> (p1 :> 0),
        upVerified |-> FALSE,
        adopted |-> {},
        noInst |-> FALSE,
        local |-> (p1 :> 0),
        touched |-> {},
        prevScan |-> {},
        known |-> {1},
        expSeq |-> 1,
        installed |-> FALSE,
        scope |-> {p1},
        instSeq |-> 1,
        repairMoved |-> {},
        lastDirty |-> {},
        stageCarried |-> FALSE,
        citeDone |-> {},
        sentTok |-> 1,
        pendCov |-> (p1 :> 0),
        pendMint |-> 0,
        pendDirty |-> {},
        honored |-> FALSE,
        pendReRun |-> FALSE,
        owed |-> {},
        verifiedAt |-> 0,
        inboxSeen |-> {},
        inboxLoaded |-> FALSE ],
  B |->
      [ pendN |-> {},
        ackN |-> {},
        instSnap |-> (p1 :> 1),
        instSrc |-> "none",
        jSeq |-> 0,
        instBase |-> (p1 :> 1),
        judged |-> (p1 :> 0),
        baseline |-> (p1 :> 1),
        scanD |-> {},
        scanU |-> {},
        upGone |-> {},
        scanGen |-> (p1 :> 0),
        surfaced |-> {},
        parked |-> {},
        upDone |-> {},
        fq |-> {},
        carryDropped |-> {},
        carryPaths |-> {},
        citeDropped |-> {},
        fqRetired |-> (p1 :> 0),
        epoch |-> 0,
        st |-> "running",
        pc |-> "idle",
        consumed |-> {},
        declared |-> {},
        gcDone |-> {},
        gcTook |-> {},
        gcHeaded |-> {},
        gcSeen |-> (p1 :> 0),
        retire |-> (p1 :> 0),
        upVerified |-> FALSE,
        adopted |-> {},
        noInst |-> FALSE,
        local |-> (p1 :> 1),
        touched |-> {},
        prevScan |-> {},
        known |-> {1},
        expSeq |-> 1,
        installed |-> FALSE,
        scope |-> {p1},
        instSeq |-> 1,
        repairMoved |-> {},
        lastDirty |-> {},
        stageCarried |-> FALSE,
        citeDone |-> {},
        sentTok |-> 0,
        pendCov |-> (p1 :> 0),
        pendMint |-> 0,
        pendDirty |-> {},
        honored |-> FALSE,
        pendReRun |-> FALSE,
        owed |-> {},
        verifiedAt |-> 0,
        inboxSeen |-> {},
        inboxLoaded |-> FALSE ] ]
/\ objects = (p1 :> 1)
/\ versions = (p1 :> {1, 2})
/\ cellReleased = FALSE

State 7: <Next line 4160, col 7 to line 4160, col 55 of module LeanSubtree>
/\ cellHandoff = "none"
/\ stageBase = [A |-> (p1 :> 0), B |-> (p1 :> 0)]
/\ manSrc = "none"
/\ inbox = {<<p1, 2>>}
/\ gh = [ removals |-> 0,
  tomb |-> (p1 :> 0),
  renamed |-> {},
  answered |-> {},
  amputated |-> FALSE,
  stragglerInstalls |-> 0,
  stragglerCas |-> 0,
  deposedPuts |-> 0,
  barriers |-> 0,
  done |-> 0,
  gc |-> 0,
  gcCited |-> 0,
  refusals |-> 0,
  cited |-> 0,
  takeovers |-> 0,
  crashes |-> 0,
  restarts |-> 0,
  adoptOwn |-> 0,
  stallUsed |-> FALSE,
  nextGen |-> 3,
  hitl |-> 1,
  syncs |-> 0,
  syncApplied |-> 0,
  syncConflicts |-> 0,
  syncDestroyed |-> FALSE,
  scopedDeferrals |-> 0,
  foreignLost |-> FALSE,
  deferredPaths |-> {},
  deferredLater |-> 0,
  staged |-> 0,
  cites |-> 0,
  reaped |-> 0,
  withheld |-> 0,
  forcedCites |-> 0,
  citeSpan |-> 0,
  carriedCite |-> FALSE,
  touches |-> 1,
  acks |-> 0,
  honors |-> 0,
  refusedAcks |-> 0,
  coalesced |-> 0,
  fastPaths |-> 0,
  ackAfterRestart |-> 0,
  fastHonor |-> FALSE,
  ackEarly |-> FALSE,
  ackIncoherent |-> FALSE,
  fencedOkAck |-> FALSE,
  srcMismatch |-> FALSE,
  partialAcks |-> 0,
  declaredDrops |-> 0,
  narrows |-> 0,
  narrowed |-> {},
  narrowRecited |-> {},
  removalsApplied |-> 0,
  removalsRefused |-> 0,
  renamesApplied |-> 0,
  renameRefused |-> {},
  citedPairs |-> {},
  claimed |-> {},
  interleaved |-> FALSE,
  handoffs |-> 0,
  deposals |-> 0,
  deadSkips |-> 0,
  enqueues |-> 0,
  abandoned |-> 0,
  adoptWithheld |-> 0,
  sameBytes |-> 0,
  uploadWithheld |-> 0,
  staleOverride |-> FALSE,
  hitlRetired |-> {},
  pullOnlys |-> 0,
  emptyInstalls |-> 0,
  tombRemoved |-> 0,
  tombSuperseded |-> 0,
  orphanTracks |-> 0,
  leaked |-> 0,
  staleAdopt |-> 0,
  retired |-> (p1 :> 0),
  orphanAt |-> (p1 :> 0),
  orphanOutlived |-> 0,
  leakApplied |-> 0,
  baseRestored |-> 0,
  carrierAck |-> FALSE,
  remJudged |-> (p1 :> 0),
  removalOverreach |-> FALSE,
  swept |-> 0,
  remOver |-> (p1 :> 0),
  uiBase |-> {<<p1, 2, 1>>},
  pendingKept |-> 0 ]
/\ cellEpoch = 0
/\ window = 0
/\ stage = [A |-> (p1 :> 0), B |-> (p1 :> 0)]
/\ conflicts = {}
/\ withheldDel = [A |-> {}, B |-> {}]
/\ manifest = (p1 :> 1)
/\ cellQueue = <<>>
/\ cellHolder = "none"
/\ manSeq = 1
/\ hitlAcked = {<<p1, 2>>}
/\ removals = {}
/\ sc = [ A |->
      [ pendN |-> {},
        ackN |-> {},
        instSnap |-> (p1 :> 1),
        instSrc |-> "none",
        jSeq |-> 0,
        instBase |-> (p1 :> 1),
        judged |-> (p1 :> 0),
        baseline |-> (p1 :> 1),
        scanD |-> {},
        scanU |-> {},
        upGone |-> {},
        scanGen |-> (p1 :> 0),
        surfaced |-> {},
        parked |-> {},
        upDone |-> {},
        fq |-> {},
        carryDropped |-> {},
        carryPaths |-> {},
        citeDropped |-> {},
        fqRetired |-> (p1 :> 0),
        epoch |-> 0,
        st |-> "running",
        pc |-> "idle",
        consumed |-> {},
        declared |-> {},
        gcDone |-> {},
        gcTook |-> {},
        gcHeaded |-> {},
        gcSeen |-> (p1 :> 0),
        retire |-> (p1 :> 0),
        upVerified |-> FALSE,
        adopted |-> {},
        noInst |-> FALSE,
        local |-> (p1 :> 0),
        touched |-> {},
        prevScan |-> {},
        known |-> {1},
        expSeq |-> 1,
        installed |-> FALSE,
        scope |-> {p1},
        instSeq |-> 1,
        repairMoved |-> {},
        lastDirty |-> {},
        stageCarried |-> FALSE,
        citeDone |-> {},
        sentTok |-> 1,
        pendCov |-> (p1 :> 0),
        pendMint |-> 0,
        pendDirty |-> {},
        honored |-> FALSE,
        pendReRun |-> FALSE,
        owed |-> {},
        verifiedAt |-> 0,
        inboxSeen |-> {},
        inboxLoaded |-> FALSE ],
  B |->
      [ pendN |-> {},
        ackN |-> {},
        instSnap |-> (p1 :> 1),
        instSrc |-> "none",
        jSeq |-> 0,
        instBase |-> (p1 :> 1),
        judged |-> (p1 :> 0),
        baseline |-> (p1 :> 2),
        scanD |-> {},
        scanU |-> {},
        upGone |-> {},
        scanGen |-> (p1 :> 0),
        surfaced |-> {},
        parked |-> {},
        upDone |-> {},
        fq |-> {},
        carryDropped |-> {},
        carryPaths |-> {},
        citeDropped |-> {},
        fqRetired |-> (p1 :> 0),
        epoch |-> 0,
        st |-> "running",
        pc |-> "consumed",
        consumed |-> {<<p1, 2>>},
        declared |-> {},
        gcDone |-> {},
        gcTook |-> {},
        gcHeaded |-> {},
        gcSeen |-> (p1 :> 0),
        retire |-> (p1 :> 0),
        upVerified |-> FALSE,
        adopted |-> {},
        noInst |-> FALSE,
        local |-> (p1 :> 2),
        touched |-> {},
        prevScan |-> {},
        known |-> {1, 2},
        expSeq |-> 1,
        installed |-> FALSE,
        scope |-> {p1},
        instSeq |-> 1,
        repairMoved |-> {},
        lastDirty |-> {},
        stageCarried |-> FALSE,
        citeDone |-> {},
        sentTok |-> 0,
        pendCov |-> (p1 :> 0),
        pendMint |-> 0,
        pendDirty |-> {},
        honored |-> FALSE,
        pendReRun |-> FALSE,
        owed |-> {},
        verifiedAt |-> 0,
        inboxSeen |-> {},
        inboxLoaded |-> FALSE ] ]
/\ objects = (p1 :> 1)
/\ versions = (p1 :> {1, 2})
/\ cellReleased = FALSE

State 8: <Next line 4160, col 7 to line 4160, col 55 of module LeanSubtree>
/\ cellHandoff = "none"
/\ stageBase = [A |-> (p1 :> 0), B |-> (p1 :> 0)]
/\ manSrc = "none"
/\ inbox = {<<p1, 2>>}
/\ gh = [ removals |-> 0,
  tomb |-> (p1 :> 0),
  renamed |-> {},
  answered |-> {},
  amputated |-> FALSE,
  stragglerInstalls |-> 0,
  stragglerCas |-> 0,
  deposedPuts |-> 0,
  barriers |-> 1,
  done |-> 0,
  gc |-> 0,
  gcCited |-> 0,
  refusals |-> 0,
  cited |-> 0,
  takeovers |-> 0,
  crashes |-> 0,
  restarts |-> 0,
  adoptOwn |-> 0,
  stallUsed |-> FALSE,
  nextGen |-> 3,
  hitl |-> 1,
  syncs |-> 0,
  syncApplied |-> 0,
  syncConflicts |-> 0,
  syncDestroyed |-> FALSE,
  scopedDeferrals |-> 0,
  foreignLost |-> FALSE,
  deferredPaths |-> {},
  deferredLater |-> 0,
  staged |-> 0,
  cites |-> 0,
  reaped |-> 0,
  withheld |-> 0,
  forcedCites |-> 0,
  citeSpan |-> 0,
  carriedCite |-> FALSE,
  touches |-> 1,
  acks |-> 0,
  honors |-> 0,
  refusedAcks |-> 0,
  coalesced |-> 0,
  fastPaths |-> 0,
  ackAfterRestart |-> 0,
  fastHonor |-> FALSE,
  ackEarly |-> FALSE,
  ackIncoherent |-> FALSE,
  fencedOkAck |-> FALSE,
  srcMismatch |-> FALSE,
  partialAcks |-> 0,
  declaredDrops |-> 0,
  narrows |-> 0,
  narrowed |-> {},
  narrowRecited |-> {},
  removalsApplied |-> 0,
  removalsRefused |-> 0,
  renamesApplied |-> 0,
  renameRefused |-> {},
  citedPairs |-> {},
  claimed |-> {},
  interleaved |-> FALSE,
  handoffs |-> 0,
  deposals |-> 0,
  deadSkips |-> 0,
  enqueues |-> 0,
  abandoned |-> 0,
  adoptWithheld |-> 0,
  sameBytes |-> 0,
  uploadWithheld |-> 0,
  staleOverride |-> FALSE,
  hitlRetired |-> {},
  pullOnlys |-> 0,
  emptyInstalls |-> 0,
  tombRemoved |-> 0,
  tombSuperseded |-> 0,
  orphanTracks |-> 0,
  leaked |-> 0,
  staleAdopt |-> 0,
  retired |-> (p1 :> 0),
  orphanAt |-> (p1 :> 0),
  orphanOutlived |-> 0,
  leakApplied |-> 0,
  baseRestored |-> 0,
  carrierAck |-> FALSE,
  remJudged |-> (p1 :> 0),
  removalOverreach |-> FALSE,
  swept |-> 0,
  remOver |-> (p1 :> 0),
  uiBase |-> {<<p1, 2, 1>>},
  pendingKept |-> 0 ]
/\ cellEpoch = 0
/\ window = 0
/\ stage = [A |-> (p1 :> 0), B |-> (p1 :> 0)]
/\ conflicts = {}
/\ withheldDel = [A |-> {}, B |-> {}]
/\ manifest = (p1 :> 1)
/\ cellQueue = <<>>
/\ cellHolder = "none"
/\ manSeq = 1
/\ hitlAcked = {<<p1, 2>>}
/\ removals = {}
/\ sc = [ A |->
      [ pendN |-> {},
        ackN |-> {},
        instSnap |-> (p1 :> 1),
        instSrc |-> "none",
        jSeq |-> 0,
        instBase |-> (p1 :> 1),
        judged |-> (p1 :> 0),
        baseline |-> (p1 :> 1),
        scanD |-> {},
        scanU |-> {},
        upGone |-> {},
        scanGen |-> (p1 :> 0),
        surfaced |-> {},
        parked |-> {},
        upDone |-> {},
        fq |-> {},
        carryDropped |-> {},
        carryPaths |-> {},
        citeDropped |-> {},
        fqRetired |-> (p1 :> 0),
        epoch |-> 0,
        st |-> "running",
        pc |-> "idle",
        consumed |-> {},
        declared |-> {},
        gcDone |-> {},
        gcTook |-> {},
        gcHeaded |-> {},
        gcSeen |-> (p1 :> 0),
        retire |-> (p1 :> 0),
        upVerified |-> FALSE,
        adopted |-> {},
        noInst |-> FALSE,
        local |-> (p1 :> 0),
        touched |-> {},
        prevScan |-> {},
        known |-> {1},
        expSeq |-> 1,
        installed |-> FALSE,
        scope |-> {p1},
        instSeq |-> 1,
        repairMoved |-> {},
        lastDirty |-> {},
        stageCarried |-> FALSE,
        citeDone |-> {},
        sentTok |-> 1,
        pendCov |-> (p1 :> 0),
        pendMint |-> 0,
        pendDirty |-> {},
        honored |-> FALSE,
        pendReRun |-> FALSE,
        owed |-> {},
        verifiedAt |-> 0,
        inboxSeen |-> {},
        inboxLoaded |-> FALSE ],
  B |->
      [ pendN |-> {},
        ackN |-> {},
        instSnap |-> (p1 :> 1),
        instSrc |-> "none",
        jSeq |-> 0,
        instBase |-> (p1 :> 1),
        judged |-> (p1 :> 0),
        baseline |-> (p1 :> 2),
        scanD |-> {},
        scanU |-> {},
        upGone |-> {},
        scanGen |-> (p1 :> 2),
        surfaced |-> {},
        parked |-> {},
        upDone |-> {},
        fq |-> {},
        carryDropped |-> {},
        carryPaths |-> {},
        citeDropped |-> {},
        fqRetired |-> (p1 :> 0),
        epoch |-> 0,
        st |-> "running",
        pc |-> "scanned",
        consumed |-> {<<p1, 2>>},
        declared |-> {},
        gcDone |-> {},
        gcTook |-> {},
        gcHeaded |-> {},
        gcSeen |-> (p1 :> 0),
        retire |-> (p1 :> 0),
        upVerified |-> FALSE,
        adopted |-> {},
        noInst |-> FALSE,
        local |-> (p1 :> 2),
        touched |-> {},
        prevScan |-> {},
        known |-> {1, 2},
        expSeq |-> 1,
        installed |-> FALSE,
        scope |-> {p1},
        instSeq |-> 1,
        repairMoved |-> {},
        lastDirty |-> {},
        stageCarried |-> FALSE,
        citeDone |-> {},
        sentTok |-> 0,
        pendCov |-> (p1 :> 0),
        pendMint |-> 0,
        pendDirty |-> {},
        honored |-> FALSE,
        pendReRun |-> FALSE,
        owed |-> {},
        verifiedAt |-> 0,
        inboxSeen |-> {},
        inboxLoaded |-> FALSE ] ]
/\ objects = (p1 :> 1)
/\ versions = (p1 :> {1, 2})
/\ cellReleased = FALSE

State 9: <Next line 4160, col 7 to line 4160, col 55 of module LeanSubtree>
/\ cellHandoff = "none"
/\ stageBase = [A |-> (p1 :> 0), B |-> (p1 :> 0)]
/\ manSrc = "none"
/\ inbox = {<<p1, 2>>}
/\ gh = [ removals |-> 0,
  tomb |-> (p1 :> 0),
  renamed |-> {},
  answered |-> {},
  amputated |-> FALSE,
  stragglerInstalls |-> 0,
  stragglerCas |-> 0,
  deposedPuts |-> 0,
  barriers |-> 1,
  done |-> 0,
  gc |-> 0,
  gcCited |-> 0,
  refusals |-> 0,
  cited |-> 0,
  takeovers |-> 0,
  crashes |-> 0,
  restarts |-> 0,
  adoptOwn |-> 0,
  stallUsed |-> FALSE,
  nextGen |-> 3,
  hitl |-> 1,
  syncs |-> 0,
  syncApplied |-> 0,
  syncConflicts |-> 0,
  syncDestroyed |-> FALSE,
  scopedDeferrals |-> 0,
  foreignLost |-> FALSE,
  deferredPaths |-> {},
  deferredLater |-> 0,
  staged |-> 0,
  cites |-> 0,
  reaped |-> 0,
  withheld |-> 0,
  forcedCites |-> 0,
  citeSpan |-> 0,
  carriedCite |-> FALSE,
  touches |-> 1,
  acks |-> 0,
  honors |-> 0,
  refusedAcks |-> 0,
  coalesced |-> 0,
  fastPaths |-> 0,
  ackAfterRestart |-> 0,
  fastHonor |-> FALSE,
  ackEarly |-> FALSE,
  ackIncoherent |-> FALSE,
  fencedOkAck |-> FALSE,
  srcMismatch |-> FALSE,
  partialAcks |-> 0,
  declaredDrops |-> 0,
  narrows |-> 0,
  narrowed |-> {},
  narrowRecited |-> {},
  removalsApplied |-> 0,
  removalsRefused |-> 0,
  renamesApplied |-> 0,
  renameRefused |-> {},
  citedPairs |-> {},
  claimed |-> {"B"},
  interleaved |-> FALSE,
  handoffs |-> 0,
  deposals |-> 0,
  deadSkips |-> 0,
  enqueues |-> 0,
  abandoned |-> 0,
  adoptWithheld |-> 0,
  sameBytes |-> 0,
  uploadWithheld |-> 0,
  staleOverride |-> FALSE,
  hitlRetired |-> {},
  pullOnlys |-> 0,
  emptyInstalls |-> 0,
  tombRemoved |-> 0,
  tombSuperseded |-> 0,
  orphanTracks |-> 0,
  leaked |-> 0,
  staleAdopt |-> 0,
  retired |-> (p1 :> 0),
  orphanAt |-> (p1 :> 0),
  orphanOutlived |-> 0,
  leakApplied |-> 0,
  baseRestored |-> 0,
  carrierAck |-> FALSE,
  remJudged |-> (p1 :> 0),
  removalOverreach |-> FALSE,
  swept |-> 0,
  remOver |-> (p1 :> 0),
  uiBase |-> {<<p1, 2, 1>>},
  pendingKept |-> 0 ]
/\ cellEpoch = 1
/\ window = 1
/\ stage = [A |-> (p1 :> 0), B |-> (p1 :> 0)]
/\ conflicts = {}
/\ withheldDel = [A |-> {}, B |-> {}]
/\ manifest = (p1 :> 1)
/\ cellQueue = <<>>
/\ cellHolder = "B"
/\ manSeq = 1
/\ hitlAcked = {<<p1, 2>>}
/\ removals = {}
/\ sc = [ A |->
      [ pendN |-> {},
        ackN |-> {},
        instSnap |-> (p1 :> 1),
        instSrc |-> "none",
        jSeq |-> 0,
        instBase |-> (p1 :> 1),
        judged |-> (p1 :> 0),
        baseline |-> (p1 :> 1),
        scanD |-> {},
        scanU |-> {},
        upGone |-> {},
        scanGen |-> (p1 :> 0),
        surfaced |-> {},
        parked |-> {},
        upDone |-> {},
        fq |-> {},
        carryDropped |-> {},
        carryPaths |-> {},
        citeDropped |-> {},
        fqRetired |-> (p1 :> 0),
        epoch |-> 0,
        st |-> "running",
        pc |-> "idle",
        consumed |-> {},
        declared |-> {},
        gcDone |-> {},
        gcTook |-> {},
        gcHeaded |-> {},
        gcSeen |-> (p1 :> 0),
        retire |-> (p1 :> 0),
        upVerified |-> FALSE,
        adopted |-> {},
        noInst |-> FALSE,
        local |-> (p1 :> 0),
        touched |-> {},
        prevScan |-> {},
        known |-> {1},
        expSeq |-> 1,
        installed |-> FALSE,
        scope |-> {p1},
        instSeq |-> 1,
        repairMoved |-> {},
        lastDirty |-> {},
        stageCarried |-> FALSE,
        citeDone |-> {},
        sentTok |-> 1,
        pendCov |-> (p1 :> 0),
        pendMint |-> 0,
        pendDirty |-> {},
        honored |-> FALSE,
        pendReRun |-> FALSE,
        owed |-> {},
        verifiedAt |-> 0,
        inboxSeen |-> {},
        inboxLoaded |-> FALSE ],
  B |->
      [ pendN |-> {},
        ackN |-> {},
        instSnap |-> (p1 :> 1),
        instSrc |-> "none",
        jSeq |-> 0,
        instBase |-> (p1 :> 1),
        judged |-> (p1 :> 0),
        baseline |-> (p1 :> 2),
        scanD |-> {},
        scanU |-> {},
        upGone |-> {},
        scanGen |-> (p1 :> 2),
        surfaced |-> {},
        parked |-> {},
        upDone |-> {},
        fq |-> {},
        carryDropped |-> {},
        carryPaths |-> {},
        citeDropped |-> {},
        fqRetired |-> (p1 :> 0),
        epoch |-> 1,
        st |-> "running",
        pc |-> "claimed",
        consumed |-> {<<p1, 2>>},
        declared |-> {},
        gcDone |-> {},
        gcTook |-> {},
        gcHeaded |-> {},
        gcSeen |-> (p1 :> 0),
        retire |-> (p1 :> 0),
        upVerified |-> FALSE,
        adopted |-> {},
        noInst |-> FALSE,
        local |-> (p1 :> 2),
        touched |-> {},
        prevScan |-> {},
        known |-> {1, 2},
        expSeq |-> 1,
        installed |-> FALSE,
        scope |-> {p1},
        instSeq |-> 1,
        repairMoved |-> {},
        lastDirty |-> {},
        stageCarried |-> FALSE,
        citeDone |-> {},
        sentTok |-> 0,
        pendCov |-> (p1 :> 0),
        pendMint |-> 0,
        pendDirty |-> {},
        honored |-> FALSE,
        pendReRun |-> FALSE,
        owed |-> {},
        verifiedAt |-> 0,
        inboxSeen |-> {},
        inboxLoaded |-> FALSE ] ]
/\ objects = (p1 :> 1)
/\ versions = (p1 :> {1, 2})
/\ cellReleased = FALSE

State 10: <Next line 4160, col 7 to line 4160, col 55 of module LeanSubtree>
/\ cellHandoff = "none"
/\ stageBase = [A |-> (p1 :> 0), B |-> (p1 :> 0)]
/\ manSrc = "none"
/\ inbox = {<<p1, 2>>}
/\ gh = [ removals |-> 0,
  tomb |-> (p1 :> 0),
  renamed |-> {},
  answered |-> {},
  amputated |-> FALSE,
  stragglerInstalls |-> 0,
  stragglerCas |-> 0,
  deposedPuts |-> 0,
  barriers |-> 1,
  done |-> 0,
  gc |-> 0,
  gcCited |-> 0,
  refusals |-> 0,
  cited |-> 0,
  takeovers |-> 0,
  crashes |-> 0,
  restarts |-> 0,
  adoptOwn |-> 0,
  stallUsed |-> FALSE,
  nextGen |-> 3,
  hitl |-> 1,
  syncs |-> 0,
  syncApplied |-> 0,
  syncConflicts |-> 0,
  syncDestroyed |-> FALSE,
  scopedDeferrals |-> 0,
  foreignLost |-> FALSE,
  deferredPaths |-> {},
  deferredLater |-> 0,
  staged |-> 0,
  cites |-> 0,
  reaped |-> 0,
  withheld |-> 0,
  forcedCites |-> 0,
  citeSpan |-> 0,
  carriedCite |-> FALSE,
  touches |-> 1,
  acks |-> 0,
  honors |-> 0,
  refusedAcks |-> 0,
  coalesced |-> 0,
  fastPaths |-> 0,
  ackAfterRestart |-> 0,
  fastHonor |-> FALSE,
  ackEarly |-> FALSE,
  ackIncoherent |-> FALSE,
  fencedOkAck |-> FALSE,
  srcMismatch |-> FALSE,
  partialAcks |-> 0,
  declaredDrops |-> 0,
  narrows |-> 0,
  narrowed |-> {},
  narrowRecited |-> {},
  removalsApplied |-> 0,
  removalsRefused |-> 0,
  renamesApplied |-> 0,
  renameRefused |-> {},
  citedPairs |-> {},
  claimed |-> {"B"},
  interleaved |-> FALSE,
  handoffs |-> 0,
  deposals |-> 0,
  deadSkips |-> 0,
  enqueues |-> 0,
  abandoned |-> 0,
  adoptWithheld |-> 0,
  sameBytes |-> 0,
  uploadWithheld |-> 0,
  staleOverride |-> FALSE,
  hitlRetired |-> {},
  pullOnlys |-> 0,
  emptyInstalls |-> 0,
  tombRemoved |-> 0,
  tombSuperseded |-> 0,
  orphanTracks |-> 0,
  leaked |-> 0,
  staleAdopt |-> 0,
  retired |-> (p1 :> 0),
  orphanAt |-> (p1 :> 0),
  orphanOutlived |-> 0,
  leakApplied |-> 0,
  baseRestored |-> 0,
  carrierAck |-> FALSE,
  remJudged |-> (p1 :> 0),
  removalOverreach |-> FALSE,
  swept |-> 0,
  remOver |-> (p1 :> 0),
  uiBase |-> {<<p1, 2, 1>>},
  pendingKept |-> 0 ]
/\ cellEpoch = 1
/\ window = 1
/\ stage = [A |-> (p1 :> 0), B |-> (p1 :> 0)]
/\ conflicts = {}
/\ withheldDel = [A |-> {}, B |-> {}]
/\ manifest = (p1 :> 1)
/\ cellQueue = <<>>
/\ cellHolder = "B"
/\ manSeq = 1
/\ hitlAcked = {<<p1, 2>>}
/\ removals = {}
/\ sc = [ A |->
      [ pendN |-> {1},
        ackN |-> {},
        instSnap |-> (p1 :> 1),
        instSrc |-> "none",
        jSeq |-> 0,
        instBase |-> (p1 :> 1),
        judged |-> (p1 :> 0),
        baseline |-> (p1 :> 1),
        scanD |-> {},
        scanU |-> {},
        upGone |-> {},
        scanGen |-> (p1 :> 0),
        surfaced |-> {},
        parked |-> {},
        upDone |-> {},
        fq |-> {},
        carryDropped |-> {},
        carryPaths |-> {},
        citeDropped |-> {},
        fqRetired |-> (p1 :> 0),
        epoch |-> 0,
        st |-> "running",
        pc |-> "idle",
        consumed |-> {},
        declared |-> {},
        gcDone |-> {},
        gcTook |-> {},
        gcHeaded |-> {},
        gcSeen |-> (p1 :> 0),
        retire |-> (p1 :> 0),
        upVerified |-> FALSE,
        adopted |-> {},
        noInst |-> FALSE,
        local |-> (p1 :> 0),
        touched |-> {},
        prevScan |-> {},
        known |-> {1},
        expSeq |-> 1,
        installed |-> FALSE,
        scope |-> {p1},
        instSeq |-> 1,
        repairMoved |-> {},
        lastDirty |-> {},
        stageCarried |-> FALSE,
        citeDone |-> {},
        sentTok |-> 0,
        pendCov |-> (p1 :> 0),
        pendMint |-> 3,
        pendDirty |-> {p1},
        honored |-> FALSE,
        pendReRun |-> FALSE,
        owed |-> {1},
        verifiedAt |-> 0,
        inboxSeen |-> {},
        inboxLoaded |-> FALSE ],
  B |->
      [ pendN |-> {},
        ackN |-> {},
        instSnap |-> (p1 :> 1),
        instSrc |-> "none",
        jSeq |-> 0,
        instBase |-> (p1 :> 1),
        judged |-> (p1 :> 0),
        baseline |-> (p1 :> 2),
        scanD |-> {},
        scanU |-> {},
        upGone |-> {},
        scanGen |-> (p1 :> 2),
        surfaced |-> {},
        parked |-> {},
        upDone |-> {},
        fq |-> {},
        carryDropped |-> {},
        carryPaths |-> {},
        citeDropped |-> {},
        fqRetired |-> (p1 :> 0),
        epoch |-> 1,
        st |-> "running",
        pc |-> "claimed",
        consumed |-> {<<p1, 2>>},
        declared |-> {},
        gcDone |-> {},
        gcTook |-> {},
        gcHeaded |-> {},
        gcSeen |-> (p1 :> 0),
        retire |-> (p1 :> 0),
        upVerified |-> FALSE,
        adopted |-> {},
        noInst |-> FALSE,
        local |-> (p1 :> 2),
        touched |-> {},
        prevScan |-> {},
        known |-> {1, 2},
        expSeq |-> 1,
        installed |-> FALSE,
        scope |-> {p1},
        instSeq |-> 1,
        repairMoved |-> {},
        lastDirty |-> {},
        stageCarried |-> FALSE,
        citeDone |-> {},
        sentTok |-> 0,
        pendCov |-> (p1 :> 0),
        pendMint |-> 0,
        pendDirty |-> {},
        honored |-> FALSE,
        pendReRun |-> FALSE,
        owed |-> {},
        verifiedAt |-> 0,
        inboxSeen |-> {},
        inboxLoaded |-> FALSE ] ]
/\ objects = (p1 :> 1)
/\ versions = (p1 :> {1, 2})
/\ cellReleased = FALSE

State 11: <Next line 4162, col 7 to line 4162, col 42 of module LeanSubtree>
/\ cellHandoff = "none"
/\ stageBase = [A |-> (p1 :> 0), B |-> (p1 :> 0)]
/\ manSrc = "none"
/\ inbox = {<<p1, 2>>}
/\ gh = [ removals |-> 0,
  tomb |-> (p1 :> 0),
  renamed |-> {},
  answered |-> {},
  amputated |-> FALSE,
  stragglerInstalls |-> 0,
  stragglerCas |-> 0,
  deposedPuts |-> 0,
  barriers |-> 1,
  done |-> 0,
  gc |-> 0,
  gcCited |-> 0,
  refusals |-> 0,
  cited |-> 0,
  takeovers |-> 0,
  crashes |-> 0,
  restarts |-> 0,
  adoptOwn |-> 0,
  stallUsed |-> FALSE,
  nextGen |-> 3,
  hitl |-> 1,
  syncs |-> 0,
  syncApplied |-> 0,
  syncConflicts |-> 0,
  syncDestroyed |-> FALSE,
  scopedDeferrals |-> 0,
  foreignLost |-> FALSE,
  deferredPaths |-> {},
  deferredLater |-> 0,
  staged |-> 0,
  cites |-> 0,
  reaped |-> 0,
  withheld |-> 0,
  forcedCites |-> 0,
  citeSpan |-> 0,
  carriedCite |-> FALSE,
  touches |-> 1,
  acks |-> 0,
  honors |-> 0,
  refusedAcks |-> 0,
  coalesced |-> 0,
  fastPaths |-> 0,
  ackAfterRestart |-> 0,
  fastHonor |-> FALSE,
  ackEarly |-> FALSE,
  ackIncoherent |-> FALSE,
  fencedOkAck |-> FALSE,
  srcMismatch |-> FALSE,
  partialAcks |-> 0,
  declaredDrops |-> 0,
  narrows |-> 0,
  narrowed |-> {},
  narrowRecited |-> {},
  removalsApplied |-> 0,
  removalsRefused |-> 0,
  renamesApplied |-> 0,
  renameRefused |-> {},
  citedPairs |-> {},
  claimed |-> {"B"},
  interleaved |-> FALSE,
  handoffs |-> 0,
  deposals |-> 0,
  deadSkips |-> 0,
  enqueues |-> 0,
  abandoned |-> 0,
  adoptWithheld |-> 0,
  sameBytes |-> 0,
  uploadWithheld |-> 0,
  staleOverride |-> FALSE,
  hitlRetired |-> {},
  pullOnlys |-> 0,
  emptyInstalls |-> 0,
  tombRemoved |-> 0,
  tombSuperseded |-> 0,
  orphanTracks |-> 0,
  leaked |-> 0,
  staleAdopt |-> 0,
  retired |-> (p1 :> 0),
  orphanAt |-> (p1 :> 0),
  orphanOutlived |-> 0,
  leakApplied |-> 0,
  baseRestored |-> 0,
  carrierAck |-> FALSE,
  remJudged |-> (p1 :> 0),
  removalOverreach |-> FALSE,
  swept |-> 0,
  remOver |-> (p1 :> 0),
  uiBase |-> {<<p1, 2, 1>>},
  pendingKept |-> 0 ]
/\ cellEpoch = 1
/\ window = 1
/\ stage = [A |-> (p1 :> 0), B |-> (p1 :> 0)]
/\ conflicts = {}
/\ withheldDel = [A |-> {}, B |-> {}]
/\ manifest = (p1 :> 1)
/\ cellQueue = <<>>
/\ cellHolder = "B"
/\ manSeq = 1
/\ hitlAcked = {<<p1, 2>>}
/\ removals = {}
/\ sc = [ A |->
      [ pendN |-> {1},
        ackN |-> {},
        instSnap |-> (p1 :> 1),
        instSrc |-> "none",
        jSeq |-> 0,
        instBase |-> (p1 :> 1),
        judged |-> (p1 :> 0),
        baseline |-> (p1 :> 1),
        scanD |-> {},
        scanU |-> {},
        upGone |-> {},
        scanGen |-> (p1 :> 0),
        surfaced |-> {},
        parked |-> {},
        upDone |-> {},
        fq |-> {},
        carryDropped |-> {},
        carryPaths |-> {},
        citeDropped |-> {},
        fqRetired |-> (p1 :> 0),
        epoch |-> 0,
        st |-> "running",
        pc |-> "idle",
        consumed |-> {},
        declared |-> {},
        gcDone |-> {},
        gcTook |-> {},
        gcHeaded |-> {},
        gcSeen |-> (p1 :> 0),
        retire |-> (p1 :> 0),
        upVerified |-> FALSE,
        adopted |-> {},
        noInst |-> FALSE,
        local |-> (p1 :> 0),
        touched |-> {},
        prevScan |-> {},
        known |-> {1},
        expSeq |-> 1,
        installed |-> FALSE,
        scope |-> {p1},
        instSeq |-> 1,
        repairMoved |-> {},
        lastDirty |-> {},
        stageCarried |-> FALSE,
        citeDone |-> {},
        sentTok |-> 0,
        pendCov |-> (p1 :> 0),
        pendMint |-> 3,
        pendDirty |-> {p1},
        honored |-> FALSE,
        pendReRun |-> FALSE,
        owed |-> {1},
        verifiedAt |-> 0,
        inboxSeen |-> {},
        inboxLoaded |-> FALSE ],
  B |->
      [ pendN |-> {},
        ackN |-> {},
        instSnap |-> (p1 :> 1),
        instSrc |-> "none",
        jSeq |-> 0,
        instBase |-> (p1 :> 1),
        judged |-> (p1 :> 0),
        baseline |-> (p1 :> 2),
        scanD |-> {},
        scanU |-> {},
        upGone |-> {},
        scanGen |-> (p1 :> 2),
        surfaced |-> {},
        parked |-> {},
        upDone |-> {},
        fq |-> {},
        carryDropped |-> {},
        carryPaths |-> {},
        citeDropped |-> {},
        fqRetired |-> (p1 :> 0),
        epoch |-> 1,
        st |-> "running",
        pc |-> "claimed",
        consumed |-> {<<p1, 2>>},
        declared |-> {},
        gcDone |-> {},
        gcTook |-> {},
        gcHeaded |-> {},
        gcSeen |-> (p1 :> 0),
        retire |-> (p1 :> 0),
        upVerified |-> TRUE,
        adopted |-> {},
        noInst |-> FALSE,
        local |-> (p1 :> 2),
        touched |-> {},
        prevScan |-> {},
        known |-> {1, 2},
        expSeq |-> 1,
        installed |-> FALSE,
        scope |-> {p1},
        instSeq |-> 1,
        repairMoved |-> {},
        lastDirty |-> {},
        stageCarried |-> FALSE,
        citeDone |-> {},
        sentTok |-> 0,
        pendCov |-> (p1 :> 0),
        pendMint |-> 0,
        pendDirty |-> {},
        honored |-> FALSE,
        pendReRun |-> FALSE,
        owed |-> {},
        verifiedAt |-> 0,
        inboxSeen |-> {},
        inboxLoaded |-> FALSE ] ]
/\ objects = (p1 :> 1)
/\ versions = (p1 :> {1, 2})
/\ cellReleased = FALSE

State 12: <Next line 4160, col 7 to line 4160, col 55 of module LeanSubtree>
/\ cellHandoff = "none"
/\ stageBase = [A |-> (p1 :> 0), B |-> (p1 :> 0)]
/\ manSrc = "cadence"
/\ inbox = {<<p1, 2>>}
/\ gh = [ removals |-> 0,
  tomb |-> (p1 :> 0),
  renamed |-> {},
  answered |-> {},
  amputated |-> FALSE,
  stragglerInstalls |-> 0,
  stragglerCas |-> 0,
  deposedPuts |-> 0,
  barriers |-> 1,
  done |-> 0,
  gc |-> 0,
  gcCited |-> 0,
  refusals |-> 0,
  cited |-> 1,
  takeovers |-> 0,
  crashes |-> 0,
  restarts |-> 0,
  adoptOwn |-> 0,
  stallUsed |-> FALSE,
  nextGen |-> 3,
  hitl |-> 1,
  syncs |-> 0,
  syncApplied |-> 0,
  syncConflicts |-> 0,
  syncDestroyed |-> FALSE,
  scopedDeferrals |-> 0,
  foreignLost |-> FALSE,
  deferredPaths |-> {},
  deferredLater |-> 0,
  staged |-> 0,
  cites |-> 0,
  reaped |-> 0,
  withheld |-> 0,
  forcedCites |-> 0,
  citeSpan |-> 0,
  carriedCite |-> FALSE,
  touches |-> 1,
  acks |-> 0,
  honors |-> 0,
  refusedAcks |-> 0,
  coalesced |-> 0,
  fastPaths |-> 0,
  ackAfterRestart |-> 0,
  fastHonor |-> FALSE,
  ackEarly |-> FALSE,
  ackIncoherent |-> FALSE,
  fencedOkAck |-> FALSE,
  srcMismatch |-> FALSE,
  partialAcks |-> 0,
  declaredDrops |-> 0,
  narrows |-> 0,
  narrowed |-> {},
  narrowRecited |-> {},
  removalsApplied |-> 0,
  removalsRefused |-> 0,
  renamesApplied |-> 0,
  renameRefused |-> {},
  citedPairs |-> {<<p1, 2>>},
  claimed |-> {"B"},
  interleaved |-> FALSE,
  handoffs |-> 0,
  deposals |-> 0,
  deadSkips |-> 0,
  enqueues |-> 0,
  abandoned |-> 0,
  adoptWithheld |-> 0,
  sameBytes |-> 0,
  uploadWithheld |-> 0,
  staleOverride |-> FALSE,
  hitlRetired |-> {},
  pullOnlys |-> 0,
  emptyInstalls |-> 0,
  tombRemoved |-> 0,
  tombSuperseded |-> 0,
  orphanTracks |-> 0,
  leaked |-> 0,
  staleAdopt |-> 0,
  retired |-> (p1 :> 0),
  orphanAt |-> (p1 :> 0),
  orphanOutlived |-> 0,
  leakApplied |-> 0,
  baseRestored |-> 0,
  carrierAck |-> FALSE,
  remJudged |-> (p1 :> 0),
  removalOverreach |-> FALSE,
  swept |-> 0,
  remOver |-> (p1 :> 0),
  uiBase |-> {<<p1, 2, 1>>},
  pendingKept |-> 0 ]
/\ cellEpoch = 1
/\ window = 0
/\ stage = [A |-> (p1 :> 0), B |-> (p1 :> 0)]
/\ conflicts = {}
/\ withheldDel = [A |-> {}, B |-> {}]
/\ manifest = (p1 :> 2)
/\ cellQueue = <<>>
/\ cellHolder = "B"
/\ manSeq = 2
/\ hitlAcked = {<<p1, 2>>}
/\ removals = {}
/\ sc = [ A |->
      [ pendN |-> {1},
        ackN |-> {},
        instSnap |-> (p1 :> 1),
        instSrc |-> "none",
        jSeq |-> 0,
        instBase |-> (p1 :> 1),
        judged |-> (p1 :> 0),
        baseline |-> (p1 :> 1),
        scanD |-> {},
        scanU |-> {},
        upGone |-> {},
        scanGen |-> (p1 :> 0),
        surfaced |-> {},
        parked |-> {},
        upDone |-> {},
        fq |-> {},
        carryDropped |-> {},
        carryPaths |-> {},
        citeDropped |-> {},
        fqRetired |-> (p1 :> 0),
        epoch |-> 0,
        st |-> "running",
        pc |-> "idle",
        consumed |-> {},
        declared |-> {},
        gcDone |-> {},
        gcTook |-> {},
        gcHeaded |-> {},
        gcSeen |-> (p1 :> 0),
        retire |-> (p1 :> 0),
        upVerified |-> FALSE,
        adopted |-> {},
        noInst |-> FALSE,
        local |-> (p1 :> 0),
        touched |-> {},
        prevScan |-> {},
        known |-> {1},
        expSeq |-> 1,
        installed |-> FALSE,
        scope |-> {p1},
        instSeq |-> 1,
        repairMoved |-> {},
        lastDirty |-> {},
        stageCarried |-> FALSE,
        citeDone |-> {},
        sentTok |-> 0,
        pendCov |-> (p1 :> 0),
        pendMint |-> 3,
        pendDirty |-> {p1},
        honored |-> FALSE,
        pendReRun |-> FALSE,
        owed |-> {1},
        verifiedAt |-> 0,
        inboxSeen |-> {},
        inboxLoaded |-> FALSE ],
  B |->
      [ pendN |-> {},
        ackN |-> {},
        instSnap |-> (p1 :> 2),
        instSrc |-> "cadence",
        jSeq |-> 2,
        instBase |-> (p1 :> 1),
        judged |-> (p1 :> 0),
        baseline |-> (p1 :> 2),
        scanD |-> {},
        scanU |-> {},
        upGone |-> {},
        scanGen |-> (p1 :> 2),
        surfaced |-> {},
        parked |-> {},
        upDone |-> {},
        fq |-> {},
        carryDropped |-> {},
        carryPaths |-> {},
        citeDropped |-> {},
        fqRetired |-> (p1 :> 0),
        epoch |-> 1,
        st |-> "running",
        pc |-> "cased",
        consumed |-> {<<p1, 2>>},
        declared |-> {},
        gcDone |-> {},
        gcTook |-> {},
        gcHeaded |-> {},
        gcSeen |-> (p1 :> 0),
        retire |-> (p1 :> 1),
        upVerified |-> TRUE,
        adopted |-> {},
        noInst |-> FALSE,
        local |-> (p1 :> 2),
        touched |-> {},
        prevScan |-> {},
        known |-> {1, 2},
        expSeq |-> 1,
        installed |-> FALSE,
        scope |-> {p1},
        instSeq |-> 2,
        repairMoved |-> {},
        lastDirty |-> {},
        stageCarried |-> FALSE,
        citeDone |-> {},
        sentTok |-> 0,
        pendCov |-> (p1 :> 0),
        pendMint |-> 0,
        pendDirty |-> {},
        honored |-> FALSE,
        pendReRun |-> FALSE,
        owed |-> {},
        verifiedAt |-> 0,
        inboxSeen |-> {},
        inboxLoaded |-> FALSE ] ]
/\ objects = (p1 :> 1)
/\ versions = (p1 :> {1, 2})
/\ cellReleased = FALSE

State 13: <Next line 4162, col 7 to line 4162, col 42 of module LeanSubtree>
/\ cellHandoff = "none"
/\ stageBase = [A |-> (p1 :> 0), B |-> (p1 :> 0)]
/\ manSrc = "cadence"
/\ inbox = {<<p1, 2>>}
/\ gh = [ removals |-> 0,
  tomb |-> (p1 :> 0),
  renamed |-> {},
  answered |-> {},
  amputated |-> FALSE,
  stragglerInstalls |-> 0,
  stragglerCas |-> 0,
  deposedPuts |-> 0,
  barriers |-> 1,
  done |-> 0,
  gc |-> 1,
  gcCited |-> 0,
  refusals |-> 0,
  cited |-> 1,
  takeovers |-> 0,
  crashes |-> 0,
  restarts |-> 0,
  adoptOwn |-> 0,
  stallUsed |-> FALSE,
  nextGen |-> 3,
  hitl |-> 1,
  syncs |-> 0,
  syncApplied |-> 0,
  syncConflicts |-> 0,
  syncDestroyed |-> FALSE,
  scopedDeferrals |-> 0,
  foreignLost |-> FALSE,
  deferredPaths |-> {},
  deferredLater |-> 0,
  staged |-> 0,
  cites |-> 0,
  reaped |-> 0,
  withheld |-> 0,
  forcedCites |-> 0,
  citeSpan |-> 0,
  carriedCite |-> FALSE,
  touches |-> 1,
  acks |-> 0,
  honors |-> 0,
  refusedAcks |-> 0,
  coalesced |-> 0,
  fastPaths |-> 0,
  ackAfterRestart |-> 0,
  fastHonor |-> FALSE,
  ackEarly |-> FALSE,
  ackIncoherent |-> FALSE,
  fencedOkAck |-> FALSE,
  srcMismatch |-> FALSE,
  partialAcks |-> 0,
  declaredDrops |-> 0,
  narrows |-> 0,
  narrowed |-> {},
  narrowRecited |-> {},
  removalsApplied |-> 0,
  removalsRefused |-> 0,
  renamesApplied |-> 0,
  renameRefused |-> {},
  citedPairs |-> {<<p1, 2>>},
  claimed |-> {"B"},
  interleaved |-> FALSE,
  handoffs |-> 0,
  deposals |-> 0,
  deadSkips |-> 0,
  enqueues |-> 0,
  abandoned |-> 0,
  adoptWithheld |-> 0,
  sameBytes |-> 0,
  uploadWithheld |-> 0,
  staleOverride |-> FALSE,
  hitlRetired |-> {<<p1, 1>>},
  pullOnlys |-> 0,
  emptyInstalls |-> 0,
  tombRemoved |-> 0,
  tombSuperseded |-> 0,
  orphanTracks |-> 0,
  leaked |-> 0,
  staleAdopt |-> 0,
  retired |-> (p1 :> 0),
  orphanAt |-> (p1 :> 0),
  orphanOutlived |-> 0,
  leakApplied |-> 0,
  baseRestored |-> 0,
  carrierAck |-> FALSE,
  remJudged |-> (p1 :> 0),
  removalOverreach |-> FALSE,
  swept |-> 0,
  remOver |-> (p1 :> 0),
  uiBase |-> {<<p1, 2, 1>>},
  pendingKept |-> 0 ]
/\ cellEpoch = 1
/\ window = 0
/\ stage = [A |-> (p1 :> 0), B |-> (p1 :> 0)]
/\ conflicts = {}
/\ withheldDel = [A |-> {}, B |-> {}]
/\ manifest = (p1 :> 2)
/\ cellQueue = <<>>
/\ cellHolder = "B"
/\ manSeq = 2
/\ hitlAcked = {<<p1, 2>>}
/\ removals = {}
/\ sc = [ A |->
      [ pendN |-> {1},
        ackN |-> {},
        instSnap |-> (p1 :> 1),
        instSrc |-> "none",
        jSeq |-> 0,
        instBase |-> (p1 :> 1),
        judged |-> (p1 :> 0),
        baseline |-> (p1 :> 1),
        scanD |-> {},
        scanU |-> {},
        upGone |-> {},
        scanGen |-> (p1 :> 0),
        surfaced |-> {},
        parked |-> {},
        upDone |-> {},
        fq |-> {},
        carryDropped |-> {},
        carryPaths |-> {},
        citeDropped |-> {},
        fqRetired |-> (p1 :> 0),
        epoch |-> 0,
        st |-> "running",
        pc |-> "idle",
        consumed |-> {},
        declared |-> {},
        gcDone |-> {},
        gcTook |-> {},
        gcHeaded |-> {},
        gcSeen |-> (p1 :> 0),
        retire |-> (p1 :> 0),
        upVerified |-> FALSE,
        adopted |-> {},
        noInst |-> FALSE,
        local |-> (p1 :> 0),
        touched |-> {},
        prevScan |-> {},
        known |-> {1},
        expSeq |-> 1,
        installed |-> FALSE,
        scope |-> {p1},
        instSeq |-> 1,
        repairMoved |-> {},
        lastDirty |-> {},
        stageCarried |-> FALSE,
        citeDone |-> {},
        sentTok |-> 0,
        pendCov |-> (p1 :> 0),
        pendMint |-> 3,
        pendDirty |-> {p1},
        honored |-> FALSE,
        pendReRun |-> FALSE,
        owed |-> {1},
        verifiedAt |-> 0,
        inboxSeen |-> {},
        inboxLoaded |-> FALSE ],
  B |->
      [ pendN |-> {},
        ackN |-> {},
        instSnap |-> (p1 :> 2),
        instSrc |-> "cadence",
        jSeq |-> 2,
        instBase |-> (p1 :> 1),
        judged |-> (p1 :> 0),
        baseline |-> (p1 :> 2),
        scanD |-> {},
        scanU |-> {},
        upGone |-> {},
        scanGen |-> (p1 :> 2),
        surfaced |-> {},
        parked |-> {},
        upDone |-> {},
        fq |-> {},
        carryDropped |-> {},
        carryPaths |-> {},
        citeDropped |-> {},
        fqRetired |-> (p1 :> 0),
        epoch |-> 1,
        st |-> "running",
        pc |-> "cased",
        consumed |-> {<<p1, 2>>},
        declared |-> {},
        gcDone |-> {},
        gcTook |-> {},
        gcHeaded |-> {},
        gcSeen |-> (p1 :> 0),
        retire |-> (p1 :> 0),
        upVerified |-> TRUE,
        adopted |-> {},
        noInst |-> FALSE,
        local |-> (p1 :> 2),
        touched |-> {},
        prevScan |-> {},
        known |-> {1, 2},
        expSeq |-> 1,
        installed |-> FALSE,
        scope |-> {p1},
        instSeq |-> 2,
        repairMoved |-> {},
        lastDirty |-> {},
        stageCarried |-> FALSE,
        citeDone |-> {},
        sentTok |-> 0,
        pendCov |-> (p1 :> 0),
        pendMint |-> 0,
        pendDirty |-> {},
        honored |-> FALSE,
        pendReRun |-> FALSE,
        owed |-> {},
        verifiedAt |-> 0,
        inboxSeen |-> {},
        inboxLoaded |-> FALSE ] ]
/\ objects = (p1 :> 1)
/\ versions = (p1 :> {2})
/\ cellReleased = FALSE

State 14: <Next line 4160, col 7 to line 4160, col 55 of module LeanSubtree>
/\ cellHandoff = "none"
/\ stageBase = [A |-> (p1 :> 0), B |-> (p1 :> 0)]
/\ manSrc = "cadence"
/\ inbox = {}
/\ gh = [ removals |-> 0,
  tomb |-> (p1 :> 0),
  renamed |-> {},
  answered |-> {},
  amputated |-> FALSE,
  stragglerInstalls |-> 0,
  stragglerCas |-> 0,
  deposedPuts |-> 0,
  barriers |-> 1,
  done |-> 1,
  gc |-> 1,
  gcCited |-> 0,
  refusals |-> 0,
  cited |-> 1,
  takeovers |-> 0,
  crashes |-> 0,
  restarts |-> 0,
  adoptOwn |-> 0,
  stallUsed |-> FALSE,
  nextGen |-> 3,
  hitl |-> 1,
  syncs |-> 0,
  syncApplied |-> 0,
  syncConflicts |-> 0,
  syncDestroyed |-> FALSE,
  scopedDeferrals |-> 0,
  foreignLost |-> FALSE,
  deferredPaths |-> {},
  deferredLater |-> 0,
  staged |-> 0,
  cites |-> 0,
  reaped |-> 0,
  withheld |-> 0,
  forcedCites |-> 0,
  citeSpan |-> 0,
  carriedCite |-> FALSE,
  touches |-> 1,
  acks |-> 0,
  honors |-> 0,
  refusedAcks |-> 0,
  coalesced |-> 0,
  fastPaths |-> 0,
  ackAfterRestart |-> 0,
  fastHonor |-> FALSE,
  ackEarly |-> FALSE,
  ackIncoherent |-> FALSE,
  fencedOkAck |-> FALSE,
  srcMismatch |-> FALSE,
  partialAcks |-> 0,
  declaredDrops |-> 0,
  narrows |-> 0,
  narrowed |-> {},
  narrowRecited |-> {},
  removalsApplied |-> 0,
  removalsRefused |-> 0,
  renamesApplied |-> 0,
  renameRefused |-> {},
  citedPairs |-> {<<p1, 2>>},
  claimed |-> {"B"},
  interleaved |-> FALSE,
  handoffs |-> 0,
  deposals |-> 0,
  deadSkips |-> 0,
  enqueues |-> 0,
  abandoned |-> 0,
  adoptWithheld |-> 0,
  sameBytes |-> 0,
  uploadWithheld |-> 0,
  staleOverride |-> FALSE,
  hitlRetired |-> {<<p1, 1>>},
  pullOnlys |-> 0,
  emptyInstalls |-> 0,
  tombRemoved |-> 0,
  tombSuperseded |-> 0,
  orphanTracks |-> 0,
  leaked |-> 0,
  staleAdopt |-> 0,
  retired |-> (p1 :> 0),
  orphanAt |-> (p1 :> 0),
  orphanOutlived |-> 0,
  leakApplied |-> 0,
  baseRestored |-> 0,
  carrierAck |-> FALSE,
  remJudged |-> (p1 :> 0),
  removalOverreach |-> FALSE,
  swept |-> 0,
  remOver |-> (p1 :> 0),
  uiBase |-> {<<p1, 2, 1>>},
  pendingKept |-> 0 ]
/\ cellEpoch = 1
/\ window = 0
/\ stage = [A |-> (p1 :> 0), B |-> (p1 :> 0)]
/\ conflicts = {}
/\ withheldDel = [A |-> {}, B |-> {}]
/\ manifest = (p1 :> 2)
/\ cellQueue = <<>>
/\ cellHolder = "B"
/\ manSeq = 2
/\ hitlAcked = {<<p1, 2>>}
/\ removals = {}
/\ sc = [ A |->
      [ pendN |-> {1},
        ackN |-> {},
        instSnap |-> (p1 :> 1),
        instSrc |-> "none",
        jSeq |-> 0,
        instBase |-> (p1 :> 1),
        judged |-> (p1 :> 0),
        baseline |-> (p1 :> 1),
        scanD |-> {},
        scanU |-> {},
        upGone |-> {},
        scanGen |-> (p1 :> 0),
        surfaced |-> {},
        parked |-> {},
        upDone |-> {},
        fq |-> {},
        carryDropped |-> {},
        carryPaths |-> {},
        citeDropped |-> {},
        fqRetired |-> (p1 :> 0),
        epoch |-> 0,
        st |-> "running",
        pc |-> "idle",
        consumed |-> {},
        declared |-> {},
        gcDone |-> {},
        gcTook |-> {},
        gcHeaded |-> {},
        gcSeen |-> (p1 :> 0),
        retire |-> (p1 :> 0),
        upVerified |-> FALSE,
        adopted |-> {},
        noInst |-> FALSE,
        local |-> (p1 :> 0),
        touched |-> {},
        prevScan |-> {},
        known |-> {1},
        expSeq |-> 1,
        installed |-> FALSE,
        scope |-> {p1},
        instSeq |-> 1,
        repairMoved |-> {},
        lastDirty |-> {},
        stageCarried |-> FALSE,
        citeDone |-> {},
        sentTok |-> 0,
        pendCov |-> (p1 :> 0),
        pendMint |-> 3,
        pendDirty |-> {p1},
        honored |-> FALSE,
        pendReRun |-> FALSE,
        owed |-> {1},
        verifiedAt |-> 0,
        inboxSeen |-> {},
        inboxLoaded |-> FALSE ],
  B |->
      [ pendN |-> {},
        ackN |-> {},
        instSnap |-> (p1 :> 2),
        instSrc |-> "cadence",
        jSeq |-> 2,
        instBase |-> (p1 :> 2),
        judged |-> (p1 :> 0),
        baseline |-> (p1 :> 2),
        scanD |-> {},
        scanU |-> {},
        upGone |-> {},
        scanGen |-> (p1 :> 0),
        surfaced |-> {},
        parked |-> {},
        upDone |-> {},
        fq |-> {},
        carryDropped |-> {},
        carryPaths |-> {},
        citeDropped |-> {},
        fqRetired |-> (p1 :> 0),
        epoch |-> 1,
        st |-> "running",
        pc |-> "idle",
        consumed |-> {},
        declared |-> {},
        gcDone |-> {},
        gcTook |-> {},
        gcHeaded |-> {},
        gcSeen |-> (p1 :> 0),
        retire |-> (p1 :> 0),
        upVerified |-> FALSE,
        adopted |-> {},
        noInst |-> FALSE,
        local |-> (p1 :> 2),
        touched |-> {},
        prevScan |-> {},
        known |-> {1, 2},
        expSeq |-> 2,
        installed |-> TRUE,
        scope |-> {p1},
        instSeq |-> 2,
        repairMoved |-> {},
        lastDirty |-> {},
        stageCarried |-> FALSE,
        citeDone |-> {},
        sentTok |-> 0,
        pendCov |-> (p1 :> 0),
        pendMint |-> 0,
        pendDirty |-> {},
        honored |-> FALSE,
        pendReRun |-> FALSE,
        owed |-> {},
        verifiedAt |-> 0,
        inboxSeen |-> {},
        inboxLoaded |-> FALSE ] ]
/\ objects = (p1 :> 1)
/\ versions = (p1 :> {2})
/\ cellReleased = TRUE

State 15: <Next line 4160, col 7 to line 4160, col 55 of module LeanSubtree>
/\ cellHandoff = "none"
/\ stageBase = [A |-> (p1 :> 0), B |-> (p1 :> 0)]
/\ manSrc = "cadence"
/\ inbox = {}
/\ gh = [ removals |-> 0,
  tomb |-> (p1 :> 0),
  renamed |-> {},
  answered |-> {},
  amputated |-> FALSE,
  stragglerInstalls |-> 0,
  stragglerCas |-> 0,
  deposedPuts |-> 0,
  barriers |-> 1,
  done |-> 1,
  gc |-> 1,
  gcCited |-> 0,
  refusals |-> 0,
  cited |-> 1,
  takeovers |-> 0,
  crashes |-> 0,
  restarts |-> 0,
  adoptOwn |-> 0,
  stallUsed |-> FALSE,
  nextGen |-> 3,
  hitl |-> 1,
  syncs |-> 0,
  syncApplied |-> 0,
  syncConflicts |-> 0,
  syncDestroyed |-> FALSE,
  scopedDeferrals |-> 0,
  foreignLost |-> FALSE,
  deferredPaths |-> {},
  deferredLater |-> 0,
  staged |-> 0,
  cites |-> 0,
  reaped |-> 0,
  withheld |-> 0,
  forcedCites |-> 0,
  citeSpan |-> 0,
  carriedCite |-> FALSE,
  touches |-> 1,
  acks |-> 0,
  honors |-> 0,
  refusedAcks |-> 0,
  coalesced |-> 0,
  fastPaths |-> 0,
  ackAfterRestart |-> 0,
  fastHonor |-> FALSE,
  ackEarly |-> FALSE,
  ackIncoherent |-> FALSE,
  fencedOkAck |-> FALSE,
  srcMismatch |-> FALSE,
  partialAcks |-> 0,
  declaredDrops |-> 0,
  narrows |-> 0,
  narrowed |-> {},
  narrowRecited |-> {},
  removalsApplied |-> 0,
  removalsRefused |-> 0,
  renamesApplied |-> 0,
  renameRefused |-> {},
  citedPairs |-> {<<p1, 2>>},
  claimed |-> {"B"},
  interleaved |-> FALSE,
  handoffs |-> 0,
  deposals |-> 0,
  deadSkips |-> 0,
  enqueues |-> 0,
  abandoned |-> 0,
  adoptWithheld |-> 0,
  sameBytes |-> 0,
  uploadWithheld |-> 0,
  staleOverride |-> FALSE,
  hitlRetired |-> {<<p1, 1>>},
  pullOnlys |-> 0,
  emptyInstalls |-> 0,
  tombRemoved |-> 0,
  tombSuperseded |-> 0,
  orphanTracks |-> 0,
  leaked |-> 0,
  staleAdopt |-> 0,
  retired |-> (p1 :> 0),
  orphanAt |-> (p1 :> 0),
  orphanOutlived |-> 0,
  leakApplied |-> 0,
  baseRestored |-> 0,
  carrierAck |-> FALSE,
  remJudged |-> (p1 :> 0),
  removalOverreach |-> FALSE,
  swept |-> 0,
  remOver |-> (p1 :> 0),
  uiBase |-> {<<p1, 2, 1>>},
  pendingKept |-> 0 ]
/\ cellEpoch = 1
/\ window = 0
/\ stage = [A |-> (p1 :> 0), B |-> (p1 :> 0)]
/\ conflicts = {}
/\ withheldDel = [A |-> {}, B |-> {}]
/\ manifest = (p1 :> 2)
/\ cellQueue = <<>>
/\ cellHolder = "B"
/\ manSeq = 2
/\ hitlAcked = {<<p1, 2>>}
/\ removals = {}
/\ sc = [ A |->
      [ pendN |-> {1},
        ackN |-> {},
        instSnap |-> (p1 :> 1),
        instSrc |-> "none",
        jSeq |-> 0,
        instBase |-> (p1 :> 1),
        judged |-> (p1 :> 0),
        baseline |-> (p1 :> 1),
        scanD |-> {},
        scanU |-> {},
        upGone |-> {},
        scanGen |-> (p1 :> 0),
        surfaced |-> {},
        parked |-> {},
        upDone |-> {},
        fq |-> {},
        carryDropped |-> {},
        carryPaths |-> {},
        citeDropped |-> {},
        fqRetired |-> (p1 :> 0),
        epoch |-> 0,
        st |-> "running",
        pc |-> "consumed",
        consumed |-> {},
        declared |-> {},
        gcDone |-> {},
        gcTook |-> {},
        gcHeaded |-> {},
        gcSeen |-> (p1 :> 0),
        retire |-> (p1 :> 0),
        upVerified |-> FALSE,
        adopted |-> {},
        noInst |-> FALSE,
        local |-> (p1 :> 0),
        touched |-> {},
        prevScan |-> {},
        known |-> {1},
        expSeq |-> 1,
        installed |-> FALSE,
        scope |-> {p1},
        instSeq |-> 1,
        repairMoved |-> {},
        lastDirty |-> {},
        stageCarried |-> FALSE,
        citeDone |-> {},
        sentTok |-> 0,
        pendCov |-> (p1 :> 0),
        pendMint |-> 3,
        pendDirty |-> {p1},
        honored |-> FALSE,
        pendReRun |-> FALSE,
        owed |-> {1},
        verifiedAt |-> 0,
        inboxSeen |-> {},
        inboxLoaded |-> FALSE ],
  B |->
      [ pendN |-> {},
        ackN |-> {},
        instSnap |-> (p1 :> 2),
        instSrc |-> "cadence",
        jSeq |-> 2,
        instBase |-> (p1 :> 2),
        judged |-> (p1 :> 0),
        baseline |-> (p1 :> 2),
        scanD |-> {},
        scanU |-> {},
        upGone |-> {},
        scanGen |-> (p1 :> 0),
        surfaced |-> {},
        parked |-> {},
        upDone |-> {},
        fq |-> {},
        carryDropped |-> {},
        carryPaths |-> {},
        citeDropped |-> {},
        fqRetired |-> (p1 :> 0),
        epoch |-> 1,
        st |-> "running",
        pc |-> "idle",
        consumed |-> {},
        declared |-> {},
        gcDone |-> {},
        gcTook |-> {},
        gcHeaded |-> {},
        gcSeen |-> (p1 :> 0),
        retire |-> (p1 :> 0),
        upVerified |-> FALSE,
        adopted |-> {},
        noInst |-> FALSE,
        local |-> (p1 :> 2),
        touched |-> {},
        prevScan |-> {},
        known |-> {1, 2},
        expSeq |-> 2,
        installed |-> TRUE,
        scope |-> {p1},
        instSeq |-> 2,
        repairMoved |-> {},
        lastDirty |-> {},
        stageCarried |-> FALSE,
        citeDone |-> {},
        sentTok |-> 0,
        pendCov |-> (p1 :> 0),
        pendMint |-> 0,
        pendDirty |-> {},
        honored |-> FALSE,
        pendReRun |-> FALSE,
        owed |-> {},
        verifiedAt |-> 0,
        inboxSeen |-> {},
        inboxLoaded |-> FALSE ] ]
/\ objects = (p1 :> 1)
/\ versions = (p1 :> {2})
/\ cellReleased = TRUE

State 16: <Next line 4160, col 7 to line 4160, col 55 of module LeanSubtree>
/\ cellHandoff = "none"
/\ stageBase = [A |-> (p1 :> 0), B |-> (p1 :> 0)]
/\ manSrc = "cadence"
/\ inbox = {}
/\ gh = [ removals |-> 0,
  tomb |-> (p1 :> 0),
  renamed |-> {},
  answered |-> {},
  amputated |-> FALSE,
  stragglerInstalls |-> 0,
  stragglerCas |-> 0,
  deposedPuts |-> 0,
  barriers |-> 2,
  done |-> 1,
  gc |-> 1,
  gcCited |-> 0,
  refusals |-> 0,
  cited |-> 1,
  takeovers |-> 0,
  crashes |-> 0,
  restarts |-> 0,
  adoptOwn |-> 0,
  stallUsed |-> FALSE,
  nextGen |-> 3,
  hitl |-> 1,
  syncs |-> 0,
  syncApplied |-> 0,
  syncConflicts |-> 0,
  syncDestroyed |-> FALSE,
  scopedDeferrals |-> 0,
  foreignLost |-> FALSE,
  deferredPaths |-> {},
  deferredLater |-> 0,
  staged |-> 0,
  cites |-> 0,
  reaped |-> 0,
  withheld |-> 0,
  forcedCites |-> 0,
  citeSpan |-> 0,
  carriedCite |-> FALSE,
  touches |-> 1,
  acks |-> 0,
  honors |-> 0,
  refusedAcks |-> 0,
  coalesced |-> 0,
  fastPaths |-> 0,
  ackAfterRestart |-> 0,
  fastHonor |-> FALSE,
  ackEarly |-> FALSE,
  ackIncoherent |-> FALSE,
  fencedOkAck |-> FALSE,
  srcMismatch |-> FALSE,
  partialAcks |-> 0,
  declaredDrops |-> 0,
  narrows |-> 0,
  narrowed |-> {},
  narrowRecited |-> {},
  removalsApplied |-> 0,
  removalsRefused |-> 0,
  renamesApplied |-> 0,
  renameRefused |-> {},
  citedPairs |-> {<<p1, 2>>},
  claimed |-> {"B"},
  interleaved |-> FALSE,
  handoffs |-> 0,
  deposals |-> 0,
  deadSkips |-> 0,
  enqueues |-> 0,
  abandoned |-> 0,
  adoptWithheld |-> 0,
  sameBytes |-> 0,
  uploadWithheld |-> 0,
  staleOverride |-> FALSE,
  hitlRetired |-> {<<p1, 1>>},
  pullOnlys |-> 0,
  emptyInstalls |-> 0,
  tombRemoved |-> 0,
  tombSuperseded |-> 0,
  orphanTracks |-> 0,
  leaked |-> 0,
  staleAdopt |-> 0,
  retired |-> (p1 :> 0),
  orphanAt |-> (p1 :> 0),
  orphanOutlived |-> 0,
  leakApplied |-> 0,
  baseRestored |-> 0,
  carrierAck |-> FALSE,
  remJudged |-> (p1 :> 0),
  removalOverreach |-> FALSE,
  swept |-> 0,
  remOver |-> (p1 :> 0),
  uiBase |-> {<<p1, 2, 1>>},
  pendingKept |-> 0 ]
/\ cellEpoch = 1
/\ window = 0
/\ stage = [A |-> (p1 :> 0), B |-> (p1 :> 0)]
/\ conflicts = {}
/\ withheldDel = [A |-> {}, B |-> {}]
/\ manifest = (p1 :> 2)
/\ cellQueue = <<>>
/\ cellHolder = "B"
/\ manSeq = 2
/\ hitlAcked = {<<p1, 2>>}
/\ removals = {}
/\ sc = [ A |->
      [ pendN |-> {1},
        ackN |-> {},
        instSnap |-> (p1 :> 1),
        instSrc |-> "none",
        jSeq |-> 0,
        instBase |-> (p1 :> 1),
        judged |-> (p1 :> 0),
        baseline |-> (p1 :> 1),
        scanD |-> {p1},
        scanU |-> {},
        upGone |-> {},
        scanGen |-> (p1 :> 0),
        surfaced |-> {},
        parked |-> {},
        upDone |-> {},
        fq |-> {},
        carryDropped |-> {},
        carryPaths |-> {},
        citeDropped |-> {},
        fqRetired |-> (p1 :> 0),
        epoch |-> 0,
        st |-> "running",
        pc |-> "scanned",
        consumed |-> {},
        declared |-> {},
        gcDone |-> {},
        gcTook |-> {},
        gcHeaded |-> {},
        gcSeen |-> (p1 :> 0),
        retire |-> (p1 :> 0),
        upVerified |-> FALSE,
        adopted |-> {},
        noInst |-> FALSE,
        local |-> (p1 :> 0),
        touched |-> {},
        prevScan |-> {},
        known |-> {1},
        expSeq |-> 1,
        installed |-> FALSE,
        scope |-> {p1},
        instSeq |-> 1,
        repairMoved |-> {},
        lastDirty |-> {},
        stageCarried |-> FALSE,
        citeDone |-> {},
        sentTok |-> 0,
        pendCov |-> (p1 :> 0),
        pendMint |-> 3,
        pendDirty |-> {p1},
        honored |-> FALSE,
        pendReRun |-> FALSE,
        owed |-> {1},
        verifiedAt |-> 0,
        inboxSeen |-> {},
        inboxLoaded |-> FALSE ],
  B |->
      [ pendN |-> {},
        ackN |-> {},
        instSnap |-> (p1 :> 2),
        instSrc |-> "cadence",
        jSeq |-> 2,
        instBase |-> (p1 :> 2),
        judged |-> (p1 :> 0),
        baseline |-> (p1 :> 2),
        scanD |-> {},
        scanU |-> {},
        upGone |-> {},
        scanGen |-> (p1 :> 0),
        surfaced |-> {},
        parked |-> {},
        upDone |-> {},
        fq |-> {},
        carryDropped |-> {},
        carryPaths |-> {},
        citeDropped |-> {},
        fqRetired |-> (p1 :> 0),
        epoch |-> 1,
        st |-> "running",
        pc |-> "idle",
        consumed |-> {},
        declared |-> {},
        gcDone |-> {},
        gcTook |-> {},
        gcHeaded |-> {},
        gcSeen |-> (p1 :> 0),
        retire |-> (p1 :> 0),
        upVerified |-> FALSE,
        adopted |-> {},
        noInst |-> FALSE,
        local |-> (p1 :> 2),
        touched |-> {},
        prevScan |-> {},
        known |-> {1, 2},
        expSeq |-> 2,
        installed |-> TRUE,
        scope |-> {p1},
        instSeq |-> 2,
        repairMoved |-> {},
        lastDirty |-> {},
        stageCarried |-> FALSE,
        citeDone |-> {},
        sentTok |-> 0,
        pendCov |-> (p1 :> 0),
        pendMint |-> 0,
        pendDirty |-> {},
        honored |-> FALSE,
        pendReRun |-> FALSE,
        owed |-> {},
        verifiedAt |-> 0,
        inboxSeen |-> {},
        inboxLoaded |-> FALSE ] ]
/\ objects = (p1 :> 1)
/\ versions = (p1 :> {2})
/\ cellReleased = TRUE

State 17: <Next line 4160, col 7 to line 4160, col 55 of module LeanSubtree>
/\ cellHandoff = "none"
/\ stageBase = [A |-> (p1 :> 0), B |-> (p1 :> 0)]
/\ manSrc = "cadence"
/\ inbox = {}
/\ gh = [ removals |-> 0,
  tomb |-> (p1 :> 0),
  renamed |-> {},
  answered |-> {},
  amputated |-> FALSE,
  stragglerInstalls |-> 0,
  stragglerCas |-> 0,
  deposedPuts |-> 0,
  barriers |-> 2,
  done |-> 1,
  gc |-> 1,
  gcCited |-> 0,
  refusals |-> 0,
  cited |-> 1,
  takeovers |-> 0,
  crashes |-> 0,
  restarts |-> 0,
  adoptOwn |-> 0,
  stallUsed |-> FALSE,
  nextGen |-> 3,
  hitl |-> 1,
  syncs |-> 0,
  syncApplied |-> 0,
  syncConflicts |-> 0,
  syncDestroyed |-> FALSE,
  scopedDeferrals |-> 0,
  foreignLost |-> FALSE,
  deferredPaths |-> {},
  deferredLater |-> 0,
  staged |-> 0,
  cites |-> 0,
  reaped |-> 0,
  withheld |-> 0,
  forcedCites |-> 0,
  citeSpan |-> 0,
  carriedCite |-> FALSE,
  touches |-> 1,
  acks |-> 0,
  honors |-> 0,
  refusedAcks |-> 0,
  coalesced |-> 0,
  fastPaths |-> 0,
  ackAfterRestart |-> 0,
  fastHonor |-> FALSE,
  ackEarly |-> FALSE,
  ackIncoherent |-> FALSE,
  fencedOkAck |-> FALSE,
  srcMismatch |-> FALSE,
  partialAcks |-> 0,
  declaredDrops |-> 0,
  narrows |-> 0,
  narrowed |-> {},
  narrowRecited |-> {},
  removalsApplied |-> 0,
  removalsRefused |-> 0,
  renamesApplied |-> 0,
  renameRefused |-> {},
  citedPairs |-> {<<p1, 2>>},
  claimed |-> {"A", "B"},
  interleaved |-> FALSE,
  handoffs |-> 0,
  deposals |-> 0,
  deadSkips |-> 0,
  enqueues |-> 0,
  abandoned |-> 0,
  adoptWithheld |-> 0,
  sameBytes |-> 0,
  uploadWithheld |-> 0,
  staleOverride |-> FALSE,
  hitlRetired |-> {<<p1, 1>>},
  pullOnlys |-> 0,
  emptyInstalls |-> 0,
  tombRemoved |-> 0,
  tombSuperseded |-> 0,
  orphanTracks |-> 0,
  leaked |-> 0,
  staleAdopt |-> 0,
  retired |-> (p1 :> 0),
  orphanAt |-> (p1 :> 0),
  orphanOutlived |-> 0,
  leakApplied |-> 0,
  baseRestored |-> 0,
  carrierAck |-> FALSE,
  remJudged |-> (p1 :> 0),
  removalOverreach |-> FALSE,
  swept |-> 0,
  remOver |-> (p1 :> 0),
  uiBase |-> {<<p1, 2, 1>>},
  pendingKept |-> 0 ]
/\ cellEpoch = 2
/\ window = 2
/\ stage = [A |-> (p1 :> 0), B |-> (p1 :> 0)]
/\ conflicts = {}
/\ withheldDel = [A |-> {}, B |-> {}]
/\ manifest = (p1 :> 2)
/\ cellQueue = <<>>
/\ cellHolder = "A"
/\ manSeq = 2
/\ hitlAcked = {<<p1, 2>>}
/\ removals = {}
/\ sc = [ A |->
      [ pendN |-> {1},
        ackN |-> {},
        instSnap |-> (p1 :> 1),
        instSrc |-> "none",
        jSeq |-> 0,
        instBase |-> (p1 :> 1),
        judged |-> (p1 :> 0),
        baseline |-> (p1 :> 1),
        scanD |-> {p1},
        scanU |-> {},
        upGone |-> {},
        scanGen |-> (p1 :> 0),
        surfaced |-> {},
        parked |-> {},
        upDone |-> {},
        fq |-> {},
        carryDropped |-> {},
        carryPaths |-> {},
        citeDropped |-> {},
        fqRetired |-> (p1 :> 0),
        epoch |-> 2,
        st |-> "running",
        pc |-> "claimed",
        consumed |-> {},
        declared |-> {},
        gcDone |-> {},
        gcTook |-> {},
        gcHeaded |-> {},
        gcSeen |-> (p1 :> 0),
        retire |-> (p1 :> 0),
        upVerified |-> FALSE,
        adopted |-> {},
        noInst |-> FALSE,
        local |-> (p1 :> 0),
        touched |-> {},
        prevScan |-> {},
        known |-> {1},
        expSeq |-> 1,
        installed |-> FALSE,
        scope |-> {p1},
        instSeq |-> 1,
        repairMoved |-> {},
        lastDirty |-> {},
        stageCarried |-> FALSE,
        citeDone |-> {},
        sentTok |-> 0,
        pendCov |-> (p1 :> 0),
        pendMint |-> 3,
        pendDirty |-> {p1},
        honored |-> FALSE,
        pendReRun |-> FALSE,
        owed |-> {1},
        verifiedAt |-> 0,
        inboxSeen |-> {},
        inboxLoaded |-> FALSE ],
  B |->
      [ pendN |-> {},
        ackN |-> {},
        instSnap |-> (p1 :> 2),
        instSrc |-> "cadence",
        jSeq |-> 2,
        instBase |-> (p1 :> 2),
        judged |-> (p1 :> 0),
        baseline |-> (p1 :> 2),
        scanD |-> {},
        scanU |-> {},
        upGone |-> {},
        scanGen |-> (p1 :> 0),
        surfaced |-> {},
        parked |-> {},
        upDone |-> {},
        fq |-> {},
        carryDropped |-> {},
        carryPaths |-> {},
        citeDropped |-> {},
        fqRetired |-> (p1 :> 0),
        epoch |-> 1,
        st |-> "running",
        pc |-> "idle",
        consumed |-> {},
        declared |-> {},
        gcDone |-> {},
        gcTook |-> {},
        gcHeaded |-> {},
        gcSeen |-> (p1 :> 0),
        retire |-> (p1 :> 0),
        upVerified |-> FALSE,
        adopted |-> {},
        noInst |-> FALSE,
        local |-> (p1 :> 2),
        touched |-> {},
        prevScan |-> {},
        known |-> {1, 2},
        expSeq |-> 2,
        installed |-> TRUE,
        scope |-> {p1},
        instSeq |-> 2,
        repairMoved |-> {},
        lastDirty |-> {},
        stageCarried |-> FALSE,
        citeDone |-> {},
        sentTok |-> 0,
        pendCov |-> (p1 :> 0),
        pendMint |-> 0,
        pendDirty |-> {},
        honored |-> FALSE,
        pendReRun |-> FALSE,
        owed |-> {},
        verifiedAt |-> 0,
        inboxSeen |-> {},
        inboxLoaded |-> FALSE ] ]
/\ objects = (p1 :> 1)
/\ versions = (p1 :> {2})
/\ cellReleased = FALSE

State 18: <Next line 4162, col 7 to line 4162, col 42 of module LeanSubtree>
/\ cellHandoff = "none"
/\ stageBase = [A |-> (p1 :> 0), B |-> (p1 :> 0)]
/\ manSrc = "cadence"
/\ inbox = {}
/\ gh = [ removals |-> 0,
  tomb |-> (p1 :> 0),
  renamed |-> {},
  answered |-> {},
  amputated |-> FALSE,
  stragglerInstalls |-> 0,
  stragglerCas |-> 0,
  deposedPuts |-> 0,
  barriers |-> 2,
  done |-> 1,
  gc |-> 1,
  gcCited |-> 0,
  refusals |-> 0,
  cited |-> 1,
  takeovers |-> 0,
  crashes |-> 0,
  restarts |-> 0,
  adoptOwn |-> 0,
  stallUsed |-> FALSE,
  nextGen |-> 3,
  hitl |-> 1,
  syncs |-> 0,
  syncApplied |-> 0,
  syncConflicts |-> 0,
  syncDestroyed |-> FALSE,
  scopedDeferrals |-> 0,
  foreignLost |-> FALSE,
  deferredPaths |-> {},
  deferredLater |-> 0,
  staged |-> 0,
  cites |-> 0,
  reaped |-> 0,
  withheld |-> 0,
  forcedCites |-> 0,
  citeSpan |-> 0,
  carriedCite |-> FALSE,
  touches |-> 1,
  acks |-> 0,
  honors |-> 0,
  refusedAcks |-> 0,
  coalesced |-> 0,
  fastPaths |-> 0,
  ackAfterRestart |-> 0,
  fastHonor |-> FALSE,
  ackEarly |-> FALSE,
  ackIncoherent |-> FALSE,
  fencedOkAck |-> FALSE,
  srcMismatch |-> FALSE,
  partialAcks |-> 0,
  declaredDrops |-> 0,
  narrows |-> 0,
  narrowed |-> {},
  narrowRecited |-> {},
  removalsApplied |-> 0,
  removalsRefused |-> 0,
  renamesApplied |-> 0,
  renameRefused |-> {},
  citedPairs |-> {<<p1, 2>>},
  claimed |-> {"A", "B"},
  interleaved |-> FALSE,
  handoffs |-> 0,
  deposals |-> 0,
  deadSkips |-> 0,
  enqueues |-> 0,
  abandoned |-> 0,
  adoptWithheld |-> 0,
  sameBytes |-> 0,
  uploadWithheld |-> 0,
  staleOverride |-> FALSE,
  hitlRetired |-> {<<p1, 1>>},
  pullOnlys |-> 0,
  emptyInstalls |-> 0,
  tombRemoved |-> 0,
  tombSuperseded |-> 0,
  orphanTracks |-> 0,
  leaked |-> 0,
  staleAdopt |-> 0,
  retired |-> (p1 :> 0),
  orphanAt |-> (p1 :> 0),
  orphanOutlived |-> 0,
  leakApplied |-> 0,
  baseRestored |-> 0,
  carrierAck |-> FALSE,
  remJudged |-> (p1 :> 0),
  removalOverreach |-> FALSE,
  swept |-> 0,
  remOver |-> (p1 :> 0),
  uiBase |-> {<<p1, 2, 1>>},
  pendingKept |-> 0 ]
/\ cellEpoch = 2
/\ window = 2
/\ stage = [A |-> (p1 :> 0), B |-> (p1 :> 0)]
/\ conflicts = {}
/\ withheldDel = [A |-> {}, B |-> {}]
/\ manifest = (p1 :> 2)
/\ cellQueue = <<>>
/\ cellHolder = "A"
/\ manSeq = 2
/\ hitlAcked = {<<p1, 2>>}
/\ removals = {}
/\ sc = [ A |->
      [ pendN |-> {1},
        ackN |-> {},
        instSnap |-> (p1 :> 1),
        instSrc |-> "none",
        jSeq |-> 0,
        instBase |-> (p1 :> 1),
        judged |-> (p1 :> 0),
        baseline |-> (p1 :> 1),
        scanD |-> {p1},
        scanU |-> {},
        upGone |-> {},
        scanGen |-> (p1 :> 0),
        surfaced |-> {},
        parked |-> {},
        upDone |-> {},
        fq |-> {},
        carryDropped |-> {},
        carryPaths |-> {},
        citeDropped |-> {},
        fqRetired |-> (p1 :> 0),
        epoch |-> 2,
        st |-> "running",
        pc |-> "claimed",
        consumed |-> {},
        declared |-> {},
        gcDone |-> {},
        gcTook |-> {},
        gcHeaded |-> {},
        gcSeen |-> (p1 :> 0),
        retire |-> (p1 :> 0),
        upVerified |-> TRUE,
        adopted |-> {},
        noInst |-> FALSE,
        local |-> (p1 :> 0),
        touched |-> {},
        prevScan |-> {},
        known |-> {1},
        expSeq |-> 1,
        installed |-> FALSE,
        scope |-> {p1},
        instSeq |-> 1,
        repairMoved |-> {},
        lastDirty |-> {},
        stageCarried |-> FALSE,
        citeDone |-> {},
        sentTok |-> 0,
        pendCov |-> (p1 :> 0),
        pendMint |-> 3,
        pendDirty |-> {p1},
        honored |-> FALSE,
        pendReRun |-> FALSE,
        owed |-> {1},
        verifiedAt |-> 0,
        inboxSeen |-> {},
        inboxLoaded |-> FALSE ],
  B |->
      [ pendN |-> {},
        ackN |-> {},
        instSnap |-> (p1 :> 2),
        instSrc |-> "cadence",
        jSeq |-> 2,
        instBase |-> (p1 :> 2),
        judged |-> (p1 :> 0),
        baseline |-> (p1 :> 2),
        scanD |-> {},
        scanU |-> {},
        upGone |-> {},
        scanGen |-> (p1 :> 0),
        surfaced |-> {},
        parked |-> {},
        upDone |-> {},
        fq |-> {},
        carryDropped |-> {},
        carryPaths |-> {},
        citeDropped |-> {},
        fqRetired |-> (p1 :> 0),
        epoch |-> 1,
        st |-> "running",
        pc |-> "idle",
        consumed |-> {},
        declared |-> {},
        gcDone |-> {},
        gcTook |-> {},
        gcHeaded |-> {},
        gcSeen |-> (p1 :> 0),
        retire |-> (p1 :> 0),
        upVerified |-> FALSE,
        adopted |-> {},
        noInst |-> FALSE,
        local |-> (p1 :> 2),
        touched |-> {},
        prevScan |-> {},
        known |-> {1, 2},
        expSeq |-> 2,
        installed |-> TRUE,
        scope |-> {p1},
        instSeq |-> 2,
        repairMoved |-> {},
        lastDirty |-> {},
        stageCarried |-> FALSE,
        citeDone |-> {},
        sentTok |-> 0,
        pendCov |-> (p1 :> 0),
        pendMint |-> 0,
        pendDirty |-> {},
        honored |-> FALSE,
        pendReRun |-> FALSE,
        owed |-> {},
        verifiedAt |-> 0,
        inboxSeen |-> {},
        inboxLoaded |-> FALSE ] ]
/\ objects = (p1 :> 1)
/\ versions = (p1 :> {2})
/\ cellReleased = FALSE

State 19: <Next line 4160, col 7 to line 4160, col 55 of module LeanSubtree>
/\ cellHandoff = "none"
/\ stageBase = [A |-> (p1 :> 0), B |-> (p1 :> 0)]
/\ manSrc = "cadence"
/\ inbox = {}
/\ gh = [ removals |-> 0,
  tomb |-> (p1 :> 0),
  renamed |-> {},
  answered |-> {},
  amputated |-> FALSE,
  stragglerInstalls |-> 0,
  stragglerCas |-> 0,
  deposedPuts |-> 0,
  barriers |-> 2,
  done |-> 1,
  gc |-> 1,
  gcCited |-> 0,
  refusals |-> 0,
  cited |-> 1,
  takeovers |-> 0,
  crashes |-> 0,
  restarts |-> 0,
  adoptOwn |-> 0,
  stallUsed |-> FALSE,
  nextGen |-> 3,
  hitl |-> 1,
  syncs |-> 0,
  syncApplied |-> 0,
  syncConflicts |-> 0,
  syncDestroyed |-> FALSE,
  scopedDeferrals |-> 0,
  foreignLost |-> FALSE,
  deferredPaths |-> {},
  deferredLater |-> 0,
  staged |-> 0,
  cites |-> 0,
  reaped |-> 0,
  withheld |-> 0,
  forcedCites |-> 0,
  citeSpan |-> 0,
  carriedCite |-> FALSE,
  touches |-> 1,
  acks |-> 0,
  honors |-> 0,
  refusedAcks |-> 0,
  coalesced |-> 0,
  fastPaths |-> 0,
  ackAfterRestart |-> 0,
  fastHonor |-> FALSE,
  ackEarly |-> FALSE,
  ackIncoherent |-> FALSE,
  fencedOkAck |-> FALSE,
  srcMismatch |-> FALSE,
  partialAcks |-> 0,
  declaredDrops |-> 0,
  narrows |-> 0,
  narrowed |-> {},
  narrowRecited |-> {},
  removalsApplied |-> 0,
  removalsRefused |-> 0,
  renamesApplied |-> 0,
  renameRefused |-> {},
  citedPairs |-> {<<p1, 2>>},
  claimed |-> {"A", "B"},
  interleaved |-> FALSE,
  handoffs |-> 0,
  deposals |-> 0,
  deadSkips |-> 0,
  enqueues |-> 0,
  abandoned |-> 0,
  adoptWithheld |-> 0,
  sameBytes |-> 0,
  uploadWithheld |-> 0,
  staleOverride |-> FALSE,
  hitlRetired |-> {<<p1, 1>>},
  pullOnlys |-> 0,
  emptyInstalls |-> 1,
  tombRemoved |-> 0,
  tombSuperseded |-> 0,
  orphanTracks |-> 0,
  leaked |-> 0,
  staleAdopt |-> 0,
  retired |-> (p1 :> 0),
  orphanAt |-> (p1 :> 0),
  orphanOutlived |-> 0,
  leakApplied |-> 0,
  baseRestored |-> 0,
  carrierAck |-> FALSE,
  remJudged |-> (p1 :> 0),
  removalOverreach |-> FALSE,
  swept |-> 0,
  remOver |-> (p1 :> 0),
  uiBase |-> {<<p1, 2, 1>>},
  pendingKept |-> 0 ]
/\ cellEpoch = 2
/\ window = 0
/\ stage = [A |-> (p1 :> 0), B |-> (p1 :> 0)]
/\ conflicts = {}
/\ withheldDel = [A |-> {}, B |-> {}]
/\ manifest = (p1 :> 2)
/\ cellQueue = <<>>
/\ cellHolder = "A"
/\ manSeq = 2
/\ hitlAcked = {<<p1, 2>>}
/\ removals = {}
/\ sc = [ A |->
      [ pendN |-> {1},
        ackN |-> {},
        instSnap |-> (p1 :> 2),
        instSrc |-> "cadence",
        jSeq |-> 2,
        instBase |-> (p1 :> 1),
        judged |-> (p1 :> 0),
        baseline |-> (p1 :> 1),
        scanD |-> {p1},
        scanU |-> {},
        upGone |-> {},
        scanGen |-> (p1 :> 0),
        surfaced |-> {},
        parked |-> {},
        upDone |-> {},
        fq |-> {<<p1, 2>>},
        carryDropped |-> {},
        carryPaths |-> {},
        citeDropped |-> {},
        fqRetired |-> (p1 :> 0),
        epoch |-> 2,
        st |-> "running",
        pc |-> "cased",
        consumed |-> {},
        declared |-> {},
        gcDone |-> {},
        gcTook |-> {},
        gcHeaded |-> {},
        gcSeen |-> (p1 :> 0),
        retire |-> (p1 :> 0),
        upVerified |-> TRUE,
        adopted |-> {},
        noInst |-> TRUE,
        local |-> (p1 :> 0),
        touched |-> {},
        prevScan |-> {},
        known |-> {1},
        expSeq |-> 1,
        installed |-> FALSE,
        scope |-> {p1},
        instSeq |-> 2,
        repairMoved |-> {},
        lastDirty |-> {},
        stageCarried |-> FALSE,
        citeDone |-> {},
        sentTok |-> 0,
        pendCov |-> (p1 :> 0),
        pendMint |-> 3,
        pendDirty |-> {p1},
        honored |-> FALSE,
        pendReRun |-> FALSE,
        owed |-> {1},
        verifiedAt |-> 0,
        inboxSeen |-> {},
        inboxLoaded |-> FALSE ],
  B |->
      [ pendN |-> {},
        ackN |-> {},
        instSnap |-> (p1 :> 2),
        instSrc |-> "cadence",
        jSeq |-> 2,
        instBase |-> (p1 :> 2),
        judged |-> (p1 :> 0),
        baseline |-> (p1 :> 2),
        scanD |-> {},
        scanU |-> {},
        upGone |-> {},
        scanGen |-> (p1 :> 0),
        surfaced |-> {},
        parked |-> {},
        upDone |-> {},
        fq |-> {},
        carryDropped |-> {},
        carryPaths |-> {},
        citeDropped |-> {},
        fqRetired |-> (p1 :> 0),
        epoch |-> 1,
        st |-> "running",
        pc |-> "idle",
        consumed |-> {},
        declared |-> {},
        gcDone |-> {},
        gcTook |-> {},
        gcHeaded |-> {},
        gcSeen |-> (p1 :> 0),
        retire |-> (p1 :> 0),
        upVerified |-> FALSE,
        adopted |-> {},
        noInst |-> FALSE,
        local |-> (p1 :> 2),
        touched |-> {},
        prevScan |-> {},
        known |-> {1, 2},
        expSeq |-> 2,
        installed |-> TRUE,
        scope |-> {p1},
        instSeq |-> 2,
        repairMoved |-> {},
        lastDirty |-> {},
        stageCarried |-> FALSE,
        citeDone |-> {},
        sentTok |-> 0,
        pendCov |-> (p1 :> 0),
        pendMint |-> 0,
        pendDirty |-> {},
        honored |-> FALSE,
        pendReRun |-> FALSE,
        owed |-> {},
        verifiedAt |-> 0,
        inboxSeen |-> {},
        inboxLoaded |-> FALSE ] ]
/\ objects = (p1 :> 1)
/\ versions = (p1 :> {2})
/\ cellReleased = FALSE

State 20: <Next line 4162, col 7 to line 4162, col 42 of module LeanSubtree>
/\ cellHandoff = "none"
/\ stageBase = [A |-> (p1 :> 0), B |-> (p1 :> 0)]
/\ manSrc = "cadence"
/\ inbox = {}
/\ gh = [ removals |-> 0,
  tomb |-> (p1 :> 0),
  renamed |-> {},
  answered |-> {},
  amputated |-> FALSE,
  stragglerInstalls |-> 0,
  stragglerCas |-> 0,
  deposedPuts |-> 0,
  barriers |-> 2,
  done |-> 1,
  gc |-> 1,
  gcCited |-> 0,
  refusals |-> 0,
  cited |-> 1,
  takeovers |-> 0,
  crashes |-> 0,
  restarts |-> 0,
  adoptOwn |-> 0,
  stallUsed |-> FALSE,
  nextGen |-> 3,
  hitl |-> 1,
  syncs |-> 0,
  syncApplied |-> 0,
  syncConflicts |-> 0,
  syncDestroyed |-> FALSE,
  scopedDeferrals |-> 0,
  foreignLost |-> FALSE,
  deferredPaths |-> {},
  deferredLater |-> 0,
  staged |-> 0,
  cites |-> 0,
  reaped |-> 0,
  withheld |-> 0,
  forcedCites |-> 0,
  citeSpan |-> 0,
  carriedCite |-> FALSE,
  touches |-> 1,
  acks |-> 0,
  honors |-> 0,
  refusedAcks |-> 0,
  coalesced |-> 0,
  fastPaths |-> 0,
  ackAfterRestart |-> 0,
  fastHonor |-> FALSE,
  ackEarly |-> FALSE,
  ackIncoherent |-> FALSE,
  fencedOkAck |-> FALSE,
  srcMismatch |-> FALSE,
  partialAcks |-> 0,
  declaredDrops |-> 0,
  narrows |-> 0,
  narrowed |-> {},
  narrowRecited |-> {},
  removalsApplied |-> 0,
  removalsRefused |-> 0,
  renamesApplied |-> 0,
  renameRefused |-> {},
  citedPairs |-> {<<p1, 2>>},
  claimed |-> {"A", "B"},
  interleaved |-> FALSE,
  handoffs |-> 0,
  deposals |-> 0,
  deadSkips |-> 0,
  enqueues |-> 0,
  abandoned |-> 0,
  adoptWithheld |-> 0,
  sameBytes |-> 0,
  uploadWithheld |-> 0,
  staleOverride |-> FALSE,
  hitlRetired |-> {<<p1, 1>>},
  pullOnlys |-> 0,
  emptyInstalls |-> 1,
  tombRemoved |-> 0,
  tombSuperseded |-> 0,
  orphanTracks |-> 0,
  leaked |-> 0,
  staleAdopt |-> 0,
  retired |-> (p1 :> 0),
  orphanAt |-> (p1 :> 0),
  orphanOutlived |-> 0,
  leakApplied |-> 0,
  baseRestored |-> 0,
  carrierAck |-> FALSE,
  remJudged |-> (p1 :> 0),
  removalOverreach |-> FALSE,
  swept |-> 0,
  remOver |-> (p1 :> 0),
  uiBase |-> {<<p1, 2, 1>>},
  pendingKept |-> 0 ]
/\ cellEpoch = 2
/\ window = 0
/\ stage = [A |-> (p1 :> 0), B |-> (p1 :> 0)]
/\ conflicts = {}
/\ withheldDel = [A |-> {}, B |-> {}]
/\ manifest = (p1 :> 2)
/\ cellQueue = <<>>
/\ cellHolder = "A"
/\ manSeq = 2
/\ hitlAcked = {<<p1, 2>>}
/\ removals = {}
/\ sc = [ A |->
      [ pendN |-> {1},
        ackN |-> {},
        instSnap |-> (p1 :> 2),
        instSrc |-> "cadence",
        jSeq |-> 2,
        instBase |-> (p1 :> 1),
        judged |-> (p1 :> 0),
        baseline |-> (p1 :> 1),
        scanD |-> {p1},
        scanU |-> {},
        upGone |-> {},
        scanGen |-> (p1 :> 0),
        surfaced |-> {},
        parked |-> {},
        upDone |-> {},
        fq |-> {<<p1, 2>>},
        carryDropped |-> {},
        carryPaths |-> {},
        citeDropped |-> {},
        fqRetired |-> (p1 :> 0),
        epoch |-> 2,
        st |-> "running",
        pc |-> "cased",
        consumed |-> {},
        declared |-> {},
        gcDone |-> {p1},
        gcTook |-> {p1},
        gcHeaded |-> {},
        gcSeen |-> (p1 :> 0),
        retire |-> (p1 :> 0),
        upVerified |-> TRUE,
        adopted |-> {},
        noInst |-> TRUE,
        local |-> (p1 :> 0),
        touched |-> {},
        prevScan |-> {},
        known |-> {1},
        expSeq |-> 1,
        installed |-> FALSE,
        scope |-> {p1},
        instSeq |-> 2,
        repairMoved |-> {},
        lastDirty |-> {},
        stageCarried |-> FALSE,
        citeDone |-> {},
        sentTok |-> 0,
        pendCov |-> (p1 :> 0),
        pendMint |-> 3,
        pendDirty |-> {p1},
        honored |-> FALSE,
        pendReRun |-> FALSE,
        owed |-> {1},
        verifiedAt |-> 0,
        inboxSeen |-> {},
        inboxLoaded |-> FALSE ],
  B |->
      [ pendN |-> {},
        ackN |-> {},
        instSnap |-> (p1 :> 2),
        instSrc |-> "cadence",
        jSeq |-> 2,
        instBase |-> (p1 :> 2),
        judged |-> (p1 :> 0),
        baseline |-> (p1 :> 2),
        scanD |-> {},
        scanU |-> {},
        upGone |-> {},
        scanGen |-> (p1 :> 0),
        surfaced |-> {},
        parked |-> {},
        upDone |-> {},
        fq |-> {},
        carryDropped |-> {},
        carryPaths |-> {},
        citeDropped |-> {},
        fqRetired |-> (p1 :> 0),
        epoch |-> 1,
        st |-> "running",
        pc |-> "idle",
        consumed |-> {},
        declared |-> {},
        gcDone |-> {},
        gcTook |-> {},
        gcHeaded |-> {},
        gcSeen |-> (p1 :> 0),
        retire |-> (p1 :> 0),
        upVerified |-> FALSE,
        adopted |-> {},
        noInst |-> FALSE,
        local |-> (p1 :> 2),
        touched |-> {},
        prevScan |-> {},
        known |-> {1, 2},
        expSeq |-> 2,
        installed |-> TRUE,
        scope |-> {p1},
        instSeq |-> 2,
        repairMoved |-> {},
        lastDirty |-> {},
        stageCarried |-> FALSE,
        citeDone |-> {},
        sentTok |-> 0,
        pendCov |-> (p1 :> 0),
        pendMint |-> 0,
        pendDirty |-> {},
        honored |-> FALSE,
        pendReRun |-> FALSE,
        owed |-> {},
        verifiedAt |-> 0,
        inboxSeen |-> {},
        inboxLoaded |-> FALSE ] ]
/\ objects = (p1 :> 1)
/\ versions = (p1 :> {2})
/\ cellReleased = FALSE

State 21: <Next line 4160, col 7 to line 4160, col 55 of module LeanSubtree>
/\ cellHandoff = "none"
/\ stageBase = [A |-> (p1 :> 0), B |-> (p1 :> 0)]
/\ manSrc = "cadence"
/\ inbox = {}
/\ gh = [ removals |-> 0,
  tomb |-> (p1 :> 0),
  renamed |-> {},
  answered |-> {},
  amputated |-> FALSE,
  stragglerInstalls |-> 0,
  stragglerCas |-> 0,
  deposedPuts |-> 0,
  barriers |-> 2,
  done |-> 2,
  gc |-> 1,
  gcCited |-> 0,
  refusals |-> 0,
  cited |-> 1,
  takeovers |-> 0,
  crashes |-> 0,
  restarts |-> 0,
  adoptOwn |-> 0,
  stallUsed |-> FALSE,
  nextGen |-> 3,
  hitl |-> 1,
  syncs |-> 0,
  syncApplied |-> 0,
  syncConflicts |-> 0,
  syncDestroyed |-> FALSE,
  scopedDeferrals |-> 0,
  foreignLost |-> FALSE,
  deferredPaths |-> {},
  deferredLater |-> 0,
  staged |-> 0,
  cites |-> 0,
  reaped |-> 0,
  withheld |-> 0,
  forcedCites |-> 0,
  citeSpan |-> 0,
  carriedCite |-> FALSE,
  touches |-> 1,
  acks |-> 0,
  honors |-> 0,
  refusedAcks |-> 0,
  coalesced |-> 0,
  fastPaths |-> 0,
  ackAfterRestart |-> 0,
  fastHonor |-> FALSE,
  ackEarly |-> FALSE,
  ackIncoherent |-> FALSE,
  fencedOkAck |-> FALSE,
  srcMismatch |-> FALSE,
  partialAcks |-> 0,
  declaredDrops |-> 0,
  narrows |-> 0,
  narrowed |-> {},
  narrowRecited |-> {},
  removalsApplied |-> 0,
  removalsRefused |-> 0,
  renamesApplied |-> 0,
  renameRefused |-> {},
  citedPairs |-> {<<p1, 2>>},
  claimed |-> {"A", "B"},
  interleaved |-> FALSE,
  handoffs |-> 0,
  deposals |-> 0,
  deadSkips |-> 0,
  enqueues |-> 0,
  abandoned |-> 0,
  adoptWithheld |-> 0,
  sameBytes |-> 0,
  uploadWithheld |-> 0,
  staleOverride |-> FALSE,
  hitlRetired |-> {<<p1, 1>>},
  pullOnlys |-> 0,
  emptyInstalls |-> 1,
  tombRemoved |-> 0,
  tombSuperseded |-> 0,
  orphanTracks |-> 0,
  leaked |-> 0,
  staleAdopt |-> 0,
  retired |-> (p1 :> 0),
  orphanAt |-> (p1 :> 0),
  orphanOutlived |-> 0,
  leakApplied |-> 0,
  baseRestored |-> 0,
  carrierAck |-> FALSE,
  remJudged |-> (p1 :> 0),
  removalOverreach |-> FALSE,
  swept |-> 0,
  remOver |-> (p1 :> 0),
  uiBase |-> {<<p1, 2, 1>>},
  pendingKept |-> 0 ]
/\ cellEpoch = 2
/\ window = 0
/\ stage = [A |-> (p1 :> 0), B |-> (p1 :> 0)]
/\ conflicts = {}
/\ withheldDel = [A |-> {}, B |-> {}]
/\ manifest = (p1 :> 2)
/\ cellQueue = <<>>
/\ cellHolder = "A"
/\ manSeq = 2
/\ hitlAcked = {<<p1, 2>>}
/\ removals = {}
/\ sc = [ A |->
      [ pendN |-> {1},
        ackN |-> {},
        instSnap |-> (p1 :> 2),
        instSrc |-> "cadence",
        jSeq |-> 2,
        instBase |-> (p1 :> 2),
        judged |-> (p1 :> 0),
        baseline |-> (p1 :> 1),
        scanD |-> {},
        scanU |-> {},
        upGone |-> {},
        scanGen |-> (p1 :> 0),
        surfaced |-> {},
        parked |-> {},
        upDone |-> {},
        fq |-> {<<p1, 2>>},
        carryDropped |-> {},
        carryPaths |-> {},
        citeDropped |-> {},
        fqRetired |-> (p1 :> 0),
        epoch |-> 2,
        st |-> "running",
        pc |-> "idle",
        consumed |-> {},
        declared |-> {},
        gcDone |-> {},
        gcTook |-> {},
        gcHeaded |-> {},
        gcSeen |-> (p1 :> 0),
        retire |-> (p1 :> 0),
        upVerified |-> FALSE,
        adopted |-> {},
        noInst |-> FALSE,
        local |-> (p1 :> 0),
        touched |-> {},
        prevScan |-> {},
        known |-> {1},
        expSeq |-> 2,
        installed |-> FALSE,
        scope |-> {p1},
        instSeq |-> 2,
        repairMoved |-> {},
        lastDirty |-> {},
        stageCarried |-> FALSE,
        citeDone |-> {},
        sentTok |-> 0,
        pendCov |-> (p1 :> 0),
        pendMint |-> 3,
        pendDirty |-> {p1},
        honored |-> TRUE,
        pendReRun |-> FALSE,
        owed |-> {1},
        verifiedAt |-> 0,
        inboxSeen |-> {},
        inboxLoaded |-> FALSE ],
  B |->
      [ pendN |-> {},
        ackN |-> {},
        instSnap |-> (p1 :> 2),
        instSrc |-> "cadence",
        jSeq |-> 2,
        instBase |-> (p1 :> 2),
        judged |-> (p1 :> 0),
        baseline |-> (p1 :> 2),
        scanD |-> {},
        scanU |-> {},
        upGone |-> {},
        scanGen |-> (p1 :> 0),
        surfaced |-> {},
        parked |-> {},
        upDone |-> {},
        fq |-> {},
        carryDropped |-> {},
        carryPaths |-> {},
        citeDropped |-> {},
        fqRetired |-> (p1 :> 0),
        epoch |-> 1,
        st |-> "running",
        pc |-> "idle",
        consumed |-> {},
        declared |-> {},
        gcDone |-> {},
        gcTook |-> {},
        gcHeaded |-> {},
        gcSeen |-> (p1 :> 0),
        retire |-> (p1 :> 0),
        upVerified |-> FALSE,
        adopted |-> {},
        noInst |-> FALSE,
        local |-> (p1 :> 2),
        touched |-> {},
        prevScan |-> {},
        known |-> {1, 2},
        expSeq |-> 2,
        installed |-> TRUE,
        scope |-> {p1},
        instSeq |-> 2,
        repairMoved |-> {},
        lastDirty |-> {},
        stageCarried |-> FALSE,
        citeDone |-> {},
        sentTok |-> 0,
        pendCov |-> (p1 :> 0),
        pendMint |-> 0,
        pendDirty |-> {},
        honored |-> FALSE,
        pendReRun |-> FALSE,
        owed |-> {},
        verifiedAt |-> 0,
        inboxSeen |-> {},
        inboxLoaded |-> FALSE ] ]
/\ objects = (p1 :> 1)
/\ versions = (p1 :> {2})
/\ cellReleased = TRUE

State 22: <Next line 4160, col 7 to line 4160, col 55 of module LeanSubtree>
/\ cellHandoff = "none"
/\ stageBase = [A |-> (p1 :> 0), B |-> (p1 :> 0)]
/\ manSrc = "cadence"
/\ inbox = {}
/\ gh = [ removals |-> 0,
  tomb |-> (p1 :> 0),
  renamed |-> {},
  answered |-> {},
  amputated |-> FALSE,
  stragglerInstalls |-> 0,
  stragglerCas |-> 0,
  deposedPuts |-> 0,
  barriers |-> 2,
  done |-> 2,
  gc |-> 1,
  gcCited |-> 0,
  refusals |-> 0,
  cited |-> 1,
  takeovers |-> 0,
  crashes |-> 0,
  restarts |-> 0,
  adoptOwn |-> 0,
  stallUsed |-> FALSE,
  nextGen |-> 3,
  hitl |-> 1,
  syncs |-> 0,
  syncApplied |-> 0,
  syncConflicts |-> 0,
  syncDestroyed |-> FALSE,
  scopedDeferrals |-> 0,
  foreignLost |-> FALSE,
  deferredPaths |-> {},
  deferredLater |-> 0,
  staged |-> 0,
  cites |-> 0,
  reaped |-> 0,
  withheld |-> 0,
  forcedCites |-> 0,
  citeSpan |-> 0,
  carriedCite |-> FALSE,
  touches |-> 1,
  acks |-> 1,
  honors |-> 1,
  refusedAcks |-> 0,
  coalesced |-> 0,
  fastPaths |-> 0,
  ackAfterRestart |-> 0,
  fastHonor |-> FALSE,
  ackEarly |-> TRUE,
  ackIncoherent |-> FALSE,
  fencedOkAck |-> FALSE,
  srcMismatch |-> FALSE,
  partialAcks |-> 0,
  declaredDrops |-> 0,
  narrows |-> 0,
  narrowed |-> {},
  narrowRecited |-> {},
  removalsApplied |-> 0,
  removalsRefused |-> 0,
  renamesApplied |-> 0,
  renameRefused |-> {},
  citedPairs |-> {<<p1, 2>>},
  claimed |-> {"A", "B"},
  interleaved |-> FALSE,
  handoffs |-> 0,
  deposals |-> 0,
  deadSkips |-> 0,
  enqueues |-> 0,
  abandoned |-> 0,
  adoptWithheld |-> 0,
  sameBytes |-> 0,
  uploadWithheld |-> 0,
  staleOverride |-> FALSE,
  hitlRetired |-> {<<p1, 1>>},
  pullOnlys |-> 0,
  emptyInstalls |-> 1,
  tombRemoved |-> 0,
  tombSuperseded |-> 0,
  orphanTracks |-> 0,
  leaked |-> 0,
  staleAdopt |-> 0,
  retired |-> (p1 :> 0),
  orphanAt |-> (p1 :> 0),
  orphanOutlived |-> 0,
  leakApplied |-> 0,
  baseRestored |-> 0,
  carrierAck |-> FALSE,
  remJudged |-> (p1 :> 0),
  removalOverreach |-> FALSE,
  swept |-> 0,
  remOver |-> (p1 :> 0),
  uiBase |-> {<<p1, 2, 1>>},
  pendingKept |-> 0 ]
/\ cellEpoch = 2
/\ window = 0
/\ stage = [A |-> (p1 :> 0), B |-> (p1 :> 0)]
/\ conflicts = {}
/\ withheldDel = [A |-> {}, B |-> {}]
/\ manifest = (p1 :> 2)
/\ cellQueue = <<>>
/\ cellHolder = "A"
/\ manSeq = 2
/\ hitlAcked = {<<p1, 2>>}
/\ removals = {}
/\ sc = [ A |->
      [ pendN |-> {1},
        ackN |-> {1},
        instSnap |-> (p1 :> 2),
        instSrc |-> "cadence",
        jSeq |-> 2,
        instBase |-> (p1 :> 2),
        judged |-> (p1 :> 0),
        baseline |-> (p1 :> 1),
        scanD |-> {},
        scanU |-> {},
        upGone |-> {},
        scanGen |-> (p1 :> 0),
        surfaced |-> {},
        parked |-> {},
        upDone |-> {},
        fq |-> {<<p1, 2>>},
        carryDropped |-> {},
        carryPaths |-> {},
        citeDropped |-> {},
        fqRetired |-> (p1 :> 0),
        epoch |-> 2,
        st |-> "running",
        pc |-> "idle",
        consumed |-> {},
        declared |-> {},
        gcDone |-> {},
        gcTook |-> {},
        gcHeaded |-> {},
        gcSeen |-> (p1 :> 0),
        retire |-> (p1 :> 0),
        upVerified |-> FALSE,
        adopted |-> {},
        noInst |-> FALSE,
        local |-> (p1 :> 0),
        touched |-> {},
        prevScan |-> {},
        known |-> {1},
        expSeq |-> 2,
        installed |-> FALSE,
        scope |-> {p1},
        instSeq |-> 2,
        repairMoved |-> {},
        lastDirty |-> {},
        stageCarried |-> FALSE,
        citeDone |-> {},
        sentTok |-> 0,
        pendCov |-> (p1 :> 0),
        pendMint |-> 3,
        pendDirty |-> {p1},
        honored |-> FALSE,
        pendReRun |-> FALSE,
        owed |-> {1},
        verifiedAt |-> 0,
        inboxSeen |-> {},
        inboxLoaded |-> FALSE ],
  B |->
      [ pendN |-> {},
        ackN |-> {},
        instSnap |-> (p1 :> 2),
        instSrc |-> "cadence",
        jSeq |-> 2,
        instBase |-> (p1 :> 2),
        judged |-> (p1 :> 0),
        baseline |-> (p1 :> 2),
        scanD |-> {},
        scanU |-> {},
        upGone |-> {},
        scanGen |-> (p1 :> 0),
        surfaced |-> {},
        parked |-> {},
        upDone |-> {},
        fq |-> {},
        carryDropped |-> {},
        carryPaths |-> {},
        citeDropped |-> {},
        fqRetired |-> (p1 :> 0),
        epoch |-> 1,
        st |-> "running",
        pc |-> "idle",
        consumed |-> {},
        declared |-> {},
        gcDone |-> {},
        gcTook |-> {},
        gcHeaded |-> {},
        gcSeen |-> (p1 :> 0),
        retire |-> (p1 :> 0),
        upVerified |-> FALSE,
        adopted |-> {},
        noInst |-> FALSE,
        local |-> (p1 :> 2),
        touched |-> {},
        prevScan |-> {},
        known |-> {1, 2},
        expSeq |-> 2,
        installed |-> TRUE,
        scope |-> {p1},
        instSeq |-> 2,
        repairMoved |-> {},
        lastDirty |-> {},
        stageCarried |-> FALSE,
        citeDone |-> {},
        sentTok |-> 0,
        pendCov |-> (p1 :> 0),
        pendMint |-> 0,
        pendDirty |-> {},
        honored |-> FALSE,
        pendReRun |-> FALSE,
        owed |-> {},
        verifiedAt |-> 0,
        inboxSeen |-> {},
        inboxLoaded |-> FALSE ] ]
/\ objects = (p1 :> 1)
/\ versions = (p1 :> {2})
/\ cellReleased = TRUE

34954323 states generated, 10645182 distinct states found, 2752331 states left on queue.
The depth of the complete state graph search is 22.
The average outdegree of the complete state graph is 1 (minimum is 0, the maximum 9 and the 95th percentile is 3).
Finished in 16min 50s at (2026-09-23 18:53:28)
