TLC2 Version 2.19 of 08 August 2024 (rev: 5a47802)
Running breadth-first search Model-Checking with fp 114 and seed -7201387751517848183 with 6 workers on 8 cores with 14564MB heap and 64MB offheap memory [pid: 149632] (Linux 6.12.0-061200-generic amd64, Ubuntu 21.0.11 x86_64, MSBDiskFPSet, DiskStateQueue).
Parsing file /home/ddalton/lean-patches-2026-09-24/LeanSubtree.tla
Parsing file /tmp/Naturals.tla
Parsing file /tmp/FiniteSets.tla
Parsing file /tmp/Sequences.tla
Parsing file /tmp/TLC.tla
Semantic processing of module Naturals
Semantic processing of module Sequences
Semantic processing of module FiniteSets
Semantic processing of module TLC
Semantic processing of module LeanSubtree
Starting... (2026-09-25 04:05:16)
Computing initial states...
Finished computing initial states: 1 distinct state generated at 2026-09-25 04:05:16.
Progress(17) at 2026-09-25 04:05:19: 151,381 states generated (151,381 s/min), 46,220 distinct states found (46,220 ds/min), 15,257 states left on queue.
Error: Invariant Inv_ConsumeNeverRegresses is violated.
Error: The behavior up to this point is:
State 1: <Initial predicate>
/\ cellHandoff = "none"
/\ stageBase = [A |-> (p1 :> 0), B |-> (p1 :> 0)]
/\ manSrc = "none"
/\ inbox = {}
/\ gh = [ removals |-> 0,
  tomb |-> (p1 :> 0),
  renamed |-> {},
  answered |-> {},
  amputated |-> FALSE,
  stragglerInstalls |-> 0,
  stragglerCas |-> 0,
  deposedPuts |-> 0,
  barriers |-> 0,
  done |-> 0,
  gc |-> 0,
  gcCited |-> 0,
  refusals |-> 0,
  cited |-> 0,
  takeovers |-> 0,
  crashes |-> 0,
  restarts |-> 0,
  adoptOwn |-> 0,
  stallUsed |-> FALSE,
  nextGen |-> 2,
  hitl |-> 0,
  syncs |-> 0,
  syncApplied |-> 0,
  syncConflicts |-> 0,
  syncDestroyed |-> FALSE,
  scopedDeferrals |-> 0,
  foreignLost |-> FALSE,
  deferredPaths |-> {},
  deferredLater |-> 0,
  staged |-> 0,
  cites |-> 0,
  reaped |-> 0,
  withheld |-> 0,
  forcedCites |-> 0,
  citeSpan |-> 0,
  carriedCite |-> FALSE,
  touches |-> 0,
  acks |-> 0,
  honors |-> 0,
  refusedAcks |-> 0,
  coalesced |-> 0,
  fastPaths |-> 0,
  ackAfterRestart |-> 0,
  fastHonor |-> FALSE,
  ackEarly |-> FALSE,
  ackIncoherent |-> FALSE,
  fencedOkAck |-> FALSE,
  srcMismatch |-> FALSE,
  partialAcks |-> 0,
  declaredDrops |-> 0,
  narrows |-> 0,
  narrowed |-> {},
  narrowRecited |-> {},
  narrowDeleted |-> {},
  consumeRegressed |-> FALSE,
  removalsApplied |-> 0,
  removalsRefused |-> 0,
  renamesApplied |-> 0,
  renameRefused |-> {},
  citedPairs |-> {},
  claimed |-> {},
  interleaved |-> FALSE,
  handoffs |-> 0,
  deposals |-> 0,
  deadSkips |-> 0,
  enqueues |-> 0,
  abandoned |-> 0,
  adoptWithheld |-> 0,
  sameBytes |-> 0,
  uploadWithheld |-> 0,
  staleOverride |-> FALSE,
  hitlRetired |-> {},
  pullOnlys |-> 0,
  emptyInstalls |-> 0,
  tombRemoved |-> 0,
  tombSuperseded |-> 0,
  orphanTracks |-> 0,
  leaked |-> 0,
  staleAdopt |-> 0,
  retired |-> (p1 :> 0),
  orphanAt |-> (p1 :> 0),
  orphanOutlived |-> 0,
  leakApplied |-> 0,
  baseRestored |-> 0,
  carrierAck |-> FALSE,
  remJudged |-> (p1 :> 0),
  removalOverreach |-> FALSE,
  swept |-> 0,
  remOver |-> (p1 :> 0),
  uiBase |-> {},
  pendingKept |-> 0 ]
/\ cellEpoch = 0
/\ window = 0
/\ stage = [A |-> (p1 :> 0), B |-> (p1 :> 0)]
/\ conflicts = {}
/\ withheldDel = [A |-> {}, B |-> {}]
/\ manifest = (p1 :> 1)
/\ cellQueue = <<>>
/\ cellHolder = "none"
/\ manSeq = 1
/\ hitlAcked = {}
/\ removals = {}
/\ sc = [ A |->
      [ pendN |-> {},
        ackN |-> {},
        instSnap |-> (p1 :> 0),
        instSrc |-> "none",
        jSeq |-> 0,
        instBase |-> (p1 :> 0),
        judged |-> (p1 :> 0),
        baseline |-> (p1 :> 0),
        scanD |-> {},
        scanU |-> {},
        upGone |-> {},
        scanGen |-> (p1 :> 0),
        surfaced |-> {},
        parked |-> {},
        upDone |-> {},
        fq |-> {},
        carryDropped |-> {},
        carryPaths |-> {},
        citeDropped |-> {},
        fqRetired |-> (p1 :> 0),
        epoch |-> 0,
        st |-> "unstarted",
        pc |-> "idle",
        consumed |-> {},
        declared |-> {},
        gcDone |-> {},
        gcTook |-> {},
        gcHeaded |-> {},
        gcSeen |-> (p1 :> 0),
        retire |-> (p1 :> 0),
        upVerified |-> FALSE,
        adopted |-> {},
        noInst |-> FALSE,
        local |-> (p1 :> 0),
        touched |-> {},
        prevScan |-> {},
        known |-> {},
        expSeq |-> 0,
        installed |-> FALSE,
        scope |-> {p1},
        instSeq |-> 0,
        repairMoved |-> {},
        lastDirty |-> {},
        stageCarried |-> FALSE,
        citeDone |-> {},
        sentTok |-> 0,
        pendCov |-> (p1 :> 0),
        pendMint |-> 0,
        pendDirty |-> {},
        honored |-> FALSE,
        pendReRun |-> FALSE,
        owed |-> {},
        verifiedAt |-> 0,
        inboxSeen |-> {},
        inboxLoaded |-> FALSE ],
  B |->
      [ pendN |-> {},
        ackN |-> {},
        instSnap |-> (p1 :> 0),
        instSrc |-> "none",
        jSeq |-> 0,
        instBase |-> (p1 :> 0),
        judged |-> (p1 :> 0),
        baseline |-> (p1 :> 0),
        scanD |-> {},
        scanU |-> {},
        upGone |-> {},
        scanGen |-> (p1 :> 0),
        surfaced |-> {},
        parked |-> {},
        upDone |-> {},
        fq |-> {},
        carryDropped |-> {},
        carryPaths |-> {},
        citeDropped |-> {},
        fqRetired |-> (p1 :> 0),
        epoch |-> 0,
        st |-> "unstarted",
        pc |-> "idle",
        consumed |-> {},
        declared |-> {},
        gcDone |-> {},
        gcTook |-> {},
        gcHeaded |-> {},
        gcSeen |-> (p1 :> 0),
        retire |-> (p1 :> 0),
        upVerified |-> FALSE,
        adopted |-> {},
        noInst |-> FALSE,
        local |-> (p1 :> 0),
        touched |-> {},
        prevScan |-> {},
        known |-> {},
        expSeq |-> 0,
        installed |-> FALSE,
        scope |-> {p1},
        instSeq |-> 0,
        repairMoved |-> {},
        lastDirty |-> {},
        stageCarried |-> FALSE,
        citeDone |-> {},
        sentTok |-> 0,
        pendCov |-> (p1 :> 0),
        pendMint |-> 0,
        pendDirty |-> {},
        honored |-> FALSE,
        pendReRun |-> FALSE,
        owed |-> {},
        verifiedAt |-> 0,
        inboxSeen |-> {},
        inboxLoaded |-> FALSE ] ]
/\ objects = (p1 :> 1)
/\ versions = (p1 :> {1})
/\ cellReleased = FALSE

State 2: <Next line 4187, col 7 to line 4187, col 55 of module LeanSubtree>
/\ cellHandoff = "none"
/\ stageBase = [A |-> (p1 :> 0), B |-> (p1 :> 0)]
/\ manSrc = "none"
/\ inbox = {}
/\ gh = [ removals |-> 0,
  tomb |-> (p1 :> 0),
  renamed |-> {},
  answered |-> {},
  amputated |-> FALSE,
  stragglerInstalls |-> 0,
  stragglerCas |-> 0,
  deposedPuts |-> 0,
  barriers |-> 0,
  done |-> 0,
  gc |-> 0,
  gcCited |-> 0,
  refusals |-> 0,
  cited |-> 0,
  takeovers |-> 0,
  crashes |-> 0,
  restarts |-> 0,
  adoptOwn |-> 0,
  stallUsed |-> FALSE,
  nextGen |-> 2,
  hitl |-> 0,
  syncs |-> 0,
  syncApplied |-> 0,
  syncConflicts |-> 0,
  syncDestroyed |-> FALSE,
  scopedDeferrals |-> 0,
  foreignLost |-> FALSE,
  deferredPaths |-> {},
  deferredLater |-> 0,
  staged |-> 0,
  cites |-> 0,
  reaped |-> 0,
  withheld |-> 0,
  forcedCites |-> 0,
  citeSpan |-> 0,
  carriedCite |-> FALSE,
  touches |-> 0,
  acks |-> 0,
  honors |-> 0,
  refusedAcks |-> 0,
  coalesced |-> 0,
  fastPaths |-> 0,
  ackAfterRestart |-> 0,
  fastHonor |-> FALSE,
  ackEarly |-> FALSE,
  ackIncoherent |-> FALSE,
  fencedOkAck |-> FALSE,
  srcMismatch |-> FALSE,
  partialAcks |-> 0,
  declaredDrops |-> 0,
  narrows |-> 0,
  narrowed |-> {},
  narrowRecited |-> {},
  narrowDeleted |-> {},
  consumeRegressed |-> FALSE,
  removalsApplied |-> 0,
  removalsRefused |-> 0,
  renamesApplied |-> 0,
  renameRefused |-> {},
  citedPairs |-> {},
  claimed |-> {},
  interleaved |-> FALSE,
  handoffs |-> 0,
  deposals |-> 0,
  deadSkips |-> 0,
  enqueues |-> 0,
  abandoned |-> 0,
  adoptWithheld |-> 0,
  sameBytes |-> 0,
  uploadWithheld |-> 0,
  staleOverride |-> FALSE,
  hitlRetired |-> {},
  pullOnlys |-> 0,
  emptyInstalls |-> 0,
  tombRemoved |-> 0,
  tombSuperseded |-> 0,
  orphanTracks |-> 0,
  leaked |-> 0,
  staleAdopt |-> 0,
  retired |-> (p1 :> 0),
  orphanAt |-> (p1 :> 0),
  orphanOutlived |-> 0,
  leakApplied |-> 0,
  baseRestored |-> 0,
  carrierAck |-> FALSE,
  remJudged |-> (p1 :> 0),
  removalOverreach |-> FALSE,
  swept |-> 0,
  remOver |-> (p1 :> 0),
  uiBase |-> {},
  pendingKept |-> 0 ]
/\ cellEpoch = 0
/\ window = 0
/\ stage = [A |-> (p1 :> 0), B |-> (p1 :> 0)]
/\ conflicts = {}
/\ withheldDel = [A |-> {}, B |-> {}]
/\ manifest = (p1 :> 1)
/\ cellQueue = <<>>
/\ cellHolder = "none"
/\ manSeq = 1
/\ hitlAcked = {}
/\ removals = {}
/\ sc = [ A |->
      [ pendN |-> {},
        ackN |-> {},
        instSnap |-> (p1 :> 1),
        instSrc |-> "none",
        jSeq |-> 0,
        instBase |-> (p1 :> 1),
        judged |-> (p1 :> 0),
        baseline |-> (p1 :> 1),
        scanD |-> {},
        scanU |-> {},
        upGone |-> {},
        scanGen |-> (p1 :> 0),
        surfaced |-> {},
        parked |-> {},
        upDone |-> {},
        fq |-> {},
        carryDropped |-> {},
        carryPaths |-> {},
        citeDropped |-> {},
        fqRetired |-> (p1 :> 0),
        epoch |-> 0,
        st |-> "running",
        pc |-> "idle",
        consumed |-> {},
        declared |-> {},
        gcDone |-> {},
        gcTook |-> {},
        gcHeaded |-> {},
        gcSeen |-> (p1 :> 0),
        retire |-> (p1 :> 0),
        upVerified |-> FALSE,
        adopted |-> {},
        noInst |-> FALSE,
        local |-> (p1 :> 1),
        touched |-> {},
        prevScan |-> {},
        known |-> {1},
        expSeq |-> 1,
        installed |-> FALSE,
        scope |-> {p1},
        instSeq |-> 1,
        repairMoved |-> {},
        lastDirty |-> {},
        stageCarried |-> FALSE,
        citeDone |-> {},
        sentTok |-> 0,
        pendCov |-> (p1 :> 0),
        pendMint |-> 0,
        pendDirty |-> {},
        honored |-> FALSE,
        pendReRun |-> FALSE,
        owed |-> {},
        verifiedAt |-> 0,
        inboxSeen |-> {},
        inboxLoaded |-> FALSE ],
  B |->
      [ pendN |-> {},
        ackN |-> {},
        instSnap |-> (p1 :> 0),
        instSrc |-> "none",
        jSeq |-> 0,
        instBase |-> (p1 :> 0),
        judged |-> (p1 :> 0),
        baseline |-> (p1 :> 0),
        scanD |-> {},
        scanU |-> {},
        upGone |-> {},
        scanGen |-> (p1 :> 0),
        surfaced |-> {},
        parked |-> {},
        upDone |-> {},
        fq |-> {},
        carryDropped |-> {},
        carryPaths |-> {},
        citeDropped |-> {},
        fqRetired |-> (p1 :> 0),
        epoch |-> 0,
        st |-> "unstarted",
        pc |-> "idle",
        consumed |-> {},
        declared |-> {},
        gcDone |-> {},
        gcTook |-> {},
        gcHeaded |-> {},
        gcSeen |-> (p1 :> 0),
        retire |-> (p1 :> 0),
        upVerified |-> FALSE,
        adopted |-> {},
        noInst |-> FALSE,
        local |-> (p1 :> 0),
        touched |-> {},
        prevScan |-> {},
        known |-> {},
        expSeq |-> 0,
        installed |-> FALSE,
        scope |-> {p1},
        instSeq |-> 0,
        repairMoved |-> {},
        lastDirty |-> {},
        stageCarried |-> FALSE,
        citeDone |-> {},
        sentTok |-> 0,
        pendCov |-> (p1 :> 0),
        pendMint |-> 0,
        pendDirty |-> {},
        honored |-> FALSE,
        pendReRun |-> FALSE,
        owed |-> {},
        verifiedAt |-> 0,
        inboxSeen |-> {},
        inboxLoaded |-> FALSE ] ]
/\ objects = (p1 :> 1)
/\ versions = (p1 :> {1})
/\ cellReleased = FALSE

State 3: <Next line 4187, col 7 to line 4187, col 55 of module LeanSubtree>
/\ cellHandoff = "none"
/\ stageBase = [A |-> (p1 :> 0), B |-> (p1 :> 0)]
/\ manSrc = "none"
/\ inbox = {}
/\ gh = [ removals |-> 0,
  tomb |-> (p1 :> 0),
  renamed |-> {},
  answered |-> {},
  amputated |-> FALSE,
  stragglerInstalls |-> 0,
  stragglerCas |-> 0,
  deposedPuts |-> 0,
  barriers |-> 0,
  done |-> 0,
  gc |-> 0,
  gcCited |-> 0,
  refusals |-> 0,
  cited |-> 0,
  takeovers |-> 0,
  crashes |-> 0,
  restarts |-> 0,
  adoptOwn |-> 0,
  stallUsed |-> FALSE,
  nextGen |-> 2,
  hitl |-> 0,
  syncs |-> 0,
  syncApplied |-> 0,
  syncConflicts |-> 0,
  syncDestroyed |-> FALSE,
  scopedDeferrals |-> 0,
  foreignLost |-> FALSE,
  deferredPaths |-> {},
  deferredLater |-> 0,
  staged |-> 0,
  cites |-> 0,
  reaped |-> 0,
  withheld |-> 0,
  forcedCites |-> 0,
  citeSpan |-> 0,
  carriedCite |-> FALSE,
  touches |-> 0,
  acks |-> 0,
  honors |-> 0,
  refusedAcks |-> 0,
  coalesced |-> 0,
  fastPaths |-> 0,
  ackAfterRestart |-> 0,
  fastHonor |-> FALSE,
  ackEarly |-> FALSE,
  ackIncoherent |-> FALSE,
  fencedOkAck |-> FALSE,
  srcMismatch |-> FALSE,
  partialAcks |-> 0,
  declaredDrops |-> 0,
  narrows |-> 0,
  narrowed |-> {},
  narrowRecited |-> {},
  narrowDeleted |-> {},
  consumeRegressed |-> FALSE,
  removalsApplied |-> 0,
  removalsRefused |-> 0,
  renamesApplied |-> 0,
  renameRefused |-> {},
  citedPairs |-> {},
  claimed |-> {},
  interleaved |-> FALSE,
  handoffs |-> 0,
  deposals |-> 0,
  deadSkips |-> 0,
  enqueues |-> 0,
  abandoned |-> 0,
  adoptWithheld |-> 0,
  sameBytes |-> 0,
  uploadWithheld |-> 0,
  staleOverride |-> FALSE,
  hitlRetired |-> {},
  pullOnlys |-> 0,
  emptyInstalls |-> 0,
  tombRemoved |-> 0,
  tombSuperseded |-> 0,
  orphanTracks |-> 0,
  leaked |-> 0,
  staleAdopt |-> 0,
  retired |-> (p1 :> 0),
  orphanAt |-> (p1 :> 0),
  orphanOutlived |-> 0,
  leakApplied |-> 0,
  baseRestored |-> 0,
  carrierAck |-> FALSE,
  remJudged |-> (p1 :> 0),
  removalOverreach |-> FALSE,
  swept |-> 0,
  remOver |-> (p1 :> 0),
  uiBase |-> {},
  pendingKept |-> 0 ]
/\ cellEpoch = 0
/\ window = 0
/\ stage = [A |-> (p1 :> 0), B |-> (p1 :> 0)]
/\ conflicts = {}
/\ withheldDel = [A |-> {}, B |-> {}]
/\ manifest = (p1 :> 1)
/\ cellQueue = <<>>
/\ cellHolder = "none"
/\ manSeq = 1
/\ hitlAcked = {}
/\ removals = {}
/\ sc = [ A |->
      [ pendN |-> {},
        ackN |-> {},
        instSnap |-> (p1 :> 1),
        instSrc |-> "none",
        jSeq |-> 0,
        instBase |-> (p1 :> 1),
        judged |-> (p1 :> 0),
        baseline |-> (p1 :> 1),
        scanD |-> {},
        scanU |-> {},
        upGone |-> {},
        scanGen |-> (p1 :> 0),
        surfaced |-> {},
        parked |-> {},
        upDone |-> {},
        fq |-> {},
        carryDropped |-> {},
        carryPaths |-> {},
        citeDropped |-> {},
        fqRetired |-> (p1 :> 0),
        epoch |-> 0,
        st |-> "running",
        pc |-> "idle",
        consumed |-> {},
        declared |-> {},
        gcDone |-> {},
        gcTook |-> {},
        gcHeaded |-> {},
        gcSeen |-> (p1 :> 0),
        retire |-> (p1 :> 0),
        upVerified |-> FALSE,
        adopted |-> {},
        noInst |-> FALSE,
        local |-> (p1 :> 1),
        touched |-> {},
        prevScan |-> {},
        known |-> {1},
        expSeq |-> 1,
        installed |-> FALSE,
        scope |-> {p1},
        instSeq |-> 1,
        repairMoved |-> {},
        lastDirty |-> {},
        stageCarried |-> FALSE,
        citeDone |-> {},
        sentTok |-> 0,
        pendCov |-> (p1 :> 0),
        pendMint |-> 0,
        pendDirty |-> {},
        honored |-> FALSE,
        pendReRun |-> FALSE,
        owed |-> {},
        verifiedAt |-> 0,
        inboxSeen |-> {},
        inboxLoaded |-> FALSE ],
  B |->
      [ pendN |-> {},
        ackN |-> {},
        instSnap |-> (p1 :> 1),
        instSrc |-> "none",
        jSeq |-> 0,
        instBase |-> (p1 :> 1),
        judged |-> (p1 :> 0),
        baseline |-> (p1 :> 1),
        scanD |-> {},
        scanU |-> {},
        upGone |-> {},
        scanGen |-> (p1 :> 0),
        surfaced |-> {},
        parked |-> {},
        upDone |-> {},
        fq |-> {},
        carryDropped |-> {},
        carryPaths |-> {},
        citeDropped |-> {},
        fqRetired |-> (p1 :> 0),
        epoch |-> 0,
        st |-> "running",
        pc |-> "idle",
        consumed |-> {},
        declared |-> {},
        gcDone |-> {},
        gcTook |-> {},
        gcHeaded |-> {},
        gcSeen |-> (p1 :> 0),
        retire |-> (p1 :> 0),
        upVerified |-> FALSE,
        adopted |-> {},
        noInst |-> FALSE,
        local |-> (p1 :> 1),
        touched |-> {},
        prevScan |-> {},
        known |-> {1},
        expSeq |-> 1,
        installed |-> FALSE,
        scope |-> {p1},
        instSeq |-> 1,
        repairMoved |-> {},
        lastDirty |-> {},
        stageCarried |-> FALSE,
        citeDone |-> {},
        sentTok |-> 0,
        pendCov |-> (p1 :> 0),
        pendMint |-> 0,
        pendDirty |-> {},
        honored |-> FALSE,
        pendReRun |-> FALSE,
        owed |-> {},
        verifiedAt |-> 0,
        inboxSeen |-> {},
        inboxLoaded |-> FALSE ] ]
/\ objects = (p1 :> 1)
/\ versions = (p1 :> {1})
/\ cellReleased = FALSE

State 4: <Next line 4187, col 7 to line 4187, col 55 of module LeanSubtree>
/\ cellHandoff = "none"
/\ stageBase = [A |-> (p1 :> 0), B |-> (p1 :> 0)]
/\ manSrc = "none"
/\ inbox = {}
/\ gh = [ removals |-> 0,
  tomb |-> (p1 :> 0),
  renamed |-> {},
  answered |-> {},
  amputated |-> FALSE,
  stragglerInstalls |-> 0,
  stragglerCas |-> 0,
  deposedPuts |-> 0,
  barriers |-> 0,
  done |-> 0,
  gc |-> 0,
  gcCited |-> 0,
  refusals |-> 0,
  cited |-> 0,
  takeovers |-> 0,
  crashes |-> 0,
  restarts |-> 0,
  adoptOwn |-> 0,
  stallUsed |-> FALSE,
  nextGen |-> 3,
  hitl |-> 0,
  syncs |-> 0,
  syncApplied |-> 0,
  syncConflicts |-> 0,
  syncDestroyed |-> FALSE,
  scopedDeferrals |-> 0,
  foreignLost |-> FALSE,
  deferredPaths |-> {},
  deferredLater |-> 0,
  staged |-> 0,
  cites |-> 0,
  reaped |-> 0,
  withheld |-> 0,
  forcedCites |-> 0,
  citeSpan |-> 0,
  carriedCite |-> FALSE,
  touches |-> 0,
  acks |-> 0,
  honors |-> 0,
  refusedAcks |-> 0,
  coalesced |-> 0,
  fastPaths |-> 0,
  ackAfterRestart |-> 0,
  fastHonor |-> FALSE,
  ackEarly |-> FALSE,
  ackIncoherent |-> FALSE,
  fencedOkAck |-> FALSE,
  srcMismatch |-> FALSE,
  partialAcks |-> 0,
  declaredDrops |-> 0,
  narrows |-> 0,
  narrowed |-> {},
  narrowRecited |-> {},
  narrowDeleted |-> {},
  consumeRegressed |-> FALSE,
  removalsApplied |-> 0,
  removalsRefused |-> 0,
  renamesApplied |-> 0,
  renameRefused |-> {},
  citedPairs |-> {},
  claimed |-> {},
  interleaved |-> FALSE,
  handoffs |-> 0,
  deposals |-> 0,
  deadSkips |-> 0,
  enqueues |-> 0,
  abandoned |-> 0,
  adoptWithheld |-> 0,
  sameBytes |-> 0,
  uploadWithheld |-> 0,
  staleOverride |-> FALSE,
  hitlRetired |-> {},
  pullOnlys |-> 0,
  emptyInstalls |-> 0,
  tombRemoved |-> 0,
  tombSuperseded |-> 0,
  orphanTracks |-> 0,
  leaked |-> 0,
  staleAdopt |-> 0,
  retired |-> (p1 :> 0),
  orphanAt |-> (p1 :> 0),
  orphanOutlived |-> 0,
  leakApplied |-> 0,
  baseRestored |-> 0,
  carrierAck |-> FALSE,
  remJudged |-> (p1 :> 0),
  removalOverreach |-> FALSE,
  swept |-> 0,
  remOver |-> (p1 :> 0),
  uiBase |-> {},
  pendingKept |-> 0 ]
/\ cellEpoch = 0
/\ window = 0
/\ stage = [A |-> (p1 :> 0), B |-> (p1 :> 0)]
/\ conflicts = {}
/\ withheldDel = [A |-> {}, B |-> {}]
/\ manifest = (p1 :> 1)
/\ cellQueue = <<>>
/\ cellHolder = "none"
/\ manSeq = 1
/\ hitlAcked = {}
/\ removals = {}
/\ sc = [ A |->
      [ pendN |-> {},
        ackN |-> {},
        instSnap |-> (p1 :> 1),
        instSrc |-> "none",
        jSeq |-> 0,
        instBase |-> (p1 :> 1),
        judged |-> (p1 :> 0),
        baseline |-> (p1 :> 1),
        scanD |-> {},
        scanU |-> {},
        upGone |-> {},
        scanGen |-> (p1 :> 0),
        surfaced |-> {},
        parked |-> {},
        upDone |-> {},
        fq |-> {},
        carryDropped |-> {},
        carryPaths |-> {},
        citeDropped |-> {},
        fqRetired |-> (p1 :> 0),
        epoch |-> 0,
        st |-> "running",
        pc |-> "idle",
        consumed |-> {},
        declared |-> {},
        gcDone |-> {},
        gcTook |-> {},
        gcHeaded |-> {},
        gcSeen |-> (p1 :> 0),
        retire |-> (p1 :> 0),
        upVerified |-> FALSE,
        adopted |-> {},
        noInst |-> FALSE,
        local |-> (p1 :> 2),
        touched |-> {},
        prevScan |-> {},
        known |-> {1, 2},
        expSeq |-> 1,
        installed |-> FALSE,
        scope |-> {p1},
        instSeq |-> 1,
        repairMoved |-> {},
        lastDirty |-> {},
        stageCarried |-> FALSE,
        citeDone |-> {},
        sentTok |-> 0,
        pendCov |-> (p1 :> 0),
        pendMint |-> 0,
        pendDirty |-> {},
        honored |-> FALSE,
        pendReRun |-> FALSE,
        owed |-> {},
        verifiedAt |-> 0,
        inboxSeen |-> {},
        inboxLoaded |-> FALSE ],
  B |->
      [ pendN |-> {},
        ackN |-> {},
        instSnap |-> (p1 :> 1),
        instSrc |-> "none",
        jSeq |-> 0,
        instBase |-> (p1 :> 1),
        judged |-> (p1 :> 0),
        baseline |-> (p1 :> 1),
        scanD |-> {},
        scanU |-> {},
        upGone |-> {},
        scanGen |-> (p1 :> 0),
        surfaced |-> {},
        parked |-> {},
        upDone |-> {},
        fq |-> {},
        carryDropped |-> {},
        carryPaths |-> {},
        citeDropped |-> {},
        fqRetired |-> (p1 :> 0),
        epoch |-> 0,
        st |-> "running",
        pc |-> "idle",
        consumed |-> {},
        declared |-> {},
        gcDone |-> {},
        gcTook |-> {},
        gcHeaded |-> {},
        gcSeen |-> (p1 :> 0),
        retire |-> (p1 :> 0),
        upVerified |-> FALSE,
        adopted |-> {},
        noInst |-> FALSE,
        local |-> (p1 :> 1),
        touched |-> {},
        prevScan |-> {},
        known |-> {1},
        expSeq |-> 1,
        installed |-> FALSE,
        scope |-> {p1},
        instSeq |-> 1,
        repairMoved |-> {},
        lastDirty |-> {},
        stageCarried |-> FALSE,
        citeDone |-> {},
        sentTok |-> 0,
        pendCov |-> (p1 :> 0),
        pendMint |-> 0,
        pendDirty |-> {},
        honored |-> FALSE,
        pendReRun |-> FALSE,
        owed |-> {},
        verifiedAt |-> 0,
        inboxSeen |-> {},
        inboxLoaded |-> FALSE ] ]
/\ objects = (p1 :> 1)
/\ versions = (p1 :> {1})
/\ cellReleased = FALSE

State 5: <Next line 4187, col 7 to line 4187, col 55 of module LeanSubtree>
/\ cellHandoff = "none"
/\ stageBase = [A |-> (p1 :> 0), B |-> (p1 :> 0)]
/\ manSrc = "none"
/\ inbox = {}
/\ gh = [ removals |-> 0,
  tomb |-> (p1 :> 0),
  renamed |-> {},
  answered |-> {},
  amputated |-> FALSE,
  stragglerInstalls |-> 0,
  stragglerCas |-> 0,
  deposedPuts |-> 0,
  barriers |-> 0,
  done |-> 0,
  gc |-> 0,
  gcCited |-> 0,
  refusals |-> 0,
  cited |-> 0,
  takeovers |-> 0,
  crashes |-> 0,
  restarts |-> 0,
  adoptOwn |-> 0,
  stallUsed |-> FALSE,
  nextGen |-> 3,
  hitl |-> 0,
  syncs |-> 0,
  syncApplied |-> 0,
  syncConflicts |-> 0,
  syncDestroyed |-> FALSE,
  scopedDeferrals |-> 0,
  foreignLost |-> FALSE,
  deferredPaths |-> {},
  deferredLater |-> 0,
  staged |-> 0,
  cites |-> 0,
  reaped |-> 0,
  withheld |-> 0,
  forcedCites |-> 0,
  citeSpan |-> 0,
  carriedCite |-> FALSE,
  touches |-> 0,
  acks |-> 0,
  honors |-> 0,
  refusedAcks |-> 0,
  coalesced |-> 0,
  fastPaths |-> 0,
  ackAfterRestart |-> 0,
  fastHonor |-> FALSE,
  ackEarly |-> FALSE,
  ackIncoherent |-> FALSE,
  fencedOkAck |-> FALSE,
  srcMismatch |-> FALSE,
  partialAcks |-> 0,
  declaredDrops |-> 0,
  narrows |-> 0,
  narrowed |-> {},
  narrowRecited |-> {},
  narrowDeleted |-> {},
  consumeRegressed |-> FALSE,
  removalsApplied |-> 0,
  removalsRefused |-> 0,
  renamesApplied |-> 0,
  renameRefused |-> {},
  citedPairs |-> {},
  claimed |-> {},
  interleaved |-> FALSE,
  handoffs |-> 0,
  deposals |-> 0,
  deadSkips |-> 0,
  enqueues |-> 0,
  abandoned |-> 0,
  adoptWithheld |-> 0,
  sameBytes |-> 0,
  uploadWithheld |-> 0,
  staleOverride |-> FALSE,
  hitlRetired |-> {},
  pullOnlys |-> 0,
  emptyInstalls |-> 0,
  tombRemoved |-> 0,
  tombSuperseded |-> 0,
  orphanTracks |-> 0,
  leaked |-> 0,
  staleAdopt |-> 0,
  retired |-> (p1 :> 0),
  orphanAt |-> (p1 :> 0),
  orphanOutlived |-> 0,
  leakApplied |-> 0,
  baseRestored |-> 0,
  carrierAck |-> FALSE,
  remJudged |-> (p1 :> 0),
  removalOverreach |-> FALSE,
  swept |-> 0,
  remOver |-> (p1 :> 0),
  uiBase |-> {},
  pendingKept |-> 0 ]
/\ cellEpoch = 0
/\ window = 0
/\ stage = [A |-> (p1 :> 0), B |-> (p1 :> 0)]
/\ conflicts = {}
/\ withheldDel = [A |-> {}, B |-> {}]
/\ manifest = (p1 :> 1)
/\ cellQueue = <<>>
/\ cellHolder = "none"
/\ manSeq = 1
/\ hitlAcked = {}
/\ removals = {}
/\ sc = [ A |->
      [ pendN |-> {},
        ackN |-> {},
        instSnap |-> (p1 :> 1),
        instSrc |-> "none",
        jSeq |-> 0,
        instBase |-> (p1 :> 1),
        judged |-> (p1 :> 0),
        baseline |-> (p1 :> 1),
        scanD |-> {},
        scanU |-> {},
        upGone |-> {},
        scanGen |-> (p1 :> 0),
        surfaced |-> {},
        parked |-> {},
        upDone |-> {},
        fq |-> {},
        carryDropped |-> {},
        carryPaths |-> {},
        citeDropped |-> {},
        fqRetired |-> (p1 :> 0),
        epoch |-> 0,
        st |-> "running",
        pc |-> "consumed",
        consumed |-> {},
        declared |-> {},
        gcDone |-> {},
        gcTook |-> {},
        gcHeaded |-> {},
        gcSeen |-> (p1 :> 0),
        retire |-> (p1 :> 0),
        upVerified |-> FALSE,
        adopted |-> {},
        noInst |-> FALSE,
        local |-> (p1 :> 2),
        touched |-> {},
        prevScan |-> {},
        known |-> {1, 2},
        expSeq |-> 1,
        installed |-> FALSE,
        scope |-> {p1},
        instSeq |-> 1,
        repairMoved |-> {},
        lastDirty |-> {},
        stageCarried |-> FALSE,
        citeDone |-> {},
        sentTok |-> 0,
        pendCov |-> (p1 :> 0),
        pendMint |-> 0,
        pendDirty |-> {},
        honored |-> FALSE,
        pendReRun |-> FALSE,
        owed |-> {},
        verifiedAt |-> 0,
        inboxSeen |-> {},
        inboxLoaded |-> FALSE ],
  B |->
      [ pendN |-> {},
        ackN |-> {},
        instSnap |-> (p1 :> 1),
        instSrc |-> "none",
        jSeq |-> 0,
        instBase |-> (p1 :> 1),
        judged |-> (p1 :> 0),
        baseline |-> (p1 :> 1),
        scanD |-> {},
        scanU |-> {},
        upGone |-> {},
        scanGen |-> (p1 :> 0),
        surfaced |-> {},
        parked |-> {},
        upDone |-> {},
        fq |-> {},
        carryDropped |-> {},
        carryPaths |-> {},
        citeDropped |-> {},
        fqRetired |-> (p1 :> 0),
        epoch |-> 0,
        st |-> "running",
        pc |-> "idle",
        consumed |-> {},
        declared |-> {},
        gcDone |-> {},
        gcTook |-> {},
        gcHeaded |-> {},
        gcSeen |-> (p1 :> 0),
        retire |-> (p1 :> 0),
        upVerified |-> FALSE,
        adopted |-> {},
        noInst |-> FALSE,
        local |-> (p1 :> 1),
        touched |-> {},
        prevScan |-> {},
        known |-> {1},
        expSeq |-> 1,
        installed |-> FALSE,
        scope |-> {p1},
        instSeq |-> 1,
        repairMoved |-> {},
        lastDirty |-> {},
        stageCarried |-> FALSE,
        citeDone |-> {},
        sentTok |-> 0,
        pendCov |-> (p1 :> 0),
        pendMint |-> 0,
        pendDirty |-> {},
        honored |-> FALSE,
        pendReRun |-> FALSE,
        owed |-> {},
        verifiedAt |-> 0,
        inboxSeen |-> {},
        inboxLoaded |-> FALSE ] ]
/\ objects = (p1 :> 1)
/\ versions = (p1 :> {1})
/\ cellReleased = FALSE

State 6: <Next line 4187, col 7 to line 4187, col 55 of module LeanSubtree>
/\ cellHandoff = "none"
/\ stageBase = [A |-> (p1 :> 0), B |-> (p1 :> 0)]
/\ manSrc = "none"
/\ inbox = {}
/\ gh = [ removals |-> 0,
  tomb |-> (p1 :> 0),
  renamed |-> {},
  answered |-> {},
  amputated |-> FALSE,
  stragglerInstalls |-> 0,
  stragglerCas |-> 0,
  deposedPuts |-> 0,
  barriers |-> 1,
  done |-> 0,
  gc |-> 0,
  gcCited |-> 0,
  refusals |-> 0,
  cited |-> 0,
  takeovers |-> 0,
  crashes |-> 0,
  restarts |-> 0,
  adoptOwn |-> 0,
  stallUsed |-> FALSE,
  nextGen |-> 3,
  hitl |-> 0,
  syncs |-> 0,
  syncApplied |-> 0,
  syncConflicts |-> 0,
  syncDestroyed |-> FALSE,
  scopedDeferrals |-> 0,
  foreignLost |-> FALSE,
  deferredPaths |-> {},
  deferredLater |-> 0,
  staged |-> 0,
  cites |-> 0,
  reaped |-> 0,
  withheld |-> 0,
  forcedCites |-> 0,
  citeSpan |-> 0,
  carriedCite |-> FALSE,
  touches |-> 0,
  acks |-> 0,
  honors |-> 0,
  refusedAcks |-> 0,
  coalesced |-> 0,
  fastPaths |-> 0,
  ackAfterRestart |-> 0,
  fastHonor |-> FALSE,
  ackEarly |-> FALSE,
  ackIncoherent |-> FALSE,
  fencedOkAck |-> FALSE,
  srcMismatch |-> FALSE,
  partialAcks |-> 0,
  declaredDrops |-> 0,
  narrows |-> 0,
  narrowed |-> {},
  narrowRecited |-> {},
  narrowDeleted |-> {},
  consumeRegressed |-> FALSE,
  removalsApplied |-> 0,
  removalsRefused |-> 0,
  renamesApplied |-> 0,
  renameRefused |-> {},
  citedPairs |-> {},
  claimed |-> {},
  interleaved |-> FALSE,
  handoffs |-> 0,
  deposals |-> 0,
  deadSkips |-> 0,
  enqueues |-> 0,
  abandoned |-> 0,
  adoptWithheld |-> 0,
  sameBytes |-> 0,
  uploadWithheld |-> 0,
  staleOverride |-> FALSE,
  hitlRetired |-> {},
  pullOnlys |-> 0,
  emptyInstalls |-> 0,
  tombRemoved |-> 0,
  tombSuperseded |-> 0,
  orphanTracks |-> 0,
  leaked |-> 0,
  staleAdopt |-> 0,
  retired |-> (p1 :> 0),
  orphanAt |-> (p1 :> 0),
  orphanOutlived |-> 0,
  leakApplied |-> 0,
  baseRestored |-> 0,
  carrierAck |-> FALSE,
  remJudged |-> (p1 :> 0),
  removalOverreach |-> FALSE,
  swept |-> 0,
  remOver |-> (p1 :> 0),
  uiBase |-> {},
  pendingKept |-> 0 ]
/\ cellEpoch = 0
/\ window = 0
/\ stage = [A |-> (p1 :> 0), B |-> (p1 :> 0)]
/\ conflicts = {}
/\ withheldDel = [A |-> {}, B |-> {}]
/\ manifest = (p1 :> 1)
/\ cellQueue = <<>>
/\ cellHolder = "none"
/\ manSeq = 1
/\ hitlAcked = {}
/\ removals = {}
/\ sc = [ A |->
      [ pendN |-> {},
        ackN |-> {},
        instSnap |-> (p1 :> 1),
        instSrc |-> "none",
        jSeq |-> 0,
        instBase |-> (p1 :> 1),
        judged |-> (p1 :> 0),
        baseline |-> (p1 :> 1),
        scanD |-> {},
        scanU |-> {p1},
        upGone |-> {},
        scanGen |-> (p1 :> 2),
        surfaced |-> {},
        parked |-> {},
        upDone |-> {},
        fq |-> {},
        carryDropped |-> {},
        carryPaths |-> {},
        citeDropped |-> {},
        fqRetired |-> (p1 :> 0),
        epoch |-> 0,
        st |-> "running",
        pc |-> "scanned",
        consumed |-> {},
        declared |-> {},
        gcDone |-> {},
        gcTook |-> {},
        gcHeaded |-> {},
        gcSeen |-> (p1 :> 0),
        retire |-> (p1 :> 0),
        upVerified |-> FALSE,
        adopted |-> {},
        noInst |-> FALSE,
        local |-> (p1 :> 2),
        touched |-> {},
        prevScan |-> {},
        known |-> {1, 2},
        expSeq |-> 1,
        installed |-> FALSE,
        scope |-> {p1},
        instSeq |-> 1,
        repairMoved |-> {},
        lastDirty |-> {p1},
        stageCarried |-> FALSE,
        citeDone |-> {},
        sentTok |-> 0,
        pendCov |-> (p1 :> 0),
        pendMint |-> 0,
        pendDirty |-> {},
        honored |-> FALSE,
        pendReRun |-> FALSE,
        owed |-> {},
        verifiedAt |-> 0,
        inboxSeen |-> {},
        inboxLoaded |-> FALSE ],
  B |->
      [ pendN |-> {},
        ackN |-> {},
        instSnap |-> (p1 :> 1),
        instSrc |-> "none",
        jSeq |-> 0,
        instBase |-> (p1 :> 1),
        judged |-> (p1 :> 0),
        baseline |-> (p1 :> 1),
        scanD |-> {},
        scanU |-> {},
        upGone |-> {},
        scanGen |-> (p1 :> 0),
        surfaced |-> {},
        parked |-> {},
        upDone |-> {},
        fq |-> {},
        carryDropped |-> {},
        carryPaths |-> {},
        citeDropped |-> {},
        fqRetired |-> (p1 :> 0),
        epoch |-> 0,
        st |-> "running",
        pc |-> "idle",
        consumed |-> {},
        declared |-> {},
        gcDone |-> {},
        gcTook |-> {},
        gcHeaded |-> {},
        gcSeen |-> (p1 :> 0),
        retire |-> (p1 :> 0),
        upVerified |-> FALSE,
        adopted |-> {},
        noInst |-> FALSE,
        local |-> (p1 :> 1),
        touched |-> {},
        prevScan |-> {},
        known |-> {1},
        expSeq |-> 1,
        installed |-> FALSE,
        scope |-> {p1},
        instSeq |-> 1,
        repairMoved |-> {},
        lastDirty |-> {},
        stageCarried |-> FALSE,
        citeDone |-> {},
        sentTok |-> 0,
        pendCov |-> (p1 :> 0),
        pendMint |-> 0,
        pendDirty |-> {},
        honored |-> FALSE,
        pendReRun |-> FALSE,
        owed |-> {},
        verifiedAt |-> 0,
        inboxSeen |-> {},
        inboxLoaded |-> FALSE ] ]
/\ objects = (p1 :> 1)
/\ versions = (p1 :> {1})
/\ cellReleased = FALSE

State 7: <Next line 4187, col 7 to line 4187, col 55 of module LeanSubtree>
/\ cellHandoff = "none"
/\ stageBase = [A |-> (p1 :> 0), B |-> (p1 :> 0)]
/\ manSrc = "none"
/\ inbox = {}
/\ gh = [ removals |-> 0,
  tomb |-> (p1 :> 0),
  renamed |-> {},
  answered |-> {},
  amputated |-> FALSE,
  stragglerInstalls |-> 0,
  stragglerCas |-> 0,
  deposedPuts |-> 0,
  barriers |-> 1,
  done |-> 0,
  gc |-> 0,
  gcCited |-> 0,
  refusals |-> 0,
  cited |-> 0,
  takeovers |-> 0,
  crashes |-> 0,
  restarts |-> 0,
  adoptOwn |-> 0,
  stallUsed |-> FALSE,
  nextGen |-> 3,
  hitl |-> 0,
  syncs |-> 0,
  syncApplied |-> 0,
  syncConflicts |-> 0,
  syncDestroyed |-> FALSE,
  scopedDeferrals |-> 0,
  foreignLost |-> FALSE,
  deferredPaths |-> {},
  deferredLater |-> 0,
  staged |-> 0,
  cites |-> 0,
  reaped |-> 0,
  withheld |-> 0,
  forcedCites |-> 0,
  citeSpan |-> 0,
  carriedCite |-> FALSE,
  touches |-> 0,
  acks |-> 0,
  honors |-> 0,
  refusedAcks |-> 0,
  coalesced |-> 0,
  fastPaths |-> 0,
  ackAfterRestart |-> 0,
  fastHonor |-> FALSE,
  ackEarly |-> FALSE,
  ackIncoherent |-> FALSE,
  fencedOkAck |-> FALSE,
  srcMismatch |-> FALSE,
  partialAcks |-> 0,
  declaredDrops |-> 0,
  narrows |-> 0,
  narrowed |-> {},
  narrowRecited |-> {},
  narrowDeleted |-> {},
  consumeRegressed |-> FALSE,
  removalsApplied |-> 0,
  removalsRefused |-> 0,
  renamesApplied |-> 0,
  renameRefused |-> {},
  citedPairs |-> {},
  claimed |-> {},
  interleaved |-> FALSE,
  handoffs |-> 0,
  deposals |-> 0,
  deadSkips |-> 0,
  enqueues |-> 0,
  abandoned |-> 0,
  adoptWithheld |-> 0,
  sameBytes |-> 0,
  uploadWithheld |-> 0,
  staleOverride |-> FALSE,
  hitlRetired |-> {},
  pullOnlys |-> 0,
  emptyInstalls |-> 0,
  tombRemoved |-> 0,
  tombSuperseded |-> 0,
  orphanTracks |-> 0,
  leaked |-> 0,
  staleAdopt |-> 0,
  retired |-> (p1 :> 0),
  orphanAt |-> (p1 :> 0),
  orphanOutlived |-> 0,
  leakApplied |-> 0,
  baseRestored |-> 0,
  carrierAck |-> FALSE,
  remJudged |-> (p1 :> 0),
  removalOverreach |-> FALSE,
  swept |-> 0,
  remOver |-> (p1 :> 0),
  uiBase |-> {},
  pendingKept |-> 0 ]
/\ cellEpoch = 0
/\ window = 0
/\ stage = [A |-> (p1 :> 0), B |-> (p1 :> 0)]
/\ conflicts = {}
/\ withheldDel = [A |-> {}, B |-> {}]
/\ manifest = (p1 :> 1)
/\ cellQueue = <<>>
/\ cellHolder = "none"
/\ manSeq = 1
/\ hitlAcked = {}
/\ removals = {}
/\ sc = [ A |->
      [ pendN |-> {},
        ackN |-> {},
        instSnap |-> (p1 :> 1),
        instSrc |-> "none",
        jSeq |-> 0,
        instBase |-> (p1 :> 1),
        judged |-> (p1 :> 0),
        baseline |-> (p1 :> 1),
        scanD |-> {},
        scanU |-> {p1},
        upGone |-> {},
        scanGen |-> (p1 :> 2),
        surfaced |-> {},
        parked |-> {},
        upDone |-> {},
        fq |-> {},
        carryDropped |-> {},
        carryPaths |-> {},
        citeDropped |-> {},
        fqRetired |-> (p1 :> 0),
        epoch |-> 0,
        st |-> "running",
        pc |-> "scanned",
        consumed |-> {},
        declared |-> {},
        gcDone |-> {},
        gcTook |-> {},
        gcHeaded |-> {},
        gcSeen |-> (p1 :> 0),
        retire |-> (p1 :> 0),
        upVerified |-> FALSE,
        adopted |-> {},
        noInst |-> FALSE,
        local |-> (p1 :> 2),
        touched |-> {},
        prevScan |-> {},
        known |-> {1, 2},
        expSeq |-> 1,
        installed |-> FALSE,
        scope |-> {p1},
        instSeq |-> 1,
        repairMoved |-> {},
        lastDirty |-> {p1},
        stageCarried |-> FALSE,
        citeDone |-> {},
        sentTok |-> 0,
        pendCov |-> (p1 :> 0),
        pendMint |-> 0,
        pendDirty |-> {},
        honored |-> FALSE,
        pendReRun |-> FALSE,
        owed |-> {},
        verifiedAt |-> 0,
        inboxSeen |-> {},
        inboxLoaded |-> FALSE ],
  B |->
      [ pendN |-> {},
        ackN |-> {},
        instSnap |-> (p1 :> 1),
        instSrc |-> "none",
        jSeq |-> 0,
        instBase |-> (p1 :> 1),
        judged |-> (p1 :> 0),
        baseline |-> (p1 :> 1),
        scanD |-> {},
        scanU |-> {},
        upGone |-> {},
        scanGen |-> (p1 :> 0),
        surfaced |-> {},
        parked |-> {},
        upDone |-> {},
        fq |-> {},
        carryDropped |-> {},
        carryPaths |-> {},
        citeDropped |-> {},
        fqRetired |-> (p1 :> 0),
        epoch |-> 0,
        st |-> "running",
        pc |-> "consumed",
        consumed |-> {},
        declared |-> {},
        gcDone |-> {},
        gcTook |-> {},
        gcHeaded |-> {},
        gcSeen |-> (p1 :> 0),
        retire |-> (p1 :> 0),
        upVerified |-> FALSE,
        adopted |-> {},
        noInst |-> FALSE,
        local |-> (p1 :> 1),
        touched |-> {},
        prevScan |-> {},
        known |-> {1},
        expSeq |-> 1,
        installed |-> FALSE,
        scope |-> {p1},
        instSeq |-> 1,
        repairMoved |-> {},
        lastDirty |-> {},
        stageCarried |-> FALSE,
        citeDone |-> {},
        sentTok |-> 0,
        pendCov |-> (p1 :> 0),
        pendMint |-> 0,
        pendDirty |-> {},
        honored |-> FALSE,
        pendReRun |-> FALSE,
        owed |-> {},
        verifiedAt |-> 0,
        inboxSeen |-> {},
        inboxLoaded |-> FALSE ] ]
/\ objects = (p1 :> 1)
/\ versions = (p1 :> {1})
/\ cellReleased = FALSE

State 8: <Next line 4187, col 7 to line 4187, col 55 of module LeanSubtree>
/\ cellHandoff = "none"
/\ stageBase = [A |-> (p1 :> 0), B |-> (p1 :> 0)]
/\ manSrc = "none"
/\ inbox = {}
/\ gh = [ removals |-> 0,
  tomb |-> (p1 :> 0),
  renamed |-> {},
  answered |-> {},
  amputated |-> FALSE,
  stragglerInstalls |-> 0,
  stragglerCas |-> 0,
  deposedPuts |-> 0,
  barriers |-> 1,
  done |-> 0,
  gc |-> 0,
  gcCited |-> 0,
  refusals |-> 0,
  cited |-> 0,
  takeovers |-> 0,
  crashes |-> 0,
  restarts |-> 0,
  adoptOwn |-> 0,
  stallUsed |-> FALSE,
  nextGen |-> 4,
  hitl |-> 0,
  syncs |-> 0,
  syncApplied |-> 0,
  syncConflicts |-> 0,
  syncDestroyed |-> FALSE,
  scopedDeferrals |-> 0,
  foreignLost |-> FALSE,
  deferredPaths |-> {},
  deferredLater |-> 0,
  staged |-> 0,
  cites |-> 0,
  reaped |-> 0,
  withheld |-> 0,
  forcedCites |-> 0,
  citeSpan |-> 0,
  carriedCite |-> FALSE,
  touches |-> 0,
  acks |-> 0,
  honors |-> 0,
  refusedAcks |-> 0,
  coalesced |-> 0,
  fastPaths |-> 0,
  ackAfterRestart |-> 0,
  fastHonor |-> FALSE,
  ackEarly |-> FALSE,
  ackIncoherent |-> FALSE,
  fencedOkAck |-> FALSE,
  srcMismatch |-> FALSE,
  partialAcks |-> 0,
  declaredDrops |-> 0,
  narrows |-> 0,
  narrowed |-> {},
  narrowRecited |-> {},
  narrowDeleted |-> {},
  consumeRegressed |-> FALSE,
  removalsApplied |-> 0,
  removalsRefused |-> 0,
  renamesApplied |-> 0,
  renameRefused |-> {},
  citedPairs |-> {},
  claimed |-> {},
  interleaved |-> FALSE,
  handoffs |-> 0,
  deposals |-> 0,
  deadSkips |-> 0,
  enqueues |-> 0,
  abandoned |-> 0,
  adoptWithheld |-> 0,
  sameBytes |-> 0,
  uploadWithheld |-> 0,
  staleOverride |-> FALSE,
  hitlRetired |-> {},
  pullOnlys |-> 0,
  emptyInstalls |-> 0,
  tombRemoved |-> 0,
  tombSuperseded |-> 0,
  orphanTracks |-> 0,
  leaked |-> 0,
  staleAdopt |-> 0,
  retired |-> (p1 :> 0),
  orphanAt |-> (p1 :> 0),
  orphanOutlived |-> 0,
  leakApplied |-> 0,
  baseRestored |-> 0,
  carrierAck |-> FALSE,
  remJudged |-> (p1 :> 0),
  removalOverreach |-> FALSE,
  swept |-> 0,
  remOver |-> (p1 :> 0),
  uiBase |-> {},
  pendingKept |-> 0 ]
/\ cellEpoch = 0
/\ window = 0
/\ stage = [A |-> (p1 :> 0), B |-> (p1 :> 0)]
/\ conflicts = {}
/\ withheldDel = [A |-> {}, B |-> {}]
/\ manifest = (p1 :> 1)
/\ cellQueue = <<>>
/\ cellHolder = "none"
/\ manSeq = 1
/\ hitlAcked = {}
/\ removals = {}
/\ sc = [ A |->
      [ pendN |-> {},
        ackN |-> {},
        instSnap |-> (p1 :> 1),
        instSrc |-> "none",
        jSeq |-> 0,
        instBase |-> (p1 :> 1),
        judged |-> (p1 :> 0),
        baseline |-> (p1 :> 1),
        scanD |-> {},
        scanU |-> {p1},
        upGone |-> {},
        scanGen |-> (p1 :> 2),
        surfaced |-> {},
        parked |-> {},
        upDone |-> {},
        fq |-> {},
        carryDropped |-> {},
        carryPaths |-> {},
        citeDropped |-> {},
        fqRetired |-> (p1 :> 0),
        epoch |-> 0,
        st |-> "running",
        pc |-> "scanned",
        consumed |-> {},
        declared |-> {},
        gcDone |-> {},
        gcTook |-> {},
        gcHeaded |-> {},
        gcSeen |-> (p1 :> 0),
        retire |-> (p1 :> 0),
        upVerified |-> FALSE,
        adopted |-> {},
        noInst |-> FALSE,
        local |-> (p1 :> 3),
        touched |-> {},
        prevScan |-> {},
        known |-> {1, 2, 3},
        expSeq |-> 1,
        installed |-> FALSE,
        scope |-> {p1},
        instSeq |-> 1,
        repairMoved |-> {},
        lastDirty |-> {p1},
        stageCarried |-> FALSE,
        citeDone |-> {},
        sentTok |-> 0,
        pendCov |-> (p1 :> 0),
        pendMint |-> 0,
        pendDirty |-> {},
        honored |-> FALSE,
        pendReRun |-> FALSE,
        owed |-> {},
        verifiedAt |-> 0,
        inboxSeen |-> {},
        inboxLoaded |-> FALSE ],
  B |->
      [ pendN |-> {},
        ackN |-> {},
        instSnap |-> (p1 :> 1),
        instSrc |-> "none",
        jSeq |-> 0,
        instBase |-> (p1 :> 1),
        judged |-> (p1 :> 0),
        baseline |-> (p1 :> 1),
        scanD |-> {},
        scanU |-> {},
        upGone |-> {},
        scanGen |-> (p1 :> 0),
        surfaced |-> {},
        parked |-> {},
        upDone |-> {},
        fq |-> {},
        carryDropped |-> {},
        carryPaths |-> {},
        citeDropped |-> {},
        fqRetired |-> (p1 :> 0),
        epoch |-> 0,
        st |-> "running",
        pc |-> "consumed",
        consumed |-> {},
        declared |-> {},
        gcDone |-> {},
        gcTook |-> {},
        gcHeaded |-> {},
        gcSeen |-> (p1 :> 0),
        retire |-> (p1 :> 0),
        upVerified |-> FALSE,
        adopted |-> {},
        noInst |-> FALSE,
        local |-> (p1 :> 1),
        touched |-> {},
        prevScan |-> {},
        known |-> {1},
        expSeq |-> 1,
        installed |-> FALSE,
        scope |-> {p1},
        instSeq |-> 1,
        repairMoved |-> {},
        lastDirty |-> {},
        stageCarried |-> FALSE,
        citeDone |-> {},
        sentTok |-> 0,
        pendCov |-> (p1 :> 0),
        pendMint |-> 0,
        pendDirty |-> {},
        honored |-> FALSE,
        pendReRun |-> FALSE,
        owed |-> {},
        verifiedAt |-> 0,
        inboxSeen |-> {},
        inboxLoaded |-> FALSE ] ]
/\ objects = (p1 :> 1)
/\ versions = (p1 :> {1})
/\ cellReleased = FALSE

State 9: <Next line 4187, col 7 to line 4187, col 55 of module LeanSubtree>
/\ cellHandoff = "none"
/\ stageBase = [A |-> (p1 :> 0), B |-> (p1 :> 0)]
/\ manSrc = "none"
/\ inbox = {}
/\ gh = [ removals |-> 0,
  tomb |-> (p1 :> 0),
  renamed |-> {},
  answered |-> {},
  amputated |-> FALSE,
  stragglerInstalls |-> 0,
  stragglerCas |-> 0,
  deposedPuts |-> 0,
  barriers |-> 2,
  done |-> 0,
  gc |-> 0,
  gcCited |-> 0,
  refusals |-> 0,
  cited |-> 0,
  takeovers |-> 0,
  crashes |-> 0,
  restarts |-> 0,
  adoptOwn |-> 0,
  stallUsed |-> FALSE,
  nextGen |-> 4,
  hitl |-> 0,
  syncs |-> 0,
  syncApplied |-> 0,
  syncConflicts |-> 0,
  syncDestroyed |-> FALSE,
  scopedDeferrals |-> 0,
  foreignLost |-> FALSE,
  deferredPaths |-> {},
  deferredLater |-> 0,
  staged |-> 0,
  cites |-> 0,
  reaped |-> 0,
  withheld |-> 0,
  forcedCites |-> 0,
  citeSpan |-> 0,
  carriedCite |-> FALSE,
  touches |-> 0,
  acks |-> 0,
  honors |-> 0,
  refusedAcks |-> 0,
  coalesced |-> 0,
  fastPaths |-> 0,
  ackAfterRestart |-> 0,
  fastHonor |-> FALSE,
  ackEarly |-> FALSE,
  ackIncoherent |-> FALSE,
  fencedOkAck |-> FALSE,
  srcMismatch |-> FALSE,
  partialAcks |-> 0,
  declaredDrops |-> 0,
  narrows |-> 0,
  narrowed |-> {},
  narrowRecited |-> {},
  narrowDeleted |-> {},
  consumeRegressed |-> FALSE,
  removalsApplied |-> 0,
  removalsRefused |-> 0,
  renamesApplied |-> 0,
  renameRefused |-> {},
  citedPairs |-> {},
  claimed |-> {},
  interleaved |-> FALSE,
  handoffs |-> 0,
  deposals |-> 0,
  deadSkips |-> 0,
  enqueues |-> 0,
  abandoned |-> 0,
  adoptWithheld |-> 0,
  sameBytes |-> 0,
  uploadWithheld |-> 0,
  staleOverride |-> FALSE,
  hitlRetired |-> {},
  pullOnlys |-> 0,
  emptyInstalls |-> 0,
  tombRemoved |-> 0,
  tombSuperseded |-> 0,
  orphanTracks |-> 0,
  leaked |-> 0,
  staleAdopt |-> 0,
  retired |-> (p1 :> 0),
  orphanAt |-> (p1 :> 0),
  orphanOutlived |-> 0,
  leakApplied |-> 0,
  baseRestored |-> 0,
  carrierAck |-> FALSE,
  remJudged |-> (p1 :> 0),
  removalOverreach |-> FALSE,
  swept |-> 0,
  remOver |-> (p1 :> 0),
  uiBase |-> {},
  pendingKept |-> 0 ]
/\ cellEpoch = 0
/\ window = 0
/\ stage = [A |-> (p1 :> 0), B |-> (p1 :> 0)]
/\ conflicts = {}
/\ withheldDel = [A |-> {}, B |-> {}]
/\ manifest = (p1 :> 1)
/\ cellQueue = <<>>
/\ cellHolder = "none"
/\ manSeq = 1
/\ hitlAcked = {}
/\ removals = {}
/\ sc = [ A |->
      [ pendN |-> {},
        ackN |-> {},
        instSnap |-> (p1 :> 1),
        instSrc |-> "none",
        jSeq |-> 0,
        instBase |-> (p1 :> 1),
        judged |-> (p1 :> 0),
        baseline |-> (p1 :> 1),
        scanD |-> {},
        scanU |-> {p1},
        upGone |-> {},
        scanGen |-> (p1 :> 2),
        surfaced |-> {},
        parked |-> {},
        upDone |-> {},
        fq |-> {},
        carryDropped |-> {},
        carryPaths |-> {},
        citeDropped |-> {},
        fqRetired |-> (p1 :> 0),
        epoch |-> 0,
        st |-> "running",
        pc |-> "scanned",
        consumed |-> {},
        declared |-> {},
        gcDone |-> {},
        gcTook |-> {},
        gcHeaded |-> {},
        gcSeen |-> (p1 :> 0),
        retire |-> (p1 :> 0),
        upVerified |-> FALSE,
        adopted |-> {},
        noInst |-> FALSE,
        local |-> (p1 :> 3),
        touched |-> {},
        prevScan |-> {},
        known |-> {1, 2, 3},
        expSeq |-> 1,
        installed |-> FALSE,
        scope |-> {p1},
        instSeq |-> 1,
        repairMoved |-> {},
        lastDirty |-> {p1},
        stageCarried |-> FALSE,
        citeDone |-> {},
        sentTok |-> 0,
        pendCov |-> (p1 :> 0),
        pendMint |-> 0,
        pendDirty |-> {},
        honored |-> FALSE,
        pendReRun |-> FALSE,
        owed |-> {},
        verifiedAt |-> 0,
        inboxSeen |-> {},
        inboxLoaded |-> FALSE ],
  B |->
      [ pendN |-> {},
        ackN |-> {},
        instSnap |-> (p1 :> 1),
        instSrc |-> "none",
        jSeq |-> 0,
        instBase |-> (p1 :> 1),
        judged |-> (p1 :> 0),
        baseline |-> (p1 :> 1),
        scanD |-> {},
        scanU |-> {},
        upGone |-> {},
        scanGen |-> (p1 :> 1),
        surfaced |-> {},
        parked |-> {},
        upDone |-> {},
        fq |-> {},
        carryDropped |-> {},
        carryPaths |-> {},
        citeDropped |-> {},
        fqRetired |-> (p1 :> 0),
        epoch |-> 0,
        st |-> "running",
        pc |-> "scanned",
        consumed |-> {},
        declared |-> {},
        gcDone |-> {},
        gcTook |-> {},
        gcHeaded |-> {},
        gcSeen |-> (p1 :> 0),
        retire |-> (p1 :> 0),
        upVerified |-> FALSE,
        adopted |-> {},
        noInst |-> FALSE,
        local |-> (p1 :> 1),
        touched |-> {},
        prevScan |-> {},
        known |-> {1},
        expSeq |-> 1,
        installed |-> FALSE,
        scope |-> {p1},
        instSeq |-> 1,
        repairMoved |-> {},
        lastDirty |-> {},
        stageCarried |-> FALSE,
        citeDone |-> {},
        sentTok |-> 0,
        pendCov |-> (p1 :> 0),
        pendMint |-> 0,
        pendDirty |-> {},
        honored |-> FALSE,
        pendReRun |-> FALSE,
        owed |-> {},
        verifiedAt |-> 0,
        inboxSeen |-> {},
        inboxLoaded |-> FALSE ] ]
/\ objects = (p1 :> 1)
/\ versions = (p1 :> {1})
/\ cellReleased = FALSE

State 10: <Next line 4189, col 7 to line 4189, col 42 of module LeanSubtree>
/\ cellHandoff = "none"
/\ stageBase = [A |-> (p1 :> 0), B |-> (p1 :> 0)]
/\ manSrc = "none"
/\ inbox = {}
/\ gh = [ removals |-> 0,
  tomb |-> (p1 :> 0),
  renamed |-> {},
  answered |-> {},
  amputated |-> FALSE,
  stragglerInstalls |-> 0,
  stragglerCas |-> 0,
  deposedPuts |-> 0,
  barriers |-> 2,
  done |-> 0,
  gc |-> 0,
  gcCited |-> 0,
  refusals |-> 0,
  cited |-> 0,
  takeovers |-> 0,
  crashes |-> 0,
  restarts |-> 0,
  adoptOwn |-> 0,
  stallUsed |-> FALSE,
  nextGen |-> 4,
  hitl |-> 0,
  syncs |-> 0,
  syncApplied |-> 0,
  syncConflicts |-> 0,
  syncDestroyed |-> FALSE,
  scopedDeferrals |-> 0,
  foreignLost |-> FALSE,
  deferredPaths |-> {},
  deferredLater |-> 0,
  staged |-> 0,
  cites |-> 0,
  reaped |-> 0,
  withheld |-> 0,
  forcedCites |-> 0,
  citeSpan |-> 0,
  carriedCite |-> FALSE,
  touches |-> 0,
  acks |-> 0,
  honors |-> 0,
  refusedAcks |-> 0,
  coalesced |-> 0,
  fastPaths |-> 0,
  ackAfterRestart |-> 0,
  fastHonor |-> FALSE,
  ackEarly |-> FALSE,
  ackIncoherent |-> FALSE,
  fencedOkAck |-> FALSE,
  srcMismatch |-> FALSE,
  partialAcks |-> 0,
  declaredDrops |-> 0,
  narrows |-> 0,
  narrowed |-> {},
  narrowRecited |-> {},
  narrowDeleted |-> {},
  consumeRegressed |-> FALSE,
  removalsApplied |-> 0,
  removalsRefused |-> 0,
  renamesApplied |-> 0,
  renameRefused |-> {},
  citedPairs |-> {},
  claimed |-> {},
  interleaved |-> FALSE,
  handoffs |-> 0,
  deposals |-> 0,
  deadSkips |-> 0,
  enqueues |-> 0,
  abandoned |-> 0,
  adoptWithheld |-> 0,
  sameBytes |-> 0,
  uploadWithheld |-> 0,
  staleOverride |-> FALSE,
  hitlRetired |-> {},
  pullOnlys |-> 0,
  emptyInstalls |-> 0,
  tombRemoved |-> 0,
  tombSuperseded |-> 0,
  orphanTracks |-> 0,
  leaked |-> 0,
  staleAdopt |-> 0,
  retired |-> (p1 :> 0),
  orphanAt |-> (p1 :> 0),
  orphanOutlived |-> 0,
  leakApplied |-> 0,
  baseRestored |-> 0,
  carrierAck |-> FALSE,
  remJudged |-> (p1 :> 0),
  removalOverreach |-> FALSE,
  swept |-> 0,
  remOver |-> (p1 :> 0),
  uiBase |-> {},
  pendingKept |-> 0 ]
/\ cellEpoch = 0
/\ window = 0
/\ stage = [A |-> (p1 :> 0), B |-> (p1 :> 0)]
/\ conflicts = {}
/\ withheldDel = [A |-> {}, B |-> {}]
/\ manifest = (p1 :> 1)
/\ cellQueue = <<>>
/\ cellHolder = "none"
/\ manSeq = 1
/\ hitlAcked = {}
/\ removals = {}
/\ sc = [ A |->
      [ pendN |-> {},
        ackN |-> {},
        instSnap |-> (p1 :> 1),
        instSrc |-> "none",
        jSeq |-> 0,
        instBase |-> (p1 :> 1),
        judged |-> (p1 :> 0),
        baseline |-> (p1 :> 1),
        scanD |-> {},
        scanU |-> {p1},
        upGone |-> {},
        scanGen |-> (p1 :> 2),
        surfaced |-> {},
        parked |-> {},
        upDone |-> {p1},
        fq |-> {},
        carryDropped |-> {},
        carryPaths |-> {},
        citeDropped |-> {},
        fqRetired |-> (p1 :> 0),
        epoch |-> 0,
        st |-> "running",
        pc |-> "scanned",
        consumed |-> {},
        declared |-> {},
        gcDone |-> {},
        gcTook |-> {},
        gcHeaded |-> {},
        gcSeen |-> (p1 :> 0),
        retire |-> (p1 :> 0),
        upVerified |-> FALSE,
        adopted |-> {},
        noInst |-> FALSE,
        local |-> (p1 :> 3),
        touched |-> {},
        prevScan |-> {},
        known |-> {1, 2, 3},
        expSeq |-> 1,
        installed |-> FALSE,
        scope |-> {p1},
        instSeq |-> 1,
        repairMoved |-> {},
        lastDirty |-> {p1},
        stageCarried |-> FALSE,
        citeDone |-> {},
        sentTok |-> 0,
        pendCov |-> (p1 :> 0),
        pendMint |-> 0,
        pendDirty |-> {},
        honored |-> FALSE,
        pendReRun |-> FALSE,
        owed |-> {},
        verifiedAt |-> 0,
        inboxSeen |-> {},
        inboxLoaded |-> FALSE ],
  B |->
      [ pendN |-> {},
        ackN |-> {},
        instSnap |-> (p1 :> 1),
        instSrc |-> "none",
        jSeq |-> 0,
        instBase |-> (p1 :> 1),
        judged |-> (p1 :> 0),
        baseline |-> (p1 :> 1),
        scanD |-> {},
        scanU |-> {},
        upGone |-> {},
        scanGen |-> (p1 :> 1),
        surfaced |-> {},
        parked |-> {},
        upDone |-> {},
        fq |-> {},
        carryDropped |-> {},
        carryPaths |-> {},
        citeDropped |-> {},
        fqRetired |-> (p1 :> 0),
        epoch |-> 0,
        st |-> "running",
        pc |-> "scanned",
        consumed |-> {},
        declared |-> {},
        gcDone |-> {},
        gcTook |-> {},
        gcHeaded |-> {},
        gcSeen |-> (p1 :> 0),
        retire |-> (p1 :> 0),
        upVerified |-> FALSE,
        adopted |-> {},
        noInst |-> FALSE,
        local |-> (p1 :> 1),
        touched |-> {},
        prevScan |-> {},
        known |-> {1},
        expSeq |-> 1,
        installed |-> FALSE,
        scope |-> {p1},
        instSeq |-> 1,
        repairMoved |-> {},
        lastDirty |-> {},
        stageCarried |-> FALSE,
        citeDone |-> {},
        sentTok |-> 0,
        pendCov |-> (p1 :> 0),
        pendMint |-> 0,
        pendDirty |-> {},
        honored |-> FALSE,
        pendReRun |-> FALSE,
        owed |-> {},
        verifiedAt |-> 0,
        inboxSeen |-> {},
        inboxLoaded |-> FALSE ] ]
/\ objects = (p1 :> 1)
/\ versions = (p1 :> {1, 2})
/\ cellReleased = FALSE

State 11: <Next line 4187, col 7 to line 4187, col 55 of module LeanSubtree>
/\ cellHandoff = "none"
/\ stageBase = [A |-> (p1 :> 0), B |-> (p1 :> 0)]
/\ manSrc = "none"
/\ inbox = {}
/\ gh = [ removals |-> 0,
  tomb |-> (p1 :> 0),
  renamed |-> {},
  answered |-> {},
  amputated |-> FALSE,
  stragglerInstalls |-> 0,
  stragglerCas |-> 0,
  deposedPuts |-> 0,
  barriers |-> 2,
  done |-> 0,
  gc |-> 0,
  gcCited |-> 0,
  refusals |-> 0,
  cited |-> 0,
  takeovers |-> 0,
  crashes |-> 0,
  restarts |-> 0,
  adoptOwn |-> 0,
  stallUsed |-> FALSE,
  nextGen |-> 4,
  hitl |-> 0,
  syncs |-> 0,
  syncApplied |-> 0,
  syncConflicts |-> 0,
  syncDestroyed |-> FALSE,
  scopedDeferrals |-> 0,
  foreignLost |-> FALSE,
  deferredPaths |-> {},
  deferredLater |-> 0,
  staged |-> 0,
  cites |-> 0,
  reaped |-> 0,
  withheld |-> 0,
  forcedCites |-> 0,
  citeSpan |-> 0,
  carriedCite |-> FALSE,
  touches |-> 0,
  acks |-> 0,
  honors |-> 0,
  refusedAcks |-> 0,
  coalesced |-> 0,
  fastPaths |-> 0,
  ackAfterRestart |-> 0,
  fastHonor |-> FALSE,
  ackEarly |-> FALSE,
  ackIncoherent |-> FALSE,
  fencedOkAck |-> FALSE,
  srcMismatch |-> FALSE,
  partialAcks |-> 0,
  declaredDrops |-> 0,
  narrows |-> 0,
  narrowed |-> {},
  narrowRecited |-> {},
  narrowDeleted |-> {},
  consumeRegressed |-> FALSE,
  removalsApplied |-> 0,
  removalsRefused |-> 0,
  renamesApplied |-> 0,
  renameRefused |-> {},
  citedPairs |-> {},
  claimed |-> {"A"},
  interleaved |-> FALSE,
  handoffs |-> 0,
  deposals |-> 0,
  deadSkips |-> 0,
  enqueues |-> 0,
  abandoned |-> 0,
  adoptWithheld |-> 0,
  sameBytes |-> 0,
  uploadWithheld |-> 0,
  staleOverride |-> FALSE,
  hitlRetired |-> {},
  pullOnlys |-> 0,
  emptyInstalls |-> 0,
  tombRemoved |-> 0,
  tombSuperseded |-> 0,
  orphanTracks |-> 0,
  leaked |-> 0,
  staleAdopt |-> 0,
  retired |-> (p1 :> 0),
  orphanAt |-> (p1 :> 0),
  orphanOutlived |-> 0,
  leakApplied |-> 0,
  baseRestored |-> 0,
  carrierAck |-> FALSE,
  remJudged |-> (p1 :> 0),
  removalOverreach |-> FALSE,
  swept |-> 0,
  remOver |-> (p1 :> 0),
  uiBase |-> {},
  pendingKept |-> 0 ]
/\ cellEpoch = 1
/\ window = 1
/\ stage = [A |-> (p1 :> 0), B |-> (p1 :> 0)]
/\ conflicts = {}
/\ withheldDel = [A |-> {}, B |-> {}]
/\ manifest = (p1 :> 1)
/\ cellQueue = <<>>
/\ cellHolder = "A"
/\ manSeq = 1
/\ hitlAcked = {}
/\ removals = {}
/\ sc = [ A |->
      [ pendN |-> {},
        ackN |-> {},
        instSnap |-> (p1 :> 1),
        instSrc |-> "none",
        jSeq |-> 0,
        instBase |-> (p1 :> 1),
        judged |-> (p1 :> 0),
        baseline |-> (p1 :> 1),
        scanD |-> {},
        scanU |-> {p1},
        upGone |-> {},
        scanGen |-> (p1 :> 2),
        surfaced |-> {},
        parked |-> {},
        upDone |-> {p1},
        fq |-> {},
        carryDropped |-> {},
        carryPaths |-> {},
        citeDropped |-> {},
        fqRetired |-> (p1 :> 0),
        epoch |-> 1,
        st |-> "running",
        pc |-> "claimed",
        consumed |-> {},
        declared |-> {},
        gcDone |-> {},
        gcTook |-> {},
        gcHeaded |-> {},
        gcSeen |-> (p1 :> 0),
        retire |-> (p1 :> 0),
        upVerified |-> FALSE,
        adopted |-> {},
        noInst |-> FALSE,
        local |-> (p1 :> 3),
        touched |-> {},
        prevScan |-> {},
        known |-> {1, 2, 3},
        expSeq |-> 1,
        installed |-> FALSE,
        scope |-> {p1},
        instSeq |-> 1,
        repairMoved |-> {},
        lastDirty |-> {p1},
        stageCarried |-> FALSE,
        citeDone |-> {},
        sentTok |-> 0,
        pendCov |-> (p1 :> 0),
        pendMint |-> 0,
        pendDirty |-> {},
        honored |-> FALSE,
        pendReRun |-> FALSE,
        owed |-> {},
        verifiedAt |-> 0,
        inboxSeen |-> {},
        inboxLoaded |-> FALSE ],
  B |->
      [ pendN |-> {},
        ackN |-> {},
        instSnap |-> (p1 :> 1),
        instSrc |-> "none",
        jSeq |-> 0,
        instBase |-> (p1 :> 1),
        judged |-> (p1 :> 0),
        baseline |-> (p1 :> 1),
        scanD |-> {},
        scanU |-> {},
        upGone |-> {},
        scanGen |-> (p1 :> 1),
        surfaced |-> {},
        parked |-> {},
        upDone |-> {},
        fq |-> {},
        carryDropped |-> {},
        carryPaths |-> {},
        citeDropped |-> {},
        fqRetired |-> (p1 :> 0),
        epoch |-> 0,
        st |-> "running",
        pc |-> "scanned",
        consumed |-> {},
        declared |-> {},
        gcDone |-> {},
        gcTook |-> {},
        gcHeaded |-> {},
        gcSeen |-> (p1 :> 0),
        retire |-> (p1 :> 0),
        upVerified |-> FALSE,
        adopted |-> {},
        noInst |-> FALSE,
        local |-> (p1 :> 1),
        touched |-> {},
        prevScan |-> {},
        known |-> {1},
        expSeq |-> 1,
        installed |-> FALSE,
        scope |-> {p1},
        instSeq |-> 1,
        repairMoved |-> {},
        lastDirty |-> {},
        stageCarried |-> FALSE,
        citeDone |-> {},
        sentTok |-> 0,
        pendCov |-> (p1 :> 0),
        pendMint |-> 0,
        pendDirty |-> {},
        honored |-> FALSE,
        pendReRun |-> FALSE,
        owed |-> {},
        verifiedAt |-> 0,
        inboxSeen |-> {},
        inboxLoaded |-> FALSE ] ]
/\ objects = (p1 :> 1)
/\ versions = (p1 :> {1, 2})
/\ cellReleased = FALSE

State 12: <Next line 4189, col 7 to line 4189, col 42 of module LeanSubtree>
/\ cellHandoff = "none"
/\ stageBase = [A |-> (p1 :> 0), B |-> (p1 :> 0)]
/\ manSrc = "none"
/\ inbox = {}
/\ gh = [ removals |-> 0,
  tomb |-> (p1 :> 0),
  renamed |-> {},
  answered |-> {},
  amputated |-> FALSE,
  stragglerInstalls |-> 0,
  stragglerCas |-> 0,
  deposedPuts |-> 0,
  barriers |-> 2,
  done |-> 0,
  gc |-> 0,
  gcCited |-> 0,
  refusals |-> 0,
  cited |-> 0,
  takeovers |-> 0,
  crashes |-> 0,
  restarts |-> 0,
  adoptOwn |-> 0,
  stallUsed |-> FALSE,
  nextGen |-> 4,
  hitl |-> 0,
  syncs |-> 0,
  syncApplied |-> 0,
  syncConflicts |-> 0,
  syncDestroyed |-> FALSE,
  scopedDeferrals |-> 0,
  foreignLost |-> FALSE,
  deferredPaths |-> {},
  deferredLater |-> 0,
  staged |-> 0,
  cites |-> 0,
  reaped |-> 0,
  withheld |-> 0,
  forcedCites |-> 0,
  citeSpan |-> 0,
  carriedCite |-> FALSE,
  touches |-> 0,
  acks |-> 0,
  honors |-> 0,
  refusedAcks |-> 0,
  coalesced |-> 0,
  fastPaths |-> 0,
  ackAfterRestart |-> 0,
  fastHonor |-> FALSE,
  ackEarly |-> FALSE,
  ackIncoherent |-> FALSE,
  fencedOkAck |-> FALSE,
  srcMismatch |-> FALSE,
  partialAcks |-> 0,
  declaredDrops |-> 0,
  narrows |-> 0,
  narrowed |-> {},
  narrowRecited |-> {},
  narrowDeleted |-> {},
  consumeRegressed |-> FALSE,
  removalsApplied |-> 0,
  removalsRefused |-> 0,
  renamesApplied |-> 0,
  renameRefused |-> {},
  citedPairs |-> {},
  claimed |-> {"A"},
  interleaved |-> FALSE,
  handoffs |-> 0,
  deposals |-> 0,
  deadSkips |-> 0,
  enqueues |-> 0,
  abandoned |-> 0,
  adoptWithheld |-> 0,
  sameBytes |-> 0,
  uploadWithheld |-> 0,
  staleOverride |-> FALSE,
  hitlRetired |-> {},
  pullOnlys |-> 0,
  emptyInstalls |-> 0,
  tombRemoved |-> 0,
  tombSuperseded |-> 0,
  orphanTracks |-> 0,
  leaked |-> 0,
  staleAdopt |-> 0,
  retired |-> (p1 :> 0),
  orphanAt |-> (p1 :> 0),
  orphanOutlived |-> 0,
  leakApplied |-> 0,
  baseRestored |-> 0,
  carrierAck |-> FALSE,
  remJudged |-> (p1 :> 0),
  removalOverreach |-> FALSE,
  swept |-> 0,
  remOver |-> (p1 :> 0),
  uiBase |-> {},
  pendingKept |-> 0 ]
/\ cellEpoch = 1
/\ window = 1
/\ stage = [A |-> (p1 :> 0), B |-> (p1 :> 0)]
/\ conflicts = {}
/\ withheldDel = [A |-> {}, B |-> {}]
/\ manifest = (p1 :> 1)
/\ cellQueue = <<>>
/\ cellHolder = "A"
/\ manSeq = 1
/\ hitlAcked = {}
/\ removals = {}
/\ sc = [ A |->
      [ pendN |-> {},
        ackN |-> {},
        instSnap |-> (p1 :> 1),
        instSrc |-> "none",
        jSeq |-> 0,
        instBase |-> (p1 :> 1),
        judged |-> (p1 :> 0),
        baseline |-> (p1 :> 1),
        scanD |-> {},
        scanU |-> {p1},
        upGone |-> {},
        scanGen |-> (p1 :> 2),
        surfaced |-> {},
        parked |-> {},
        upDone |-> {p1},
        fq |-> {},
        carryDropped |-> {},
        carryPaths |-> {},
        citeDropped |-> {},
        fqRetired |-> (p1 :> 0),
        epoch |-> 1,
        st |-> "running",
        pc |-> "claimed",
        consumed |-> {},
        declared |-> {},
        gcDone |-> {},
        gcTook |-> {},
        gcHeaded |-> {},
        gcSeen |-> (p1 :> 0),
        retire |-> (p1 :> 0),
        upVerified |-> TRUE,
        adopted |-> {},
        noInst |-> FALSE,
        local |-> (p1 :> 3),
        touched |-> {},
        prevScan |-> {},
        known |-> {1, 2, 3},
        expSeq |-> 1,
        installed |-> FALSE,
        scope |-> {p1},
        instSeq |-> 1,
        repairMoved |-> {},
        lastDirty |-> {p1},
        stageCarried |-> FALSE,
        citeDone |-> {},
        sentTok |-> 0,
        pendCov |-> (p1 :> 0),
        pendMint |-> 0,
        pendDirty |-> {},
        honored |-> FALSE,
        pendReRun |-> FALSE,
        owed |-> {},
        verifiedAt |-> 0,
        inboxSeen |-> {},
        inboxLoaded |-> FALSE ],
  B |->
      [ pendN |-> {},
        ackN |-> {},
        instSnap |-> (p1 :> 1),
        instSrc |-> "none",
        jSeq |-> 0,
        instBase |-> (p1 :> 1),
        judged |-> (p1 :> 0),
        baseline |-> (p1 :> 1),
        scanD |-> {},
        scanU |-> {},
        upGone |-> {},
        scanGen |-> (p1 :> 1),
        surfaced |-> {},
        parked |-> {},
        upDone |-> {},
        fq |-> {},
        carryDropped |-> {},
        carryPaths |-> {},
        citeDropped |-> {},
        fqRetired |-> (p1 :> 0),
        epoch |-> 0,
        st |-> "running",
        pc |-> "scanned",
        consumed |-> {},
        declared |-> {},
        gcDone |-> {},
        gcTook |-> {},
        gcHeaded |-> {},
        gcSeen |-> (p1 :> 0),
        retire |-> (p1 :> 0),
        upVerified |-> FALSE,
        adopted |-> {},
        noInst |-> FALSE,
        local |-> (p1 :> 1),
        touched |-> {},
        prevScan |-> {},
        known |-> {1},
        expSeq |-> 1,
        installed |-> FALSE,
        scope |-> {p1},
        instSeq |-> 1,
        repairMoved |-> {},
        lastDirty |-> {},
        stageCarried |-> FALSE,
        citeDone |-> {},
        sentTok |-> 0,
        pendCov |-> (p1 :> 0),
        pendMint |-> 0,
        pendDirty |-> {},
        honored |-> FALSE,
        pendReRun |-> FALSE,
        owed |-> {},
        verifiedAt |-> 0,
        inboxSeen |-> {},
        inboxLoaded |-> FALSE ] ]
/\ objects = (p1 :> 1)
/\ versions = (p1 :> {1, 2})
/\ cellReleased = FALSE

State 13: <Next line 4187, col 7 to line 4187, col 55 of module LeanSubtree>
/\ cellHandoff = "none"
/\ stageBase = [A |-> (p1 :> 0), B |-> (p1 :> 0)]
/\ manSrc = "cadence"
/\ inbox = {}
/\ gh = [ removals |-> 0,
  tomb |-> (p1 :> 0),
  renamed |-> {},
  answered |-> {},
  amputated |-> FALSE,
  stragglerInstalls |-> 0,
  stragglerCas |-> 0,
  deposedPuts |-> 0,
  barriers |-> 2,
  done |-> 0,
  gc |-> 0,
  gcCited |-> 0,
  refusals |-> 0,
  cited |-> 0,
  takeovers |-> 0,
  crashes |-> 0,
  restarts |-> 0,
  adoptOwn |-> 0,
  stallUsed |-> FALSE,
  nextGen |-> 4,
  hitl |-> 0,
  syncs |-> 0,
  syncApplied |-> 0,
  syncConflicts |-> 0,
  syncDestroyed |-> FALSE,
  scopedDeferrals |-> 0,
  foreignLost |-> FALSE,
  deferredPaths |-> {},
  deferredLater |-> 0,
  staged |-> 0,
  cites |-> 0,
  reaped |-> 0,
  withheld |-> 0,
  forcedCites |-> 0,
  citeSpan |-> 0,
  carriedCite |-> FALSE,
  touches |-> 0,
  acks |-> 0,
  honors |-> 0,
  refusedAcks |-> 0,
  coalesced |-> 0,
  fastPaths |-> 0,
  ackAfterRestart |-> 0,
  fastHonor |-> FALSE,
  ackEarly |-> FALSE,
  ackIncoherent |-> FALSE,
  fencedOkAck |-> FALSE,
  srcMismatch |-> FALSE,
  partialAcks |-> 0,
  declaredDrops |-> 0,
  narrows |-> 0,
  narrowed |-> {},
  narrowRecited |-> {},
  narrowDeleted |-> {},
  consumeRegressed |-> FALSE,
  removalsApplied |-> 0,
  removalsRefused |-> 0,
  renamesApplied |-> 0,
  renameRefused |-> {},
  citedPairs |-> {},
  claimed |-> {"A"},
  interleaved |-> FALSE,
  handoffs |-> 0,
  deposals |-> 0,
  deadSkips |-> 0,
  enqueues |-> 0,
  abandoned |-> 0,
  adoptWithheld |-> 0,
  sameBytes |-> 0,
  uploadWithheld |-> 0,
  staleOverride |-> FALSE,
  hitlRetired |-> {<<p1, 1>>},
  pullOnlys |-> 0,
  emptyInstalls |-> 0,
  tombRemoved |-> 0,
  tombSuperseded |-> 0,
  orphanTracks |-> 0,
  leaked |-> 0,
  staleAdopt |-> 0,
  retired |-> (p1 :> 0),
  orphanAt |-> (p1 :> 0),
  orphanOutlived |-> 0,
  leakApplied |-> 0,
  baseRestored |-> 0,
  carrierAck |-> FALSE,
  remJudged |-> (p1 :> 0),
  removalOverreach |-> FALSE,
  swept |-> 0,
  remOver |-> (p1 :> 0),
  uiBase |-> {},
  pendingKept |-> 0 ]
/\ cellEpoch = 1
/\ window = 0
/\ stage = [A |-> (p1 :> 0), B |-> (p1 :> 0)]
/\ conflicts = {}
/\ withheldDel = [A |-> {}, B |-> {}]
/\ manifest = (p1 :> 2)
/\ cellQueue = <<>>
/\ cellHolder = "A"
/\ manSeq = 2
/\ hitlAcked = {}
/\ removals = {}
/\ sc = [ A |->
      [ pendN |-> {},
        ackN |-> {},
        instSnap |-> (p1 :> 2),
        instSrc |-> "cadence",
        jSeq |-> 2,
        instBase |-> (p1 :> 1),
        judged |-> (p1 :> 0),
        baseline |-> (p1 :> 1),
        scanD |-> {},
        scanU |-> {p1},
        upGone |-> {},
        scanGen |-> (p1 :> 2),
        surfaced |-> {},
        parked |-> {},
        upDone |-> {p1},
        fq |-> {},
        carryDropped |-> {},
        carryPaths |-> {},
        citeDropped |-> {},
        fqRetired |-> (p1 :> 0),
        epoch |-> 1,
        st |-> "running",
        pc |-> "cased",
        consumed |-> {},
        declared |-> {},
        gcDone |-> {},
        gcTook |-> {},
        gcHeaded |-> {},
        gcSeen |-> (p1 :> 0),
        retire |-> (p1 :> 1),
        upVerified |-> TRUE,
        adopted |-> {},
        noInst |-> FALSE,
        local |-> (p1 :> 3),
        touched |-> {},
        prevScan |-> {},
        known |-> {1, 2, 3},
        expSeq |-> 1,
        installed |-> FALSE,
        scope |-> {p1},
        instSeq |-> 2,
        repairMoved |-> {},
        lastDirty |-> {p1},
        stageCarried |-> FALSE,
        citeDone |-> {},
        sentTok |-> 0,
        pendCov |-> (p1 :> 0),
        pendMint |-> 0,
        pendDirty |-> {},
        honored |-> FALSE,
        pendReRun |-> FALSE,
        owed |-> {},
        verifiedAt |-> 0,
        inboxSeen |-> {},
        inboxLoaded |-> FALSE ],
  B |->
      [ pendN |-> {},
        ackN |-> {},
        instSnap |-> (p1 :> 1),
        instSrc |-> "none",
        jSeq |-> 0,
        instBase |-> (p1 :> 1),
        judged |-> (p1 :> 0),
        baseline |-> (p1 :> 1),
        scanD |-> {},
        scanU |-> {},
        upGone |-> {},
        scanGen |-> (p1 :> 1),
        surfaced |-> {},
        parked |-> {},
        upDone |-> {},
        fq |-> {},
        carryDropped |-> {},
        carryPaths |-> {},
        citeDropped |-> {},
        fqRetired |-> (p1 :> 0),
        epoch |-> 0,
        st |-> "running",
        pc |-> "scanned",
        consumed |-> {},
        declared |-> {},
        gcDone |-> {},
        gcTook |-> {},
        gcHeaded |-> {},
        gcSeen |-> (p1 :> 0),
        retire |-> (p1 :> 0),
        upVerified |-> FALSE,
        adopted |-> {},
        noInst |-> FALSE,
        local |-> (p1 :> 1),
        touched |-> {},
        prevScan |-> {},
        known |-> {1},
        expSeq |-> 1,
        installed |-> FALSE,
        scope |-> {p1},
        instSeq |-> 1,
        repairMoved |-> {},
        lastDirty |-> {},
        stageCarried |-> FALSE,
        citeDone |-> {},
        sentTok |-> 0,
        pendCov |-> (p1 :> 0),
        pendMint |-> 0,
        pendDirty |-> {},
        honored |-> FALSE,
        pendReRun |-> FALSE,
        owed |-> {},
        verifiedAt |-> 0,
        inboxSeen |-> {},
        inboxLoaded |-> FALSE ] ]
/\ objects = (p1 :> 1)
/\ versions = (p1 :> {1, 2})
/\ cellReleased = FALSE

State 14: <Next line 4189, col 7 to line 4189, col 42 of module LeanSubtree>
/\ cellHandoff = "none"
/\ stageBase = [A |-> (p1 :> 0), B |-> (p1 :> 0)]
/\ manSrc = "cadence"
/\ inbox = {}
/\ gh = [ removals |-> 0,
  tomb |-> (p1 :> 0),
  renamed |-> {},
  answered |-> {},
  amputated |-> FALSE,
  stragglerInstalls |-> 0,
  stragglerCas |-> 0,
  deposedPuts |-> 0,
  barriers |-> 2,
  done |-> 0,
  gc |-> 1,
  gcCited |-> 0,
  refusals |-> 0,
  cited |-> 0,
  takeovers |-> 0,
  crashes |-> 0,
  restarts |-> 0,
  adoptOwn |-> 0,
  stallUsed |-> FALSE,
  nextGen |-> 4,
  hitl |-> 0,
  syncs |-> 0,
  syncApplied |-> 0,
  syncConflicts |-> 0,
  syncDestroyed |-> FALSE,
  scopedDeferrals |-> 0,
  foreignLost |-> FALSE,
  deferredPaths |-> {},
  deferredLater |-> 0,
  staged |-> 0,
  cites |-> 0,
  reaped |-> 0,
  withheld |-> 0,
  forcedCites |-> 0,
  citeSpan |-> 0,
  carriedCite |-> FALSE,
  touches |-> 0,
  acks |-> 0,
  honors |-> 0,
  refusedAcks |-> 0,
  coalesced |-> 0,
  fastPaths |-> 0,
  ackAfterRestart |-> 0,
  fastHonor |-> FALSE,
  ackEarly |-> FALSE,
  ackIncoherent |-> FALSE,
  fencedOkAck |-> FALSE,
  srcMismatch |-> FALSE,
  partialAcks |-> 0,
  declaredDrops |-> 0,
  narrows |-> 0,
  narrowed |-> {},
  narrowRecited |-> {},
  narrowDeleted |-> {},
  consumeRegressed |-> FALSE,
  removalsApplied |-> 0,
  removalsRefused |-> 0,
  renamesApplied |-> 0,
  renameRefused |-> {},
  citedPairs |-> {},
  claimed |-> {"A"},
  interleaved |-> FALSE,
  handoffs |-> 0,
  deposals |-> 0,
  deadSkips |-> 0,
  enqueues |-> 0,
  abandoned |-> 0,
  adoptWithheld |-> 0,
  sameBytes |-> 0,
  uploadWithheld |-> 0,
  staleOverride |-> FALSE,
  hitlRetired |-> {<<p1, 1>>},
  pullOnlys |-> 0,
  emptyInstalls |-> 0,
  tombRemoved |-> 0,
  tombSuperseded |-> 0,
  orphanTracks |-> 0,
  leaked |-> 0,
  staleAdopt |-> 0,
  retired |-> (p1 :> 0),
  orphanAt |-> (p1 :> 0),
  orphanOutlived |-> 0,
  leakApplied |-> 0,
  baseRestored |-> 0,
  carrierAck |-> FALSE,
  remJudged |-> (p1 :> 0),
  removalOverreach |-> FALSE,
  swept |-> 0,
  remOver |-> (p1 :> 0),
  uiBase |-> {},
  pendingKept |-> 0 ]
/\ cellEpoch = 1
/\ window = 0
/\ stage = [A |-> (p1 :> 0), B |-> (p1 :> 0)]
/\ conflicts = {}
/\ withheldDel = [A |-> {}, B |-> {}]
/\ manifest = (p1 :> 2)
/\ cellQueue = <<>>
/\ cellHolder = "A"
/\ manSeq = 2
/\ hitlAcked = {}
/\ removals = {}
/\ sc = [ A |->
      [ pendN |-> {},
        ackN |-> {},
        instSnap |-> (p1 :> 2),
        instSrc |-> "cadence",
        jSeq |-> 2,
        instBase |-> (p1 :> 1),
        judged |-> (p1 :> 0),
        baseline |-> (p1 :> 1),
        scanD |-> {},
        scanU |-> {p1},
        upGone |-> {},
        scanGen |-> (p1 :> 2),
        surfaced |-> {},
        parked |-> {},
        upDone |-> {p1},
        fq |-> {},
        carryDropped |-> {},
        carryPaths |-> {},
        citeDropped |-> {},
        fqRetired |-> (p1 :> 0),
        epoch |-> 1,
        st |-> "running",
        pc |-> "cased",
        consumed |-> {},
        declared |-> {},
        gcDone |-> {},
        gcTook |-> {},
        gcHeaded |-> {},
        gcSeen |-> (p1 :> 0),
        retire |-> (p1 :> 0),
        upVerified |-> TRUE,
        adopted |-> {},
        noInst |-> FALSE,
        local |-> (p1 :> 3),
        touched |-> {},
        prevScan |-> {},
        known |-> {1, 2, 3},
        expSeq |-> 1,
        installed |-> FALSE,
        scope |-> {p1},
        instSeq |-> 2,
        repairMoved |-> {},
        lastDirty |-> {p1},
        stageCarried |-> FALSE,
        citeDone |-> {},
        sentTok |-> 0,
        pendCov |-> (p1 :> 0),
        pendMint |-> 0,
        pendDirty |-> {},
        honored |-> FALSE,
        pendReRun |-> FALSE,
        owed |-> {},
        verifiedAt |-> 0,
        inboxSeen |-> {},
        inboxLoaded |-> FALSE ],
  B |->
      [ pendN |-> {},
        ackN |-> {},
        instSnap |-> (p1 :> 1),
        instSrc |-> "none",
        jSeq |-> 0,
        instBase |-> (p1 :> 1),
        judged |-> (p1 :> 0),
        baseline |-> (p1 :> 1),
        scanD |-> {},
        scanU |-> {},
        upGone |-> {},
        scanGen |-> (p1 :> 1),
        surfaced |-> {},
        parked |-> {},
        upDone |-> {},
        fq |-> {},
        carryDropped |-> {},
        carryPaths |-> {},
        citeDropped |-> {},
        fqRetired |-> (p1 :> 0),
        epoch |-> 0,
        st |-> "running",
        pc |-> "scanned",
        consumed |-> {},
        declared |-> {},
        gcDone |-> {},
        gcTook |-> {},
        gcHeaded |-> {},
        gcSeen |-> (p1 :> 0),
        retire |-> (p1 :> 0),
        upVerified |-> FALSE,
        adopted |-> {},
        noInst |-> FALSE,
        local |-> (p1 :> 1),
        touched |-> {},
        prevScan |-> {},
        known |-> {1},
        expSeq |-> 1,
        installed |-> FALSE,
        scope |-> {p1},
        instSeq |-> 1,
        repairMoved |-> {},
        lastDirty |-> {},
        stageCarried |-> FALSE,
        citeDone |-> {},
        sentTok |-> 0,
        pendCov |-> (p1 :> 0),
        pendMint |-> 0,
        pendDirty |-> {},
        honored |-> FALSE,
        pendReRun |-> FALSE,
        owed |-> {},
        verifiedAt |-> 0,
        inboxSeen |-> {},
        inboxLoaded |-> FALSE ] ]
/\ objects = (p1 :> 1)
/\ versions = (p1 :> {2})
/\ cellReleased = FALSE

State 15: <Next line 4187, col 7 to line 4187, col 55 of module LeanSubtree>
/\ cellHandoff = "none"
/\ stageBase = [A |-> (p1 :> 0), B |-> (p1 :> 0)]
/\ manSrc = "cadence"
/\ inbox = {}
/\ gh = [ removals |-> 0,
  tomb |-> (p1 :> 0),
  renamed |-> {},
  answered |-> {},
  amputated |-> FALSE,
  stragglerInstalls |-> 0,
  stragglerCas |-> 0,
  deposedPuts |-> 0,
  barriers |-> 2,
  done |-> 1,
  gc |-> 1,
  gcCited |-> 0,
  refusals |-> 0,
  cited |-> 0,
  takeovers |-> 0,
  crashes |-> 0,
  restarts |-> 0,
  adoptOwn |-> 0,
  stallUsed |-> FALSE,
  nextGen |-> 4,
  hitl |-> 0,
  syncs |-> 0,
  syncApplied |-> 0,
  syncConflicts |-> 0,
  syncDestroyed |-> FALSE,
  scopedDeferrals |-> 0,
  foreignLost |-> FALSE,
  deferredPaths |-> {},
  deferredLater |-> 0,
  staged |-> 0,
  cites |-> 0,
  reaped |-> 0,
  withheld |-> 0,
  forcedCites |-> 0,
  citeSpan |-> 0,
  carriedCite |-> FALSE,
  touches |-> 0,
  acks |-> 0,
  honors |-> 0,
  refusedAcks |-> 0,
  coalesced |-> 0,
  fastPaths |-> 0,
  ackAfterRestart |-> 0,
  fastHonor |-> FALSE,
  ackEarly |-> FALSE,
  ackIncoherent |-> FALSE,
  fencedOkAck |-> FALSE,
  srcMismatch |-> FALSE,
  partialAcks |-> 0,
  declaredDrops |-> 0,
  narrows |-> 0,
  narrowed |-> {},
  narrowRecited |-> {},
  narrowDeleted |-> {},
  consumeRegressed |-> FALSE,
  removalsApplied |-> 0,
  removalsRefused |-> 0,
  renamesApplied |-> 0,
  renameRefused |-> {},
  citedPairs |-> {},
  claimed |-> {"A"},
  interleaved |-> FALSE,
  handoffs |-> 0,
  deposals |-> 0,
  deadSkips |-> 0,
  enqueues |-> 0,
  abandoned |-> 0,
  adoptWithheld |-> 0,
  sameBytes |-> 0,
  uploadWithheld |-> 0,
  staleOverride |-> FALSE,
  hitlRetired |-> {<<p1, 1>>},
  pullOnlys |-> 0,
  emptyInstalls |-> 0,
  tombRemoved |-> 0,
  tombSuperseded |-> 0,
  orphanTracks |-> 0,
  leaked |-> 0,
  staleAdopt |-> 0,
  retired |-> (p1 :> 0),
  orphanAt |-> (p1 :> 0),
  orphanOutlived |-> 0,
  leakApplied |-> 0,
  baseRestored |-> 0,
  carrierAck |-> FALSE,
  remJudged |-> (p1 :> 0),
  removalOverreach |-> FALSE,
  swept |-> 0,
  remOver |-> (p1 :> 0),
  uiBase |-> {},
  pendingKept |-> 0 ]
/\ cellEpoch = 1
/\ window = 0
/\ stage = [A |-> (p1 :> 0), B |-> (p1 :> 0)]
/\ conflicts = {}
/\ withheldDel = [A |-> {}, B |-> {}]
/\ manifest = (p1 :> 2)
/\ cellQueue = <<>>
/\ cellHolder = "A"
/\ manSeq = 2
/\ hitlAcked = {}
/\ removals = {}
/\ sc = [ A |->
      [ pendN |-> {},
        ackN |-> {},
        instSnap |-> (p1 :> 2),
        instSrc |-> "cadence",
        jSeq |-> 2,
        instBase |-> (p1 :> 2),
        judged |-> (p1 :> 0),
        baseline |-> (p1 :> 2),
        scanD |-> {},
        scanU |-> {},
        upGone |-> {},
        scanGen |-> (p1 :> 0),
        surfaced |-> {},
        parked |-> {},
        upDone |-> {},
        fq |-> {},
        carryDropped |-> {},
        carryPaths |-> {},
        citeDropped |-> {},
        fqRetired |-> (p1 :> 0),
        epoch |-> 1,
        st |-> "running",
        pc |-> "idle",
        consumed |-> {},
        declared |-> {},
        gcDone |-> {},
        gcTook |-> {},
        gcHeaded |-> {},
        gcSeen |-> (p1 :> 0),
        retire |-> (p1 :> 0),
        upVerified |-> FALSE,
        adopted |-> {},
        noInst |-> FALSE,
        local |-> (p1 :> 3),
        touched |-> {},
        prevScan |-> {},
        known |-> {1, 2, 3},
        expSeq |-> 2,
        installed |-> TRUE,
        scope |-> {p1},
        instSeq |-> 2,
        repairMoved |-> {},
        lastDirty |-> {p1},
        stageCarried |-> FALSE,
        citeDone |-> {},
        sentTok |-> 0,
        pendCov |-> (p1 :> 0),
        pendMint |-> 0,
        pendDirty |-> {},
        honored |-> FALSE,
        pendReRun |-> FALSE,
        owed |-> {},
        verifiedAt |-> 0,
        inboxSeen |-> {},
        inboxLoaded |-> FALSE ],
  B |->
      [ pendN |-> {},
        ackN |-> {},
        instSnap |-> (p1 :> 1),
        instSrc |-> "none",
        jSeq |-> 0,
        instBase |-> (p1 :> 1),
        judged |-> (p1 :> 0),
        baseline |-> (p1 :> 1),
        scanD |-> {},
        scanU |-> {},
        upGone |-> {},
        scanGen |-> (p1 :> 1),
        surfaced |-> {},
        parked |-> {},
        upDone |-> {},
        fq |-> {},
        carryDropped |-> {},
        carryPaths |-> {},
        citeDropped |-> {},
        fqRetired |-> (p1 :> 0),
        epoch |-> 0,
        st |-> "running",
        pc |-> "scanned",
        consumed |-> {},
        declared |-> {},
        gcDone |-> {},
        gcTook |-> {},
        gcHeaded |-> {},
        gcSeen |-> (p1 :> 0),
        retire |-> (p1 :> 0),
        upVerified |-> FALSE,
        adopted |-> {},
        noInst |-> FALSE,
        local |-> (p1 :> 1),
        touched |-> {},
        prevScan |-> {},
        known |-> {1},
        expSeq |-> 1,
        installed |-> FALSE,
        scope |-> {p1},
        instSeq |-> 1,
        repairMoved |-> {},
        lastDirty |-> {},
        stageCarried |-> FALSE,
        citeDone |-> {},
        sentTok |-> 0,
        pendCov |-> (p1 :> 0),
        pendMint |-> 0,
        pendDirty |-> {},
        honored |-> FALSE,
        pendReRun |-> FALSE,
        owed |-> {},
        verifiedAt |-> 0,
        inboxSeen |-> {},
        inboxLoaded |-> FALSE ] ]
/\ objects = (p1 :> 1)
/\ versions = (p1 :> {2})
/\ cellReleased = TRUE

State 16: <Next line 4187, col 7 to line 4187, col 55 of module LeanSubtree>
/\ cellHandoff = "none"
/\ stageBase = [A |-> (p1 :> 0), B |-> (p1 :> 0)]
/\ manSrc = "cadence"
/\ inbox = {}
/\ gh = [ removals |-> 0,
  tomb |-> (p1 :> 0),
  renamed |-> {},
  answered |-> {},
  amputated |-> FALSE,
  stragglerInstalls |-> 0,
  stragglerCas |-> 0,
  deposedPuts |-> 0,
  barriers |-> 2,
  done |-> 1,
  gc |-> 1,
  gcCited |-> 0,
  refusals |-> 0,
  cited |-> 0,
  takeovers |-> 0,
  crashes |-> 0,
  restarts |-> 0,
  adoptOwn |-> 0,
  stallUsed |-> FALSE,
  nextGen |-> 4,
  hitl |-> 0,
  syncs |-> 0,
  syncApplied |-> 0,
  syncConflicts |-> 0,
  syncDestroyed |-> FALSE,
  scopedDeferrals |-> 0,
  foreignLost |-> FALSE,
  deferredPaths |-> {},
  deferredLater |-> 0,
  staged |-> 0,
  cites |-> 0,
  reaped |-> 0,
  withheld |-> 0,
  forcedCites |-> 0,
  citeSpan |-> 0,
  carriedCite |-> FALSE,
  touches |-> 0,
  acks |-> 0,
  honors |-> 0,
  refusedAcks |-> 0,
  coalesced |-> 0,
  fastPaths |-> 0,
  ackAfterRestart |-> 0,
  fastHonor |-> FALSE,
  ackEarly |-> FALSE,
  ackIncoherent |-> FALSE,
  fencedOkAck |-> FALSE,
  srcMismatch |-> FALSE,
  partialAcks |-> 0,
  declaredDrops |-> 0,
  narrows |-> 0,
  narrowed |-> {},
  narrowRecited |-> {},
  narrowDeleted |-> {},
  consumeRegressed |-> FALSE,
  removalsApplied |-> 0,
  removalsRefused |-> 0,
  renamesApplied |-> 0,
  renameRefused |-> {},
  citedPairs |-> {},
  claimed |-> {"A"},
  interleaved |-> FALSE,
  handoffs |-> 0,
  deposals |-> 0,
  deadSkips |-> 0,
  enqueues |-> 0,
  abandoned |-> 0,
  adoptWithheld |-> 0,
  sameBytes |-> 0,
  uploadWithheld |-> 0,
  staleOverride |-> FALSE,
  hitlRetired |-> {<<p1, 1>>},
  pullOnlys |-> 0,
  emptyInstalls |-> 0,
  tombRemoved |-> 0,
  tombSuperseded |-> 0,
  orphanTracks |-> 0,
  leaked |-> 0,
  staleAdopt |-> 0,
  retired |-> (p1 :> 0),
  orphanAt |-> (p1 :> 0),
  orphanOutlived |-> 0,
  leakApplied |-> 0,
  baseRestored |-> 0,
  carrierAck |-> FALSE,
  remJudged |-> (p1 :> 0),
  removalOverreach |-> FALSE,
  swept |-> 0,
  remOver |-> (p1 :> 0),
  uiBase |-> {},
  pendingKept |-> 0 ]
/\ cellEpoch = 1
/\ window = 0
/\ stage = [A |-> (p1 :> 0), B |-> (p1 :> 0)]
/\ conflicts = {}
/\ withheldDel = [A |-> {}, B |-> {}]
/\ manifest = (p1 :> 2)
/\ cellQueue = <<>>
/\ cellHolder = "A"
/\ manSeq = 2
/\ hitlAcked = {}
/\ removals = {}
/\ sc = [ A |->
      [ pendN |-> {},
        ackN |-> {},
        instSnap |-> (p1 :> 2),
        instSrc |-> "cadence",
        jSeq |-> 2,
        instBase |-> (p1 :> 2),
        judged |-> (p1 :> 0),
        baseline |-> (p1 :> 2),
        scanD |-> {},
        scanU |-> {},
        upGone |-> {},
        scanGen |-> (p1 :> 0),
        surfaced |-> {},
        parked |-> {},
        upDone |-> {},
        fq |-> {},
        carryDropped |-> {},
        carryPaths |-> {},
        citeDropped |-> {},
        fqRetired |-> (p1 :> 0),
        epoch |-> 1,
        st |-> "running",
        pc |-> "consumed",
        consumed |-> {},
        declared |-> {},
        gcDone |-> {},
        gcTook |-> {},
        gcHeaded |-> {},
        gcSeen |-> (p1 :> 0),
        retire |-> (p1 :> 0),
        upVerified |-> FALSE,
        adopted |-> {},
        noInst |-> FALSE,
        local |-> (p1 :> 3),
        touched |-> {},
        prevScan |-> {},
        known |-> {1, 2, 3},
        expSeq |-> 2,
        installed |-> TRUE,
        scope |-> {p1},
        instSeq |-> 2,
        repairMoved |-> {},
        lastDirty |-> {p1},
        stageCarried |-> FALSE,
        citeDone |-> {},
        sentTok |-> 0,
        pendCov |-> (p1 :> 0),
        pendMint |-> 0,
        pendDirty |-> {},
        honored |-> FALSE,
        pendReRun |-> FALSE,
        owed |-> {},
        verifiedAt |-> 0,
        inboxSeen |-> {},
        inboxLoaded |-> FALSE ],
  B |->
      [ pendN |-> {},
        ackN |-> {},
        instSnap |-> (p1 :> 1),
        instSrc |-> "none",
        jSeq |-> 0,
        instBase |-> (p1 :> 1),
        judged |-> (p1 :> 0),
        baseline |-> (p1 :> 1),
        scanD |-> {},
        scanU |-> {},
        upGone |-> {},
        scanGen |-> (p1 :> 1),
        surfaced |-> {},
        parked |-> {},
        upDone |-> {},
        fq |-> {},
        carryDropped |-> {},
        carryPaths |-> {},
        citeDropped |-> {},
        fqRetired |-> (p1 :> 0),
        epoch |-> 0,
        st |-> "running",
        pc |-> "scanned",
        consumed |-> {},
        declared |-> {},
        gcDone |-> {},
        gcTook |-> {},
        gcHeaded |-> {},
        gcSeen |-> (p1 :> 0),
        retire |-> (p1 :> 0),
        upVerified |-> FALSE,
        adopted |-> {},
        noInst |-> FALSE,
        local |-> (p1 :> 1),
        touched |-> {},
        prevScan |-> {},
        known |-> {1},
        expSeq |-> 1,
        installed |-> FALSE,
        scope |-> {p1},
        instSeq |-> 1,
        repairMoved |-> {},
        lastDirty |-> {},
        stageCarried |-> FALSE,
        citeDone |-> {},
        sentTok |-> 0,
        pendCov |-> (p1 :> 0),
        pendMint |-> 0,
        pendDirty |-> {},
        honored |-> FALSE,
        pendReRun |-> FALSE,
        owed |-> {},
        verifiedAt |-> 0,
        inboxSeen |-> {},
        inboxLoaded |-> FALSE ] ]
/\ objects = (p1 :> 1)
/\ versions = (p1 :> {2})
/\ cellReleased = TRUE

State 17: <Next line 4187, col 7 to line 4187, col 55 of module LeanSubtree>
/\ cellHandoff = "none"
/\ stageBase = [A |-> (p1 :> 0), B |-> (p1 :> 0)]
/\ manSrc = "cadence"
/\ inbox = {}
/\ gh = [ removals |-> 0,
  tomb |-> (p1 :> 0),
  renamed |-> {},
  answered |-> {},
  amputated |-> FALSE,
  stragglerInstalls |-> 0,
  stragglerCas |-> 0,
  deposedPuts |-> 0,
  barriers |-> 3,
  done |-> 1,
  gc |-> 1,
  gcCited |-> 0,
  refusals |-> 0,
  cited |-> 0,
  takeovers |-> 0,
  crashes |-> 0,
  restarts |-> 0,
  adoptOwn |-> 0,
  stallUsed |-> FALSE,
  nextGen |-> 4,
  hitl |-> 0,
  syncs |-> 0,
  syncApplied |-> 0,
  syncConflicts |-> 0,
  syncDestroyed |-> FALSE,
  scopedDeferrals |-> 0,
  foreignLost |-> FALSE,
  deferredPaths |-> {},
  deferredLater |-> 0,
  staged |-> 0,
  cites |-> 0,
  reaped |-> 0,
  withheld |-> 0,
  forcedCites |-> 0,
  citeSpan |-> 0,
  carriedCite |-> FALSE,
  touches |-> 0,
  acks |-> 0,
  honors |-> 0,
  refusedAcks |-> 0,
  coalesced |-> 0,
  fastPaths |-> 0,
  ackAfterRestart |-> 0,
  fastHonor |-> FALSE,
  ackEarly |-> FALSE,
  ackIncoherent |-> FALSE,
  fencedOkAck |-> FALSE,
  srcMismatch |-> FALSE,
  partialAcks |-> 0,
  declaredDrops |-> 0,
  narrows |-> 0,
  narrowed |-> {},
  narrowRecited |-> {},
  narrowDeleted |-> {},
  consumeRegressed |-> FALSE,
  removalsApplied |-> 0,
  removalsRefused |-> 0,
  renamesApplied |-> 0,
  renameRefused |-> {},
  citedPairs |-> {},
  claimed |-> {"A"},
  interleaved |-> FALSE,
  handoffs |-> 0,
  deposals |-> 0,
  deadSkips |-> 0,
  enqueues |-> 0,
  abandoned |-> 0,
  adoptWithheld |-> 0,
  sameBytes |-> 0,
  uploadWithheld |-> 0,
  staleOverride |-> FALSE,
  hitlRetired |-> {<<p1, 1>>},
  pullOnlys |-> 0,
  emptyInstalls |-> 0,
  tombRemoved |-> 0,
  tombSuperseded |-> 0,
  orphanTracks |-> 0,
  leaked |-> 0,
  staleAdopt |-> 0,
  retired |-> (p1 :> 0),
  orphanAt |-> (p1 :> 0),
  orphanOutlived |-> 0,
  leakApplied |-> 0,
  baseRestored |-> 0,
  carrierAck |-> FALSE,
  remJudged |-> (p1 :> 0),
  removalOverreach |-> FALSE,
  swept |-> 0,
  remOver |-> (p1 :> 0),
  uiBase |-> {},
  pendingKept |-> 0 ]
/\ cellEpoch = 1
/\ window = 0
/\ stage = [A |-> (p1 :> 0), B |-> (p1 :> 0)]
/\ conflicts = {}
/\ withheldDel = [A |-> {}, B |-> {}]
/\ manifest = (p1 :> 2)
/\ cellQueue = <<>>
/\ cellHolder = "A"
/\ manSeq = 2
/\ hitlAcked = {}
/\ removals = {}
/\ sc = [ A |->
      [ pendN |-> {},
        ackN |-> {},
        instSnap |-> (p1 :> 2),
        instSrc |-> "cadence",
        jSeq |-> 2,
        instBase |-> (p1 :> 2),
        judged |-> (p1 :> 0),
        baseline |-> (p1 :> 2),
        scanD |-> {},
        scanU |-> {p1},
        upGone |-> {},
        scanGen |-> (p1 :> 3),
        surfaced |-> {},
        parked |-> {},
        upDone |-> {},
        fq |-> {},
        carryDropped |-> {},
        carryPaths |-> {},
        citeDropped |-> {},
        fqRetired |-> (p1 :> 0),
        epoch |-> 1,
        st |-> "running",
        pc |-> "scanned",
        consumed |-> {},
        declared |-> {},
        gcDone |-> {},
        gcTook |-> {},
        gcHeaded |-> {},
        gcSeen |-> (p1 :> 0),
        retire |-> (p1 :> 0),
        upVerified |-> FALSE,
        adopted |-> {},
        noInst |-> FALSE,
        local |-> (p1 :> 3),
        touched |-> {},
        prevScan |-> {},
        known |-> {1, 2, 3},
        expSeq |-> 2,
        installed |-> TRUE,
        scope |-> {p1},
        instSeq |-> 2,
        repairMoved |-> {},
        lastDirty |-> {p1},
        stageCarried |-> FALSE,
        citeDone |-> {},
        sentTok |-> 0,
        pendCov |-> (p1 :> 0),
        pendMint |-> 0,
        pendDirty |-> {},
        honored |-> FALSE,
        pendReRun |-> FALSE,
        owed |-> {},
        verifiedAt |-> 0,
        inboxSeen |-> {},
        inboxLoaded |-> FALSE ],
  B |->
      [ pendN |-> {},
        ackN |-> {},
        instSnap |-> (p1 :> 1),
        instSrc |-> "none",
        jSeq |-> 0,
        instBase |-> (p1 :> 1),
        judged |-> (p1 :> 0),
        baseline |-> (p1 :> 1),
        scanD |-> {},
        scanU |-> {},
        upGone |-> {},
        scanGen |-> (p1 :> 1),
        surfaced |-> {},
        parked |-> {},
        upDone |-> {},
        fq |-> {},
        carryDropped |-> {},
        carryPaths |-> {},
        citeDropped |-> {},
        fqRetired |-> (p1 :> 0),
        epoch |-> 0,
        st |-> "running",
        pc |-> "scanned",
        consumed |-> {},
        declared |-> {},
        gcDone |-> {},
        gcTook |-> {},
        gcHeaded |-> {},
        gcSeen |-> (p1 :> 0),
        retire |-> (p1 :> 0),
        upVerified |-> FALSE,
        adopted |-> {},
        noInst |-> FALSE,
        local |-> (p1 :> 1),
        touched |-> {},
        prevScan |-> {},
        known |-> {1},
        expSeq |-> 1,
        installed |-> FALSE,
        scope |-> {p1},
        instSeq |-> 1,
        repairMoved |-> {},
        lastDirty |-> {},
        stageCarried |-> FALSE,
        citeDone |-> {},
        sentTok |-> 0,
        pendCov |-> (p1 :> 0),
        pendMint |-> 0,
        pendDirty |-> {},
        honored |-> FALSE,
        pendReRun |-> FALSE,
        owed |-> {},
        verifiedAt |-> 0,
        inboxSeen |-> {},
        inboxLoaded |-> FALSE ] ]
/\ objects = (p1 :> 1)
/\ versions = (p1 :> {2})
/\ cellReleased = TRUE

State 18: <Next line 4189, col 7 to line 4189, col 42 of module LeanSubtree>
/\ cellHandoff = "none"
/\ stageBase = [A |-> (p1 :> 0), B |-> (p1 :> 0)]
/\ manSrc = "cadence"
/\ inbox = {}
/\ gh = [ removals |-> 0,
  tomb |-> (p1 :> 0),
  renamed |-> {},
  answered |-> {},
  amputated |-> FALSE,
  stragglerInstalls |-> 0,
  stragglerCas |-> 0,
  deposedPuts |-> 0,
  barriers |-> 3,
  done |-> 1,
  gc |-> 1,
  gcCited |-> 0,
  refusals |-> 0,
  cited |-> 0,
  takeovers |-> 0,
  crashes |-> 0,
  restarts |-> 0,
  adoptOwn |-> 0,
  stallUsed |-> FALSE,
  nextGen |-> 4,
  hitl |-> 0,
  syncs |-> 0,
  syncApplied |-> 0,
  syncConflicts |-> 0,
  syncDestroyed |-> FALSE,
  scopedDeferrals |-> 0,
  foreignLost |-> FALSE,
  deferredPaths |-> {},
  deferredLater |-> 0,
  staged |-> 0,
  cites |-> 0,
  reaped |-> 0,
  withheld |-> 0,
  forcedCites |-> 0,
  citeSpan |-> 0,
  carriedCite |-> FALSE,
  touches |-> 0,
  acks |-> 0,
  honors |-> 0,
  refusedAcks |-> 0,
  coalesced |-> 0,
  fastPaths |-> 0,
  ackAfterRestart |-> 0,
  fastHonor |-> FALSE,
  ackEarly |-> FALSE,
  ackIncoherent |-> FALSE,
  fencedOkAck |-> FALSE,
  srcMismatch |-> FALSE,
  partialAcks |-> 0,
  declaredDrops |-> 0,
  narrows |-> 0,
  narrowed |-> {},
  narrowRecited |-> {},
  narrowDeleted |-> {},
  consumeRegressed |-> FALSE,
  removalsApplied |-> 0,
  removalsRefused |-> 0,
  renamesApplied |-> 0,
  renameRefused |-> {},
  citedPairs |-> {},
  claimed |-> {"A"},
  interleaved |-> FALSE,
  handoffs |-> 0,
  deposals |-> 0,
  deadSkips |-> 0,
  enqueues |-> 0,
  abandoned |-> 0,
  adoptWithheld |-> 0,
  sameBytes |-> 0,
  uploadWithheld |-> 0,
  staleOverride |-> FALSE,
  hitlRetired |-> {<<p1, 1>>},
  pullOnlys |-> 0,
  emptyInstalls |-> 0,
  tombRemoved |-> 0,
  tombSuperseded |-> 0,
  orphanTracks |-> 0,
  leaked |-> 0,
  staleAdopt |-> 0,
  retired |-> (p1 :> 0),
  orphanAt |-> (p1 :> 0),
  orphanOutlived |-> 0,
  leakApplied |-> 0,
  baseRestored |-> 0,
  carrierAck |-> FALSE,
  remJudged |-> (p1 :> 0),
  removalOverreach |-> FALSE,
  swept |-> 0,
  remOver |-> (p1 :> 0),
  uiBase |-> {},
  pendingKept |-> 0 ]
/\ cellEpoch = 1
/\ window = 0
/\ stage = [A |-> (p1 :> 0), B |-> (p1 :> 0)]
/\ conflicts = {}
/\ withheldDel = [A |-> {}, B |-> {}]
/\ manifest = (p1 :> 2)
/\ cellQueue = <<>>
/\ cellHolder = "A"
/\ manSeq = 2
/\ hitlAcked = {}
/\ removals = {}
/\ sc = [ A |->
      [ pendN |-> {},
        ackN |-> {},
        instSnap |-> (p1 :> 2),
        instSrc |-> "cadence",
        jSeq |-> 2,
        instBase |-> (p1 :> 2),
        judged |-> (p1 :> 0),
        baseline |-> (p1 :> 2),
        scanD |-> {},
        scanU |-> {p1},
        upGone |-> {},
        scanGen |-> (p1 :> 3),
        surfaced |-> {},
        parked |-> {},
        upDone |-> {p1},
        fq |-> {},
        carryDropped |-> {},
        carryPaths |-> {},
        citeDropped |-> {},
        fqRetired |-> (p1 :> 0),
        epoch |-> 1,
        st |-> "running",
        pc |-> "scanned",
        consumed |-> {},
        declared |-> {},
        gcDone |-> {},
        gcTook |-> {},
        gcHeaded |-> {},
        gcSeen |-> (p1 :> 0),
        retire |-> (p1 :> 0),
        upVerified |-> FALSE,
        adopted |-> {},
        noInst |-> FALSE,
        local |-> (p1 :> 3),
        touched |-> {},
        prevScan |-> {},
        known |-> {1, 2, 3},
        expSeq |-> 2,
        installed |-> TRUE,
        scope |-> {p1},
        instSeq |-> 2,
        repairMoved |-> {},
        lastDirty |-> {p1},
        stageCarried |-> FALSE,
        citeDone |-> {},
        sentTok |-> 0,
        pendCov |-> (p1 :> 0),
        pendMint |-> 0,
        pendDirty |-> {},
        honored |-> FALSE,
        pendReRun |-> FALSE,
        owed |-> {},
        verifiedAt |-> 0,
        inboxSeen |-> {},
        inboxLoaded |-> FALSE ],
  B |->
      [ pendN |-> {},
        ackN |-> {},
        instSnap |-> (p1 :> 1),
        instSrc |-> "none",
        jSeq |-> 0,
        instBase |-> (p1 :> 1),
        judged |-> (p1 :> 0),
        baseline |-> (p1 :> 1),
        scanD |-> {},
        scanU |-> {},
        upGone |-> {},
        scanGen |-> (p1 :> 1),
        surfaced |-> {},
        parked |-> {},
        upDone |-> {},
        fq |-> {},
        carryDropped |-> {},
        carryPaths |-> {},
        citeDropped |-> {},
        fqRetired |-> (p1 :> 0),
        epoch |-> 0,
        st |-> "running",
        pc |-> "scanned",
        consumed |-> {},
        declared |-> {},
        gcDone |-> {},
        gcTook |-> {},
        gcHeaded |-> {},
        gcSeen |-> (p1 :> 0),
        retire |-> (p1 :> 0),
        upVerified |-> FALSE,
        adopted |-> {},
        noInst |-> FALSE,
        local |-> (p1 :> 1),
        touched |-> {},
        prevScan |-> {},
        known |-> {1},
        expSeq |-> 1,
        installed |-> FALSE,
        scope |-> {p1},
        instSeq |-> 1,
        repairMoved |-> {},
        lastDirty |-> {},
        stageCarried |-> FALSE,
        citeDone |-> {},
        sentTok |-> 0,
        pendCov |-> (p1 :> 0),
        pendMint |-> 0,
        pendDirty |-> {},
        honored |-> FALSE,
        pendReRun |-> FALSE,
        owed |-> {},
        verifiedAt |-> 0,
        inboxSeen |-> {},
        inboxLoaded |-> FALSE ] ]
/\ objects = (p1 :> 1)
/\ versions = (p1 :> {2, 3})
/\ cellReleased = TRUE

State 19: <Next line 4187, col 7 to line 4187, col 55 of module LeanSubtree>
/\ cellHandoff = "none"
/\ stageBase = [A |-> (p1 :> 0), B |-> (p1 :> 0)]
/\ manSrc = "cadence"
/\ inbox = {}
/\ gh = [ removals |-> 0,
  tomb |-> (p1 :> 0),
  renamed |-> {},
  answered |-> {},
  amputated |-> FALSE,
  stragglerInstalls |-> 0,
  stragglerCas |-> 0,
  deposedPuts |-> 0,
  barriers |-> 3,
  done |-> 1,
  gc |-> 1,
  gcCited |-> 0,
  refusals |-> 0,
  cited |-> 0,
  takeovers |-> 0,
  crashes |-> 0,
  restarts |-> 0,
  adoptOwn |-> 0,
  stallUsed |-> FALSE,
  nextGen |-> 4,
  hitl |-> 0,
  syncs |-> 0,
  syncApplied |-> 0,
  syncConflicts |-> 0,
  syncDestroyed |-> FALSE,
  scopedDeferrals |-> 0,
  foreignLost |-> FALSE,
  deferredPaths |-> {},
  deferredLater |-> 0,
  staged |-> 0,
  cites |-> 0,
  reaped |-> 0,
  withheld |-> 0,
  forcedCites |-> 0,
  citeSpan |-> 0,
  carriedCite |-> FALSE,
  touches |-> 0,
  acks |-> 0,
  honors |-> 0,
  refusedAcks |-> 0,
  coalesced |-> 0,
  fastPaths |-> 0,
  ackAfterRestart |-> 0,
  fastHonor |-> FALSE,
  ackEarly |-> FALSE,
  ackIncoherent |-> FALSE,
  fencedOkAck |-> FALSE,
  srcMismatch |-> FALSE,
  partialAcks |-> 0,
  declaredDrops |-> 0,
  narrows |-> 0,
  narrowed |-> {},
  narrowRecited |-> {},
  narrowDeleted |-> {},
  consumeRegressed |-> FALSE,
  removalsApplied |-> 0,
  removalsRefused |-> 0,
  renamesApplied |-> 0,
  renameRefused |-> {},
  citedPairs |-> {},
  claimed |-> {"A"},
  interleaved |-> FALSE,
  handoffs |-> 0,
  deposals |-> 0,
  deadSkips |-> 0,
  enqueues |-> 0,
  abandoned |-> 0,
  adoptWithheld |-> 0,
  sameBytes |-> 0,
  uploadWithheld |-> 0,
  staleOverride |-> FALSE,
  hitlRetired |-> {<<p1, 1>>},
  pullOnlys |-> 0,
  emptyInstalls |-> 0,
  tombRemoved |-> 0,
  tombSuperseded |-> 0,
  orphanTracks |-> 0,
  leaked |-> 0,
  staleAdopt |-> 0,
  retired |-> (p1 :> 0),
  orphanAt |-> (p1 :> 0),
  orphanOutlived |-> 0,
  leakApplied |-> 0,
  baseRestored |-> 0,
  carrierAck |-> FALSE,
  remJudged |-> (p1 :> 0),
  removalOverreach |-> FALSE,
  swept |-> 0,
  remOver |-> (p1 :> 0),
  uiBase |-> {},
  pendingKept |-> 0 ]
/\ cellEpoch = 2
/\ window = 2
/\ stage = [A |-> (p1 :> 0), B |-> (p1 :> 0)]
/\ conflicts = {}
/\ withheldDel = [A |-> {}, B |-> {}]
/\ manifest = (p1 :> 2)
/\ cellQueue = <<>>
/\ cellHolder = "A"
/\ manSeq = 2
/\ hitlAcked = {}
/\ removals = {}
/\ sc = [ A |->
      [ pendN |-> {},
        ackN |-> {},
        instSnap |-> (p1 :> 2),
        instSrc |-> "cadence",
        jSeq |-> 2,
        instBase |-> (p1 :> 2),
        judged |-> (p1 :> 0),
        baseline |-> (p1 :> 2),
        scanD |-> {},
        scanU |-> {p1},
        upGone |-> {},
        scanGen |-> (p1 :> 3),
        surfaced |-> {},
        parked |-> {},
        upDone |-> {p1},
        fq |-> {},
        carryDropped |-> {},
        carryPaths |-> {},
        citeDropped |-> {},
        fqRetired |-> (p1 :> 0),
        epoch |-> 2,
        st |-> "running",
        pc |-> "claimed",
        consumed |-> {},
        declared |-> {},
        gcDone |-> {},
        gcTook |-> {},
        gcHeaded |-> {},
        gcSeen |-> (p1 :> 0),
        retire |-> (p1 :> 0),
        upVerified |-> FALSE,
        adopted |-> {},
        noInst |-> FALSE,
        local |-> (p1 :> 3),
        touched |-> {},
        prevScan |-> {},
        known |-> {1, 2, 3},
        expSeq |-> 2,
        installed |-> TRUE,
        scope |-> {p1},
        instSeq |-> 2,
        repairMoved |-> {},
        lastDirty |-> {p1},
        stageCarried |-> FALSE,
        citeDone |-> {},
        sentTok |-> 0,
        pendCov |-> (p1 :> 0),
        pendMint |-> 0,
        pendDirty |-> {},
        honored |-> FALSE,
        pendReRun |-> FALSE,
        owed |-> {},
        verifiedAt |-> 0,
        inboxSeen |-> {},
        inboxLoaded |-> FALSE ],
  B |->
      [ pendN |-> {},
        ackN |-> {},
        instSnap |-> (p1 :> 1),
        instSrc |-> "none",
        jSeq |-> 0,
        instBase |-> (p1 :> 1),
        judged |-> (p1 :> 0),
        baseline |-> (p1 :> 1),
        scanD |-> {},
        scanU |-> {},
        upGone |-> {},
        scanGen |-> (p1 :> 1),
        surfaced |-> {},
        parked |-> {},
        upDone |-> {},
        fq |-> {},
        carryDropped |-> {},
        carryPaths |-> {},
        citeDropped |-> {},
        fqRetired |-> (p1 :> 0),
        epoch |-> 0,
        st |-> "running",
        pc |-> "scanned",
        consumed |-> {},
        declared |-> {},
        gcDone |-> {},
        gcTook |-> {},
        gcHeaded |-> {},
        gcSeen |-> (p1 :> 0),
        retire |-> (p1 :> 0),
        upVerified |-> FALSE,
        adopted |-> {},
        noInst |-> FALSE,
        local |-> (p1 :> 1),
        touched |-> {},
        prevScan |-> {},
        known |-> {1},
        expSeq |-> 1,
        installed |-> FALSE,
        scope |-> {p1},
        instSeq |-> 1,
        repairMoved |-> {},
        lastDirty |-> {},
        stageCarried |-> FALSE,
        citeDone |-> {},
        sentTok |-> 0,
        pendCov |-> (p1 :> 0),
        pendMint |-> 0,
        pendDirty |-> {},
        honored |-> FALSE,
        pendReRun |-> FALSE,
        owed |-> {},
        verifiedAt |-> 0,
        inboxSeen |-> {},
        inboxLoaded |-> FALSE ] ]
/\ objects = (p1 :> 1)
/\ versions = (p1 :> {2, 3})
/\ cellReleased = FALSE

State 20: <Next line 4189, col 7 to line 4189, col 42 of module LeanSubtree>
/\ cellHandoff = "none"
/\ stageBase = [A |-> (p1 :> 0), B |-> (p1 :> 0)]
/\ manSrc = "cadence"
/\ inbox = {}
/\ gh = [ removals |-> 0,
  tomb |-> (p1 :> 0),
  renamed |-> {},
  answered |-> {},
  amputated |-> FALSE,
  stragglerInstalls |-> 0,
  stragglerCas |-> 0,
  deposedPuts |-> 0,
  barriers |-> 3,
  done |-> 1,
  gc |-> 1,
  gcCited |-> 0,
  refusals |-> 0,
  cited |-> 0,
  takeovers |-> 0,
  crashes |-> 0,
  restarts |-> 0,
  adoptOwn |-> 0,
  stallUsed |-> FALSE,
  nextGen |-> 4,
  hitl |-> 0,
  syncs |-> 0,
  syncApplied |-> 0,
  syncConflicts |-> 0,
  syncDestroyed |-> FALSE,
  scopedDeferrals |-> 0,
  foreignLost |-> FALSE,
  deferredPaths |-> {},
  deferredLater |-> 0,
  staged |-> 0,
  cites |-> 0,
  reaped |-> 0,
  withheld |-> 0,
  forcedCites |-> 0,
  citeSpan |-> 0,
  carriedCite |-> FALSE,
  touches |-> 0,
  acks |-> 0,
  honors |-> 0,
  refusedAcks |-> 0,
  coalesced |-> 0,
  fastPaths |-> 0,
  ackAfterRestart |-> 0,
  fastHonor |-> FALSE,
  ackEarly |-> FALSE,
  ackIncoherent |-> FALSE,
  fencedOkAck |-> FALSE,
  srcMismatch |-> FALSE,
  partialAcks |-> 0,
  declaredDrops |-> 0,
  narrows |-> 0,
  narrowed |-> {},
  narrowRecited |-> {},
  narrowDeleted |-> {},
  consumeRegressed |-> FALSE,
  removalsApplied |-> 0,
  removalsRefused |-> 0,
  renamesApplied |-> 0,
  renameRefused |-> {},
  citedPairs |-> {},
  claimed |-> {"A"},
  interleaved |-> FALSE,
  handoffs |-> 0,
  deposals |-> 0,
  deadSkips |-> 0,
  enqueues |-> 0,
  abandoned |-> 0,
  adoptWithheld |-> 0,
  sameBytes |-> 0,
  uploadWithheld |-> 0,
  staleOverride |-> FALSE,
  hitlRetired |-> {<<p1, 1>>},
  pullOnlys |-> 0,
  emptyInstalls |-> 0,
  tombRemoved |-> 0,
  tombSuperseded |-> 0,
  orphanTracks |-> 0,
  leaked |-> 0,
  staleAdopt |-> 0,
  retired |-> (p1 :> 0),
  orphanAt |-> (p1 :> 0),
  orphanOutlived |-> 0,
  leakApplied |-> 0,
  baseRestored |-> 0,
  carrierAck |-> FALSE,
  remJudged |-> (p1 :> 0),
  removalOverreach |-> FALSE,
  swept |-> 0,
  remOver |-> (p1 :> 0),
  uiBase |-> {},
  pendingKept |-> 0 ]
/\ cellEpoch = 2
/\ window = 2
/\ stage = [A |-> (p1 :> 0), B |-> (p1 :> 0)]
/\ conflicts = {}
/\ withheldDel = [A |-> {}, B |-> {}]
/\ manifest = (p1 :> 2)
/\ cellQueue = <<>>
/\ cellHolder = "A"
/\ manSeq = 2
/\ hitlAcked = {}
/\ removals = {}
/\ sc = [ A |->
      [ pendN |-> {},
        ackN |-> {},
        instSnap |-> (p1 :> 2),
        instSrc |-> "cadence",
        jSeq |-> 2,
        instBase |-> (p1 :> 2),
        judged |-> (p1 :> 0),
        baseline |-> (p1 :> 2),
        scanD |-> {},
        scanU |-> {p1},
        upGone |-> {},
        scanGen |-> (p1 :> 3),
        surfaced |-> {},
        parked |-> {},
        upDone |-> {p1},
        fq |-> {},
        carryDropped |-> {},
        carryPaths |-> {},
        citeDropped |-> {},
        fqRetired |-> (p1 :> 0),
        epoch |-> 2,
        st |-> "running",
        pc |-> "claimed",
        consumed |-> {},
        declared |-> {},
        gcDone |-> {},
        gcTook |-> {},
        gcHeaded |-> {},
        gcSeen |-> (p1 :> 0),
        retire |-> (p1 :> 0),
        upVerified |-> TRUE,
        adopted |-> {},
        noInst |-> FALSE,
        local |-> (p1 :> 3),
        touched |-> {},
        prevScan |-> {},
        known |-> {1, 2, 3},
        expSeq |-> 2,
        installed |-> TRUE,
        scope |-> {p1},
        instSeq |-> 2,
        repairMoved |-> {},
        lastDirty |-> {p1},
        stageCarried |-> FALSE,
        citeDone |-> {},
        sentTok |-> 0,
        pendCov |-> (p1 :> 0),
        pendMint |-> 0,
        pendDirty |-> {},
        honored |-> FALSE,
        pendReRun |-> FALSE,
        owed |-> {},
        verifiedAt |-> 0,
        inboxSeen |-> {},
        inboxLoaded |-> FALSE ],
  B |->
      [ pendN |-> {},
        ackN |-> {},
        instSnap |-> (p1 :> 1),
        instSrc |-> "none",
        jSeq |-> 0,
        instBase |-> (p1 :> 1),
        judged |-> (p1 :> 0),
        baseline |-> (p1 :> 1),
        scanD |-> {},
        scanU |-> {},
        upGone |-> {},
        scanGen |-> (p1 :> 1),
        surfaced |-> {},
        parked |-> {},
        upDone |-> {},
        fq |-> {},
        carryDropped |-> {},
        carryPaths |-> {},
        citeDropped |-> {},
        fqRetired |-> (p1 :> 0),
        epoch |-> 0,
        st |-> "running",
        pc |-> "scanned",
        consumed |-> {},
        declared |-> {},
        gcDone |-> {},
        gcTook |-> {},
        gcHeaded |-> {},
        gcSeen |-> (p1 :> 0),
        retire |-> (p1 :> 0),
        upVerified |-> FALSE,
        adopted |-> {},
        noInst |-> FALSE,
        local |-> (p1 :> 1),
        touched |-> {},
        prevScan |-> {},
        known |-> {1},
        expSeq |-> 1,
        installed |-> FALSE,
        scope |-> {p1},
        instSeq |-> 1,
        repairMoved |-> {},
        lastDirty |-> {},
        stageCarried |-> FALSE,
        citeDone |-> {},
        sentTok |-> 0,
        pendCov |-> (p1 :> 0),
        pendMint |-> 0,
        pendDirty |-> {},
        honored |-> FALSE,
        pendReRun |-> FALSE,
        owed |-> {},
        verifiedAt |-> 0,
        inboxSeen |-> {},
        inboxLoaded |-> FALSE ] ]
/\ objects = (p1 :> 1)
/\ versions = (p1 :> {2, 3})
/\ cellReleased = FALSE

State 21: <Next line 4187, col 7 to line 4187, col 55 of module LeanSubtree>
/\ cellHandoff = "none"
/\ stageBase = [A |-> (p1 :> 0), B |-> (p1 :> 0)]
/\ manSrc = "cadence"
/\ inbox = {}
/\ gh = [ removals |-> 0,
  tomb |-> (p1 :> 0),
  renamed |-> {},
  answered |-> {},
  amputated |-> FALSE,
  stragglerInstalls |-> 0,
  stragglerCas |-> 0,
  deposedPuts |-> 0,
  barriers |-> 3,
  done |-> 1,
  gc |-> 1,
  gcCited |-> 0,
  refusals |-> 0,
  cited |-> 0,
  takeovers |-> 0,
  crashes |-> 0,
  restarts |-> 0,
  adoptOwn |-> 0,
  stallUsed |-> FALSE,
  nextGen |-> 4,
  hitl |-> 0,
  syncs |-> 0,
  syncApplied |-> 0,
  syncConflicts |-> 0,
  syncDestroyed |-> FALSE,
  scopedDeferrals |-> 0,
  foreignLost |-> FALSE,
  deferredPaths |-> {},
  deferredLater |-> 0,
  staged |-> 0,
  cites |-> 0,
  reaped |-> 0,
  withheld |-> 0,
  forcedCites |-> 0,
  citeSpan |-> 0,
  carriedCite |-> FALSE,
  touches |-> 0,
  acks |-> 0,
  honors |-> 0,
  refusedAcks |-> 0,
  coalesced |-> 0,
  fastPaths |-> 0,
  ackAfterRestart |-> 0,
  fastHonor |-> FALSE,
  ackEarly |-> FALSE,
  ackIncoherent |-> FALSE,
  fencedOkAck |-> FALSE,
  srcMismatch |-> FALSE,
  partialAcks |-> 0,
  declaredDrops |-> 0,
  narrows |-> 0,
  narrowed |-> {},
  narrowRecited |-> {},
  narrowDeleted |-> {},
  consumeRegressed |-> FALSE,
  removalsApplied |-> 0,
  removalsRefused |-> 0,
  renamesApplied |-> 0,
  renameRefused |-> {},
  citedPairs |-> {},
  claimed |-> {"A"},
  interleaved |-> FALSE,
  handoffs |-> 0,
  deposals |-> 0,
  deadSkips |-> 0,
  enqueues |-> 0,
  abandoned |-> 0,
  adoptWithheld |-> 0,
  sameBytes |-> 0,
  uploadWithheld |-> 0,
  staleOverride |-> FALSE,
  hitlRetired |-> {<<p1, 1>>},
  pullOnlys |-> 1,
  emptyInstalls |-> 0,
  tombRemoved |-> 0,
  tombSuperseded |-> 0,
  orphanTracks |-> 0,
  leaked |-> 0,
  staleAdopt |-> 0,
  retired |-> (p1 :> 0),
  orphanAt |-> (p1 :> 0),
  orphanOutlived |-> 0,
  leakApplied |-> 0,
  baseRestored |-> 0,
  carrierAck |-> FALSE,
  remJudged |-> (p1 :> 0),
  removalOverreach |-> FALSE,
  swept |-> 0,
  remOver |-> (p1 :> 0),
  uiBase |-> {},
  pendingKept |-> 0 ]
/\ cellEpoch = 2
/\ window = 2
/\ stage = [A |-> (p1 :> 0), B |-> (p1 :> 0)]
/\ conflicts = {}
/\ withheldDel = [A |-> {}, B |-> {}]
/\ manifest = (p1 :> 2)
/\ cellQueue = <<>>
/\ cellHolder = "A"
/\ manSeq = 2
/\ hitlAcked = {}
/\ removals = {}
/\ sc = [ A |->
      [ pendN |-> {},
        ackN |-> {},
        instSnap |-> (p1 :> 2),
        instSrc |-> "cadence",
        jSeq |-> 2,
        instBase |-> (p1 :> 2),
        judged |-> (p1 :> 0),
        baseline |-> (p1 :> 2),
        scanD |-> {},
        scanU |-> {p1},
        upGone |-> {},
        scanGen |-> (p1 :> 3),
        surfaced |-> {},
        parked |-> {},
        upDone |-> {p1},
        fq |-> {},
        carryDropped |-> {},
        carryPaths |-> {},
        citeDropped |-> {},
        fqRetired |-> (p1 :> 0),
        epoch |-> 2,
        st |-> "running",
        pc |-> "claimed",
        consumed |-> {},
        declared |-> {},
        gcDone |-> {},
        gcTook |-> {},
        gcHeaded |-> {},
        gcSeen |-> (p1 :> 0),
        retire |-> (p1 :> 0),
        upVerified |-> TRUE,
        adopted |-> {},
        noInst |-> FALSE,
        local |-> (p1 :> 3),
        touched |-> {},
        prevScan |-> {},
        known |-> {1, 2, 3},
        expSeq |-> 2,
        installed |-> TRUE,
        scope |-> {p1},
        instSeq |-> 2,
        repairMoved |-> {},
        lastDirty |-> {p1},
        stageCarried |-> FALSE,
        citeDone |-> {},
        sentTok |-> 0,
        pendCov |-> (p1 :> 0),
        pendMint |-> 0,
        pendDirty |-> {},
        honored |-> FALSE,
        pendReRun |-> FALSE,
        owed |-> {},
        verifiedAt |-> 0,
        inboxSeen |-> {},
        inboxLoaded |-> FALSE ],
  B |->
      [ pendN |-> {},
        ackN |-> {},
        instSnap |-> (p1 :> 2),
        instSrc |-> "cadence",
        jSeq |-> 0,
        instBase |-> (p1 :> 2),
        judged |-> (p1 :> 0),
        baseline |-> (p1 :> 1),
        scanD |-> {},
        scanU |-> {},
        upGone |-> {},
        scanGen |-> (p1 :> 0),
        surfaced |-> {},
        parked |-> {},
        upDone |-> {},
        fq |-> {<<p1, 2>>},
        carryDropped |-> {},
        carryPaths |-> {},
        citeDropped |-> {},
        fqRetired |-> (p1 :> 0),
        epoch |-> 0,
        st |-> "running",
        pc |-> "idle",
        consumed |-> {},
        declared |-> {},
        gcDone |-> {},
        gcTook |-> {},
        gcHeaded |-> {},
        gcSeen |-> (p1 :> 0),
        retire |-> (p1 :> 0),
        upVerified |-> FALSE,
        adopted |-> {},
        noInst |-> FALSE,
        local |-> (p1 :> 1),
        touched |-> {},
        prevScan |-> {},
        known |-> {1},
        expSeq |-> 2,
        installed |-> FALSE,
        scope |-> {p1},
        instSeq |-> 2,
        repairMoved |-> {},
        lastDirty |-> {},
        stageCarried |-> FALSE,
        citeDone |-> {},
        sentTok |-> 0,
        pendCov |-> (p1 :> 0),
        pendMint |-> 0,
        pendDirty |-> {},
        honored |-> FALSE,
        pendReRun |-> FALSE,
        owed |-> {},
        verifiedAt |-> 0,
        inboxSeen |-> {},
        inboxLoaded |-> FALSE ] ]
/\ objects = (p1 :> 1)
/\ versions = (p1 :> {2, 3})
/\ cellReleased = FALSE

State 22: <Next line 4187, col 7 to line 4187, col 55 of module LeanSubtree>
/\ cellHandoff = "none"
/\ stageBase = [A |-> (p1 :> 0), B |-> (p1 :> 0)]
/\ manSrc = "cadence"
/\ inbox = {}
/\ gh = [ removals |-> 0,
  tomb |-> (p1 :> 0),
  renamed |-> {},
  answered |-> {},
  amputated |-> FALSE,
  stragglerInstalls |-> 0,
  stragglerCas |-> 0,
  deposedPuts |-> 0,
  barriers |-> 3,
  done |-> 1,
  gc |-> 1,
  gcCited |-> 0,
  refusals |-> 0,
  cited |-> 0,
  takeovers |-> 0,
  crashes |-> 0,
  restarts |-> 0,
  adoptOwn |-> 0,
  stallUsed |-> FALSE,
  nextGen |-> 4,
  hitl |-> 0,
  syncs |-> 0,
  syncApplied |-> 0,
  syncConflicts |-> 0,
  syncDestroyed |-> FALSE,
  scopedDeferrals |-> 0,
  foreignLost |-> FALSE,
  deferredPaths |-> {},
  deferredLater |-> 0,
  staged |-> 0,
  cites |-> 0,
  reaped |-> 0,
  withheld |-> 0,
  forcedCites |-> 0,
  citeSpan |-> 0,
  carriedCite |-> FALSE,
  touches |-> 0,
  acks |-> 0,
  honors |-> 0,
  refusedAcks |-> 0,
  coalesced |-> 0,
  fastPaths |-> 0,
  ackAfterRestart |-> 0,
  fastHonor |-> FALSE,
  ackEarly |-> FALSE,
  ackIncoherent |-> FALSE,
  fencedOkAck |-> FALSE,
  srcMismatch |-> FALSE,
  partialAcks |-> 0,
  declaredDrops |-> 0,
  narrows |-> 0,
  narrowed |-> {},
  narrowRecited |-> {},
  narrowDeleted |-> {},
  consumeRegressed |-> FALSE,
  removalsApplied |-> 0,
  removalsRefused |-> 0,
  renamesApplied |-> 0,
  renameRefused |-> {},
  citedPairs |-> {},
  claimed |-> {"A"},
  interleaved |-> FALSE,
  handoffs |-> 0,
  deposals |-> 0,
  deadSkips |-> 0,
  enqueues |-> 0,
  abandoned |-> 0,
  adoptWithheld |-> 0,
  sameBytes |-> 0,
  uploadWithheld |-> 0,
  staleOverride |-> FALSE,
  hitlRetired |-> {<<p1, 1>>, <<p1, 2>>},
  pullOnlys |-> 1,
  emptyInstalls |-> 0,
  tombRemoved |-> 0,
  tombSuperseded |-> 0,
  orphanTracks |-> 0,
  leaked |-> 0,
  staleAdopt |-> 0,
  retired |-> (p1 :> 0),
  orphanAt |-> (p1 :> 0),
  orphanOutlived |-> 0,
  leakApplied |-> 0,
  baseRestored |-> 0,
  carrierAck |-> FALSE,
  remJudged |-> (p1 :> 0),
  removalOverreach |-> FALSE,
  swept |-> 0,
  remOver |-> (p1 :> 0),
  uiBase |-> {},
  pendingKept |-> 0 ]
/\ cellEpoch = 2
/\ window = 0
/\ stage = [A |-> (p1 :> 0), B |-> (p1 :> 0)]
/\ conflicts = {}
/\ withheldDel = [A |-> {}, B |-> {}]
/\ manifest = (p1 :> 3)
/\ cellQueue = <<>>
/\ cellHolder = "A"
/\ manSeq = 3
/\ hitlAcked = {}
/\ removals = {}
/\ sc = [ A |->
      [ pendN |-> {},
        ackN |-> {},
        instSnap |-> (p1 :> 3),
        instSrc |-> "cadence",
        jSeq |-> 3,
        instBase |-> (p1 :> 2),
        judged |-> (p1 :> 0),
        baseline |-> (p1 :> 2),
        scanD |-> {},
        scanU |-> {p1},
        upGone |-> {},
        scanGen |-> (p1 :> 3),
        surfaced |-> {},
        parked |-> {},
        upDone |-> {p1},
        fq |-> {},
        carryDropped |-> {},
        carryPaths |-> {},
        citeDropped |-> {},
        fqRetired |-> (p1 :> 0),
        epoch |-> 2,
        st |-> "running",
        pc |-> "cased",
        consumed |-> {},
        declared |-> {},
        gcDone |-> {},
        gcTook |-> {},
        gcHeaded |-> {},
        gcSeen |-> (p1 :> 0),
        retire |-> (p1 :> 2),
        upVerified |-> TRUE,
        adopted |-> {},
        noInst |-> FALSE,
        local |-> (p1 :> 3),
        touched |-> {},
        prevScan |-> {},
        known |-> {1, 2, 3},
        expSeq |-> 2,
        installed |-> TRUE,
        scope |-> {p1},
        instSeq |-> 3,
        repairMoved |-> {},
        lastDirty |-> {p1},
        stageCarried |-> FALSE,
        citeDone |-> {},
        sentTok |-> 0,
        pendCov |-> (p1 :> 0),
        pendMint |-> 0,
        pendDirty |-> {},
        honored |-> FALSE,
        pendReRun |-> FALSE,
        owed |-> {},
        verifiedAt |-> 0,
        inboxSeen |-> {},
        inboxLoaded |-> FALSE ],
  B |->
      [ pendN |-> {},
        ackN |-> {},
        instSnap |-> (p1 :> 2),
        instSrc |-> "cadence",
        jSeq |-> 0,
        instBase |-> (p1 :> 2),
        judged |-> (p1 :> 0),
        baseline |-> (p1 :> 1),
        scanD |-> {},
        scanU |-> {},
        upGone |-> {},
        scanGen |-> (p1 :> 0),
        surfaced |-> {},
        parked |-> {},
        upDone |-> {},
        fq |-> {<<p1, 2>>},
        carryDropped |-> {},
        carryPaths |-> {},
        citeDropped |-> {},
        fqRetired |-> (p1 :> 0),
        epoch |-> 0,
        st |-> "running",
        pc |-> "idle",
        consumed |-> {},
        declared |-> {},
        gcDone |-> {},
        gcTook |-> {},
        gcHeaded |-> {},
        gcSeen |-> (p1 :> 0),
        retire |-> (p1 :> 0),
        upVerified |-> FALSE,
        adopted |-> {},
        noInst |-> FALSE,
        local |-> (p1 :> 1),
        touched |-> {},
        prevScan |-> {},
        known |-> {1},
        expSeq |-> 2,
        installed |-> FALSE,
        scope |-> {p1},
        instSeq |-> 2,
        repairMoved |-> {},
        lastDirty |-> {},
        stageCarried |-> FALSE,
        citeDone |-> {},
        sentTok |-> 0,
        pendCov |-> (p1 :> 0),
        pendMint |-> 0,
        pendDirty |-> {},
        honored |-> FALSE,
        pendReRun |-> FALSE,
        owed |-> {},
        verifiedAt |-> 0,
        inboxSeen |-> {},
        inboxLoaded |-> FALSE ] ]
/\ objects = (p1 :> 1)
/\ versions = (p1 :> {2, 3})
/\ cellReleased = FALSE

State 23: <Next line 4187, col 7 to line 4187, col 55 of module LeanSubtree>
/\ cellHandoff = "none"
/\ stageBase = [A |-> (p1 :> 0), B |-> (p1 :> 0)]
/\ manSrc = "cadence"
/\ inbox = {}
/\ gh = [ removals |-> 0,
  tomb |-> (p1 :> 0),
  renamed |-> {},
  answered |-> {},
  amputated |-> FALSE,
  stragglerInstalls |-> 0,
  stragglerCas |-> 0,
  deposedPuts |-> 0,
  barriers |-> 3,
  done |-> 1,
  gc |-> 1,
  gcCited |-> 0,
  refusals |-> 0,
  cited |-> 0,
  takeovers |-> 0,
  crashes |-> 0,
  restarts |-> 0,
  adoptOwn |-> 0,
  stallUsed |-> FALSE,
  nextGen |-> 4,
  hitl |-> 0,
  syncs |-> 1,
  syncApplied |-> 1,
  syncConflicts |-> 0,
  syncDestroyed |-> FALSE,
  scopedDeferrals |-> 0,
  foreignLost |-> FALSE,
  deferredPaths |-> {},
  deferredLater |-> 0,
  staged |-> 0,
  cites |-> 0,
  reaped |-> 0,
  withheld |-> 0,
  forcedCites |-> 0,
  citeSpan |-> 0,
  carriedCite |-> FALSE,
  touches |-> 0,
  acks |-> 0,
  honors |-> 0,
  refusedAcks |-> 0,
  coalesced |-> 0,
  fastPaths |-> 0,
  ackAfterRestart |-> 0,
  fastHonor |-> FALSE,
  ackEarly |-> FALSE,
  ackIncoherent |-> FALSE,
  fencedOkAck |-> FALSE,
  srcMismatch |-> FALSE,
  partialAcks |-> 0,
  declaredDrops |-> 0,
  narrows |-> 0,
  narrowed |-> {},
  narrowRecited |-> {},
  narrowDeleted |-> {},
  consumeRegressed |-> FALSE,
  removalsApplied |-> 0,
  removalsRefused |-> 0,
  renamesApplied |-> 0,
  renameRefused |-> {},
  citedPairs |-> {},
  claimed |-> {"A"},
  interleaved |-> FALSE,
  handoffs |-> 0,
  deposals |-> 0,
  deadSkips |-> 0,
  enqueues |-> 0,
  abandoned |-> 0,
  adoptWithheld |-> 0,
  sameBytes |-> 0,
  uploadWithheld |-> 0,
  staleOverride |-> FALSE,
  hitlRetired |-> {<<p1, 1>>, <<p1, 2>>},
  pullOnlys |-> 1,
  emptyInstalls |-> 0,
  tombRemoved |-> 0,
  tombSuperseded |-> 0,
  orphanTracks |-> 0,
  leaked |-> 0,
  staleAdopt |-> 0,
  retired |-> (p1 :> 0),
  orphanAt |-> (p1 :> 0),
  orphanOutlived |-> 0,
  leakApplied |-> 0,
  baseRestored |-> 0,
  carrierAck |-> FALSE,
  remJudged |-> (p1 :> 0),
  removalOverreach |-> FALSE,
  swept |-> 0,
  remOver |-> (p1 :> 0),
  uiBase |-> {},
  pendingKept |-> 0 ]
/\ cellEpoch = 2
/\ window = 0
/\ stage = [A |-> (p1 :> 0), B |-> (p1 :> 0)]
/\ conflicts = {}
/\ withheldDel = [A |-> {}, B |-> {}]
/\ manifest = (p1 :> 3)
/\ cellQueue = <<>>
/\ cellHolder = "A"
/\ manSeq = 3
/\ hitlAcked = {}
/\ removals = {}
/\ sc = [ A |->
      [ pendN |-> {},
        ackN |-> {},
        instSnap |-> (p1 :> 3),
        instSrc |-> "cadence",
        jSeq |-> 3,
        instBase |-> (p1 :> 2),
        judged |-> (p1 :> 0),
        baseline |-> (p1 :> 2),
        scanD |-> {},
        scanU |-> {p1},
        upGone |-> {},
        scanGen |-> (p1 :> 3),
        surfaced |-> {},
        parked |-> {},
        upDone |-> {p1},
        fq |-> {},
        carryDropped |-> {},
        carryPaths |-> {},
        citeDropped |-> {},
        fqRetired |-> (p1 :> 0),
        epoch |-> 2,
        st |-> "running",
        pc |-> "cased",
        consumed |-> {},
        declared |-> {},
        gcDone |-> {},
        gcTook |-> {},
        gcHeaded |-> {},
        gcSeen |-> (p1 :> 0),
        retire |-> (p1 :> 2),
        upVerified |-> TRUE,
        adopted |-> {},
        noInst |-> FALSE,
        local |-> (p1 :> 3),
        touched |-> {},
        prevScan |-> {},
        known |-> {1, 2, 3},
        expSeq |-> 2,
        installed |-> TRUE,
        scope |-> {p1},
        instSeq |-> 3,
        repairMoved |-> {},
        lastDirty |-> {p1},
        stageCarried |-> FALSE,
        citeDone |-> {},
        sentTok |-> 0,
        pendCov |-> (p1 :> 0),
        pendMint |-> 0,
        pendDirty |-> {},
        honored |-> FALSE,
        pendReRun |-> FALSE,
        owed |-> {},
        verifiedAt |-> 0,
        inboxSeen |-> {},
        inboxLoaded |-> FALSE ],
  B |->
      [ pendN |-> {},
        ackN |-> {},
        instSnap |-> (p1 :> 2),
        instSrc |-> "cadence",
        jSeq |-> 0,
        instBase |-> (p1 :> 3),
        judged |-> (p1 :> 0),
        baseline |-> (p1 :> 3),
        scanD |-> {},
        scanU |-> {},
        upGone |-> {},
        scanGen |-> (p1 :> 0),
        surfaced |-> {},
        parked |-> {},
        upDone |-> {},
        fq |-> {<<p1, 2>>},
        carryDropped |-> {},
        carryPaths |-> {},
        citeDropped |-> {},
        fqRetired |-> (p1 :> 0),
        epoch |-> 0,
        st |-> "running",
        pc |-> "idle",
        consumed |-> {},
        declared |-> {},
        gcDone |-> {},
        gcTook |-> {},
        gcHeaded |-> {},
        gcSeen |-> (p1 :> 0),
        retire |-> (p1 :> 0),
        upVerified |-> FALSE,
        adopted |-> {},
        noInst |-> FALSE,
        local |-> (p1 :> 3),
        touched |-> {},
        prevScan |-> {},
        known |-> {1, 3},
        expSeq |-> 2,
        installed |-> FALSE,
        scope |-> {p1},
        instSeq |-> 2,
        repairMoved |-> {},
        lastDirty |-> {},
        stageCarried |-> FALSE,
        citeDone |-> {},
        sentTok |-> 0,
        pendCov |-> (p1 :> 0),
        pendMint |-> 0,
        pendDirty |-> {},
        honored |-> FALSE,
        pendReRun |-> FALSE,
        owed |-> {},
        verifiedAt |-> 0,
        inboxSeen |-> {},
        inboxLoaded |-> FALSE ] ]
/\ objects = (p1 :> 1)
/\ versions = (p1 :> {2, 3})
/\ cellReleased = FALSE

State 24: <Next line 4187, col 7 to line 4187, col 55 of module LeanSubtree>
/\ cellHandoff = "none"
/\ stageBase = [A |-> (p1 :> 0), B |-> (p1 :> 0)]
/\ manSrc = "cadence"
/\ inbox = {}
/\ gh = [ removals |-> 0,
  tomb |-> (p1 :> 0),
  renamed |-> {},
  answered |-> {},
  amputated |-> FALSE,
  stragglerInstalls |-> 0,
  stragglerCas |-> 0,
  deposedPuts |-> 0,
  barriers |-> 3,
  done |-> 1,
  gc |-> 1,
  gcCited |-> 0,
  refusals |-> 0,
  cited |-> 0,
  takeovers |-> 0,
  crashes |-> 0,
  restarts |-> 0,
  adoptOwn |-> 0,
  stallUsed |-> FALSE,
  nextGen |-> 4,
  hitl |-> 0,
  syncs |-> 1,
  syncApplied |-> 1,
  syncConflicts |-> 0,
  syncDestroyed |-> FALSE,
  scopedDeferrals |-> 0,
  foreignLost |-> FALSE,
  deferredPaths |-> {},
  deferredLater |-> 0,
  staged |-> 0,
  cites |-> 0,
  reaped |-> 0,
  withheld |-> 0,
  forcedCites |-> 0,
  citeSpan |-> 0,
  carriedCite |-> FALSE,
  touches |-> 0,
  acks |-> 0,
  honors |-> 0,
  refusedAcks |-> 0,
  coalesced |-> 0,
  fastPaths |-> 0,
  ackAfterRestart |-> 0,
  fastHonor |-> FALSE,
  ackEarly |-> FALSE,
  ackIncoherent |-> FALSE,
  fencedOkAck |-> FALSE,
  srcMismatch |-> FALSE,
  partialAcks |-> 0,
  declaredDrops |-> 0,
  narrows |-> 0,
  narrowed |-> {},
  narrowRecited |-> {},
  narrowDeleted |-> {},
  consumeRegressed |-> TRUE,
  removalsApplied |-> 0,
  removalsRefused |-> 0,
  renamesApplied |-> 0,
  renameRefused |-> {},
  citedPairs |-> {},
  claimed |-> {"A"},
  interleaved |-> FALSE,
  handoffs |-> 0,
  deposals |-> 0,
  deadSkips |-> 0,
  enqueues |-> 0,
  abandoned |-> 0,
  adoptWithheld |-> 0,
  sameBytes |-> 0,
  uploadWithheld |-> 0,
  staleOverride |-> FALSE,
  hitlRetired |-> {<<p1, 1>>, <<p1, 2>>},
  pullOnlys |-> 1,
  emptyInstalls |-> 0,
  tombRemoved |-> 0,
  tombSuperseded |-> 0,
  orphanTracks |-> 0,
  leaked |-> 0,
  staleAdopt |-> 0,
  retired |-> (p1 :> 0),
  orphanAt |-> (p1 :> 0),
  orphanOutlived |-> 0,
  leakApplied |-> 0,
  baseRestored |-> 0,
  carrierAck |-> FALSE,
  remJudged |-> (p1 :> 0),
  removalOverreach |-> FALSE,
  swept |-> 0,
  remOver |-> (p1 :> 0),
  uiBase |-> {},
  pendingKept |-> 0 ]
/\ cellEpoch = 2
/\ window = 0
/\ stage = [A |-> (p1 :> 0), B |-> (p1 :> 0)]
/\ conflicts = {}
/\ withheldDel = [A |-> {}, B |-> {}]
/\ manifest = (p1 :> 3)
/\ cellQueue = <<>>
/\ cellHolder = "A"
/\ manSeq = 3
/\ hitlAcked = {}
/\ removals = {}
/\ sc = [ A |->
      [ pendN |-> {},
        ackN |-> {},
        instSnap |-> (p1 :> 3),
        instSrc |-> "cadence",
        jSeq |-> 3,
        instBase |-> (p1 :> 2),
        judged |-> (p1 :> 0),
        baseline |-> (p1 :> 2),
        scanD |-> {},
        scanU |-> {p1},
        upGone |-> {},
        scanGen |-> (p1 :> 3),
        surfaced |-> {},
        parked |-> {},
        upDone |-> {p1},
        fq |-> {},
        carryDropped |-> {},
        carryPaths |-> {},
        citeDropped |-> {},
        fqRetired |-> (p1 :> 0),
        epoch |-> 2,
        st |-> "running",
        pc |-> "cased",
        consumed |-> {},
        declared |-> {},
        gcDone |-> {},
        gcTook |-> {},
        gcHeaded |-> {},
        gcSeen |-> (p1 :> 0),
        retire |-> (p1 :> 2),
        upVerified |-> TRUE,
        adopted |-> {},
        noInst |-> FALSE,
        local |-> (p1 :> 3),
        touched |-> {},
        prevScan |-> {},
        known |-> {1, 2, 3},
        expSeq |-> 2,
        installed |-> TRUE,
        scope |-> {p1},
        instSeq |-> 3,
        repairMoved |-> {},
        lastDirty |-> {p1},
        stageCarried |-> FALSE,
        citeDone |-> {},
        sentTok |-> 0,
        pendCov |-> (p1 :> 0),
        pendMint |-> 0,
        pendDirty |-> {},
        honored |-> FALSE,
        pendReRun |-> FALSE,
        owed |-> {},
        verifiedAt |-> 0,
        inboxSeen |-> {},
        inboxLoaded |-> FALSE ],
  B |->
      [ pendN |-> {},
        ackN |-> {},
        instSnap |-> (p1 :> 2),
        instSrc |-> "cadence",
        jSeq |-> 0,
        instBase |-> (p1 :> 3),
        judged |-> (p1 :> 0),
        baseline |-> (p1 :> 2),
        scanD |-> {},
        scanU |-> {},
        upGone |-> {},
        scanGen |-> (p1 :> 0),
        surfaced |-> {},
        parked |-> {},
        upDone |-> {},
        fq |-> {},
        carryDropped |-> {},
        carryPaths |-> {},
        citeDropped |-> {},
        fqRetired |-> (p1 :> 0),
        epoch |-> 0,
        st |-> "running",
        pc |-> "consumed",
        consumed |-> {},
        declared |-> {},
        gcDone |-> {},
        gcTook |-> {},
        gcHeaded |-> {},
        gcSeen |-> (p1 :> 0),
        retire |-> (p1 :> 0),
        upVerified |-> FALSE,
        adopted |-> {},
        noInst |-> FALSE,
        local |-> (p1 :> 2),
        touched |-> {},
        prevScan |-> {},
        known |-> {1, 2, 3},
        expSeq |-> 2,
        installed |-> FALSE,
        scope |-> {p1},
        instSeq |-> 2,
        repairMoved |-> {},
        lastDirty |-> {},
        stageCarried |-> FALSE,
        citeDone |-> {},
        sentTok |-> 0,
        pendCov |-> (p1 :> 0),
        pendMint |-> 0,
        pendDirty |-> {},
        honored |-> FALSE,
        pendReRun |-> FALSE,
        owed |-> {},
        verifiedAt |-> 0,
        inboxSeen |-> {},
        inboxLoaded |-> FALSE ] ]
/\ objects = (p1 :> 1)
/\ versions = (p1 :> {2, 3})
/\ cellReleased = FALSE

1437246 states generated, 407433 distinct states found, 85531 states left on queue.
The depth of the complete state graph search is 24.
The average outdegree of the complete state graph is 1 (minimum is 0, the maximum 7 and the 95th percentile is 3).
Finished in 16s at (2026-09-25 04:05:33)
