TLC2 Version 2.19 of 08 August 2024 (rev: 5a47802)
Running breadth-first search Model-Checking with fp 83 and seed 6850581795278881685 with 8 workers on 8 cores with 10923MB heap and 64MB offheap memory [pid: 24836] (Linux 6.12.0-061200-generic amd64, Ubuntu 21.0.11 x86_64, MSBDiskFPSet, DiskStateQueue).
Parsing file /home/ddalton/lean-gate-2026-09-19io/lean/formal/LeanSubtree.tla
Parsing file /tmp/Naturals.tla
Parsing file /tmp/FiniteSets.tla
Parsing file /tmp/Sequences.tla
Parsing file /tmp/TLC.tla
Semantic processing of module Naturals
Semantic processing of module Sequences
Semantic processing of module FiniteSets
Semantic processing of module TLC
Semantic processing of module LeanSubtree
Starting... (2026-09-23 15:18:45)
Starting recovery from checkpoint /mnt/nvme2/tlc-r27/26-09-22-18-50-35/
Recovery completed. 701030640 states examined. 160831186 states on queue.
Progress(25) at 2026-09-23 15:23:40: 701,190,453 states generated (701,190,453 s/min), 701,077,133 distinct states found (701,077,133 ds/min), 160,841,544 states left on queue.
Progress(25) at 2026-09-23 15:24:40: 706,347,653 states generated (5,157,200 s/min), 702,611,412 distinct states found (1,534,279 ds/min), 161,226,502 states left on queue.
Progress(25) at 2026-09-23 15:25:40: 711,851,591 states generated (5,503,938 s/min), 704,128,910 distinct states found (1,517,498 ds/min), 161,735,305 states left on queue.
Progress(25) at 2026-09-23 15:26:40: 716,913,460 states generated (5,061,869 s/min), 705,512,427 distinct states found (1,383,517 ds/min), 162,161,061 states left on queue.
Progress(25) at 2026-09-23 15:27:40: 722,193,343 states generated (5,279,883 s/min), 707,008,582 distinct states found (1,496,155 ds/min), 162,588,557 states left on queue.
Progress(25) at 2026-09-23 15:28:40: 727,370,678 states generated (5,177,335 s/min), 708,425,360 distinct states found (1,416,778 ds/min), 162,995,387 states left on queue.
Progress(25) at 2026-09-23 15:29:40: 731,649,031 states generated (4,278,353 s/min), 709,635,811 distinct states found (1,210,451 ds/min), 163,355,029 states left on queue.
Progress(25) at 2026-09-23 15:30:40: 735,476,360 states generated (3,827,329 s/min), 710,689,999 distinct states found (1,054,188 ds/min), 163,639,266 states left on queue.
Progress(25) at 2026-09-23 15:31:40: 739,794,793 states generated (4,318,433 s/min), 711,969,342 distinct states found (1,279,343 ds/min), 163,953,630 states left on queue.
Progress(25) at 2026-09-23 15:32:40: 744,134,858 states generated (4,340,065 s/min), 713,266,941 distinct states found (1,297,599 ds/min), 164,278,857 states left on queue.
Progress(25) at 2026-09-23 15:33:40: 748,647,532 states generated (4,512,674 s/min), 714,525,845 distinct states found (1,258,904 ds/min), 164,657,049 states left on queue.
Progress(25) at 2026-09-23 15:34:40: 753,079,213 states generated (4,431,681 s/min), 715,703,523 distinct states found (1,177,678 ds/min), 164,975,947 states left on queue.
Progress(25) at 2026-09-23 15:35:40: 756,922,814 states generated (3,843,601 s/min), 716,800,435 distinct states found (1,096,912 ds/min), 165,240,198 states left on queue.
Progress(25) at 2026-09-23 15:36:40: 761,034,706 states generated (4,111,892 s/min), 717,870,201 distinct states found (1,069,766 ds/min), 165,506,681 states left on queue.
Progress(25) at 2026-09-23 15:37:40: 765,674,149 states generated (4,639,443 s/min), 719,229,907 distinct states found (1,359,706 ds/min), 165,955,383 states left on queue.
Progress(25) at 2026-09-23 15:38:40: 770,053,316 states generated (4,379,167 s/min), 720,482,589 distinct states found (1,252,682 ds/min), 166,410,326 states left on queue.
Progress(25) at 2026-09-23 15:39:40: 774,259,421 states generated (4,206,105 s/min), 721,633,534 distinct states found (1,150,945 ds/min), 166,796,584 states left on queue.
Progress(25) at 2026-09-23 15:40:40: 778,662,784 states generated (4,403,363 s/min), 722,925,596 distinct states found (1,292,062 ds/min), 167,262,698 states left on queue.
Progress(25) at 2026-09-23 15:41:40: 783,234,447 states generated (4,571,663 s/min), 724,138,858 distinct states found (1,213,262 ds/min), 167,684,224 states left on queue.
Progress(25) at 2026-09-23 15:42:40: 787,155,149 states generated (3,920,702 s/min), 725,286,047 distinct states found (1,147,189 ds/min), 167,971,710 states left on queue.
Progress(25) at 2026-09-23 15:43:40: 790,958,004 states generated (3,802,855 s/min), 726,384,379 distinct states found (1,098,332 ds/min), 168,224,059 states left on queue.
Progress(25) at 2026-09-23 15:44:40: 795,208,043 states generated (4,250,039 s/min), 727,531,146 distinct states found (1,146,767 ds/min), 168,545,501 states left on queue.
Progress(25) at 2026-09-23 15:45:40: 799,083,909 states generated (3,875,866 s/min), 728,627,217 distinct states found (1,096,071 ds/min), 168,852,904 states left on queue.
Progress(25) at 2026-09-23 15:46:40: 803,041,255 states generated (3,957,346 s/min), 729,723,233 distinct states found (1,096,016 ds/min), 169,163,262 states left on queue.
Progress(25) at 2026-09-23 15:47:40: 807,002,839 states generated (3,961,584 s/min), 730,831,413 distinct states found (1,108,180 ds/min), 169,494,889 states left on queue.
Progress(25) at 2026-09-23 15:48:40: 811,033,582 states generated (4,030,743 s/min), 731,901,344 distinct states found (1,069,931 ds/min), 169,815,406 states left on queue.
Checkpointing of run /mnt/nvme2/tlc-r27/26-09-22-18-50-35/
Checkpointing completed at (2026-09-23 15:49:40)
Progress(25) at 2026-09-23 15:49:40: 815,015,867 states generated (3,982,285 s/min), 732,900,839 distinct states found (999,495 ds/min), 170,076,394 states left on queue.
Progress(25) at 2026-09-23 15:50:40: 819,102,041 states generated (4,086,174 s/min), 733,966,873 distinct states found (1,066,034 ds/min), 170,369,404 states left on queue.
Progress(25) at 2026-09-23 15:51:40: 823,133,910 states generated (4,031,869 s/min), 735,003,762 distinct states found (1,036,889 ds/min), 170,654,481 states left on queue.
Progress(25) at 2026-09-23 15:52:40: 827,332,942 states generated (4,199,032 s/min), 736,113,102 distinct states found (1,109,340 ds/min), 170,995,714 states left on queue.
Progress(25) at 2026-09-23 15:53:40: 831,304,130 states generated (3,971,188 s/min), 737,136,435 distinct states found (1,023,333 ds/min), 171,288,777 states left on queue.
Progress(25) at 2026-09-23 15:54:40: 835,411,294 states generated (4,107,164 s/min), 738,252,883 distinct states found (1,116,448 ds/min), 171,614,685 states left on queue.
Progress(25) at 2026-09-23 15:55:40: 839,628,349 states generated (4,217,055 s/min), 739,330,408 distinct states found (1,077,525 ds/min), 171,908,940 states left on queue.
Progress(25) at 2026-09-23 15:56:40: 844,612,290 states generated (4,983,941 s/min), 740,476,907 distinct states found (1,146,499 ds/min), 172,271,010 states left on queue.
Progress(25) at 2026-09-23 15:57:40: 848,591,206 states generated (3,978,916 s/min), 741,558,556 distinct states found (1,081,649 ds/min), 172,542,446 states left on queue.
Progress(25) at 2026-09-23 15:58:40: 852,491,471 states generated (3,900,265 s/min), 742,704,496 distinct states found (1,145,940 ds/min), 172,760,432 states left on queue.
Progress(25) at 2026-09-23 15:59:40: 856,708,470 states generated (4,216,999 s/min), 744,023,433 distinct states found (1,318,937 ds/min), 173,083,797 states left on queue.
Progress(25) at 2026-09-23 16:00:40: 860,406,422 states generated (3,697,952 s/min), 745,136,444 distinct states found (1,113,011 ds/min), 173,308,822 states left on queue.
Progress(25) at 2026-09-23 16:01:40: 864,416,412 states generated (4,009,990 s/min), 746,283,663 distinct states found (1,147,219 ds/min), 173,667,212 states left on queue.
Progress(25) at 2026-09-23 16:02:40: 868,711,424 states generated (4,295,012 s/min), 747,467,936 distinct states found (1,184,273 ds/min), 174,058,537 states left on queue.
Progress(25) at 2026-09-23 16:03:40: 872,769,622 states generated (4,058,198 s/min), 748,677,635 distinct states found (1,209,699 ds/min), 174,376,085 states left on queue.
Progress(25) at 2026-09-23 16:04:40: 877,517,283 states generated (4,747,661 s/min), 750,056,743 distinct states found (1,379,108 ds/min), 174,778,727 states left on queue.
Progress(25) at 2026-09-23 16:05:40: 882,075,119 states generated (4,557,836 s/min), 751,336,415 distinct states found (1,279,672 ds/min), 175,105,615 states left on queue.
Progress(25) at 2026-09-23 16:06:40: 886,261,925 states generated (4,186,806 s/min), 752,591,022 distinct states found (1,254,607 ds/min), 175,391,473 states left on queue.
Progress(25) at 2026-09-23 16:07:40: 890,531,042 states generated (4,269,117 s/min), 753,802,722 distinct states found (1,211,700 ds/min), 175,660,993 states left on queue.
Progress(25) at 2026-09-23 16:08:40: 895,057,650 states generated (4,526,608 s/min), 755,147,432 distinct states found (1,344,710 ds/min), 175,932,450 states left on queue.
Progress(25) at 2026-09-23 16:09:40: 899,869,318 states generated (4,811,668 s/min), 756,532,859 distinct states found (1,385,427 ds/min), 176,293,124 states left on queue.
Progress(25) at 2026-09-23 16:10:40: 904,672,250 states generated (4,802,932 s/min), 757,911,413 distinct states found (1,378,554 ds/min), 176,699,061 states left on queue.
Progress(25) at 2026-09-23 16:11:40: 909,678,367 states generated (5,006,117 s/min), 759,255,787 distinct states found (1,344,374 ds/min), 177,119,440 states left on queue.
Progress(25) at 2026-09-23 16:12:40: 914,399,859 states generated (4,721,492 s/min), 760,565,287 distinct states found (1,309,500 ds/min), 177,405,209 states left on queue.
Progress(25) at 2026-09-23 16:13:40: 919,322,511 states generated (4,922,652 s/min), 761,887,422 distinct states found (1,322,135 ds/min), 177,720,582 states left on queue.
Progress(25) at 2026-09-23 16:14:40: 924,329,868 states generated (5,007,357 s/min), 763,236,820 distinct states found (1,349,398 ds/min), 178,091,275 states left on queue.
Progress(25) at 2026-09-23 16:15:40: 929,406,552 states generated (5,076,684 s/min), 764,577,473 distinct states found (1,340,653 ds/min), 178,488,304 states left on queue.
Progress(25) at 2026-09-23 16:16:40: 934,814,268 states generated (5,407,716 s/min), 765,975,062 distinct states found (1,397,589 ds/min), 178,954,603 states left on queue.
Progress(25) at 2026-09-23 16:17:40: 940,120,663 states generated (5,306,395 s/min), 767,361,515 distinct states found (1,386,453 ds/min), 179,442,539 states left on queue.
Progress(25) at 2026-09-23 16:18:40: 945,275,623 states generated (5,154,960 s/min), 768,664,531 distinct states found (1,303,016 ds/min), 179,833,265 states left on queue.
Checkpointing of run /mnt/nvme2/tlc-r27/26-09-22-18-50-35/
Checkpointing completed at (2026-09-23 16:19:42)
Progress(25) at 2026-09-23 16:19:42: 950,633,764 states generated (5,358,141 s/min), 770,099,001 distinct states found (1,434,470 ds/min), 180,310,847 states left on queue.
Progress(25) at 2026-09-23 16:20:42: 956,129,899 states generated (5,496,135 s/min), 771,524,588 distinct states found (1,425,587 ds/min), 180,793,875 states left on queue.
Progress(25) at 2026-09-23 16:21:42: 961,411,215 states generated (5,281,316 s/min), 772,861,506 distinct states found (1,336,918 ds/min), 181,226,047 states left on queue.
Progress(25) at 2026-09-23 16:22:42: 965,989,973 states generated (4,578,758 s/min), 774,057,991 distinct states found (1,196,485 ds/min), 181,598,936 states left on queue.
Progress(25) at 2026-09-23 16:23:42: 970,120,143 states generated (4,130,170 s/min), 775,123,338 distinct states found (1,065,347 ds/min), 181,857,958 states left on queue.
Progress(25) at 2026-09-23 16:24:42: 974,542,733 states generated (4,422,590 s/min), 776,303,182 distinct states found (1,179,844 ds/min), 182,200,051 states left on queue.
Progress(25) at 2026-09-23 16:25:42: 979,481,823 states generated (4,939,090 s/min), 777,619,124 distinct states found (1,315,942 ds/min), 182,628,217 states left on queue.
Progress(25) at 2026-09-23 16:26:42: 984,098,232 states generated (4,616,409 s/min), 778,845,451 distinct states found (1,226,327 ds/min), 183,053,881 states left on queue.
Progress(25) at 2026-09-23 16:27:42: 988,636,891 states generated (4,538,659 s/min), 780,038,734 distinct states found (1,193,283 ds/min), 183,473,009 states left on queue.
Progress(25) at 2026-09-23 16:28:42: 992,945,095 states generated (4,308,204 s/min), 781,169,522 distinct states found (1,130,788 ds/min), 183,839,095 states left on queue.
Progress(25) at 2026-09-23 16:29:42: 997,521,308 states generated (4,576,213 s/min), 782,348,806 distinct states found (1,179,284 ds/min), 184,207,526 states left on queue.
Progress(25) at 2026-09-23 16:30:42: 1,002,194,753 states generated (4,673,445 s/min), 783,602,241 distinct states found (1,253,435 ds/min), 184,490,958 states left on queue.
Progress(25) at 2026-09-23 16:31:42: 1,006,969,138 states generated (4,774,385 s/min), 784,800,095 distinct states found (1,197,854 ds/min), 184,801,320 states left on queue.
Progress(25) at 2026-09-23 16:32:42: 1,011,895,919 states generated (4,926,781 s/min), 786,087,257 distinct states found (1,287,162 ds/min), 185,116,388 states left on queue.
Progress(25) at 2026-09-23 16:33:42: 1,016,627,090 states generated (4,731,171 s/min), 787,304,264 distinct states found (1,217,007 ds/min), 185,422,012 states left on queue.
Progress(25) at 2026-09-23 16:34:42: 1,020,875,587 states generated (4,248,497 s/min), 788,427,991 distinct states found (1,123,727 ds/min), 185,690,813 states left on queue.
Progress(25) at 2026-09-23 16:35:42: 1,024,936,445 states generated (4,060,858 s/min), 789,498,038 distinct states found (1,070,047 ds/min), 186,040,573 states left on queue.
Progress(25) at 2026-09-23 16:36:42: 1,028,992,947 states generated (4,056,502 s/min), 790,553,968 distinct states found (1,055,930 ds/min), 186,357,195 states left on queue.
Progress(25) at 2026-09-23 16:37:42: 1,033,088,048 states generated (4,095,101 s/min), 791,601,870 distinct states found (1,047,902 ds/min), 186,650,528 states left on queue.
Progress(25) at 2026-09-23 16:38:42: 1,037,334,435 states generated (4,246,387 s/min), 792,739,386 distinct states found (1,137,516 ds/min), 186,882,322 states left on queue.
Progress(25) at 2026-09-23 16:39:42: 1,041,893,995 states generated (4,559,560 s/min), 793,939,257 distinct states found (1,199,871 ds/min), 187,154,215 states left on queue.
Progress(25) at 2026-09-23 16:40:42: 1,046,545,667 states generated (4,651,672 s/min), 795,200,720 distinct states found (1,261,463 ds/min), 187,479,267 states left on queue.
Progress(25) at 2026-09-23 16:41:42: 1,051,279,505 states generated (4,733,838 s/min), 796,525,392 distinct states found (1,324,672 ds/min), 187,692,846 states left on queue.
Progress(25) at 2026-09-23 16:42:42: 1,056,128,295 states generated (4,848,790 s/min), 797,907,398 distinct states found (1,382,006 ds/min), 187,988,223 states left on queue.
Progress(25) at 2026-09-23 16:43:42: 1,061,312,754 states generated (5,184,459 s/min), 799,358,214 distinct states found (1,450,816 ds/min), 188,355,184 states left on queue.
Progress(25) at 2026-09-23 16:44:42: 1,066,307,642 states generated (4,994,888 s/min), 800,845,859 distinct states found (1,487,645 ds/min), 188,713,802 states left on queue.
Progress(25) at 2026-09-23 16:45:42: 1,071,336,094 states generated (5,028,452 s/min), 802,306,192 distinct states found (1,460,333 ds/min), 189,059,723 states left on queue.
Progress(25) at 2026-09-23 16:46:42: 1,076,481,878 states generated (5,145,784 s/min), 803,687,638 distinct states found (1,381,446 ds/min), 189,443,557 states left on queue.
Progress(25) at 2026-09-23 16:47:42: 1,082,018,292 states generated (5,536,414 s/min), 805,043,656 distinct states found (1,356,018 ds/min), 189,800,109 states left on queue.
Progress(25) at 2026-09-23 16:48:42: 1,085,818,732 states generated (3,800,440 s/min), 805,944,308 distinct states found (900,652 ds/min), 190,029,441 states left on queue.
Checkpointing of run /mnt/nvme2/tlc-r27/26-09-22-18-50-35/
Checkpointing completed at (2026-09-23 16:49:44)
Progress(25) at 2026-09-23 16:49:44: 1,091,080,414 states generated (5,261,682 s/min), 807,304,523 distinct states found (1,360,215 ds/min), 190,396,401 states left on queue.
Progress(25) at 2026-09-23 16:50:44: 1,096,404,982 states generated (5,324,568 s/min), 808,704,546 distinct states found (1,400,023 ds/min), 190,789,558 states left on queue.
Progress(25) at 2026-09-23 16:51:44: 1,101,463,360 states generated (5,058,378 s/min), 810,053,058 distinct states found (1,348,512 ds/min), 191,097,789 states left on queue.
Progress(25) at 2026-09-23 16:52:44: 1,105,911,763 states generated (4,448,403 s/min), 811,262,212 distinct states found (1,209,154 ds/min), 191,353,558 states left on queue.
Progress(25) at 2026-09-23 16:53:44: 1,110,331,917 states generated (4,420,154 s/min), 812,392,173 distinct states found (1,129,961 ds/min), 191,634,687 states left on queue.
Progress(25) at 2026-09-23 16:54:44: 1,114,581,742 states generated (4,249,825 s/min), 813,501,901 distinct states found (1,109,728 ds/min), 191,913,992 states left on queue.
Progress(25) at 2026-09-23 16:55:44: 1,118,877,994 states generated (4,296,252 s/min), 814,608,113 distinct states found (1,106,212 ds/min), 192,325,884 states left on queue.
Progress(25) at 2026-09-23 16:56:44: 1,122,822,934 states generated (3,944,940 s/min), 815,690,622 distinct states found (1,082,509 ds/min), 192,547,657 states left on queue.
Progress(25) at 2026-09-23 16:57:44: 1,127,247,388 states generated (4,424,454 s/min), 817,034,076 distinct states found (1,343,454 ds/min), 192,833,533 states left on queue.
Progress(25) at 2026-09-23 16:58:44: 1,131,550,190 states generated (4,302,802 s/min), 818,301,881 distinct states found (1,267,805 ds/min), 193,149,633 states left on queue.
Progress(25) at 2026-09-23 16:59:44: 1,135,995,739 states generated (4,445,549 s/min), 819,482,519 distinct states found (1,180,638 ds/min), 193,377,494 states left on queue.
Progress(25) at 2026-09-23 17:00:44: 1,140,793,251 states generated (4,797,512 s/min), 820,803,423 distinct states found (1,320,904 ds/min), 193,802,374 states left on queue.
Progress(25) at 2026-09-23 17:01:44: 1,145,746,647 states generated (4,953,396 s/min), 822,107,932 distinct states found (1,304,509 ds/min), 194,152,269 states left on queue.
Progress(25) at 2026-09-23 17:02:44: 1,150,674,587 states generated (4,927,940 s/min), 823,341,085 distinct states found (1,233,153 ds/min), 194,444,239 states left on queue.
Progress(25) at 2026-09-23 17:03:44: 1,156,157,758 states generated (5,483,171 s/min), 824,752,344 distinct states found (1,411,259 ds/min), 194,749,419 states left on queue.
Progress(25) at 2026-09-23 17:04:44: 1,162,658,694 states generated (6,500,936 s/min), 826,461,454 distinct states found (1,709,110 ds/min), 195,125,997 states left on queue.
Progress(25) at 2026-09-23 17:05:44: 1,168,978,253 states generated (6,319,559 s/min), 828,110,560 distinct states found (1,649,106 ds/min), 195,489,794 states left on queue.
Progress(25) at 2026-09-23 17:06:44: 1,175,321,527 states generated (6,343,274 s/min), 829,941,875 distinct states found (1,831,315 ds/min), 195,859,301 states left on queue.
Progress(25) at 2026-09-23 17:07:44: 1,181,509,330 states generated (6,187,803 s/min), 831,671,842 distinct states found (1,729,967 ds/min), 196,237,836 states left on queue.
Progress(25) at 2026-09-23 17:08:44: 1,187,757,865 states generated (6,248,535 s/min), 833,283,446 distinct states found (1,611,604 ds/min), 196,635,101 states left on queue.
Progress(25) at 2026-09-23 17:09:44: 1,194,096,567 states generated (6,338,702 s/min), 834,919,446 distinct states found (1,636,000 ds/min), 197,047,792 states left on queue.
Progress(25) at 2026-09-23 17:10:44: 1,199,867,614 states generated (5,771,047 s/min), 836,512,153 distinct states found (1,592,707 ds/min), 197,339,455 states left on queue.
Progress(25) at 2026-09-23 17:11:44: 1,205,856,778 states generated (5,989,164 s/min), 838,165,715 distinct states found (1,653,562 ds/min), 197,630,836 states left on queue.
Progress(25) at 2026-09-23 17:12:44: 1,211,816,220 states generated (5,959,442 s/min), 839,637,413 distinct states found (1,471,698 ds/min), 197,960,657 states left on queue.
Progress(25) at 2026-09-23 17:13:44: 1,218,764,962 states generated (6,948,742 s/min), 841,308,558 distinct states found (1,671,145 ds/min), 198,405,083 states left on queue.
Progress(25) at 2026-09-23 17:14:44: 1,225,115,223 states generated (6,350,261 s/min), 842,929,449 distinct states found (1,620,891 ds/min), 198,821,927 states left on queue.
Progress(25) at 2026-09-23 17:15:44: 1,231,261,095 states generated (6,145,872 s/min), 844,640,742 distinct states found (1,711,293 ds/min), 199,229,630 states left on queue.
Progress(25) at 2026-09-23 17:16:44: 1,237,598,419 states generated (6,337,324 s/min), 846,427,172 distinct states found (1,786,430 ds/min), 199,656,553 states left on queue.
Progress(25) at 2026-09-23 17:17:44: 1,243,726,025 states generated (6,127,606 s/min), 847,964,833 distinct states found (1,537,661 ds/min), 199,981,962 states left on queue.
Progress(25) at 2026-09-23 17:18:44: 1,250,298,832 states generated (6,572,807 s/min), 849,524,026 distinct states found (1,559,193 ds/min), 200,359,004 states left on queue.
Checkpointing of run /mnt/nvme2/tlc-r27/26-09-22-18-50-35/
Checkpointing completed at (2026-09-23 17:19:47)
Progress(26) at 2026-09-23 17:19:47: 1,256,864,499 states generated (6,565,667 s/min), 851,190,970 distinct states found (1,666,944 ds/min), 200,849,835 states left on queue.
Progress(26) at 2026-09-23 17:20:47: 1,262,969,554 states generated (6,105,055 s/min), 852,678,958 distinct states found (1,487,988 ds/min), 201,182,435 states left on queue.
Progress(26) at 2026-09-23 17:21:47: 1,269,158,222 states generated (6,188,668 s/min), 854,233,316 distinct states found (1,554,358 ds/min), 201,549,654 states left on queue.
Progress(26) at 2026-09-23 17:22:47: 1,275,173,470 states generated (6,015,248 s/min), 855,683,477 distinct states found (1,450,161 ds/min), 201,824,428 states left on queue.
Progress(26) at 2026-09-23 17:23:47: 1,281,361,369 states generated (6,187,899 s/min), 857,209,576 distinct states found (1,526,099 ds/min), 202,161,499 states left on queue.
Progress(26) at 2026-09-23 17:24:47: 1,287,432,174 states generated (6,070,805 s/min), 858,779,774 distinct states found (1,570,198 ds/min), 202,552,668 states left on queue.
Progress(26) at 2026-09-23 17:25:47: 1,293,423,671 states generated (5,991,497 s/min), 860,316,328 distinct states found (1,536,554 ds/min), 202,835,669 states left on queue.
Progress(26) at 2026-09-23 17:26:47: 1,299,303,536 states generated (5,879,865 s/min), 861,759,942 distinct states found (1,443,614 ds/min), 202,963,548 states left on queue.
Progress(26) at 2026-09-23 17:27:47: 1,305,853,340 states generated (6,549,804 s/min), 863,215,283 distinct states found (1,455,341 ds/min), 203,144,988 states left on queue.
Progress(26) at 2026-09-23 17:28:47: 1,312,382,329 states generated (6,528,989 s/min), 864,677,579 distinct states found (1,462,296 ds/min), 203,270,046 states left on queue.
Progress(26) at 2026-09-23 17:29:47: 1,318,802,153 states generated (6,419,824 s/min), 866,125,763 distinct states found (1,448,184 ds/min), 203,488,417 states left on queue.
Progress(26) at 2026-09-23 17:30:47: 1,325,353,121 states generated (6,550,968 s/min), 867,673,808 distinct states found (1,548,045 ds/min), 203,787,243 states left on queue.
Progress(26) at 2026-09-23 17:31:47: 1,331,325,621 states generated (5,972,500 s/min), 869,155,135 distinct states found (1,481,327 ds/min), 203,912,137 states left on queue.
Progress(26) at 2026-09-23 17:32:47: 1,337,747,800 states generated (6,422,179 s/min), 870,584,663 distinct states found (1,429,528 ds/min), 204,069,768 states left on queue.
Progress(26) at 2026-09-23 17:33:47: 1,344,215,777 states generated (6,467,977 s/min), 871,996,222 distinct states found (1,411,559 ds/min), 204,216,402 states left on queue.
Progress(26) at 2026-09-23 17:34:47: 1,351,031,637 states generated (6,815,860 s/min), 873,564,808 distinct states found (1,568,586 ds/min), 204,512,343 states left on queue.
Progress(26) at 2026-09-23 17:35:47: 1,357,110,599 states generated (6,078,962 s/min), 875,188,484 distinct states found (1,623,676 ds/min), 204,765,691 states left on queue.
Progress(26) at 2026-09-23 17:36:47: 1,363,252,308 states generated (6,141,709 s/min), 876,782,981 distinct states found (1,594,497 ds/min), 204,962,871 states left on queue.
Progress(26) at 2026-09-23 17:37:47: 1,369,520,958 states generated (6,268,650 s/min), 878,415,500 distinct states found (1,632,519 ds/min), 205,164,229 states left on queue.
Progress(26) at 2026-09-23 17:38:47: 1,376,613,595 states generated (7,092,637 s/min), 880,027,949 distinct states found (1,612,449 ds/min), 205,503,304 states left on queue.
Progress(26) at 2026-09-23 17:39:47: 1,382,943,964 states generated (6,330,369 s/min), 881,545,973 distinct states found (1,518,024 ds/min), 205,680,969 states left on queue.
Progress(26) at 2026-09-23 17:40:47: 1,389,113,299 states generated (6,169,335 s/min), 883,111,355 distinct states found (1,565,382 ds/min), 205,867,700 states left on queue.
Progress(26) at 2026-09-23 17:41:47: 1,395,204,017 states generated (6,090,718 s/min), 884,757,064 distinct states found (1,645,709 ds/min), 206,038,219 states left on queue.
Progress(26) at 2026-09-23 17:42:47: 1,401,725,395 states generated (6,521,378 s/min), 886,173,322 distinct states found (1,416,258 ds/min), 206,153,331 states left on queue.
Progress(26) at 2026-09-23 17:43:47: 1,408,070,789 states generated (6,345,394 s/min), 887,726,140 distinct states found (1,552,818 ds/min), 206,345,205 states left on queue.
Progress(26) at 2026-09-23 17:44:47: 1,414,327,852 states generated (6,257,063 s/min), 889,205,982 distinct states found (1,479,842 ds/min), 206,513,901 states left on queue.
Progress(26) at 2026-09-23 17:45:47: 1,420,596,326 states generated (6,268,474 s/min), 890,696,896 distinct states found (1,490,914 ds/min), 206,723,467 states left on queue.
Progress(26) at 2026-09-23 17:46:47: 1,426,870,763 states generated (6,274,437 s/min), 892,173,097 distinct states found (1,476,201 ds/min), 206,828,546 states left on queue.
Progress(26) at 2026-09-23 17:47:47: 1,433,102,086 states generated (6,231,323 s/min), 893,660,010 distinct states found (1,486,913 ds/min), 206,987,835 states left on queue.
Progress(26) at 2026-09-23 17:48:47: 1,439,411,223 states generated (6,309,137 s/min), 895,184,337 distinct states found (1,524,327 ds/min), 207,110,273 states left on queue.
Checkpointing of run /mnt/nvme2/tlc-r27/26-09-22-18-50-35/
Checkpointing completed at (2026-09-23 17:49:50)
Progress(26) at 2026-09-23 17:49:50: 1,445,684,706 states generated (6,273,483 s/min), 896,692,744 distinct states found (1,508,407 ds/min), 207,142,674 states left on queue.
Progress(26) at 2026-09-23 17:50:50: 1,451,813,294 states generated (6,128,588 s/min), 898,128,082 distinct states found (1,435,338 ds/min), 207,234,943 states left on queue.
Progress(26) at 2026-09-23 17:51:50: 1,457,936,774 states generated (6,123,480 s/min), 899,507,339 distinct states found (1,379,257 ds/min), 207,391,573 states left on queue.
Progress(26) at 2026-09-23 17:52:50: 1,465,184,546 states generated (7,247,772 s/min), 901,005,042 distinct states found (1,497,703 ds/min), 207,621,655 states left on queue.
Progress(26) at 2026-09-23 17:53:50: 1,471,503,581 states generated (6,319,035 s/min), 902,431,704 distinct states found (1,426,662 ds/min), 207,790,932 states left on queue.
Progress(26) at 2026-09-23 17:54:50: 1,477,839,617 states generated (6,336,036 s/min), 903,889,551 distinct states found (1,457,847 ds/min), 207,980,921 states left on queue.
Progress(26) at 2026-09-23 17:55:50: 1,483,909,481 states generated (6,069,864 s/min), 905,433,549 distinct states found (1,543,998 ds/min), 208,191,937 states left on queue.
Progress(26) at 2026-09-23 17:56:50: 1,490,026,385 states generated (6,116,904 s/min), 906,993,990 distinct states found (1,560,441 ds/min), 208,345,930 states left on queue.
Progress(26) at 2026-09-23 17:57:50: 1,496,470,183 states generated (6,443,798 s/min), 908,572,080 distinct states found (1,578,090 ds/min), 208,554,401 states left on queue.
Progress(26) at 2026-09-23 17:58:50: 1,502,537,995 states generated (6,067,812 s/min), 909,973,343 distinct states found (1,401,263 ds/min), 208,506,614 states left on queue.
Progress(26) at 2026-09-23 17:59:50: 1,509,676,030 states generated (7,138,035 s/min), 911,190,100 distinct states found (1,216,757 ds/min), 208,248,760 states left on queue.
Progress(26) at 2026-09-23 18:00:50: 1,516,631,976 states generated (6,955,946 s/min), 912,310,663 distinct states found (1,120,563 ds/min), 207,972,962 states left on queue.
Progress(26) at 2026-09-23 18:01:50: 1,523,154,781 states generated (6,522,805 s/min), 913,389,227 distinct states found (1,078,564 ds/min), 207,742,831 states left on queue.
Progress(26) at 2026-09-23 18:02:50: 1,529,713,667 states generated (6,558,886 s/min), 914,629,786 distinct states found (1,240,559 ds/min), 207,544,586 states left on queue.
Progress(26) at 2026-09-23 18:03:50: 1,536,058,467 states generated (6,344,800 s/min), 915,887,242 distinct states found (1,257,456 ds/min), 207,517,652 states left on queue.
Progress(26) at 2026-09-23 18:04:50: 1,542,275,719 states generated (6,217,252 s/min), 917,053,042 distinct states found (1,165,800 ds/min), 207,362,218 states left on queue.
Progress(26) at 2026-09-23 18:05:50: 1,548,734,404 states generated (6,458,685 s/min), 918,266,011 distinct states found (1,212,969 ds/min), 207,106,181 states left on queue.
Progress(26) at 2026-09-23 18:06:50: 1,555,500,829 states generated (6,766,425 s/min), 919,465,702 distinct states found (1,199,691 ds/min), 206,790,052 states left on queue.
Progress(26) at 2026-09-23 18:07:50: 1,561,653,298 states generated (6,152,469 s/min), 920,594,807 distinct states found (1,129,105 ds/min), 206,481,618 states left on queue.
Progress(26) at 2026-09-23 18:08:50: 1,568,401,258 states generated (6,747,960 s/min), 921,727,536 distinct states found (1,132,729 ds/min), 206,249,434 states left on queue.
Progress(26) at 2026-09-23 18:09:50: 1,574,919,628 states generated (6,518,370 s/min), 922,946,332 distinct states found (1,218,796 ds/min), 205,995,564 states left on queue.
Progress(26) at 2026-09-23 18:10:50: 1,581,252,792 states generated (6,333,164 s/min), 924,125,600 distinct states found (1,179,268 ds/min), 205,854,537 states left on queue.
Progress(26) at 2026-09-23 18:11:50: 1,587,950,378 states generated (6,697,586 s/min), 925,469,622 distinct states found (1,344,022 ds/min), 205,856,041 states left on queue.
Progress(26) at 2026-09-23 18:12:50: 1,594,752,062 states generated (6,801,684 s/min), 926,680,171 distinct states found (1,210,549 ds/min), 205,847,966 states left on queue.
Progress(26) at 2026-09-23 18:13:50: 1,601,553,241 states generated (6,801,179 s/min), 928,024,631 distinct states found (1,344,460 ds/min), 205,898,380 states left on queue.
Progress(26) at 2026-09-23 18:14:50: 1,608,183,478 states generated (6,630,237 s/min), 929,286,053 distinct states found (1,261,422 ds/min), 205,914,903 states left on queue.
Progress(26) at 2026-09-23 18:15:50: 1,614,993,594 states generated (6,810,116 s/min), 930,504,006 distinct states found (1,217,953 ds/min), 205,846,645 states left on queue.
Progress(26) at 2026-09-23 18:16:50: 1,621,059,043 states generated (6,065,449 s/min), 931,663,526 distinct states found (1,159,520 ds/min), 205,530,437 states left on queue.
Progress(26) at 2026-09-23 18:17:50: 1,627,473,305 states generated (6,414,262 s/min), 932,845,682 distinct states found (1,182,156 ds/min), 205,312,618 states left on queue.
Progress(26) at 2026-09-23 18:18:50: 1,633,634,227 states generated (6,160,922 s/min), 934,023,535 distinct states found (1,177,853 ds/min), 205,161,452 states left on queue.
Checkpointing of run /mnt/nvme2/tlc-r27/26-09-22-18-50-35/
Checkpointing completed at (2026-09-23 18:19:53)
Progress(26) at 2026-09-23 18:19:53: 1,640,230,715 states generated (6,596,488 s/min), 935,224,913 distinct states found (1,201,378 ds/min), 204,995,900 states left on queue.
Progress(26) at 2026-09-23 18:20:53: 1,646,202,453 states generated (5,971,738 s/min), 936,329,963 distinct states found (1,105,050 ds/min), 204,843,979 states left on queue.
Progress(26) at 2026-09-23 18:21:53: 1,652,340,922 states generated (6,138,469 s/min), 937,361,079 distinct states found (1,031,116 ds/min), 204,664,423 states left on queue.
Progress(26) at 2026-09-23 18:22:53: 1,658,588,073 states generated (6,247,151 s/min), 938,430,359 distinct states found (1,069,280 ds/min), 204,450,378 states left on queue.
Progress(26) at 2026-09-23 18:23:53: 1,664,468,321 states generated (5,880,248 s/min), 939,418,283 distinct states found (987,924 ds/min), 204,239,270 states left on queue.
Progress(26) at 2026-09-23 18:24:53: 1,667,628,480 states generated (3,160,159 s/min), 939,936,918 distinct states found (518,635 ds/min), 204,148,496 states left on queue.
Progress(26) at 2026-09-23 18:25:53: 1,673,947,182 states generated (6,318,702 s/min), 941,017,086 distinct states found (1,080,168 ds/min), 203,977,191 states left on queue.
Progress(26) at 2026-09-23 18:26:53: 1,680,315,584 states generated (6,368,402 s/min), 942,133,856 distinct states found (1,116,770 ds/min), 203,805,663 states left on queue.
Progress(26) at 2026-09-23 18:27:53: 1,686,800,647 states generated (6,485,063 s/min), 943,199,532 distinct states found (1,065,676 ds/min), 203,601,509 states left on queue.
Progress(26) at 2026-09-23 18:28:53: 1,693,661,398 states generated (6,860,751 s/min), 944,104,178 distinct states found (904,646 ds/min), 203,213,295 states left on queue.
Progress(26) at 2026-09-23 18:29:53: 1,699,908,234 states generated (6,246,836 s/min), 945,209,257 distinct states found (1,105,079 ds/min), 202,911,032 states left on queue.
Progress(26) at 2026-09-23 18:30:53: 1,706,415,652 states generated (6,507,418 s/min), 946,395,405 distinct states found (1,186,148 ds/min), 202,458,410 states left on queue.
Progress(26) at 2026-09-23 18:31:53: 1,712,537,939 states generated (6,122,287 s/min), 947,558,649 distinct states found (1,163,244 ds/min), 202,123,050 states left on queue.
Progress(26) at 2026-09-23 18:32:53: 1,719,311,229 states generated (6,773,290 s/min), 948,893,982 distinct states found (1,335,333 ds/min), 202,166,462 states left on queue.
Progress(26) at 2026-09-23 18:33:53: 1,725,808,678 states generated (6,497,449 s/min), 950,155,574 distinct states found (1,261,592 ds/min), 202,082,968 states left on queue.
Progress(26) at 2026-09-23 18:34:53: 1,732,427,655 states generated (6,618,977 s/min), 951,389,100 distinct states found (1,233,526 ds/min), 201,827,237 states left on queue.
Progress(26) at 2026-09-23 18:35:53: 1,738,604,569 states generated (6,176,914 s/min), 952,556,772 distinct states found (1,167,672 ds/min), 201,622,154 states left on queue.
Progress(26) at 2026-09-23 18:36:53: 1,743,103,545 states generated (4,498,976 s/min), 953,422,311 distinct states found (865,539 ds/min), 201,527,608 states left on queue.
Progress(26) at 2026-09-23 18:37:53: 1,747,153,834 states generated (4,050,289 s/min), 954,211,367 distinct states found (789,056 ds/min), 201,244,201 states left on queue.
Progress(26) at 2026-09-23 18:38:53: 1,751,647,100 states generated (4,493,266 s/min), 954,999,855 distinct states found (788,488 ds/min), 200,991,562 states left on queue.
Progress(26) at 2026-09-23 18:39:53: 1,754,796,086 states generated (3,148,986 s/min), 955,593,303 distinct states found (593,448 ds/min), 200,789,499 states left on queue.
Progress(26) at 2026-09-23 18:40:53: 1,757,214,320 states generated (2,418,234 s/min), 956,026,406 distinct states found (433,103 ds/min), 200,652,158 states left on queue.
Progress(26) at 2026-09-23 18:41:53: 1,760,156,320 states generated (2,942,000 s/min), 956,571,769 distinct states found (545,363 ds/min), 200,567,845 states left on queue.
Progress(26) at 2026-09-23 18:42:53: 1,762,094,071 states generated (1,937,751 s/min), 956,958,879 distinct states found (387,110 ds/min), 200,460,206 states left on queue.
Progress(26) at 2026-09-23 18:43:53: 1,764,437,198 states generated (2,343,127 s/min), 957,387,169 distinct states found (428,290 ds/min), 200,360,428 states left on queue.
Progress(26) at 2026-09-23 18:44:53: 1,766,910,842 states generated (2,473,644 s/min), 957,853,528 distinct states found (466,359 ds/min), 200,328,792 states left on queue.
Progress(26) at 2026-09-23 18:45:53: 1,769,191,226 states generated (2,280,384 s/min), 958,285,804 distinct states found (432,276 ds/min), 200,267,838 states left on queue.
Progress(26) at 2026-09-23 18:46:53: 1,770,113,491 states generated (922,265 s/min), 958,466,438 distinct states found (180,634 ds/min), 200,237,870 states left on queue.
Progress(26) at 2026-09-23 18:47:53: 1,771,108,017 states generated (994,526 s/min), 958,636,199 distinct states found (169,761 ds/min), 200,218,209 states left on queue.
Progress(26) at 2026-09-23 18:48:53: 1,771,998,736 states generated (890,719 s/min), 958,795,889 distinct states found (159,690 ds/min), 200,194,888 states left on queue.
Checkpointing of run /mnt/nvme2/tlc-r27/26-09-22-18-50-35/
Checkpointing completed at (2026-09-23 18:49:56)
Progress(26) at 2026-09-23 18:49:56: 1,772,953,788 states generated (955,052 s/min), 958,980,281 distinct states found (184,392 ds/min), 200,175,264 states left on queue.
Progress(26) at 2026-09-23 18:50:56: 1,773,827,705 states generated (873,917 s/min), 959,123,653 distinct states found (143,372 ds/min), 200,155,025 states left on queue.
Progress(26) at 2026-09-23 18:51:56: 1,774,822,870 states generated (995,165 s/min), 959,255,050 distinct states found (131,397 ds/min), 200,111,663 states left on queue.
Progress(26) at 2026-09-23 18:52:56: 1,776,139,268 states generated (1,316,398 s/min), 959,454,562 distinct states found (199,512 ds/min), 200,052,583 states left on queue.
Progress(26) at 2026-09-23 18:53:56: 1,778,342,801 states generated (2,203,533 s/min), 959,869,389 distinct states found (414,827 ds/min), 199,924,629 states left on queue.
Progress(26) at 2026-09-23 18:54:56: 1,780,401,844 states generated (2,059,043 s/min), 960,233,802 distinct states found (364,413 ds/min), 199,810,506 states left on queue.
Progress(26) at 2026-09-23 18:55:56: 1,782,914,475 states generated (2,512,631 s/min), 960,704,213 distinct states found (470,411 ds/min), 199,754,867 states left on queue.
Progress(26) at 2026-09-23 18:56:56: 1,785,552,100 states generated (2,637,625 s/min), 961,174,938 distinct states found (470,725 ds/min), 199,669,416 states left on queue.
Progress(26) at 2026-09-23 18:57:56: 1,788,776,356 states generated (3,224,256 s/min), 961,748,282 distinct states found (573,344 ds/min), 199,474,364 states left on queue.
Progress(26) at 2026-09-23 18:58:56: 1,792,992,462 states generated (4,216,106 s/min), 962,480,463 distinct states found (732,181 ds/min), 199,325,251 states left on queue.
Progress(26) at 2026-09-23 18:59:56: 1,797,571,215 states generated (4,578,753 s/min), 963,220,470 distinct states found (740,007 ds/min), 199,181,784 states left on queue.
Progress(26) at 2026-09-23 19:00:56: 1,801,396,465 states generated (3,825,250 s/min), 963,910,966 distinct states found (690,496 ds/min), 199,073,656 states left on queue.
Progress(26) at 2026-09-23 19:01:56: 1,806,084,929 states generated (4,688,464 s/min), 964,595,957 distinct states found (684,991 ds/min), 198,916,633 states left on queue.
Progress(26) at 2026-09-23 19:02:56: 1,810,270,933 states generated (4,186,004 s/min), 965,257,446 distinct states found (661,489 ds/min), 198,817,493 states left on queue.
Progress(26) at 2026-09-23 19:03:56: 1,814,096,674 states generated (3,825,741 s/min), 965,835,258 distinct states found (577,812 ds/min), 198,691,860 states left on queue.
Progress(26) at 2026-09-23 19:04:56: 1,818,321,999 states generated (4,225,325 s/min), 966,491,794 distinct states found (656,536 ds/min), 198,545,710 states left on queue.
Progress(26) at 2026-09-23 19:05:56: 1,822,450,579 states generated (4,128,580 s/min), 967,150,123 distinct states found (658,329 ds/min), 198,404,769 states left on queue.
Progress(26) at 2026-09-23 19:06:56: 1,826,572,180 states generated (4,121,601 s/min), 967,824,384 distinct states found (674,261 ds/min), 198,284,461 states left on queue.
Progress(26) at 2026-09-23 19:07:56: 1,830,761,310 states generated (4,189,130 s/min), 968,504,150 distinct states found (679,766 ds/min), 198,194,224 states left on queue.
Progress(26) at 2026-09-23 19:08:56: 1,835,077,405 states generated (4,316,095 s/min), 969,167,965 distinct states found (663,815 ds/min), 198,054,254 states left on queue.
Progress(26) at 2026-09-23 19:09:56: 1,839,398,355 states generated (4,320,950 s/min), 969,867,222 distinct states found (699,257 ds/min), 197,968,241 states left on queue.
Progress(26) at 2026-09-23 19:10:56: 1,843,677,294 states generated (4,278,939 s/min), 970,532,808 distinct states found (665,586 ds/min), 197,838,140 states left on queue.
Progress(26) at 2026-09-23 19:11:56: 1,847,920,942 states generated (4,243,648 s/min), 971,203,605 distinct states found (670,797 ds/min), 197,719,177 states left on queue.
Progress(26) at 2026-09-23 19:12:56: 1,851,950,910 states generated (4,029,968 s/min), 972,008,158 distinct states found (804,553 ds/min), 197,714,653 states left on queue.
Progress(26) at 2026-09-23 19:13:56: 1,856,078,999 states generated (4,128,089 s/min), 972,765,026 distinct states found (756,868 ds/min), 197,588,080 states left on queue.
Progress(26) at 2026-09-23 19:14:56: 1,860,009,065 states generated (3,930,066 s/min), 973,463,251 distinct states found (698,225 ds/min), 197,468,421 states left on queue.
Progress(26) at 2026-09-23 19:15:56: 1,864,078,479 states generated (4,069,414 s/min), 974,164,264 distinct states found (701,013 ds/min), 197,393,413 states left on queue.
Progress(26) at 2026-09-23 19:16:56: 1,868,426,373 states generated (4,347,894 s/min), 974,850,378 distinct states found (686,114 ds/min), 197,269,806 states left on queue.
Progress(26) at 2026-09-23 19:17:56: 1,872,568,825 states generated (4,142,452 s/min), 975,551,898 distinct states found (701,520 ds/min), 197,183,475 states left on queue.
Progress(26) at 2026-09-23 19:18:56: 1,876,812,957 states generated (4,244,132 s/min), 976,235,335 distinct states found (683,437 ds/min), 197,076,259 states left on queue.
Checkpointing of run /mnt/nvme2/tlc-r27/26-09-22-18-50-35/
Checkpointing completed at (2026-09-23 19:19:57)
Progress(26) at 2026-09-23 19:19:57: 1,881,118,700 states generated (4,305,743 s/min), 976,899,271 distinct states found (663,936 ds/min), 196,964,599 states left on queue.
Progress(26) at 2026-09-23 19:20:57: 1,885,038,260 states generated (3,919,560 s/min), 977,527,712 distinct states found (628,441 ds/min), 196,865,342 states left on queue.
Progress(26) at 2026-09-23 19:21:57: 1,889,229,252 states generated (4,190,992 s/min), 978,232,086 distinct states found (704,374 ds/min), 196,767,283 states left on queue.
Progress(26) at 2026-09-23 19:22:57: 1,893,373,424 states generated (4,144,172 s/min), 978,903,102 distinct states found (671,016 ds/min), 196,655,156 states left on queue.
Progress(26) at 2026-09-23 19:23:57: 1,897,471,541 states generated (4,098,117 s/min), 979,638,566 distinct states found (735,464 ds/min), 196,478,793 states left on queue.
Progress(26) at 2026-09-23 19:24:57: 1,901,471,832 states generated (4,000,291 s/min), 980,329,292 distinct states found (690,726 ds/min), 196,344,817 states left on queue.
Progress(26) at 2026-09-23 19:25:57: 1,905,498,218 states generated (4,026,386 s/min), 981,024,721 distinct states found (695,429 ds/min), 196,210,346 states left on queue.
Progress(26) at 2026-09-23 19:26:57: 1,909,685,817 states generated (4,187,599 s/min), 981,787,547 distinct states found (762,826 ds/min), 196,081,859 states left on queue.
Progress(26) at 2026-09-23 19:27:57: 1,913,914,712 states generated (4,228,895 s/min), 982,524,620 distinct states found (737,073 ds/min), 195,935,665 states left on queue.
Progress(26) at 2026-09-23 19:28:57: 1,917,998,808 states generated (4,084,096 s/min), 983,302,342 distinct states found (777,722 ds/min), 195,858,544 states left on queue.
Progress(26) at 2026-09-23 19:29:57: 1,921,804,980 states generated (3,806,172 s/min), 984,040,770 distinct states found (738,428 ds/min), 195,764,253 states left on queue.
Progress(26) at 2026-09-23 19:30:57: 1,926,072,957 states generated (4,267,977 s/min), 984,850,133 distinct states found (809,363 ds/min), 195,733,161 states left on queue.
Progress(26) at 2026-09-23 19:31:57: 1,930,831,485 states generated (4,758,528 s/min), 985,724,100 distinct states found (873,967 ds/min), 195,795,696 states left on queue.
Progress(26) at 2026-09-23 19:32:57: 1,934,734,234 states generated (3,902,749 s/min), 986,472,977 distinct states found (748,877 ds/min), 195,750,301 states left on queue.
Progress(26) at 2026-09-23 19:33:57: 1,938,823,566 states generated (4,089,332 s/min), 987,203,046 distinct states found (730,069 ds/min), 195,684,708 states left on queue.
Progress(26) at 2026-09-23 19:34:57: 1,942,765,494 states generated (3,941,928 s/min), 987,916,656 distinct states found (713,610 ds/min), 195,534,169 states left on queue.
Progress(26) at 2026-09-23 19:35:57: 1,946,610,391 states generated (3,844,897 s/min), 988,624,719 distinct states found (708,063 ds/min), 195,346,133 states left on queue.
Progress(26) at 2026-09-23 19:36:57: 1,950,434,660 states generated (3,824,269 s/min), 989,370,769 distinct states found (746,050 ds/min), 195,277,657 states left on queue.
Progress(26) at 2026-09-23 19:37:57: 1,954,216,190 states generated (3,781,530 s/min), 990,117,710 distinct states found (746,941 ds/min), 195,211,547 states left on queue.
Progress(26) at 2026-09-23 19:38:57: 1,958,389,764 states generated (4,173,574 s/min), 990,909,290 distinct states found (791,580 ds/min), 195,101,487 states left on queue.
Progress(26) at 2026-09-23 19:39:57: 1,962,125,380 states generated (3,735,616 s/min), 991,625,804 distinct states found (716,514 ds/min), 194,799,377 states left on queue.
Progress(26) at 2026-09-23 19:40:57: 1,966,099,891 states generated (3,974,511 s/min), 992,305,900 distinct states found (680,096 ds/min), 194,521,222 states left on queue.
Progress(26) at 2026-09-23 19:41:57: 1,970,182,488 states generated (4,082,597 s/min), 993,074,503 distinct states found (768,603 ds/min), 194,374,141 states left on queue.
Progress(26) at 2026-09-23 19:42:57: 1,974,258,106 states generated (4,075,618 s/min), 993,844,060 distinct states found (769,557 ds/min), 194,229,954 states left on queue.
Progress(26) at 2026-09-23 19:43:57: 1,978,373,397 states generated (4,115,291 s/min), 994,615,315 distinct states found (771,255 ds/min), 194,023,105 states left on queue.
Progress(26) at 2026-09-23 19:44:57: 1,982,295,678 states generated (3,922,281 s/min), 995,342,888 distinct states found (727,573 ds/min), 193,830,012 states left on queue.
Progress(26) at 2026-09-23 19:45:57: 1,986,175,652 states generated (3,879,974 s/min), 996,090,756 distinct states found (747,868 ds/min), 193,653,113 states left on queue.
Progress(26) at 2026-09-23 19:46:57: 1,990,263,423 states generated (4,087,771 s/min), 996,802,825 distinct states found (712,069 ds/min), 193,495,443 states left on queue.
Progress(26) at 2026-09-23 19:47:57: 1,994,783,259 states generated (4,519,836 s/min), 997,564,899 distinct states found (762,074 ds/min), 193,379,615 states left on queue.
Progress(26) at 2026-09-23 19:48:57: 1,998,866,486 states generated (4,083,227 s/min), 998,292,732 distinct states found (727,833 ds/min), 193,354,695 states left on queue.
Checkpointing of run /mnt/nvme2/tlc-r27/26-09-22-18-50-35/
Checkpointing completed at (2026-09-23 19:49:58)
Progress(26) at 2026-09-23 19:49:58: 2,003,019,119 states generated (4,152,633 s/min), 999,000,804 distinct states found (708,072 ds/min), 193,280,289 states left on queue.
Progress(26) at 2026-09-23 19:50:58: 2,005,893,954 states generated (2,874,835 s/min), 999,506,498 distinct states found (505,694 ds/min), 193,207,690 states left on queue.
Progress(26) at 2026-09-23 19:51:58: 2,008,253,434 states generated (2,359,480 s/min), 999,919,529 distinct states found (413,031 ds/min), 193,116,489 states left on queue.
Progress(26) at 2026-09-23 19:52:58: 2,010,642,064 states generated (2,388,630 s/min), 1,000,311,262 distinct states found (391,733 ds/min), 193,028,860 states left on queue.
Progress(26) at 2026-09-23 19:53:58: 2,013,233,541 states generated (2,591,477 s/min), 1,000,765,165 distinct states found (453,903 ds/min), 192,966,044 states left on queue.
Progress(26) at 2026-09-23 19:54:58: 2,015,687,529 states generated (2,453,988 s/min), 1,001,201,663 distinct states found (436,498 ds/min), 192,894,320 states left on queue.
Progress(26) at 2026-09-23 19:55:58: 2,017,843,761 states generated (2,156,232 s/min), 1,001,581,133 distinct states found (379,470 ds/min), 192,821,796 states left on queue.
Progress(26) at 2026-09-23 19:56:58: 2,021,104,634 states generated (3,260,873 s/min), 1,002,197,420 distinct states found (616,287 ds/min), 192,718,118 states left on queue.
Progress(26) at 2026-09-23 19:57:58: 2,025,309,399 states generated (4,204,765 s/min), 1,003,018,717 distinct states found (821,297 ds/min), 192,612,614 states left on queue.
Progress(26) at 2026-09-23 19:58:58: 2,029,466,713 states generated (4,157,314 s/min), 1,003,777,844 distinct states found (759,127 ds/min), 192,420,775 states left on queue.
Progress(26) at 2026-09-23 19:59:58: 2,033,442,638 states generated (3,975,925 s/min), 1,004,536,485 distinct states found (758,641 ds/min), 192,352,964 states left on queue.
Progress(26) at 2026-09-23 20:00:58: 2,037,167,988 states generated (3,725,350 s/min), 1,005,260,448 distinct states found (723,963 ds/min), 192,324,759 states left on queue.
Progress(26) at 2026-09-23 20:01:58: 2,039,482,171 states generated (2,314,183 s/min), 1,005,704,445 distinct states found (443,997 ds/min), 192,268,614 states left on queue.
Progress(26) at 2026-09-23 20:02:58: 2,042,337,956 states generated (2,855,785 s/min), 1,006,159,673 distinct states found (455,228 ds/min), 192,270,537 states left on queue.
Progress(26) at 2026-09-23 20:03:58: 2,045,413,640 states generated (3,075,684 s/min), 1,006,576,872 distinct states found (417,199 ds/min), 192,198,879 states left on queue.
Progress(26) at 2026-09-23 20:04:58: 2,047,816,889 states generated (2,403,249 s/min), 1,007,005,505 distinct states found (428,633 ds/min), 192,088,360 states left on queue.
Progress(26) at 2026-09-23 20:05:58: 2,050,059,083 states generated (2,242,194 s/min), 1,007,439,453 distinct states found (433,948 ds/min), 191,965,880 states left on queue.
Progress(26) at 2026-09-23 20:06:58: 2,052,262,073 states generated (2,202,990 s/min), 1,007,845,684 distinct states found (406,231 ds/min), 191,818,083 states left on queue.
Progress(26) at 2026-09-23 20:07:58: 2,054,635,143 states generated (2,373,070 s/min), 1,008,296,526 distinct states found (450,842 ds/min), 191,660,612 states left on queue.
Progress(26) at 2026-09-23 20:08:58: 2,056,891,325 states generated (2,256,182 s/min), 1,008,737,855 distinct states found (441,329 ds/min), 191,522,400 states left on queue.
Progress(26) at 2026-09-23 20:09:58: 2,059,285,462 states generated (2,394,137 s/min), 1,009,130,698 distinct states found (392,843 ds/min), 191,360,283 states left on queue.
Progress(26) at 2026-09-23 20:10:58: 2,061,635,199 states generated (2,349,737 s/min), 1,009,554,996 distinct states found (424,298 ds/min), 191,231,447 states left on queue.
Progress(26) at 2026-09-23 20:11:58: 2,065,155,812 states generated (3,520,613 s/min), 1,010,254,950 distinct states found (699,954 ds/min), 191,111,659 states left on queue.
Progress(26) at 2026-09-23 20:12:58: 2,069,132,312 states generated (3,976,500 s/min), 1,011,012,835 distinct states found (757,885 ds/min), 190,989,911 states left on queue.
Progress(26) at 2026-09-23 20:13:58: 2,073,568,381 states generated (4,436,069 s/min), 1,011,860,074 distinct states found (847,239 ds/min), 191,044,205 states left on queue.
Progress(26) at 2026-09-23 20:14:58: 2,077,978,125 states generated (4,409,744 s/min), 1,012,663,143 distinct states found (803,069 ds/min), 190,962,034 states left on queue.
Progress(26) at 2026-09-23 20:15:58: 2,082,164,606 states generated (4,186,481 s/min), 1,013,378,462 distinct states found (715,319 ds/min), 190,800,311 states left on queue.
Progress(26) at 2026-09-23 20:16:58: 2,086,346,506 states generated (4,181,900 s/min), 1,014,022,550 distinct states found (644,088 ds/min), 190,582,091 states left on queue.
Progress(26) at 2026-09-23 20:17:58: 2,090,838,796 states generated (4,492,290 s/min), 1,014,713,747 distinct states found (691,197 ds/min), 190,303,663 states left on queue.
Progress(26) at 2026-09-23 20:18:58: 2,094,833,563 states generated (3,994,767 s/min), 1,015,498,568 distinct states found (784,821 ds/min), 190,173,948 states left on queue.
Checkpointing of run /mnt/nvme2/tlc-r27/26-09-22-18-50-35/
Checkpointing completed at (2026-09-23 20:19:59)
Progress(26) at 2026-09-23 20:19:59: 2,099,121,802 states generated (4,288,239 s/min), 1,016,269,614 distinct states found (771,046 ds/min), 190,040,699 states left on queue.
Progress(26) at 2026-09-23 20:20:59: 2,103,216,148 states generated (4,094,346 s/min), 1,017,022,252 distinct states found (752,638 ds/min), 189,838,502 states left on queue.
Progress(26) at 2026-09-23 20:21:59: 2,107,238,142 states generated (4,021,994 s/min), 1,017,746,885 distinct states found (724,633 ds/min), 189,706,152 states left on queue.
Progress(26) at 2026-09-23 20:22:59: 2,110,987,298 states generated (3,749,156 s/min), 1,018,465,454 distinct states found (718,569 ds/min), 189,580,461 states left on queue.
Progress(26) at 2026-09-23 20:23:59: 2,114,973,205 states generated (3,985,907 s/min), 1,019,228,682 distinct states found (763,228 ds/min), 189,320,205 states left on queue.
Progress(26) at 2026-09-23 20:24:59: 2,118,758,782 states generated (3,785,577 s/min), 1,019,888,601 distinct states found (659,919 ds/min), 189,065,276 states left on queue.
Progress(26) at 2026-09-23 20:25:59: 2,122,575,087 states generated (3,816,305 s/min), 1,020,583,019 distinct states found (694,418 ds/min), 188,892,862 states left on queue.
Progress(26) at 2026-09-23 20:26:59: 2,126,529,213 states generated (3,954,126 s/min), 1,021,337,532 distinct states found (754,513 ds/min), 188,805,298 states left on queue.
Progress(26) at 2026-09-23 20:27:59: 2,130,422,325 states generated (3,893,112 s/min), 1,022,019,481 distinct states found (681,949 ds/min), 188,678,481 states left on queue.
Progress(26) at 2026-09-23 20:28:59: 2,134,377,001 states generated (3,954,676 s/min), 1,022,731,101 distinct states found (711,620 ds/min), 188,580,053 states left on queue.
Progress(26) at 2026-09-23 20:29:59: 2,139,977,093 states generated (5,600,092 s/min), 1,023,756,366 distinct states found (1,025,265 ds/min), 188,329,316 states left on queue.
Progress(26) at 2026-09-23 20:30:59: 2,146,115,080 states generated (6,137,987 s/min), 1,024,815,754 distinct states found (1,059,388 ds/min), 187,870,696 states left on queue.
Progress(26) at 2026-09-23 20:31:59: 2,151,864,643 states generated (5,749,563 s/min), 1,025,857,897 distinct states found (1,042,143 ds/min), 187,552,131 states left on queue.
Progress(26) at 2026-09-23 20:32:59: 2,157,944,368 states generated (6,079,725 s/min), 1,026,940,022 distinct states found (1,082,125 ds/min), 187,358,173 states left on queue.
Progress(26) at 2026-09-23 20:33:59: 2,165,156,687 states generated (7,212,319 s/min), 1,028,078,676 distinct states found (1,138,654 ds/min), 187,117,884 states left on queue.
Progress(26) at 2026-09-23 20:34:59: 2,171,184,995 states generated (6,028,308 s/min), 1,029,097,655 distinct states found (1,018,979 ds/min), 186,926,185 states left on queue.
Progress(26) at 2026-09-23 20:35:59: 2,177,128,875 states generated (5,943,880 s/min), 1,030,081,311 distinct states found (983,656 ds/min), 186,706,067 states left on queue.
Progress(26) at 2026-09-23 20:36:59: 2,182,262,387 states generated (5,133,512 s/min), 1,031,046,036 distinct states found (964,725 ds/min), 186,450,944 states left on queue.
Progress(26) at 2026-09-23 20:37:59: 2,186,587,085 states generated (4,324,698 s/min), 1,031,823,857 distinct states found (777,821 ds/min), 186,187,121 states left on queue.
Progress(26) at 2026-09-23 20:38:59: 2,190,829,413 states generated (4,242,328 s/min), 1,032,603,211 distinct states found (779,354 ds/min), 186,065,175 states left on queue.
Progress(26) at 2026-09-23 20:40:00: 2,195,130,781 states generated (4,301,368 s/min), 1,033,395,156 distinct states found (791,945 ds/min), 185,908,758 states left on queue.
Progress(26) at 2026-09-23 20:41:00: 2,199,499,959 states generated (4,369,178 s/min), 1,034,150,122 distinct states found (754,966 ds/min), 185,724,591 states left on queue.
Progress(26) at 2026-09-23 20:42:00: 2,204,329,611 states generated (4,829,652 s/min), 1,034,832,557 distinct states found (682,435 ds/min), 185,491,693 states left on queue.
Progress(27) at 2026-09-23 20:43:00: 2,208,810,779 states generated (4,481,168 s/min), 1,035,557,894 distinct states found (725,337 ds/min), 185,335,749 states left on queue.
Progress(27) at 2026-09-23 20:44:00: 2,214,230,623 states generated (5,419,844 s/min), 1,036,447,932 distinct states found (890,038 ds/min), 185,198,433 states left on queue.
Progress(27) at 2026-09-23 20:45:00: 2,219,139,025 states generated (4,908,402 s/min), 1,037,331,599 distinct states found (883,667 ds/min), 185,061,931 states left on queue.
Progress(27) at 2026-09-23 20:46:00: 2,223,250,256 states generated (4,111,231 s/min), 1,038,046,439 distinct states found (714,840 ds/min), 184,927,126 states left on queue.
Progress(27) at 2026-09-23 20:47:00: 2,227,332,571 states generated (4,082,315 s/min), 1,038,809,756 distinct states found (763,317 ds/min), 184,844,603 states left on queue.
Progress(27) at 2026-09-23 20:48:00: 2,231,541,493 states generated (4,208,922 s/min), 1,039,535,712 distinct states found (725,956 ds/min), 184,722,752 states left on queue.
Progress(27) at 2026-09-23 20:49:00: 2,235,566,430 states generated (4,024,937 s/min), 1,040,214,670 distinct states found (678,958 ds/min), 184,490,851 states left on queue.
Checkpointing of run /mnt/nvme2/tlc-r27/26-09-22-18-50-35/
Checkpointing completed at (2026-09-23 20:50:01)
Progress(27) at 2026-09-23 20:50:01: 2,240,164,612 states generated (4,598,182 s/min), 1,040,989,826 distinct states found (775,156 ds/min), 184,283,728 states left on queue.
Progress(27) at 2026-09-23 20:51:01: 2,244,491,856 states generated (4,327,244 s/min), 1,041,763,744 distinct states found (773,918 ds/min), 184,168,970 states left on queue.
Progress(27) at 2026-09-23 20:52:01: 2,248,999,884 states generated (4,508,028 s/min), 1,042,572,367 distinct states found (808,623 ds/min), 184,013,577 states left on queue.
Progress(27) at 2026-09-23 20:53:01: 2,253,165,391 states generated (4,165,507 s/min), 1,043,288,698 distinct states found (716,331 ds/min), 183,740,132 states left on queue.
Progress(27) at 2026-09-23 20:54:01: 2,256,365,490 states generated (3,200,099 s/min), 1,043,857,888 distinct states found (569,190 ds/min), 183,645,930 states left on queue.
Progress(27) at 2026-09-23 20:55:01: 2,258,996,050 states generated (2,630,560 s/min), 1,044,320,887 distinct states found (462,999 ds/min), 183,455,920 states left on queue.
Progress(27) at 2026-09-23 20:56:01: 2,263,075,159 states generated (4,079,109 s/min), 1,045,010,254 distinct states found (689,367 ds/min), 183,166,937 states left on queue.
Progress(27) at 2026-09-23 20:57:01: 2,267,940,248 states generated (4,865,089 s/min), 1,045,838,134 distinct states found (827,880 ds/min), 182,998,393 states left on queue.
Progress(27) at 2026-09-23 20:58:01: 2,272,456,784 states generated (4,516,536 s/min), 1,046,634,818 distinct states found (796,684 ds/min), 182,764,313 states left on queue.
Progress(27) at 2026-09-23 20:59:01: 2,276,152,419 states generated (3,695,635 s/min), 1,047,278,239 distinct states found (643,421 ds/min), 182,632,658 states left on queue.
Progress(27) at 2026-09-23 21:00:01: 2,279,297,823 states generated (3,145,404 s/min), 1,047,785,843 distinct states found (507,604 ds/min), 182,503,408 states left on queue.
Progress(27) at 2026-09-23 21:01:01: 2,281,918,055 states generated (2,620,232 s/min), 1,048,219,585 distinct states found (433,742 ds/min), 182,382,357 states left on queue.
Progress(27) at 2026-09-23 21:02:01: 2,285,262,653 states generated (3,344,598 s/min), 1,048,785,983 distinct states found (566,398 ds/min), 182,400,585 states left on queue.
Progress(27) at 2026-09-23 21:03:01: 2,288,267,206 states generated (3,004,553 s/min), 1,049,368,034 distinct states found (582,051 ds/min), 182,413,127 states left on queue.
Progress(27) at 2026-09-23 21:04:01: 2,291,089,636 states generated (2,822,430 s/min), 1,049,841,874 distinct states found (473,840 ds/min), 182,265,101 states left on queue.
Progress(27) at 2026-09-23 21:05:01: 2,293,705,967 states generated (2,616,331 s/min), 1,050,301,412 distinct states found (459,538 ds/min), 182,075,181 states left on queue.
Progress(27) at 2026-09-23 21:06:01: 2,296,362,224 states generated (2,656,257 s/min), 1,050,765,191 distinct states found (463,779 ds/min), 181,869,064 states left on queue.
Progress(27) at 2026-09-23 21:07:01: 2,298,872,021 states generated (2,509,797 s/min), 1,051,199,534 distinct states found (434,343 ds/min), 181,694,564 states left on queue.
Progress(27) at 2026-09-23 21:08:01: 2,301,622,042 states generated (2,750,021 s/min), 1,051,660,534 distinct states found (461,000 ds/min), 181,570,059 states left on queue.
Progress(27) at 2026-09-23 21:09:01: 2,304,394,203 states generated (2,772,161 s/min), 1,052,141,008 distinct states found (480,474 ds/min), 181,451,138 states left on queue.
Progress(27) at 2026-09-23 21:10:01: 2,307,775,171 states generated (3,380,968 s/min), 1,052,722,208 distinct states found (581,200 ds/min), 181,301,997 states left on queue.
Progress(27) at 2026-09-23 21:11:01: 2,312,352,331 states generated (4,577,160 s/min), 1,053,536,431 distinct states found (814,223 ds/min), 181,162,001 states left on queue.
Progress(27) at 2026-09-23 21:12:01: 2,317,619,025 states generated (5,266,694 s/min), 1,054,309,497 distinct states found (773,066 ds/min), 181,038,706 states left on queue.
Progress(27) at 2026-09-23 21:13:01: 2,321,520,321 states generated (3,901,296 s/min), 1,055,021,307 distinct states found (711,810 ds/min), 180,760,716 states left on queue.
Progress(27) at 2026-09-23 21:14:01: 2,325,714,055 states generated (4,193,734 s/min), 1,055,703,460 distinct states found (682,153 ds/min), 180,418,434 states left on queue.
Progress(27) at 2026-09-23 21:15:01: 2,329,811,859 states generated (4,097,804 s/min), 1,056,397,579 distinct states found (694,119 ds/min), 180,032,482 states left on queue.
Progress(27) at 2026-09-23 21:16:01: 2,334,165,384 states generated (4,353,525 s/min), 1,057,106,873 distinct states found (709,294 ds/min), 179,749,567 states left on queue.
Progress(27) at 2026-09-23 21:17:01: 2,336,834,205 states generated (2,668,821 s/min), 1,057,576,602 distinct states found (469,729 ds/min), 179,552,065 states left on queue.
Progress(27) at 2026-09-23 21:18:01: 2,339,658,278 states generated (2,824,073 s/min), 1,058,031,674 distinct states found (455,072 ds/min), 179,317,487 states left on queue.
Progress(27) at 2026-09-23 21:19:01: 2,342,654,588 states generated (2,996,310 s/min), 1,058,517,223 distinct states found (485,549 ds/min), 179,214,665 states left on queue.
Checkpointing of run /mnt/nvme2/tlc-r27/26-09-22-18-50-35/
Checkpointing completed at (2026-09-23 21:20:03)
Progress(27) at 2026-09-23 21:20:03: 2,345,941,076 states generated (3,286,488 s/min), 1,059,046,535 distinct states found (529,312 ds/min), 179,173,226 states left on queue.
Progress(27) at 2026-09-23 21:21:03: 2,349,029,057 states generated (3,087,981 s/min), 1,059,535,412 distinct states found (488,877 ds/min), 179,012,634 states left on queue.
Progress(27) at 2026-09-23 21:22:03: 2,351,915,358 states generated (2,886,301 s/min), 1,060,022,892 distinct states found (487,480 ds/min), 178,803,674 states left on queue.
Progress(27) at 2026-09-23 21:23:03: 2,354,858,080 states generated (2,942,722 s/min), 1,060,562,739 distinct states found (539,847 ds/min), 178,720,644 states left on queue.
Progress(27) at 2026-09-23 21:24:03: 2,357,496,784 states generated (2,638,704 s/min), 1,061,030,407 distinct states found (467,668 ds/min), 178,579,959 states left on queue.
Progress(27) at 2026-09-23 21:25:03: 2,360,120,789 states generated (2,624,005 s/min), 1,061,466,823 distinct states found (436,416 ds/min), 178,310,689 states left on queue.
Progress(27) at 2026-09-23 21:26:03: 2,362,672,109 states generated (2,551,320 s/min), 1,061,875,461 distinct states found (408,638 ds/min), 178,019,834 states left on queue.
Progress(27) at 2026-09-23 21:27:03: 2,365,315,155 states generated (2,643,046 s/min), 1,062,314,324 distinct states found (438,863 ds/min), 177,759,290 states left on queue.
Progress(27) at 2026-09-23 21:28:03: 2,368,842,997 states generated (3,527,842 s/min), 1,062,855,823 distinct states found (541,499 ds/min), 177,499,246 states left on queue.
Progress(27) at 2026-09-23 21:29:03: 2,373,463,511 states generated (4,620,514 s/min), 1,063,633,687 distinct states found (777,864 ds/min), 177,292,246 states left on queue.
Progress(27) at 2026-09-23 21:30:03: 2,376,516,514 states generated (3,053,003 s/min), 1,064,189,326 distinct states found (555,639 ds/min), 177,133,715 states left on queue.
Progress(27) at 2026-09-23 21:31:03: 2,379,226,462 states generated (2,709,948 s/min), 1,064,669,031 distinct states found (479,705 ds/min), 177,024,994 states left on queue.
Progress(27) at 2026-09-23 21:32:03: 2,381,815,271 states generated (2,588,809 s/min), 1,065,138,429 distinct states found (469,398 ds/min), 176,874,479 states left on queue.
Progress(27) at 2026-09-23 21:33:03: 2,384,557,963 states generated (2,742,692 s/min), 1,065,588,209 distinct states found (449,780 ds/min), 176,706,069 states left on queue.
Progress(27) at 2026-09-23 21:34:03: 2,387,327,853 states generated (2,769,890 s/min), 1,066,090,411 distinct states found (502,202 ds/min), 176,660,170 states left on queue.
Progress(27) at 2026-09-23 21:35:03: 2,389,868,673 states generated (2,540,820 s/min), 1,066,580,374 distinct states found (489,963 ds/min), 176,605,627 states left on queue.
Progress(27) at 2026-09-23 21:36:03: 2,392,511,882 states generated (2,643,209 s/min), 1,067,044,722 distinct states found (464,348 ds/min), 176,432,858 states left on queue.
Progress(27) at 2026-09-23 21:37:03: 2,395,333,071 states generated (2,821,189 s/min), 1,067,528,955 distinct states found (484,233 ds/min), 176,244,529 states left on queue.
Progress(27) at 2026-09-23 21:38:03: 2,398,286,519 states generated (2,953,448 s/min), 1,068,046,232 distinct states found (517,277 ds/min), 176,064,396 states left on queue.
Progress(27) at 2026-09-23 21:39:03: 2,402,698,403 states generated (4,411,884 s/min), 1,068,763,346 distinct states found (717,114 ds/min), 175,779,137 states left on queue.
Progress(27) at 2026-09-23 21:40:03: 2,406,609,663 states generated (3,911,260 s/min), 1,069,487,819 distinct states found (724,473 ds/min), 175,572,225 states left on queue.
Progress(27) at 2026-09-23 21:41:03: 2,410,657,377 states generated (4,047,714 s/min), 1,070,199,940 distinct states found (712,121 ds/min), 175,346,609 states left on queue.
Progress(27) at 2026-09-23 21:42:03: 2,414,709,490 states generated (4,052,113 s/min), 1,070,827,385 distinct states found (627,445 ds/min), 174,885,090 states left on queue.
Progress(27) at 2026-09-23 21:43:03: 2,418,495,361 states generated (3,785,871 s/min), 1,071,364,097 distinct states found (536,712 ds/min), 174,453,164 states left on queue.
Progress(27) at 2026-09-23 21:44:03: 2,422,403,138 states generated (3,907,777 s/min), 1,071,926,615 distinct states found (562,518 ds/min), 174,052,483 states left on queue.
Progress(27) at 2026-09-23 21:45:03: 2,426,376,238 states generated (3,973,100 s/min), 1,072,604,663 distinct states found (678,048 ds/min), 173,899,790 states left on queue.
Progress(27) at 2026-09-23 21:46:03: 2,430,362,814 states generated (3,986,576 s/min), 1,073,270,384 distinct states found (665,721 ds/min), 173,702,292 states left on queue.
Progress(27) at 2026-09-23 21:47:03: 2,433,480,877 states generated (3,118,063 s/min), 1,073,754,295 distinct states found (483,911 ds/min), 173,614,709 states left on queue.
Progress(27) at 2026-09-23 21:48:03: 2,437,587,584 states generated (4,106,707 s/min), 1,074,306,180 distinct states found (551,885 ds/min), 173,427,977 states left on queue.
Progress(27) at 2026-09-23 21:49:03: 2,442,383,138 states generated (4,795,554 s/min), 1,075,024,847 distinct states found (718,667 ds/min), 173,137,045 states left on queue.
Checkpointing of run /mnt/nvme2/tlc-r27/26-09-22-18-50-35/
Checkpointing completed at (2026-09-23 21:50:04)
Progress(27) at 2026-09-23 21:50:04: 2,446,491,605 states generated (4,108,467 s/min), 1,075,737,830 distinct states found (712,983 ds/min), 172,937,352 states left on queue.
Progress(27) at 2026-09-23 21:51:04: 2,450,668,393 states generated (4,176,788 s/min), 1,076,485,045 distinct states found (747,215 ds/min), 172,795,112 states left on queue.
Progress(27) at 2026-09-23 21:52:04: 2,454,854,240 states generated (4,185,847 s/min), 1,077,216,422 distinct states found (731,377 ds/min), 172,550,936 states left on queue.
Progress(27) at 2026-09-23 21:53:04: 2,458,952,953 states generated (4,098,713 s/min), 1,077,956,715 distinct states found (740,293 ds/min), 172,324,235 states left on queue.
Progress(27) at 2026-09-23 21:54:04: 2,462,873,874 states generated (3,920,921 s/min), 1,078,633,420 distinct states found (676,705 ds/min), 171,986,106 states left on queue.
Progress(27) at 2026-09-23 21:55:04: 2,466,949,773 states generated (4,075,899 s/min), 1,079,322,633 distinct states found (689,213 ds/min), 171,742,153 states left on queue.
Progress(27) at 2026-09-23 21:56:04: 2,471,086,342 states generated (4,136,569 s/min), 1,079,985,804 distinct states found (663,171 ds/min), 171,402,173 states left on queue.
Progress(27) at 2026-09-23 21:57:04: 2,474,740,173 states generated (3,653,831 s/min), 1,080,661,763 distinct states found (675,959 ds/min), 171,173,306 states left on queue.
Progress(27) at 2026-09-23 21:58:04: 2,478,456,611 states generated (3,716,438 s/min), 1,081,487,086 distinct states found (825,323 ds/min), 171,004,653 states left on queue.
Progress(27) at 2026-09-23 21:59:04: 2,483,215,291 states generated (4,758,680 s/min), 1,082,356,521 distinct states found (869,435 ds/min), 171,003,778 states left on queue.
Progress(27) at 2026-09-23 22:00:04: 2,487,358,732 states generated (4,143,441 s/min), 1,083,165,648 distinct states found (809,127 ds/min), 170,852,665 states left on queue.
Progress(27) at 2026-09-23 22:01:04: 2,491,417,577 states generated (4,058,845 s/min), 1,083,947,745 distinct states found (782,097 ds/min), 170,755,701 states left on queue.
Progress(27) at 2026-09-23 22:02:04: 2,495,367,290 states generated (3,949,713 s/min), 1,084,793,019 distinct states found (845,274 ds/min), 170,683,135 states left on queue.
Progress(27) at 2026-09-23 22:03:04: 2,499,232,136 states generated (3,864,846 s/min), 1,085,674,488 distinct states found (881,469 ds/min), 170,647,459 states left on queue.
Progress(27) at 2026-09-23 22:04:04: 2,502,972,551 states generated (3,740,415 s/min), 1,086,467,763 distinct states found (793,275 ds/min), 170,633,387 states left on queue.
Progress(27) at 2026-09-23 22:05:04: 2,506,535,092 states generated (3,562,541 s/min), 1,087,215,518 distinct states found (747,755 ds/min), 170,578,334 states left on queue.
Progress(27) at 2026-09-23 22:06:04: 2,510,633,642 states generated (4,098,550 s/min), 1,088,100,302 distinct states found (884,784 ds/min), 170,518,311 states left on queue.
Progress(27) at 2026-09-23 22:07:04: 2,514,432,821 states generated (3,799,179 s/min), 1,088,952,419 distinct states found (852,117 ds/min), 170,402,800 states left on queue.
Progress(27) at 2026-09-23 22:08:04: 2,518,415,328 states generated (3,982,507 s/min), 1,089,780,253 distinct states found (827,834 ds/min), 170,261,088 states left on queue.
Progress(27) at 2026-09-23 22:09:04: 2,522,202,407 states generated (3,787,079 s/min), 1,090,603,966 distinct states found (823,713 ds/min), 170,105,412 states left on queue.
Progress(27) at 2026-09-23 22:10:04: 2,526,376,144 states generated (4,173,737 s/min), 1,091,442,233 distinct states found (838,267 ds/min), 170,004,131 states left on queue.
Progress(27) at 2026-09-23 22:11:04: 2,530,275,774 states generated (3,899,630 s/min), 1,092,277,523 distinct states found (835,290 ds/min), 169,942,414 states left on queue.
Progress(27) at 2026-09-23 22:12:04: 2,534,360,032 states generated (4,084,258 s/min), 1,093,159,912 distinct states found (882,389 ds/min), 169,817,534 states left on queue.
Progress(27) at 2026-09-23 22:13:04: 2,539,492,238 states generated (5,132,206 s/min), 1,094,274,966 distinct states found (1,115,054 ds/min), 169,791,166 states left on queue.
Progress(27) at 2026-09-23 22:14:05: 2,545,979,381 states generated (6,487,143 s/min), 1,095,648,355 distinct states found (1,373,389 ds/min), 169,949,058 states left on queue.
Progress(27) at 2026-09-23 22:15:05: 2,552,091,181 states generated (6,111,800 s/min), 1,096,878,114 distinct states found (1,229,759 ds/min), 170,022,080 states left on queue.
Progress(27) at 2026-09-23 22:16:05: 2,558,451,862 states generated (6,360,681 s/min), 1,098,260,744 distinct states found (1,382,630 ds/min), 170,176,650 states left on queue.
Progress(27) at 2026-09-23 22:17:05: 2,564,646,979 states generated (6,195,117 s/min), 1,099,561,173 distinct states found (1,300,429 ds/min), 170,277,074 states left on queue.
Progress(27) at 2026-09-23 22:18:05: 2,570,803,132 states generated (6,156,153 s/min), 1,100,812,214 distinct states found (1,251,041 ds/min), 170,301,099 states left on queue.
Progress(27) at 2026-09-23 22:19:05: 2,576,139,710 states generated (5,336,578 s/min), 1,101,994,007 distinct states found (1,181,793 ds/min), 170,072,569 states left on queue.
Checkpointing of run /mnt/nvme2/tlc-r27/26-09-22-18-50-35/
Checkpointing completed at (2026-09-23 22:20:06)
Progress(27) at 2026-09-23 22:20:06: 2,582,259,960 states generated (6,120,250 s/min), 1,103,304,710 distinct states found (1,310,703 ds/min), 169,944,606 states left on queue.
Progress(27) at 2026-09-23 22:21:06: 2,588,203,024 states generated (5,943,064 s/min), 1,104,571,801 distinct states found (1,267,091 ds/min), 169,855,344 states left on queue.
Progress(27) at 2026-09-23 22:22:06: 2,593,936,489 states generated (5,733,465 s/min), 1,105,792,480 distinct states found (1,220,679 ds/min), 169,767,201 states left on queue.
Progress(27) at 2026-09-23 22:23:06: 2,599,446,427 states generated (5,509,938 s/min), 1,106,879,190 distinct states found (1,086,710 ds/min), 169,656,263 states left on queue.
Progress(27) at 2026-09-23 22:24:06: 2,604,802,471 states generated (5,356,044 s/min), 1,107,976,077 distinct states found (1,096,887 ds/min), 169,527,164 states left on queue.
Progress(27) at 2026-09-23 22:25:06: 2,610,859,245 states generated (6,056,774 s/min), 1,109,184,174 distinct states found (1,208,097 ds/min), 169,387,293 states left on queue.
Progress(27) at 2026-09-23 22:26:06: 2,616,749,614 states generated (5,890,369 s/min), 1,110,351,721 distinct states found (1,167,547 ds/min), 169,286,820 states left on queue.
Progress(27) at 2026-09-23 22:27:06: 2,622,321,505 states generated (5,571,891 s/min), 1,111,479,093 distinct states found (1,127,372 ds/min), 169,169,453 states left on queue.
Progress(27) at 2026-09-23 22:28:06: 2,628,690,871 states generated (6,369,366 s/min), 1,112,638,223 distinct states found (1,159,130 ds/min), 168,992,709 states left on queue.
Progress(27) at 2026-09-23 22:29:06: 2,634,595,474 states generated (5,904,603 s/min), 1,113,780,843 distinct states found (1,142,620 ds/min), 168,809,091 states left on queue.
Progress(27) at 2026-09-23 22:30:06: 2,640,146,003 states generated (5,550,529 s/min), 1,115,044,535 distinct states found (1,263,692 ds/min), 168,570,939 states left on queue.
Progress(27) at 2026-09-23 22:31:06: 2,645,728,220 states generated (5,582,217 s/min), 1,116,308,467 distinct states found (1,263,932 ds/min), 168,388,292 states left on queue.
Progress(27) at 2026-09-23 22:32:06: 2,652,463,698 states generated (6,735,478 s/min), 1,117,677,308 distinct states found (1,368,841 ds/min), 168,515,492 states left on queue.
Progress(27) at 2026-09-23 22:33:06: 2,658,408,100 states generated (5,944,402 s/min), 1,119,004,298 distinct states found (1,326,990 ds/min), 168,436,231 states left on queue.
Progress(27) at 2026-09-23 22:34:06: 2,664,660,439 states generated (6,252,339 s/min), 1,120,348,430 distinct states found (1,344,132 ds/min), 168,292,797 states left on queue.
Progress(27) at 2026-09-23 22:35:06: 2,670,720,223 states generated (6,059,784 s/min), 1,121,673,139 distinct states found (1,324,709 ds/min), 168,233,426 states left on queue.
Progress(27) at 2026-09-23 22:36:06: 2,676,412,077 states generated (5,691,854 s/min), 1,122,885,509 distinct states found (1,212,370 ds/min), 167,867,926 states left on queue.
Progress(27) at 2026-09-23 22:37:06: 2,682,326,922 states generated (5,914,845 s/min), 1,124,182,408 distinct states found (1,296,899 ds/min), 167,684,120 states left on queue.
Progress(27) at 2026-09-23 22:38:06: 2,688,436,322 states generated (6,109,400 s/min), 1,125,491,823 distinct states found (1,309,415 ds/min), 167,523,612 states left on queue.
Progress(27) at 2026-09-23 22:39:06: 2,694,872,888 states generated (6,436,566 s/min), 1,126,790,230 distinct states found (1,298,407 ds/min), 167,384,100 states left on queue.
Progress(27) at 2026-09-23 22:40:06: 2,700,786,969 states generated (5,914,081 s/min), 1,128,016,030 distinct states found (1,225,800 ds/min), 167,159,623 states left on queue.
Progress(27) at 2026-09-23 22:41:06: 2,706,831,958 states generated (6,044,989 s/min), 1,129,303,372 distinct states found (1,287,342 ds/min), 166,972,230 states left on queue.
Progress(27) at 2026-09-23 22:42:06: 2,713,291,887 states generated (6,459,929 s/min), 1,130,565,138 distinct states found (1,261,766 ds/min), 166,851,513 states left on queue.
Progress(27) at 2026-09-23 22:43:06: 2,719,910,148 states generated (6,618,261 s/min), 1,131,799,581 distinct states found (1,234,443 ds/min), 166,777,781 states left on queue.
Progress(27) at 2026-09-23 22:44:06: 2,726,362,386 states generated (6,452,238 s/min), 1,133,016,766 distinct states found (1,217,185 ds/min), 166,683,524 states left on queue.
Progress(27) at 2026-09-23 22:45:06: 2,732,531,546 states generated (6,169,160 s/min), 1,134,230,458 distinct states found (1,213,692 ds/min), 166,593,213 states left on queue.
Progress(27) at 2026-09-23 22:46:06: 2,739,027,441 states generated (6,495,895 s/min), 1,135,468,717 distinct states found (1,238,259 ds/min), 166,539,282 states left on queue.
Progress(27) at 2026-09-23 22:47:06: 2,745,410,927 states generated (6,383,486 s/min), 1,136,661,947 distinct states found (1,193,230 ds/min), 166,471,297 states left on queue.
Progress(27) at 2026-09-23 22:48:06: 2,751,394,829 states generated (5,983,902 s/min), 1,137,858,248 distinct states found (1,196,301 ds/min), 166,394,496 states left on queue.
Progress(27) at 2026-09-23 22:49:06: 2,757,402,258 states generated (6,007,429 s/min), 1,139,134,476 distinct states found (1,276,228 ds/min), 166,313,047 states left on queue.
Checkpointing of run /mnt/nvme2/tlc-r27/26-09-22-18-50-35/
Checkpointing completed at (2026-09-23 22:50:09)
Progress(27) at 2026-09-23 22:50:09: 2,763,914,075 states generated (6,511,817 s/min), 1,140,440,502 distinct states found (1,306,026 ds/min), 166,237,741 states left on queue.
Progress(27) at 2026-09-23 22:51:09: 2,770,512,792 states generated (6,598,717 s/min), 1,141,708,981 distinct states found (1,268,479 ds/min), 166,162,343 states left on queue.
Progress(27) at 2026-09-23 22:52:09: 2,777,032,221 states generated (6,519,429 s/min), 1,142,951,777 distinct states found (1,242,796 ds/min), 166,105,814 states left on queue.
Progress(27) at 2026-09-23 22:53:09: 2,782,489,678 states generated (5,457,457 s/min), 1,144,005,017 distinct states found (1,053,240 ds/min), 166,038,127 states left on queue.
Progress(27) at 2026-09-23 22:54:09: 2,788,354,866 states generated (5,865,188 s/min), 1,145,173,514 distinct states found (1,168,497 ds/min), 165,940,544 states left on queue.
Progress(27) at 2026-09-23 22:55:09: 2,794,289,980 states generated (5,935,114 s/min), 1,146,391,695 distinct states found (1,218,181 ds/min), 165,793,643 states left on queue.
Progress(27) at 2026-09-23 22:56:09: 2,800,197,727 states generated (5,907,747 s/min), 1,147,601,009 distinct states found (1,209,314 ds/min), 165,601,563 states left on queue.
Progress(27) at 2026-09-23 22:57:09: 2,806,440,165 states generated (6,242,438 s/min), 1,148,904,032 distinct states found (1,303,023 ds/min), 165,475,626 states left on queue.
Progress(27) at 2026-09-23 22:58:09: 2,812,579,692 states generated (6,139,527 s/min), 1,150,219,099 distinct states found (1,315,067 ds/min), 165,427,817 states left on queue.
Progress(27) at 2026-09-23 22:59:09: 2,819,546,424 states generated (6,966,732 s/min), 1,151,640,408 distinct states found (1,421,309 ds/min), 165,532,987 states left on queue.
Progress(27) at 2026-09-23 23:00:09: 2,825,579,204 states generated (6,032,780 s/min), 1,152,874,658 distinct states found (1,234,250 ds/min), 165,466,789 states left on queue.
Progress(27) at 2026-09-23 23:01:09: 2,831,376,013 states generated (5,796,809 s/min), 1,154,101,571 distinct states found (1,226,913 ds/min), 165,240,859 states left on queue.
Progress(27) at 2026-09-23 23:02:09: 2,837,554,078 states generated (6,178,065 s/min), 1,155,435,574 distinct states found (1,334,003 ds/min), 165,178,289 states left on queue.
Progress(27) at 2026-09-23 23:03:09: 2,843,456,096 states generated (5,902,018 s/min), 1,156,712,734 distinct states found (1,277,160 ds/min), 164,886,351 states left on queue.
Progress(27) at 2026-09-23 23:04:09: 2,849,544,028 states generated (6,087,932 s/min), 1,158,017,279 distinct states found (1,304,545 ds/min), 164,646,540 states left on queue.
Progress(27) at 2026-09-23 23:05:09: 2,855,486,771 states generated (5,942,743 s/min), 1,159,336,935 distinct states found (1,319,656 ds/min), 164,450,749 states left on queue.
Progress(27) at 2026-09-23 23:06:09: 2,861,453,635 states generated (5,966,864 s/min), 1,160,656,257 distinct states found (1,319,322 ds/min), 164,284,212 states left on queue.
Progress(27) at 2026-09-23 23:07:09: 2,867,904,387 states generated (6,450,752 s/min), 1,161,945,318 distinct states found (1,289,061 ds/min), 164,188,135 states left on queue.
Progress(27) at 2026-09-23 23:08:09: 2,874,505,308 states generated (6,600,921 s/min), 1,163,259,899 distinct states found (1,314,581 ds/min), 164,106,507 states left on queue.
Progress(27) at 2026-09-23 23:09:09: 2,880,729,915 states generated (6,224,607 s/min), 1,164,498,561 distinct states found (1,238,662 ds/min), 163,953,247 states left on queue.
Progress(27) at 2026-09-23 23:10:09: 2,886,969,489 states generated (6,239,574 s/min), 1,165,776,187 distinct states found (1,277,626 ds/min), 163,789,547 states left on queue.
Progress(27) at 2026-09-23 23:11:09: 2,893,133,350 states generated (6,163,861 s/min), 1,167,135,189 distinct states found (1,359,002 ds/min), 163,615,539 states left on queue.
Progress(27) at 2026-09-23 23:12:09: 2,899,516,316 states generated (6,382,966 s/min), 1,168,490,705 distinct states found (1,355,516 ds/min), 163,532,560 states left on queue.
Progress(27) at 2026-09-23 23:13:09: 2,906,595,338 states generated (7,079,022 s/min), 1,169,871,112 distinct states found (1,380,407 ds/min), 163,521,380 states left on queue.
Progress(27) at 2026-09-23 23:14:09: 2,912,912,516 states generated (6,317,178 s/min), 1,171,178,872 distinct states found (1,307,760 ds/min), 163,248,162 states left on queue.
Progress(27) at 2026-09-23 23:15:09: 2,918,747,340 states generated (5,834,824 s/min), 1,172,510,031 distinct states found (1,331,159 ds/min), 163,032,853 states left on queue.
Progress(27) at 2026-09-23 23:16:09: 2,924,765,635 states generated (6,018,295 s/min), 1,173,839,867 distinct states found (1,329,836 ds/min), 162,875,674 states left on queue.
Progress(27) at 2026-09-23 23:17:09: 2,931,665,806 states generated (6,900,171 s/min), 1,175,258,830 distinct states found (1,418,963 ds/min), 162,993,036 states left on queue.
Progress(27) at 2026-09-23 23:18:09: 2,937,817,560 states generated (6,151,754 s/min), 1,176,516,371 distinct states found (1,257,541 ds/min), 162,831,393 states left on queue.
Progress(27) at 2026-09-23 23:19:09: 2,944,174,989 states generated (6,357,429 s/min), 1,177,761,573 distinct states found (1,245,202 ds/min), 162,538,007 states left on queue.
Checkpointing of run /mnt/nvme2/tlc-r27/26-09-22-18-50-35/
Checkpointing completed at (2026-09-23 23:20:12)
Progress(27) at 2026-09-23 23:20:12: 2,950,812,906 states generated (6,637,917 s/min), 1,179,161,862 distinct states found (1,400,289 ds/min), 162,325,286 states left on queue.
Progress(27) at 2026-09-23 23:21:12: 2,957,033,877 states generated (6,220,971 s/min), 1,180,473,190 distinct states found (1,311,328 ds/min), 162,121,125 states left on queue.
Progress(27) at 2026-09-23 23:22:12: 2,962,482,983 states generated (5,449,106 s/min), 1,181,726,818 distinct states found (1,253,628 ds/min), 161,934,608 states left on queue.
Progress(27) at 2026-09-23 23:23:12: 2,967,541,462 states generated (5,058,479 s/min), 1,182,808,373 distinct states found (1,081,555 ds/min), 161,760,401 states left on queue.
Progress(27) at 2026-09-23 23:24:12: 2,973,251,256 states generated (5,709,794 s/min), 1,183,986,621 distinct states found (1,178,248 ds/min), 161,619,927 states left on queue.
Progress(27) at 2026-09-23 23:25:12: 2,979,021,596 states generated (5,770,340 s/min), 1,185,192,095 distinct states found (1,205,474 ds/min), 161,408,693 states left on queue.
Progress(27) at 2026-09-23 23:26:12: 2,984,811,946 states generated (5,790,350 s/min), 1,186,366,013 distinct states found (1,173,918 ds/min), 161,010,956 states left on queue.
Progress(27) at 2026-09-23 23:27:12: 2,990,446,525 states generated (5,634,579 s/min), 1,187,529,603 distinct states found (1,163,590 ds/min), 160,796,667 states left on queue.
Progress(27) at 2026-09-23 23:28:12: 2,997,153,550 states generated (6,707,025 s/min), 1,188,783,145 distinct states found (1,253,542 ds/min), 160,573,753 states left on queue.
Progress(27) at 2026-09-23 23:29:12: 3,003,506,874 states generated (6,353,324 s/min), 1,190,059,965 distinct states found (1,276,820 ds/min), 160,441,559 states left on queue.
Progress(27) at 2026-09-23 23:30:12: 3,009,417,706 states generated (5,910,832 s/min), 1,191,325,442 distinct states found (1,265,477 ds/min), 160,289,291 states left on queue.
Progress(27) at 2026-09-23 23:31:12: 3,015,317,379 states generated (5,899,673 s/min), 1,192,610,819 distinct states found (1,285,377 ds/min), 160,095,994 states left on queue.
Progress(27) at 2026-09-23 23:32:12: 3,021,510,225 states generated (6,192,846 s/min), 1,193,891,562 distinct states found (1,280,743 ds/min), 159,879,263 states left on queue.
Progress(28) at 2026-09-23 23:33:12: 3,027,961,550 states generated (6,451,325 s/min), 1,195,098,648 distinct states found (1,207,086 ds/min), 159,674,769 states left on queue.
Progress(28) at 2026-09-23 23:34:12: 3,034,533,692 states generated (6,572,142 s/min), 1,196,373,191 distinct states found (1,274,543 ds/min), 159,556,885 states left on queue.
Progress(28) at 2026-09-23 23:35:12: 3,040,539,604 states generated (6,005,912 s/min), 1,197,599,076 distinct states found (1,225,885 ds/min), 159,404,213 states left on queue.
Progress(28) at 2026-09-23 23:36:12: 3,046,645,650 states generated (6,106,046 s/min), 1,198,825,119 distinct states found (1,226,043 ds/min), 159,252,042 states left on queue.
Progress(28) at 2026-09-23 23:37:13: 3,051,792,293 states generated (5,146,643 s/min), 1,199,856,093 distinct states found (1,030,974 ds/min), 158,994,837 states left on queue.
Progress(28) at 2026-09-23 23:38:13: 3,055,595,683 states generated (3,803,390 s/min), 1,200,629,386 distinct states found (773,293 ds/min), 158,905,014 states left on queue.
Progress(28) at 2026-09-23 23:39:13: 3,059,747,460 states generated (4,151,777 s/min), 1,201,467,062 distinct states found (837,676 ds/min), 158,794,544 states left on queue.
Progress(28) at 2026-09-23 23:40:13: 3,063,564,126 states generated (3,816,666 s/min), 1,202,243,762 distinct states found (776,700 ds/min), 158,576,417 states left on queue.
Progress(28) at 2026-09-23 23:41:13: 3,066,871,900 states generated (3,307,774 s/min), 1,202,917,726 distinct states found (673,964 ds/min), 158,387,084 states left on queue.
Progress(28) at 2026-09-23 23:42:13: 3,070,709,691 states generated (3,837,791 s/min), 1,203,711,184 distinct states found (793,458 ds/min), 158,208,299 states left on queue.
Progress(28) at 2026-09-23 23:43:13: 3,074,520,192 states generated (3,810,501 s/min), 1,204,525,878 distinct states found (814,694 ds/min), 158,140,989 states left on queue.
Progress(28) at 2026-09-23 23:44:13: 3,078,331,865 states generated (3,811,673 s/min), 1,205,313,413 distinct states found (787,535 ds/min), 158,050,280 states left on queue.
Progress(28) at 2026-09-23 23:45:13: 3,081,918,211 states generated (3,586,346 s/min), 1,206,018,937 distinct states found (705,524 ds/min), 157,969,106 states left on queue.
Progress(28) at 2026-09-23 23:46:13: 3,086,504,465 states generated (4,586,254 s/min), 1,206,892,655 distinct states found (873,718 ds/min), 157,999,436 states left on queue.
Progress(28) at 2026-09-23 23:47:13: 3,090,559,705 states generated (4,055,240 s/min), 1,207,736,184 distinct states found (843,529 ds/min), 157,993,247 states left on queue.
Progress(28) at 2026-09-23 23:48:13: 3,091,723,445 states generated (1,163,740 s/min), 1,207,994,332 distinct states found (258,148 ds/min), 157,921,718 states left on queue.
Progress(28) at 2026-09-23 23:49:13: 3,095,992,543 states generated (4,269,098 s/min), 1,208,911,950 distinct states found (917,618 ds/min), 157,699,681 states left on queue.
Checkpointing of run /mnt/nvme2/tlc-r27/26-09-22-18-50-35/
Checkpointing completed at (2026-09-23 23:50:15)
Progress(28) at 2026-09-23 23:50:15: 3,100,554,035 states generated (4,561,492 s/min), 1,209,848,620 distinct states found (936,670 ds/min), 157,547,255 states left on queue.
Progress(28) at 2026-09-23 23:51:15: 3,104,871,357 states generated (4,317,322 s/min), 1,210,731,552 distinct states found (882,932 ds/min), 157,434,836 states left on queue.
Progress(28) at 2026-09-23 23:52:15: 3,109,860,379 states generated (4,989,022 s/min), 1,211,615,157 distinct states found (883,605 ds/min), 157,369,452 states left on queue.
Progress(28) at 2026-09-23 23:53:15: 3,113,592,804 states generated (3,732,425 s/min), 1,212,441,608 distinct states found (826,451 ds/min), 157,196,772 states left on queue.
Progress(28) at 2026-09-23 23:54:15: 3,117,022,744 states generated (3,429,940 s/min), 1,213,175,941 distinct states found (734,333 ds/min), 157,014,527 states left on queue.
Progress(28) at 2026-09-23 23:55:15: 3,120,346,197 states generated (3,323,453 s/min), 1,213,863,153 distinct states found (687,212 ds/min), 156,851,003 states left on queue.
Progress(28) at 2026-09-23 23:56:15: 3,124,105,939 states generated (3,759,742 s/min), 1,214,667,687 distinct states found (804,534 ds/min), 156,678,178 states left on queue.
Progress(28) at 2026-09-23 23:57:15: 3,128,266,058 states generated (4,160,119 s/min), 1,215,501,644 distinct states found (833,957 ds/min), 156,639,619 states left on queue.
Progress(28) at 2026-09-23 23:58:15: 3,132,273,529 states generated (4,007,471 s/min), 1,216,288,944 distinct states found (787,300 ds/min), 156,494,493 states left on queue.
Progress(28) at 2026-09-23 23:59:15: 3,136,003,600 states generated (3,730,071 s/min), 1,217,094,154 distinct states found (805,210 ds/min), 156,397,289 states left on queue.
Progress(28) at 2026-09-24 00:00:15: 3,139,489,407 states generated (3,485,807 s/min), 1,217,872,302 distinct states found (778,148 ds/min), 156,200,161 states left on queue.
Progress(28) at 2026-09-24 00:01:15: 3,142,768,617 states generated (3,279,210 s/min), 1,218,589,915 distinct states found (717,613 ds/min), 155,976,274 states left on queue.
Progress(28) at 2026-09-24 00:02:15: 3,146,577,602 states generated (3,808,985 s/min), 1,219,387,542 distinct states found (797,627 ds/min), 155,913,022 states left on queue.
Progress(28) at 2026-09-24 00:03:15: 3,149,918,533 states generated (3,340,931 s/min), 1,220,120,683 distinct states found (733,141 ds/min), 155,794,677 states left on queue.
Progress(28) at 2026-09-24 00:04:15: 3,153,813,550 states generated (3,895,017 s/min), 1,220,964,576 distinct states found (843,893 ds/min), 155,720,600 states left on queue.
Progress(28) at 2026-09-24 00:05:15: 3,157,854,159 states generated (4,040,609 s/min), 1,221,797,912 distinct states found (833,336 ds/min), 155,645,777 states left on queue.
Progress(28) at 2026-09-24 00:06:15: 3,161,491,750 states generated (3,637,591 s/min), 1,222,590,276 distinct states found (792,364 ds/min), 155,506,953 states left on queue.
Progress(28) at 2026-09-24 00:07:15: 3,164,764,040 states generated (3,272,290 s/min), 1,223,296,562 distinct states found (706,286 ds/min), 155,367,718 states left on queue.
Progress(28) at 2026-09-24 00:08:15: 3,168,440,232 states generated (3,676,192 s/min), 1,224,059,900 distinct states found (763,338 ds/min), 155,193,882 states left on queue.
Progress(28) at 2026-09-24 00:09:15: 3,171,730,744 states generated (3,290,512 s/min), 1,224,790,671 distinct states found (730,771 ds/min), 155,109,462 states left on queue.
Progress(28) at 2026-09-24 00:10:15: 3,175,249,851 states generated (3,519,107 s/min), 1,225,518,761 distinct states found (728,090 ds/min), 154,903,967 states left on queue.
Progress(28) at 2026-09-24 00:11:15: 3,178,573,169 states generated (3,323,318 s/min), 1,226,184,289 distinct states found (665,528 ds/min), 154,583,370 states left on queue.
Progress(28) at 2026-09-24 00:12:15: 3,182,065,450 states generated (3,492,281 s/min), 1,226,896,443 distinct states found (712,154 ds/min), 154,428,693 states left on queue.
Progress(28) at 2026-09-24 00:13:15: 3,185,469,465 states generated (3,404,015 s/min), 1,227,601,325 distinct states found (704,882 ds/min), 154,311,330 states left on queue.
Progress(28) at 2026-09-24 00:14:15: 3,189,679,742 states generated (4,210,277 s/min), 1,228,356,571 distinct states found (755,246 ds/min), 154,243,982 states left on queue.
Progress(28) at 2026-09-24 00:15:15: 3,193,464,419 states generated (3,784,677 s/min), 1,229,092,289 distinct states found (735,718 ds/min), 154,103,886 states left on queue.
Progress(28) at 2026-09-24 00:16:15: 3,197,157,612 states generated (3,693,193 s/min), 1,229,851,199 distinct states found (758,910 ds/min), 153,942,415 states left on queue.
Progress(28) at 2026-09-24 00:17:15: 3,200,790,187 states generated (3,632,575 s/min), 1,230,622,287 distinct states found (771,088 ds/min), 153,858,891 states left on queue.
Progress(28) at 2026-09-24 00:18:15: 3,204,239,060 states generated (3,448,873 s/min), 1,231,365,815 distinct states found (743,528 ds/min), 153,719,808 states left on queue.
Progress(28) at 2026-09-24 00:19:15: 3,207,881,369 states generated (3,642,309 s/min), 1,232,155,672 distinct states found (789,857 ds/min), 153,516,498 states left on queue.
Checkpointing of run /mnt/nvme2/tlc-r27/26-09-22-18-50-35/
Checkpointing completed at (2026-09-24 00:20:17)
Progress(28) at 2026-09-24 00:20:17: 3,211,885,815 states generated (4,004,446 s/min), 1,232,960,295 distinct states found (804,623 ds/min), 153,336,277 states left on queue.
Progress(28) at 2026-09-24 00:21:17: 3,215,686,039 states generated (3,800,224 s/min), 1,233,798,332 distinct states found (838,037 ds/min), 153,103,832 states left on queue.
Progress(28) at 2026-09-24 00:22:17: 3,219,200,943 states generated (3,514,904 s/min), 1,234,589,620 distinct states found (791,288 ds/min), 152,895,740 states left on queue.
Progress(28) at 2026-09-24 00:23:17: 3,223,619,389 states generated (4,418,446 s/min), 1,235,308,907 distinct states found (719,287 ds/min), 152,759,016 states left on queue.
Progress(28) at 2026-09-24 00:24:17: 3,227,160,458 states generated (3,541,069 s/min), 1,236,039,366 distinct states found (730,459 ds/min), 152,523,703 states left on queue.
Progress(28) at 2026-09-24 00:25:17: 3,230,510,174 states generated (3,349,716 s/min), 1,236,734,770 distinct states found (695,404 ds/min), 152,383,823 states left on queue.
Progress(28) at 2026-09-24 00:26:17: 3,234,148,914 states generated (3,638,740 s/min), 1,237,543,578 distinct states found (808,808 ds/min), 152,207,078 states left on queue.
Progress(28) at 2026-09-24 00:27:17: 3,237,884,975 states generated (3,736,061 s/min), 1,238,375,195 distinct states found (831,617 ds/min), 152,142,836 states left on queue.
Progress(28) at 2026-09-24 00:28:17: 3,241,556,046 states generated (3,671,071 s/min), 1,239,156,149 distinct states found (780,954 ds/min), 151,999,674 states left on queue.
Progress(28) at 2026-09-24 00:29:17: 3,245,145,086 states generated (3,589,040 s/min), 1,239,938,313 distinct states found (782,164 ds/min), 151,843,988 states left on queue.
Progress(28) at 2026-09-24 00:30:17: 3,248,310,512 states generated (3,165,426 s/min), 1,240,636,908 distinct states found (698,595 ds/min), 151,648,563 states left on queue.
Progress(28) at 2026-09-24 00:31:17: 3,251,904,185 states generated (3,593,673 s/min), 1,241,402,242 distinct states found (765,334 ds/min), 151,389,886 states left on queue.
Progress(28) at 2026-09-24 00:32:17: 3,255,236,105 states generated (3,331,920 s/min), 1,242,105,487 distinct states found (703,245 ds/min), 151,181,640 states left on queue.
Progress(28) at 2026-09-24 00:33:17: 3,259,045,083 states generated (3,808,978 s/min), 1,242,913,974 distinct states found (808,487 ds/min), 151,044,523 states left on queue.
Progress(28) at 2026-09-24 00:34:17: 3,262,314,772 states generated (3,269,689 s/min), 1,243,637,975 distinct states found (724,001 ds/min), 150,841,548 states left on queue.
Progress(28) at 2026-09-24 00:35:17: 3,265,595,079 states generated (3,280,307 s/min), 1,244,333,070 distinct states found (695,095 ds/min), 150,722,722 states left on queue.
Progress(28) at 2026-09-24 00:36:17: 3,269,204,383 states generated (3,609,304 s/min), 1,245,126,917 distinct states found (793,847 ds/min), 150,687,781 states left on queue.
Progress(28) at 2026-09-24 00:37:17: 3,273,311,801 states generated (4,107,418 s/min), 1,245,988,244 distinct states found (861,327 ds/min), 150,730,496 states left on queue.
Progress(28) at 2026-09-24 00:38:17: 3,277,416,918 states generated (4,105,117 s/min), 1,246,804,977 distinct states found (816,733 ds/min), 150,699,421 states left on queue.
Progress(28) at 2026-09-24 00:39:17: 3,281,225,166 states generated (3,808,248 s/min), 1,247,547,671 distinct states found (742,694 ds/min), 150,652,710 states left on queue.
Progress(28) at 2026-09-24 00:40:18: 3,285,051,963 states generated (3,826,797 s/min), 1,248,389,596 distinct states found (841,925 ds/min), 150,677,600 states left on queue.
Progress(28) at 2026-09-24 00:41:18: 3,289,084,539 states generated (4,032,576 s/min), 1,249,205,826 distinct states found (816,230 ds/min), 150,693,417 states left on queue.
Progress(28) at 2026-09-24 00:42:18: 3,292,936,856 states generated (3,852,317 s/min), 1,249,992,499 distinct states found (786,673 ds/min), 150,666,559 states left on queue.
Progress(28) at 2026-09-24 00:43:18: 3,296,982,816 states generated (4,045,960 s/min), 1,250,792,328 distinct states found (799,829 ds/min), 150,619,565 states left on queue.
Progress(28) at 2026-09-24 00:44:18: 3,300,711,678 states generated (3,728,862 s/min), 1,251,584,841 distinct states found (792,513 ds/min), 150,501,165 states left on queue.
Progress(28) at 2026-09-24 00:45:18: 3,304,093,602 states generated (3,381,924 s/min), 1,252,325,100 distinct states found (740,259 ds/min), 150,303,791 states left on queue.
Progress(28) at 2026-09-24 00:46:18: 3,307,844,703 states generated (3,751,101 s/min), 1,253,120,859 distinct states found (795,759 ds/min), 150,111,957 states left on queue.
Progress(28) at 2026-09-24 00:47:18: 3,311,089,670 states generated (3,244,967 s/min), 1,253,834,062 distinct states found (713,203 ds/min), 149,975,796 states left on queue.
Progress(28) at 2026-09-24 00:48:18: 3,314,365,975 states generated (3,276,305 s/min), 1,254,529,627 distinct states found (695,565 ds/min), 149,827,310 states left on queue.
Progress(28) at 2026-09-24 00:49:18: 3,317,816,561 states generated (3,450,586 s/min), 1,255,274,136 distinct states found (744,509 ds/min), 149,669,845 states left on queue.
Checkpointing of run /mnt/nvme2/tlc-r27/26-09-22-18-50-35/
Checkpointing completed at (2026-09-24 00:50:19)
Progress(28) at 2026-09-24 00:50:19: 3,321,345,215 states generated (3,528,654 s/min), 1,255,993,303 distinct states found (719,167 ds/min), 149,518,704 states left on queue.
Progress(28) at 2026-09-24 00:51:19: 3,324,928,984 states generated (3,583,769 s/min), 1,256,751,662 distinct states found (758,359 ds/min), 149,333,253 states left on queue.
Progress(28) at 2026-09-24 00:52:19: 3,328,648,367 states generated (3,719,383 s/min), 1,257,484,934 distinct states found (733,272 ds/min), 149,159,670 states left on queue.
Progress(28) at 2026-09-24 00:53:19: 3,332,366,057 states generated (3,717,690 s/min), 1,258,239,494 distinct states found (754,560 ds/min), 148,987,311 states left on queue.
Progress(28) at 2026-09-24 00:54:19: 3,336,114,484 states generated (3,748,427 s/min), 1,258,978,658 distinct states found (739,164 ds/min), 148,830,906 states left on queue.
Progress(28) at 2026-09-24 00:55:19: 3,339,658,602 states generated (3,544,118 s/min), 1,259,717,280 distinct states found (738,622 ds/min), 148,650,321 states left on queue.
Progress(28) at 2026-09-24 00:56:19: 3,343,318,258 states generated (3,659,656 s/min), 1,260,450,898 distinct states found (733,618 ds/min), 148,473,703 states left on queue.
Progress(28) at 2026-09-24 00:57:19: 3,347,620,198 states generated (4,301,940 s/min), 1,261,206,601 distinct states found (755,703 ds/min), 148,245,078 states left on queue.
Progress(28) at 2026-09-24 00:58:19: 3,350,932,078 states generated (3,311,880 s/min), 1,261,863,920 distinct states found (657,319 ds/min), 148,103,162 states left on queue.
Progress(28) at 2026-09-24 00:59:19: 3,353,598,363 states generated (2,666,285 s/min), 1,262,465,946 distinct states found (602,026 ds/min), 147,906,996 states left on queue.
Progress(28) at 2026-09-24 01:00:19: 3,356,818,738 states generated (3,220,375 s/min), 1,263,138,983 distinct states found (673,037 ds/min), 147,545,436 states left on queue.
Progress(28) at 2026-09-24 01:01:19: 3,359,832,805 states generated (3,014,067 s/min), 1,263,812,811 distinct states found (673,828 ds/min), 147,463,787 states left on queue.
Progress(28) at 2026-09-24 01:02:19: 3,364,076,378 states generated (4,243,573 s/min), 1,264,643,584 distinct states found (830,773 ds/min), 147,479,408 states left on queue.
Progress(28) at 2026-09-24 01:03:20: 3,367,543,484 states generated (3,467,106 s/min), 1,265,356,687 distinct states found (713,103 ds/min), 147,416,344 states left on queue.
Progress(28) at 2026-09-24 01:04:20: 3,370,793,752 states generated (3,250,268 s/min), 1,266,065,533 distinct states found (708,846 ds/min), 147,252,850 states left on queue.
Progress(28) at 2026-09-24 01:05:20: 3,374,119,748 states generated (3,325,996 s/min), 1,266,785,126 distinct states found (719,593 ds/min), 147,087,632 states left on queue.
Progress(28) at 2026-09-24 01:06:20: 3,377,338,958 states generated (3,219,210 s/min), 1,267,483,358 distinct states found (698,232 ds/min), 146,930,707 states left on queue.
Progress(28) at 2026-09-24 01:07:20: 3,380,618,336 states generated (3,279,378 s/min), 1,268,211,684 distinct states found (728,326 ds/min), 146,786,127 states left on queue.
Progress(28) at 2026-09-24 01:08:20: 3,383,913,350 states generated (3,295,014 s/min), 1,268,892,798 distinct states found (681,114 ds/min), 146,507,841 states left on queue.
Progress(28) at 2026-09-24 01:09:20: 3,387,442,846 states generated (3,529,496 s/min), 1,269,650,796 distinct states found (757,998 ds/min), 146,234,763 states left on queue.
Progress(28) at 2026-09-24 01:10:20: 3,391,249,200 states generated (3,806,354 s/min), 1,270,456,826 distinct states found (806,030 ds/min), 146,013,320 states left on queue.
Progress(28) at 2026-09-24 01:11:20: 3,394,438,498 states generated (3,189,298 s/min), 1,271,107,633 distinct states found (650,807 ds/min), 145,792,310 states left on queue.
Progress(28) at 2026-09-24 01:12:20: 3,397,548,940 states generated (3,110,442 s/min), 1,271,778,045 distinct states found (670,412 ds/min), 145,627,260 states left on queue.
Progress(28) at 2026-09-24 01:13:20: 3,401,447,259 states generated (3,898,319 s/min), 1,272,576,841 distinct states found (798,796 ds/min), 145,455,506 states left on queue.
Progress(28) at 2026-09-24 01:14:20: 3,404,864,103 states generated (3,416,844 s/min), 1,273,296,701 distinct states found (719,860 ds/min), 145,254,202 states left on queue.
Progress(28) at 2026-09-24 01:15:20: 3,408,426,654 states generated (3,562,551 s/min), 1,274,083,815 distinct states found (787,114 ds/min), 145,063,944 states left on queue.
Progress(28) at 2026-09-24 01:16:20: 3,412,521,211 states generated (4,094,557 s/min), 1,274,866,312 distinct states found (782,497 ds/min), 144,893,636 states left on queue.
Progress(28) at 2026-09-24 01:17:20: 3,415,958,181 states generated (3,436,970 s/min), 1,275,592,007 distinct states found (725,695 ds/min), 144,758,220 states left on queue.
Progress(28) at 2026-09-24 01:18:20: 3,419,831,233 states generated (3,873,052 s/min), 1,276,306,391 distinct states found (714,384 ds/min), 144,659,131 states left on queue.
Progress(28) at 2026-09-24 01:19:20: 3,423,586,327 states generated (3,755,094 s/min), 1,277,016,315 distinct states found (709,924 ds/min), 144,536,028 states left on queue.
Checkpointing of run /mnt/nvme2/tlc-r27/26-09-22-18-50-35/
Checkpointing completed at (2026-09-24 01:20:21)
Progress(28) at 2026-09-24 01:20:21: 3,426,727,147 states generated (3,140,820 s/min), 1,277,635,689 distinct states found (619,374 ds/min), 144,420,494 states left on queue.
Progress(28) at 2026-09-24 01:21:21: 3,430,457,828 states generated (3,730,681 s/min), 1,278,386,907 distinct states found (751,218 ds/min), 144,302,813 states left on queue.
Progress(28) at 2026-09-24 01:22:21: 3,434,582,288 states generated (4,124,460 s/min), 1,279,167,997 distinct states found (781,090 ds/min), 144,189,347 states left on queue.
Progress(28) at 2026-09-24 01:23:21: 3,438,669,107 states generated (4,086,819 s/min), 1,279,951,157 distinct states found (783,160 ds/min), 144,051,069 states left on queue.
Progress(28) at 2026-09-24 01:24:21: 3,441,876,264 states generated (3,207,157 s/min), 1,280,548,862 distinct states found (597,705 ds/min), 143,960,670 states left on queue.
Progress(28) at 2026-09-24 01:25:21: 3,445,436,925 states generated (3,560,661 s/min), 1,281,245,903 distinct states found (697,041 ds/min), 143,824,661 states left on queue.
Progress(28) at 2026-09-24 01:26:21: 3,448,923,354 states generated (3,486,429 s/min), 1,282,003,720 distinct states found (757,817 ds/min), 143,740,545 states left on queue.
Progress(28) at 2026-09-24 01:27:21: 3,451,548,598 states generated (2,625,244 s/min), 1,282,584,065 distinct states found (580,345 ds/min), 143,651,085 states left on queue.
Progress(28) at 2026-09-24 01:28:21: 3,454,546,962 states generated (2,998,364 s/min), 1,283,225,675 distinct states found (641,610 ds/min), 143,523,154 states left on queue.
Progress(28) at 2026-09-24 01:29:21: 3,458,450,726 states generated (3,903,764 s/min), 1,283,974,846 distinct states found (749,171 ds/min), 143,413,693 states left on queue.
Progress(28) at 2026-09-24 01:30:21: 3,462,655,995 states generated (4,205,269 s/min), 1,284,795,682 distinct states found (820,836 ds/min), 143,287,598 states left on queue.
Progress(28) at 2026-09-24 01:31:21: 3,465,600,743 states generated (2,944,748 s/min), 1,285,373,195 distinct states found (577,513 ds/min), 143,193,195 states left on queue.
Progress(28) at 2026-09-24 01:32:21: 3,468,391,793 states generated (2,791,050 s/min), 1,285,913,847 distinct states found (540,652 ds/min), 143,117,281 states left on queue.
Progress(28) at 2026-09-24 01:33:21: 3,471,395,246 states generated (3,003,453 s/min), 1,286,456,089 distinct states found (542,242 ds/min), 143,013,454 states left on queue.
Progress(28) at 2026-09-24 01:34:21: 3,475,036,514 states generated (3,641,268 s/min), 1,287,176,955 distinct states found (720,866 ds/min), 142,879,101 states left on queue.
Progress(28) at 2026-09-24 01:35:21: 3,478,853,375 states generated (3,816,861 s/min), 1,287,957,686 distinct states found (780,731 ds/min), 142,708,350 states left on queue.
Progress(28) at 2026-09-24 01:36:21: 3,482,433,769 states generated (3,580,394 s/min), 1,288,681,531 distinct states found (723,845 ds/min), 142,530,890 states left on queue.
Progress(28) at 2026-09-24 01:37:21: 3,486,111,338 states generated (3,677,569 s/min), 1,289,458,331 distinct states found (776,800 ds/min), 142,373,928 states left on queue.
Progress(28) at 2026-09-24 01:38:21: 3,489,996,226 states generated (3,884,888 s/min), 1,290,269,578 distinct states found (811,247 ds/min), 142,123,007 states left on queue.
Progress(28) at 2026-09-24 01:39:21: 3,493,804,546 states generated (3,808,320 s/min), 1,291,107,013 distinct states found (837,435 ds/min), 141,992,145 states left on queue.
Progress(28) at 2026-09-24 01:40:21: 3,497,656,228 states generated (3,851,682 s/min), 1,291,939,202 distinct states found (832,189 ds/min), 141,861,952 states left on queue.
Progress(28) at 2026-09-24 01:41:21: 3,502,405,424 states generated (4,749,196 s/min), 1,292,849,270 distinct states found (910,068 ds/min), 141,824,941 states left on queue.
Progress(28) at 2026-09-24 01:42:21: 3,506,186,460 states generated (3,781,036 s/min), 1,293,668,959 distinct states found (819,689 ds/min), 141,732,219 states left on queue.
Progress(28) at 2026-09-24 01:43:21: 3,509,396,105 states generated (3,209,645 s/min), 1,294,315,532 distinct states found (646,573 ds/min), 141,663,169 states left on queue.
Progress(28) at 2026-09-24 01:44:22: 3,512,412,456 states generated (3,016,351 s/min), 1,294,960,986 distinct states found (645,454 ds/min), 141,482,437 states left on queue.
Progress(28) at 2026-09-24 01:45:22: 3,515,878,092 states generated (3,465,636 s/min), 1,295,708,745 distinct states found (747,759 ds/min), 141,292,507 states left on queue.
Progress(28) at 2026-09-24 01:46:22: 3,519,559,703 states generated (3,681,611 s/min), 1,296,510,849 distinct states found (802,104 ds/min), 141,193,778 states left on queue.
Progress(28) at 2026-09-24 01:47:22: 3,522,947,574 states generated (3,387,871 s/min), 1,297,243,566 distinct states found (732,717 ds/min), 140,995,569 states left on queue.
Progress(28) at 2026-09-24 01:48:22: 3,526,440,656 states generated (3,493,082 s/min), 1,297,983,004 distinct states found (739,438 ds/min), 140,659,925 states left on queue.
Progress(28) at 2026-09-24 01:49:22: 3,529,836,066 states generated (3,395,410 s/min), 1,298,730,975 distinct states found (747,971 ds/min), 140,473,011 states left on queue.
Checkpointing of run /mnt/nvme2/tlc-r27/26-09-22-18-50-35/
Checkpointing completed at (2026-09-24 01:50:23)
Progress(28) at 2026-09-24 01:50:23: 3,533,233,967 states generated (3,397,901 s/min), 1,299,473,551 distinct states found (742,576 ds/min), 140,236,507 states left on queue.
Progress(28) at 2026-09-24 01:51:23: 3,537,057,716 states generated (3,823,749 s/min), 1,300,322,139 distinct states found (848,588 ds/min), 139,998,620 states left on queue.
Progress(28) at 2026-09-24 01:52:23: 3,540,765,674 states generated (3,707,958 s/min), 1,301,090,091 distinct states found (767,952 ds/min), 139,805,650 states left on queue.
Progress(28) at 2026-09-24 01:53:23: 3,544,434,951 states generated (3,669,277 s/min), 1,301,864,334 distinct states found (774,243 ds/min), 139,697,789 states left on queue.
Progress(28) at 2026-09-24 01:54:23: 3,548,114,670 states generated (3,679,719 s/min), 1,302,588,107 distinct states found (723,773 ds/min), 139,531,243 states left on queue.
Progress(28) at 2026-09-24 01:55:23: 3,551,768,740 states generated (3,654,070 s/min), 1,303,339,332 distinct states found (751,225 ds/min), 139,363,749 states left on queue.
Progress(28) at 2026-09-24 01:56:23: 3,555,649,422 states generated (3,880,682 s/min), 1,304,133,313 distinct states found (793,981 ds/min), 139,188,080 states left on queue.
Progress(28) at 2026-09-24 01:57:23: 3,559,364,690 states generated (3,715,268 s/min), 1,304,908,288 distinct states found (774,975 ds/min), 138,994,550 states left on queue.
Progress(28) at 2026-09-24 01:58:23: 3,562,934,037 states generated (3,569,347 s/min), 1,305,698,431 distinct states found (790,143 ds/min), 138,792,248 states left on queue.
Progress(28) at 2026-09-24 01:59:23: 3,566,710,805 states generated (3,776,768 s/min), 1,306,529,734 distinct states found (831,303 ds/min), 138,614,914 states left on queue.
Progress(28) at 2026-09-24 02:00:23: 3,570,523,917 states generated (3,813,112 s/min), 1,307,368,475 distinct states found (838,741 ds/min), 138,517,136 states left on queue.
Progress(28) at 2026-09-24 02:01:23: 3,575,112,133 states generated (4,588,216 s/min), 1,308,198,478 distinct states found (830,003 ds/min), 138,386,310 states left on queue.
Progress(28) at 2026-09-24 02:02:23: 3,579,148,330 states generated (4,036,197 s/min), 1,309,015,650 distinct states found (817,172 ds/min), 138,134,813 states left on queue.
Progress(28) at 2026-09-24 02:03:23: 3,582,604,673 states generated (3,456,343 s/min), 1,309,804,151 distinct states found (788,501 ds/min), 137,886,309 states left on queue.
Progress(28) at 2026-09-24 02:04:23: 3,586,307,734 states generated (3,703,061 s/min), 1,310,592,371 distinct states found (788,220 ds/min), 137,572,271 states left on queue.
Progress(28) at 2026-09-24 02:05:23: 3,590,305,985 states generated (3,998,251 s/min), 1,311,472,994 distinct states found (880,623 ds/min), 137,516,629 states left on queue.
Progress(28) at 2026-09-24 02:06:23: 3,594,847,947 states generated (4,541,962 s/min), 1,312,359,331 distinct states found (886,337 ds/min), 137,485,011 states left on queue.
Progress(28) at 2026-09-24 02:07:23: 3,599,054,984 states generated (4,207,037 s/min), 1,313,237,009 distinct states found (877,678 ds/min), 137,387,986 states left on queue.
Progress(28) at 2026-09-24 02:08:23: 3,603,167,930 states generated (4,112,946 s/min), 1,314,044,450 distinct states found (807,441 ds/min), 137,166,719 states left on queue.
Progress(28) at 2026-09-24 02:09:23: 3,607,152,816 states generated (3,984,886 s/min), 1,314,885,523 distinct states found (841,073 ds/min), 136,882,727 states left on queue.
Progress(28) at 2026-09-24 02:10:23: 3,611,276,160 states generated (4,123,344 s/min), 1,315,747,232 distinct states found (861,709 ds/min), 136,618,308 states left on queue.
Progress(28) at 2026-09-24 02:11:24: 3,614,760,400 states generated (3,484,240 s/min), 1,316,519,405 distinct states found (772,173 ds/min), 136,408,697 states left on queue.
Progress(28) at 2026-09-24 02:12:24: 3,618,038,628 states generated (3,278,228 s/min), 1,317,250,632 distinct states found (731,227 ds/min), 136,233,933 states left on queue.
Progress(28) at 2026-09-24 02:13:24: 3,621,357,505 states generated (3,318,877 s/min), 1,317,944,098 distinct states found (693,466 ds/min), 135,935,904 states left on queue.
Progress(28) at 2026-09-24 02:14:24: 3,625,040,904 states generated (3,683,399 s/min), 1,318,747,830 distinct states found (803,732 ds/min), 135,727,922 states left on queue.
Progress(28) at 2026-09-24 02:15:24: 3,628,818,894 states generated (3,777,990 s/min), 1,319,534,496 distinct states found (786,666 ds/min), 135,552,565 states left on queue.
Progress(28) at 2026-09-24 02:16:24: 3,632,732,332 states generated (3,913,438 s/min), 1,320,366,688 distinct states found (832,192 ds/min), 135,372,322 states left on queue.
Progress(28) at 2026-09-24 02:17:24: 3,636,340,548 states generated (3,608,216 s/min), 1,321,109,054 distinct states found (742,366 ds/min), 134,944,580 states left on queue.
Progress(28) at 2026-09-24 02:18:24: 3,639,644,027 states generated (3,303,479 s/min), 1,321,790,094 distinct states found (681,040 ds/min), 134,710,932 states left on queue.
Progress(28) at 2026-09-24 02:19:24: 3,643,243,447 states generated (3,599,420 s/min), 1,322,541,291 distinct states found (751,197 ds/min), 134,503,268 states left on queue.
Checkpointing of run /mnt/nvme2/tlc-r27/26-09-22-18-50-35/
Checkpointing completed at (2026-09-24 02:20:25)
Progress(28) at 2026-09-24 02:20:25: 3,647,181,930 states generated (3,938,483 s/min), 1,323,286,976 distinct states found (745,685 ds/min), 134,319,031 states left on queue.
Progress(28) at 2026-09-24 02:21:25: 3,651,081,573 states generated (3,899,643 s/min), 1,324,093,774 distinct states found (806,798 ds/min), 134,168,854 states left on queue.
Progress(28) at 2026-09-24 02:22:25: 3,654,588,778 states generated (3,507,205 s/min), 1,324,798,349 distinct states found (704,575 ds/min), 134,000,764 states left on queue.
Progress(28) at 2026-09-24 02:23:25: 3,658,024,161 states generated (3,435,383 s/min), 1,325,560,912 distinct states found (762,563 ds/min), 133,745,642 states left on queue.
Progress(28) at 2026-09-24 02:24:25: 3,661,764,327 states generated (3,740,166 s/min), 1,326,345,770 distinct states found (784,858 ds/min), 133,526,108 states left on queue.
Progress(28) at 2026-09-24 02:25:25: 3,665,135,124 states generated (3,370,797 s/min), 1,327,092,140 distinct states found (746,370 ds/min), 133,333,729 states left on queue.
Progress(28) at 2026-09-24 02:26:25: 3,668,949,367 states generated (3,814,243 s/min), 1,327,831,354 distinct states found (739,214 ds/min), 133,144,412 states left on queue.
Progress(29) at 2026-09-24 02:27:25: 3,673,176,760 states generated (4,227,393 s/min), 1,328,642,243 distinct states found (810,889 ds/min), 133,003,168 states left on queue.
Progress(29) at 2026-09-24 02:28:25: 3,677,218,778 states generated (4,042,018 s/min), 1,329,475,057 distinct states found (832,814 ds/min), 132,819,852 states left on queue.
Progress(29) at 2026-09-24 02:29:25: 3,680,447,896 states generated (3,229,118 s/min), 1,330,143,272 distinct states found (668,215 ds/min), 132,672,767 states left on queue.
Progress(29) at 2026-09-24 02:30:25: 3,683,781,986 states generated (3,334,090 s/min), 1,330,851,813 distinct states found (708,541 ds/min), 132,530,398 states left on queue.
Progress(29) at 2026-09-24 02:31:25: 3,687,520,240 states generated (3,738,254 s/min), 1,331,616,822 distinct states found (765,009 ds/min), 132,302,818 states left on queue.
Progress(29) at 2026-09-24 02:32:25: 3,691,058,067 states generated (3,537,827 s/min), 1,332,341,063 distinct states found (724,241 ds/min), 132,115,597 states left on queue.
Progress(29) at 2026-09-24 02:33:25: 3,694,631,812 states generated (3,573,745 s/min), 1,333,079,789 distinct states found (738,726 ds/min), 131,977,678 states left on queue.
Progress(29) at 2026-09-24 02:34:25: 3,698,086,292 states generated (3,454,480 s/min), 1,333,789,631 distinct states found (709,842 ds/min), 131,704,709 states left on queue.
Progress(29) at 2026-09-24 02:35:26: 3,701,227,772 states generated (3,141,480 s/min), 1,334,446,683 distinct states found (657,052 ds/min), 131,483,738 states left on queue.
Progress(29) at 2026-09-24 02:36:26: 3,704,663,137 states generated (3,435,365 s/min), 1,335,195,280 distinct states found (748,597 ds/min), 131,308,010 states left on queue.
Progress(29) at 2026-09-24 02:37:26: 3,708,473,739 states generated (3,810,602 s/min), 1,336,028,136 distinct states found (832,856 ds/min), 131,139,781 states left on queue.
Progress(29) at 2026-09-24 02:38:26: 3,712,679,669 states generated (4,205,930 s/min), 1,336,874,160 distinct states found (846,024 ds/min), 130,980,537 states left on queue.
Progress(29) at 2026-09-24 02:39:26: 3,717,619,885 states generated (4,940,216 s/min), 1,337,746,830 distinct states found (872,670 ds/min), 130,816,004 states left on queue.
Progress(29) at 2026-09-24 02:40:26: 3,721,642,953 states generated (4,023,068 s/min), 1,338,580,604 distinct states found (833,774 ds/min), 130,713,774 states left on queue.
Progress(29) at 2026-09-24 02:41:26: 3,724,684,025 states generated (3,041,072 s/min), 1,339,277,283 distinct states found (696,679 ds/min), 130,482,355 states left on queue.
Progress(29) at 2026-09-24 02:42:26: 3,728,453,689 states generated (3,769,664 s/min), 1,340,083,444 distinct states found (806,161 ds/min), 130,270,473 states left on queue.
Progress(29) at 2026-09-24 02:43:26: 3,732,273,947 states generated (3,820,258 s/min), 1,340,885,335 distinct states found (801,891 ds/min), 130,102,903 states left on queue.
Progress(29) at 2026-09-24 02:44:26: 3,736,713,050 states generated (4,439,103 s/min), 1,341,657,213 distinct states found (771,878 ds/min), 129,912,932 states left on queue.
Progress(29) at 2026-09-24 02:45:26: 3,738,871,630 states generated (2,158,580 s/min), 1,342,143,412 distinct states found (486,199 ds/min), 129,728,557 states left on queue.
Progress(29) at 2026-09-24 02:46:26: 3,740,957,014 states generated (2,085,384 s/min), 1,342,595,510 distinct states found (452,098 ds/min), 129,557,479 states left on queue.
Progress(29) at 2026-09-24 02:47:26: 3,745,019,344 states generated (4,062,330 s/min), 1,343,475,583 distinct states found (880,073 ds/min), 129,241,043 states left on queue.
Progress(29) at 2026-09-24 02:48:26: 3,749,246,144 states generated (4,226,800 s/min), 1,344,362,994 distinct states found (887,411 ds/min), 129,034,737 states left on queue.
Progress(29) at 2026-09-24 02:49:26: 3,752,972,938 states generated (3,726,794 s/min), 1,345,113,893 distinct states found (750,899 ds/min), 128,810,678 states left on queue.
Checkpointing of run /mnt/nvme2/tlc-r27/26-09-22-18-50-35/
Checkpointing completed at (2026-09-24 02:50:27)
Progress(29) at 2026-09-24 02:50:27: 3,756,855,066 states generated (3,882,128 s/min), 1,346,005,450 distinct states found (891,557 ds/min), 128,640,191 states left on queue.
Progress(29) at 2026-09-24 02:51:27: 3,760,434,102 states generated (3,579,036 s/min), 1,346,800,440 distinct states found (794,990 ds/min), 128,251,502 states left on queue.
Progress(29) at 2026-09-24 02:52:27: 3,764,369,383 states generated (3,935,281 s/min), 1,347,661,204 distinct states found (860,764 ds/min), 128,127,651 states left on queue.
Progress(29) at 2026-09-24 02:53:27: 3,768,160,972 states generated (3,791,589 s/min), 1,348,475,914 distinct states found (814,710 ds/min), 127,995,091 states left on queue.
Progress(29) at 2026-09-24 02:54:27: 3,771,801,414 states generated (3,640,442 s/min), 1,349,296,886 distinct states found (820,972 ds/min), 127,821,920 states left on queue.
Progress(29) at 2026-09-24 02:55:27: 3,774,708,727 states generated (2,907,313 s/min), 1,349,946,478 distinct states found (649,592 ds/min), 127,726,158 states left on queue.
Progress(29) at 2026-09-24 02:56:27: 3,778,246,780 states generated (3,538,053 s/min), 1,350,742,859 distinct states found (796,381 ds/min), 127,509,285 states left on queue.
Progress(29) at 2026-09-24 02:57:27: 3,781,865,738 states generated (3,618,958 s/min), 1,351,548,899 distinct states found (806,040 ds/min), 127,305,506 states left on queue.
Progress(29) at 2026-09-24 02:58:27: 3,785,695,172 states generated (3,829,434 s/min), 1,352,393,696 distinct states found (844,797 ds/min), 127,135,206 states left on queue.
Progress(29) at 2026-09-24 02:59:27: 3,789,185,059 states generated (3,489,887 s/min), 1,353,101,569 distinct states found (707,873 ds/min), 126,684,643 states left on queue.
Progress(29) at 2026-09-24 03:00:27: 3,793,143,339 states generated (3,958,280 s/min), 1,353,953,434 distinct states found (851,865 ds/min), 126,482,115 states left on queue.
Progress(29) at 2026-09-24 03:01:27: 3,797,809,915 states generated (4,666,576 s/min), 1,354,811,921 distinct states found (858,487 ds/min), 126,269,581 states left on queue.
Progress(29) at 2026-09-24 03:02:27: 3,801,818,313 states generated (4,008,398 s/min), 1,355,628,515 distinct states found (816,594 ds/min), 125,965,115 states left on queue.
Progress(29) at 2026-09-24 03:03:27: 3,805,639,446 states generated (3,821,133 s/min), 1,356,474,338 distinct states found (845,823 ds/min), 125,797,326 states left on queue.
Progress(29) at 2026-09-24 03:04:27: 3,809,310,077 states generated (3,670,631 s/min), 1,357,288,979 distinct states found (814,641 ds/min), 125,550,963 states left on queue.
Progress(29) at 2026-09-24 03:05:27: 3,812,971,659 states generated (3,661,582 s/min), 1,358,075,317 distinct states found (786,338 ds/min), 125,275,435 states left on queue.
Progress(29) at 2026-09-24 03:06:27: 3,816,360,695 states generated (3,389,036 s/min), 1,358,864,051 distinct states found (788,734 ds/min), 125,021,551 states left on queue.
Progress(29) at 2026-09-24 03:07:27: 3,820,277,574 states generated (3,916,879 s/min), 1,359,582,071 distinct states found (718,020 ds/min), 124,655,105 states left on queue.
Progress(29) at 2026-09-24 03:08:27: 3,823,696,458 states generated (3,418,884 s/min), 1,360,272,046 distinct states found (689,975 ds/min), 124,417,005 states left on queue.
Progress(29) at 2026-09-24 03:09:27: 3,827,077,375 states generated (3,380,917 s/min), 1,361,014,662 distinct states found (742,616 ds/min), 124,249,533 states left on queue.
Progress(29) at 2026-09-24 03:10:27: 3,830,497,425 states generated (3,420,050 s/min), 1,361,811,728 distinct states found (797,066 ds/min), 124,027,566 states left on queue.
Progress(29) at 2026-09-24 03:11:27: 3,834,412,885 states generated (3,915,460 s/min), 1,362,709,081 distinct states found (897,353 ds/min), 123,896,839 states left on queue.
Progress(29) at 2026-09-24 03:12:27: 3,837,955,472 states generated (3,542,587 s/min), 1,363,523,761 distinct states found (814,680 ds/min), 123,674,076 states left on queue.
Progress(29) at 2026-09-24 03:13:27: 3,841,387,585 states generated (3,432,113 s/min), 1,364,294,765 distinct states found (771,004 ds/min), 123,391,495 states left on queue.
Progress(29) at 2026-09-24 03:14:27: 3,844,788,954 states generated (3,401,369 s/min), 1,365,061,367 distinct states found (766,602 ds/min), 123,063,588 states left on queue.
Progress(29) at 2026-09-24 03:15:27: 3,848,302,649 states generated (3,513,695 s/min), 1,365,838,970 distinct states found (777,603 ds/min), 122,914,952 states left on queue.
Progress(29) at 2026-09-24 03:16:27: 3,851,864,542 states generated (3,561,893 s/min), 1,366,649,588 distinct states found (810,618 ds/min), 122,661,181 states left on queue.
Progress(29) at 2026-09-24 03:17:27: 3,855,597,146 states generated (3,732,604 s/min), 1,367,477,676 distinct states found (828,088 ds/min), 122,547,594 states left on queue.
Progress(29) at 2026-09-24 03:18:27: 3,859,603,920 states generated (4,006,774 s/min), 1,368,308,317 distinct states found (830,641 ds/min), 122,495,123 states left on queue.
Progress(29) at 2026-09-24 03:19:27: 3,863,625,402 states generated (4,021,482 s/min), 1,369,129,975 distinct states found (821,658 ds/min), 122,374,725 states left on queue.
Checkpointing of run /mnt/nvme2/tlc-r27/26-09-22-18-50-35/
Checkpointing completed at (2026-09-24 03:20:29)
Progress(29) at 2026-09-24 03:20:29: 3,867,778,318 states generated (4,152,916 s/min), 1,369,978,329 distinct states found (848,354 ds/min), 122,269,808 states left on queue.
Progress(29) at 2026-09-24 03:21:29: 3,871,930,423 states generated (4,152,105 s/min), 1,370,863,533 distinct states found (885,204 ds/min), 122,232,895 states left on queue.
Progress(29) at 2026-09-24 03:22:29: 3,875,718,598 states generated (3,788,175 s/min), 1,371,633,527 distinct states found (769,994 ds/min), 122,138,727 states left on queue.
Progress(29) at 2026-09-24 03:23:29: 3,879,695,670 states generated (3,977,072 s/min), 1,372,450,064 distinct states found (816,537 ds/min), 122,010,072 states left on queue.
Progress(29) at 2026-09-24 03:24:29: 3,883,600,110 states generated (3,904,440 s/min), 1,373,265,331 distinct states found (815,267 ds/min), 121,911,269 states left on queue.
Progress(29) at 2026-09-24 03:25:29: 3,886,897,830 states generated (3,297,720 s/min), 1,374,019,581 distinct states found (754,250 ds/min), 121,693,860 states left on queue.
Progress(29) at 2026-09-24 03:26:29: 3,890,448,087 states generated (3,550,257 s/min), 1,374,818,887 distinct states found (799,306 ds/min), 121,436,083 states left on queue.
Progress(29) at 2026-09-24 03:27:29: 3,893,931,157 states generated (3,483,070 s/min), 1,375,603,465 distinct states found (784,578 ds/min), 121,221,809 states left on queue.
Progress(29) at 2026-09-24 03:28:29: 3,897,196,197 states generated (3,265,040 s/min), 1,376,342,193 distinct states found (738,728 ds/min), 121,003,981 states left on queue.
Progress(29) at 2026-09-24 03:29:29: 3,900,490,151 states generated (3,293,954 s/min), 1,377,052,749 distinct states found (710,556 ds/min), 120,828,942 states left on queue.
Progress(29) at 2026-09-24 03:30:29: 3,903,820,555 states generated (3,330,404 s/min), 1,377,760,847 distinct states found (708,098 ds/min), 120,592,498 states left on queue.
Progress(29) at 2026-09-24 03:31:29: 3,907,383,159 states generated (3,562,604 s/min), 1,378,518,050 distinct states found (757,203 ds/min), 120,393,612 states left on queue.
Progress(29) at 2026-09-24 03:32:29: 3,910,900,744 states generated (3,517,585 s/min), 1,379,243,670 distinct states found (725,620 ds/min), 120,184,596 states left on queue.
Progress(29) at 2026-09-24 03:33:29: 3,914,462,045 states generated (3,561,301 s/min), 1,380,003,871 distinct states found (760,201 ds/min), 119,965,051 states left on queue.
Progress(29) at 2026-09-24 03:34:29: 3,918,476,750 states generated (4,014,705 s/min), 1,380,784,291 distinct states found (780,420 ds/min), 119,725,568 states left on queue.
Progress(29) at 2026-09-24 03:35:29: 3,922,041,721 states generated (3,564,971 s/min), 1,381,505,786 distinct states found (721,495 ds/min), 119,437,998 states left on queue.
Progress(29) at 2026-09-24 03:36:29: 3,925,677,885 states generated (3,636,164 s/min), 1,382,263,700 distinct states found (757,914 ds/min), 118,911,774 states left on queue.
Progress(29) at 2026-09-24 03:37:29: 3,930,067,438 states generated (4,389,553 s/min), 1,383,116,487 distinct states found (852,787 ds/min), 118,817,985 states left on queue.
Progress(29) at 2026-09-24 03:38:29: 3,934,246,713 states generated (4,179,275 s/min), 1,383,996,323 distinct states found (879,836 ds/min), 118,686,302 states left on queue.
Progress(29) at 2026-09-24 03:39:29: 3,937,736,907 states generated (3,490,194 s/min), 1,384,782,536 distinct states found (786,213 ds/min), 118,408,278 states left on queue.
Progress(29) at 2026-09-24 03:40:29: 3,941,020,117 states generated (3,283,210 s/min), 1,385,524,968 distinct states found (742,432 ds/min), 118,173,061 states left on queue.
Progress(29) at 2026-09-24 03:41:29: 3,944,606,231 states generated (3,586,114 s/min), 1,386,334,828 distinct states found (809,860 ds/min), 117,978,698 states left on queue.
Progress(29) at 2026-09-24 03:42:29: 3,948,157,809 states generated (3,551,578 s/min), 1,387,091,482 distinct states found (756,654 ds/min), 117,604,990 states left on queue.
Progress(29) at 2026-09-24 03:43:29: 3,951,770,912 states generated (3,613,103 s/min), 1,387,856,154 distinct states found (764,672 ds/min), 117,206,092 states left on queue.
Progress(29) at 2026-09-24 03:44:29: 3,955,529,409 states generated (3,758,497 s/min), 1,388,704,147 distinct states found (847,993 ds/min), 116,939,288 states left on queue.
Progress(29) at 2026-09-24 03:45:29: 3,959,175,109 states generated (3,645,700 s/min), 1,389,495,228 distinct states found (791,081 ds/min), 116,713,570 states left on queue.
Progress(29) at 2026-09-24 03:46:29: 3,962,774,309 states generated (3,599,200 s/min), 1,390,288,342 distinct states found (793,114 ds/min), 116,466,280 states left on queue.
Progress(29) at 2026-09-24 03:47:29: 3,966,899,574 states generated (4,125,265 s/min), 1,391,151,264 distinct states found (862,922 ds/min), 116,245,757 states left on queue.
Progress(29) at 2026-09-24 03:48:29: 3,971,014,079 states generated (4,114,505 s/min), 1,392,018,006 distinct states found (866,742 ds/min), 116,061,534 states left on queue.
Progress(29) at 2026-09-24 03:49:29: 3,974,676,093 states generated (3,662,014 s/min), 1,392,726,905 distinct states found (708,899 ds/min), 115,896,738 states left on queue.
Checkpointing of run /mnt/nvme2/tlc-r27/26-09-22-18-50-35/
Checkpointing completed at (2026-09-24 03:50:31)
Progress(29) at 2026-09-24 03:50:31: 3,978,217,411 states generated (3,541,318 s/min), 1,393,463,626 distinct states found (736,721 ds/min), 115,749,158 states left on queue.
Progress(29) at 2026-09-24 03:51:31: 3,982,399,748 states generated (4,182,337 s/min), 1,394,299,398 distinct states found (835,772 ds/min), 115,565,151 states left on queue.
Progress(29) at 2026-09-24 03:52:31: 3,986,463,564 states generated (4,063,816 s/min), 1,395,099,020 distinct states found (799,622 ds/min), 115,368,121 states left on queue.
Progress(29) at 2026-09-24 03:53:31: 3,990,034,498 states generated (3,570,934 s/min), 1,395,790,722 distinct states found (691,702 ds/min), 115,207,146 states left on queue.
Progress(29) at 2026-09-24 03:54:31: 3,993,706,978 states generated (3,672,480 s/min), 1,396,567,027 distinct states found (776,305 ds/min), 115,025,283 states left on queue.
Progress(29) at 2026-09-24 03:55:31: 3,997,551,086 states generated (3,844,108 s/min), 1,397,466,416 distinct states found (899,389 ds/min), 114,897,104 states left on queue.
Progress(29) at 2026-09-24 03:56:31: 4,001,337,106 states generated (3,786,020 s/min), 1,398,279,351 distinct states found (812,935 ds/min), 114,714,484 states left on queue.
Progress(29) at 2026-09-24 03:57:31: 4,005,155,973 states generated (3,818,867 s/min), 1,399,061,825 distinct states found (782,474 ds/min), 114,565,397 states left on queue.
Progress(29) at 2026-09-24 03:58:31: 4,008,946,425 states generated (3,790,452 s/min), 1,399,829,263 distinct states found (767,438 ds/min), 114,396,177 states left on queue.
Progress(29) at 2026-09-24 03:59:31: 4,012,648,631 states generated (3,702,206 s/min), 1,400,535,246 distinct states found (705,983 ds/min), 114,217,234 states left on queue.
Progress(29) at 2026-09-24 04:00:31: 4,016,344,574 states generated (3,695,943 s/min), 1,401,282,694 distinct states found (747,448 ds/min), 114,019,387 states left on queue.
Progress(29) at 2026-09-24 04:01:31: 4,019,963,316 states generated (3,618,742 s/min), 1,402,039,650 distinct states found (756,956 ds/min), 113,762,367 states left on queue.
Progress(29) at 2026-09-24 04:02:31: 4,023,433,529 states generated (3,470,213 s/min), 1,402,788,772 distinct states found (749,122 ds/min), 113,572,304 states left on queue.
Progress(29) at 2026-09-24 04:03:31: 4,026,916,556 states generated (3,483,027 s/min), 1,403,581,489 distinct states found (792,717 ds/min), 113,359,918 states left on queue.
Progress(29) at 2026-09-24 04:04:31: 4,030,460,309 states generated (3,543,753 s/min), 1,404,409,269 distinct states found (827,780 ds/min), 113,192,474 states left on queue.
Progress(29) at 2026-09-24 04:05:31: 4,034,328,446 states generated (3,868,137 s/min), 1,405,242,781 distinct states found (833,512 ds/min), 113,017,835 states left on queue.
Progress(29) at 2026-09-24 04:06:31: 4,038,533,588 states generated (4,205,142 s/min), 1,406,091,738 distinct states found (848,957 ds/min), 112,843,163 states left on queue.
Progress(29) at 2026-09-24 04:07:31: 4,042,088,114 states generated (3,554,526 s/min), 1,406,861,528 distinct states found (769,790 ds/min), 112,698,713 states left on queue.
Progress(29) at 2026-09-24 04:08:31: 4,045,557,461 states generated (3,469,347 s/min), 1,407,621,968 distinct states found (760,440 ds/min), 112,489,355 states left on queue.
Progress(29) at 2026-09-24 04:09:31: 4,049,082,991 states generated (3,525,530 s/min), 1,408,426,383 distinct states found (804,415 ds/min), 112,282,583 states left on queue.
Progress(29) at 2026-09-24 04:10:31: 4,052,715,897 states generated (3,632,906 s/min), 1,409,247,538 distinct states found (821,155 ds/min), 112,099,799 states left on queue.
Progress(29) at 2026-09-24 04:11:31: 4,056,022,325 states generated (3,306,428 s/min), 1,409,991,664 distinct states found (744,126 ds/min), 111,739,441 states left on queue.
Progress(29) at 2026-09-24 04:12:31: 4,059,641,080 states generated (3,618,755 s/min), 1,410,816,685 distinct states found (825,021 ds/min), 111,436,915 states left on queue.
Progress(29) at 2026-09-24 04:13:31: 4,063,057,130 states generated (3,416,050 s/min), 1,411,581,233 distinct states found (764,548 ds/min), 111,083,369 states left on queue.
Progress(29) at 2026-09-24 04:14:31: 4,066,712,089 states generated (3,654,959 s/min), 1,412,389,047 distinct states found (807,814 ds/min), 110,885,640 states left on queue.
Progress(29) at 2026-09-24 04:15:31: 4,070,489,652 states generated (3,777,563 s/min), 1,413,159,224 distinct states found (770,177 ds/min), 110,631,094 states left on queue.
Progress(29) at 2026-09-24 04:16:31: 4,073,840,495 states generated (3,350,843 s/min), 1,413,880,362 distinct states found (721,138 ds/min), 110,463,041 states left on queue.
Progress(29) at 2026-09-24 04:17:31: 4,077,509,587 states generated (3,669,092 s/min), 1,414,689,729 distinct states found (809,367 ds/min), 110,279,620 states left on queue.
Progress(29) at 2026-09-24 04:18:31: 4,081,004,672 states generated (3,495,085 s/min), 1,415,493,502 distinct states found (803,773 ds/min), 110,049,864 states left on queue.
Progress(29) at 2026-09-24 04:19:31: 4,084,461,474 states generated (3,456,802 s/min), 1,416,280,431 distinct states found (786,929 ds/min), 109,803,608 states left on queue.
Checkpointing of run /mnt/nvme2/tlc-r27/26-09-22-18-50-35/
Checkpointing completed at (2026-09-24 04:20:33)
Progress(29) at 2026-09-24 04:20:33: 4,088,314,855 states generated (3,853,381 s/min), 1,417,169,981 distinct states found (889,550 ds/min), 109,620,015 states left on queue.
Progress(29) at 2026-09-24 04:21:33: 4,092,635,158 states generated (4,320,303 s/min), 1,417,927,511 distinct states found (757,530 ds/min), 109,368,643 states left on queue.
Progress(29) at 2026-09-24 04:22:33: 4,095,992,178 states generated (3,357,020 s/min), 1,418,687,323 distinct states found (759,812 ds/min), 109,037,684 states left on queue.
Progress(29) at 2026-09-24 04:23:33: 4,099,363,993 states generated (3,371,815 s/min), 1,419,441,994 distinct states found (754,671 ds/min), 108,662,210 states left on queue.
Progress(29) at 2026-09-24 04:24:33: 4,103,400,715 states generated (4,036,722 s/min), 1,420,244,229 distinct states found (802,235 ds/min), 108,577,944 states left on queue.
Progress(29) at 2026-09-24 04:25:33: 4,107,571,439 states generated (4,170,724 s/min), 1,421,097,198 distinct states found (852,969 ds/min), 108,470,298 states left on queue.
Progress(29) at 2026-09-24 04:26:33: 4,111,039,860 states generated (3,468,421 s/min), 1,421,847,205 distinct states found (750,007 ds/min), 108,311,295 states left on queue.
Progress(29) at 2026-09-24 04:27:33: 4,114,565,915 states generated (3,526,055 s/min), 1,422,590,289 distinct states found (743,084 ds/min), 108,079,622 states left on queue.
Progress(29) at 2026-09-24 04:28:33: 4,118,132,726 states generated (3,566,811 s/min), 1,423,375,820 distinct states found (785,531 ds/min), 107,808,273 states left on queue.
Progress(29) at 2026-09-24 04:29:33: 4,121,648,291 states generated (3,515,565 s/min), 1,424,208,330 distinct states found (832,510 ds/min), 107,593,221 states left on queue.
Progress(29) at 2026-09-24 04:30:33: 4,125,062,181 states generated (3,413,890 s/min), 1,424,897,132 distinct states found (688,802 ds/min), 107,136,421 states left on queue.
Progress(29) at 2026-09-24 04:31:33: 4,128,413,128 states generated (3,350,947 s/min), 1,425,669,072 distinct states found (771,940 ds/min), 106,896,878 states left on queue.
Progress(29) at 2026-09-24 04:32:33: 4,131,836,080 states generated (3,422,952 s/min), 1,426,416,577 distinct states found (747,505 ds/min), 106,714,996 states left on queue.
Progress(29) at 2026-09-24 04:33:33: 4,135,153,462 states generated (3,317,382 s/min), 1,427,165,750 distinct states found (749,173 ds/min), 106,477,519 states left on queue.
Progress(29) at 2026-09-24 04:34:33: 4,138,446,004 states generated (3,292,542 s/min), 1,427,881,211 distinct states found (715,461 ds/min), 106,150,103 states left on queue.
Progress(29) at 2026-09-24 04:35:33: 4,141,784,498 states generated (3,338,494 s/min), 1,428,624,242 distinct states found (743,031 ds/min), 105,953,617 states left on queue.
Progress(29) at 2026-09-24 04:36:33: 4,145,508,890 states generated (3,724,392 s/min), 1,429,363,359 distinct states found (739,117 ds/min), 105,762,642 states left on queue.
Progress(29) at 2026-09-24 04:37:33: 4,149,172,349 states generated (3,663,459 s/min), 1,430,167,261 distinct states found (803,902 ds/min), 105,600,272 states left on queue.
Progress(29) at 2026-09-24 04:38:33: 4,152,628,691 states generated (3,456,342 s/min), 1,430,887,066 distinct states found (719,805 ds/min), 105,159,465 states left on queue.
Progress(29) at 2026-09-24 04:39:33: 4,156,061,791 states generated (3,433,100 s/min), 1,431,670,808 distinct states found (783,742 ds/min), 104,949,282 states left on queue.
Progress(29) at 2026-09-24 04:40:33: 4,159,739,734 states generated (3,677,943 s/min), 1,432,459,281 distinct states found (788,473 ds/min), 104,768,744 states left on queue.
Progress(30) at 2026-09-24 04:41:33: 4,163,531,770 states generated (3,792,036 s/min), 1,433,243,810 distinct states found (784,529 ds/min), 104,620,250 states left on queue.
Progress(30) at 2026-09-24 04:42:33: 4,167,149,816 states generated (3,618,046 s/min), 1,434,031,616 distinct states found (787,806 ds/min), 104,432,597 states left on queue.
Progress(30) at 2026-09-24 04:43:33: 4,170,657,239 states generated (3,507,423 s/min), 1,434,799,162 distinct states found (767,546 ds/min), 104,249,056 states left on queue.
Progress(30) at 2026-09-24 04:44:33: 4,174,101,549 states generated (3,444,310 s/min), 1,435,555,436 distinct states found (756,274 ds/min), 104,040,853 states left on queue.
Progress(30) at 2026-09-24 04:45:33: 4,177,795,801 states generated (3,694,252 s/min), 1,436,353,256 distinct states found (797,820 ds/min), 103,827,717 states left on queue.
Progress(30) at 2026-09-24 04:46:33: 4,181,319,065 states generated (3,523,264 s/min), 1,437,114,694 distinct states found (761,438 ds/min), 103,633,965 states left on queue.
Progress(30) at 2026-09-24 04:47:33: 4,184,480,758 states generated (3,161,693 s/min), 1,437,812,057 distinct states found (697,363 ds/min), 103,395,562 states left on queue.
Progress(30) at 2026-09-24 04:48:33: 4,187,895,939 states generated (3,415,181 s/min), 1,438,600,478 distinct states found (788,421 ds/min), 103,242,745 states left on queue.
Progress(30) at 2026-09-24 04:49:33: 4,191,407,760 states generated (3,511,821 s/min), 1,439,372,270 distinct states found (771,792 ds/min), 103,042,657 states left on queue.
Checkpointing of run /mnt/nvme2/tlc-r27/26-09-22-18-50-35/
Checkpointing completed at (2026-09-24 04:50:34)
Progress(30) at 2026-09-24 04:50:34: 4,195,033,858 states generated (3,626,098 s/min), 1,440,113,941 distinct states found (741,671 ds/min), 102,851,604 states left on queue.
Progress(30) at 2026-09-24 04:51:34: 4,199,361,962 states generated (4,328,104 s/min), 1,440,920,797 distinct states found (806,856 ds/min), 102,625,627 states left on queue.
Progress(30) at 2026-09-24 04:52:34: 4,202,654,087 states generated (3,292,125 s/min), 1,441,712,439 distinct states found (791,642 ds/min), 102,411,351 states left on queue.
Progress(30) at 2026-09-24 04:53:34: 4,206,177,436 states generated (3,523,349 s/min), 1,442,509,231 distinct states found (796,792 ds/min), 102,215,368 states left on queue.
Progress(30) at 2026-09-24 04:54:34: 4,209,770,139 states generated (3,592,703 s/min), 1,443,261,352 distinct states found (752,121 ds/min), 102,004,534 states left on queue.
Progress(30) at 2026-09-24 04:55:34: 4,213,292,435 states generated (3,522,296 s/min), 1,443,987,880 distinct states found (726,528 ds/min), 101,742,476 states left on queue.
Progress(30) at 2026-09-24 04:56:34: 4,216,483,787 states generated (3,191,352 s/min), 1,444,754,935 distinct states found (767,055 ds/min), 101,490,940 states left on queue.
Progress(30) at 2026-09-24 04:57:34: 4,220,001,872 states generated (3,518,085 s/min), 1,445,559,153 distinct states found (804,218 ds/min), 101,261,340 states left on queue.
Progress(30) at 2026-09-24 04:58:34: 4,223,599,083 states generated (3,597,211 s/min), 1,446,376,321 distinct states found (817,168 ds/min), 101,071,780 states left on queue.
Progress(30) at 2026-09-24 04:59:34: 4,226,914,036 states generated (3,314,953 s/min), 1,447,162,390 distinct states found (786,069 ds/min), 100,826,271 states left on queue.
Progress(30) at 2026-09-24 05:00:34: 4,230,102,285 states generated (3,188,249 s/min), 1,447,914,189 distinct states found (751,799 ds/min), 100,619,213 states left on queue.
Progress(30) at 2026-09-24 05:01:34: 4,233,374,619 states generated (3,272,334 s/min), 1,448,675,387 distinct states found (761,198 ds/min), 100,434,357 states left on queue.
Progress(30) at 2026-09-24 05:02:34: 4,237,000,251 states generated (3,625,632 s/min), 1,449,500,071 distinct states found (824,684 ds/min), 100,281,954 states left on queue.
Progress(30) at 2026-09-24 05:03:34: 4,240,455,880 states generated (3,455,629 s/min), 1,450,322,254 distinct states found (822,183 ds/min), 100,144,108 states left on queue.
Progress(30) at 2026-09-24 05:04:34: 4,243,791,202 states generated (3,335,322 s/min), 1,451,115,324 distinct states found (793,070 ds/min), 99,938,035 states left on queue.
Progress(30) at 2026-09-24 05:05:34: 4,247,258,378 states generated (3,467,176 s/min), 1,451,930,502 distinct states found (815,178 ds/min), 99,766,664 states left on queue.
Progress(30) at 2026-09-24 05:06:34: 4,250,525,770 states generated (3,267,392 s/min), 1,452,648,798 distinct states found (718,296 ds/min), 99,443,396 states left on queue.
Progress(30) at 2026-09-24 05:07:34: 4,254,182,623 states generated (3,656,853 s/min), 1,453,499,523 distinct states found (850,725 ds/min), 99,248,075 states left on queue.
Progress(30) at 2026-09-24 05:08:34: 4,258,325,303 states generated (4,142,680 s/min), 1,454,324,867 distinct states found (825,344 ds/min), 98,948,914 states left on queue.
Progress(30) at 2026-09-24 05:09:34: 4,262,412,467 states generated (4,087,164 s/min), 1,455,276,091 distinct states found (951,224 ds/min), 98,716,824 states left on queue.
Progress(30) at 2026-09-24 05:10:34: 4,266,383,933 states generated (3,971,466 s/min), 1,456,223,987 distinct states found (947,896 ds/min), 98,439,049 states left on queue.
Progress(30) at 2026-09-24 05:11:34: 4,269,703,134 states generated (3,319,201 s/min), 1,457,050,977 distinct states found (826,990 ds/min), 98,229,427 states left on queue.
Progress(30) at 2026-09-24 05:12:34: 4,273,450,651 states generated (3,747,517 s/min), 1,457,753,497 distinct states found (702,520 ds/min), 97,837,245 states left on queue.
Progress(30) at 2026-09-24 05:13:34: 4,276,717,814 states generated (3,267,163 s/min), 1,458,536,215 distinct states found (782,718 ds/min), 97,682,884 states left on queue.
Progress(30) at 2026-09-24 05:14:34: 4,279,951,168 states generated (3,233,354 s/min), 1,459,341,639 distinct states found (805,424 ds/min), 97,498,186 states left on queue.
Progress(30) at 2026-09-24 05:15:34: 4,283,271,332 states generated (3,320,164 s/min), 1,460,137,674 distinct states found (796,035 ds/min), 97,396,396 states left on queue.
Progress(30) at 2026-09-24 05:16:34: 4,286,495,171 states generated (3,223,839 s/min), 1,460,943,048 distinct states found (805,374 ds/min), 97,225,856 states left on queue.
Progress(30) at 2026-09-24 05:17:34: 4,290,925,209 states generated (4,430,038 s/min), 1,462,005,907 distinct states found (1,062,859 ds/min), 96,850,173 states left on queue.
Progress(30) at 2026-09-24 05:18:34: 4,295,811,033 states generated (4,885,824 s/min), 1,463,177,434 distinct states found (1,171,527 ds/min), 96,575,678 states left on queue.
Progress(30) at 2026-09-24 05:19:34: 4,301,174,229 states generated (5,363,196 s/min), 1,464,381,529 distinct states found (1,204,095 ds/min), 96,379,193 states left on queue.
Checkpointing of run /mnt/nvme2/tlc-r27/26-09-22-18-50-35/
Checkpointing completed at (2026-09-24 05:20:35)
Progress(30) at 2026-09-24 05:20:35: 4,306,971,503 states generated (5,797,274 s/min), 1,465,616,138 distinct states found (1,234,609 ds/min), 96,154,940 states left on queue.
