M4 RUN 1 2026-10-07T22:01:11Z lines 6592-7191
6bd026fe9d360ad60b94756840eda2f0  LeanP1Proof.tla
9a06fcbf8f186a0c4f1e5e92a44c0bd8  LeanP1Anc.tla

\* TLAPM version bfa9468
\* launched at 2026-10-07 22:01:12 with command line:
\* /mnt/nvme/tlaps/unpack/tlapm/bin/tlapm --toolbox 6592 7191 --method smt --stretch 12 --threads 2 -k LeanP1Proof.tla

(* loading fingerprints in ".tlacache/LeanP1Proof.tlaps/fingerprints" *)
@!!BEGIN
@!!type:obligation
@!!id:1
@!!loc:6619:1:6619:3
@!!status:to be proved
@!!END

@!!BEGIN
@!!type:obligation
@!!id:2
@!!loc:6622:1:6622:3
@!!status:to be proved
@!!END

@!!BEGIN
@!!type:obligation
@!!id:3
@!!loc:6625:1:6625:3
@!!status:to be proved
@!!END

@!!BEGIN
@!!type:obligation
@!!id:4
@!!loc:6654:10:6654:12
@!!status:to be proved
@!!END

@!!BEGIN
@!!type:obligation
@!!id:5
@!!loc:6654:13:6654:17
@!!status:to be proved
@!!END

@!!BEGIN
@!!type:obligation
@!!id:6
@!!loc:6654:19:6654:23
@!!status:to be proved
@!!END

@!!BEGIN
@!!type:obligation
@!!id:7
@!!loc:6640:12:6640:14
@!!status:to be proved
@!!END

@!!BEGIN
@!!type:obligation
@!!id:8
@!!loc:6640:15:6640:19
@!!status:to be proved
@!!END

@!!BEGIN
@!!type:obligation
@!!id:9
@!!loc:6640:21:6640:25
@!!status:to be proved
@!!END

@!!BEGIN
@!!type:obligation
@!!id:10
@!!loc:6634:5:6634:7
@!!status:to be proved
@!!END

@!!BEGIN
@!!type:obligation
@!!id:11
@!!loc:6635:31:6635:33
@!!status:to be proved
@!!END

@!!BEGIN
@!!type:obligation
@!!id:12
@!!loc:6638:14:6638:16
@!!status:to be proved
@!!END

@!!BEGIN
@!!type:obligation
@!!id:13
@!!loc:6638:17:6638:21
@!!status:to be proved
@!!END

@!!BEGIN
@!!type:obligation
@!!id:14
@!!loc:6638:23:6638:27
@!!status:to be proved
@!!END

@!!BEGIN
@!!type:obligation
@!!id:15
@!!loc:6637:45:6637:47
@!!status:to be proved
@!!END

@!!BEGIN
@!!type:obligation
@!!id:16
@!!loc:6637:48:6637:52
@!!status:to be proved
@!!END

@!!BEGIN
@!!type:obligation
@!!id:17
@!!loc:6639:48:6639:50
@!!status:to be proved
@!!END

@!!BEGIN
@!!type:obligation
@!!id:18
@!!loc:6639:51:6639:55
@!!status:to be proved
@!!END

@!!BEGIN
@!!type:obligation
@!!id:19
@!!loc:6639:57:6639:61
@!!status:to be proved
@!!END

@!!BEGIN
@!!type:obligation
@!!id:20
@!!loc:6653:12:6653:14
@!!status:to be proved
@!!END

@!!BEGIN
@!!type:obligation
@!!id:21
@!!loc:6653:15:6653:19
@!!status:to be proved
@!!END

@!!BEGIN
@!!type:obligation
@!!id:22
@!!loc:6653:21:6653:25
@!!status:to be proved
@!!END

@!!BEGIN
@!!type:obligation
@!!id:23
@!!loc:6653:27:6653:31
@!!status:to be proved
@!!END

@!!BEGIN
@!!type:obligation
@!!id:24
@!!loc:6645:5:6645:7
@!!status:to be proved
@!!END

@!!BEGIN
@!!type:obligation
@!!id:25
@!!loc:6648:5:6648:7
@!!status:to be proved
@!!END

@!!BEGIN
@!!type:obligation
@!!id:26
@!!loc:6649:27:6649:29
@!!status:to be proved
@!!END

@!!BEGIN
@!!type:obligation
@!!id:27
@!!loc:6649:30:6649:34
@!!status:to be proved
@!!END

@!!BEGIN
@!!type:obligation
@!!id:28
@!!loc:6652:14:6652:16
@!!status:to be proved
@!!END

@!!BEGIN
@!!type:obligation
@!!id:29
@!!loc:6652:17:6652:21
@!!status:to be proved
@!!END

@!!BEGIN
@!!type:obligation
@!!id:30
@!!loc:6652:23:6652:27
@!!status:to be proved
@!!END

@!!BEGIN
@!!type:obligation
@!!id:31
@!!loc:6652:29:6652:33
@!!status:to be proved
@!!END

@!!BEGIN
@!!type:obligation
@!!id:32
@!!loc:6651:32:6651:34
@!!status:to be proved
@!!END

@!!BEGIN
@!!type:obligation
@!!id:33
@!!loc:6651:35:6651:39
@!!status:to be proved
@!!END

@!!BEGIN
@!!type:obligation
@!!id:34
@!!loc:6660:1:6660:3
@!!status:to be proved
@!!END

@!!BEGIN
@!!type:obligation
@!!id:35
@!!loc:6669:10:6669:12
@!!status:to be proved
@!!END

@!!BEGIN
@!!type:obligation
@!!id:36
@!!loc:6669:13:6669:17
@!!status:to be proved
@!!END

@!!BEGIN
@!!type:obligation
@!!id:37
@!!loc:6669:19:6669:23
@!!status:to be proved
@!!END

@!!BEGIN
@!!type:obligation
@!!id:38
@!!loc:6666:39:6666:46
@!!status:to be proved
@!!END

@!!BEGIN
@!!type:obligation
@!!id:39
@!!loc:6667:13:6667:15
@!!status:to be proved
@!!END

@!!BEGIN
@!!type:obligation
@!!id:40
@!!loc:6667:16:6667:23
@!!status:to be proved
@!!END

@!!BEGIN
@!!type:obligation
@!!id:41
@!!loc:6668:34:6668:36
@!!status:to be proved
@!!END

@!!BEGIN
@!!type:obligation
@!!id:42
@!!loc:6687:10:6687:12
@!!status:to be proved
@!!END

@!!BEGIN
@!!type:obligation
@!!id:43
@!!loc:6687:13:6687:17
@!!status:to be proved
@!!END

@!!BEGIN
@!!type:obligation
@!!id:44
@!!loc:6687:19:6687:23
@!!status:to be proved
@!!END

@!!BEGIN
@!!type:obligation
@!!id:45
@!!loc:6687:25:6687:29
@!!status:to be proved
@!!END

@!!BEGIN
@!!type:obligation
@!!id:46
@!!loc:6687:31:6687:35
@!!status:to be proved
@!!END

@!!BEGIN
@!!type:obligation
@!!id:47
@!!loc:6687:37:6687:41
@!!status:to be proved
@!!END

@!!BEGIN
@!!type:obligation
@!!id:48
@!!loc:6687:43:6687:50
@!!status:to be proved
@!!END

@!!BEGIN
@!!type:obligation
@!!id:49
@!!loc:6677:14:6677:16
@!!status:to be proved
@!!END

@!!BEGIN
@!!type:obligation
@!!id:50
@!!loc:6678:14:6678:16
@!!status:to be proved
@!!END

@!!BEGIN
@!!type:obligation
@!!id:51
@!!loc:6678:17:6678:22
@!!status:to be proved
@!!END

@!!BEGIN
@!!type:obligation
@!!id:52
@!!loc:6678:24:6678:31
@!!status:to be proved
@!!END

@!!BEGIN
@!!type:obligation
@!!id:53
@!!loc:6679:10:6679:12
@!!status:to be proved
@!!END

@!!BEGIN
@!!type:obligation
@!!id:54
@!!loc:6680:17:6680:19
@!!status:to be proved
@!!END

@!!BEGIN
@!!type:obligation
@!!id:55
@!!loc:6680:20:6680:32
@!!status:to be proved
@!!END

@!!BEGIN
@!!type:obligation
@!!id:56
@!!loc:6682:3:6682:5
@!!status:to be proved
@!!END

@!!BEGIN
@!!type:obligation
@!!id:57
@!!loc:6682:6:6682:10
@!!status:to be proved
@!!END

@!!BEGIN
@!!type:obligation
@!!id:58
@!!loc:6682:12:6682:20
@!!status:to be proved
@!!END

@!!BEGIN
@!!type:obligation
@!!id:59
@!!loc:6683:19:6683:21
@!!status:to be proved
@!!END

@!!BEGIN
@!!type:obligation
@!!id:60
@!!loc:6684:14:6684:16
@!!status:to be proved
@!!END

@!!BEGIN
@!!type:obligation
@!!id:61
@!!loc:6684:17:6684:22
@!!status:to be proved
@!!END

@!!BEGIN
@!!type:obligation
@!!id:62
@!!loc:6684:24:6684:34
@!!status:to be proved
@!!END

@!!BEGIN
@!!type:obligation
@!!id:63
@!!loc:6685:29:6685:31
@!!status:to be proved
@!!END

@!!BEGIN
@!!type:obligation
@!!id:64
@!!loc:6686:16:6686:18
@!!status:to be proved
@!!END

@!!BEGIN
@!!type:obligation
@!!id:65
@!!loc:6686:19:6686:24
@!!status:to be proved
@!!END

@!!BEGIN
@!!type:obligation
@!!id:66
@!!loc:6686:26:6686:35
@!!status:to be proved
@!!END

@!!BEGIN
@!!type:obligation
@!!id:67
@!!loc:6706:10:6706:12
@!!status:to be proved
@!!END

@!!BEGIN
@!!type:obligation
@!!id:68
@!!loc:6706:13:6706:17
@!!status:to be proved
@!!END

@!!BEGIN
@!!type:obligation
@!!id:69
@!!loc:6706:19:6706:23
@!!status:to be proved
@!!END

@!!BEGIN
@!!type:obligation
@!!id:70
@!!loc:6706:25:6706:29
@!!status:to be proved
@!!END

@!!BEGIN
@!!type:obligation
@!!id:71
@!!loc:6706:31:6706:35
@!!status:to be proved
@!!END

@!!BEGIN
@!!type:obligation
@!!id:72
@!!loc:6706:37:6706:41
@!!status:to be proved
@!!END

@!!BEGIN
@!!type:obligation
@!!id:73
@!!loc:6706:43:6706:50
@!!status:to be proved
@!!END

@!!BEGIN
@!!type:obligation
@!!id:74
@!!loc:6692:14:6692:16
@!!status:to be proved
@!!END

@!!BEGIN
@!!type:obligation
@!!id:75
@!!loc:6693:14:6693:16
@!!status:to be proved
@!!END

@!!BEGIN
@!!type:obligation
@!!id:76
@!!loc:6693:17:6693:22
@!!status:to be proved
@!!END

@!!BEGIN
@!!type:obligation
@!!id:77
@!!loc:6693:24:6693:31
@!!status:to be proved
@!!END

@!!BEGIN
@!!type:obligation
@!!id:78
@!!loc:6694:10:6694:12
@!!status:to be proved
@!!END

@!!BEGIN
@!!type:obligation
@!!id:79
@!!loc:6695:17:6695:19
@!!status:to be proved
@!!END

@!!BEGIN
@!!type:obligation
@!!id:80
@!!loc:6695:20:6695:32
@!!status:to be proved
@!!END

@!!BEGIN
@!!type:obligation
@!!id:81
@!!loc:6697:3:6697:5
@!!status:to be proved
@!!END

@!!BEGIN
@!!type:obligation
@!!id:82
@!!loc:6697:6:6697:10
@!!status:to be proved
@!!END

@!!BEGIN
@!!type:obligation
@!!id:83
@!!loc:6697:12:6697:20
@!!status:to be proved
@!!END

@!!BEGIN
@!!type:obligation
@!!id:84
@!!loc:6703:12:6703:14
@!!status:to be proved
@!!END

@!!BEGIN
@!!type:obligation
@!!id:85
@!!loc:6703:15:6703:19
@!!status:to be proved
@!!END

@!!BEGIN
@!!type:obligation
@!!id:86
@!!loc:6703:21:6703:25
@!!status:to be proved
@!!END

@!!BEGIN
@!!type:obligation
@!!id:87
@!!loc:6699:56:6699:58
@!!status:to be proved
@!!END

@!!BEGIN
@!!type:obligation
@!!id:88
@!!loc:6702:14:6702:16
@!!status:to be proved
@!!END

@!!BEGIN
@!!type:obligation
@!!id:89
@!!loc:6702:17:6702:21
@!!status:to be proved
@!!END

@!!BEGIN
@!!type:obligation
@!!id:90
@!!loc:6701:43:6701:45
@!!status:to be proved
@!!END

@!!BEGIN
@!!type:obligation
@!!id:91
@!!loc:6704:29:6704:31
@!!status:to be proved
@!!END

@!!BEGIN
@!!type:obligation
@!!id:92
@!!loc:6705:16:6705:18
@!!status:to be proved
@!!END

@!!BEGIN
@!!type:obligation
@!!id:93
@!!loc:6705:19:6705:24
@!!status:to be proved
@!!END

@!!BEGIN
@!!type:obligation
@!!id:94
@!!loc:6705:26:6705:35
@!!status:to be proved
@!!END

@!!BEGIN
@!!type:obligation
@!!id:95
@!!loc:6725:10:6725:12
@!!status:to be proved
@!!END

@!!BEGIN
@!!type:obligation
@!!id:96
@!!loc:6725:13:6725:17
@!!status:to be proved
@!!END

@!!BEGIN
@!!type:obligation
@!!id:97
@!!loc:6725:19:6725:23
@!!status:to be proved
@!!END

@!!BEGIN
@!!type:obligation
@!!id:98
@!!loc:6725:25:6725:29
@!!status:to be proved
@!!END

@!!BEGIN
@!!type:obligation
@!!id:99
@!!loc:6725:31:6725:35
@!!status:to be proved
@!!END

@!!BEGIN
@!!type:obligation
@!!id:100
@!!loc:6725:37:6725:41
@!!status:to be proved
@!!END

@!!BEGIN
@!!type:obligation
@!!id:101
@!!loc:6725:43:6725:50
@!!status:to be proved
@!!END

@!!BEGIN
@!!type:obligation
@!!id:102
@!!loc:6711:14:6711:16
@!!status:to be proved
@!!END

@!!BEGIN
@!!type:obligation
@!!id:103
@!!loc:6712:14:6712:16
@!!status:to be proved
@!!END

@!!BEGIN
@!!type:obligation
@!!id:104
@!!loc:6712:17:6712:22
@!!status:to be proved
@!!END

@!!BEGIN
@!!type:obligation
@!!id:105
@!!loc:6712:24:6712:34
@!!status:to be proved
@!!END

@!!BEGIN
@!!type:obligation
@!!id:106
@!!loc:6713:10:6713:12
@!!status:to be proved
@!!END

@!!BEGIN
@!!type:obligation
@!!id:107
@!!loc:6714:17:6714:19
@!!status:to be proved
@!!END

@!!BEGIN
@!!type:obligation
@!!id:108
@!!loc:6714:20:6714:32
@!!status:to be proved
@!!END

@!!BEGIN
@!!type:obligation
@!!id:109
@!!loc:6716:3:6716:5
@!!status:to be proved
@!!END

@!!BEGIN
@!!type:obligation
@!!id:110
@!!loc:6716:6:6716:10
@!!status:to be proved
@!!END

@!!BEGIN
@!!type:obligation
@!!id:111
@!!loc:6716:12:6716:20
@!!status:to be proved
@!!END

@!!BEGIN
@!!type:obligation
@!!id:112
@!!loc:6717:21:6717:23
@!!status:to be proved
@!!END

@!!BEGIN
@!!type:obligation
@!!id:113
@!!loc:6717:24:6717:36
@!!status:to be proved
@!!END

@!!BEGIN
@!!type:obligation
@!!id:114
@!!loc:6722:12:6722:14
@!!status:to be proved
@!!END

@!!BEGIN
@!!type:obligation
@!!id:115
@!!loc:6722:15:6722:19
@!!status:to be proved
@!!END

@!!BEGIN
@!!type:obligation
@!!id:116
@!!loc:6719:41:6719:43
@!!status:to be proved
@!!END

@!!BEGIN
@!!type:obligation
@!!id:117
@!!loc:6721:5:6721:7
@!!status:to be proved
@!!END

@!!BEGIN
@!!type:obligation
@!!id:118
@!!loc:6721:8:6721:13
@!!status:to be proved
@!!END

@!!BEGIN
@!!type:obligation
@!!id:119
@!!loc:6721:15:6721:19
@!!status:to be proved
@!!END

@!!BEGIN
@!!type:obligation
@!!id:120
@!!loc:6723:29:6723:31
@!!status:to be proved
@!!END

@!!BEGIN
@!!type:obligation
@!!id:121
@!!loc:6724:16:6724:18
@!!status:to be proved
@!!END

@!!BEGIN
@!!type:obligation
@!!id:122
@!!loc:6724:19:6724:24
@!!status:to be proved
@!!END

@!!BEGIN
@!!type:obligation
@!!id:123
@!!loc:6724:26:6724:35
@!!status:to be proved
@!!END

@!!BEGIN
@!!type:obligation
@!!id:124
@!!loc:6731:10:6731:12
@!!status:to be proved
@!!END

@!!BEGIN
@!!type:obligation
@!!id:125
@!!loc:6731:13:6731:17
@!!status:to be proved
@!!END

@!!BEGIN
@!!type:obligation
@!!id:126
@!!loc:6730:16:6730:18
@!!status:to be proved
@!!END

@!!BEGIN
@!!type:obligation
@!!id:127
@!!loc:6748:10:6748:12
@!!status:to be proved
@!!END

@!!BEGIN
@!!type:obligation
@!!id:128
@!!loc:6748:13:6748:17
@!!status:to be proved
@!!END

@!!BEGIN
@!!type:obligation
@!!id:129
@!!loc:6748:19:6748:23
@!!status:to be proved
@!!END

@!!BEGIN
@!!type:obligation
@!!id:130
@!!loc:6748:25:6748:29
@!!status:to be proved
@!!END

@!!BEGIN
@!!type:obligation
@!!id:131
@!!loc:6748:31:6748:35
@!!status:to be proved
@!!END

@!!BEGIN
@!!type:obligation
@!!id:132
@!!loc:6748:37:6748:41
@!!status:to be proved
@!!END

@!!BEGIN
@!!type:obligation
@!!id:133
@!!loc:6748:43:6748:50
@!!status:to be proved
@!!END

@!!BEGIN
@!!type:obligation
@!!id:134
@!!loc:6736:14:6736:16
@!!status:to be proved
@!!END

@!!BEGIN
@!!type:obligation
@!!id:135
@!!loc:6737:14:6737:16
@!!status:to be proved
@!!END

@!!BEGIN
@!!type:obligation
@!!id:136
@!!loc:6737:17:6737:22
@!!status:to be proved
@!!END

@!!BEGIN
@!!type:obligation
@!!id:137
@!!loc:6737:24:6737:34
@!!status:to be proved
@!!END

@!!BEGIN
@!!type:obligation
@!!id:138
@!!loc:6738:10:6738:12
@!!status:to be proved
@!!END

@!!BEGIN
@!!type:obligation
@!!id:139
@!!loc:6739:17:6739:19
@!!status:to be proved
@!!END

@!!BEGIN
@!!type:obligation
@!!id:140
@!!loc:6739:20:6739:32
@!!status:to be proved
@!!END

@!!BEGIN
@!!type:obligation
@!!id:141
@!!loc:6741:3:6741:5
@!!status:to be proved
@!!END

@!!BEGIN
@!!type:obligation
@!!id:142
@!!loc:6741:6:6741:10
@!!status:to be proved
@!!END

@!!BEGIN
@!!type:obligation
@!!id:143
@!!loc:6741:12:6741:20
@!!status:to be proved
@!!END

@!!BEGIN
@!!type:obligation
@!!id:144
@!!loc:6745:12:6745:14
@!!status:to be proved
@!!END

@!!BEGIN
@!!type:obligation
@!!id:145
@!!loc:6745:15:6745:19
@!!status:to be proved
@!!END

@!!BEGIN
@!!type:obligation
@!!id:146
@!!loc:6743:41:6743:43
@!!status:to be proved
@!!END

@!!BEGIN
@!!type:obligation
@!!id:147
@!!loc:6744:60:6744:62
@!!status:to be proved
@!!END

@!!BEGIN
@!!type:obligation
@!!id:148
@!!loc:6744:63:6744:67
@!!status:to be proved
@!!END

@!!BEGIN
@!!type:obligation
@!!id:149
@!!loc:6746:29:6746:31
@!!status:to be proved
@!!END

@!!BEGIN
@!!type:obligation
@!!id:150
@!!loc:6747:16:6747:18
@!!status:to be proved
@!!END

@!!BEGIN
@!!type:obligation
@!!id:151
@!!loc:6747:19:6747:24
@!!status:to be proved
@!!END

@!!BEGIN
@!!type:obligation
@!!id:152
@!!loc:6747:26:6747:35
@!!status:to be proved
@!!END

@!!BEGIN
@!!type:obligation
@!!id:153
@!!loc:6764:10:6764:12
@!!status:to be proved
@!!END

@!!BEGIN
@!!type:obligation
@!!id:154
@!!loc:6764:13:6764:17
@!!status:to be proved
@!!END

@!!BEGIN
@!!type:obligation
@!!id:155
@!!loc:6764:19:6764:23
@!!status:to be proved
@!!END

@!!BEGIN
@!!type:obligation
@!!id:156
@!!loc:6764:25:6764:29
@!!status:to be proved
@!!END

@!!BEGIN
@!!type:obligation
@!!id:157
@!!loc:6764:31:6764:35
@!!status:to be proved
@!!END

@!!BEGIN
@!!type:obligation
@!!id:158
@!!loc:6764:37:6764:41
@!!status:to be proved
@!!END

@!!BEGIN
@!!type:obligation
@!!id:159
@!!loc:6764:43:6764:50
@!!status:to be proved
@!!END

@!!BEGIN
@!!type:obligation
@!!id:160
@!!loc:6753:14:6753:16
@!!status:to be proved
@!!END

@!!BEGIN
@!!type:obligation
@!!id:161
@!!loc:6754:14:6754:16
@!!status:to be proved
@!!END

@!!BEGIN
@!!type:obligation
@!!id:162
@!!loc:6754:17:6754:22
@!!status:to be proved
@!!END

@!!BEGIN
@!!type:obligation
@!!id:163
@!!loc:6754:24:6754:32
@!!status:to be proved
@!!END

@!!BEGIN
@!!type:obligation
@!!id:164
@!!loc:6755:10:6755:12
@!!status:to be proved
@!!END

@!!BEGIN
@!!type:obligation
@!!id:165
@!!loc:6756:17:6756:19
@!!status:to be proved
@!!END

@!!BEGIN
@!!type:obligation
@!!id:166
@!!loc:6756:20:6756:32
@!!status:to be proved
@!!END

@!!BEGIN
@!!type:obligation
@!!id:167
@!!loc:6758:3:6758:5
@!!status:to be proved
@!!END

@!!BEGIN
@!!type:obligation
@!!id:168
@!!loc:6758:6:6758:10
@!!status:to be proved
@!!END

@!!BEGIN
@!!type:obligation
@!!id:169
@!!loc:6758:12:6758:20
@!!status:to be proved
@!!END

@!!BEGIN
@!!type:obligation
@!!id:170
@!!loc:6759:19:6759:21
@!!status:to be proved
@!!END

@!!BEGIN
@!!type:obligation
@!!id:171
@!!loc:6760:14:6760:16
@!!status:to be proved
@!!END

@!!BEGIN
@!!type:obligation
@!!id:172
@!!loc:6760:17:6760:22
@!!status:to be proved
@!!END

@!!BEGIN
@!!type:obligation
@!!id:173
@!!loc:6760:24:6760:34
@!!status:to be proved
@!!END

@!!BEGIN
@!!type:obligation
@!!id:174
@!!loc:6763:12:6763:14
@!!status:to be proved
@!!END

@!!BEGIN
@!!type:obligation
@!!id:175
@!!loc:6763:15:6763:19
@!!status:to be proved
@!!END

@!!BEGIN
@!!type:obligation
@!!id:176
@!!loc:6762:62:6762:64
@!!status:to be proved
@!!END

@!!BEGIN
@!!type:obligation
@!!id:177
@!!loc:6762:65:6762:69
@!!status:to be proved
@!!END

@!!BEGIN
@!!type:obligation
@!!id:178
@!!loc:6782:10:6782:12
@!!status:to be proved
@!!END

@!!BEGIN
@!!type:obligation
@!!id:179
@!!loc:6782:13:6782:17
@!!status:to be proved
@!!END

@!!BEGIN
@!!type:obligation
@!!id:180
@!!loc:6782:19:6782:23
@!!status:to be proved
@!!END

@!!BEGIN
@!!type:obligation
@!!id:181
@!!loc:6782:25:6782:29
@!!status:to be proved
@!!END

@!!BEGIN
@!!type:obligation
@!!id:182
@!!loc:6782:31:6782:35
@!!status:to be proved
@!!END

@!!BEGIN
@!!type:obligation
@!!id:183
@!!loc:6782:37:6782:41
@!!status:to be proved
@!!END

@!!BEGIN
@!!type:obligation
@!!id:184
@!!loc:6782:43:6782:50
@!!status:to be proved
@!!END

@!!BEGIN
@!!type:obligation
@!!id:185
@!!loc:6772:14:6772:16
@!!status:to be proved
@!!END

@!!BEGIN
@!!type:obligation
@!!id:186
@!!loc:6773:14:6773:16
@!!status:to be proved
@!!END

@!!BEGIN
@!!type:obligation
@!!id:187
@!!loc:6773:17:6773:22
@!!status:to be proved
@!!END

@!!BEGIN
@!!type:obligation
@!!id:188
@!!loc:6773:24:6773:31
@!!status:to be proved
@!!END

@!!BEGIN
@!!type:obligation
@!!id:189
@!!loc:6774:10:6774:12
@!!status:to be proved
@!!END

@!!BEGIN
@!!type:obligation
@!!id:190
@!!loc:6775:17:6775:19
@!!status:to be proved
@!!END

@!!BEGIN
@!!type:obligation
@!!id:191
@!!loc:6775:20:6775:32
@!!status:to be proved
@!!END

@!!BEGIN
@!!type:obligation
@!!id:192
@!!loc:6777:3:6777:5
@!!status:to be proved
@!!END

@!!BEGIN
@!!type:obligation
@!!id:193
@!!loc:6777:6:6777:10
@!!status:to be proved
@!!END

@!!BEGIN
@!!type:obligation
@!!id:194
@!!loc:6777:12:6777:20
@!!status:to be proved
@!!END

@!!BEGIN
@!!type:obligation
@!!id:195
@!!loc:6778:19:6778:21
@!!status:to be proved
@!!END

@!!BEGIN
@!!type:obligation
@!!id:196
@!!loc:6779:14:6779:16
@!!status:to be proved
@!!END

@!!BEGIN
@!!type:obligation
@!!id:197
@!!loc:6779:17:6779:22
@!!status:to be proved
@!!END

@!!BEGIN
@!!type:obligation
@!!id:198
@!!loc:6779:24:6779:34
@!!status:to be proved
@!!END

@!!BEGIN
@!!type:obligation
@!!id:199
@!!loc:6780:29:6780:31
@!!status:to be proved
@!!END

@!!BEGIN
@!!type:obligation
@!!id:200
@!!loc:6781:16:6781:18
@!!status:to be proved
@!!END

@!!BEGIN
@!!type:obligation
@!!id:201
@!!loc:6781:19:6781:24
@!!status:to be proved
@!!END

@!!BEGIN
@!!type:obligation
@!!id:202
@!!loc:6781:26:6781:35
@!!status:to be proved
@!!END

@!!BEGIN
@!!type:obligation
@!!id:203
@!!loc:6797:10:6797:12
@!!status:to be proved
@!!END

@!!BEGIN
@!!type:obligation
@!!id:204
@!!loc:6797:13:6797:17
@!!status:to be proved
@!!END

@!!BEGIN
@!!type:obligation
@!!id:205
@!!loc:6797:19:6797:23
@!!status:to be proved
@!!END

@!!BEGIN
@!!type:obligation
@!!id:206
@!!loc:6797:25:6797:29
@!!status:to be proved
@!!END

@!!BEGIN
@!!type:obligation
@!!id:207
@!!loc:6797:31:6797:35
@!!status:to be proved
@!!END

@!!BEGIN
@!!type:obligation
@!!id:208
@!!loc:6797:37:6797:41
@!!status:to be proved
@!!END

@!!BEGIN
@!!type:obligation
@!!id:209
@!!loc:6797:43:6797:50
@!!status:to be proved
@!!END

@!!BEGIN
@!!type:obligation
@!!id:210
@!!loc:6787:14:6787:16
@!!status:to be proved
@!!END

@!!BEGIN
@!!type:obligation
@!!id:211
@!!loc:6788:14:6788:16
@!!status:to be proved
@!!END

@!!BEGIN
@!!type:obligation
@!!id:212
@!!loc:6788:17:6788:22
@!!status:to be proved
@!!END

@!!BEGIN
@!!type:obligation
@!!id:213
@!!loc:6788:24:6788:33
@!!status:to be proved
@!!END

@!!BEGIN
@!!type:obligation
@!!id:214
@!!loc:6789:10:6789:12
@!!status:to be proved
@!!END

@!!BEGIN
@!!type:obligation
@!!id:215
@!!loc:6790:17:6790:19
@!!status:to be proved
@!!END

@!!BEGIN
@!!type:obligation
@!!id:216
@!!loc:6790:20:6790:32
@!!status:to be proved
@!!END

@!!BEGIN
@!!type:obligation
@!!id:217
@!!loc:6792:3:6792:5
@!!status:to be proved
@!!END

@!!BEGIN
@!!type:obligation
@!!id:218
@!!loc:6792:6:6792:10
@!!status:to be proved
@!!END

@!!BEGIN
@!!type:obligation
@!!id:219
@!!loc:6792:12:6792:20
@!!status:to be proved
@!!END

@!!BEGIN
@!!type:obligation
@!!id:220
@!!loc:6793:19:6793:21
@!!status:to be proved
@!!END

@!!BEGIN
@!!type:obligation
@!!id:221
@!!loc:6794:14:6794:16
@!!status:to be proved
@!!END

@!!BEGIN
@!!type:obligation
@!!id:222
@!!loc:6794:17:6794:22
@!!status:to be proved
@!!END

@!!BEGIN
@!!type:obligation
@!!id:223
@!!loc:6794:24:6794:34
@!!status:to be proved
@!!END

@!!BEGIN
@!!type:obligation
@!!id:224
@!!loc:6795:29:6795:31
@!!status:to be proved
@!!END

@!!BEGIN
@!!type:obligation
@!!id:225
@!!loc:6796:16:6796:18
@!!status:to be proved
@!!END

@!!BEGIN
@!!type:obligation
@!!id:226
@!!loc:6796:19:6796:24
@!!status:to be proved
@!!END

@!!BEGIN
@!!type:obligation
@!!id:227
@!!loc:6796:26:6796:35
@!!status:to be proved
@!!END

@!!BEGIN
@!!type:obligation
@!!id:228
@!!loc:6812:10:6812:12
@!!status:to be proved
@!!END

@!!BEGIN
@!!type:obligation
@!!id:229
@!!loc:6812:13:6812:17
@!!status:to be proved
@!!END

@!!BEGIN
@!!type:obligation
@!!id:230
@!!loc:6812:19:6812:23
@!!status:to be proved
@!!END

@!!BEGIN
@!!type:obligation
@!!id:231
@!!loc:6812:25:6812:29
@!!status:to be proved
@!!END

@!!BEGIN
@!!type:obligation
@!!id:232
@!!loc:6812:31:6812:35
@!!status:to be proved
@!!END

@!!BEGIN
@!!type:obligation
@!!id:233
@!!loc:6812:37:6812:41
@!!status:to be proved
@!!END

@!!BEGIN
@!!type:obligation
@!!id:234
@!!loc:6812:43:6812:50
@!!status:to be proved
@!!END

@!!BEGIN
@!!type:obligation
@!!id:235
@!!loc:6802:14:6802:16
@!!status:to be proved
@!!END

@!!BEGIN
@!!type:obligation
@!!id:236
@!!loc:6803:14:6803:16
@!!status:to be proved
@!!END

@!!BEGIN
@!!type:obligation
@!!id:237
@!!loc:6803:17:6803:22
@!!status:to be proved
@!!END

@!!BEGIN
@!!type:obligation
@!!id:238
@!!loc:6803:24:6803:35
@!!status:to be proved
@!!END

@!!BEGIN
@!!type:obligation
@!!id:239
@!!loc:6804:10:6804:12
@!!status:to be proved
@!!END

@!!BEGIN
@!!type:obligation
@!!id:240
@!!loc:6805:17:6805:19
@!!status:to be proved
@!!END

@!!BEGIN
@!!type:obligation
@!!id:241
@!!loc:6805:20:6805:32
@!!status:to be proved
@!!END

@!!BEGIN
@!!type:obligation
@!!id:242
@!!loc:6807:3:6807:5
@!!status:to be proved
@!!END

@!!BEGIN
@!!type:obligation
@!!id:243
@!!loc:6807:6:6807:10
@!!status:to be proved
@!!END

@!!BEGIN
@!!type:obligation
@!!id:244
@!!loc:6807:12:6807:20
@!!status:to be proved
@!!END

@!!BEGIN
@!!type:obligation
@!!id:245
@!!loc:6808:19:6808:21
@!!status:to be proved
@!!END

@!!BEGIN
@!!type:obligation
@!!id:246
@!!loc:6809:14:6809:16
@!!status:to be proved
@!!END

@!!BEGIN
@!!type:obligation
@!!id:247
@!!loc:6809:17:6809:22
@!!status:to be proved
@!!END

@!!BEGIN
@!!type:obligation
@!!id:248
@!!loc:6809:24:6809:34
@!!status:to be proved
@!!END

@!!BEGIN
@!!type:obligation
@!!id:249
@!!loc:6810:29:6810:31
@!!status:to be proved
@!!END

@!!BEGIN
@!!type:obligation
@!!id:250
@!!loc:6811:16:6811:18
@!!status:to be proved
@!!END

@!!BEGIN
@!!type:obligation
@!!id:251
@!!loc:6811:19:6811:24
@!!status:to be proved
@!!END

@!!BEGIN
@!!type:obligation
@!!id:252
@!!loc:6811:26:6811:35
@!!status:to be proved
@!!END

@!!BEGIN
@!!type:obligation
@!!id:253
@!!loc:6827:10:6827:12
@!!status:to be proved
@!!END

@!!BEGIN
@!!type:obligation
@!!id:254
@!!loc:6827:13:6827:17
@!!status:to be proved
@!!END

@!!BEGIN
@!!type:obligation
@!!id:255
@!!loc:6827:19:6827:23
@!!status:to be proved
@!!END

@!!BEGIN
@!!type:obligation
@!!id:256
@!!loc:6827:25:6827:29
@!!status:to be proved
@!!END

@!!BEGIN
@!!type:obligation
@!!id:257
@!!loc:6827:31:6827:35
@!!status:to be proved
@!!END

@!!BEGIN
@!!type:obligation
@!!id:258
@!!loc:6827:37:6827:41
@!!status:to be proved
@!!END

@!!BEGIN
@!!type:obligation
@!!id:259
@!!loc:6827:43:6827:50
@!!status:to be proved
@!!END

@!!BEGIN
@!!type:obligation
@!!id:260
@!!loc:6817:14:6817:16
@!!status:to be proved
@!!END

@!!BEGIN
@!!type:obligation
@!!id:261
@!!loc:6818:14:6818:16
@!!status:to be proved
@!!END

@!!BEGIN
@!!type:obligation
@!!id:262
@!!loc:6818:17:6818:22
@!!status:to be proved
@!!END

@!!BEGIN
@!!type:obligation
@!!id:263
@!!loc:6818:24:6818:34
@!!status:to be proved
@!!END

@!!BEGIN
@!!type:obligation
@!!id:264
@!!loc:6819:10:6819:12
@!!status:to be proved
@!!END

@!!BEGIN
@!!type:obligation
@!!id:265
@!!loc:6820:17:6820:19
@!!status:to be proved
@!!END

@!!BEGIN
@!!type:obligation
@!!id:266
@!!loc:6820:20:6820:32
@!!status:to be proved
@!!END

@!!BEGIN
@!!type:obligation
@!!id:267
@!!loc:6822:3:6822:5
@!!status:to be proved
@!!END

@!!BEGIN
@!!type:obligation
@!!id:268
@!!loc:6822:6:6822:10
@!!status:to be proved
@!!END

@!!BEGIN
@!!type:obligation
@!!id:269
@!!loc:6822:12:6822:20
@!!status:to be proved
@!!END

@!!BEGIN
@!!type:obligation
@!!id:270
@!!loc:6823:19:6823:21
@!!status:to be proved
@!!END

@!!BEGIN
@!!type:obligation
@!!id:271
@!!loc:6824:14:6824:16
@!!status:to be proved
@!!END

@!!BEGIN
@!!type:obligation
@!!id:272
@!!loc:6824:17:6824:22
@!!status:to be proved
@!!END

@!!BEGIN
@!!type:obligation
@!!id:273
@!!loc:6824:24:6824:34
@!!status:to be proved
@!!END

@!!BEGIN
@!!type:obligation
@!!id:274
@!!loc:6825:29:6825:31
@!!status:to be proved
@!!END

@!!BEGIN
@!!type:obligation
@!!id:275
@!!loc:6826:16:6826:18
@!!status:to be proved
@!!END

@!!BEGIN
@!!type:obligation
@!!id:276
@!!loc:6826:19:6826:24
@!!status:to be proved
@!!END

@!!BEGIN
@!!type:obligation
@!!id:277
@!!loc:6826:26:6826:35
@!!status:to be proved
@!!END

@!!BEGIN
@!!type:obligation
@!!id:278
@!!loc:6842:10:6842:12
@!!status:to be proved
@!!END

@!!BEGIN
@!!type:obligation
@!!id:279
@!!loc:6842:13:6842:17
@!!status:to be proved
@!!END

@!!BEGIN
@!!type:obligation
@!!id:280
@!!loc:6842:19:6842:23
@!!status:to be proved
@!!END

@!!BEGIN
@!!type:obligation
@!!id:281
@!!loc:6842:25:6842:29
@!!status:to be proved
@!!END

@!!BEGIN
@!!type:obligation
@!!id:282
@!!loc:6842:31:6842:35
@!!status:to be proved
@!!END

@!!BEGIN
@!!type:obligation
@!!id:283
@!!loc:6842:37:6842:41
@!!status:to be proved
@!!END

@!!BEGIN
@!!type:obligation
@!!id:284
@!!loc:6842:43:6842:50
@!!status:to be proved
@!!END

@!!BEGIN
@!!type:obligation
@!!id:285
@!!loc:6832:14:6832:16
@!!status:to be proved
@!!END

@!!BEGIN
@!!type:obligation
@!!id:286
@!!loc:6833:14:6833:16
@!!status:to be proved
@!!END

@!!BEGIN
@!!type:obligation
@!!id:287
@!!loc:6833:17:6833:22
@!!status:to be proved
@!!END

@!!BEGIN
@!!type:obligation
@!!id:288
@!!loc:6833:24:6833:31
@!!status:to be proved
@!!END

@!!BEGIN
@!!type:obligation
@!!id:289
@!!loc:6834:10:6834:12
@!!status:to be proved
@!!END

@!!BEGIN
@!!type:obligation
@!!id:290
@!!loc:6835:17:6835:19
@!!status:to be proved
@!!END

@!!BEGIN
@!!type:obligation
@!!id:291
@!!loc:6835:20:6835:32
@!!status:to be proved
@!!END

@!!BEGIN
@!!type:obligation
@!!id:292
@!!loc:6837:3:6837:5
@!!status:to be proved
@!!END

@!!BEGIN
@!!type:obligation
@!!id:293
@!!loc:6837:6:6837:10
@!!status:to be proved
@!!END

@!!BEGIN
@!!type:obligation
@!!id:294
@!!loc:6837:12:6837:20
@!!status:to be proved
@!!END

@!!BEGIN
@!!type:obligation
@!!id:295
@!!loc:6838:19:6838:21
@!!status:to be proved
@!!END

@!!BEGIN
@!!type:obligation
@!!id:296
@!!loc:6839:14:6839:16
@!!status:to be proved
@!!END

@!!BEGIN
@!!type:obligation
@!!id:297
@!!loc:6839:17:6839:22
@!!status:to be proved
@!!END

@!!BEGIN
@!!type:obligation
@!!id:298
@!!loc:6839:24:6839:34
@!!status:to be proved
@!!END

@!!BEGIN
@!!type:obligation
@!!id:299
@!!loc:6840:29:6840:31
@!!status:to be proved
@!!END

@!!BEGIN
@!!type:obligation
@!!id:300
@!!loc:6841:16:6841:18
@!!status:to be proved
@!!END

@!!BEGIN
@!!type:obligation
@!!id:301
@!!loc:6841:19:6841:24
@!!status:to be proved
@!!END

@!!BEGIN
@!!type:obligation
@!!id:302
@!!loc:6841:26:6841:35
@!!status:to be proved
@!!END

@!!BEGIN
@!!type:obligation
@!!id:303
@!!loc:6857:10:6857:12
@!!status:to be proved
@!!END

@!!BEGIN
@!!type:obligation
@!!id:304
@!!loc:6857:13:6857:17
@!!status:to be proved
@!!END

@!!BEGIN
@!!type:obligation
@!!id:305
@!!loc:6857:19:6857:23
@!!status:to be proved
@!!END

@!!BEGIN
@!!type:obligation
@!!id:306
@!!loc:6857:25:6857:29
@!!status:to be proved
@!!END

@!!BEGIN
@!!type:obligation
@!!id:307
@!!loc:6857:31:6857:35
@!!status:to be proved
@!!END

@!!BEGIN
@!!type:obligation
@!!id:308
@!!loc:6857:37:6857:41
@!!status:to be proved
@!!END

@!!BEGIN
@!!type:obligation
@!!id:309
@!!loc:6857:43:6857:50
@!!status:to be proved
@!!END

@!!BEGIN
@!!type:obligation
@!!id:310
@!!loc:6847:14:6847:16
@!!status:to be proved
@!!END

@!!BEGIN
@!!type:obligation
@!!id:311
@!!loc:6848:14:6848:16
@!!status:to be proved
@!!END

@!!BEGIN
@!!type:obligation
@!!id:312
@!!loc:6848:17:6848:22
@!!status:to be proved
@!!END

@!!BEGIN
@!!type:obligation
@!!id:313
@!!loc:6848:24:6848:31
@!!status:to be proved
@!!END

@!!BEGIN
@!!type:obligation
@!!id:314
@!!loc:6849:10:6849:12
@!!status:to be proved
@!!END

@!!BEGIN
@!!type:obligation
@!!id:315
@!!loc:6850:17:6850:19
@!!status:to be proved
@!!END

@!!BEGIN
@!!type:obligation
@!!id:316
@!!loc:6850:20:6850:32
@!!status:to be proved
@!!END

@!!BEGIN
@!!type:obligation
@!!id:317
@!!loc:6852:3:6852:5
@!!status:to be proved
@!!END

@!!BEGIN
@!!type:obligation
@!!id:318
@!!loc:6852:6:6852:10
@!!status:to be proved
@!!END

@!!BEGIN
@!!type:obligation
@!!id:319
@!!loc:6852:12:6852:20
@!!status:to be proved
@!!END

@!!BEGIN
@!!type:obligation
@!!id:320
@!!loc:6853:19:6853:21
@!!status:to be proved
@!!END

@!!BEGIN
@!!type:obligation
@!!id:321
@!!loc:6854:14:6854:16
@!!status:to be proved
@!!END

@!!BEGIN
@!!type:obligation
@!!id:322
@!!loc:6854:17:6854:22
@!!status:to be proved
@!!END

@!!BEGIN
@!!type:obligation
@!!id:323
@!!loc:6854:24:6854:34
@!!status:to be proved
@!!END

@!!BEGIN
@!!type:obligation
@!!id:324
@!!loc:6855:29:6855:31
@!!status:to be proved
@!!END

@!!BEGIN
@!!type:obligation
@!!id:325
@!!loc:6856:16:6856:18
@!!status:to be proved
@!!END

@!!BEGIN
@!!type:obligation
@!!id:326
@!!loc:6856:19:6856:24
@!!status:to be proved
@!!END

@!!BEGIN
@!!type:obligation
@!!id:327
@!!loc:6856:26:6856:35
@!!status:to be proved
@!!END

@!!BEGIN
@!!type:obligation
@!!id:328
@!!loc:6872:10:6872:12
@!!status:to be proved
@!!END

@!!BEGIN
@!!type:obligation
@!!id:329
@!!loc:6872:13:6872:17
@!!status:to be proved
@!!END

@!!BEGIN
@!!type:obligation
@!!id:330
@!!loc:6872:19:6872:23
@!!status:to be proved
@!!END

@!!BEGIN
@!!type:obligation
@!!id:331
@!!loc:6872:25:6872:29
@!!status:to be proved
@!!END

@!!BEGIN
@!!type:obligation
@!!id:332
@!!loc:6872:31:6872:35
@!!status:to be proved
@!!END

@!!BEGIN
@!!type:obligation
@!!id:333
@!!loc:6872:37:6872:41
@!!status:to be proved
@!!END

@!!BEGIN
@!!type:obligation
@!!id:334
@!!loc:6872:43:6872:50
@!!status:to be proved
@!!END

@!!BEGIN
@!!type:obligation
@!!id:335
@!!loc:6862:14:6862:16
@!!status:to be proved
@!!END

@!!BEGIN
@!!type:obligation
@!!id:336
@!!loc:6863:14:6863:16
@!!status:to be proved
@!!END

@!!BEGIN
@!!type:obligation
@!!id:337
@!!loc:6863:17:6863:22
@!!status:to be proved
@!!END

@!!BEGIN
@!!type:obligation
@!!id:338
@!!loc:6863:24:6863:33
@!!status:to be proved
@!!END

@!!BEGIN
@!!type:obligation
@!!id:339
@!!loc:6864:10:6864:12
@!!status:to be proved
@!!END

@!!BEGIN
@!!type:obligation
@!!id:340
@!!loc:6865:17:6865:19
@!!status:to be proved
@!!END

@!!BEGIN
@!!type:obligation
@!!id:341
@!!loc:6865:20:6865:32
@!!status:to be proved
@!!END

@!!BEGIN
@!!type:obligation
@!!id:342
@!!loc:6867:3:6867:5
@!!status:to be proved
@!!END

@!!BEGIN
@!!type:obligation
@!!id:343
@!!loc:6867:6:6867:10
@!!status:to be proved
@!!END

@!!BEGIN
@!!type:obligation
@!!id:344
@!!loc:6867:12:6867:20
@!!status:to be proved
@!!END

@!!BEGIN
@!!type:obligation
@!!id:345
@!!loc:6868:19:6868:21
@!!status:to be proved
@!!END

@!!BEGIN
@!!type:obligation
@!!id:346
@!!loc:6869:14:6869:16
@!!status:to be proved
@!!END

@!!BEGIN
@!!type:obligation
@!!id:347
@!!loc:6869:17:6869:22
@!!status:to be proved
@!!END

@!!BEGIN
@!!type:obligation
@!!id:348
@!!loc:6869:24:6869:34
@!!status:to be proved
@!!END

@!!BEGIN
@!!type:obligation
@!!id:349
@!!loc:6870:29:6870:31
@!!status:to be proved
@!!END

@!!BEGIN
@!!type:obligation
@!!id:350
@!!loc:6871:16:6871:18
@!!status:to be proved
@!!END

@!!BEGIN
@!!type:obligation
@!!id:351
@!!loc:6871:19:6871:24
@!!status:to be proved
@!!END

@!!BEGIN
@!!type:obligation
@!!id:352
@!!loc:6871:26:6871:35
@!!status:to be proved
@!!END

@!!BEGIN
@!!type:obligation
@!!id:353
@!!loc:6887:10:6887:12
@!!status:to be proved
@!!END

@!!BEGIN
@!!type:obligation
@!!id:354
@!!loc:6887:13:6887:17
@!!status:to be proved
@!!END

@!!BEGIN
@!!type:obligation
@!!id:355
@!!loc:6887:19:6887:23
@!!status:to be proved
@!!END

@!!BEGIN
@!!type:obligation
@!!id:356
@!!loc:6887:25:6887:29
@!!status:to be proved
@!!END

@!!BEGIN
@!!type:obligation
@!!id:357
@!!loc:6887:31:6887:35
@!!status:to be proved
@!!END

@!!BEGIN
@!!type:obligation
@!!id:358
@!!loc:6887:37:6887:41
@!!status:to be proved
@!!END

@!!BEGIN
@!!type:obligation
@!!id:359
@!!loc:6887:43:6887:50
@!!status:to be proved
@!!END

@!!BEGIN
@!!type:obligation
@!!id:360
@!!loc:6877:14:6877:16
@!!status:to be proved
@!!END

@!!BEGIN
@!!type:obligation
@!!id:361
@!!loc:6878:14:6878:16
@!!status:to be proved
@!!END

@!!BEGIN
@!!type:obligation
@!!id:362
@!!loc:6878:17:6878:22
@!!status:to be proved
@!!END

@!!BEGIN
@!!type:obligation
@!!id:363
@!!loc:6878:24:6878:35
@!!status:to be proved
@!!END

@!!BEGIN
@!!type:obligation
@!!id:364
@!!loc:6879:10:6879:12
@!!status:to be proved
@!!END

@!!BEGIN
@!!type:obligation
@!!id:365
@!!loc:6880:17:6880:19
@!!status:to be proved
@!!END

@!!BEGIN
@!!type:obligation
@!!id:366
@!!loc:6880:20:6880:32
@!!status:to be proved
@!!END

@!!BEGIN
@!!type:obligation
@!!id:367
@!!loc:6882:3:6882:5
@!!status:to be proved
@!!END

@!!BEGIN
@!!type:obligation
@!!id:368
@!!loc:6882:6:6882:10
@!!status:to be proved
@!!END

@!!BEGIN
@!!type:obligation
@!!id:369
@!!loc:6882:12:6882:20
@!!status:to be proved
@!!END

@!!BEGIN
@!!type:obligation
@!!id:370
@!!loc:6883:19:6883:21
@!!status:to be proved
@!!END

@!!BEGIN
@!!type:obligation
@!!id:371
@!!loc:6884:14:6884:16
@!!status:to be proved
@!!END

@!!BEGIN
@!!type:obligation
@!!id:372
@!!loc:6884:17:6884:22
@!!status:to be proved
@!!END

@!!BEGIN
@!!type:obligation
@!!id:373
@!!loc:6884:24:6884:34
@!!status:to be proved
@!!END

@!!BEGIN
@!!type:obligation
@!!id:374
@!!loc:6885:29:6885:31
@!!status:to be proved
@!!END

@!!BEGIN
@!!type:obligation
@!!id:375
@!!loc:6886:16:6886:18
@!!status:to be proved
@!!END

@!!BEGIN
@!!type:obligation
@!!id:376
@!!loc:6886:19:6886:24
@!!status:to be proved
@!!END

@!!BEGIN
@!!type:obligation
@!!id:377
@!!loc:6886:26:6886:35
@!!status:to be proved
@!!END

@!!BEGIN
@!!type:obligation
@!!id:378
@!!loc:6902:10:6902:12
@!!status:to be proved
@!!END

@!!BEGIN
@!!type:obligation
@!!id:379
@!!loc:6902:13:6902:17
@!!status:to be proved
@!!END

@!!BEGIN
@!!type:obligation
@!!id:380
@!!loc:6902:19:6902:23
@!!status:to be proved
@!!END

@!!BEGIN
@!!type:obligation
@!!id:381
@!!loc:6902:25:6902:29
@!!status:to be proved
@!!END

@!!BEGIN
@!!type:obligation
@!!id:382
@!!loc:6902:31:6902:35
@!!status:to be proved
@!!END

@!!BEGIN
@!!type:obligation
@!!id:383
@!!loc:6902:37:6902:41
@!!status:to be proved
@!!END

@!!BEGIN
@!!type:obligation
@!!id:384
@!!loc:6902:43:6902:50
@!!status:to be proved
@!!END

@!!BEGIN
@!!type:obligation
@!!id:385
@!!loc:6892:14:6892:16
@!!status:to be proved
@!!END

@!!BEGIN
@!!type:obligation
@!!id:386
@!!loc:6893:14:6893:16
@!!status:to be proved
@!!END

@!!BEGIN
@!!type:obligation
@!!id:387
@!!loc:6893:17:6893:22
@!!status:to be proved
@!!END

@!!BEGIN
@!!type:obligation
@!!id:388
@!!loc:6893:24:6893:32
@!!status:to be proved
@!!END

@!!BEGIN
@!!type:obligation
@!!id:389
@!!loc:6894:10:6894:12
@!!status:to be proved
@!!END

@!!BEGIN
@!!type:obligation
@!!id:390
@!!loc:6895:17:6895:19
@!!status:to be proved
@!!END

@!!BEGIN
@!!type:obligation
@!!id:391
@!!loc:6895:20:6895:32
@!!status:to be proved
@!!END

@!!BEGIN
@!!type:obligation
@!!id:392
@!!loc:6897:3:6897:5
@!!status:to be proved
@!!END

@!!BEGIN
@!!type:obligation
@!!id:393
@!!loc:6897:6:6897:10
@!!status:to be proved
@!!END

@!!BEGIN
@!!type:obligation
@!!id:394
@!!loc:6897:12:6897:20
@!!status:to be proved
@!!END

@!!BEGIN
@!!type:obligation
@!!id:395
@!!loc:6898:19:6898:21
@!!status:to be proved
@!!END

@!!BEGIN
@!!type:obligation
@!!id:396
@!!loc:6899:14:6899:16
@!!status:to be proved
@!!END

@!!BEGIN
@!!type:obligation
@!!id:397
@!!loc:6899:17:6899:22
@!!status:to be proved
@!!END

@!!BEGIN
@!!type:obligation
@!!id:398
@!!loc:6899:24:6899:34
@!!status:to be proved
@!!END

@!!BEGIN
@!!type:obligation
@!!id:399
@!!loc:6900:29:6900:31
@!!status:to be proved
@!!END

@!!BEGIN
@!!type:obligation
@!!id:400
@!!loc:6901:16:6901:18
@!!status:to be proved
@!!END

@!!BEGIN
@!!type:obligation
@!!id:401
@!!loc:6901:19:6901:24
@!!status:to be proved
@!!END

@!!BEGIN
@!!type:obligation
@!!id:402
@!!loc:6901:26:6901:35
@!!status:to be proved
@!!END

@!!BEGIN
@!!type:obligation
@!!id:403
@!!loc:6917:10:6917:12
@!!status:to be proved
@!!END

@!!BEGIN
@!!type:obligation
@!!id:404
@!!loc:6917:13:6917:17
@!!status:to be proved
@!!END

@!!BEGIN
@!!type:obligation
@!!id:405
@!!loc:6917:19:6917:23
@!!status:to be proved
@!!END

@!!BEGIN
@!!type:obligation
@!!id:406
@!!loc:6917:25:6917:29
@!!status:to be proved
@!!END

@!!BEGIN
@!!type:obligation
@!!id:407
@!!loc:6917:31:6917:35
@!!status:to be proved
@!!END

@!!BEGIN
@!!type:obligation
@!!id:408
@!!loc:6917:37:6917:41
@!!status:to be proved
@!!END

@!!BEGIN
@!!type:obligation
@!!id:409
@!!loc:6917:43:6917:50
@!!status:to be proved
@!!END

@!!BEGIN
@!!type:obligation
@!!id:410
@!!loc:6907:14:6907:16
@!!status:to be proved
@!!END

@!!BEGIN
@!!type:obligation
@!!id:411
@!!loc:6908:14:6908:16
@!!status:to be proved
@!!END

@!!BEGIN
@!!type:obligation
@!!id:412
@!!loc:6908:17:6908:22
@!!status:to be proved
@!!END

@!!BEGIN
@!!type:obligation
@!!id:413
@!!loc:6908:24:6908:33
@!!status:to be proved
@!!END

@!!BEGIN
@!!type:obligation
@!!id:414
@!!loc:6909:10:6909:12
@!!status:to be proved
@!!END

@!!BEGIN
@!!type:obligation
@!!id:415
@!!loc:6910:17:6910:19
@!!status:to be proved
@!!END

@!!BEGIN
@!!type:obligation
@!!id:416
@!!loc:6910:20:6910:32
@!!status:to be proved
@!!END

@!!BEGIN
@!!type:obligation
@!!id:417
@!!loc:6912:3:6912:5
@!!status:to be proved
@!!END

@!!BEGIN
@!!type:obligation
@!!id:418
@!!loc:6912:6:6912:10
@!!status:to be proved
@!!END

@!!BEGIN
@!!type:obligation
@!!id:419
@!!loc:6912:12:6912:20
@!!status:to be proved
@!!END

@!!BEGIN
@!!type:obligation
@!!id:420
@!!loc:6913:19:6913:21
@!!status:to be proved
@!!END

@!!BEGIN
@!!type:obligation
@!!id:421
@!!loc:6914:14:6914:16
@!!status:to be proved
@!!END

@!!BEGIN
@!!type:obligation
@!!id:422
@!!loc:6914:17:6914:22
@!!status:to be proved
@!!END

@!!BEGIN
@!!type:obligation
@!!id:423
@!!loc:6914:24:6914:34
@!!status:to be proved
@!!END

@!!BEGIN
@!!type:obligation
@!!id:424
@!!loc:6915:29:6915:31
@!!status:to be proved
@!!END

@!!BEGIN
@!!type:obligation
@!!id:425
@!!loc:6916:16:6916:18
@!!status:to be proved
@!!END

@!!BEGIN
@!!type:obligation
@!!id:426
@!!loc:6916:19:6916:24
@!!status:to be proved
@!!END

@!!BEGIN
@!!type:obligation
@!!id:427
@!!loc:6916:26:6916:35
@!!status:to be proved
@!!END

@!!BEGIN
@!!type:obligation
@!!id:428
@!!loc:6938:10:6938:12
@!!status:to be proved
@!!END

@!!BEGIN
@!!type:obligation
@!!id:429
@!!loc:6938:13:6938:17
@!!status:to be proved
@!!END

@!!BEGIN
@!!type:obligation
@!!id:430
@!!loc:6938:19:6938:23
@!!status:to be proved
@!!END

@!!BEGIN
@!!type:obligation
@!!id:431
@!!loc:6938:25:6938:29
@!!status:to be proved
@!!END

@!!BEGIN
@!!type:obligation
@!!id:432
@!!loc:6938:31:6938:35
@!!status:to be proved
@!!END

@!!BEGIN
@!!type:obligation
@!!id:433
@!!loc:6938:37:6938:41
@!!status:to be proved
@!!END

@!!BEGIN
@!!type:obligation
@!!id:434
@!!loc:6938:43:6938:50
@!!status:to be proved
@!!END

@!!BEGIN
@!!type:obligation
@!!id:435
@!!loc:6922:14:6922:16
@!!status:to be proved
@!!END

@!!BEGIN
@!!type:obligation
@!!id:436
@!!loc:6923:14:6923:16
@!!status:to be proved
@!!END

@!!BEGIN
@!!type:obligation
@!!id:437
@!!loc:6923:17:6923:22
@!!status:to be proved
@!!END

@!!BEGIN
@!!type:obligation
@!!id:438
@!!loc:6923:24:6923:34
@!!status:to be proved
@!!END

@!!BEGIN
@!!type:obligation
@!!id:439
@!!loc:6924:10:6924:12
@!!status:to be proved
@!!END

@!!BEGIN
@!!type:obligation
@!!id:440
@!!loc:6925:17:6925:19
@!!status:to be proved
@!!END

@!!BEGIN
@!!type:obligation
@!!id:441
@!!loc:6925:20:6925:32
@!!status:to be proved
@!!END

@!!BEGIN
@!!type:obligation
@!!id:442
@!!loc:6927:3:6927:5
@!!status:to be proved
@!!END

@!!BEGIN
@!!type:obligation
@!!id:443
@!!loc:6927:6:6927:10
@!!status:to be proved
@!!END

@!!BEGIN
@!!type:obligation
@!!id:444
@!!loc:6927:12:6927:20
@!!status:to be proved
@!!END

@!!BEGIN
@!!type:obligation
@!!id:445
@!!loc:6935:12:6935:14
@!!status:to be proved
@!!END

@!!BEGIN
@!!type:obligation
@!!id:446
@!!loc:6935:15:6935:19
@!!status:to be proved
@!!END

@!!BEGIN
@!!type:obligation
@!!id:447
@!!loc:6935:21:6935:25
@!!status:to be proved
@!!END

@!!BEGIN
@!!type:obligation
@!!id:448
@!!loc:6935:27:6935:31
@!!status:to be proved
@!!END

@!!BEGIN
@!!type:obligation
@!!id:449
@!!loc:6931:5:6931:7
@!!status:to be proved
@!!END

@!!BEGIN
@!!type:obligation
@!!id:450
@!!loc:6933:5:6933:7
@!!status:to be proved
@!!END

@!!BEGIN
@!!type:obligation
@!!id:451
@!!loc:6934:31:6934:33
@!!status:to be proved
@!!END

@!!BEGIN
@!!type:obligation
@!!id:452
@!!loc:6936:29:6936:31
@!!status:to be proved
@!!END

@!!BEGIN
@!!type:obligation
@!!id:453
@!!loc:6937:16:6937:18
@!!status:to be proved
@!!END

@!!BEGIN
@!!type:obligation
@!!id:454
@!!loc:6937:19:6937:24
@!!status:to be proved
@!!END

@!!BEGIN
@!!type:obligation
@!!id:455
@!!loc:6937:26:6937:35
@!!status:to be proved
@!!END

@!!BEGIN
@!!type:obligation
@!!id:456
@!!loc:6954:10:6954:12
@!!status:to be proved
@!!END

@!!BEGIN
@!!type:obligation
@!!id:457
@!!loc:6954:13:6954:17
@!!status:to be proved
@!!END

@!!BEGIN
@!!type:obligation
@!!id:458
@!!loc:6954:19:6954:23
@!!status:to be proved
@!!END

@!!BEGIN
@!!type:obligation
@!!id:459
@!!loc:6954:25:6954:29
@!!status:to be proved
@!!END

@!!BEGIN
@!!type:obligation
@!!id:460
@!!loc:6954:31:6954:35
@!!status:to be proved
@!!END

@!!BEGIN
@!!type:obligation
@!!id:461
@!!loc:6954:37:6954:41
@!!status:to be proved
@!!END

@!!BEGIN
@!!type:obligation
@!!id:462
@!!loc:6954:43:6954:50
@!!status:to be proved
@!!END

@!!BEGIN
@!!type:obligation
@!!id:463
@!!loc:6943:14:6943:16
@!!status:to be proved
@!!END

@!!BEGIN
@!!type:obligation
@!!id:464
@!!loc:6944:14:6944:16
@!!status:to be proved
@!!END

@!!BEGIN
@!!type:obligation
@!!id:465
@!!loc:6944:17:6944:22
@!!status:to be proved
@!!END

@!!BEGIN
@!!type:obligation
@!!id:466
@!!loc:6944:24:6944:34
@!!status:to be proved
@!!END

@!!BEGIN
@!!type:obligation
@!!id:467
@!!loc:6945:10:6945:12
@!!status:to be proved
@!!END

@!!BEGIN
@!!type:obligation
@!!id:468
@!!loc:6946:17:6946:19
@!!status:to be proved
@!!END

@!!BEGIN
@!!type:obligation
@!!id:469
@!!loc:6946:20:6946:32
@!!status:to be proved
@!!END

@!!BEGIN
@!!type:obligation
@!!id:470
@!!loc:6948:3:6948:5
@!!status:to be proved
@!!END

@!!BEGIN
@!!type:obligation
@!!id:471
@!!loc:6948:6:6948:10
@!!status:to be proved
@!!END

@!!BEGIN
@!!type:obligation
@!!id:472
@!!loc:6948:12:6948:20
@!!status:to be proved
@!!END

@!!BEGIN
@!!type:obligation
@!!id:473
@!!loc:6949:19:6949:21
@!!status:to be proved
@!!END

@!!BEGIN
@!!type:obligation
@!!id:474
@!!loc:6950:14:6950:16
@!!status:to be proved
@!!END

@!!BEGIN
@!!type:obligation
@!!id:475
@!!loc:6950:17:6950:22
@!!status:to be proved
@!!END

@!!BEGIN
@!!type:obligation
@!!id:476
@!!loc:6950:24:6950:34
@!!status:to be proved
@!!END

@!!BEGIN
@!!type:obligation
@!!id:477
@!!loc:6953:12:6953:14
@!!status:to be proved
@!!END

@!!BEGIN
@!!type:obligation
@!!id:478
@!!loc:6953:15:6953:19
@!!status:to be proved
@!!END

@!!BEGIN
@!!type:obligation
@!!id:479
@!!loc:6953:21:6953:30
@!!status:to be proved
@!!END

@!!BEGIN
@!!type:obligation
@!!id:480
@!!loc:6952:22:6952:24
@!!status:to be proved
@!!END

@!!BEGIN
@!!type:obligation
@!!id:481
@!!loc:6952:25:6952:29
@!!status:to be proved
@!!END

@!!BEGIN
@!!type:obligation
@!!id:482
@!!loc:6969:10:6969:12
@!!status:to be proved
@!!END

@!!BEGIN
@!!type:obligation
@!!id:483
@!!loc:6969:13:6969:17
@!!status:to be proved
@!!END

@!!BEGIN
@!!type:obligation
@!!id:484
@!!loc:6969:19:6969:23
@!!status:to be proved
@!!END

@!!BEGIN
@!!type:obligation
@!!id:485
@!!loc:6969:25:6969:29
@!!status:to be proved
@!!END

@!!BEGIN
@!!type:obligation
@!!id:486
@!!loc:6969:31:6969:35
@!!status:to be proved
@!!END

@!!BEGIN
@!!type:obligation
@!!id:487
@!!loc:6969:37:6969:41
@!!status:to be proved
@!!END

@!!BEGIN
@!!type:obligation
@!!id:488
@!!loc:6969:43:6969:50
@!!status:to be proved
@!!END

@!!BEGIN
@!!type:obligation
@!!id:489
@!!loc:6959:14:6959:16
@!!status:to be proved
@!!END

@!!BEGIN
@!!type:obligation
@!!id:490
@!!loc:6960:14:6960:16
@!!status:to be proved
@!!END

@!!BEGIN
@!!type:obligation
@!!id:491
@!!loc:6960:17:6960:22
@!!status:to be proved
@!!END

@!!BEGIN
@!!type:obligation
@!!id:492
@!!loc:6960:24:6960:33
@!!status:to be proved
@!!END

@!!BEGIN
@!!type:obligation
@!!id:493
@!!loc:6961:10:6961:12
@!!status:to be proved
@!!END

@!!BEGIN
@!!type:obligation
@!!id:494
@!!loc:6962:17:6962:19
@!!status:to be proved
@!!END

@!!BEGIN
@!!type:obligation
@!!id:495
@!!loc:6962:20:6962:32
@!!status:to be proved
@!!END

@!!BEGIN
@!!type:obligation
@!!id:496
@!!loc:6964:3:6964:5
@!!status:to be proved
@!!END

@!!BEGIN
@!!type:obligation
@!!id:497
@!!loc:6964:6:6964:10
@!!status:to be proved
@!!END

@!!BEGIN
@!!type:obligation
@!!id:498
@!!loc:6964:12:6964:20
@!!status:to be proved
@!!END

@!!BEGIN
@!!type:obligation
@!!id:499
@!!loc:6965:19:6965:21
@!!status:to be proved
@!!END

@!!BEGIN
@!!type:obligation
@!!id:500
@!!loc:6966:14:6966:16
@!!status:to be proved
@!!END

@!!BEGIN
@!!type:obligation
@!!id:501
@!!loc:6966:17:6966:22
@!!status:to be proved
@!!END

@!!BEGIN
@!!type:obligation
@!!id:502
@!!loc:6966:24:6966:34
@!!status:to be proved
@!!END

@!!BEGIN
@!!type:obligation
@!!id:503
@!!loc:6967:29:6967:31
@!!status:to be proved
@!!END

@!!BEGIN
@!!type:obligation
@!!id:504
@!!loc:6968:16:6968:18
@!!status:to be proved
@!!END

@!!BEGIN
@!!type:obligation
@!!id:505
@!!loc:6968:19:6968:24
@!!status:to be proved
@!!END

@!!BEGIN
@!!type:obligation
@!!id:506
@!!loc:6968:26:6968:35
@!!status:to be proved
@!!END

@!!BEGIN
@!!type:obligation
@!!id:507
@!!loc:6984:10:6984:12
@!!status:to be proved
@!!END

@!!BEGIN
@!!type:obligation
@!!id:508
@!!loc:6984:13:6984:17
@!!status:to be proved
@!!END

@!!BEGIN
@!!type:obligation
@!!id:509
@!!loc:6984:19:6984:23
@!!status:to be proved
@!!END

@!!BEGIN
@!!type:obligation
@!!id:510
@!!loc:6984:25:6984:29
@!!status:to be proved
@!!END

@!!BEGIN
@!!type:obligation
@!!id:511
@!!loc:6984:31:6984:35
@!!status:to be proved
@!!END

@!!BEGIN
@!!type:obligation
@!!id:512
@!!loc:6984:37:6984:41
@!!status:to be proved
@!!END

@!!BEGIN
@!!type:obligation
@!!id:513
@!!loc:6984:43:6984:50
@!!status:to be proved
@!!END

@!!BEGIN
@!!type:obligation
@!!id:514
@!!loc:6974:14:6974:16
@!!status:to be proved
@!!END

@!!BEGIN
@!!type:obligation
@!!id:515
@!!loc:6975:14:6975:16
@!!status:to be proved
@!!END

@!!BEGIN
@!!type:obligation
@!!id:516
@!!loc:6975:17:6975:22
@!!status:to be proved
@!!END

@!!BEGIN
@!!type:obligation
@!!id:517
@!!loc:6975:24:6975:34
@!!status:to be proved
@!!END

@!!BEGIN
@!!type:obligation
@!!id:518
@!!loc:6976:10:6976:12
@!!status:to be proved
@!!END

@!!BEGIN
@!!type:obligation
@!!id:519
@!!loc:6977:17:6977:19
@!!status:to be proved
@!!END

@!!BEGIN
@!!type:obligation
@!!id:520
@!!loc:6977:20:6977:32
@!!status:to be proved
@!!END

@!!BEGIN
@!!type:obligation
@!!id:521
@!!loc:6979:3:6979:5
@!!status:to be proved
@!!END

@!!BEGIN
@!!type:obligation
@!!id:522
@!!loc:6979:6:6979:10
@!!status:to be proved
@!!END

@!!BEGIN
@!!type:obligation
@!!id:523
@!!loc:6979:12:6979:20
@!!status:to be proved
@!!END

@!!BEGIN
@!!type:obligation
@!!id:524
@!!loc:6980:19:6980:21
@!!status:to be proved
@!!END

@!!BEGIN
@!!type:obligation
@!!id:525
@!!loc:6981:14:6981:16
@!!status:to be proved
@!!END

@!!BEGIN
@!!type:obligation
@!!id:526
@!!loc:6981:17:6981:22
@!!status:to be proved
@!!END

@!!BEGIN
@!!type:obligation
@!!id:527
@!!loc:6981:24:6981:34
@!!status:to be proved
@!!END

@!!BEGIN
@!!type:obligation
@!!id:528
@!!loc:6982:29:6982:31
@!!status:to be proved
@!!END

@!!BEGIN
@!!type:obligation
@!!id:529
@!!loc:6983:16:6983:18
@!!status:to be proved
@!!END

@!!BEGIN
@!!type:obligation
@!!id:530
@!!loc:6983:19:6983:24
@!!status:to be proved
@!!END

@!!BEGIN
@!!type:obligation
@!!id:531
@!!loc:6983:26:6983:35
@!!status:to be proved
@!!END

@!!BEGIN
@!!type:obligation
@!!id:532
@!!loc:6999:10:6999:12
@!!status:to be proved
@!!END

@!!BEGIN
@!!type:obligation
@!!id:533
@!!loc:6999:13:6999:17
@!!status:to be proved
@!!END

@!!BEGIN
@!!type:obligation
@!!id:534
@!!loc:6999:19:6999:23
@!!status:to be proved
@!!END

@!!BEGIN
@!!type:obligation
@!!id:535
@!!loc:6999:25:6999:29
@!!status:to be proved
@!!END

@!!BEGIN
@!!type:obligation
@!!id:536
@!!loc:6999:31:6999:35
@!!status:to be proved
@!!END

@!!BEGIN
@!!type:obligation
@!!id:537
@!!loc:6999:37:6999:41
@!!status:to be proved
@!!END

@!!BEGIN
@!!type:obligation
@!!id:538
@!!loc:6999:43:6999:50
@!!status:to be proved
@!!END

@!!BEGIN
@!!type:obligation
@!!id:539
@!!loc:6989:14:6989:16
@!!status:to be proved
@!!END

@!!BEGIN
@!!type:obligation
@!!id:540
@!!loc:6990:14:6990:16
@!!status:to be proved
@!!END

@!!BEGIN
@!!type:obligation
@!!id:541
@!!loc:6990:17:6990:22
@!!status:to be proved
@!!END

@!!BEGIN
@!!type:obligation
@!!id:542
@!!loc:6990:24:6990:31
@!!status:to be proved
@!!END

@!!BEGIN
@!!type:obligation
@!!id:543
@!!loc:6991:10:6991:12
@!!status:to be proved
@!!END

@!!BEGIN
@!!type:obligation
@!!id:544
@!!loc:6992:17:6992:19
@!!status:to be proved
@!!END

@!!BEGIN
@!!type:obligation
@!!id:545
@!!loc:6992:20:6992:32
@!!status:to be proved
@!!END

@!!BEGIN
@!!type:obligation
@!!id:546
@!!loc:6994:3:6994:5
@!!status:to be proved
@!!END

@!!BEGIN
@!!type:obligation
@!!id:547
@!!loc:6994:6:6994:10
@!!status:to be proved
@!!END

@!!BEGIN
@!!type:obligation
@!!id:548
@!!loc:6994:12:6994:20
@!!status:to be proved
@!!END

@!!BEGIN
@!!type:obligation
@!!id:549
@!!loc:6995:19:6995:21
@!!status:to be proved
@!!END

@!!BEGIN
@!!type:obligation
@!!id:550
@!!loc:6996:14:6996:16
@!!status:to be proved
@!!END

@!!BEGIN
@!!type:obligation
@!!id:551
@!!loc:6996:17:6996:22
@!!status:to be proved
@!!END

@!!BEGIN
@!!type:obligation
@!!id:552
@!!loc:6996:24:6996:34
@!!status:to be proved
@!!END

@!!BEGIN
@!!type:obligation
@!!id:553
@!!loc:6997:29:6997:31
@!!status:to be proved
@!!END

@!!BEGIN
@!!type:obligation
@!!id:554
@!!loc:6998:16:6998:18
@!!status:to be proved
@!!END

@!!BEGIN
@!!type:obligation
@!!id:555
@!!loc:6998:19:6998:24
@!!status:to be proved
@!!END

@!!BEGIN
@!!type:obligation
@!!id:556
@!!loc:6998:26:6998:35
@!!status:to be proved
@!!END

@!!BEGIN
@!!type:obligation
@!!id:557
@!!loc:7014:10:7014:12
@!!status:to be proved
@!!END

@!!BEGIN
@!!type:obligation
@!!id:558
@!!loc:7014:13:7014:17
@!!status:to be proved
@!!END

@!!BEGIN
@!!type:obligation
@!!id:559
@!!loc:7014:19:7014:23
@!!status:to be proved
@!!END

@!!BEGIN
@!!type:obligation
@!!id:560
@!!loc:7014:25:7014:29
@!!status:to be proved
@!!END

@!!BEGIN
@!!type:obligation
@!!id:561
@!!loc:7014:31:7014:35
@!!status:to be proved
@!!END

@!!BEGIN
@!!type:obligation
@!!id:562
@!!loc:7014:37:7014:41
@!!status:to be proved
@!!END

@!!BEGIN
@!!type:obligation
@!!id:563
@!!loc:7014:43:7014:50
@!!status:to be proved
@!!END

@!!BEGIN
@!!type:obligation
@!!id:564
@!!loc:7004:14:7004:16
@!!status:to be proved
@!!END

@!!BEGIN
@!!type:obligation
@!!id:565
@!!loc:7005:14:7005:16
@!!status:to be proved
@!!END

@!!BEGIN
@!!type:obligation
@!!id:566
@!!loc:7005:17:7005:22
@!!status:to be proved
@!!END

@!!BEGIN
@!!type:obligation
@!!id:567
@!!loc:7005:24:7005:39
@!!status:to be proved
@!!END

@!!BEGIN
@!!type:obligation
@!!id:568
@!!loc:7006:10:7006:12
@!!status:to be proved
@!!END

@!!BEGIN
@!!type:obligation
@!!id:569
@!!loc:7007:17:7007:19
@!!status:to be proved
@!!END

@!!BEGIN
@!!type:obligation
@!!id:570
@!!loc:7007:20:7007:32
@!!status:to be proved
@!!END

@!!BEGIN
@!!type:obligation
@!!id:571
@!!loc:7009:3:7009:5
@!!status:to be proved
@!!END

@!!BEGIN
@!!type:obligation
@!!id:572
@!!loc:7009:6:7009:10
@!!status:to be proved
@!!END

@!!BEGIN
@!!type:obligation
@!!id:573
@!!loc:7009:12:7009:20
@!!status:to be proved
@!!END

@!!BEGIN
@!!type:obligation
@!!id:574
@!!loc:7010:19:7010:21
@!!status:to be proved
@!!END

@!!BEGIN
@!!type:obligation
@!!id:575
@!!loc:7011:14:7011:16
@!!status:to be proved
@!!END

@!!BEGIN
@!!type:obligation
@!!id:576
@!!loc:7011:17:7011:22
@!!status:to be proved
@!!END

@!!BEGIN
@!!type:obligation
@!!id:577
@!!loc:7011:24:7011:34
@!!status:to be proved
@!!END

@!!BEGIN
@!!type:obligation
@!!id:578
@!!loc:7012:29:7012:31
@!!status:to be proved
@!!END

@!!BEGIN
@!!type:obligation
@!!id:579
@!!loc:7013:16:7013:18
@!!status:to be proved
@!!END

@!!BEGIN
@!!type:obligation
@!!id:580
@!!loc:7013:19:7013:24
@!!status:to be proved
@!!END

@!!BEGIN
@!!type:obligation
@!!id:581
@!!loc:7013:26:7013:35
@!!status:to be proved
@!!END

@!!BEGIN
@!!type:obligation
@!!id:582
@!!loc:7029:10:7029:12
@!!status:to be proved
@!!END

@!!BEGIN
@!!type:obligation
@!!id:583
@!!loc:7029:13:7029:17
@!!status:to be proved
@!!END

@!!BEGIN
@!!type:obligation
@!!id:584
@!!loc:7029:19:7029:23
@!!status:to be proved
@!!END

@!!BEGIN
@!!type:obligation
@!!id:585
@!!loc:7029:25:7029:29
@!!status:to be proved
@!!END

@!!BEGIN
@!!type:obligation
@!!id:586
@!!loc:7029:31:7029:35
@!!status:to be proved
@!!END

@!!BEGIN
@!!type:obligation
@!!id:587
@!!loc:7029:37:7029:41
@!!status:to be proved
@!!END

@!!BEGIN
@!!type:obligation
@!!id:588
@!!loc:7029:43:7029:50
@!!status:to be proved
@!!END

@!!BEGIN
@!!type:obligation
@!!id:589
@!!loc:7019:14:7019:16
@!!status:to be proved
@!!END

@!!BEGIN
@!!type:obligation
@!!id:590
@!!loc:7020:14:7020:16
@!!status:to be proved
@!!END

@!!BEGIN
@!!type:obligation
@!!id:591
@!!loc:7020:17:7020:22
@!!status:to be proved
@!!END

@!!BEGIN
@!!type:obligation
@!!id:592
@!!loc:7020:24:7020:39
@!!status:to be proved
@!!END

@!!BEGIN
@!!type:obligation
@!!id:593
@!!loc:7021:10:7021:12
@!!status:to be proved
@!!END

@!!BEGIN
@!!type:obligation
@!!id:594
@!!loc:7022:17:7022:19
@!!status:to be proved
@!!END

@!!BEGIN
@!!type:obligation
@!!id:595
@!!loc:7022:20:7022:32
@!!status:to be proved
@!!END

@!!BEGIN
@!!type:obligation
@!!id:596
@!!loc:7024:3:7024:5
@!!status:to be proved
@!!END

@!!BEGIN
@!!type:obligation
@!!id:597
@!!loc:7024:6:7024:10
@!!status:to be proved
@!!END

@!!BEGIN
@!!type:obligation
@!!id:598
@!!loc:7024:12:7024:20
@!!status:to be proved
@!!END

@!!BEGIN
@!!type:obligation
@!!id:599
@!!loc:7025:19:7025:21
@!!status:to be proved
@!!END

@!!BEGIN
@!!type:obligation
@!!id:600
@!!loc:7026:14:7026:16
@!!status:to be proved
@!!END

@!!BEGIN
@!!type:obligation
@!!id:601
@!!loc:7026:17:7026:22
@!!status:to be proved
@!!END

@!!BEGIN
@!!type:obligation
@!!id:602
@!!loc:7026:24:7026:34
@!!status:to be proved
@!!END

@!!BEGIN
@!!type:obligation
@!!id:603
@!!loc:7027:29:7027:31
@!!status:to be proved
@!!END

@!!BEGIN
@!!type:obligation
@!!id:604
@!!loc:7028:16:7028:18
@!!status:to be proved
@!!END

@!!BEGIN
@!!type:obligation
@!!id:605
@!!loc:7028:19:7028:24
@!!status:to be proved
@!!END

@!!BEGIN
@!!type:obligation
@!!id:606
@!!loc:7028:26:7028:35
@!!status:to be proved
@!!END

@!!BEGIN
@!!type:obligation
@!!id:607
@!!loc:7044:10:7044:12
@!!status:to be proved
@!!END

@!!BEGIN
@!!type:obligation
@!!id:608
@!!loc:7044:13:7044:17
@!!status:to be proved
@!!END

@!!BEGIN
@!!type:obligation
@!!id:609
@!!loc:7044:19:7044:23
@!!status:to be proved
@!!END

@!!BEGIN
@!!type:obligation
@!!id:610
@!!loc:7044:25:7044:29
@!!status:to be proved
@!!END

@!!BEGIN
@!!type:obligation
@!!id:611
@!!loc:7044:31:7044:35
@!!status:to be proved
@!!END

@!!BEGIN
@!!type:obligation
@!!id:612
@!!loc:7044:37:7044:41
@!!status:to be proved
@!!END

@!!BEGIN
@!!type:obligation
@!!id:613
@!!loc:7044:43:7044:50
@!!status:to be proved
@!!END

@!!BEGIN
@!!type:obligation
@!!id:614
@!!loc:7034:14:7034:16
@!!status:to be proved
@!!END

@!!BEGIN
@!!type:obligation
@!!id:615
@!!loc:7035:14:7035:16
@!!status:to be proved
@!!END

@!!BEGIN
@!!type:obligation
@!!id:616
@!!loc:7035:17:7035:22
@!!status:to be proved
@!!END

@!!BEGIN
@!!type:obligation
@!!id:617
@!!loc:7035:24:7035:40
@!!status:to be proved
@!!END

@!!BEGIN
@!!type:obligation
@!!id:618
@!!loc:7036:10:7036:12
@!!status:to be proved
@!!END

@!!BEGIN
@!!type:obligation
@!!id:619
@!!loc:7037:17:7037:19
@!!status:to be proved
@!!END

@!!BEGIN
@!!type:obligation
@!!id:620
@!!loc:7037:20:7037:32
@!!status:to be proved
@!!END

@!!BEGIN
@!!type:obligation
@!!id:621
@!!loc:7039:3:7039:5
@!!status:to be proved
@!!END

@!!BEGIN
@!!type:obligation
@!!id:622
@!!loc:7039:6:7039:10
@!!status:to be proved
@!!END

@!!BEGIN
@!!type:obligation
@!!id:623
@!!loc:7039:12:7039:20
@!!status:to be proved
@!!END

@!!BEGIN
@!!type:obligation
@!!id:624
@!!loc:7040:19:7040:21
@!!status:to be proved
@!!END

@!!BEGIN
@!!type:obligation
@!!id:625
@!!loc:7041:14:7041:16
@!!status:to be proved
@!!END

@!!BEGIN
@!!type:obligation
@!!id:626
@!!loc:7041:17:7041:22
@!!status:to be proved
@!!END

@!!BEGIN
@!!type:obligation
@!!id:627
@!!loc:7041:24:7041:34
@!!status:to be proved
@!!END

@!!BEGIN
@!!type:obligation
@!!id:628
@!!loc:7042:29:7042:31
@!!status:to be proved
@!!END

@!!BEGIN
@!!type:obligation
@!!id:629
@!!loc:7043:16:7043:18
@!!status:to be proved
@!!END

@!!BEGIN
@!!type:obligation
@!!id:630
@!!loc:7043:19:7043:24
@!!status:to be proved
@!!END

@!!BEGIN
@!!type:obligation
@!!id:631
@!!loc:7043:26:7043:35
@!!status:to be proved
@!!END

@!!BEGIN
@!!type:obligation
@!!id:632
@!!loc:7059:10:7059:12
@!!status:to be proved
@!!END

@!!BEGIN
@!!type:obligation
@!!id:633
@!!loc:7059:13:7059:17
@!!status:to be proved
@!!END

@!!BEGIN
@!!type:obligation
@!!id:634
@!!loc:7059:19:7059:23
@!!status:to be proved
@!!END

@!!BEGIN
@!!type:obligation
@!!id:635
@!!loc:7059:25:7059:29
@!!status:to be proved
@!!END

@!!BEGIN
@!!type:obligation
@!!id:636
@!!loc:7059:31:7059:35
@!!status:to be proved
@!!END

@!!BEGIN
@!!type:obligation
@!!id:637
@!!loc:7059:37:7059:41
@!!status:to be proved
@!!END

@!!BEGIN
@!!type:obligation
@!!id:638
@!!loc:7059:43:7059:50
@!!status:to be proved
@!!END

@!!BEGIN
@!!type:obligation
@!!id:639
@!!loc:7049:14:7049:16
@!!status:to be proved
@!!END

@!!BEGIN
@!!type:obligation
@!!id:640
@!!loc:7050:14:7050:16
@!!status:to be proved
@!!END

@!!BEGIN
@!!type:obligation
@!!id:641
@!!loc:7050:17:7050:22
@!!status:to be proved
@!!END

@!!BEGIN
@!!type:obligation
@!!id:642
@!!loc:7050:24:7050:36
@!!status:to be proved
@!!END

@!!BEGIN
@!!type:obligation
@!!id:643
@!!loc:7051:10:7051:12
@!!status:to be proved
@!!END

@!!BEGIN
@!!type:obligation
@!!id:644
@!!loc:7052:17:7052:19
@!!status:to be proved
@!!END

@!!BEGIN
@!!type:obligation
@!!id:645
@!!loc:7052:20:7052:32
@!!status:to be proved
@!!END

@!!BEGIN
@!!type:obligation
@!!id:646
@!!loc:7054:3:7054:5
@!!status:to be proved
@!!END

@!!BEGIN
@!!type:obligation
@!!id:647
@!!loc:7054:6:7054:10
@!!status:to be proved
@!!END

@!!BEGIN
@!!type:obligation
@!!id:648
@!!loc:7054:12:7054:20
@!!status:to be proved
@!!END

@!!BEGIN
@!!type:obligation
@!!id:649
@!!loc:7055:19:7055:21
@!!status:to be proved
@!!END

@!!BEGIN
@!!type:obligation
@!!id:650
@!!loc:7056:14:7056:16
@!!status:to be proved
@!!END

@!!BEGIN
@!!type:obligation
@!!id:651
@!!loc:7056:17:7056:22
@!!status:to be proved
@!!END

@!!BEGIN
@!!type:obligation
@!!id:652
@!!loc:7056:24:7056:34
@!!status:to be proved
@!!END

@!!BEGIN
@!!type:obligation
@!!id:653
@!!loc:7057:29:7057:31
@!!status:to be proved
@!!END

@!!BEGIN
@!!type:obligation
@!!id:654
@!!loc:7058:16:7058:18
@!!status:to be proved
@!!END

@!!BEGIN
@!!type:obligation
@!!id:655
@!!loc:7058:19:7058:24
@!!status:to be proved
@!!END

@!!BEGIN
@!!type:obligation
@!!id:656
@!!loc:7058:26:7058:35
@!!status:to be proved
@!!END

@!!BEGIN
@!!type:obligation
@!!id:657
@!!loc:7074:10:7074:12
@!!status:to be proved
@!!END

@!!BEGIN
@!!type:obligation
@!!id:658
@!!loc:7074:13:7074:17
@!!status:to be proved
@!!END

@!!BEGIN
@!!type:obligation
@!!id:659
@!!loc:7074:19:7074:23
@!!status:to be proved
@!!END

@!!BEGIN
@!!type:obligation
@!!id:660
@!!loc:7074:25:7074:29
@!!status:to be proved
@!!END

@!!BEGIN
@!!type:obligation
@!!id:661
@!!loc:7074:31:7074:35
@!!status:to be proved
@!!END

@!!BEGIN
@!!type:obligation
@!!id:662
@!!loc:7074:37:7074:41
@!!status:to be proved
@!!END

@!!BEGIN
@!!type:obligation
@!!id:663
@!!loc:7074:43:7074:50
@!!status:to be proved
@!!END

@!!BEGIN
@!!type:obligation
@!!id:664
@!!loc:7064:14:7064:16
@!!status:to be proved
@!!END

@!!BEGIN
@!!type:obligation
@!!id:665
@!!loc:7065:14:7065:16
@!!status:to be proved
@!!END

@!!BEGIN
@!!type:obligation
@!!id:666
@!!loc:7065:17:7065:22
@!!status:to be proved
@!!END

@!!BEGIN
@!!type:obligation
@!!id:667
@!!loc:7065:24:7065:36
@!!status:to be proved
@!!END

@!!BEGIN
@!!type:obligation
@!!id:668
@!!loc:7066:10:7066:12
@!!status:to be proved
@!!END

@!!BEGIN
@!!type:obligation
@!!id:669
@!!loc:7067:17:7067:19
@!!status:to be proved
@!!END

@!!BEGIN
@!!type:obligation
@!!id:670
@!!loc:7067:20:7067:32
@!!status:to be proved
@!!END

@!!BEGIN
@!!type:obligation
@!!id:671
@!!loc:7069:3:7069:5
@!!status:to be proved
@!!END

@!!BEGIN
@!!type:obligation
@!!id:672
@!!loc:7069:6:7069:10
@!!status:to be proved
@!!END

@!!BEGIN
@!!type:obligation
@!!id:673
@!!loc:7069:12:7069:20
@!!status:to be proved
@!!END

@!!BEGIN
@!!type:obligation
@!!id:674
@!!loc:7070:19:7070:21
@!!status:to be proved
@!!END

@!!BEGIN
@!!type:obligation
@!!id:675
@!!loc:7071:14:7071:16
@!!status:to be proved
@!!END

@!!BEGIN
@!!type:obligation
@!!id:676
@!!loc:7071:17:7071:22
@!!status:to be proved
@!!END

@!!BEGIN
@!!type:obligation
@!!id:677
@!!loc:7071:24:7071:34
@!!status:to be proved
@!!END

@!!BEGIN
@!!type:obligation
@!!id:678
@!!loc:7072:29:7072:31
@!!status:to be proved
@!!END

@!!BEGIN
@!!type:obligation
@!!id:679
@!!loc:7073:16:7073:18
@!!status:to be proved
@!!END

@!!BEGIN
@!!type:obligation
@!!id:680
@!!loc:7073:19:7073:24
@!!status:to be proved
@!!END

@!!BEGIN
@!!type:obligation
@!!id:681
@!!loc:7073:26:7073:35
@!!status:to be proved
@!!END

@!!BEGIN
@!!type:obligation
@!!id:682
@!!loc:7087:10:7087:12
@!!status:to be proved
@!!END

@!!BEGIN
@!!type:obligation
@!!id:683
@!!loc:7087:13:7087:17
@!!status:to be proved
@!!END

@!!BEGIN
@!!type:obligation
@!!id:684
@!!loc:7087:19:7087:23
@!!status:to be proved
@!!END

@!!BEGIN
@!!type:obligation
@!!id:685
@!!loc:7087:25:7087:29
@!!status:to be proved
@!!END

@!!BEGIN
@!!type:obligation
@!!id:686
@!!loc:7082:14:7082:16
@!!status:to be proved
@!!END

@!!BEGIN
@!!type:obligation
@!!id:687
@!!loc:7083:14:7083:16
@!!status:to be proved
@!!END

@!!BEGIN
@!!type:obligation
@!!id:688
@!!loc:7083:17:7083:22
@!!status:to be proved
@!!END

@!!BEGIN
@!!type:obligation
@!!id:689
@!!loc:7083:24:7083:30
@!!status:to be proved
@!!END

@!!BEGIN
@!!type:obligation
@!!id:690
@!!loc:7084:71:7084:73
@!!status:to be proved
@!!END

@!!BEGIN
@!!type:obligation
@!!id:691
@!!loc:7085:21:7085:23
@!!status:to be proved
@!!END

@!!BEGIN
@!!type:obligation
@!!id:692
@!!loc:7085:24:7085:28
@!!status:to be proved
@!!END

@!!BEGIN
@!!type:obligation
@!!id:693
@!!loc:7086:19:7086:21
@!!status:to be proved
@!!END

@!!BEGIN
@!!type:obligation
@!!id:694
@!!loc:7086:22:7086:26
@!!status:to be proved
@!!END

@!!BEGIN
@!!type:obligation
@!!id:695
@!!loc:7106:10:7106:12
@!!status:to be proved
@!!END

@!!BEGIN
@!!type:obligation
@!!id:696
@!!loc:7106:13:7106:17
@!!status:to be proved
@!!END

@!!BEGIN
@!!type:obligation
@!!id:697
@!!loc:7106:19:7106:23
@!!status:to be proved
@!!END

@!!BEGIN
@!!type:obligation
@!!id:698
@!!loc:7106:25:7106:29
@!!status:to be proved
@!!END

@!!BEGIN
@!!type:obligation
@!!id:699
@!!loc:7092:14:7092:16
@!!status:to be proved
@!!END

@!!BEGIN
@!!type:obligation
@!!id:700
@!!loc:7093:14:7093:16
@!!status:to be proved
@!!END

@!!BEGIN
@!!type:obligation
@!!id:701
@!!loc:7093:17:7093:22
@!!status:to be proved
@!!END

@!!BEGIN
@!!type:obligation
@!!id:702
@!!loc:7093:24:7093:31
@!!status:to be proved
@!!END

@!!BEGIN
@!!type:obligation
@!!id:703
@!!loc:7096:3:7096:5
@!!status:to be proved
@!!END

@!!BEGIN
@!!type:obligation
@!!id:704
@!!loc:7097:21:7097:23
@!!status:to be proved
@!!END

@!!BEGIN
@!!type:obligation
@!!id:705
@!!loc:7097:24:7097:28
@!!status:to be proved
@!!END

@!!BEGIN
@!!type:obligation
@!!id:706
@!!loc:7105:12:7105:14
@!!status:to be proved
@!!END

@!!BEGIN
@!!type:obligation
@!!id:707
@!!loc:7105:15:7105:19
@!!status:to be proved
@!!END

@!!BEGIN
@!!type:obligation
@!!id:708
@!!loc:7105:21:7105:25
@!!status:to be proved
@!!END

@!!BEGIN
@!!type:obligation
@!!id:709
@!!loc:7102:5:7102:7
@!!status:to be proved
@!!END

@!!BEGIN
@!!type:obligation
@!!id:710
@!!loc:7102:8:7102:12
@!!status:to be proved
@!!END

@!!BEGIN
@!!type:obligation
@!!id:711
@!!loc:7104:5:7104:7
@!!status:to be proved
@!!END

@!!BEGIN
@!!type:obligation
@!!id:712
@!!loc:7123:10:7123:12
@!!status:to be proved
@!!END

@!!BEGIN
@!!type:obligation
@!!id:713
@!!loc:7123:13:7123:17
@!!status:to be proved
@!!END

@!!BEGIN
@!!type:obligation
@!!id:714
@!!loc:7123:19:7123:23
@!!status:to be proved
@!!END

@!!BEGIN
@!!type:obligation
@!!id:715
@!!loc:7123:25:7123:29
@!!status:to be proved
@!!END

@!!BEGIN
@!!type:obligation
@!!id:716
@!!loc:7111:14:7111:16
@!!status:to be proved
@!!END

@!!BEGIN
@!!type:obligation
@!!id:717
@!!loc:7112:14:7112:16
@!!status:to be proved
@!!END

@!!BEGIN
@!!type:obligation
@!!id:718
@!!loc:7112:17:7112:22
@!!status:to be proved
@!!END

@!!BEGIN
@!!type:obligation
@!!id:719
@!!loc:7112:24:7112:32
@!!status:to be proved
@!!END

@!!BEGIN
@!!type:obligation
@!!id:720
@!!loc:7113:79:7113:81
@!!status:to be proved
@!!END

@!!BEGIN
@!!type:obligation
@!!id:721
@!!loc:7114:21:7114:23
@!!status:to be proved
@!!END

@!!BEGIN
@!!type:obligation
@!!id:722
@!!loc:7114:24:7114:28
@!!status:to be proved
@!!END

@!!BEGIN
@!!type:obligation
@!!id:723
@!!loc:7122:12:7122:14
@!!status:to be proved
@!!END

@!!BEGIN
@!!type:obligation
@!!id:724
@!!loc:7122:15:7122:19
@!!status:to be proved
@!!END

@!!BEGIN
@!!type:obligation
@!!id:725
@!!loc:7122:21:7122:25
@!!status:to be proved
@!!END

@!!BEGIN
@!!type:obligation
@!!id:726
@!!loc:7119:5:7119:7
@!!status:to be proved
@!!END

@!!BEGIN
@!!type:obligation
@!!id:727
@!!loc:7119:8:7119:12
@!!status:to be proved
@!!END

@!!BEGIN
@!!type:obligation
@!!id:728
@!!loc:7120:25:7120:27
@!!status:to be proved
@!!END

@!!BEGIN
@!!type:obligation
@!!id:729
@!!loc:7121:28:7121:30
@!!status:to be proved
@!!END

@!!BEGIN
@!!type:obligation
@!!id:730
@!!loc:7171:10:7171:12
@!!status:to be proved
@!!END

@!!BEGIN
@!!type:obligation
@!!id:731
@!!loc:7171:13:7171:17
@!!status:to be proved
@!!END

@!!BEGIN
@!!type:obligation
@!!id:732
@!!loc:7171:19:7171:23
@!!status:to be proved
@!!END

@!!BEGIN
@!!type:obligation
@!!id:733
@!!loc:7129:47:7129:54
@!!status:to be proved
@!!END

@!!BEGIN
@!!type:obligation
@!!id:734
@!!loc:7164:12:7164:14
@!!status:to be proved
@!!END

@!!BEGIN
@!!type:obligation
@!!id:735
@!!loc:7164:15:7164:19
@!!status:to be proved
@!!END

@!!BEGIN
@!!type:obligation
@!!id:736
@!!loc:7164:21:7164:25
@!!status:to be proved
@!!END

@!!BEGIN
@!!type:obligation
@!!id:737
@!!loc:7164:27:7164:31
@!!status:to be proved
@!!END

@!!BEGIN
@!!type:obligation
@!!id:738
@!!loc:7131:14:7131:16
@!!status:to be proved
@!!END

@!!BEGIN
@!!type:obligation
@!!id:739
@!!loc:7131:17:7131:21
@!!status:to be proved
@!!END

@!!BEGIN
@!!type:obligation
@!!id:740
@!!loc:7138:14:7138:16
@!!status:to be proved
@!!END

@!!BEGIN
@!!type:obligation
@!!id:741
@!!loc:7138:17:7138:21
@!!status:to be proved
@!!END

@!!BEGIN
@!!type:obligation
@!!id:742
@!!loc:7138:23:7138:27
@!!status:to be proved
@!!END

@!!BEGIN
@!!type:obligation
@!!id:743
@!!loc:7138:29:7138:33
@!!status:to be proved
@!!END

@!!BEGIN
@!!type:obligation
@!!id:744
@!!loc:7138:35:7138:39
@!!status:to be proved
@!!END

@!!BEGIN
@!!type:obligation
@!!id:745
@!!loc:7138:41:7138:45
@!!status:to be proved
@!!END

@!!BEGIN
@!!type:obligation
@!!id:746
@!!loc:7138:47:7138:51
@!!status:to be proved
@!!END

@!!BEGIN
@!!type:obligation
@!!id:747
@!!loc:7133:56:7133:58
@!!status:to be proved
@!!END

@!!BEGIN
@!!type:obligation
@!!id:748
@!!loc:7133:59:7133:63
@!!status:to be proved
@!!END

@!!BEGIN
@!!type:obligation
@!!id:749
@!!loc:7133:65:7133:72
@!!status:to be proved
@!!END

@!!BEGIN
@!!type:obligation
@!!id:750
@!!loc:7134:56:7134:58
@!!status:to be proved
@!!END

@!!BEGIN
@!!type:obligation
@!!id:751
@!!loc:7134:59:7134:63
@!!status:to be proved
@!!END

@!!BEGIN
@!!type:obligation
@!!id:752
@!!loc:7134:65:7134:72
@!!status:to be proved
@!!END

@!!BEGIN
@!!type:obligation
@!!id:753
@!!loc:7135:59:7135:61
@!!status:to be proved
@!!END

@!!BEGIN
@!!type:obligation
@!!id:754
@!!loc:7135:62:7135:66
@!!status:to be proved
@!!END

@!!BEGIN
@!!type:obligation
@!!id:755
@!!loc:7135:68:7135:78
@!!status:to be proved
@!!END

@!!BEGIN
@!!type:obligation
@!!id:756
@!!loc:7136:79:7136:81
@!!status:to be proved
@!!END

@!!BEGIN
@!!type:obligation
@!!id:757
@!!loc:7136:82:7136:86
@!!status:to be proved
@!!END

@!!BEGIN
@!!type:obligation
@!!id:758
@!!loc:7136:88:7136:98
@!!status:to be proved
@!!END

@!!BEGIN
@!!type:obligation
@!!id:759
@!!loc:7137:30:7137:32
@!!status:to be proved
@!!END

@!!BEGIN
@!!type:obligation
@!!id:760
@!!loc:7137:33:7137:37
@!!status:to be proved
@!!END

@!!BEGIN
@!!type:obligation
@!!id:761
@!!loc:7137:39:7137:55
@!!status:to be proved
@!!END

@!!BEGIN
@!!type:obligation
@!!id:762
@!!loc:7161:14:7161:16
@!!status:to be proved
@!!END

@!!BEGIN
@!!type:obligation
@!!id:763
@!!loc:7161:17:7161:21
@!!status:to be proved
@!!END

@!!BEGIN
@!!type:obligation
@!!id:764
@!!loc:7161:23:7161:27
@!!status:to be proved
@!!END

@!!BEGIN
@!!type:obligation
@!!id:765
@!!loc:7161:29:7161:33
@!!status:to be proved
@!!END

@!!BEGIN
@!!type:obligation
@!!id:766
@!!loc:7161:35:7161:39
@!!status:to be proved
@!!END

@!!BEGIN
@!!type:obligation
@!!id:767
@!!loc:7161:41:7161:45
@!!status:to be proved
@!!END

@!!BEGIN
@!!type:obligation
@!!id:768
@!!loc:7161:47:7161:51
@!!status:to be proved
@!!END

@!!BEGIN
@!!type:obligation
@!!id:769
@!!loc:7161:53:7161:57
@!!status:to be proved
@!!END

@!!BEGIN
@!!type:obligation
@!!id:770
@!!loc:7161:59:7161:63
@!!status:to be proved
@!!END

@!!BEGIN
@!!type:obligation
@!!id:771
@!!loc:7161:65:7161:69
@!!status:to be proved
@!!END

@!!BEGIN
@!!type:obligation
@!!id:772
@!!loc:7161:71:7161:75
@!!status:to be proved
@!!END

@!!BEGIN
@!!type:obligation
@!!id:773
@!!loc:7161:77:7161:82
@!!status:to be proved
@!!END

@!!BEGIN
@!!type:obligation
@!!id:774
@!!loc:7162:17:7162:22
@!!status:to be proved
@!!END

@!!BEGIN
@!!type:obligation
@!!id:775
@!!loc:7162:24:7162:29
@!!status:to be proved
@!!END

@!!BEGIN
@!!type:obligation
@!!id:776
@!!loc:7162:31:7162:36
@!!status:to be proved
@!!END

@!!BEGIN
@!!type:obligation
@!!id:777
@!!loc:7162:38:7162:43
@!!status:to be proved
@!!END

@!!BEGIN
@!!type:obligation
@!!id:778
@!!loc:7162:45:7162:50
@!!status:to be proved
@!!END

@!!BEGIN
@!!type:obligation
@!!id:779
@!!loc:7162:52:7162:57
@!!status:to be proved
@!!END

@!!BEGIN
@!!type:obligation
@!!id:780
@!!loc:7162:59:7162:64
@!!status:to be proved
@!!END

@!!BEGIN
@!!type:obligation
@!!id:781
@!!loc:7162:66:7162:71
@!!status:to be proved
@!!END

@!!BEGIN
@!!type:obligation
@!!id:782
@!!loc:7162:73:7162:78
@!!status:to be proved
@!!END

@!!BEGIN
@!!type:obligation
@!!id:783
@!!loc:7162:80:7162:85
@!!status:to be proved
@!!END

@!!BEGIN
@!!type:obligation
@!!id:784
@!!loc:7162:87:7162:92
@!!status:to be proved
@!!END

@!!BEGIN
@!!type:obligation
@!!id:785
@!!loc:7140:62:7140:64
@!!status:to be proved
@!!END

@!!BEGIN
@!!type:obligation
@!!id:786
@!!loc:7140:65:7140:69
@!!status:to be proved
@!!END

@!!BEGIN
@!!type:obligation
@!!id:787
@!!loc:7140:71:7140:82
@!!status:to be proved
@!!END

@!!BEGIN
@!!type:obligation
@!!id:788
@!!loc:7141:61:7141:63
@!!status:to be proved
@!!END

@!!BEGIN
@!!type:obligation
@!!id:789
@!!loc:7141:64:7141:68
@!!status:to be proved
@!!END

@!!BEGIN
@!!type:obligation
@!!id:790
@!!loc:7141:70:7141:80
@!!status:to be proved
@!!END

@!!BEGIN
@!!type:obligation
@!!id:791
@!!loc:7142:58:7142:60
@!!status:to be proved
@!!END

@!!BEGIN
@!!type:obligation
@!!id:792
@!!loc:7142:61:7142:65
@!!status:to be proved
@!!END

@!!BEGIN
@!!type:obligation
@!!id:793
@!!loc:7142:67:7142:74
@!!status:to be proved
@!!END

@!!BEGIN
@!!type:obligation
@!!id:794
@!!loc:7143:58:7143:60
@!!status:to be proved
@!!END

@!!BEGIN
@!!type:obligation
@!!id:795
@!!loc:7143:61:7143:65
@!!status:to be proved
@!!END

@!!BEGIN
@!!type:obligation
@!!id:796
@!!loc:7143:67:7143:74
@!!status:to be proved
@!!END

@!!BEGIN
@!!type:obligation
@!!id:797
@!!loc:7144:62:7144:64
@!!status:to be proved
@!!END

@!!BEGIN
@!!type:obligation
@!!id:798
@!!loc:7144:65:7144:69
@!!status:to be proved
@!!END

@!!BEGIN
@!!type:obligation
@!!id:799
@!!loc:7144:71:7144:82
@!!status:to be proved
@!!END

@!!BEGIN
@!!type:obligation
@!!id:800
@!!loc:7145:59:7145:61
@!!status:to be proved
@!!END

@!!BEGIN
@!!type:obligation
@!!id:801
@!!loc:7145:62:7145:66
@!!status:to be proved
@!!END

@!!BEGIN
@!!type:obligation
@!!id:802
@!!loc:7145:68:7145:76
@!!status:to be proved
@!!END

@!!BEGIN
@!!type:obligation
@!!id:803
@!!loc:7146:60:7146:62
@!!status:to be proved
@!!END

@!!BEGIN
@!!type:obligation
@!!id:804
@!!loc:7146:63:7146:67
@!!status:to be proved
@!!END

@!!BEGIN
@!!type:obligation
@!!id:805
@!!loc:7146:69:7146:78
@!!status:to be proved
@!!END

@!!BEGIN
@!!type:obligation
@!!id:806
@!!loc:7147:61:7147:63
@!!status:to be proved
@!!END

@!!BEGIN
@!!type:obligation
@!!id:807
@!!loc:7147:64:7147:68
@!!status:to be proved
@!!END

@!!BEGIN
@!!type:obligation
@!!id:808
@!!loc:7147:70:7147:80
@!!status:to be proved
@!!END

@!!BEGIN
@!!type:obligation
@!!id:809
@!!loc:7148:61:7148:63
@!!status:to be proved
@!!END

@!!BEGIN
@!!type:obligation
@!!id:810
@!!loc:7148:64:7148:68
@!!status:to be proved
@!!END

@!!BEGIN
@!!type:obligation
@!!id:811
@!!loc:7148:70:7148:80
@!!status:to be proved
@!!END

@!!BEGIN
@!!type:obligation
@!!id:812
@!!loc:7149:61:7149:63
@!!status:to be proved
@!!END

@!!BEGIN
@!!type:obligation
@!!id:813
@!!loc:7149:64:7149:69
@!!status:to be proved
@!!END

@!!BEGIN
@!!type:obligation
@!!id:814
@!!loc:7149:71:7149:80
@!!status:to be proved
@!!END

@!!BEGIN
@!!type:obligation
@!!id:815
@!!loc:7150:62:7150:64
@!!status:to be proved
@!!END

@!!BEGIN
@!!type:obligation
@!!id:816
@!!loc:7150:65:7150:70
@!!status:to be proved
@!!END

@!!BEGIN
@!!type:obligation
@!!id:817
@!!loc:7150:72:7150:82
@!!status:to be proved
@!!END

@!!BEGIN
@!!type:obligation
@!!id:818
@!!loc:7151:59:7151:61
@!!status:to be proved
@!!END

@!!BEGIN
@!!type:obligation
@!!id:819
@!!loc:7151:62:7151:67
@!!status:to be proved
@!!END

@!!BEGIN
@!!type:obligation
@!!id:820
@!!loc:7151:69:7151:76
@!!status:to be proved
@!!END

@!!BEGIN
@!!type:obligation
@!!id:821
@!!loc:7152:67:7152:69
@!!status:to be proved
@!!END

@!!BEGIN
@!!type:obligation
@!!id:822
@!!loc:7152:70:7152:75
@!!status:to be proved
@!!END

@!!BEGIN
@!!type:obligation
@!!id:823
@!!loc:7152:77:7152:92
@!!status:to be proved
@!!END

@!!BEGIN
@!!type:obligation
@!!id:824
@!!loc:7153:67:7153:69
@!!status:to be proved
@!!END

@!!BEGIN
@!!type:obligation
@!!id:825
@!!loc:7153:70:7153:75
@!!status:to be proved
@!!END

@!!BEGIN
@!!type:obligation
@!!id:826
@!!loc:7153:77:7153:92
@!!status:to be proved
@!!END

@!!BEGIN
@!!type:obligation
@!!id:827
@!!loc:7154:68:7154:70
@!!status:to be proved
@!!END

@!!BEGIN
@!!type:obligation
@!!id:828
@!!loc:7154:71:7154:76
@!!status:to be proved
@!!END

@!!BEGIN
@!!type:obligation
@!!id:829
@!!loc:7154:78:7154:94
@!!status:to be proved
@!!END

@!!BEGIN
@!!type:obligation
@!!id:830
@!!loc:7155:64:7155:66
@!!status:to be proved
@!!END

@!!BEGIN
@!!type:obligation
@!!id:831
@!!loc:7155:67:7155:72
@!!status:to be proved
@!!END

@!!BEGIN
@!!type:obligation
@!!id:832
@!!loc:7155:74:7155:86
@!!status:to be proved
@!!END

@!!BEGIN
@!!type:obligation
@!!id:833
@!!loc:7156:64:7156:66
@!!status:to be proved
@!!END

@!!BEGIN
@!!type:obligation
@!!id:834
@!!loc:7156:67:7156:72
@!!status:to be proved
@!!END

@!!BEGIN
@!!type:obligation
@!!id:835
@!!loc:7156:74:7156:86
@!!status:to be proved
@!!END

@!!BEGIN
@!!type:obligation
@!!id:836
@!!loc:7157:79:7157:81
@!!status:to be proved
@!!END

@!!BEGIN
@!!type:obligation
@!!id:837
@!!loc:7157:82:7157:87
@!!status:to be proved
@!!END

@!!BEGIN
@!!type:obligation
@!!id:838
@!!loc:7157:89:7157:96
@!!status:to be proved
@!!END

@!!BEGIN
@!!type:obligation
@!!id:839
@!!loc:7158:81:7158:83
@!!status:to be proved
@!!END

@!!BEGIN
@!!type:obligation
@!!id:840
@!!loc:7158:84:7158:89
@!!status:to be proved
@!!END

@!!BEGIN
@!!type:obligation
@!!id:841
@!!loc:7158:91:7158:100
@!!status:to be proved
@!!END

@!!BEGIN
@!!type:obligation
@!!id:842
@!!loc:7159:81:7159:83
@!!status:to be proved
@!!END

@!!BEGIN
@!!type:obligation
@!!id:843
@!!loc:7159:84:7159:89
@!!status:to be proved
@!!END

@!!BEGIN
@!!type:obligation
@!!id:844
@!!loc:7159:91:7159:100
@!!status:to be proved
@!!END

@!!BEGIN
@!!type:obligation
@!!id:845
@!!loc:7160:82:7160:84
@!!status:to be proved
@!!END

@!!BEGIN
@!!type:obligation
@!!id:846
@!!loc:7160:85:7160:90
@!!status:to be proved
@!!END

@!!BEGIN
@!!type:obligation
@!!id:847
@!!loc:7160:92:7160:100
@!!status:to be proved
@!!END

@!!BEGIN
@!!type:obligation
@!!id:848
@!!loc:7170:12:7170:14
@!!status:to be proved
@!!END

@!!BEGIN
@!!type:obligation
@!!id:849
@!!loc:7170:15:7170:19
@!!status:to be proved
@!!END

@!!BEGIN
@!!type:obligation
@!!id:850
@!!loc:7170:21:7170:25
@!!status:to be proved
@!!END

@!!BEGIN
@!!type:obligation
@!!id:851
@!!loc:7170:27:7170:31
@!!status:to be proved
@!!END

@!!BEGIN
@!!type:obligation
@!!id:852
@!!loc:7170:33:7170:37
@!!status:to be proved
@!!END

@!!BEGIN
@!!type:obligation
@!!id:853
@!!loc:7166:22:7166:24
@!!status:to be proved
@!!END

@!!BEGIN
@!!type:obligation
@!!id:854
@!!loc:7166:25:7166:29
@!!status:to be proved
@!!END

@!!BEGIN
@!!type:obligation
@!!id:855
@!!loc:7167:18:7167:20
@!!status:to be proved
@!!END

@!!BEGIN
@!!type:obligation
@!!id:856
@!!loc:7167:21:7167:25
@!!status:to be proved
@!!END

@!!BEGIN
@!!type:obligation
@!!id:857
@!!loc:7167:27:7167:33
@!!status:to be proved
@!!END

@!!BEGIN
@!!type:obligation
@!!id:858
@!!loc:7168:20:7168:22
@!!status:to be proved
@!!END

@!!BEGIN
@!!type:obligation
@!!id:859
@!!loc:7168:23:7168:27
@!!status:to be proved
@!!END

@!!BEGIN
@!!type:obligation
@!!id:860
@!!loc:7168:29:7168:37
@!!status:to be proved
@!!END

@!!BEGIN
@!!type:obligation
@!!id:861
@!!loc:7169:78:7169:80
@!!status:to be proved
@!!END

@!!BEGIN
@!!type:obligation
@!!id:862
@!!loc:7169:81:7169:85
@!!status:to be proved
@!!END

@!!BEGIN
@!!type:obligation
@!!id:863
@!!loc:7169:87:7169:94
@!!status:to be proved
@!!END

@!!BEGIN
@!!type:obligation
@!!id:864
@!!loc:7186:10:7186:12
@!!status:to be proved
@!!END

@!!BEGIN
@!!type:obligation
@!!id:865
@!!loc:7186:13:7186:17
@!!status:to be proved
@!!END

@!!BEGIN
@!!type:obligation
@!!id:866
@!!loc:7186:19:7186:23
@!!status:to be proved
@!!END

@!!BEGIN
@!!type:obligation
@!!id:867
@!!loc:7186:25:7186:28
@!!status:to be proved
@!!END

@!!BEGIN
@!!type:obligation
@!!id:868
@!!loc:7174:21:7174:23
@!!status:to be proved
@!!END

@!!BEGIN
@!!type:obligation
@!!id:869
@!!loc:7174:24:7174:31
@!!status:to be proved
@!!END

@!!BEGIN
@!!type:obligation
@!!id:870
@!!loc:7185:12:7185:14
@!!status:to be proved
@!!END

@!!BEGIN
@!!type:obligation
@!!id:871
@!!loc:7185:15:7185:19
@!!status:to be proved
@!!END

@!!BEGIN
@!!type:obligation
@!!id:872
@!!loc:7185:21:7185:25
@!!status:to be proved
@!!END

@!!BEGIN
@!!type:obligation
@!!id:873
@!!loc:7176:33:7176:35
@!!status:to be proved
@!!END

@!!BEGIN
@!!type:obligation
@!!id:874
@!!loc:7176:36:7176:43
@!!status:to be proved
@!!END

@!!BEGIN
@!!type:obligation
@!!id:875
@!!loc:7184:14:7184:16
@!!status:to be proved
@!!END

@!!BEGIN
@!!type:obligation
@!!id:876
@!!loc:7184:17:7184:21
@!!status:to be proved
@!!END

@!!BEGIN
@!!type:obligation
@!!id:877
@!!loc:7184:23:7184:27
@!!status:to be proved
@!!END

@!!BEGIN
@!!type:obligation
@!!id:878
@!!loc:7184:29:7184:33
@!!status:to be proved
@!!END

@!!BEGIN
@!!type:obligation
@!!id:879
@!!loc:7184:35:7184:39
@!!status:to be proved
@!!END

@!!BEGIN
@!!type:obligation
@!!id:880
@!!loc:7184:41:7184:45
@!!status:to be proved
@!!END

@!!BEGIN
@!!type:obligation
@!!id:881
@!!loc:7179:7:7179:9
@!!status:to be proved
@!!END

@!!BEGIN
@!!type:obligation
@!!id:882
@!!loc:7180:42:7180:44
@!!status:to be proved
@!!END

@!!BEGIN
@!!type:obligation
@!!id:883
@!!loc:7180:45:7180:51
@!!status:to be proved
@!!END

@!!BEGIN
@!!type:obligation
@!!id:884
@!!loc:7181:42:7181:44
@!!status:to be proved
@!!END

@!!BEGIN
@!!type:obligation
@!!id:885
@!!loc:7181:45:7181:51
@!!status:to be proved
@!!END

@!!BEGIN
@!!type:obligation
@!!id:886
@!!loc:7182:42:7182:44
@!!status:to be proved
@!!END

@!!BEGIN
@!!type:obligation
@!!id:887
@!!loc:7182:45:7182:51
@!!status:to be proved
@!!END

@!!BEGIN
@!!type:obligation
@!!id:888
@!!loc:7183:42:7183:44
@!!status:to be proved
@!!END

@!!BEGIN
@!!type:obligation
@!!id:889
@!!loc:7183:45:7183:51
@!!status:to be proved
@!!END

@!!BEGIN
@!!type:obligation
@!!id:890
@!!loc:7190:10:7190:12
@!!status:to be proved
@!!END

@!!BEGIN
@!!type:obligation
@!!id:891
@!!loc:7190:13:7190:24
@!!status:to be proved
@!!END

@!!BEGIN
@!!type:obligation
@!!id:892
@!!loc:7190:26:7190:30
@!!status:to be proved
@!!END

@!!BEGIN
@!!type:obligation
@!!id:893
@!!loc:7190:32:7190:35
@!!status:to be proved
@!!END

@!!BEGIN
@!!type:obligation
@!!id:894
@!!loc:7189:34:7189:36
@!!status:to be proved
@!!END

@!!BEGIN
@!!type:obligationsnumber
@!!count:894
@!!END

@!!BEGIN
@!!type:obligation
@!!id:1
@!!loc:6619:1:6619:3
@!!status:proved
@!!prover:smt
@!!meth:time-limit: 60; time-used: 0.4 (1%)
@!!already:false
@!!END

@!!BEGIN
@!!type:obligation
@!!id:2
@!!loc:6622:1:6622:3
@!!status:proved
@!!prover:smt
@!!meth:time-limit: 60; time-used: 0.3 (1%)
@!!already:false
@!!END

@!!BEGIN
@!!type:obligation
@!!id:3
@!!loc:6625:1:6625:3
@!!status:proved
@!!prover:smt
@!!meth:time-limit: 60; time-used: 0.4 (1%)
@!!already:false
@!!END

@!!BEGIN
@!!type:obligation
@!!id:5
@!!loc:6654:13:6654:17
@!!status:trivial
@!!prover:tlapm
@!!already:false
@!!END

@!!BEGIN
@!!type:obligation
@!!id:6
@!!loc:6654:19:6654:23
@!!status:trivial
@!!prover:tlapm
@!!already:false
@!!END

@!!BEGIN
@!!type:obligation
@!!id:4
@!!loc:6654:10:6654:12
@!!status:proved
@!!prover:smt
@!!meth:time-limit: 60; time-used: 0.8 (1%)
@!!already:false
@!!END

@!!BEGIN
@!!type:obligation
@!!id:8
@!!loc:6640:15:6640:19
@!!status:trivial
@!!prover:tlapm
@!!already:false
@!!END

@!!BEGIN
@!!type:obligation
@!!id:9
@!!loc:6640:21:6640:25
@!!status:trivial
@!!prover:tlapm
@!!already:false
@!!END

@!!BEGIN
@!!type:obligation
@!!id:7
@!!loc:6640:12:6640:14
@!!status:proved
@!!prover:smt
@!!meth:time-limit: 60; time-used: 0.8 (1%)
@!!already:false
@!!END

@!!BEGIN
@!!type:obligation
@!!id:10
@!!loc:6634:5:6634:7
@!!status:proved
@!!prover:smt
@!!meth:time-limit: 60; time-used: 0.4 (1%)
@!!already:false
@!!END

@!!BEGIN
@!!type:obligation
@!!id:11
@!!loc:6635:31:6635:33
@!!status:proved
@!!prover:smt
@!!meth:time-limit: 60; time-used: 0.4 (1%)
@!!already:false
@!!END

@!!BEGIN
@!!type:obligation
@!!id:13
@!!loc:6638:17:6638:21
@!!status:trivial
@!!prover:tlapm
@!!already:false
@!!END

@!!BEGIN
@!!type:obligation
@!!id:14
@!!loc:6638:23:6638:27
@!!status:trivial
@!!prover:tlapm
@!!already:false
@!!END

@!!BEGIN
@!!type:obligation
@!!id:12
@!!loc:6638:14:6638:16
@!!status:proved
@!!prover:smt
@!!meth:time-limit: 60; time-used: 0.9 (1%)
@!!already:false
@!!END

@!!BEGIN
@!!type:obligation
@!!id:16
@!!loc:6637:48:6637:52
@!!status:trivial
@!!prover:tlapm
@!!already:false
@!!END

@!!BEGIN
@!!type:obligation
@!!id:15
@!!loc:6637:45:6637:47
@!!status:proved
@!!prover:smt
@!!meth:time-limit: 60; time-used: 0.6 (1%)
@!!already:false
@!!END

@!!BEGIN
@!!type:obligation
@!!id:18
@!!loc:6639:51:6639:55
@!!status:trivial
@!!prover:tlapm
@!!already:false
@!!END

@!!BEGIN
@!!type:obligation
@!!id:19
@!!loc:6639:57:6639:61
@!!status:trivial
@!!prover:tlapm
@!!already:false
@!!END

@!!BEGIN
@!!type:obligation
@!!id:17
@!!loc:6639:48:6639:50
@!!status:proved
@!!prover:smt
@!!meth:time-limit: 60; time-used: 0.8 (1%)
@!!already:false
@!!END

@!!BEGIN
@!!type:obligation
@!!id:21
@!!loc:6653:15:6653:19
@!!status:trivial
@!!prover:tlapm
@!!already:false
@!!END

@!!BEGIN
@!!type:obligation
@!!id:22
@!!loc:6653:21:6653:25
@!!status:trivial
@!!prover:tlapm
@!!already:false
@!!END

@!!BEGIN
@!!type:obligation
@!!id:23
@!!loc:6653:27:6653:31
@!!status:trivial
@!!prover:tlapm
@!!already:false
@!!END

@!!BEGIN
@!!type:obligation
@!!id:20
@!!loc:6653:12:6653:14
@!!status:proved
@!!prover:smt
@!!meth:time-limit: 60; time-used: 1.1 (2%)
@!!already:false
@!!END

@!!BEGIN
@!!type:obligation
@!!id:24
@!!loc:6645:5:6645:7
@!!status:proved
@!!prover:smt
@!!meth:time-limit: 60; time-used: 0.4 (1%)
@!!already:false
@!!END

@!!BEGIN
@!!type:obligation
@!!id:25
@!!loc:6648:5:6648:7
@!!status:proved
@!!prover:smt
@!!meth:time-limit: 60; time-used: 0.4 (1%)
@!!already:false
@!!END

@!!BEGIN
@!!type:obligation
@!!id:27
@!!loc:6649:30:6649:34
@!!status:trivial
@!!prover:tlapm
@!!already:false
@!!END

@!!BEGIN
@!!type:obligation
@!!id:26
@!!loc:6649:27:6649:29
@!!status:proved
@!!prover:smt
@!!meth:time-limit: 60; time-used: 0.7 (1%)
@!!already:false
@!!END

@!!BEGIN
@!!type:obligation
@!!id:29
@!!loc:6652:17:6652:21
@!!status:trivial
@!!prover:tlapm
@!!already:false
@!!END

@!!BEGIN
@!!type:obligation
@!!id:30
@!!loc:6652:23:6652:27
@!!status:trivial
@!!prover:tlapm
@!!already:false
@!!END

@!!BEGIN
@!!type:obligation
@!!id:31
@!!loc:6652:29:6652:33
@!!status:trivial
@!!prover:tlapm
@!!already:false
@!!END

@!!BEGIN
@!!type:obligation
@!!id:28
@!!loc:6652:14:6652:16
@!!status:proved
@!!prover:smt
@!!meth:time-limit: 60; time-used: 1.1 (2%)
@!!already:false
@!!END

@!!BEGIN
@!!type:obligation
@!!id:33
@!!loc:6651:35:6651:39
@!!status:trivial
@!!prover:tlapm
@!!already:false
@!!END

@!!BEGIN
@!!type:obligation
@!!id:32
@!!loc:6651:32:6651:34
@!!status:proved
@!!prover:smt
@!!meth:time-limit: 60; time-used: 0.6 (1%)
@!!already:false
@!!END

@!!BEGIN
@!!type:obligation
@!!id:34
@!!loc:6660:1:6660:3
@!!status:proved
@!!prover:smt
@!!meth:time-limit: 60; time-used: 0.3 (1%)
@!!already:false
@!!END

@!!BEGIN
@!!type:obligation
@!!id:36
@!!loc:6669:13:6669:17
@!!status:trivial
@!!prover:tlapm
@!!already:false
@!!END

@!!BEGIN
@!!type:obligation
@!!id:37
@!!loc:6669:19:6669:23
@!!status:trivial
@!!prover:tlapm
@!!already:false
@!!END

@!!BEGIN
@!!type:obligation
@!!id:38
@!!loc:6666:39:6666:46
@!!status:proved
@!!prover:smt
@!!meth:time-limit: 60
@!!already:true
@!!END

@!!BEGIN
@!!type:obligation
@!!id:39
@!!loc:6667:13:6667:15
@!!status:proved
@!!prover:smt
@!!meth:time-limit: 60
@!!already:true
@!!END

@!!BEGIN
@!!type:obligation
@!!id:40
@!!loc:6667:16:6667:23
@!!status:trivial
@!!prover:tlapm
@!!already:false
@!!END

@!!BEGIN
@!!type:obligation
@!!id:35
@!!loc:6669:10:6669:12
@!!status:proved
@!!prover:smt
@!!meth:time-limit: 60; time-used: 1.3 (2%)
@!!already:false
@!!END

@!!BEGIN
@!!type:obligation
@!!id:41
@!!loc:6668:34:6668:36
@!!status:proved
@!!prover:smt
@!!meth:time-limit: 60; time-used: 0.4 (1%)
@!!already:false
@!!END

@!!BEGIN
@!!type:obligation
@!!id:43
@!!loc:6687:13:6687:17
@!!status:trivial
@!!prover:tlapm
@!!already:false
@!!END

@!!BEGIN
@!!type:obligation
@!!id:44
@!!loc:6687:19:6687:23
@!!status:trivial
@!!prover:tlapm
@!!already:false
@!!END

@!!BEGIN
@!!type:obligation
@!!id:45
@!!loc:6687:25:6687:29
@!!status:trivial
@!!prover:tlapm
@!!already:false
@!!END

@!!BEGIN
@!!type:obligation
@!!id:46
@!!loc:6687:31:6687:35
@!!status:trivial
@!!prover:tlapm
@!!already:false
@!!END

@!!BEGIN
@!!type:obligation
@!!id:47
@!!loc:6687:37:6687:41
@!!status:trivial
@!!prover:tlapm
@!!already:false
@!!END

@!!BEGIN
@!!type:obligation
@!!id:48
@!!loc:6687:43:6687:50
@!!status:trivial
@!!prover:tlapm
@!!already:false
@!!END

@!!BEGIN
@!!type:obligation
@!!id:49
@!!loc:6677:14:6677:16
@!!status:proved
@!!prover:smt
@!!meth:time-limit: 60
@!!already:true
@!!END

@!!BEGIN
@!!type:obligation
@!!id:50
@!!loc:6678:14:6678:16
@!!status:proved
@!!prover:smt
@!!meth:time-limit: 60
@!!already:true
@!!END

@!!BEGIN
@!!type:obligation
@!!id:51
@!!loc:6678:17:6678:22
@!!status:trivial
@!!prover:tlapm
@!!already:false
@!!END

@!!BEGIN
@!!type:obligation
@!!id:52
@!!loc:6678:24:6678:31
@!!status:trivial
@!!prover:tlapm
@!!already:false
@!!END

@!!BEGIN
@!!type:obligation
@!!id:42
@!!loc:6687:10:6687:12
@!!status:proved
@!!prover:smt
@!!meth:time-limit: 60; time-used: 2.2 (4%)
@!!already:false
@!!END

@!!BEGIN
@!!type:obligation
@!!id:53
@!!loc:6679:10:6679:12
@!!status:proved
@!!prover:smt
@!!meth:time-limit: 60; time-used: 0.3 (1%)
@!!already:false
@!!END

@!!BEGIN
@!!type:obligation
@!!id:55
@!!loc:6680:20:6680:32
@!!status:trivial
@!!prover:tlapm
@!!already:false
@!!END

@!!BEGIN
@!!type:obligation
@!!id:54
@!!loc:6680:17:6680:19
@!!status:proved
@!!prover:smt
@!!meth:time-limit: 60; time-used: 0.6 (1%)
@!!already:false
@!!END

@!!BEGIN
@!!type:obligation
@!!id:57
@!!loc:6682:6:6682:10
@!!status:trivial
@!!prover:tlapm
@!!already:false
@!!END

@!!BEGIN
@!!type:obligation
@!!id:58
@!!loc:6682:12:6682:20
@!!status:trivial
@!!prover:tlapm
@!!already:false
@!!END

@!!BEGIN
@!!type:obligation
@!!id:56
@!!loc:6682:3:6682:5
@!!status:proved
@!!prover:smt
@!!meth:time-limit: 60; time-used: 1.0 (2%)
@!!already:false
@!!END

@!!BEGIN
@!!type:obligation
@!!id:59
@!!loc:6683:19:6683:21
@!!status:proved
@!!prover:smt
@!!meth:time-limit: 60; time-used: 0.4 (1%)
@!!already:false
@!!END

@!!BEGIN
@!!type:obligation
@!!id:61
@!!loc:6684:17:6684:22
@!!status:trivial
@!!prover:tlapm
@!!already:false
@!!END

@!!BEGIN
@!!type:obligation
@!!id:62
@!!loc:6684:24:6684:34
@!!status:trivial
@!!prover:tlapm
@!!already:false
@!!END

@!!BEGIN
@!!type:obligation
@!!id:60
@!!loc:6684:14:6684:16
@!!status:proved
@!!prover:smt
@!!meth:time-limit: 60; time-used: 1.0 (2%)
@!!already:false
@!!END

@!!BEGIN
@!!type:obligation
@!!id:63
@!!loc:6685:29:6685:31
@!!status:proved
@!!prover:smt
@!!meth:time-limit: 60; time-used: 0.3 (1%)
@!!already:false
@!!END

@!!BEGIN
@!!type:obligation
@!!id:65
@!!loc:6686:19:6686:24
@!!status:trivial
@!!prover:tlapm
@!!already:false
@!!END

@!!BEGIN
@!!type:obligation
@!!id:66
@!!loc:6686:26:6686:35
@!!status:trivial
@!!prover:tlapm
@!!already:false
@!!END

@!!BEGIN
@!!type:obligation
@!!id:67
@!!loc:6706:10:6706:12
@!!status:proved
@!!prover:smt
@!!meth:time-limit: 60
@!!already:true
@!!END

@!!BEGIN
@!!type:obligation
@!!id:68
@!!loc:6706:13:6706:17
@!!status:trivial
@!!prover:tlapm
@!!already:false
@!!END

@!!BEGIN
@!!type:obligation
@!!id:69
@!!loc:6706:19:6706:23
@!!status:trivial
@!!prover:tlapm
@!!already:false
@!!END

@!!BEGIN
@!!type:obligation
@!!id:70
@!!loc:6706:25:6706:29
@!!status:trivial
@!!prover:tlapm
@!!already:false
@!!END

@!!BEGIN
@!!type:obligation
@!!id:71
@!!loc:6706:31:6706:35
@!!status:trivial
@!!prover:tlapm
@!!already:false
@!!END

@!!BEGIN
@!!type:obligation
@!!id:72
@!!loc:6706:37:6706:41
@!!status:trivial
@!!prover:tlapm
@!!already:false
@!!END

@!!BEGIN
@!!type:obligation
@!!id:73
@!!loc:6706:43:6706:50
@!!status:trivial
@!!prover:tlapm
@!!already:false
@!!END

@!!BEGIN
@!!type:obligation
@!!id:74
@!!loc:6692:14:6692:16
@!!status:proved
@!!prover:smt
@!!meth:time-limit: 60
@!!already:true
@!!END

@!!BEGIN
@!!type:obligation
@!!id:75
@!!loc:6693:14:6693:16
@!!status:proved
@!!prover:smt
@!!meth:time-limit: 60
@!!already:true
@!!END

@!!BEGIN
@!!type:obligation
@!!id:76
@!!loc:6693:17:6693:22
@!!status:trivial
@!!prover:tlapm
@!!already:false
@!!END

@!!BEGIN
@!!type:obligation
@!!id:77
@!!loc:6693:24:6693:31
@!!status:trivial
@!!prover:tlapm
@!!already:false
@!!END

@!!BEGIN
@!!type:obligation
@!!id:78
@!!loc:6694:10:6694:12
@!!status:proved
@!!prover:smt
@!!meth:time-limit: 60
@!!already:true
@!!END

@!!BEGIN
@!!type:obligation
@!!id:79
@!!loc:6695:17:6695:19
@!!status:proved
@!!prover:smt
@!!meth:time-limit: 60
@!!already:true
@!!END

@!!BEGIN
@!!type:obligation
@!!id:80
@!!loc:6695:20:6695:32
@!!status:trivial
@!!prover:tlapm
@!!already:false
@!!END

@!!BEGIN
@!!type:obligation
@!!id:81
@!!loc:6697:3:6697:5
@!!status:proved
@!!prover:smt
@!!meth:time-limit: 60
@!!already:true
@!!END

@!!BEGIN
@!!type:obligation
@!!id:82
@!!loc:6697:6:6697:10
@!!status:trivial
@!!prover:tlapm
@!!already:false
@!!END

@!!BEGIN
@!!type:obligation
@!!id:83
@!!loc:6697:12:6697:20
@!!status:trivial
@!!prover:tlapm
@!!already:false
@!!END

@!!BEGIN
@!!type:obligation
@!!id:64
@!!loc:6686:16:6686:18
@!!status:proved
@!!prover:smt
@!!meth:time-limit: 60; time-used: 3.2 (5%)
@!!already:false
@!!END

@!!BEGIN
@!!type:obligation
@!!id:85
@!!loc:6703:15:6703:19
@!!status:trivial
@!!prover:tlapm
@!!already:false
@!!END

@!!BEGIN
@!!type:obligation
@!!id:86
@!!loc:6703:21:6703:25
@!!status:trivial
@!!prover:tlapm
@!!already:false
@!!END

@!!BEGIN
@!!type:obligation
@!!id:84
@!!loc:6703:12:6703:14
@!!status:proved
@!!prover:smt
@!!meth:time-limit: 60; time-used: 1.3 (2%)
@!!already:false
@!!END

@!!BEGIN
@!!type:obligation
@!!id:87
@!!loc:6699:56:6699:58
@!!status:proved
@!!prover:smt
@!!meth:time-limit: 60; time-used: 0.6 (1%)
@!!already:false
@!!END

@!!BEGIN
@!!type:obligation
@!!id:89
@!!loc:6702:17:6702:21
@!!status:trivial
@!!prover:tlapm
@!!already:false
@!!END

@!!BEGIN
@!!type:obligation
@!!id:88
@!!loc:6702:14:6702:16
@!!status:proved
@!!prover:smt
@!!meth:time-limit: 60; time-used: 1.6 (3%)
@!!already:false
@!!END

@!!BEGIN
@!!type:obligation
@!!id:90
@!!loc:6701:43:6701:45
@!!status:proved
@!!prover:smt
@!!meth:time-limit: 60; time-used: 0.6 (1%)
@!!already:false
@!!END

@!!BEGIN
@!!type:obligation
@!!id:92
@!!loc:6705:16:6705:18
@!!status:proved
@!!prover:smt
@!!meth:time-limit: 60
@!!already:true
@!!END

@!!BEGIN
@!!type:obligation
@!!id:93
@!!loc:6705:19:6705:24
@!!status:trivial
@!!prover:tlapm
@!!already:false
@!!END

@!!BEGIN
@!!type:obligation
@!!id:94
@!!loc:6705:26:6705:35
@!!status:trivial
@!!prover:tlapm
@!!already:false
@!!END

@!!BEGIN
@!!type:obligation
@!!id:91
@!!loc:6704:29:6704:31
@!!status:proved
@!!prover:smt
@!!meth:time-limit: 60; time-used: 0.9 (1%)
@!!already:false
@!!END

@!!BEGIN
@!!type:obligation
@!!id:96
@!!loc:6725:13:6725:17
@!!status:trivial
@!!prover:tlapm
@!!already:false
@!!END

@!!BEGIN
@!!type:obligation
@!!id:97
@!!loc:6725:19:6725:23
@!!status:trivial
@!!prover:tlapm
@!!already:false
@!!END

@!!BEGIN
@!!type:obligation
@!!id:98
@!!loc:6725:25:6725:29
@!!status:trivial
@!!prover:tlapm
@!!already:false
@!!END

@!!BEGIN
@!!type:obligation
@!!id:99
@!!loc:6725:31:6725:35
@!!status:trivial
@!!prover:tlapm
@!!already:false
@!!END

@!!BEGIN
@!!type:obligation
@!!id:100
@!!loc:6725:37:6725:41
@!!status:trivial
@!!prover:tlapm
@!!already:false
@!!END

@!!BEGIN
@!!type:obligation
@!!id:101
@!!loc:6725:43:6725:50
@!!status:trivial
@!!prover:tlapm
@!!already:false
@!!END

@!!BEGIN
@!!type:obligation
@!!id:102
@!!loc:6711:14:6711:16
@!!status:proved
@!!prover:smt
@!!meth:time-limit: 60
@!!already:true
@!!END

@!!BEGIN
@!!type:obligation
@!!id:103
@!!loc:6712:14:6712:16
@!!status:proved
@!!prover:smt
@!!meth:time-limit: 60
@!!already:true
@!!END

@!!BEGIN
@!!type:obligation
@!!id:104
@!!loc:6712:17:6712:22
@!!status:trivial
@!!prover:tlapm
@!!already:false
@!!END

@!!BEGIN
@!!type:obligation
@!!id:105
@!!loc:6712:24:6712:34
@!!status:trivial
@!!prover:tlapm
@!!already:false
@!!END

@!!BEGIN
@!!type:obligation
@!!id:95
@!!loc:6725:10:6725:12
@!!status:proved
@!!prover:smt
@!!meth:time-limit: 60; time-used: 2.3 (4%)
@!!already:false
@!!END

@!!BEGIN
@!!type:obligation
@!!id:106
@!!loc:6713:10:6713:12
@!!status:proved
@!!prover:smt
@!!meth:time-limit: 60; time-used: 0.3 (0%)
@!!already:false
@!!END

@!!BEGIN
@!!type:obligation
@!!id:108
@!!loc:6714:20:6714:32
@!!status:trivial
@!!prover:tlapm
@!!already:false
@!!END

@!!BEGIN
@!!type:obligation
@!!id:107
@!!loc:6714:17:6714:19
@!!status:proved
@!!prover:smt
@!!meth:time-limit: 60; time-used: 0.6 (1%)
@!!already:false
@!!END

@!!BEGIN
@!!type:obligation
@!!id:110
@!!loc:6716:6:6716:10
@!!status:trivial
@!!prover:tlapm
@!!already:false
@!!END

@!!BEGIN
@!!type:obligation
@!!id:111
@!!loc:6716:12:6716:20
@!!status:trivial
@!!prover:tlapm
@!!already:false
@!!END

@!!BEGIN
@!!type:obligation
@!!id:112
@!!loc:6717:21:6717:23
@!!status:proved
@!!prover:smt
@!!meth:time-limit: 60
@!!already:true
@!!END

@!!BEGIN
@!!type:obligation
@!!id:113
@!!loc:6717:24:6717:36
@!!status:trivial
@!!prover:tlapm
@!!already:false
@!!END

@!!BEGIN
@!!type:obligation
@!!id:109
@!!loc:6716:3:6716:5
@!!status:proved
@!!prover:smt
@!!meth:time-limit: 60; time-used: 1.2 (2%)
@!!already:false
@!!END

@!!BEGIN
@!!type:obligation
@!!id:115
@!!loc:6722:15:6722:19
@!!status:trivial
@!!prover:tlapm
@!!already:false
@!!END

@!!BEGIN
@!!type:obligation
@!!id:114
@!!loc:6722:12:6722:14
@!!status:proved
@!!prover:smt
@!!meth:time-limit: 60; time-used: 1.7 (3%)
@!!already:false
@!!END

@!!BEGIN
@!!type:obligation
@!!id:116
@!!loc:6719:41:6719:43
@!!status:proved
@!!prover:smt
@!!meth:time-limit: 60; time-used: 0.6 (1%)
@!!already:false
@!!END

@!!BEGIN
@!!type:obligation
@!!id:118
@!!loc:6721:8:6721:13
@!!status:trivial
@!!prover:tlapm
@!!already:false
@!!END

@!!BEGIN
@!!type:obligation
@!!id:119
@!!loc:6721:15:6721:19
@!!status:trivial
@!!prover:tlapm
@!!already:false
@!!END

@!!BEGIN
@!!type:obligation
@!!id:117
@!!loc:6721:5:6721:7
@!!status:proved
@!!prover:smt
@!!meth:time-limit: 60; time-used: 1.1 (2%)
@!!already:false
@!!END

@!!BEGIN
@!!type:obligation
@!!id:120
@!!loc:6723:29:6723:31
@!!status:proved
@!!prover:smt
@!!meth:time-limit: 60; time-used: 0.4 (1%)
@!!already:false
@!!END

@!!BEGIN
@!!type:obligation
@!!id:122
@!!loc:6724:19:6724:24
@!!status:trivial
@!!prover:tlapm
@!!already:false
@!!END

@!!BEGIN
@!!type:obligation
@!!id:123
@!!loc:6724:26:6724:35
@!!status:trivial
@!!prover:tlapm
@!!already:false
@!!END

@!!BEGIN
@!!type:obligation
@!!id:121
@!!loc:6724:16:6724:18
@!!status:proved
@!!prover:smt
@!!meth:time-limit: 60; time-used: 1.0 (2%)
@!!already:false
@!!END

@!!BEGIN
@!!type:obligation
@!!id:125
@!!loc:6731:13:6731:17
@!!status:trivial
@!!prover:tlapm
@!!already:false
@!!END

@!!BEGIN
@!!type:obligation
@!!id:124
@!!loc:6731:10:6731:12
@!!status:proved
@!!prover:smt
@!!meth:time-limit: 60; time-used: 0.7 (1%)
@!!already:false
@!!END

@!!BEGIN
@!!type:obligation
@!!id:127
@!!loc:6748:10:6748:12
@!!status:proved
@!!prover:smt
@!!meth:time-limit: 60
@!!already:true
@!!END

@!!BEGIN
@!!type:obligation
@!!id:128
@!!loc:6748:13:6748:17
@!!status:trivial
@!!prover:tlapm
@!!already:false
@!!END

@!!BEGIN
@!!type:obligation
@!!id:129
@!!loc:6748:19:6748:23
@!!status:trivial
@!!prover:tlapm
@!!already:false
@!!END

@!!BEGIN
@!!type:obligation
@!!id:130
@!!loc:6748:25:6748:29
@!!status:trivial
@!!prover:tlapm
@!!already:false
@!!END

@!!BEGIN
@!!type:obligation
@!!id:131
@!!loc:6748:31:6748:35
@!!status:trivial
@!!prover:tlapm
@!!already:false
@!!END

@!!BEGIN
@!!type:obligation
@!!id:132
@!!loc:6748:37:6748:41
@!!status:trivial
@!!prover:tlapm
@!!already:false
@!!END

@!!BEGIN
@!!type:obligation
@!!id:133
@!!loc:6748:43:6748:50
@!!status:trivial
@!!prover:tlapm
@!!already:false
@!!END

@!!BEGIN
@!!type:obligation
@!!id:134
@!!loc:6736:14:6736:16
@!!status:proved
@!!prover:smt
@!!meth:time-limit: 60
@!!already:true
@!!END

@!!BEGIN
@!!type:obligation
@!!id:135
@!!loc:6737:14:6737:16
@!!status:proved
@!!prover:smt
@!!meth:time-limit: 60
@!!already:true
@!!END

@!!BEGIN
@!!type:obligation
@!!id:136
@!!loc:6737:17:6737:22
@!!status:trivial
@!!prover:tlapm
@!!already:false
@!!END

@!!BEGIN
@!!type:obligation
@!!id:137
@!!loc:6737:24:6737:34
@!!status:trivial
@!!prover:tlapm
@!!already:false
@!!END

@!!BEGIN
@!!type:obligation
@!!id:138
@!!loc:6738:10:6738:12
@!!status:proved
@!!prover:smt
@!!meth:time-limit: 60
@!!already:true
@!!END

@!!BEGIN
@!!type:obligation
@!!id:139
@!!loc:6739:17:6739:19
@!!status:proved
@!!prover:smt
@!!meth:time-limit: 60
@!!already:true
@!!END

@!!BEGIN
@!!type:obligation
@!!id:140
@!!loc:6739:20:6739:32
@!!status:trivial
@!!prover:tlapm
@!!already:false
@!!END

@!!BEGIN
@!!type:obligation
@!!id:141
@!!loc:6741:3:6741:5
@!!status:proved
@!!prover:smt
@!!meth:time-limit: 60
@!!already:true
@!!END

@!!BEGIN
@!!type:obligation
@!!id:142
@!!loc:6741:6:6741:10
@!!status:trivial
@!!prover:tlapm
@!!already:false
@!!END

@!!BEGIN
@!!type:obligation
@!!id:143
@!!loc:6741:12:6741:20
@!!status:trivial
@!!prover:tlapm
@!!already:false
@!!END

@!!BEGIN
@!!type:obligation
@!!id:126
@!!loc:6730:16:6730:18
@!!status:proved
@!!prover:smt
@!!meth:time-limit: 60; time-used: 3.2 (5%)
@!!already:false
@!!END

@!!BEGIN
@!!type:obligation
@!!id:145
@!!loc:6745:15:6745:19
@!!status:trivial
@!!prover:tlapm
@!!already:false
@!!END

@!!BEGIN
@!!type:obligation
@!!id:146
@!!loc:6743:41:6743:43
@!!status:proved
@!!prover:smt
@!!meth:time-limit: 60
@!!already:true
@!!END

@!!BEGIN
@!!type:obligation
@!!id:144
@!!loc:6745:12:6745:14
@!!status:proved
@!!prover:smt
@!!meth:time-limit: 60; time-used: 0.8 (1%)
@!!already:false
@!!END

@!!BEGIN
@!!type:obligation
@!!id:148
@!!loc:6744:63:6744:67
@!!status:trivial
@!!prover:tlapm
@!!already:false
@!!END

@!!BEGIN
@!!type:obligation
@!!id:147
@!!loc:6744:60:6744:62
@!!status:proved
@!!prover:smt
@!!meth:time-limit: 60; time-used: 0.8 (1%)
@!!already:false
@!!END

@!!BEGIN
@!!type:obligation
@!!id:150
@!!loc:6747:16:6747:18
@!!status:proved
@!!prover:smt
@!!meth:time-limit: 60
@!!already:true
@!!END

@!!BEGIN
@!!type:obligation
@!!id:151
@!!loc:6747:19:6747:24
@!!status:trivial
@!!prover:tlapm
@!!already:false
@!!END

@!!BEGIN
@!!type:obligation
@!!id:152
@!!loc:6747:26:6747:35
@!!status:trivial
@!!prover:tlapm
@!!already:false
@!!END

@!!BEGIN
@!!type:obligation
@!!id:149
@!!loc:6746:29:6746:31
@!!status:proved
@!!prover:smt
@!!meth:time-limit: 60; time-used: 0.8 (1%)
@!!already:false
@!!END

@!!BEGIN
@!!type:obligation
@!!id:154
@!!loc:6764:13:6764:17
@!!status:trivial
@!!prover:tlapm
@!!already:false
@!!END

@!!BEGIN
@!!type:obligation
@!!id:155
@!!loc:6764:19:6764:23
@!!status:trivial
@!!prover:tlapm
@!!already:false
@!!END

@!!BEGIN
@!!type:obligation
@!!id:156
@!!loc:6764:25:6764:29
@!!status:trivial
@!!prover:tlapm
@!!already:false
@!!END

@!!BEGIN
@!!type:obligation
@!!id:157
@!!loc:6764:31:6764:35
@!!status:trivial
@!!prover:tlapm
@!!already:false
@!!END

@!!BEGIN
@!!type:obligation
@!!id:158
@!!loc:6764:37:6764:41
@!!status:trivial
@!!prover:tlapm
@!!already:false
@!!END

@!!BEGIN
@!!type:obligation
@!!id:159
@!!loc:6764:43:6764:50
@!!status:trivial
@!!prover:tlapm
@!!already:false
@!!END

@!!BEGIN
@!!type:obligation
@!!id:160
@!!loc:6753:14:6753:16
@!!status:proved
@!!prover:smt
@!!meth:time-limit: 60
@!!already:true
@!!END

@!!BEGIN
@!!type:obligation
@!!id:161
@!!loc:6754:14:6754:16
@!!status:proved
@!!prover:smt
@!!meth:time-limit: 60
@!!already:true
@!!END

@!!BEGIN
@!!type:obligation
@!!id:162
@!!loc:6754:17:6754:22
@!!status:trivial
@!!prover:tlapm
@!!already:false
@!!END

@!!BEGIN
@!!type:obligation
@!!id:163
@!!loc:6754:24:6754:32
@!!status:trivial
@!!prover:tlapm
@!!already:false
@!!END

@!!BEGIN
@!!type:obligation
@!!id:153
@!!loc:6764:10:6764:12
@!!status:proved
@!!prover:smt
@!!meth:time-limit: 60; time-used: 2.3 (4%)
@!!already:false
@!!END

@!!BEGIN
@!!type:obligation
@!!id:164
@!!loc:6755:10:6755:12
@!!status:proved
@!!prover:smt
@!!meth:time-limit: 60; time-used: 0.3 (1%)
@!!already:false
@!!END

@!!BEGIN
@!!type:obligation
@!!id:166
@!!loc:6756:20:6756:32
@!!status:trivial
@!!prover:tlapm
@!!already:false
@!!END

@!!BEGIN
@!!type:obligation
@!!id:165
@!!loc:6756:17:6756:19
@!!status:proved
@!!prover:smt
@!!meth:time-limit: 60; time-used: 0.6 (1%)
@!!already:false
@!!END

@!!BEGIN
@!!type:obligation
@!!id:168
@!!loc:6758:6:6758:10
@!!status:trivial
@!!prover:tlapm
@!!already:false
@!!END

@!!BEGIN
@!!type:obligation
@!!id:169
@!!loc:6758:12:6758:20
@!!status:trivial
@!!prover:tlapm
@!!already:false
@!!END

@!!BEGIN
@!!type:obligation
@!!id:167
@!!loc:6758:3:6758:5
@!!status:proved
@!!prover:smt
@!!meth:time-limit: 60; time-used: 1.1 (2%)
@!!already:false
@!!END

@!!BEGIN
@!!type:obligation
@!!id:170
@!!loc:6759:19:6759:21
@!!status:proved
@!!prover:smt
@!!meth:time-limit: 60; time-used: 0.3 (0%)
@!!already:false
@!!END

@!!BEGIN
@!!type:obligation
@!!id:172
@!!loc:6760:17:6760:22
@!!status:trivial
@!!prover:tlapm
@!!already:false
@!!END

@!!BEGIN
@!!type:obligation
@!!id:173
@!!loc:6760:24:6760:34
@!!status:trivial
@!!prover:tlapm
@!!already:false
@!!END

@!!BEGIN
@!!type:obligation
@!!id:171
@!!loc:6760:14:6760:16
@!!status:proved
@!!prover:smt
@!!meth:time-limit: 60; time-used: 0.9 (1%)
@!!already:false
@!!END

@!!BEGIN
@!!type:obligation
@!!id:175
@!!loc:6763:15:6763:19
@!!status:trivial
@!!prover:tlapm
@!!already:false
@!!END

@!!BEGIN
@!!type:obligation
@!!id:174
@!!loc:6763:12:6763:14
@!!status:proved
@!!prover:smt
@!!meth:time-limit: 60; time-used: 0.8 (1%)
@!!already:false
@!!END

@!!BEGIN
@!!type:obligation
@!!id:177
@!!loc:6762:65:6762:69
@!!status:trivial
@!!prover:tlapm
@!!already:false
@!!END

@!!BEGIN
@!!type:obligation
@!!id:176
@!!loc:6762:62:6762:64
@!!status:proved
@!!prover:smt
@!!meth:time-limit: 60; time-used: 0.6 (1%)
@!!already:false
@!!END

@!!BEGIN
@!!type:obligation
@!!id:179
@!!loc:6782:13:6782:17
@!!status:trivial
@!!prover:tlapm
@!!already:false
@!!END

@!!BEGIN
@!!type:obligation
@!!id:180
@!!loc:6782:19:6782:23
@!!status:trivial
@!!prover:tlapm
@!!already:false
@!!END

@!!BEGIN
@!!type:obligation
@!!id:181
@!!loc:6782:25:6782:29
@!!status:trivial
@!!prover:tlapm
@!!already:false
@!!END

@!!BEGIN
@!!type:obligation
@!!id:182
@!!loc:6782:31:6782:35
@!!status:trivial
@!!prover:tlapm
@!!already:false
@!!END

@!!BEGIN
@!!type:obligation
@!!id:183
@!!loc:6782:37:6782:41
@!!status:trivial
@!!prover:tlapm
@!!already:false
@!!END

@!!BEGIN
@!!type:obligation
@!!id:184
@!!loc:6782:43:6782:50
@!!status:trivial
@!!prover:tlapm
@!!already:false
@!!END

@!!BEGIN
@!!type:obligation
@!!id:185
@!!loc:6772:14:6772:16
@!!status:proved
@!!prover:smt
@!!meth:time-limit: 60
@!!already:true
@!!END

@!!BEGIN
@!!type:obligation
@!!id:186
@!!loc:6773:14:6773:16
@!!status:proved
@!!prover:smt
@!!meth:time-limit: 60
@!!already:true
@!!END

@!!BEGIN
@!!type:obligation
@!!id:187
@!!loc:6773:17:6773:22
@!!status:trivial
@!!prover:tlapm
@!!already:false
@!!END

@!!BEGIN
@!!type:obligation
@!!id:188
@!!loc:6773:24:6773:31
@!!status:trivial
@!!prover:tlapm
@!!already:false
@!!END

@!!BEGIN
@!!type:obligation
@!!id:178
@!!loc:6782:10:6782:12
@!!status:proved
@!!prover:smt
@!!meth:time-limit: 60; time-used: 2.4 (4%)
@!!already:false
@!!END

@!!BEGIN
@!!type:obligation
@!!id:189
@!!loc:6774:10:6774:12
@!!status:proved
@!!prover:smt
@!!meth:time-limit: 60; time-used: 0.3 (0%)
@!!already:false
@!!END

@!!BEGIN
@!!type:obligation
@!!id:191
@!!loc:6775:20:6775:32
@!!status:trivial
@!!prover:tlapm
@!!already:false
@!!END

@!!BEGIN
@!!type:obligation
@!!id:190
@!!loc:6775:17:6775:19
@!!status:proved
@!!prover:smt
@!!meth:time-limit: 60; time-used: 0.7 (1%)
@!!already:false
@!!END

@!!BEGIN
@!!type:obligation
@!!id:193
@!!loc:6777:6:6777:10
@!!status:trivial
@!!prover:tlapm
@!!already:false
@!!END

@!!BEGIN
@!!type:obligation
@!!id:194
@!!loc:6777:12:6777:20
@!!status:trivial
@!!prover:tlapm
@!!already:false
@!!END

@!!BEGIN
@!!type:obligation
@!!id:192
@!!loc:6777:3:6777:5
@!!status:proved
@!!prover:smt
@!!meth:time-limit: 60; time-used: 1.1 (2%)
@!!already:false
@!!END

@!!BEGIN
@!!type:obligation
@!!id:195
@!!loc:6778:19:6778:21
@!!status:proved
@!!prover:smt
@!!meth:time-limit: 60; time-used: 0.4 (1%)
@!!already:false
@!!END

@!!BEGIN
@!!type:obligation
@!!id:197
@!!loc:6779:17:6779:22
@!!status:trivial
@!!prover:tlapm
@!!already:false
@!!END

@!!BEGIN
@!!type:obligation
@!!id:198
@!!loc:6779:24:6779:34
@!!status:trivial
@!!prover:tlapm
@!!already:false
@!!END

@!!BEGIN
@!!type:obligation
@!!id:196
@!!loc:6779:14:6779:16
@!!status:proved
@!!prover:smt
@!!meth:time-limit: 60; time-used: 1.0 (2%)
@!!already:false
@!!END

@!!BEGIN
@!!type:obligation
@!!id:199
@!!loc:6780:29:6780:31
@!!status:proved
@!!prover:smt
@!!meth:time-limit: 60; time-used: 0.3 (0%)
@!!already:false
@!!END

@!!BEGIN
@!!type:obligation
@!!id:201
@!!loc:6781:19:6781:24
@!!status:trivial
@!!prover:tlapm
@!!already:false
@!!END

@!!BEGIN
@!!type:obligation
@!!id:202
@!!loc:6781:26:6781:35
@!!status:trivial
@!!prover:tlapm
@!!already:false
@!!END

@!!BEGIN
@!!type:obligation
@!!id:203
@!!loc:6797:10:6797:12
@!!status:proved
@!!prover:smt
@!!meth:time-limit: 60
@!!already:true
@!!END

@!!BEGIN
@!!type:obligation
@!!id:204
@!!loc:6797:13:6797:17
@!!status:trivial
@!!prover:tlapm
@!!already:false
@!!END

@!!BEGIN
@!!type:obligation
@!!id:205
@!!loc:6797:19:6797:23
@!!status:trivial
@!!prover:tlapm
@!!already:false
@!!END

@!!BEGIN
@!!type:obligation
@!!id:206
@!!loc:6797:25:6797:29
@!!status:trivial
@!!prover:tlapm
@!!already:false
@!!END

@!!BEGIN
@!!type:obligation
@!!id:207
@!!loc:6797:31:6797:35
@!!status:trivial
@!!prover:tlapm
@!!already:false
@!!END

@!!BEGIN
@!!type:obligation
@!!id:208
@!!loc:6797:37:6797:41
@!!status:trivial
@!!prover:tlapm
@!!already:false
@!!END

@!!BEGIN
@!!type:obligation
@!!id:209
@!!loc:6797:43:6797:50
@!!status:trivial
@!!prover:tlapm
@!!already:false
@!!END

@!!BEGIN
@!!type:obligation
@!!id:210
@!!loc:6787:14:6787:16
@!!status:proved
@!!prover:smt
@!!meth:time-limit: 60
@!!already:true
@!!END

@!!BEGIN
@!!type:obligation
@!!id:211
@!!loc:6788:14:6788:16
@!!status:proved
@!!prover:smt
@!!meth:time-limit: 60
@!!already:true
@!!END

@!!BEGIN
@!!type:obligation
@!!id:212
@!!loc:6788:17:6788:22
@!!status:trivial
@!!prover:tlapm
@!!already:false
@!!END

@!!BEGIN
@!!type:obligation
@!!id:213
@!!loc:6788:24:6788:33
@!!status:trivial
@!!prover:tlapm
@!!already:false
@!!END

@!!BEGIN
@!!type:obligation
@!!id:214
@!!loc:6789:10:6789:12
@!!status:proved
@!!prover:smt
@!!meth:time-limit: 60
@!!already:true
@!!END

@!!BEGIN
@!!type:obligation
@!!id:215
@!!loc:6790:17:6790:19
@!!status:proved
@!!prover:smt
@!!meth:time-limit: 60
@!!already:true
@!!END

@!!BEGIN
@!!type:obligation
@!!id:216
@!!loc:6790:20:6790:32
@!!status:trivial
@!!prover:tlapm
@!!already:false
@!!END

@!!BEGIN
@!!type:obligation
@!!id:217
@!!loc:6792:3:6792:5
@!!status:proved
@!!prover:smt
@!!meth:time-limit: 60
@!!already:true
@!!END

@!!BEGIN
@!!type:obligation
@!!id:218
@!!loc:6792:6:6792:10
@!!status:trivial
@!!prover:tlapm
@!!already:false
@!!END

@!!BEGIN
@!!type:obligation
@!!id:200
@!!loc:6781:16:6781:18
@!!status:proved
@!!prover:smt
@!!meth:time-limit: 60; time-used: 3.1 (5%)
@!!already:false
@!!END

@!!BEGIN
@!!type:obligation
@!!id:219
@!!loc:6792:12:6792:20
@!!status:trivial
@!!prover:tlapm
@!!already:false
@!!END

@!!BEGIN
@!!type:obligation
@!!id:221
@!!loc:6794:14:6794:16
@!!status:proved
@!!prover:smt
@!!meth:time-limit: 60
@!!already:true
@!!END

@!!BEGIN
@!!type:obligation
@!!id:222
@!!loc:6794:17:6794:22
@!!status:trivial
@!!prover:tlapm
@!!already:false
@!!END

@!!BEGIN
@!!type:obligation
@!!id:223
@!!loc:6794:24:6794:34
@!!status:trivial
@!!prover:tlapm
@!!already:false
@!!END

@!!BEGIN
@!!type:obligation
@!!id:220
@!!loc:6793:19:6793:21
@!!status:proved
@!!prover:smt
@!!meth:time-limit: 60; time-used: 0.9 (2%)
@!!already:false
@!!END

@!!BEGIN
@!!type:obligation
@!!id:225
@!!loc:6796:16:6796:18
@!!status:proved
@!!prover:smt
@!!meth:time-limit: 60
@!!already:true
@!!END

@!!BEGIN
@!!type:obligation
@!!id:226
@!!loc:6796:19:6796:24
@!!status:trivial
@!!prover:tlapm
@!!already:false
@!!END

@!!BEGIN
@!!type:obligation
@!!id:227
@!!loc:6796:26:6796:35
@!!status:trivial
@!!prover:tlapm
@!!already:false
@!!END

@!!BEGIN
@!!type:obligation
@!!id:224
@!!loc:6795:29:6795:31
@!!status:proved
@!!prover:smt
@!!meth:time-limit: 60; time-used: 0.9 (2%)
@!!already:false
@!!END

@!!BEGIN
@!!type:obligation
@!!id:229
@!!loc:6812:13:6812:17
@!!status:trivial
@!!prover:tlapm
@!!already:false
@!!END

@!!BEGIN
@!!type:obligation
@!!id:230
@!!loc:6812:19:6812:23
@!!status:trivial
@!!prover:tlapm
@!!already:false
@!!END

@!!BEGIN
@!!type:obligation
@!!id:231
@!!loc:6812:25:6812:29
@!!status:trivial
@!!prover:tlapm
@!!already:false
@!!END

@!!BEGIN
@!!type:obligation
@!!id:232
@!!loc:6812:31:6812:35
@!!status:trivial
@!!prover:tlapm
@!!already:false
@!!END

@!!BEGIN
@!!type:obligation
@!!id:233
@!!loc:6812:37:6812:41
@!!status:trivial
@!!prover:tlapm
@!!already:false
@!!END

@!!BEGIN
@!!type:obligation
@!!id:234
@!!loc:6812:43:6812:50
@!!status:trivial
@!!prover:tlapm
@!!already:false
@!!END

@!!BEGIN
@!!type:obligation
@!!id:235
@!!loc:6802:14:6802:16
@!!status:proved
@!!prover:smt
@!!meth:time-limit: 60
@!!already:true
@!!END

@!!BEGIN
@!!type:obligation
@!!id:236
@!!loc:6803:14:6803:16
@!!status:proved
@!!prover:smt
@!!meth:time-limit: 60
@!!already:true
@!!END

@!!BEGIN
@!!type:obligation
@!!id:237
@!!loc:6803:17:6803:22
@!!status:trivial
@!!prover:tlapm
@!!already:false
@!!END

@!!BEGIN
@!!type:obligation
@!!id:238
@!!loc:6803:24:6803:35
@!!status:trivial
@!!prover:tlapm
@!!already:false
@!!END

@!!BEGIN
@!!type:obligation
@!!id:228
@!!loc:6812:10:6812:12
@!!status:proved
@!!prover:smt
@!!meth:time-limit: 60; time-used: 2.3 (4%)
@!!already:false
@!!END

@!!BEGIN
@!!type:obligation
@!!id:239
@!!loc:6804:10:6804:12
@!!status:proved
@!!prover:smt
@!!meth:time-limit: 60; time-used: 0.4 (1%)
@!!already:false
@!!END

@!!BEGIN
@!!type:obligation
@!!id:241
@!!loc:6805:20:6805:32
@!!status:trivial
@!!prover:tlapm
@!!already:false
@!!END

@!!BEGIN
@!!type:obligation
@!!id:240
@!!loc:6805:17:6805:19
@!!status:proved
@!!prover:smt
@!!meth:time-limit: 60; time-used: 0.7 (1%)
@!!already:false
@!!END

@!!BEGIN
@!!type:obligation
@!!id:243
@!!loc:6807:6:6807:10
@!!status:trivial
@!!prover:tlapm
@!!already:false
@!!END

@!!BEGIN
@!!type:obligation
@!!id:244
@!!loc:6807:12:6807:20
@!!status:trivial
@!!prover:tlapm
@!!already:false
@!!END

@!!BEGIN
@!!type:obligation
@!!id:242
@!!loc:6807:3:6807:5
@!!status:proved
@!!prover:smt
@!!meth:time-limit: 60; time-used: 1.0 (2%)
@!!already:false
@!!END

@!!BEGIN
@!!type:obligation
@!!id:245
@!!loc:6808:19:6808:21
@!!status:proved
@!!prover:smt
@!!meth:time-limit: 60; time-used: 0.3 (0%)
@!!already:false
@!!END

@!!BEGIN
@!!type:obligation
@!!id:247
@!!loc:6809:17:6809:22
@!!status:trivial
@!!prover:tlapm
@!!already:false
@!!END

@!!BEGIN
@!!type:obligation
@!!id:248
@!!loc:6809:24:6809:34
@!!status:trivial
@!!prover:tlapm
@!!already:false
@!!END

@!!BEGIN
@!!type:obligation
@!!id:246
@!!loc:6809:14:6809:16
@!!status:proved
@!!prover:smt
@!!meth:time-limit: 60; time-used: 1.0 (2%)
@!!already:false
@!!END

@!!BEGIN
@!!type:obligation
@!!id:249
@!!loc:6810:29:6810:31
@!!status:proved
@!!prover:smt
@!!meth:time-limit: 60; time-used: 0.4 (1%)
@!!already:false
@!!END

@!!BEGIN
@!!type:obligation
@!!id:251
@!!loc:6811:19:6811:24
@!!status:trivial
@!!prover:tlapm
@!!already:false
@!!END

@!!BEGIN
@!!type:obligation
@!!id:252
@!!loc:6811:26:6811:35
@!!status:trivial
@!!prover:tlapm
@!!already:false
@!!END

@!!BEGIN
@!!type:obligation
@!!id:253
@!!loc:6827:10:6827:12
@!!status:proved
@!!prover:smt
@!!meth:time-limit: 60
@!!already:true
@!!END

@!!BEGIN
@!!type:obligation
@!!id:254
@!!loc:6827:13:6827:17
@!!status:trivial
@!!prover:tlapm
@!!already:false
@!!END

@!!BEGIN
@!!type:obligation
@!!id:255
@!!loc:6827:19:6827:23
@!!status:trivial
@!!prover:tlapm
@!!already:false
@!!END

@!!BEGIN
@!!type:obligation
@!!id:256
@!!loc:6827:25:6827:29
@!!status:trivial
@!!prover:tlapm
@!!already:false
@!!END

@!!BEGIN
@!!type:obligation
@!!id:257
@!!loc:6827:31:6827:35
@!!status:trivial
@!!prover:tlapm
@!!already:false
@!!END

@!!BEGIN
@!!type:obligation
@!!id:258
@!!loc:6827:37:6827:41
@!!status:trivial
@!!prover:tlapm
@!!already:false
@!!END

@!!BEGIN
@!!type:obligation
@!!id:259
@!!loc:6827:43:6827:50
@!!status:trivial
@!!prover:tlapm
@!!already:false
@!!END

@!!BEGIN
@!!type:obligation
@!!id:260
@!!loc:6817:14:6817:16
@!!status:proved
@!!prover:smt
@!!meth:time-limit: 60
@!!already:true
@!!END

@!!BEGIN
@!!type:obligation
@!!id:261
@!!loc:6818:14:6818:16
@!!status:proved
@!!prover:smt
@!!meth:time-limit: 60
@!!already:true
@!!END

@!!BEGIN
@!!type:obligation
@!!id:262
@!!loc:6818:17:6818:22
@!!status:trivial
@!!prover:tlapm
@!!already:false
@!!END

@!!BEGIN
@!!type:obligation
@!!id:263
@!!loc:6818:24:6818:34
@!!status:trivial
@!!prover:tlapm
@!!already:false
@!!END

@!!BEGIN
@!!type:obligation
@!!id:264
@!!loc:6819:10:6819:12
@!!status:proved
@!!prover:smt
@!!meth:time-limit: 60
@!!already:true
@!!END

@!!BEGIN
@!!type:obligation
@!!id:265
@!!loc:6820:17:6820:19
@!!status:proved
@!!prover:smt
@!!meth:time-limit: 60
@!!already:true
@!!END

@!!BEGIN
@!!type:obligation
@!!id:266
@!!loc:6820:20:6820:32
@!!status:trivial
@!!prover:tlapm
@!!already:false
@!!END

@!!BEGIN
@!!type:obligation
@!!id:267
@!!loc:6822:3:6822:5
@!!status:proved
@!!prover:smt
@!!meth:time-limit: 60
@!!already:true
@!!END

@!!BEGIN
@!!type:obligation
@!!id:268
@!!loc:6822:6:6822:10
@!!status:trivial
@!!prover:tlapm
@!!already:false
@!!END

@!!BEGIN
@!!type:obligation
@!!id:250
@!!loc:6811:16:6811:18
@!!status:proved
@!!prover:smt
@!!meth:time-limit: 60; time-used: 3.1 (5%)
@!!already:false
@!!END

@!!BEGIN
@!!type:obligation
@!!id:269
@!!loc:6822:12:6822:20
@!!status:trivial
@!!prover:tlapm
@!!already:false
@!!END

@!!BEGIN
@!!type:obligation
@!!id:271
@!!loc:6824:14:6824:16
@!!status:proved
@!!prover:smt
@!!meth:time-limit: 60
@!!already:true
@!!END

@!!BEGIN
@!!type:obligation
@!!id:272
@!!loc:6824:17:6824:22
@!!status:trivial
@!!prover:tlapm
@!!already:false
@!!END

@!!BEGIN
@!!type:obligation
@!!id:273
@!!loc:6824:24:6824:34
@!!status:trivial
@!!prover:tlapm
@!!already:false
@!!END

@!!BEGIN
@!!type:obligation
@!!id:270
@!!loc:6823:19:6823:21
@!!status:proved
@!!prover:smt
@!!meth:time-limit: 60; time-used: 1.1 (2%)
@!!already:false
@!!END

@!!BEGIN
@!!type:obligation
@!!id:275
@!!loc:6826:16:6826:18
@!!status:proved
@!!prover:smt
@!!meth:time-limit: 60
@!!already:true
@!!END

@!!BEGIN
@!!type:obligation
@!!id:276
@!!loc:6826:19:6826:24
@!!status:trivial
@!!prover:tlapm
@!!already:false
@!!END

@!!BEGIN
@!!type:obligation
@!!id:277
@!!loc:6826:26:6826:35
@!!status:trivial
@!!prover:tlapm
@!!already:false
@!!END

@!!BEGIN
@!!type:obligation
@!!id:278
@!!loc:6842:10:6842:12
@!!status:proved
@!!prover:smt
@!!meth:time-limit: 60
@!!already:true
@!!END

@!!BEGIN
@!!type:obligation
@!!id:279
@!!loc:6842:13:6842:17
@!!status:trivial
@!!prover:tlapm
@!!already:false
@!!END

@!!BEGIN
@!!type:obligation
@!!id:280
@!!loc:6842:19:6842:23
@!!status:trivial
@!!prover:tlapm
@!!already:false
@!!END

@!!BEGIN
@!!type:obligation
@!!id:281
@!!loc:6842:25:6842:29
@!!status:trivial
@!!prover:tlapm
@!!already:false
@!!END

@!!BEGIN
@!!type:obligation
@!!id:282
@!!loc:6842:31:6842:35
@!!status:trivial
@!!prover:tlapm
@!!already:false
@!!END

@!!BEGIN
@!!type:obligation
@!!id:283
@!!loc:6842:37:6842:41
@!!status:trivial
@!!prover:tlapm
@!!already:false
@!!END

@!!BEGIN
@!!type:obligation
@!!id:284
@!!loc:6842:43:6842:50
@!!status:trivial
@!!prover:tlapm
@!!already:false
@!!END

@!!BEGIN
@!!type:obligation
@!!id:285
@!!loc:6832:14:6832:16
@!!status:proved
@!!prover:smt
@!!meth:time-limit: 60
@!!already:true
@!!END

@!!BEGIN
@!!type:obligation
@!!id:286
@!!loc:6833:14:6833:16
@!!status:proved
@!!prover:smt
@!!meth:time-limit: 60
@!!already:true
@!!END

@!!BEGIN
@!!type:obligation
@!!id:287
@!!loc:6833:17:6833:22
@!!status:trivial
@!!prover:tlapm
@!!already:false
@!!END

@!!BEGIN
@!!type:obligation
@!!id:288
@!!loc:6833:24:6833:31
@!!status:trivial
@!!prover:tlapm
@!!already:false
@!!END

@!!BEGIN
@!!type:obligation
@!!id:289
@!!loc:6834:10:6834:12
@!!status:proved
@!!prover:smt
@!!meth:time-limit: 60
@!!already:true
@!!END

@!!BEGIN
@!!type:obligation
@!!id:290
@!!loc:6835:17:6835:19
@!!status:proved
@!!prover:smt
@!!meth:time-limit: 60
@!!already:true
@!!END

@!!BEGIN
@!!type:obligation
@!!id:291
@!!loc:6835:20:6835:32
@!!status:trivial
@!!prover:tlapm
@!!already:false
@!!END

@!!BEGIN
@!!type:obligation
@!!id:292
@!!loc:6837:3:6837:5
@!!status:proved
@!!prover:smt
@!!meth:time-limit: 60
@!!already:true
@!!END

@!!BEGIN
@!!type:obligation
@!!id:293
@!!loc:6837:6:6837:10
@!!status:trivial
@!!prover:tlapm
@!!already:false
@!!END

@!!BEGIN
@!!type:obligation
@!!id:274
@!!loc:6825:29:6825:31
@!!status:proved
@!!prover:smt
@!!meth:time-limit: 60; time-used: 3.2 (5%)
@!!already:false
@!!END

@!!BEGIN
@!!type:obligation
@!!id:294
@!!loc:6837:12:6837:20
@!!status:trivial
@!!prover:tlapm
@!!already:false
@!!END

@!!BEGIN
@!!type:obligation
@!!id:296
@!!loc:6839:14:6839:16
@!!status:proved
@!!prover:smt
@!!meth:time-limit: 60
@!!already:true
@!!END

@!!BEGIN
@!!type:obligation
@!!id:297
@!!loc:6839:17:6839:22
@!!status:trivial
@!!prover:tlapm
@!!already:false
@!!END

@!!BEGIN
@!!type:obligation
@!!id:298
@!!loc:6839:24:6839:34
@!!status:trivial
@!!prover:tlapm
@!!already:false
@!!END

@!!BEGIN
@!!type:obligation
@!!id:295
@!!loc:6838:19:6838:21
@!!status:proved
@!!prover:smt
@!!meth:time-limit: 60; time-used: 1.0 (2%)
@!!already:false
@!!END

@!!BEGIN
@!!type:obligation
@!!id:300
@!!loc:6841:16:6841:18
@!!status:proved
@!!prover:smt
@!!meth:time-limit: 60
@!!already:true
@!!END

@!!BEGIN
@!!type:obligation
@!!id:301
@!!loc:6841:19:6841:24
@!!status:trivial
@!!prover:tlapm
@!!already:false
@!!END

@!!BEGIN
@!!type:obligation
@!!id:302
@!!loc:6841:26:6841:35
@!!status:trivial
@!!prover:tlapm
@!!already:false
@!!END

@!!BEGIN
@!!type:obligation
@!!id:303
@!!loc:6857:10:6857:12
@!!status:proved
@!!prover:smt
@!!meth:time-limit: 60
@!!already:true
@!!END

@!!BEGIN
@!!type:obligation
@!!id:304
@!!loc:6857:13:6857:17
@!!status:trivial
@!!prover:tlapm
@!!already:false
@!!END

@!!BEGIN
@!!type:obligation
@!!id:305
@!!loc:6857:19:6857:23
@!!status:trivial
@!!prover:tlapm
@!!already:false
@!!END

@!!BEGIN
@!!type:obligation
@!!id:306
@!!loc:6857:25:6857:29
@!!status:trivial
@!!prover:tlapm
@!!already:false
@!!END

@!!BEGIN
@!!type:obligation
@!!id:307
@!!loc:6857:31:6857:35
@!!status:trivial
@!!prover:tlapm
@!!already:false
@!!END

@!!BEGIN
@!!type:obligation
@!!id:308
@!!loc:6857:37:6857:41
@!!status:trivial
@!!prover:tlapm
@!!already:false
@!!END

@!!BEGIN
@!!type:obligation
@!!id:309
@!!loc:6857:43:6857:50
@!!status:trivial
@!!prover:tlapm
@!!already:false
@!!END

@!!BEGIN
@!!type:obligation
@!!id:310
@!!loc:6847:14:6847:16
@!!status:proved
@!!prover:smt
@!!meth:time-limit: 60
@!!already:true
@!!END

@!!BEGIN
@!!type:obligation
@!!id:311
@!!loc:6848:14:6848:16
@!!status:proved
@!!prover:smt
@!!meth:time-limit: 60
@!!already:true
@!!END

@!!BEGIN
@!!type:obligation
@!!id:312
@!!loc:6848:17:6848:22
@!!status:trivial
@!!prover:tlapm
@!!already:false
@!!END

@!!BEGIN
@!!type:obligation
@!!id:313
@!!loc:6848:24:6848:31
@!!status:trivial
@!!prover:tlapm
@!!already:false
@!!END

@!!BEGIN
@!!type:obligation
@!!id:314
@!!loc:6849:10:6849:12
@!!status:proved
@!!prover:smt
@!!meth:time-limit: 60
@!!already:true
@!!END

@!!BEGIN
@!!type:obligation
@!!id:315
@!!loc:6850:17:6850:19
@!!status:proved
@!!prover:smt
@!!meth:time-limit: 60
@!!already:true
@!!END

@!!BEGIN
@!!type:obligation
@!!id:316
@!!loc:6850:20:6850:32
@!!status:trivial
@!!prover:tlapm
@!!already:false
@!!END

@!!BEGIN
@!!type:obligation
@!!id:317
@!!loc:6852:3:6852:5
@!!status:proved
@!!prover:smt
@!!meth:time-limit: 60
@!!already:true
@!!END

@!!BEGIN
@!!type:obligation
@!!id:318
@!!loc:6852:6:6852:10
@!!status:trivial
@!!prover:tlapm
@!!already:false
@!!END

@!!BEGIN
@!!type:obligation
@!!id:299
@!!loc:6840:29:6840:31
@!!status:proved
@!!prover:smt
@!!meth:time-limit: 60; time-used: 3.2 (5%)
@!!already:false
@!!END

@!!BEGIN
@!!type:obligation
@!!id:319
@!!loc:6852:12:6852:20
@!!status:trivial
@!!prover:tlapm
@!!already:false
@!!END

@!!BEGIN
@!!type:obligation
@!!id:321
@!!loc:6854:14:6854:16
@!!status:proved
@!!prover:smt
@!!meth:time-limit: 60
@!!already:true
@!!END

@!!BEGIN
@!!type:obligation
@!!id:322
@!!loc:6854:17:6854:22
@!!status:trivial
@!!prover:tlapm
@!!already:false
@!!END

@!!BEGIN
@!!type:obligation
@!!id:323
@!!loc:6854:24:6854:34
@!!status:trivial
@!!prover:tlapm
@!!already:false
@!!END

@!!BEGIN
@!!type:obligation
@!!id:320
@!!loc:6853:19:6853:21
@!!status:proved
@!!prover:smt
@!!meth:time-limit: 60; time-used: 1.1 (2%)
@!!already:false
@!!END

@!!BEGIN
@!!type:obligation
@!!id:325
@!!loc:6856:16:6856:18
@!!status:proved
@!!prover:smt
@!!meth:time-limit: 60
@!!already:true
@!!END

@!!BEGIN
@!!type:obligation
@!!id:326
@!!loc:6856:19:6856:24
@!!status:trivial
@!!prover:tlapm
@!!already:false
@!!END

@!!BEGIN
@!!type:obligation
@!!id:327
@!!loc:6856:26:6856:35
@!!status:trivial
@!!prover:tlapm
@!!already:false
@!!END

@!!BEGIN
@!!type:obligation
@!!id:328
@!!loc:6872:10:6872:12
@!!status:proved
@!!prover:smt
@!!meth:time-limit: 60
@!!already:true
@!!END

@!!BEGIN
@!!type:obligation
@!!id:329
@!!loc:6872:13:6872:17
@!!status:trivial
@!!prover:tlapm
@!!already:false
@!!END

@!!BEGIN
@!!type:obligation
@!!id:330
@!!loc:6872:19:6872:23
@!!status:trivial
@!!prover:tlapm
@!!already:false
@!!END

@!!BEGIN
@!!type:obligation
@!!id:331
@!!loc:6872:25:6872:29
@!!status:trivial
@!!prover:tlapm
@!!already:false
@!!END

@!!BEGIN
@!!type:obligation
@!!id:332
@!!loc:6872:31:6872:35
@!!status:trivial
@!!prover:tlapm
@!!already:false
@!!END

@!!BEGIN
@!!type:obligation
@!!id:333
@!!loc:6872:37:6872:41
@!!status:trivial
@!!prover:tlapm
@!!already:false
@!!END

@!!BEGIN
@!!type:obligation
@!!id:334
@!!loc:6872:43:6872:50
@!!status:trivial
@!!prover:tlapm
@!!already:false
@!!END

@!!BEGIN
@!!type:obligation
@!!id:335
@!!loc:6862:14:6862:16
@!!status:proved
@!!prover:smt
@!!meth:time-limit: 60
@!!already:true
@!!END

@!!BEGIN
@!!type:obligation
@!!id:336
@!!loc:6863:14:6863:16
@!!status:proved
@!!prover:smt
@!!meth:time-limit: 60
@!!already:true
@!!END

@!!BEGIN
@!!type:obligation
@!!id:337
@!!loc:6863:17:6863:22
@!!status:trivial
@!!prover:tlapm
@!!already:false
@!!END

@!!BEGIN
@!!type:obligation
@!!id:338
@!!loc:6863:24:6863:33
@!!status:trivial
@!!prover:tlapm
@!!already:false
@!!END

@!!BEGIN
@!!type:obligation
@!!id:339
@!!loc:6864:10:6864:12
@!!status:proved
@!!prover:smt
@!!meth:time-limit: 60
@!!already:true
@!!END

@!!BEGIN
@!!type:obligation
@!!id:340
@!!loc:6865:17:6865:19
@!!status:proved
@!!prover:smt
@!!meth:time-limit: 60
@!!already:true
@!!END

@!!BEGIN
@!!type:obligation
@!!id:341
@!!loc:6865:20:6865:32
@!!status:trivial
@!!prover:tlapm
@!!already:false
@!!END

@!!BEGIN
@!!type:obligation
@!!id:342
@!!loc:6867:3:6867:5
@!!status:proved
@!!prover:smt
@!!meth:time-limit: 60
@!!already:true
@!!END

@!!BEGIN
@!!type:obligation
@!!id:343
@!!loc:6867:6:6867:10
@!!status:trivial
@!!prover:tlapm
@!!already:false
@!!END

@!!BEGIN
@!!type:obligation
@!!id:324
@!!loc:6855:29:6855:31
@!!status:proved
@!!prover:smt
@!!meth:time-limit: 60; time-used: 3.0 (5%)
@!!already:false
@!!END

@!!BEGIN
@!!type:obligation
@!!id:344
@!!loc:6867:12:6867:20
@!!status:trivial
@!!prover:tlapm
@!!already:false
@!!END

@!!BEGIN
@!!type:obligation
@!!id:346
@!!loc:6869:14:6869:16
@!!status:proved
@!!prover:smt
@!!meth:time-limit: 60
@!!already:true
@!!END

@!!BEGIN
@!!type:obligation
@!!id:347
@!!loc:6869:17:6869:22
@!!status:trivial
@!!prover:tlapm
@!!already:false
@!!END

@!!BEGIN
@!!type:obligation
@!!id:348
@!!loc:6869:24:6869:34
@!!status:trivial
@!!prover:tlapm
@!!already:false
@!!END

@!!BEGIN
@!!type:obligation
@!!id:345
@!!loc:6868:19:6868:21
@!!status:proved
@!!prover:smt
@!!meth:time-limit: 60; time-used: 1.2 (2%)
@!!already:false
@!!END

@!!BEGIN
@!!type:obligation
@!!id:350
@!!loc:6871:16:6871:18
@!!status:proved
@!!prover:smt
@!!meth:time-limit: 60
@!!already:true
@!!END

@!!BEGIN
@!!type:obligation
@!!id:351
@!!loc:6871:19:6871:24
@!!status:trivial
@!!prover:tlapm
@!!already:false
@!!END

@!!BEGIN
@!!type:obligation
@!!id:352
@!!loc:6871:26:6871:35
@!!status:trivial
@!!prover:tlapm
@!!already:false
@!!END

@!!BEGIN
@!!type:obligation
@!!id:353
@!!loc:6887:10:6887:12
@!!status:proved
@!!prover:smt
@!!meth:time-limit: 60
@!!already:true
@!!END

@!!BEGIN
@!!type:obligation
@!!id:354
@!!loc:6887:13:6887:17
@!!status:trivial
@!!prover:tlapm
@!!already:false
@!!END

@!!BEGIN
@!!type:obligation
@!!id:355
@!!loc:6887:19:6887:23
@!!status:trivial
@!!prover:tlapm
@!!already:false
@!!END

@!!BEGIN
@!!type:obligation
@!!id:356
@!!loc:6887:25:6887:29
@!!status:trivial
@!!prover:tlapm
@!!already:false
@!!END

@!!BEGIN
@!!type:obligation
@!!id:357
@!!loc:6887:31:6887:35
@!!status:trivial
@!!prover:tlapm
@!!already:false
@!!END

@!!BEGIN
@!!type:obligation
@!!id:358
@!!loc:6887:37:6887:41
@!!status:trivial
@!!prover:tlapm
@!!already:false
@!!END

@!!BEGIN
@!!type:obligation
@!!id:359
@!!loc:6887:43:6887:50
@!!status:trivial
@!!prover:tlapm
@!!already:false
@!!END

@!!BEGIN
@!!type:obligation
@!!id:360
@!!loc:6877:14:6877:16
@!!status:proved
@!!prover:smt
@!!meth:time-limit: 60
@!!already:true
@!!END

@!!BEGIN
@!!type:obligation
@!!id:361
@!!loc:6878:14:6878:16
@!!status:proved
@!!prover:smt
@!!meth:time-limit: 60
@!!already:true
@!!END

@!!BEGIN
@!!type:obligation
@!!id:362
@!!loc:6878:17:6878:22
@!!status:trivial
@!!prover:tlapm
@!!already:false
@!!END

@!!BEGIN
@!!type:obligation
@!!id:363
@!!loc:6878:24:6878:35
@!!status:trivial
@!!prover:tlapm
@!!already:false
@!!END

@!!BEGIN
@!!type:obligation
@!!id:364
@!!loc:6879:10:6879:12
@!!status:proved
@!!prover:smt
@!!meth:time-limit: 60
@!!already:true
@!!END

@!!BEGIN
@!!type:obligation
@!!id:365
@!!loc:6880:17:6880:19
@!!status:proved
@!!prover:smt
@!!meth:time-limit: 60
@!!already:true
@!!END

@!!BEGIN
@!!type:obligation
@!!id:366
@!!loc:6880:20:6880:32
@!!status:trivial
@!!prover:tlapm
@!!already:false
@!!END

@!!BEGIN
@!!type:obligation
@!!id:367
@!!loc:6882:3:6882:5
@!!status:proved
@!!prover:smt
@!!meth:time-limit: 60
@!!already:true
@!!END

@!!BEGIN
@!!type:obligation
@!!id:368
@!!loc:6882:6:6882:10
@!!status:trivial
@!!prover:tlapm
@!!already:false
@!!END

@!!BEGIN
@!!type:obligation
@!!id:349
@!!loc:6870:29:6870:31
@!!status:proved
@!!prover:smt
@!!meth:time-limit: 60; time-used: 3.2 (5%)
@!!already:false
@!!END

@!!BEGIN
@!!type:obligation
@!!id:369
@!!loc:6882:12:6882:20
@!!status:trivial
@!!prover:tlapm
@!!already:false
@!!END

@!!BEGIN
@!!type:obligation
@!!id:371
@!!loc:6884:14:6884:16
@!!status:proved
@!!prover:smt
@!!meth:time-limit: 60
@!!already:true
@!!END

@!!BEGIN
@!!type:obligation
@!!id:372
@!!loc:6884:17:6884:22
@!!status:trivial
@!!prover:tlapm
@!!already:false
@!!END

@!!BEGIN
@!!type:obligation
@!!id:373
@!!loc:6884:24:6884:34
@!!status:trivial
@!!prover:tlapm
@!!already:false
@!!END

@!!BEGIN
@!!type:obligation
@!!id:370
@!!loc:6883:19:6883:21
@!!status:proved
@!!prover:smt
@!!meth:time-limit: 60; time-used: 1.0 (2%)
@!!already:false
@!!END

@!!BEGIN
@!!type:obligation
@!!id:375
@!!loc:6886:16:6886:18
@!!status:proved
@!!prover:smt
@!!meth:time-limit: 60
@!!already:true
@!!END

@!!BEGIN
@!!type:obligation
@!!id:376
@!!loc:6886:19:6886:24
@!!status:trivial
@!!prover:tlapm
@!!already:false
@!!END

@!!BEGIN
@!!type:obligation
@!!id:377
@!!loc:6886:26:6886:35
@!!status:trivial
@!!prover:tlapm
@!!already:false
@!!END

@!!BEGIN
@!!type:obligation
@!!id:378
@!!loc:6902:10:6902:12
@!!status:proved
@!!prover:smt
@!!meth:time-limit: 60
@!!already:true
@!!END

@!!BEGIN
@!!type:obligation
@!!id:379
@!!loc:6902:13:6902:17
@!!status:trivial
@!!prover:tlapm
@!!already:false
@!!END

@!!BEGIN
@!!type:obligation
@!!id:380
@!!loc:6902:19:6902:23
@!!status:trivial
@!!prover:tlapm
@!!already:false
@!!END

@!!BEGIN
@!!type:obligation
@!!id:381
@!!loc:6902:25:6902:29
@!!status:trivial
@!!prover:tlapm
@!!already:false
@!!END

@!!BEGIN
@!!type:obligation
@!!id:382
@!!loc:6902:31:6902:35
@!!status:trivial
@!!prover:tlapm
@!!already:false
@!!END

@!!BEGIN
@!!type:obligation
@!!id:383
@!!loc:6902:37:6902:41
@!!status:trivial
@!!prover:tlapm
@!!already:false
@!!END

@!!BEGIN
@!!type:obligation
@!!id:384
@!!loc:6902:43:6902:50
@!!status:trivial
@!!prover:tlapm
@!!already:false
@!!END

@!!BEGIN
@!!type:obligation
@!!id:385
@!!loc:6892:14:6892:16
@!!status:proved
@!!prover:smt
@!!meth:time-limit: 60
@!!already:true
@!!END

@!!BEGIN
@!!type:obligation
@!!id:386
@!!loc:6893:14:6893:16
@!!status:proved
@!!prover:smt
@!!meth:time-limit: 60
@!!already:true
@!!END

@!!BEGIN
@!!type:obligation
@!!id:387
@!!loc:6893:17:6893:22
@!!status:trivial
@!!prover:tlapm
@!!already:false
@!!END

@!!BEGIN
@!!type:obligation
@!!id:388
@!!loc:6893:24:6893:32
@!!status:trivial
@!!prover:tlapm
@!!already:false
@!!END

@!!BEGIN
@!!type:obligation
@!!id:389
@!!loc:6894:10:6894:12
@!!status:proved
@!!prover:smt
@!!meth:time-limit: 60
@!!already:true
@!!END

@!!BEGIN
@!!type:obligation
@!!id:390
@!!loc:6895:17:6895:19
@!!status:proved
@!!prover:smt
@!!meth:time-limit: 60
@!!already:true
@!!END

@!!BEGIN
@!!type:obligation
@!!id:391
@!!loc:6895:20:6895:32
@!!status:trivial
@!!prover:tlapm
@!!already:false
@!!END

@!!BEGIN
@!!type:obligation
@!!id:392
@!!loc:6897:3:6897:5
@!!status:proved
@!!prover:smt
@!!meth:time-limit: 60
@!!already:true
@!!END

@!!BEGIN
@!!type:obligation
@!!id:393
@!!loc:6897:6:6897:10
@!!status:trivial
@!!prover:tlapm
@!!already:false
@!!END

@!!BEGIN
@!!type:obligation
@!!id:374
@!!loc:6885:29:6885:31
@!!status:proved
@!!prover:smt
@!!meth:time-limit: 60; time-used: 3.2 (5%)
@!!already:false
@!!END

@!!BEGIN
@!!type:obligation
@!!id:394
@!!loc:6897:12:6897:20
@!!status:trivial
@!!prover:tlapm
@!!already:false
@!!END

@!!BEGIN
@!!type:obligation
@!!id:396
@!!loc:6899:14:6899:16
@!!status:proved
@!!prover:smt
@!!meth:time-limit: 60
@!!already:true
@!!END

@!!BEGIN
@!!type:obligation
@!!id:397
@!!loc:6899:17:6899:22
@!!status:trivial
@!!prover:tlapm
@!!already:false
@!!END

@!!BEGIN
@!!type:obligation
@!!id:398
@!!loc:6899:24:6899:34
@!!status:trivial
@!!prover:tlapm
@!!already:false
@!!END

@!!BEGIN
@!!type:obligation
@!!id:395
@!!loc:6898:19:6898:21
@!!status:proved
@!!prover:smt
@!!meth:time-limit: 60; time-used: 1.1 (2%)
@!!already:false
@!!END

@!!BEGIN
@!!type:obligation
@!!id:400
@!!loc:6901:16:6901:18
@!!status:proved
@!!prover:smt
@!!meth:time-limit: 60
@!!already:true
@!!END

@!!BEGIN
@!!type:obligation
@!!id:401
@!!loc:6901:19:6901:24
@!!status:trivial
@!!prover:tlapm
@!!already:false
@!!END

@!!BEGIN
@!!type:obligation
@!!id:402
@!!loc:6901:26:6901:35
@!!status:trivial
@!!prover:tlapm
@!!already:false
@!!END

@!!BEGIN
@!!type:obligation
@!!id:403
@!!loc:6917:10:6917:12
@!!status:proved
@!!prover:smt
@!!meth:time-limit: 60
@!!already:true
@!!END

@!!BEGIN
@!!type:obligation
@!!id:404
@!!loc:6917:13:6917:17
@!!status:trivial
@!!prover:tlapm
@!!already:false
@!!END

@!!BEGIN
@!!type:obligation
@!!id:405
@!!loc:6917:19:6917:23
@!!status:trivial
@!!prover:tlapm
@!!already:false
@!!END

@!!BEGIN
@!!type:obligation
@!!id:406
@!!loc:6917:25:6917:29
@!!status:trivial
@!!prover:tlapm
@!!already:false
@!!END

@!!BEGIN
@!!type:obligation
@!!id:407
@!!loc:6917:31:6917:35
@!!status:trivial
@!!prover:tlapm
@!!already:false
@!!END

@!!BEGIN
@!!type:obligation
@!!id:408
@!!loc:6917:37:6917:41
@!!status:trivial
@!!prover:tlapm
@!!already:false
@!!END

@!!BEGIN
@!!type:obligation
@!!id:409
@!!loc:6917:43:6917:50
@!!status:trivial
@!!prover:tlapm
@!!already:false
@!!END

@!!BEGIN
@!!type:obligation
@!!id:410
@!!loc:6907:14:6907:16
@!!status:proved
@!!prover:smt
@!!meth:time-limit: 60
@!!already:true
@!!END

@!!BEGIN
@!!type:obligation
@!!id:411
@!!loc:6908:14:6908:16
@!!status:proved
@!!prover:smt
@!!meth:time-limit: 60
@!!already:true
@!!END

@!!BEGIN
@!!type:obligation
@!!id:412
@!!loc:6908:17:6908:22
@!!status:trivial
@!!prover:tlapm
@!!already:false
@!!END

@!!BEGIN
@!!type:obligation
@!!id:413
@!!loc:6908:24:6908:33
@!!status:trivial
@!!prover:tlapm
@!!already:false
@!!END

@!!BEGIN
@!!type:obligation
@!!id:414
@!!loc:6909:10:6909:12
@!!status:proved
@!!prover:smt
@!!meth:time-limit: 60
@!!already:true
@!!END

@!!BEGIN
@!!type:obligation
@!!id:415
@!!loc:6910:17:6910:19
@!!status:proved
@!!prover:smt
@!!meth:time-limit: 60
@!!already:true
@!!END

@!!BEGIN
@!!type:obligation
@!!id:416
@!!loc:6910:20:6910:32
@!!status:trivial
@!!prover:tlapm
@!!already:false
@!!END

@!!BEGIN
@!!type:obligation
@!!id:417
@!!loc:6912:3:6912:5
@!!status:proved
@!!prover:smt
@!!meth:time-limit: 60
@!!already:true
@!!END

@!!BEGIN
@!!type:obligation
@!!id:418
@!!loc:6912:6:6912:10
@!!status:trivial
@!!prover:tlapm
@!!already:false
@!!END

@!!BEGIN
@!!type:obligation
@!!id:399
@!!loc:6900:29:6900:31
@!!status:proved
@!!prover:smt
@!!meth:time-limit: 60; time-used: 3.3 (6%)
@!!already:false
@!!END

@!!BEGIN
@!!type:obligation
@!!id:419
@!!loc:6912:12:6912:20
@!!status:trivial
@!!prover:tlapm
@!!already:false
@!!END

@!!BEGIN
@!!type:obligation
@!!id:421
@!!loc:6914:14:6914:16
@!!status:proved
@!!prover:smt
@!!meth:time-limit: 60
@!!already:true
@!!END

@!!BEGIN
@!!type:obligation
@!!id:422
@!!loc:6914:17:6914:22
@!!status:trivial
@!!prover:tlapm
@!!already:false
@!!END

@!!BEGIN
@!!type:obligation
@!!id:423
@!!loc:6914:24:6914:34
@!!status:trivial
@!!prover:tlapm
@!!already:false
@!!END

@!!BEGIN
@!!type:obligation
@!!id:420
@!!loc:6913:19:6913:21
@!!status:proved
@!!prover:smt
@!!meth:time-limit: 60; time-used: 1.0 (2%)
@!!already:false
@!!END

@!!BEGIN
@!!type:obligation
@!!id:425
@!!loc:6916:16:6916:18
@!!status:proved
@!!prover:smt
@!!meth:time-limit: 60
@!!already:true
@!!END

@!!BEGIN
@!!type:obligation
@!!id:426
@!!loc:6916:19:6916:24
@!!status:trivial
@!!prover:tlapm
@!!already:false
@!!END

@!!BEGIN
@!!type:obligation
@!!id:427
@!!loc:6916:26:6916:35
@!!status:trivial
@!!prover:tlapm
@!!already:false
@!!END

@!!BEGIN
@!!type:obligation
@!!id:428
@!!loc:6938:10:6938:12
@!!status:proved
@!!prover:smt
@!!meth:time-limit: 60
@!!already:true
@!!END

@!!BEGIN
@!!type:obligation
@!!id:429
@!!loc:6938:13:6938:17
@!!status:trivial
@!!prover:tlapm
@!!already:false
@!!END

@!!BEGIN
@!!type:obligation
@!!id:430
@!!loc:6938:19:6938:23
@!!status:trivial
@!!prover:tlapm
@!!already:false
@!!END

@!!BEGIN
@!!type:obligation
@!!id:431
@!!loc:6938:25:6938:29
@!!status:trivial
@!!prover:tlapm
@!!already:false
@!!END

@!!BEGIN
@!!type:obligation
@!!id:432
@!!loc:6938:31:6938:35
@!!status:trivial
@!!prover:tlapm
@!!already:false
@!!END

@!!BEGIN
@!!type:obligation
@!!id:433
@!!loc:6938:37:6938:41
@!!status:trivial
@!!prover:tlapm
@!!already:false
@!!END

@!!BEGIN
@!!type:obligation
@!!id:434
@!!loc:6938:43:6938:50
@!!status:trivial
@!!prover:tlapm
@!!already:false
@!!END

@!!BEGIN
@!!type:obligation
@!!id:435
@!!loc:6922:14:6922:16
@!!status:proved
@!!prover:smt
@!!meth:time-limit: 60
@!!already:true
@!!END

@!!BEGIN
@!!type:obligation
@!!id:436
@!!loc:6923:14:6923:16
@!!status:proved
@!!prover:smt
@!!meth:time-limit: 60
@!!already:true
@!!END

@!!BEGIN
@!!type:obligation
@!!id:437
@!!loc:6923:17:6923:22
@!!status:trivial
@!!prover:tlapm
@!!already:false
@!!END

@!!BEGIN
@!!type:obligation
@!!id:438
@!!loc:6923:24:6923:34
@!!status:trivial
@!!prover:tlapm
@!!already:false
@!!END

@!!BEGIN
@!!type:obligation
@!!id:439
@!!loc:6924:10:6924:12
@!!status:proved
@!!prover:smt
@!!meth:time-limit: 60
@!!already:true
@!!END

@!!BEGIN
@!!type:obligation
@!!id:440
@!!loc:6925:17:6925:19
@!!status:proved
@!!prover:smt
@!!meth:time-limit: 60
@!!already:true
@!!END

@!!BEGIN
@!!type:obligation
@!!id:441
@!!loc:6925:20:6925:32
@!!status:trivial
@!!prover:tlapm
@!!already:false
@!!END

@!!BEGIN
@!!type:obligation
@!!id:442
@!!loc:6927:3:6927:5
@!!status:proved
@!!prover:smt
@!!meth:time-limit: 60
@!!already:true
@!!END

@!!BEGIN
@!!type:obligation
@!!id:443
@!!loc:6927:6:6927:10
@!!status:trivial
@!!prover:tlapm
@!!already:false
@!!END

@!!BEGIN
@!!type:obligation
@!!id:424
@!!loc:6915:29:6915:31
@!!status:proved
@!!prover:smt
@!!meth:time-limit: 60; time-used: 3.2 (5%)
@!!already:false
@!!END

@!!BEGIN
@!!type:obligation
@!!id:444
@!!loc:6927:12:6927:20
@!!status:trivial
@!!prover:tlapm
@!!already:false
@!!END

@!!BEGIN
@!!type:obligation
@!!id:446
@!!loc:6935:15:6935:19
@!!status:trivial
@!!prover:tlapm
@!!already:false
@!!END

@!!BEGIN
@!!type:obligation
@!!id:447
@!!loc:6935:21:6935:25
@!!status:trivial
@!!prover:tlapm
@!!already:false
@!!END

@!!BEGIN
@!!type:obligation
@!!id:448
@!!loc:6935:27:6935:31
@!!status:trivial
@!!prover:tlapm
@!!already:false
@!!END

@!!BEGIN
@!!type:obligation
@!!id:449
@!!loc:6931:5:6931:7
@!!status:proved
@!!prover:smt
@!!meth:time-limit: 60
@!!already:true
@!!END

@!!BEGIN
@!!type:obligation
@!!id:445
@!!loc:6935:12:6935:14
@!!status:proved
@!!prover:smt
@!!meth:time-limit: 60; time-used: 2.3 (4%)
@!!already:false
@!!END

@!!BEGIN
@!!type:obligation
@!!id:450
@!!loc:6933:5:6933:7
@!!status:proved
@!!prover:smt
@!!meth:time-limit: 60; time-used: 0.6 (1%)
@!!already:false
@!!END

@!!BEGIN
@!!type:obligation
@!!id:451
@!!loc:6934:31:6934:33
@!!status:proved
@!!prover:smt
@!!meth:time-limit: 60; time-used: 0.8 (1%)
@!!already:false
@!!END

@!!BEGIN
@!!type:obligation
@!!id:453
@!!loc:6937:16:6937:18
@!!status:proved
@!!prover:smt
@!!meth:time-limit: 60
@!!already:true
@!!END

@!!BEGIN
@!!type:obligation
@!!id:454
@!!loc:6937:19:6937:24
@!!status:trivial
@!!prover:tlapm
@!!already:false
@!!END

@!!BEGIN
@!!type:obligation
@!!id:455
@!!loc:6937:26:6937:35
@!!status:trivial
@!!prover:tlapm
@!!already:false
@!!END

@!!BEGIN
@!!type:obligation
@!!id:456
@!!loc:6954:10:6954:12
@!!status:proved
@!!prover:smt
@!!meth:time-limit: 60
@!!already:true
@!!END

@!!BEGIN
@!!type:obligation
@!!id:457
@!!loc:6954:13:6954:17
@!!status:trivial
@!!prover:tlapm
@!!already:false
@!!END

@!!BEGIN
@!!type:obligation
@!!id:458
@!!loc:6954:19:6954:23
@!!status:trivial
@!!prover:tlapm
@!!already:false
@!!END

@!!BEGIN
@!!type:obligation
@!!id:459
@!!loc:6954:25:6954:29
@!!status:trivial
@!!prover:tlapm
@!!already:false
@!!END

@!!BEGIN
@!!type:obligation
@!!id:460
@!!loc:6954:31:6954:35
@!!status:trivial
@!!prover:tlapm
@!!already:false
@!!END

@!!BEGIN
@!!type:obligation
@!!id:461
@!!loc:6954:37:6954:41
@!!status:trivial
@!!prover:tlapm
@!!already:false
@!!END

@!!BEGIN
@!!type:obligation
@!!id:462
@!!loc:6954:43:6954:50
@!!status:trivial
@!!prover:tlapm
@!!already:false
@!!END

@!!BEGIN
@!!type:obligation
@!!id:463
@!!loc:6943:14:6943:16
@!!status:proved
@!!prover:smt
@!!meth:time-limit: 60
@!!already:true
@!!END

@!!BEGIN
@!!type:obligation
@!!id:464
@!!loc:6944:14:6944:16
@!!status:proved
@!!prover:smt
@!!meth:time-limit: 60
@!!already:true
@!!END

@!!BEGIN
@!!type:obligation
@!!id:465
@!!loc:6944:17:6944:22
@!!status:trivial
@!!prover:tlapm
@!!already:false
@!!END

@!!BEGIN
@!!type:obligation
@!!id:466
@!!loc:6944:24:6944:34
@!!status:trivial
@!!prover:tlapm
@!!already:false
@!!END

@!!BEGIN
@!!type:obligation
@!!id:467
@!!loc:6945:10:6945:12
@!!status:proved
@!!prover:smt
@!!meth:time-limit: 60
@!!already:true
@!!END

@!!BEGIN
@!!type:obligation
@!!id:468
@!!loc:6946:17:6946:19
@!!status:proved
@!!prover:smt
@!!meth:time-limit: 60
@!!already:true
@!!END

@!!BEGIN
@!!type:obligation
@!!id:469
@!!loc:6946:20:6946:32
@!!status:trivial
@!!prover:tlapm
@!!already:false
@!!END

@!!BEGIN
@!!type:obligation
@!!id:470
@!!loc:6948:3:6948:5
@!!status:proved
@!!prover:smt
@!!meth:time-limit: 60
@!!already:true
@!!END

@!!BEGIN
@!!type:obligation
@!!id:471
@!!loc:6948:6:6948:10
@!!status:trivial
@!!prover:tlapm
@!!already:false
@!!END

@!!BEGIN
@!!type:obligation
@!!id:452
@!!loc:6936:29:6936:31
@!!status:proved
@!!prover:smt
@!!meth:time-limit: 60; time-used: 3.1 (5%)
@!!already:false
@!!END

@!!BEGIN
@!!type:obligation
@!!id:472
@!!loc:6948:12:6948:20
@!!status:trivial
@!!prover:tlapm
@!!already:false
@!!END

@!!BEGIN
@!!type:obligation
@!!id:474
@!!loc:6950:14:6950:16
@!!status:proved
@!!prover:smt
@!!meth:time-limit: 60
@!!already:true
@!!END

@!!BEGIN
@!!type:obligation
@!!id:475
@!!loc:6950:17:6950:22
@!!status:trivial
@!!prover:tlapm
@!!already:false
@!!END

@!!BEGIN
@!!type:obligation
@!!id:476
@!!loc:6950:24:6950:34
@!!status:trivial
@!!prover:tlapm
@!!already:false
@!!END

@!!BEGIN
@!!type:obligation
@!!id:473
@!!loc:6949:19:6949:21
@!!status:proved
@!!prover:smt
@!!meth:time-limit: 60; time-used: 0.9 (1%)
@!!already:false
@!!END

@!!BEGIN
@!!type:obligation
@!!id:478
@!!loc:6953:15:6953:19
@!!status:trivial
@!!prover:tlapm
@!!already:false
@!!END

@!!BEGIN
@!!type:obligation
@!!id:479
@!!loc:6953:21:6953:30
@!!status:trivial
@!!prover:tlapm
@!!already:false
@!!END

@!!BEGIN
@!!type:obligation
@!!id:477
@!!loc:6953:12:6953:14
@!!status:proved
@!!prover:smt
@!!meth:time-limit: 60; time-used: 1.0 (2%)
@!!already:false
@!!END

@!!BEGIN
@!!type:obligation
@!!id:481
@!!loc:6952:25:6952:29
@!!status:trivial
@!!prover:tlapm
@!!already:false
@!!END

@!!BEGIN
@!!type:obligation
@!!id:482
@!!loc:6969:10:6969:12
@!!status:proved
@!!prover:smt
@!!meth:time-limit: 60
@!!already:true
@!!END

@!!BEGIN
@!!type:obligation
@!!id:483
@!!loc:6969:13:6969:17
@!!status:trivial
@!!prover:tlapm
@!!already:false
@!!END

@!!BEGIN
@!!type:obligation
@!!id:484
@!!loc:6969:19:6969:23
@!!status:trivial
@!!prover:tlapm
@!!already:false
@!!END

@!!BEGIN
@!!type:obligation
@!!id:485
@!!loc:6969:25:6969:29
@!!status:trivial
@!!prover:tlapm
@!!already:false
@!!END

@!!BEGIN
@!!type:obligation
@!!id:486
@!!loc:6969:31:6969:35
@!!status:trivial
@!!prover:tlapm
@!!already:false
@!!END

@!!BEGIN
@!!type:obligation
@!!id:487
@!!loc:6969:37:6969:41
@!!status:trivial
@!!prover:tlapm
@!!already:false
@!!END

@!!BEGIN
@!!type:obligation
@!!id:488
@!!loc:6969:43:6969:50
@!!status:trivial
@!!prover:tlapm
@!!already:false
@!!END

@!!BEGIN
@!!type:obligation
@!!id:489
@!!loc:6959:14:6959:16
@!!status:proved
@!!prover:smt
@!!meth:time-limit: 60
@!!already:true
@!!END

@!!BEGIN
@!!type:obligation
@!!id:490
@!!loc:6960:14:6960:16
@!!status:proved
@!!prover:smt
@!!meth:time-limit: 60
@!!already:true
@!!END

@!!BEGIN
@!!type:obligation
@!!id:491
@!!loc:6960:17:6960:22
@!!status:trivial
@!!prover:tlapm
@!!already:false
@!!END

@!!BEGIN
@!!type:obligation
@!!id:492
@!!loc:6960:24:6960:33
@!!status:trivial
@!!prover:tlapm
@!!already:false
@!!END

@!!BEGIN
@!!type:obligation
@!!id:493
@!!loc:6961:10:6961:12
@!!status:proved
@!!prover:smt
@!!meth:time-limit: 60
@!!already:true
@!!END

@!!BEGIN
@!!type:obligation
@!!id:494
@!!loc:6962:17:6962:19
@!!status:proved
@!!prover:smt
@!!meth:time-limit: 60
@!!already:true
@!!END

@!!BEGIN
@!!type:obligation
@!!id:495
@!!loc:6962:20:6962:32
@!!status:trivial
@!!prover:tlapm
@!!already:false
@!!END

@!!BEGIN
@!!type:obligation
@!!id:496
@!!loc:6964:3:6964:5
@!!status:proved
@!!prover:smt
@!!meth:time-limit: 60
@!!already:true
@!!END

@!!BEGIN
@!!type:obligation
@!!id:497
@!!loc:6964:6:6964:10
@!!status:trivial
@!!prover:tlapm
@!!already:false
@!!END

@!!BEGIN
@!!type:obligation
@!!id:498
@!!loc:6964:12:6964:20
@!!status:trivial
@!!prover:tlapm
@!!already:false
@!!END

@!!BEGIN
@!!type:obligation
@!!id:480
@!!loc:6952:22:6952:24
@!!status:proved
@!!prover:smt
@!!meth:time-limit: 60; time-used: 3.3 (5%)
@!!already:false
@!!END

@!!BEGIN
@!!type:obligation
@!!id:500
@!!loc:6966:14:6966:16
@!!status:proved
@!!prover:smt
@!!meth:time-limit: 60
@!!already:true
@!!END

@!!BEGIN
@!!type:obligation
@!!id:501
@!!loc:6966:17:6966:22
@!!status:trivial
@!!prover:tlapm
@!!already:false
@!!END

@!!BEGIN
@!!type:obligation
@!!id:502
@!!loc:6966:24:6966:34
@!!status:trivial
@!!prover:tlapm
@!!already:false
@!!END

@!!BEGIN
@!!type:obligation
@!!id:499
@!!loc:6965:19:6965:21
@!!status:proved
@!!prover:smt
@!!meth:time-limit: 60; time-used: 1.1 (2%)
@!!already:false
@!!END

@!!BEGIN
@!!type:obligation
@!!id:504
@!!loc:6968:16:6968:18
@!!status:proved
@!!prover:smt
@!!meth:time-limit: 60
@!!already:true
@!!END

@!!BEGIN
@!!type:obligation
@!!id:505
@!!loc:6968:19:6968:24
@!!status:trivial
@!!prover:tlapm
@!!already:false
@!!END

@!!BEGIN
@!!type:obligation
@!!id:506
@!!loc:6968:26:6968:35
@!!status:trivial
@!!prover:tlapm
@!!already:false
@!!END

@!!BEGIN
@!!type:obligation
@!!id:507
@!!loc:6984:10:6984:12
@!!status:proved
@!!prover:smt
@!!meth:time-limit: 60
@!!already:true
@!!END

@!!BEGIN
@!!type:obligation
@!!id:508
@!!loc:6984:13:6984:17
@!!status:trivial
@!!prover:tlapm
@!!already:false
@!!END

@!!BEGIN
@!!type:obligation
@!!id:509
@!!loc:6984:19:6984:23
@!!status:trivial
@!!prover:tlapm
@!!already:false
@!!END

@!!BEGIN
@!!type:obligation
@!!id:510
@!!loc:6984:25:6984:29
@!!status:trivial
@!!prover:tlapm
@!!already:false
@!!END

@!!BEGIN
@!!type:obligation
@!!id:511
@!!loc:6984:31:6984:35
@!!status:trivial
@!!prover:tlapm
@!!already:false
@!!END

@!!BEGIN
@!!type:obligation
@!!id:512
@!!loc:6984:37:6984:41
@!!status:trivial
@!!prover:tlapm
@!!already:false
@!!END

@!!BEGIN
@!!type:obligation
@!!id:513
@!!loc:6984:43:6984:50
@!!status:trivial
@!!prover:tlapm
@!!already:false
@!!END

@!!BEGIN
@!!type:obligation
@!!id:514
@!!loc:6974:14:6974:16
@!!status:proved
@!!prover:smt
@!!meth:time-limit: 60
@!!already:true
@!!END

@!!BEGIN
@!!type:obligation
@!!id:515
@!!loc:6975:14:6975:16
@!!status:proved
@!!prover:smt
@!!meth:time-limit: 60
@!!already:true
@!!END

@!!BEGIN
@!!type:obligation
@!!id:516
@!!loc:6975:17:6975:22
@!!status:trivial
@!!prover:tlapm
@!!already:false
@!!END

@!!BEGIN
@!!type:obligation
@!!id:517
@!!loc:6975:24:6975:34
@!!status:trivial
@!!prover:tlapm
@!!already:false
@!!END

@!!BEGIN
@!!type:obligation
@!!id:518
@!!loc:6976:10:6976:12
@!!status:proved
@!!prover:smt
@!!meth:time-limit: 60
@!!already:true
@!!END

@!!BEGIN
@!!type:obligation
@!!id:519
@!!loc:6977:17:6977:19
@!!status:proved
@!!prover:smt
@!!meth:time-limit: 60
@!!already:true
@!!END

@!!BEGIN
@!!type:obligation
@!!id:520
@!!loc:6977:20:6977:32
@!!status:trivial
@!!prover:tlapm
@!!already:false
@!!END

@!!BEGIN
@!!type:obligation
@!!id:521
@!!loc:6979:3:6979:5
@!!status:proved
@!!prover:smt
@!!meth:time-limit: 60
@!!already:true
@!!END

@!!BEGIN
@!!type:obligation
@!!id:522
@!!loc:6979:6:6979:10
@!!status:trivial
@!!prover:tlapm
@!!already:false
@!!END

@!!BEGIN
@!!type:obligation
@!!id:503
@!!loc:6967:29:6967:31
@!!status:proved
@!!prover:smt
@!!meth:time-limit: 60; time-used: 3.2 (5%)
@!!already:false
@!!END

@!!BEGIN
@!!type:obligation
@!!id:523
@!!loc:6979:12:6979:20
@!!status:trivial
@!!prover:tlapm
@!!already:false
@!!END

@!!BEGIN
@!!type:obligation
@!!id:525
@!!loc:6981:14:6981:16
@!!status:proved
@!!prover:smt
@!!meth:time-limit: 60
@!!already:true
@!!END

@!!BEGIN
@!!type:obligation
@!!id:526
@!!loc:6981:17:6981:22
@!!status:trivial
@!!prover:tlapm
@!!already:false
@!!END

@!!BEGIN
@!!type:obligation
@!!id:527
@!!loc:6981:24:6981:34
@!!status:trivial
@!!prover:tlapm
@!!already:false
@!!END

@!!BEGIN
@!!type:obligation
@!!id:524
@!!loc:6980:19:6980:21
@!!status:proved
@!!prover:smt
@!!meth:time-limit: 60; time-used: 0.9 (2%)
@!!already:false
@!!END

@!!BEGIN
@!!type:obligation
@!!id:529
@!!loc:6983:16:6983:18
@!!status:proved
@!!prover:smt
@!!meth:time-limit: 60
@!!already:true
@!!END

@!!BEGIN
@!!type:obligation
@!!id:530
@!!loc:6983:19:6983:24
@!!status:trivial
@!!prover:tlapm
@!!already:false
@!!END

@!!BEGIN
@!!type:obligation
@!!id:531
@!!loc:6983:26:6983:35
@!!status:trivial
@!!prover:tlapm
@!!already:false
@!!END

@!!BEGIN
@!!type:obligation
@!!id:532
@!!loc:6999:10:6999:12
@!!status:proved
@!!prover:smt
@!!meth:time-limit: 60
@!!already:true
@!!END

@!!BEGIN
@!!type:obligation
@!!id:533
@!!loc:6999:13:6999:17
@!!status:trivial
@!!prover:tlapm
@!!already:false
@!!END

@!!BEGIN
@!!type:obligation
@!!id:534
@!!loc:6999:19:6999:23
@!!status:trivial
@!!prover:tlapm
@!!already:false
@!!END

@!!BEGIN
@!!type:obligation
@!!id:535
@!!loc:6999:25:6999:29
@!!status:trivial
@!!prover:tlapm
@!!already:false
@!!END

@!!BEGIN
@!!type:obligation
@!!id:536
@!!loc:6999:31:6999:35
@!!status:trivial
@!!prover:tlapm
@!!already:false
@!!END

@!!BEGIN
@!!type:obligation
@!!id:537
@!!loc:6999:37:6999:41
@!!status:trivial
@!!prover:tlapm
@!!already:false
@!!END

@!!BEGIN
@!!type:obligation
@!!id:538
@!!loc:6999:43:6999:50
@!!status:trivial
@!!prover:tlapm
@!!already:false
@!!END

@!!BEGIN
@!!type:obligation
@!!id:539
@!!loc:6989:14:6989:16
@!!status:proved
@!!prover:smt
@!!meth:time-limit: 60
@!!already:true
@!!END

@!!BEGIN
@!!type:obligation
@!!id:540
@!!loc:6990:14:6990:16
@!!status:proved
@!!prover:smt
@!!meth:time-limit: 60
@!!already:true
@!!END

@!!BEGIN
@!!type:obligation
@!!id:541
@!!loc:6990:17:6990:22
@!!status:trivial
@!!prover:tlapm
@!!already:false
@!!END

@!!BEGIN
@!!type:obligation
@!!id:542
@!!loc:6990:24:6990:31
@!!status:trivial
@!!prover:tlapm
@!!already:false
@!!END

@!!BEGIN
@!!type:obligation
@!!id:543
@!!loc:6991:10:6991:12
@!!status:proved
@!!prover:smt
@!!meth:time-limit: 60
@!!already:true
@!!END

@!!BEGIN
@!!type:obligation
@!!id:544
@!!loc:6992:17:6992:19
@!!status:proved
@!!prover:smt
@!!meth:time-limit: 60
@!!already:true
@!!END

@!!BEGIN
@!!type:obligation
@!!id:545
@!!loc:6992:20:6992:32
@!!status:trivial
@!!prover:tlapm
@!!already:false
@!!END

@!!BEGIN
@!!type:obligation
@!!id:546
@!!loc:6994:3:6994:5
@!!status:proved
@!!prover:smt
@!!meth:time-limit: 60
@!!already:true
@!!END

@!!BEGIN
@!!type:obligation
@!!id:547
@!!loc:6994:6:6994:10
@!!status:trivial
@!!prover:tlapm
@!!already:false
@!!END

@!!BEGIN
@!!type:obligation
@!!id:528
@!!loc:6982:29:6982:31
@!!status:proved
@!!prover:smt
@!!meth:time-limit: 60; time-used: 3.2 (5%)
@!!already:false
@!!END

@!!BEGIN
@!!type:obligation
@!!id:548
@!!loc:6994:12:6994:20
@!!status:trivial
@!!prover:tlapm
@!!already:false
@!!END

@!!BEGIN
@!!type:obligation
@!!id:550
@!!loc:6996:14:6996:16
@!!status:proved
@!!prover:smt
@!!meth:time-limit: 60
@!!already:true
@!!END

@!!BEGIN
@!!type:obligation
@!!id:551
@!!loc:6996:17:6996:22
@!!status:trivial
@!!prover:tlapm
@!!already:false
@!!END

@!!BEGIN
@!!type:obligation
@!!id:552
@!!loc:6996:24:6996:34
@!!status:trivial
@!!prover:tlapm
@!!already:false
@!!END

@!!BEGIN
@!!type:obligation
@!!id:549
@!!loc:6995:19:6995:21
@!!status:proved
@!!prover:smt
@!!meth:time-limit: 60; time-used: 1.2 (2%)
@!!already:false
@!!END

@!!BEGIN
@!!type:obligation
@!!id:554
@!!loc:6998:16:6998:18
@!!status:proved
@!!prover:smt
@!!meth:time-limit: 60
@!!already:true
@!!END

@!!BEGIN
@!!type:obligation
@!!id:555
@!!loc:6998:19:6998:24
@!!status:trivial
@!!prover:tlapm
@!!already:false
@!!END

@!!BEGIN
@!!type:obligation
@!!id:556
@!!loc:6998:26:6998:35
@!!status:trivial
@!!prover:tlapm
@!!already:false
@!!END

@!!BEGIN
@!!type:obligation
@!!id:557
@!!loc:7014:10:7014:12
@!!status:proved
@!!prover:smt
@!!meth:time-limit: 60
@!!already:true
@!!END

@!!BEGIN
@!!type:obligation
@!!id:558
@!!loc:7014:13:7014:17
@!!status:trivial
@!!prover:tlapm
@!!already:false
@!!END

@!!BEGIN
@!!type:obligation
@!!id:559
@!!loc:7014:19:7014:23
@!!status:trivial
@!!prover:tlapm
@!!already:false
@!!END

@!!BEGIN
@!!type:obligation
@!!id:560
@!!loc:7014:25:7014:29
@!!status:trivial
@!!prover:tlapm
@!!already:false
@!!END

@!!BEGIN
@!!type:obligation
@!!id:561
@!!loc:7014:31:7014:35
@!!status:trivial
@!!prover:tlapm
@!!already:false
@!!END

@!!BEGIN
@!!type:obligation
@!!id:562
@!!loc:7014:37:7014:41
@!!status:trivial
@!!prover:tlapm
@!!already:false
@!!END

@!!BEGIN
@!!type:obligation
@!!id:563
@!!loc:7014:43:7014:50
@!!status:trivial
@!!prover:tlapm
@!!already:false
@!!END

@!!BEGIN
@!!type:obligation
@!!id:564
@!!loc:7004:14:7004:16
@!!status:proved
@!!prover:smt
@!!meth:time-limit: 60
@!!already:true
@!!END

@!!BEGIN
@!!type:obligation
@!!id:565
@!!loc:7005:14:7005:16
@!!status:proved
@!!prover:smt
@!!meth:time-limit: 60
@!!already:true
@!!END

@!!BEGIN
@!!type:obligation
@!!id:566
@!!loc:7005:17:7005:22
@!!status:trivial
@!!prover:tlapm
@!!already:false
@!!END

@!!BEGIN
@!!type:obligation
@!!id:567
@!!loc:7005:24:7005:39
@!!status:trivial
@!!prover:tlapm
@!!already:false
@!!END

@!!BEGIN
@!!type:obligation
@!!id:568
@!!loc:7006:10:7006:12
@!!status:proved
@!!prover:smt
@!!meth:time-limit: 60
@!!already:true
@!!END

@!!BEGIN
@!!type:obligation
@!!id:569
@!!loc:7007:17:7007:19
@!!status:proved
@!!prover:smt
@!!meth:time-limit: 60
@!!already:true
@!!END

@!!BEGIN
@!!type:obligation
@!!id:570
@!!loc:7007:20:7007:32
@!!status:trivial
@!!prover:tlapm
@!!already:false
@!!END

@!!BEGIN
@!!type:obligation
@!!id:571
@!!loc:7009:3:7009:5
@!!status:proved
@!!prover:smt
@!!meth:time-limit: 60
@!!already:true
@!!END

@!!BEGIN
@!!type:obligation
@!!id:553
@!!loc:6997:29:6997:31
@!!status:proved
@!!prover:smt
@!!meth:time-limit: 60; time-used: 3.0 (5%)
@!!already:false
@!!END

@!!BEGIN
@!!type:obligation
@!!id:572
@!!loc:7009:6:7009:10
@!!status:trivial
@!!prover:tlapm
@!!already:false
@!!END

@!!BEGIN
@!!type:obligation
@!!id:573
@!!loc:7009:12:7009:20
@!!status:trivial
@!!prover:tlapm
@!!already:false
@!!END

@!!BEGIN
@!!type:obligation
@!!id:575
@!!loc:7011:14:7011:16
@!!status:proved
@!!prover:smt
@!!meth:time-limit: 60
@!!already:true
@!!END

@!!BEGIN
@!!type:obligation
@!!id:576
@!!loc:7011:17:7011:22
@!!status:trivial
@!!prover:tlapm
@!!already:false
@!!END

@!!BEGIN
@!!type:obligation
@!!id:577
@!!loc:7011:24:7011:34
@!!status:trivial
@!!prover:tlapm
@!!already:false
@!!END

@!!BEGIN
@!!type:obligation
@!!id:574
@!!loc:7010:19:7010:21
@!!status:proved
@!!prover:smt
@!!meth:time-limit: 60; time-used: 1.2 (2%)
@!!already:false
@!!END

@!!BEGIN
@!!type:obligation
@!!id:579
@!!loc:7013:16:7013:18
@!!status:proved
@!!prover:smt
@!!meth:time-limit: 60
@!!already:true
@!!END

@!!BEGIN
@!!type:obligation
@!!id:580
@!!loc:7013:19:7013:24
@!!status:trivial
@!!prover:tlapm
@!!already:false
@!!END

@!!BEGIN
@!!type:obligation
@!!id:581
@!!loc:7013:26:7013:35
@!!status:trivial
@!!prover:tlapm
@!!already:false
@!!END

@!!BEGIN
@!!type:obligation
@!!id:582
@!!loc:7029:10:7029:12
@!!status:proved
@!!prover:smt
@!!meth:time-limit: 60
@!!already:true
@!!END

@!!BEGIN
@!!type:obligation
@!!id:583
@!!loc:7029:13:7029:17
@!!status:trivial
@!!prover:tlapm
@!!already:false
@!!END

@!!BEGIN
@!!type:obligation
@!!id:584
@!!loc:7029:19:7029:23
@!!status:trivial
@!!prover:tlapm
@!!already:false
@!!END

@!!BEGIN
@!!type:obligation
@!!id:585
@!!loc:7029:25:7029:29
@!!status:trivial
@!!prover:tlapm
@!!already:false
@!!END

@!!BEGIN
@!!type:obligation
@!!id:586
@!!loc:7029:31:7029:35
@!!status:trivial
@!!prover:tlapm
@!!already:false
@!!END

@!!BEGIN
@!!type:obligation
@!!id:587
@!!loc:7029:37:7029:41
@!!status:trivial
@!!prover:tlapm
@!!already:false
@!!END

@!!BEGIN
@!!type:obligation
@!!id:588
@!!loc:7029:43:7029:50
@!!status:trivial
@!!prover:tlapm
@!!already:false
@!!END

@!!BEGIN
@!!type:obligation
@!!id:589
@!!loc:7019:14:7019:16
@!!status:proved
@!!prover:smt
@!!meth:time-limit: 60
@!!already:true
@!!END

@!!BEGIN
@!!type:obligation
@!!id:590
@!!loc:7020:14:7020:16
@!!status:proved
@!!prover:smt
@!!meth:time-limit: 60
@!!already:true
@!!END

@!!BEGIN
@!!type:obligation
@!!id:591
@!!loc:7020:17:7020:22
@!!status:trivial
@!!prover:tlapm
@!!already:false
@!!END

@!!BEGIN
@!!type:obligation
@!!id:592
@!!loc:7020:24:7020:39
@!!status:trivial
@!!prover:tlapm
@!!already:false
@!!END

@!!BEGIN
@!!type:obligation
@!!id:593
@!!loc:7021:10:7021:12
@!!status:proved
@!!prover:smt
@!!meth:time-limit: 60
@!!already:true
@!!END

@!!BEGIN
@!!type:obligation
@!!id:594
@!!loc:7022:17:7022:19
@!!status:proved
@!!prover:smt
@!!meth:time-limit: 60
@!!already:true
@!!END

@!!BEGIN
@!!type:obligation
@!!id:595
@!!loc:7022:20:7022:32
@!!status:trivial
@!!prover:tlapm
@!!already:false
@!!END

@!!BEGIN
@!!type:obligation
@!!id:596
@!!loc:7024:3:7024:5
@!!status:proved
@!!prover:smt
@!!meth:time-limit: 60
@!!already:true
@!!END

@!!BEGIN
@!!type:obligation
@!!id:597
@!!loc:7024:6:7024:10
@!!status:trivial
@!!prover:tlapm
@!!already:false
@!!END

@!!BEGIN
@!!type:obligation
@!!id:578
@!!loc:7012:29:7012:31
@!!status:proved
@!!prover:smt
@!!meth:time-limit: 60; time-used: 3.2 (5%)
@!!already:false
@!!END

@!!BEGIN
@!!type:obligation
@!!id:598
@!!loc:7024:12:7024:20
@!!status:trivial
@!!prover:tlapm
@!!already:false
@!!END

@!!BEGIN
@!!type:obligation
@!!id:600
@!!loc:7026:14:7026:16
@!!status:proved
@!!prover:smt
@!!meth:time-limit: 60
@!!already:true
@!!END

@!!BEGIN
@!!type:obligation
@!!id:601
@!!loc:7026:17:7026:22
@!!status:trivial
@!!prover:tlapm
@!!already:false
@!!END

@!!BEGIN
@!!type:obligation
@!!id:602
@!!loc:7026:24:7026:34
@!!status:trivial
@!!prover:tlapm
@!!already:false
@!!END

@!!BEGIN
@!!type:obligation
@!!id:599
@!!loc:7025:19:7025:21
@!!status:proved
@!!prover:smt
@!!meth:time-limit: 60; time-used: 1.1 (2%)
@!!already:false
@!!END

@!!BEGIN
@!!type:obligation
@!!id:604
@!!loc:7028:16:7028:18
@!!status:proved
@!!prover:smt
@!!meth:time-limit: 60
@!!already:true
@!!END

@!!BEGIN
@!!type:obligation
@!!id:605
@!!loc:7028:19:7028:24
@!!status:trivial
@!!prover:tlapm
@!!already:false
@!!END

@!!BEGIN
@!!type:obligation
@!!id:606
@!!loc:7028:26:7028:35
@!!status:trivial
@!!prover:tlapm
@!!already:false
@!!END

@!!BEGIN
@!!type:obligation
@!!id:607
@!!loc:7044:10:7044:12
@!!status:proved
@!!prover:smt
@!!meth:time-limit: 60
@!!already:true
@!!END

@!!BEGIN
@!!type:obligation
@!!id:608
@!!loc:7044:13:7044:17
@!!status:trivial
@!!prover:tlapm
@!!already:false
@!!END

@!!BEGIN
@!!type:obligation
@!!id:609
@!!loc:7044:19:7044:23
@!!status:trivial
@!!prover:tlapm
@!!already:false
@!!END

@!!BEGIN
@!!type:obligation
@!!id:610
@!!loc:7044:25:7044:29
@!!status:trivial
@!!prover:tlapm
@!!already:false
@!!END

@!!BEGIN
@!!type:obligation
@!!id:611
@!!loc:7044:31:7044:35
@!!status:trivial
@!!prover:tlapm
@!!already:false
@!!END

@!!BEGIN
@!!type:obligation
@!!id:612
@!!loc:7044:37:7044:41
@!!status:trivial
@!!prover:tlapm
@!!already:false
@!!END

@!!BEGIN
@!!type:obligation
@!!id:613
@!!loc:7044:43:7044:50
@!!status:trivial
@!!prover:tlapm
@!!already:false
@!!END

@!!BEGIN
@!!type:obligation
@!!id:614
@!!loc:7034:14:7034:16
@!!status:proved
@!!prover:smt
@!!meth:time-limit: 60
@!!already:true
@!!END

@!!BEGIN
@!!type:obligation
@!!id:615
@!!loc:7035:14:7035:16
@!!status:proved
@!!prover:smt
@!!meth:time-limit: 60
@!!already:true
@!!END

@!!BEGIN
@!!type:obligation
@!!id:616
@!!loc:7035:17:7035:22
@!!status:trivial
@!!prover:tlapm
@!!already:false
@!!END

@!!BEGIN
@!!type:obligation
@!!id:617
@!!loc:7035:24:7035:40
@!!status:trivial
@!!prover:tlapm
@!!already:false
@!!END

@!!BEGIN
@!!type:obligation
@!!id:618
@!!loc:7036:10:7036:12
@!!status:proved
@!!prover:smt
@!!meth:time-limit: 60
@!!already:true
@!!END

@!!BEGIN
@!!type:obligation
@!!id:619
@!!loc:7037:17:7037:19
@!!status:proved
@!!prover:smt
@!!meth:time-limit: 60
@!!already:true
@!!END

@!!BEGIN
@!!type:obligation
@!!id:620
@!!loc:7037:20:7037:32
@!!status:trivial
@!!prover:tlapm
@!!already:false
@!!END

@!!BEGIN
@!!type:obligation
@!!id:603
@!!loc:7027:29:7027:31
@!!status:proved
@!!prover:smt
@!!meth:time-limit: 60; time-used: 3.0 (5%)
@!!already:false
@!!END

@!!BEGIN
@!!type:obligation
@!!id:621
@!!loc:7039:3:7039:5
@!!status:proved
@!!prover:smt
@!!meth:time-limit: 60
@!!already:true
@!!END

@!!BEGIN
@!!type:obligation
@!!id:622
@!!loc:7039:6:7039:10
@!!status:trivial
@!!prover:tlapm
@!!already:false
@!!END

@!!BEGIN
@!!type:obligation
@!!id:623
@!!loc:7039:12:7039:20
@!!status:trivial
@!!prover:tlapm
@!!already:false
@!!END

@!!BEGIN
@!!type:obligation
@!!id:625
@!!loc:7041:14:7041:16
@!!status:proved
@!!prover:smt
@!!meth:time-limit: 60
@!!already:true
@!!END

@!!BEGIN
@!!type:obligation
@!!id:626
@!!loc:7041:17:7041:22
@!!status:trivial
@!!prover:tlapm
@!!already:false
@!!END

@!!BEGIN
@!!type:obligation
@!!id:627
@!!loc:7041:24:7041:34
@!!status:trivial
@!!prover:tlapm
@!!already:false
@!!END

@!!BEGIN
@!!type:obligation
@!!id:624
@!!loc:7040:19:7040:21
@!!status:proved
@!!prover:smt
@!!meth:time-limit: 60; time-used: 1.1 (2%)
@!!already:false
@!!END

@!!BEGIN
@!!type:obligation
@!!id:629
@!!loc:7043:16:7043:18
@!!status:proved
@!!prover:smt
@!!meth:time-limit: 60
@!!already:true
@!!END

@!!BEGIN
@!!type:obligation
@!!id:630
@!!loc:7043:19:7043:24
@!!status:trivial
@!!prover:tlapm
@!!already:false
@!!END

@!!BEGIN
@!!type:obligation
@!!id:631
@!!loc:7043:26:7043:35
@!!status:trivial
@!!prover:tlapm
@!!already:false
@!!END

@!!BEGIN
@!!type:obligation
@!!id:632
@!!loc:7059:10:7059:12
@!!status:proved
@!!prover:smt
@!!meth:time-limit: 60
@!!already:true
@!!END

@!!BEGIN
@!!type:obligation
@!!id:633
@!!loc:7059:13:7059:17
@!!status:trivial
@!!prover:tlapm
@!!already:false
@!!END

@!!BEGIN
@!!type:obligation
@!!id:634
@!!loc:7059:19:7059:23
@!!status:trivial
@!!prover:tlapm
@!!already:false
@!!END

@!!BEGIN
@!!type:obligation
@!!id:635
@!!loc:7059:25:7059:29
@!!status:trivial
@!!prover:tlapm
@!!already:false
@!!END

@!!BEGIN
@!!type:obligation
@!!id:636
@!!loc:7059:31:7059:35
@!!status:trivial
@!!prover:tlapm
@!!already:false
@!!END

@!!BEGIN
@!!type:obligation
@!!id:637
@!!loc:7059:37:7059:41
@!!status:trivial
@!!prover:tlapm
@!!already:false
@!!END

@!!BEGIN
@!!type:obligation
@!!id:638
@!!loc:7059:43:7059:50
@!!status:trivial
@!!prover:tlapm
@!!already:false
@!!END

@!!BEGIN
@!!type:obligation
@!!id:639
@!!loc:7049:14:7049:16
@!!status:proved
@!!prover:smt
@!!meth:time-limit: 60
@!!already:true
@!!END

@!!BEGIN
@!!type:obligation
@!!id:640
@!!loc:7050:14:7050:16
@!!status:proved
@!!prover:smt
@!!meth:time-limit: 60
@!!already:true
@!!END

@!!BEGIN
@!!type:obligation
@!!id:641
@!!loc:7050:17:7050:22
@!!status:trivial
@!!prover:tlapm
@!!already:false
@!!END

@!!BEGIN
@!!type:obligation
@!!id:642
@!!loc:7050:24:7050:36
@!!status:trivial
@!!prover:tlapm
@!!already:false
@!!END

@!!BEGIN
@!!type:obligation
@!!id:643
@!!loc:7051:10:7051:12
@!!status:proved
@!!prover:smt
@!!meth:time-limit: 60
@!!already:true
@!!END

@!!BEGIN
@!!type:obligation
@!!id:644
@!!loc:7052:17:7052:19
@!!status:proved
@!!prover:smt
@!!meth:time-limit: 60
@!!already:true
@!!END

@!!BEGIN
@!!type:obligation
@!!id:645
@!!loc:7052:20:7052:32
@!!status:trivial
@!!prover:tlapm
@!!already:false
@!!END

@!!BEGIN
@!!type:obligation
@!!id:646
@!!loc:7054:3:7054:5
@!!status:proved
@!!prover:smt
@!!meth:time-limit: 60
@!!already:true
@!!END

@!!BEGIN
@!!type:obligation
@!!id:647
@!!loc:7054:6:7054:10
@!!status:trivial
@!!prover:tlapm
@!!already:false
@!!END

@!!BEGIN
@!!type:obligation
@!!id:628
@!!loc:7042:29:7042:31
@!!status:proved
@!!prover:smt
@!!meth:time-limit: 60; time-used: 3.1 (5%)
@!!already:false
@!!END

@!!BEGIN
@!!type:obligation
@!!id:648
@!!loc:7054:12:7054:20
@!!status:trivial
@!!prover:tlapm
@!!already:false
@!!END

@!!BEGIN
@!!type:obligation
@!!id:650
@!!loc:7056:14:7056:16
@!!status:proved
@!!prover:smt
@!!meth:time-limit: 60
@!!already:true
@!!END

@!!BEGIN
@!!type:obligation
@!!id:651
@!!loc:7056:17:7056:22
@!!status:trivial
@!!prover:tlapm
@!!already:false
@!!END

@!!BEGIN
@!!type:obligation
@!!id:652
@!!loc:7056:24:7056:34
@!!status:trivial
@!!prover:tlapm
@!!already:false
@!!END

@!!BEGIN
@!!type:obligation
@!!id:649
@!!loc:7055:19:7055:21
@!!status:proved
@!!prover:smt
@!!meth:time-limit: 60; time-used: 1.1 (2%)
@!!already:false
@!!END

@!!BEGIN
@!!type:obligation
@!!id:654
@!!loc:7058:16:7058:18
@!!status:proved
@!!prover:smt
@!!meth:time-limit: 60
@!!already:true
@!!END

@!!BEGIN
@!!type:obligation
@!!id:655
@!!loc:7058:19:7058:24
@!!status:trivial
@!!prover:tlapm
@!!already:false
@!!END

@!!BEGIN
@!!type:obligation
@!!id:656
@!!loc:7058:26:7058:35
@!!status:trivial
@!!prover:tlapm
@!!already:false
@!!END

@!!BEGIN
@!!type:obligation
@!!id:657
@!!loc:7074:10:7074:12
@!!status:proved
@!!prover:smt
@!!meth:time-limit: 60
@!!already:true
@!!END

@!!BEGIN
@!!type:obligation
@!!id:658
@!!loc:7074:13:7074:17
@!!status:trivial
@!!prover:tlapm
@!!already:false
@!!END

@!!BEGIN
@!!type:obligation
@!!id:659
@!!loc:7074:19:7074:23
@!!status:trivial
@!!prover:tlapm
@!!already:false
@!!END

@!!BEGIN
@!!type:obligation
@!!id:660
@!!loc:7074:25:7074:29
@!!status:trivial
@!!prover:tlapm
@!!already:false
@!!END

@!!BEGIN
@!!type:obligation
@!!id:661
@!!loc:7074:31:7074:35
@!!status:trivial
@!!prover:tlapm
@!!already:false
@!!END

@!!BEGIN
@!!type:obligation
@!!id:662
@!!loc:7074:37:7074:41
@!!status:trivial
@!!prover:tlapm
@!!already:false
@!!END

@!!BEGIN
@!!type:obligation
@!!id:663
@!!loc:7074:43:7074:50
@!!status:trivial
@!!prover:tlapm
@!!already:false
@!!END

@!!BEGIN
@!!type:obligation
@!!id:664
@!!loc:7064:14:7064:16
@!!status:proved
@!!prover:smt
@!!meth:time-limit: 60
@!!already:true
@!!END

@!!BEGIN
@!!type:obligation
@!!id:665
@!!loc:7065:14:7065:16
@!!status:proved
@!!prover:smt
@!!meth:time-limit: 60
@!!already:true
@!!END

@!!BEGIN
@!!type:obligation
@!!id:666
@!!loc:7065:17:7065:22
@!!status:trivial
@!!prover:tlapm
@!!already:false
@!!END

@!!BEGIN
@!!type:obligation
@!!id:667
@!!loc:7065:24:7065:36
@!!status:trivial
@!!prover:tlapm
@!!already:false
@!!END

@!!BEGIN
@!!type:obligation
@!!id:668
@!!loc:7066:10:7066:12
@!!status:proved
@!!prover:smt
@!!meth:time-limit: 60
@!!already:true
@!!END

@!!BEGIN
@!!type:obligation
@!!id:669
@!!loc:7067:17:7067:19
@!!status:proved
@!!prover:smt
@!!meth:time-limit: 60
@!!already:true
@!!END

@!!BEGIN
@!!type:obligation
@!!id:670
@!!loc:7067:20:7067:32
@!!status:trivial
@!!prover:tlapm
@!!already:false
@!!END

@!!BEGIN
@!!type:obligation
@!!id:671
@!!loc:7069:3:7069:5
@!!status:proved
@!!prover:smt
@!!meth:time-limit: 60
@!!already:true
@!!END

@!!BEGIN
@!!type:obligation
@!!id:672
@!!loc:7069:6:7069:10
@!!status:trivial
@!!prover:tlapm
@!!already:false
@!!END

@!!BEGIN
@!!type:obligation
@!!id:653
@!!loc:7057:29:7057:31
@!!status:proved
@!!prover:smt
@!!meth:time-limit: 60; time-used: 3.3 (5%)
@!!already:false
@!!END

@!!BEGIN
@!!type:obligation
@!!id:673
@!!loc:7069:12:7069:20
@!!status:trivial
@!!prover:tlapm
@!!already:false
@!!END

@!!BEGIN
@!!type:obligation
@!!id:675
@!!loc:7071:14:7071:16
@!!status:proved
@!!prover:smt
@!!meth:time-limit: 60
@!!already:true
@!!END

@!!BEGIN
@!!type:obligation
@!!id:676
@!!loc:7071:17:7071:22
@!!status:trivial
@!!prover:tlapm
@!!already:false
@!!END

@!!BEGIN
@!!type:obligation
@!!id:677
@!!loc:7071:24:7071:34
@!!status:trivial
@!!prover:tlapm
@!!already:false
@!!END

@!!BEGIN
@!!type:obligation
@!!id:674
@!!loc:7070:19:7070:21
@!!status:proved
@!!prover:smt
@!!meth:time-limit: 60; time-used: 1.1 (2%)
@!!already:false
@!!END

@!!BEGIN
@!!type:obligation
@!!id:679
@!!loc:7073:16:7073:18
@!!status:proved
@!!prover:smt
@!!meth:time-limit: 60
@!!already:true
@!!END

@!!BEGIN
@!!type:obligation
@!!id:680
@!!loc:7073:19:7073:24
@!!status:trivial
@!!prover:tlapm
@!!already:false
@!!END

@!!BEGIN
@!!type:obligation
@!!id:681
@!!loc:7073:26:7073:35
@!!status:trivial
@!!prover:tlapm
@!!already:false
@!!END

@!!BEGIN
@!!type:obligation
@!!id:678
@!!loc:7072:29:7072:31
@!!status:proved
@!!prover:smt
@!!meth:time-limit: 60; time-used: 1.0 (2%)
@!!already:false
@!!END

@!!BEGIN
@!!type:obligation
@!!id:683
@!!loc:7087:13:7087:17
@!!status:trivial
@!!prover:tlapm
@!!already:false
@!!END

@!!BEGIN
@!!type:obligation
@!!id:684
@!!loc:7087:19:7087:23
@!!status:trivial
@!!prover:tlapm
@!!already:false
@!!END

@!!BEGIN
@!!type:obligation
@!!id:685
@!!loc:7087:25:7087:29
@!!status:trivial
@!!prover:tlapm
@!!already:false
@!!END

@!!BEGIN
@!!type:obligation
@!!id:686
@!!loc:7082:14:7082:16
@!!status:proved
@!!prover:smt
@!!meth:time-limit: 60
@!!already:true
@!!END

@!!BEGIN
@!!type:obligation
@!!id:687
@!!loc:7083:14:7083:16
@!!status:proved
@!!prover:smt
@!!meth:time-limit: 60
@!!already:true
@!!END

@!!BEGIN
@!!type:obligation
@!!id:688
@!!loc:7083:17:7083:22
@!!status:trivial
@!!prover:tlapm
@!!already:false
@!!END

@!!BEGIN
@!!type:obligation
@!!id:689
@!!loc:7083:24:7083:30
@!!status:trivial
@!!prover:tlapm
@!!already:false
@!!END

@!!BEGIN
@!!type:obligation
@!!id:682
@!!loc:7087:10:7087:12
@!!status:proved
@!!prover:smt
@!!meth:time-limit: 60; time-used: 1.7 (3%)
@!!already:false
@!!END

@!!BEGIN
@!!type:obligation
@!!id:690
@!!loc:7084:71:7084:73
@!!status:proved
@!!prover:smt
@!!meth:time-limit: 60; time-used: 0.6 (1%)
@!!already:false
@!!END

@!!BEGIN
@!!type:obligation
@!!id:692
@!!loc:7085:24:7085:28
@!!status:trivial
@!!prover:tlapm
@!!already:false
@!!END

@!!BEGIN
@!!type:obligation
@!!id:693
@!!loc:7086:19:7086:21
@!!status:proved
@!!prover:smt
@!!meth:time-limit: 60; time-used: 0.0 (0%)
@!!already:false
@!!END

@!!BEGIN
@!!type:obligation
@!!id:694
@!!loc:7086:22:7086:26
@!!status:trivial
@!!prover:tlapm
@!!already:false
@!!END

@!!BEGIN
@!!type:obligation
@!!id:695
@!!loc:7106:10:7106:12
@!!status:proved
@!!prover:smt
@!!meth:time-limit: 60; time-used: 0.0 (0%)
@!!already:false
@!!END

@!!BEGIN
@!!type:obligation
@!!id:696
@!!loc:7106:13:7106:17
@!!status:trivial
@!!prover:tlapm
@!!already:false
@!!END

@!!BEGIN
@!!type:obligation
@!!id:697
@!!loc:7106:19:7106:23
@!!status:trivial
@!!prover:tlapm
@!!already:false
@!!END

@!!BEGIN
@!!type:obligation
@!!id:698
@!!loc:7106:25:7106:29
@!!status:trivial
@!!prover:tlapm
@!!already:false
@!!END

@!!BEGIN
@!!type:obligation
@!!id:699
@!!loc:7092:14:7092:16
@!!status:proved
@!!prover:smt
@!!meth:time-limit: 60
@!!already:true
@!!END

@!!BEGIN
@!!type:obligation
@!!id:700
@!!loc:7093:14:7093:16
@!!status:proved
@!!prover:smt
@!!meth:time-limit: 60
@!!already:true
@!!END

@!!BEGIN
@!!type:obligation
@!!id:701
@!!loc:7093:17:7093:22
@!!status:trivial
@!!prover:tlapm
@!!already:false
@!!END

@!!BEGIN
@!!type:obligation
@!!id:702
@!!loc:7093:24:7093:31
@!!status:trivial
@!!prover:tlapm
@!!already:false
@!!END

@!!BEGIN
@!!type:obligation
@!!id:691
@!!loc:7085:21:7085:23
@!!status:being proved
@!!prover:smt
@!!meth:time-limit: 60
@!!obl:
ASSUME NEW CONSTANT Nil,
       NEW CONSTANT Paths,
       NEW CONSTANT Free,
       NEW CONSTANT Writers,
       NEW CONSTANT MaxMint,
       NEW CONSTANT MaxUI,
       NEW CONSTANT MaxRemovals,
       NEW CONSTANT MaxBarriers,
       NEW CONSTANT MaxRestarts,
       NEW CONSTANT MaxSyncs,
       NEW CONSTANT MaxAges,
       NEW CONSTANT MaxCopies,
       NEW CONSTANT CommitSurfacesForeign,
       NEW CONSTANT CommitVerifiesUploads,
       NEW CONSTANT SweepUnderLease,
       NEW CONSTANT CollectorSparesCited,
       NEW CONSTANT CommitRecordsDeleteOverride,
       NEW CONSTANT DeleteWinsPreserved,
       NEW CONSTANT ContentConverges,
       NEW CONSTANT RecheckSkipped,
       NEW CONSTANT CommitAdvanceGuarded,
       NEW CONSTANT RetireAge,
       NEW CONSTANT GatewayIgnoresLease,
       NEW CONSTANT GatewayJudgesRead,
       NEW CONSTANT GatewaySweepGrace,
       NEW CONSTANT RenameAtomic,
       NEW CONSTANT Scopes,
       NEW CONSTANT MaxRescopes,
       NEW CONSTANT ConsumeHonorsScope,
       NEW CONSTANT RescopeUnciteFirst,
       NEW CONSTANT RescopeKeepsDirty,
       NEW CONSTANT WidenKeepsLocal,
       NEW CONSTANT UnlinkChecksBytes,
       NEW CONSTANT MaxFetchFails,
       NEW CONSTANT ConsumeKeepsLeft,
       NEW CONSTANT SyncKeepsLeft,
       NEW CONSTANT Readers,
       NEW CONSTANT ReaderRechecksOwed,
       NEW VARIABLE live,
       NEW VARIABLE minted,
       NEW VARIABLE doc,
       NEW VARIABLE seq,
       NEW VARIABLE tomb,
       NEW VARIABLE base,
       NEW VARIABLE acked,
       NEW VARIABLE conflicts,
       NEW VARIABLE holder,
       NEW VARIABLE nextGen,
       NEW VARIABLE ui,
       NEW VARIABLE reqs,
       NEW VARIABLE barriers,
       NEW VARIABLE w,
       NEW VARIABLE took,
       NEW VARIABLE gw,
       NEW VARIABLE mv,
       NEW VARIABLE udel,
       NEW VARIABLE restarts,
       NEW VARIABLE syncs,
       NEW VARIABLE regressed,
       NEW VARIABLE rescopes,
       NEW VARIABLE fails,
       NEW VARIABLE upped,
       NEW VARIABLE copies,
       NEW VARIABLE orig,
       NEW VARIABLE retiring,
       NEW VARIABLE aged,
       NEW VARIABLE ages,
       NEW VARIABLE rdoc,
       NEW VARIABLE rlag,
       NEW VARIABLE anc,
       IndM3
       /\ ((\A p \in Paths : doc[p] # Nil => doc[p] \notin retiring \cup aged)
           /\ ReaderLive) ,
       Age ,
       UNCHANGED anc ,
       aged' = aged \cup retiring /\ rlag' = TRUE /\ UNCHANGED <<doc>> 
PROVE  (\A p \in Paths : doc[p] # Nil => doc[p] \notin retiring \cup aged)'

@!!END

@!!BEGIN
@!!type:obligation
@!!id:703
@!!loc:7096:3:7096:5
@!!status:proved
@!!prover:smt
@!!meth:time-limit: 60; time-used: 0.0 (0%)
@!!already:false
@!!END

@!!BEGIN
@!!type:obligation
@!!id:704
@!!loc:7097:21:7097:23
@!!status:proved
@!!prover:smt
@!!meth:time-limit: 60; time-used: 0.0 (0%)
@!!already:false
@!!END

@!!BEGIN
@!!type:obligation
@!!id:705
@!!loc:7097:24:7097:28
@!!status:trivial
@!!prover:tlapm
@!!already:false
@!!END

@!!BEGIN
@!!type:obligation
@!!id:706
@!!loc:7105:12:7105:14
@!!status:proved
@!!prover:smt
@!!meth:time-limit: 60; time-used: 0.0 (0%)
@!!already:false
@!!END

@!!BEGIN
@!!type:obligation
@!!id:707
@!!loc:7105:15:7105:19
@!!status:trivial
@!!prover:tlapm
@!!already:false
@!!END

@!!BEGIN
@!!type:obligation
@!!id:708
@!!loc:7105:21:7105:25
@!!status:trivial
@!!prover:tlapm
@!!already:false
@!!END

@!!BEGIN
@!!type:obligation
@!!id:709
@!!loc:7102:5:7102:7
@!!status:proved
@!!prover:smt
@!!meth:time-limit: 60; time-used: 0.0 (0%)
@!!already:false
@!!END

@!!BEGIN
@!!type:obligation
@!!id:710
@!!loc:7102:8:7102:12
@!!status:trivial
@!!prover:tlapm
@!!already:false
@!!END

@!!BEGIN
@!!type:obligation
@!!id:711
@!!loc:7104:5:7104:7
@!!status:proved
@!!prover:smt
@!!meth:time-limit: 60; time-used: 0.0 (0%)
@!!already:false
@!!END

@!!BEGIN
@!!type:obligation
@!!id:712
@!!loc:7123:10:7123:12
@!!status:proved
@!!prover:smt
@!!meth:time-limit: 60
@!!already:true
@!!END

@!!BEGIN
@!!type:obligation
@!!id:713
@!!loc:7123:13:7123:17
@!!status:trivial
@!!prover:tlapm
@!!already:false
@!!END

@!!BEGIN
@!!type:obligation
@!!id:714
@!!loc:7123:19:7123:23
@!!status:trivial
@!!prover:tlapm
@!!already:false
@!!END

@!!BEGIN
@!!type:obligation
@!!id:715
@!!loc:7123:25:7123:29
@!!status:trivial
@!!prover:tlapm
@!!already:false
@!!END

@!!BEGIN
@!!type:obligation
@!!id:716
@!!loc:7111:14:7111:16
@!!status:proved
@!!prover:smt
@!!meth:time-limit: 60
@!!already:true
@!!END

@!!BEGIN
@!!type:obligation
@!!id:717
@!!loc:7112:14:7112:16
@!!status:proved
@!!prover:smt
@!!meth:time-limit: 60
@!!already:true
@!!END

@!!BEGIN
@!!type:obligation
@!!id:718
@!!loc:7112:17:7112:22
@!!status:trivial
@!!prover:tlapm
@!!already:false
@!!END

@!!BEGIN
@!!type:obligation
@!!id:719
@!!loc:7112:24:7112:32
@!!status:trivial
@!!prover:tlapm
@!!already:false
@!!END

@!!BEGIN
@!!type:obligation
@!!id:720
@!!loc:7113:79:7113:81
@!!status:proved
@!!prover:smt
@!!meth:time-limit: 60; time-used: 0.0 (0%)
@!!already:false
@!!END

@!!BEGIN
@!!type:obligation
@!!id:721
@!!loc:7114:21:7114:23
@!!status:proved
@!!prover:smt
@!!meth:time-limit: 60; time-used: 0.0 (0%)
@!!already:false
@!!END

@!!BEGIN
@!!type:obligation
@!!id:722
@!!loc:7114:24:7114:28
@!!status:trivial
@!!prover:tlapm
@!!already:false
@!!END

@!!BEGIN
@!!type:obligation
@!!id:723
@!!loc:7122:12:7122:14
@!!status:proved
@!!prover:smt
@!!meth:time-limit: 60; time-used: 0.0 (0%)
@!!already:false
@!!END

@!!BEGIN
@!!type:obligation
@!!id:724
@!!loc:7122:15:7122:19
@!!status:trivial
@!!prover:tlapm
@!!already:false
@!!END

@!!BEGIN
@!!type:obligation
@!!id:725
@!!loc:7122:21:7122:25
@!!status:trivial
@!!prover:tlapm
@!!already:false
@!!END

@!!BEGIN
@!!type:obligation
@!!id:726
@!!loc:7119:5:7119:7
@!!status:proved
@!!prover:smt
@!!meth:time-limit: 60; time-used: 0.0 (0%)
@!!already:false
@!!END

@!!BEGIN
@!!type:obligation
@!!id:727
@!!loc:7119:8:7119:12
@!!status:trivial
@!!prover:tlapm
@!!already:false
@!!END

@!!BEGIN
@!!type:obligation
@!!id:728
@!!loc:7120:25:7120:27
@!!status:proved
@!!prover:smt
@!!meth:time-limit: 60; time-used: 0.0 (0%)
@!!already:false
@!!END

@!!BEGIN
@!!type:obligation
@!!id:729
@!!loc:7121:28:7121:30
@!!status:proved
@!!prover:smt
@!!meth:time-limit: 60; time-used: 0.0 (0%)
@!!already:false
@!!END

@!!BEGIN
@!!type:obligation
@!!id:730
@!!loc:7171:10:7171:12
@!!status:proved
@!!prover:smt
@!!meth:time-limit: 60
@!!already:true
@!!END

@!!BEGIN
@!!type:obligation
@!!id:731
@!!loc:7171:13:7171:17
@!!status:trivial
@!!prover:tlapm
@!!already:false
@!!END

@!!BEGIN
@!!type:obligation
@!!id:732
@!!loc:7171:19:7171:23
@!!status:trivial
@!!prover:tlapm
@!!already:false
@!!END

@!!BEGIN
@!!type:obligation
@!!id:733
@!!loc:7129:47:7129:54
@!!status:proved
@!!prover:smt
@!!meth:time-limit: 60
@!!already:true
@!!END

@!!BEGIN
@!!type:obligation
@!!id:734
@!!loc:7164:12:7164:14
@!!status:proved
@!!prover:smt
@!!meth:time-limit: 60
@!!already:true
@!!END

@!!BEGIN
@!!type:obligation
@!!id:735
@!!loc:7164:15:7164:19
@!!status:trivial
@!!prover:tlapm
@!!already:false
@!!END

@!!BEGIN
@!!type:obligation
@!!id:736
@!!loc:7164:21:7164:25
@!!status:trivial
@!!prover:tlapm
@!!already:false
@!!END

@!!BEGIN
@!!type:obligation
@!!id:737
@!!loc:7164:27:7164:31
@!!status:trivial
@!!prover:tlapm
@!!already:false
@!!END

@!!BEGIN
@!!type:obligation
@!!id:738
@!!loc:7131:14:7131:16
@!!status:proved
@!!prover:smt
@!!meth:time-limit: 60
@!!already:true
@!!END

@!!BEGIN
@!!type:obligation
@!!id:739
@!!loc:7131:17:7131:21
@!!status:trivial
@!!prover:tlapm
@!!already:false
@!!END

@!!BEGIN
@!!type:obligation
@!!id:740
@!!loc:7138:14:7138:16
@!!status:proved
@!!prover:smt
@!!meth:time-limit: 60
@!!already:true
@!!END

@!!BEGIN
@!!type:obligation
@!!id:741
@!!loc:7138:17:7138:21
@!!status:trivial
@!!prover:tlapm
@!!already:false
@!!END

@!!BEGIN
@!!type:obligation
@!!id:742
@!!loc:7138:23:7138:27
@!!status:trivial
@!!prover:tlapm
@!!already:false
@!!END

@!!BEGIN
@!!type:obligation
@!!id:743
@!!loc:7138:29:7138:33
@!!status:trivial
@!!prover:tlapm
@!!already:false
@!!END

@!!BEGIN
@!!type:obligation
@!!id:744
@!!loc:7138:35:7138:39
@!!status:trivial
@!!prover:tlapm
@!!already:false
@!!END

@!!BEGIN
@!!type:obligation
@!!id:745
@!!loc:7138:41:7138:45
@!!status:trivial
@!!prover:tlapm
@!!already:false
@!!END

@!!BEGIN
@!!type:obligation
@!!id:746
@!!loc:7138:47:7138:51
@!!status:trivial
@!!prover:tlapm
@!!already:false
@!!END

@!!BEGIN
@!!type:obligation
@!!id:747
@!!loc:7133:56:7133:58
@!!status:proved
@!!prover:smt
@!!meth:time-limit: 60
@!!already:true
@!!END

@!!BEGIN
@!!type:obligation
@!!id:748
@!!loc:7133:59:7133:63
@!!status:trivial
@!!prover:tlapm
@!!already:false
@!!END

@!!BEGIN
@!!type:obligation
@!!id:749
@!!loc:7133:65:7133:72
@!!status:trivial
@!!prover:tlapm
@!!already:false
@!!END

@!!BEGIN
@!!type:obligation
@!!id:750
@!!loc:7134:56:7134:58
@!!status:proved
@!!prover:smt
@!!meth:time-limit: 60
@!!already:true
@!!END

@!!BEGIN
@!!type:obligation
@!!id:751
@!!loc:7134:59:7134:63
@!!status:trivial
@!!prover:tlapm
@!!already:false
@!!END

@!!BEGIN
@!!type:obligation
@!!id:752
@!!loc:7134:65:7134:72
@!!status:trivial
@!!prover:tlapm
@!!already:false
@!!END

@!!BEGIN
@!!type:obligation
@!!id:753
@!!loc:7135:59:7135:61
@!!status:proved
@!!prover:smt
@!!meth:time-limit: 60
@!!already:true
@!!END

@!!BEGIN
@!!type:obligation
@!!id:754
@!!loc:7135:62:7135:66
@!!status:trivial
@!!prover:tlapm
@!!already:false
@!!END

@!!BEGIN
@!!type:obligation
@!!id:755
@!!loc:7135:68:7135:78
@!!status:trivial
@!!prover:tlapm
@!!already:false
@!!END

@!!BEGIN
@!!type:obligation
@!!id:756
@!!loc:7136:79:7136:81
@!!status:proved
@!!prover:smt
@!!meth:time-limit: 60
@!!already:true
@!!END

@!!BEGIN
@!!type:obligation
@!!id:757
@!!loc:7136:82:7136:86
@!!status:trivial
@!!prover:tlapm
@!!already:false
@!!END

@!!BEGIN
@!!type:obligation
@!!id:758
@!!loc:7136:88:7136:98
@!!status:trivial
@!!prover:tlapm
@!!already:false
@!!END

@!!BEGIN
@!!type:obligation
@!!id:759
@!!loc:7137:30:7137:32
@!!status:proved
@!!prover:smt
@!!meth:time-limit: 60
@!!already:true
@!!END

@!!BEGIN
@!!type:obligation
@!!id:760
@!!loc:7137:33:7137:37
@!!status:trivial
@!!prover:tlapm
@!!already:false
@!!END

@!!BEGIN
@!!type:obligation
@!!id:761
@!!loc:7137:39:7137:55
@!!status:trivial
@!!prover:tlapm
@!!already:false
@!!END

@!!BEGIN
@!!type:obligation
@!!id:762
@!!loc:7161:14:7161:16
@!!status:proved
@!!prover:smt
@!!meth:time-limit: 60
@!!already:true
@!!END

@!!BEGIN
@!!type:obligation
@!!id:763
@!!loc:7161:17:7161:21
@!!status:trivial
@!!prover:tlapm
@!!already:false
@!!END

@!!BEGIN
@!!type:obligation
@!!id:764
@!!loc:7161:23:7161:27
@!!status:trivial
@!!prover:tlapm
@!!already:false
@!!END

@!!BEGIN
@!!type:obligation
@!!id:765
@!!loc:7161:29:7161:33
@!!status:trivial
@!!prover:tlapm
@!!already:false
@!!END

@!!BEGIN
@!!type:obligation
@!!id:766
@!!loc:7161:35:7161:39
@!!status:trivial
@!!prover:tlapm
@!!already:false
@!!END

@!!BEGIN
@!!type:obligation
@!!id:767
@!!loc:7161:41:7161:45
@!!status:trivial
@!!prover:tlapm
@!!already:false
@!!END

@!!BEGIN
@!!type:obligation
@!!id:768
@!!loc:7161:47:7161:51
@!!status:trivial
@!!prover:tlapm
@!!already:false
@!!END

@!!BEGIN
@!!type:obligation
@!!id:769
@!!loc:7161:53:7161:57
@!!status:trivial
@!!prover:tlapm
@!!already:false
@!!END

@!!BEGIN
@!!type:obligation
@!!id:770
@!!loc:7161:59:7161:63
@!!status:trivial
@!!prover:tlapm
@!!already:false
@!!END

@!!BEGIN
@!!type:obligation
@!!id:771
@!!loc:7161:65:7161:69
@!!status:trivial
@!!prover:tlapm
@!!already:false
@!!END

@!!BEGIN
@!!type:obligation
@!!id:772
@!!loc:7161:71:7161:75
@!!status:trivial
@!!prover:tlapm
@!!already:false
@!!END

@!!BEGIN
@!!type:obligation
@!!id:773
@!!loc:7161:77:7161:82
@!!status:trivial
@!!prover:tlapm
@!!already:false
@!!END

@!!BEGIN
@!!type:obligation
@!!id:774
@!!loc:7162:17:7162:22
@!!status:trivial
@!!prover:tlapm
@!!already:false
@!!END

@!!BEGIN
@!!type:obligation
@!!id:775
@!!loc:7162:24:7162:29
@!!status:trivial
@!!prover:tlapm
@!!already:false
@!!END

@!!BEGIN
@!!type:obligation
@!!id:776
@!!loc:7162:31:7162:36
@!!status:trivial
@!!prover:tlapm
@!!already:false
@!!END

@!!BEGIN
@!!type:obligation
@!!id:777
@!!loc:7162:38:7162:43
@!!status:trivial
@!!prover:tlapm
@!!already:false
@!!END

@!!BEGIN
@!!type:obligation
@!!id:778
@!!loc:7162:45:7162:50
@!!status:trivial
@!!prover:tlapm
@!!already:false
@!!END

@!!BEGIN
@!!type:obligation
@!!id:779
@!!loc:7162:52:7162:57
@!!status:trivial
@!!prover:tlapm
@!!already:false
@!!END

@!!BEGIN
@!!type:obligation
@!!id:780
@!!loc:7162:59:7162:64
@!!status:trivial
@!!prover:tlapm
@!!already:false
@!!END

@!!BEGIN
@!!type:obligation
@!!id:781
@!!loc:7162:66:7162:71
@!!status:trivial
@!!prover:tlapm
@!!already:false
@!!END

@!!BEGIN
@!!type:obligation
@!!id:782
@!!loc:7162:73:7162:78
@!!status:trivial
@!!prover:tlapm
@!!already:false
@!!END

@!!BEGIN
@!!type:obligation
@!!id:783
@!!loc:7162:80:7162:85
@!!status:trivial
@!!prover:tlapm
@!!already:false
@!!END

@!!BEGIN
@!!type:obligation
@!!id:784
@!!loc:7162:87:7162:92
@!!status:trivial
@!!prover:tlapm
@!!already:false
@!!END

@!!BEGIN
@!!type:obligation
@!!id:785
@!!loc:7140:62:7140:64
@!!status:proved
@!!prover:smt
@!!meth:time-limit: 60
@!!already:true
@!!END

@!!BEGIN
@!!type:obligation
@!!id:786
@!!loc:7140:65:7140:69
@!!status:trivial
@!!prover:tlapm
@!!already:false
@!!END

@!!BEGIN
@!!type:obligation
@!!id:787
@!!loc:7140:71:7140:82
@!!status:trivial
@!!prover:tlapm
@!!already:false
@!!END

@!!BEGIN
@!!type:obligation
@!!id:788
@!!loc:7141:61:7141:63
@!!status:proved
@!!prover:smt
@!!meth:time-limit: 60
@!!already:true
@!!END

@!!BEGIN
@!!type:obligation
@!!id:789
@!!loc:7141:64:7141:68
@!!status:trivial
@!!prover:tlapm
@!!already:false
@!!END

@!!BEGIN
@!!type:obligation
@!!id:790
@!!loc:7141:70:7141:80
@!!status:trivial
@!!prover:tlapm
@!!already:false
@!!END

@!!BEGIN
@!!type:obligation
@!!id:791
@!!loc:7142:58:7142:60
@!!status:proved
@!!prover:smt
@!!meth:time-limit: 60
@!!already:true
@!!END

@!!BEGIN
@!!type:obligation
@!!id:792
@!!loc:7142:61:7142:65
@!!status:trivial
@!!prover:tlapm
@!!already:false
@!!END

@!!BEGIN
@!!type:obligation
@!!id:793
@!!loc:7142:67:7142:74
@!!status:trivial
@!!prover:tlapm
@!!already:false
@!!END

@!!BEGIN
@!!type:obligation
@!!id:794
@!!loc:7143:58:7143:60
@!!status:proved
@!!prover:smt
@!!meth:time-limit: 60
@!!already:true
@!!END

@!!BEGIN
@!!type:obligation
@!!id:795
@!!loc:7143:61:7143:65
@!!status:trivial
@!!prover:tlapm
@!!already:false
@!!END

@!!BEGIN
@!!type:obligation
@!!id:796
@!!loc:7143:67:7143:74
@!!status:trivial
@!!prover:tlapm
@!!already:false
@!!END

@!!BEGIN
@!!type:obligation
@!!id:797
@!!loc:7144:62:7144:64
@!!status:proved
@!!prover:smt
@!!meth:time-limit: 60
@!!already:true
@!!END

@!!BEGIN
@!!type:obligation
@!!id:798
@!!loc:7144:65:7144:69
@!!status:trivial
@!!prover:tlapm
@!!already:false
@!!END

@!!BEGIN
@!!type:obligation
@!!id:799
@!!loc:7144:71:7144:82
@!!status:trivial
@!!prover:tlapm
@!!already:false
@!!END

@!!BEGIN
@!!type:obligation
@!!id:800
@!!loc:7145:59:7145:61
@!!status:proved
@!!prover:smt
@!!meth:time-limit: 60
@!!already:true
@!!END

@!!BEGIN
@!!type:obligation
@!!id:801
@!!loc:7145:62:7145:66
@!!status:trivial
@!!prover:tlapm
@!!already:false
@!!END

@!!BEGIN
@!!type:obligation
@!!id:802
@!!loc:7145:68:7145:76
@!!status:trivial
@!!prover:tlapm
@!!already:false
@!!END

@!!BEGIN
@!!type:obligation
@!!id:803
@!!loc:7146:60:7146:62
@!!status:proved
@!!prover:smt
@!!meth:time-limit: 60
@!!already:true
@!!END

@!!BEGIN
@!!type:obligation
@!!id:804
@!!loc:7146:63:7146:67
@!!status:trivial
@!!prover:tlapm
@!!already:false
@!!END

@!!BEGIN
@!!type:obligation
@!!id:805
@!!loc:7146:69:7146:78
@!!status:trivial
@!!prover:tlapm
@!!already:false
@!!END

@!!BEGIN
@!!type:obligation
@!!id:806
@!!loc:7147:61:7147:63
@!!status:proved
@!!prover:smt
@!!meth:time-limit: 60
@!!already:true
@!!END

@!!BEGIN
@!!type:obligation
@!!id:807
@!!loc:7147:64:7147:68
@!!status:trivial
@!!prover:tlapm
@!!already:false
@!!END

@!!BEGIN
@!!type:obligation
@!!id:808
@!!loc:7147:70:7147:80
@!!status:trivial
@!!prover:tlapm
@!!already:false
@!!END

@!!BEGIN
@!!type:obligation
@!!id:809
@!!loc:7148:61:7148:63
@!!status:proved
@!!prover:smt
@!!meth:time-limit: 60
@!!already:true
@!!END

@!!BEGIN
@!!type:obligation
@!!id:810
@!!loc:7148:64:7148:68
@!!status:trivial
@!!prover:tlapm
@!!already:false
@!!END

@!!BEGIN
@!!type:obligation
@!!id:811
@!!loc:7148:70:7148:80
@!!status:trivial
@!!prover:tlapm
@!!already:false
@!!END

@!!BEGIN
@!!type:obligation
@!!id:812
@!!loc:7149:61:7149:63
@!!status:proved
@!!prover:smt
@!!meth:time-limit: 60
@!!already:true
@!!END

@!!BEGIN
@!!type:obligation
@!!id:813
@!!loc:7149:64:7149:69
@!!status:trivial
@!!prover:tlapm
@!!already:false
@!!END

@!!BEGIN
@!!type:obligation
@!!id:814
@!!loc:7149:71:7149:80
@!!status:trivial
@!!prover:tlapm
@!!already:false
@!!END

@!!BEGIN
@!!type:obligation
@!!id:815
@!!loc:7150:62:7150:64
@!!status:proved
@!!prover:smt
@!!meth:time-limit: 60
@!!already:true
@!!END

@!!BEGIN
@!!type:obligation
@!!id:816
@!!loc:7150:65:7150:70
@!!status:trivial
@!!prover:tlapm
@!!already:false
@!!END

@!!BEGIN
@!!type:obligation
@!!id:817
@!!loc:7150:72:7150:82
@!!status:trivial
@!!prover:tlapm
@!!already:false
@!!END

@!!BEGIN
@!!type:obligation
@!!id:818
@!!loc:7151:59:7151:61
@!!status:proved
@!!prover:smt
@!!meth:time-limit: 60
@!!already:true
@!!END

@!!BEGIN
@!!type:obligation
@!!id:819
@!!loc:7151:62:7151:67
@!!status:trivial
@!!prover:tlapm
@!!already:false
@!!END

@!!BEGIN
@!!type:obligation
@!!id:820
@!!loc:7151:69:7151:76
@!!status:trivial
@!!prover:tlapm
@!!already:false
@!!END

@!!BEGIN
@!!type:obligation
@!!id:821
@!!loc:7152:67:7152:69
@!!status:proved
@!!prover:smt
@!!meth:time-limit: 60
@!!already:true
@!!END

@!!BEGIN
@!!type:obligation
@!!id:822
@!!loc:7152:70:7152:75
@!!status:trivial
@!!prover:tlapm
@!!already:false
@!!END

@!!BEGIN
@!!type:obligation
@!!id:823
@!!loc:7152:77:7152:92
@!!status:trivial
@!!prover:tlapm
@!!already:false
@!!END

@!!BEGIN
@!!type:obligation
@!!id:824
@!!loc:7153:67:7153:69
@!!status:proved
@!!prover:smt
@!!meth:time-limit: 60
@!!already:true
@!!END

@!!BEGIN
@!!type:obligation
@!!id:825
@!!loc:7153:70:7153:75
@!!status:trivial
@!!prover:tlapm
@!!already:false
@!!END

@!!BEGIN
@!!type:obligation
@!!id:826
@!!loc:7153:77:7153:92
@!!status:trivial
@!!prover:tlapm
@!!already:false
@!!END

@!!BEGIN
@!!type:obligation
@!!id:827
@!!loc:7154:68:7154:70
@!!status:proved
@!!prover:smt
@!!meth:time-limit: 60
@!!already:true
@!!END

@!!BEGIN
@!!type:obligation
@!!id:828
@!!loc:7154:71:7154:76
@!!status:trivial
@!!prover:tlapm
@!!already:false
@!!END

@!!BEGIN
@!!type:obligation
@!!id:829
@!!loc:7154:78:7154:94
@!!status:trivial
@!!prover:tlapm
@!!already:false
@!!END

@!!BEGIN
@!!type:obligation
@!!id:830
@!!loc:7155:64:7155:66
@!!status:proved
@!!prover:smt
@!!meth:time-limit: 60
@!!already:true
@!!END

@!!BEGIN
@!!type:obligation
@!!id:831
@!!loc:7155:67:7155:72
@!!status:trivial
@!!prover:tlapm
@!!already:false
@!!END

@!!BEGIN
@!!type:obligation
@!!id:832
@!!loc:7155:74:7155:86
@!!status:trivial
@!!prover:tlapm
@!!already:false
@!!END

@!!BEGIN
@!!type:obligation
@!!id:833
@!!loc:7156:64:7156:66
@!!status:proved
@!!prover:smt
@!!meth:time-limit: 60
@!!already:true
@!!END

@!!BEGIN
@!!type:obligation
@!!id:834
@!!loc:7156:67:7156:72
@!!status:trivial
@!!prover:tlapm
@!!already:false
@!!END

@!!BEGIN
@!!type:obligation
@!!id:835
@!!loc:7156:74:7156:86
@!!status:trivial
@!!prover:tlapm
@!!already:false
@!!END

@!!BEGIN
@!!type:obligation
@!!id:836
@!!loc:7157:79:7157:81
@!!status:proved
@!!prover:smt
@!!meth:time-limit: 60
@!!already:true
@!!END

@!!BEGIN
@!!type:obligation
@!!id:837
@!!loc:7157:82:7157:87
@!!status:trivial
@!!prover:tlapm
@!!already:false
@!!END

@!!BEGIN
@!!type:obligation
@!!id:838
@!!loc:7157:89:7157:96
@!!status:trivial
@!!prover:tlapm
@!!already:false
@!!END

@!!BEGIN
@!!type:obligation
@!!id:839
@!!loc:7158:81:7158:83
@!!status:proved
@!!prover:smt
@!!meth:time-limit: 60
@!!already:true
@!!END

@!!BEGIN
@!!type:obligation
@!!id:840
@!!loc:7158:84:7158:89
@!!status:trivial
@!!prover:tlapm
@!!already:false
@!!END

@!!BEGIN
@!!type:obligation
@!!id:841
@!!loc:7158:91:7158:100
@!!status:trivial
@!!prover:tlapm
@!!already:false
@!!END

@!!BEGIN
@!!type:obligation
@!!id:842
@!!loc:7159:81:7159:83
@!!status:proved
@!!prover:smt
@!!meth:time-limit: 60
@!!already:true
@!!END

@!!BEGIN
@!!type:obligation
@!!id:843
@!!loc:7159:84:7159:89
@!!status:trivial
@!!prover:tlapm
@!!already:false
@!!END

@!!BEGIN
@!!type:obligation
@!!id:844
@!!loc:7159:91:7159:100
@!!status:trivial
@!!prover:tlapm
@!!already:false
@!!END

@!!BEGIN
@!!type:obligation
@!!id:845
@!!loc:7160:82:7160:84
@!!status:proved
@!!prover:smt
@!!meth:time-limit: 60
@!!already:true
@!!END

@!!BEGIN
@!!type:obligation
@!!id:846
@!!loc:7160:85:7160:90
@!!status:trivial
@!!prover:tlapm
@!!already:false
@!!END

@!!BEGIN
@!!type:obligation
@!!id:847
@!!loc:7160:92:7160:100
@!!status:trivial
@!!prover:tlapm
@!!already:false
@!!END

@!!BEGIN
@!!type:obligation
@!!id:848
@!!loc:7170:12:7170:14
@!!status:proved
@!!prover:smt
@!!meth:time-limit: 60
@!!already:true
@!!END

@!!BEGIN
@!!type:obligation
@!!id:849
@!!loc:7170:15:7170:19
@!!status:trivial
@!!prover:tlapm
@!!already:false
@!!END

@!!BEGIN
@!!type:obligation
@!!id:850
@!!loc:7170:21:7170:25
@!!status:trivial
@!!prover:tlapm
@!!already:false
@!!END

@!!BEGIN
@!!type:obligation
@!!id:851
@!!loc:7170:27:7170:31
@!!status:trivial
@!!prover:tlapm
@!!already:false
@!!END

@!!BEGIN
@!!type:obligation
@!!id:852
@!!loc:7170:33:7170:37
@!!status:trivial
@!!prover:tlapm
@!!already:false
@!!END

@!!BEGIN
@!!type:obligation
@!!id:853
@!!loc:7166:22:7166:24
@!!status:proved
@!!prover:smt
@!!meth:time-limit: 60
@!!already:true
@!!END

@!!BEGIN
@!!type:obligation
@!!id:854
@!!loc:7166:25:7166:29
@!!status:trivial
@!!prover:tlapm
@!!already:false
@!!END

@!!BEGIN
@!!type:obligation
@!!id:855
@!!loc:7167:18:7167:20
@!!status:proved
@!!prover:smt
@!!meth:time-limit: 60
@!!already:true
@!!END

@!!BEGIN
@!!type:obligation
@!!id:856
@!!loc:7167:21:7167:25
@!!status:trivial
@!!prover:tlapm
@!!already:false
@!!END

@!!BEGIN
@!!type:obligation
@!!id:857
@!!loc:7167:27:7167:33
@!!status:trivial
@!!prover:tlapm
@!!already:false
@!!END

@!!BEGIN
@!!type:obligation
@!!id:858
@!!loc:7168:20:7168:22
@!!status:proved
@!!prover:smt
@!!meth:time-limit: 60
@!!already:true
@!!END

@!!BEGIN
@!!type:obligation
@!!id:859
@!!loc:7168:23:7168:27
@!!status:trivial
@!!prover:tlapm
@!!already:false
@!!END

@!!BEGIN
@!!type:obligation
@!!id:860
@!!loc:7168:29:7168:37
@!!status:trivial
@!!prover:tlapm
@!!already:false
@!!END

@!!BEGIN
@!!type:obligation
@!!id:861
@!!loc:7169:78:7169:80
@!!status:proved
@!!prover:smt
@!!meth:time-limit: 60
@!!already:true
@!!END

@!!BEGIN
@!!type:obligation
@!!id:862
@!!loc:7169:81:7169:85
@!!status:trivial
@!!prover:tlapm
@!!already:false
@!!END

@!!BEGIN
@!!type:obligation
@!!id:863
@!!loc:7169:87:7169:94
@!!status:trivial
@!!prover:tlapm
@!!already:false
@!!END

@!!BEGIN
@!!type:obligation
@!!id:864
@!!loc:7186:10:7186:12
@!!status:proved
@!!prover:ls4
@!!meth:time-limit: 120
@!!already:true
@!!END

@!!BEGIN
@!!type:obligation
@!!id:865
@!!loc:7186:13:7186:17
@!!status:trivial
@!!prover:tlapm
@!!already:false
@!!END

@!!BEGIN
@!!type:obligation
@!!id:866
@!!loc:7186:19:7186:23
@!!status:trivial
@!!prover:tlapm
@!!already:false
@!!END

@!!BEGIN
@!!type:obligation
@!!id:867
@!!loc:7186:25:7186:28
@!!status:trivial
@!!prover:tlapm
@!!already:false
@!!END

@!!BEGIN
@!!type:obligation
@!!id:868
@!!loc:7174:21:7174:23
@!!status:proved
@!!prover:smt
@!!meth:time-limit: 60
@!!already:true
@!!END

@!!BEGIN
@!!type:obligation
@!!id:869
@!!loc:7174:24:7174:31
@!!status:trivial
@!!prover:tlapm
@!!already:false
@!!END

@!!BEGIN
@!!type:obligation
@!!id:870
@!!loc:7185:12:7185:14
@!!status:proved
@!!prover:smt
@!!meth:time-limit: 60
@!!already:true
@!!END

@!!BEGIN
@!!type:obligation
@!!id:871
@!!loc:7185:15:7185:19
@!!status:trivial
@!!prover:tlapm
@!!already:false
@!!END

@!!BEGIN
@!!type:obligation
@!!id:872
@!!loc:7185:21:7185:25
@!!status:trivial
@!!prover:tlapm
@!!already:false
@!!END

@!!BEGIN
@!!type:obligation
@!!id:873
@!!loc:7176:33:7176:35
@!!status:proved
@!!prover:smt
@!!meth:time-limit: 60
@!!already:true
@!!END

@!!BEGIN
@!!type:obligation
@!!id:874
@!!loc:7176:36:7176:43
@!!status:trivial
@!!prover:tlapm
@!!already:false
@!!END

@!!BEGIN
@!!type:obligation
@!!id:875
@!!loc:7184:14:7184:16
@!!status:proved
@!!prover:smt
@!!meth:time-limit: 60; time-used: 0.0 (0%)
@!!already:false
@!!END

@!!BEGIN
@!!type:obligation
@!!id:876
@!!loc:7184:17:7184:21
@!!status:trivial
@!!prover:tlapm
@!!already:false
@!!END

@!!BEGIN
@!!type:obligation
@!!id:877
@!!loc:7184:23:7184:27
@!!status:trivial
@!!prover:tlapm
@!!already:false
@!!END

@!!BEGIN
@!!type:obligation
@!!id:878
@!!loc:7184:29:7184:33
@!!status:trivial
@!!prover:tlapm
@!!already:false
@!!END

@!!BEGIN
@!!type:obligation
@!!id:879
@!!loc:7184:35:7184:39
@!!status:trivial
@!!prover:tlapm
@!!already:false
@!!END

@!!BEGIN
@!!type:obligation
@!!id:880
@!!loc:7184:41:7184:45
@!!status:trivial
@!!prover:tlapm
@!!already:false
@!!END

@!!BEGIN
@!!type:obligation
@!!id:881
@!!loc:7179:7:7179:9
@!!status:proved
@!!prover:smt
@!!meth:time-limit: 60; time-used: 0.0 (0%)
@!!already:false
@!!END

@!!BEGIN
@!!type:obligation
@!!id:882
@!!loc:7180:42:7180:44
@!!status:proved
@!!prover:smt
@!!meth:time-limit: 60; time-used: 0.0 (0%)
@!!already:false
@!!END

@!!BEGIN
@!!type:obligation
@!!id:883
@!!loc:7180:45:7180:51
@!!status:trivial
@!!prover:tlapm
@!!already:false
@!!END

@!!BEGIN
@!!type:obligation
@!!id:884
@!!loc:7181:42:7181:44
@!!status:proved
@!!prover:smt
@!!meth:time-limit: 60; time-used: 0.0 (0%)
@!!already:false
@!!END

@!!BEGIN
@!!type:obligation
@!!id:885
@!!loc:7181:45:7181:51
@!!status:trivial
@!!prover:tlapm
@!!already:false
@!!END

@!!BEGIN
@!!type:obligation
@!!id:886
@!!loc:7182:42:7182:44
@!!status:proved
@!!prover:smt
@!!meth:time-limit: 60; time-used: 0.0 (0%)
@!!already:false
@!!END

@!!BEGIN
@!!type:obligation
@!!id:887
@!!loc:7182:45:7182:51
@!!status:trivial
@!!prover:tlapm
@!!already:false
@!!END

@!!BEGIN
@!!type:obligation
@!!id:888
@!!loc:7183:42:7183:44
@!!status:proved
@!!prover:smt
@!!meth:time-limit: 60; time-used: 0.0 (0%)
@!!already:false
@!!END

@!!BEGIN
@!!type:obligation
@!!id:889
@!!loc:7183:45:7183:51
@!!status:trivial
@!!prover:tlapm
@!!already:false
@!!END

@!!BEGIN
@!!type:obligation
@!!id:890
@!!loc:7190:10:7190:12
@!!status:proved
@!!prover:ls4
@!!meth:time-limit: 120
@!!already:true
@!!END

@!!BEGIN
@!!type:obligation
@!!id:891
@!!loc:7190:13:7190:24
@!!status:trivial
@!!prover:tlapm
@!!already:false
@!!END

@!!BEGIN
@!!type:obligation
@!!id:892
@!!loc:7190:26:7190:30
@!!status:trivial
@!!prover:tlapm
@!!already:false
@!!END

@!!BEGIN
@!!type:obligation
@!!id:893
@!!loc:7190:32:7190:35
@!!status:trivial
@!!prover:tlapm
@!!already:false
@!!END

@!!BEGIN
@!!type:obligation
@!!id:894
@!!loc:7189:34:7189:36
@!!status:proved
@!!prover:smt
@!!meth:time-limit: 60; time-used: 0.0 (0%)
@!!already:false
@!!END

@!!BEGIN
@!!type:obligation
@!!id:691
@!!loc:7085:21:7085:23
@!!status:failed
@!!prover:smt
@!!meth:time-limit: 60; time-used: 60.0 (100%)
@!!reason:timeout
@!!already:false
@!!obl:
ASSUME NEW CONSTANT Nil,
       NEW CONSTANT Paths,
       NEW CONSTANT Free,
       NEW CONSTANT Writers,
       NEW CONSTANT MaxMint,
       NEW CONSTANT MaxUI,
       NEW CONSTANT MaxRemovals,
       NEW CONSTANT MaxBarriers,
       NEW CONSTANT MaxRestarts,
       NEW CONSTANT MaxSyncs,
       NEW CONSTANT MaxAges,
       NEW CONSTANT MaxCopies,
       NEW CONSTANT CommitSurfacesForeign,
       NEW CONSTANT CommitVerifiesUploads,
       NEW CONSTANT SweepUnderLease,
       NEW CONSTANT CollectorSparesCited,
       NEW CONSTANT CommitRecordsDeleteOverride,
       NEW CONSTANT DeleteWinsPreserved,
       NEW CONSTANT ContentConverges,
       NEW CONSTANT RecheckSkipped,
       NEW CONSTANT CommitAdvanceGuarded,
       NEW CONSTANT RetireAge,
       NEW CONSTANT GatewayIgnoresLease,
       NEW CONSTANT GatewayJudgesRead,
       NEW CONSTANT GatewaySweepGrace,
       NEW CONSTANT RenameAtomic,
       NEW CONSTANT Scopes,
       NEW CONSTANT MaxRescopes,
       NEW CONSTANT ConsumeHonorsScope,
       NEW CONSTANT RescopeUnciteFirst,
       NEW CONSTANT RescopeKeepsDirty,
       NEW CONSTANT WidenKeepsLocal,
       NEW CONSTANT UnlinkChecksBytes,
       NEW CONSTANT MaxFetchFails,
       NEW CONSTANT ConsumeKeepsLeft,
       NEW CONSTANT SyncKeepsLeft,
       NEW CONSTANT Readers,
       NEW CONSTANT ReaderRechecksOwed,
       NEW VARIABLE live,
       NEW VARIABLE minted,
       NEW VARIABLE doc,
       NEW VARIABLE seq,
       NEW VARIABLE tomb,
       NEW VARIABLE base,
       NEW VARIABLE acked,
       NEW VARIABLE conflicts,
       NEW VARIABLE holder,
       NEW VARIABLE nextGen,
       NEW VARIABLE ui,
       NEW VARIABLE reqs,
       NEW VARIABLE barriers,
       NEW VARIABLE w,
       NEW VARIABLE took,
       NEW VARIABLE gw,
       NEW VARIABLE mv,
       NEW VARIABLE udel,
       NEW VARIABLE restarts,
       NEW VARIABLE syncs,
       NEW VARIABLE regressed,
       NEW VARIABLE rescopes,
       NEW VARIABLE fails,
       NEW VARIABLE upped,
       NEW VARIABLE copies,
       NEW VARIABLE orig,
       NEW VARIABLE retiring,
       NEW VARIABLE aged,
       NEW VARIABLE ages,
       NEW VARIABLE rdoc,
       NEW VARIABLE rlag,
       NEW VARIABLE anc,
       IndM3
       /\ ((\A p \in Paths : doc[p] # Nil => doc[p] \notin retiring \cup aged)
           /\ ReaderLive) ,
       Age ,
       UNCHANGED anc ,
       aged' = aged \cup retiring /\ rlag' = TRUE /\ UNCHANGED <<doc>> 
PROVE  (\A p \in Paths : doc[p] # Nil => doc[p] \notin retiring \cup aged)'

@!!END

(* created new ".tlacache/LeanP1Proof.tlaps/LeanP1Proof.thy" *)
(* fingerprints written in ".tlacache/LeanP1Proof.tlaps/fingerprints" *)
File "./LeanP1Proof.tla", line 7085, characters 21-22:
[ERROR]: Could not prove or check:
           ASSUME NEW CONSTANT Nil,
                  NEW CONSTANT Paths,
                  NEW CONSTANT Free,
                  NEW CONSTANT Writers,
                  NEW CONSTANT MaxMint,
                  NEW CONSTANT MaxUI,
                  NEW CONSTANT MaxRemovals,
                  NEW CONSTANT MaxBarriers,
                  NEW CONSTANT MaxRestarts,
                  NEW CONSTANT MaxSyncs,
                  NEW CONSTANT MaxAges,
                  NEW CONSTANT MaxCopies,
                  NEW CONSTANT CommitSurfacesForeign,
                  NEW CONSTANT CommitVerifiesUploads,
                  NEW CONSTANT SweepUnderLease,
                  NEW CONSTANT CollectorSparesCited,
                  NEW CONSTANT CommitRecordsDeleteOverride,
                  NEW CONSTANT DeleteWinsPreserved,
                  NEW CONSTANT ContentConverges,
                  NEW CONSTANT RecheckSkipped,
                  NEW CONSTANT CommitAdvanceGuarded,
                  NEW CONSTANT RetireAge,
                  NEW CONSTANT GatewayIgnoresLease,
                  NEW CONSTANT GatewayJudgesRead,
                  NEW CONSTANT GatewaySweepGrace,
                  NEW CONSTANT RenameAtomic,
                  NEW CONSTANT Scopes,
                  NEW CONSTANT MaxRescopes,
                  NEW CONSTANT ConsumeHonorsScope,
                  NEW CONSTANT RescopeUnciteFirst,
                  NEW CONSTANT RescopeKeepsDirty,
                  NEW CONSTANT WidenKeepsLocal,
                  NEW CONSTANT UnlinkChecksBytes,
                  NEW CONSTANT MaxFetchFails,
                  NEW CONSTANT ConsumeKeepsLeft,
                  NEW CONSTANT SyncKeepsLeft,
                  NEW CONSTANT Readers,
                  NEW CONSTANT ReaderRechecksOwed,
                  NEW VARIABLE live,
                  NEW VARIABLE minted,
                  NEW VARIABLE doc,
                  NEW VARIABLE seq,
                  NEW VARIABLE tomb,
                  NEW VARIABLE base,
                  NEW VARIABLE acked,
                  NEW VARIABLE conflicts,
                  NEW VARIABLE holder,
                  NEW VARIABLE nextGen,
                  NEW VARIABLE ui,
                  NEW VARIABLE reqs,
                  NEW VARIABLE barriers,
                  NEW VARIABLE w,
                  NEW VARIABLE took,
                  NEW VARIABLE gw,
                  NEW VARIABLE mv,
                  NEW VARIABLE udel,
                  NEW VARIABLE restarts,
                  NEW VARIABLE syncs,
                  NEW VARIABLE regressed,
                  NEW VARIABLE rescopes,
                  NEW VARIABLE fails,
                  NEW VARIABLE upped,
                  NEW VARIABLE copies,
                  NEW VARIABLE orig,
                  NEW VARIABLE retiring,
                  NEW VARIABLE aged,
                  NEW VARIABLE ages,
                  NEW VARIABLE rdoc,
                  NEW VARIABLE rlag,
                  NEW VARIABLE anc,
                  ShippedShape == Shipped,
                  FreePaths == Free \subseteq Paths,
                  MaxMintNat == MaxMint \in Nat /\ MaxMint >= 1,
                  ScopesPaths == Scopes \subseteq SUBSET Paths /\ Scopes # {},
                  ReadersWriters == Readers \subseteq Writers,
                  NilHandle == Nil \notin Handles,
                  NoneWriter == "none" \notin Writers,
                  MaxCopiesNat == MaxCopies \in Nat,
                  PathsFinite == IsFiniteSet(Paths),
                  NeverReCited ==
                    \A p \in Paths :
                       doc[p] # Nil => doc[p] \notin retiring \cup aged,
                  M4 == NeverReCited /\ ReaderLive,
                  IndM4 == IndM3 /\ M4,
                  IndM4 ,
                  Age ,
                  UNCHANGED anc ,
                  <1>1 
           PROVE  NeverReCited'
File "./LeanP1Proof.tla", line 1, character 1 to line 7191, character 78:
[ERROR]: 1/894 obligations failed.
There were backend errors processing module `"LeanP1Proof"`.
WALL 232.04 s MAXRSS 2332544 kB rc 0
PROOFDONE 22:05:04Z
