
\* TLAPM version bfa9468
\* launched at 2026-10-06 17:32:21 with command line:
\* /mnt/nvme/tlaps/unpack/tlapm/bin/tlapm --toolbox 0 0 --method smt --stretch 12 --threads 4 -k LeanP1Proof.tla

@!!BEGIN
@!!type:obligation
@!!id:1
@!!loc:126:10:126:12
@!!status:to be proved
@!!END

@!!BEGIN
@!!type:obligation
@!!id:2
@!!loc:126:13:126:17
@!!status:to be proved
@!!END

@!!BEGIN
@!!type:obligation
@!!id:3
@!!loc:126:19:126:23
@!!status:to be proved
@!!END

@!!BEGIN
@!!type:obligation
@!!id:4
@!!loc:126:25:126:29
@!!status:to be proved
@!!END

@!!BEGIN
@!!type:obligation
@!!id:5
@!!loc:112:3:112:5
@!!status:to be proved
@!!END

@!!BEGIN
@!!type:obligation
@!!id:6
@!!loc:119:3:119:5
@!!status:to be proved
@!!END

@!!BEGIN
@!!type:obligation
@!!id:7
@!!loc:125:3:125:5
@!!status:to be proved
@!!END

@!!BEGIN
@!!type:obligation
@!!id:8
@!!loc:130:1:130:3
@!!status:to be proved
@!!END

@!!BEGIN
@!!type:obligation
@!!id:9
@!!loc:133:1:133:3
@!!status:to be proved
@!!END

@!!BEGIN
@!!type:obligation
@!!id:10
@!!loc:136:1:136:3
@!!status:to be proved
@!!END

@!!BEGIN
@!!type:obligation
@!!id:11
@!!loc:136:4:136:15
@!!status:to be proved
@!!END

@!!BEGIN
@!!type:obligation
@!!id:12
@!!loc:136:17:136:26
@!!status:to be proved
@!!END

@!!BEGIN
@!!type:obligation
@!!id:13
@!!loc:136:28:136:46
@!!status:to be proved
@!!END

@!!BEGIN
@!!type:obligation
@!!id:14
@!!loc:142:1:142:3
@!!status:to be proved
@!!END

@!!BEGIN
@!!type:obligation
@!!id:15
@!!loc:142:4:142:14
@!!status:to be proved
@!!END

@!!BEGIN
@!!type:obligation
@!!id:16
@!!loc:142:16:142:28
@!!status:to be proved
@!!END

@!!BEGIN
@!!type:obligation
@!!id:17
@!!loc:148:1:148:3
@!!status:to be proved
@!!END

@!!BEGIN
@!!type:obligation
@!!id:18
@!!loc:148:4:148:14
@!!status:to be proved
@!!END

@!!BEGIN
@!!type:obligation
@!!id:19
@!!loc:148:16:148:28
@!!status:to be proved
@!!END

@!!BEGIN
@!!type:obligation
@!!id:20
@!!loc:154:1:154:3
@!!status:to be proved
@!!END

@!!BEGIN
@!!type:obligation
@!!id:21
@!!loc:154:4:154:13
@!!status:to be proved
@!!END

@!!BEGIN
@!!type:obligation
@!!id:22
@!!loc:170:10:170:12
@!!status:to be proved
@!!END

@!!BEGIN
@!!type:obligation
@!!id:23
@!!loc:170:13:170:17
@!!status:to be proved
@!!END

@!!BEGIN
@!!type:obligation
@!!id:24
@!!loc:170:19:170:23
@!!status:to be proved
@!!END

@!!BEGIN
@!!type:obligation
@!!id:25
@!!loc:170:25:170:29
@!!status:to be proved
@!!END

@!!BEGIN
@!!type:obligation
@!!id:26
@!!loc:167:12:167:14
@!!status:to be proved
@!!END

@!!BEGIN
@!!type:obligation
@!!id:27
@!!loc:167:15:167:19
@!!status:to be proved
@!!END

@!!BEGIN
@!!type:obligation
@!!id:28
@!!loc:166:5:166:7
@!!status:to be proved
@!!END

@!!BEGIN
@!!type:obligation
@!!id:29
@!!loc:166:8:166:20
@!!status:to be proved
@!!END

@!!BEGIN
@!!type:obligation
@!!id:30
@!!loc:166:22:166:31
@!!status:to be proved
@!!END

@!!BEGIN
@!!type:obligation
@!!id:31
@!!loc:168:35:168:37
@!!status:to be proved
@!!END

@!!BEGIN
@!!type:obligation
@!!id:32
@!!loc:169:44:169:46
@!!status:to be proved
@!!END

@!!BEGIN
@!!type:obligation
@!!id:33
@!!loc:177:1:177:3
@!!status:to be proved
@!!END

@!!BEGIN
@!!type:obligation
@!!id:34
@!!loc:183:1:183:8
@!!status:to be proved
@!!END

@!!BEGIN
@!!type:obligation
@!!id:35
@!!loc:191:1:191:3
@!!status:to be proved
@!!END

@!!BEGIN
@!!type:obligation
@!!id:36
@!!loc:203:1:203:3
@!!status:to be proved
@!!END

@!!BEGIN
@!!type:obligation
@!!id:37
@!!loc:236:10:236:12
@!!status:to be proved
@!!END

@!!BEGIN
@!!type:obligation
@!!id:38
@!!loc:236:13:236:18
@!!status:to be proved
@!!END

@!!BEGIN
@!!type:obligation
@!!id:39
@!!loc:236:20:236:25
@!!status:to be proved
@!!END

@!!BEGIN
@!!type:obligation
@!!id:40
@!!loc:236:27:236:32
@!!status:to be proved
@!!END

@!!BEGIN
@!!type:obligation
@!!id:41
@!!loc:209:43:209:50
@!!status:to be proved
@!!END

@!!BEGIN
@!!type:obligation
@!!id:42
@!!loc:210:21:210:23
@!!status:to be proved
@!!END

@!!BEGIN
@!!type:obligation
@!!id:43
@!!loc:210:24:210:34
@!!status:to be proved
@!!END

@!!BEGIN
@!!type:obligation
@!!id:44
@!!loc:210:36:210:48
@!!status:to be proved
@!!END

@!!BEGIN
@!!type:obligation
@!!id:45
@!!loc:211:48:211:50
@!!status:to be proved
@!!END

@!!BEGIN
@!!type:obligation
@!!id:46
@!!loc:211:51:211:55
@!!status:to be proved
@!!END

@!!BEGIN
@!!type:obligation
@!!id:47
@!!loc:212:63:212:65
@!!status:to be proved
@!!END

@!!BEGIN
@!!type:obligation
@!!id:48
@!!loc:212:66:212:70
@!!status:to be proved
@!!END

@!!BEGIN
@!!type:obligation
@!!id:49
@!!loc:212:72:212:81
@!!status:to be proved
@!!END

@!!BEGIN
@!!type:obligation
@!!id:50
@!!loc:213:39:213:41
@!!status:to be proved
@!!END

@!!BEGIN
@!!type:obligation
@!!id:51
@!!loc:213:42:213:46
@!!status:to be proved
@!!END

@!!BEGIN
@!!type:obligation
@!!id:52
@!!loc:214:29:214:31
@!!status:to be proved
@!!END

@!!BEGIN
@!!type:obligation
@!!id:53
@!!loc:214:32:214:46
@!!status:to be proved
@!!END

@!!BEGIN
@!!type:obligation
@!!id:54
@!!loc:215:33:215:35
@!!status:to be proved
@!!END

@!!BEGIN
@!!type:obligation
@!!id:55
@!!loc:215:36:215:40
@!!status:to be proved
@!!END

@!!BEGIN
@!!type:obligation
@!!id:56
@!!loc:219:3:219:5
@!!status:to be proved
@!!END

@!!BEGIN
@!!type:obligation
@!!id:57
@!!loc:219:6:219:10
@!!status:to be proved
@!!END

@!!BEGIN
@!!type:obligation
@!!id:58
@!!loc:219:12:219:16
@!!status:to be proved
@!!END

@!!BEGIN
@!!type:obligation
@!!id:59
@!!loc:225:3:225:5
@!!status:to be proved
@!!END

@!!BEGIN
@!!type:obligation
@!!id:60
@!!loc:225:6:225:10
@!!status:to be proved
@!!END

@!!BEGIN
@!!type:obligation
@!!id:61
@!!loc:232:3:232:5
@!!status:to be proved
@!!END

@!!BEGIN
@!!type:obligation
@!!id:62
@!!loc:233:15:233:17
@!!status:to be proved
@!!END

@!!BEGIN
@!!type:obligation
@!!id:63
@!!loc:233:18:233:22
@!!status:to be proved
@!!END

@!!BEGIN
@!!type:obligation
@!!id:64
@!!loc:233:24:233:28
@!!status:to be proved
@!!END

@!!BEGIN
@!!type:obligation
@!!id:65
@!!loc:233:30:233:34
@!!status:to be proved
@!!END

@!!BEGIN
@!!type:obligation
@!!id:66
@!!loc:234:15:234:17
@!!status:to be proved
@!!END

@!!BEGIN
@!!type:obligation
@!!id:67
@!!loc:234:18:234:22
@!!status:to be proved
@!!END

@!!BEGIN
@!!type:obligation
@!!id:68
@!!loc:235:15:235:17
@!!status:to be proved
@!!END

@!!BEGIN
@!!type:obligation
@!!id:69
@!!loc:235:18:235:22
@!!status:to be proved
@!!END

@!!BEGIN
@!!type:obligation
@!!id:70
@!!loc:235:24:235:28
@!!status:to be proved
@!!END

@!!BEGIN
@!!type:obligation
@!!id:71
@!!loc:235:30:235:34
@!!status:to be proved
@!!END

@!!BEGIN
@!!type:obligation
@!!id:72
@!!loc:235:36:235:40
@!!status:to be proved
@!!END

@!!BEGIN
@!!type:obligation
@!!id:73
@!!loc:267:10:267:12
@!!status:to be proved
@!!END

@!!BEGIN
@!!type:obligation
@!!id:74
@!!loc:267:13:267:17
@!!status:to be proved
@!!END

@!!BEGIN
@!!type:obligation
@!!id:75
@!!loc:267:19:267:23
@!!status:to be proved
@!!END

@!!BEGIN
@!!type:obligation
@!!id:76
@!!loc:267:25:267:29
@!!status:to be proved
@!!END

@!!BEGIN
@!!type:obligation
@!!id:77
@!!loc:244:14:244:16
@!!status:to be proved
@!!END

@!!BEGIN
@!!type:obligation
@!!id:78
@!!loc:245:44:245:46
@!!status:to be proved
@!!END

@!!BEGIN
@!!type:obligation
@!!id:79
@!!loc:246:14:246:16
@!!status:to be proved
@!!END

@!!BEGIN
@!!type:obligation
@!!id:80
@!!loc:255:3:255:5
@!!status:to be proved
@!!END

@!!BEGIN
@!!type:obligation
@!!id:81
@!!loc:256:54:256:56
@!!status:to be proved
@!!END

@!!BEGIN
@!!type:obligation
@!!id:82
@!!loc:256:57:256:61
@!!status:to be proved
@!!END

@!!BEGIN
@!!type:obligation
@!!id:83
@!!loc:256:63:256:67
@!!status:to be proved
@!!END

@!!BEGIN
@!!type:obligation
@!!id:84
@!!loc:256:69:256:73
@!!status:to be proved
@!!END

@!!BEGIN
@!!type:obligation
@!!id:85
@!!loc:256:75:256:85
@!!status:to be proved
@!!END

@!!BEGIN
@!!type:obligation
@!!id:86
@!!loc:257:43:257:45
@!!status:to be proved
@!!END

@!!BEGIN
@!!type:obligation
@!!id:87
@!!loc:257:46:257:50
@!!status:to be proved
@!!END

@!!BEGIN
@!!type:obligation
@!!id:88
@!!loc:257:52:257:56
@!!status:to be proved
@!!END

@!!BEGIN
@!!type:obligation
@!!id:89
@!!loc:257:58:257:62
@!!status:to be proved
@!!END

@!!BEGIN
@!!type:obligation
@!!id:90
@!!loc:258:70:258:72
@!!status:to be proved
@!!END

@!!BEGIN
@!!type:obligation
@!!id:91
@!!loc:258:73:258:77
@!!status:to be proved
@!!END

@!!BEGIN
@!!type:obligation
@!!id:92
@!!loc:258:79:258:83
@!!status:to be proved
@!!END

@!!BEGIN
@!!type:obligation
@!!id:93
@!!loc:259:15:259:17
@!!status:to be proved
@!!END

@!!BEGIN
@!!type:obligation
@!!id:94
@!!loc:259:18:259:22
@!!status:to be proved
@!!END

@!!BEGIN
@!!type:obligation
@!!id:95
@!!loc:259:24:259:28
@!!status:to be proved
@!!END

@!!BEGIN
@!!type:obligation
@!!id:96
@!!loc:259:30:259:34
@!!status:to be proved
@!!END

@!!BEGIN
@!!type:obligation
@!!id:97
@!!loc:259:36:259:40
@!!status:to be proved
@!!END

@!!BEGIN
@!!type:obligation
@!!id:98
@!!loc:259:42:259:53
@!!status:to be proved
@!!END

@!!BEGIN
@!!type:obligation
@!!id:99
@!!loc:260:15:260:17
@!!status:to be proved
@!!END

@!!BEGIN
@!!type:obligation
@!!id:100
@!!loc:260:18:260:22
@!!status:to be proved
@!!END

@!!BEGIN
@!!type:obligation
@!!id:101
@!!loc:260:24:260:28
@!!status:to be proved
@!!END

@!!BEGIN
@!!type:obligation
@!!id:102
@!!loc:260:30:260:34
@!!status:to be proved
@!!END

@!!BEGIN
@!!type:obligation
@!!id:103
@!!loc:260:36:260:40
@!!status:to be proved
@!!END

@!!BEGIN
@!!type:obligation
@!!id:104
@!!loc:260:42:260:46
@!!status:to be proved
@!!END

@!!BEGIN
@!!type:obligation
@!!id:105
@!!loc:260:48:260:52
@!!status:to be proved
@!!END

@!!BEGIN
@!!type:obligation
@!!id:106
@!!loc:261:47:261:49
@!!status:to be proved
@!!END

@!!BEGIN
@!!type:obligation
@!!id:107
@!!loc:261:50:261:54
@!!status:to be proved
@!!END

@!!BEGIN
@!!type:obligation
@!!id:108
@!!loc:261:56:261:60
@!!status:to be proved
@!!END

@!!BEGIN
@!!type:obligation
@!!id:109
@!!loc:261:62:261:66
@!!status:to be proved
@!!END

@!!BEGIN
@!!type:obligation
@!!id:110
@!!loc:261:68:261:72
@!!status:to be proved
@!!END

@!!BEGIN
@!!type:obligation
@!!id:111
@!!loc:262:73:262:75
@!!status:to be proved
@!!END

@!!BEGIN
@!!type:obligation
@!!id:112
@!!loc:262:76:262:80
@!!status:to be proved
@!!END

@!!BEGIN
@!!type:obligation
@!!id:113
@!!loc:265:3:265:5
@!!status:to be proved
@!!END

@!!BEGIN
@!!type:obligation
@!!id:114
@!!loc:265:6:265:10
@!!status:to be proved
@!!END

@!!BEGIN
@!!type:obligation
@!!id:115
@!!loc:265:12:265:16
@!!status:to be proved
@!!END

@!!BEGIN
@!!type:obligation
@!!id:116
@!!loc:265:18:265:22
@!!status:to be proved
@!!END

@!!BEGIN
@!!type:obligation
@!!id:117
@!!loc:265:24:265:28
@!!status:to be proved
@!!END

@!!BEGIN
@!!type:obligation
@!!id:118
@!!loc:266:15:266:17
@!!status:to be proved
@!!END

@!!BEGIN
@!!type:obligation
@!!id:119
@!!loc:266:18:266:22
@!!status:to be proved
@!!END

@!!BEGIN
@!!type:obligation
@!!id:120
@!!loc:266:24:266:28
@!!status:to be proved
@!!END

@!!BEGIN
@!!type:obligation
@!!id:121
@!!loc:266:30:266:40
@!!status:to be proved
@!!END

@!!BEGIN
@!!type:obligation
@!!id:122
@!!loc:295:10:295:12
@!!status:to be proved
@!!END

@!!BEGIN
@!!type:obligation
@!!id:123
@!!loc:295:13:295:17
@!!status:to be proved
@!!END

@!!BEGIN
@!!type:obligation
@!!id:124
@!!loc:295:19:295:23
@!!status:to be proved
@!!END

@!!BEGIN
@!!type:obligation
@!!id:125
@!!loc:295:25:295:29
@!!status:to be proved
@!!END

@!!BEGIN
@!!type:obligation
@!!id:126
@!!loc:272:14:272:16
@!!status:to be proved
@!!END

@!!BEGIN
@!!type:obligation
@!!id:127
@!!loc:273:44:273:46
@!!status:to be proved
@!!END

@!!BEGIN
@!!type:obligation
@!!id:128
@!!loc:274:14:274:16
@!!status:to be proved
@!!END

@!!BEGIN
@!!type:obligation
@!!id:129
@!!loc:282:3:282:5
@!!status:to be proved
@!!END

@!!BEGIN
@!!type:obligation
@!!id:130
@!!loc:283:45:283:47
@!!status:to be proved
@!!END

@!!BEGIN
@!!type:obligation
@!!id:131
@!!loc:283:48:283:52
@!!status:to be proved
@!!END

@!!BEGIN
@!!type:obligation
@!!id:132
@!!loc:283:54:283:58
@!!status:to be proved
@!!END

@!!BEGIN
@!!type:obligation
@!!id:133
@!!loc:283:60:283:64
@!!status:to be proved
@!!END

@!!BEGIN
@!!type:obligation
@!!id:134
@!!loc:285:3:285:5
@!!status:to be proved
@!!END

@!!BEGIN
@!!type:obligation
@!!id:135
@!!loc:285:6:285:10
@!!status:to be proved
@!!END

@!!BEGIN
@!!type:obligation
@!!id:136
@!!loc:285:12:285:16
@!!status:to be proved
@!!END

@!!BEGIN
@!!type:obligation
@!!id:137
@!!loc:285:18:285:22
@!!status:to be proved
@!!END

@!!BEGIN
@!!type:obligation
@!!id:138
@!!loc:285:24:285:28
@!!status:to be proved
@!!END

@!!BEGIN
@!!type:obligation
@!!id:139
@!!loc:286:73:286:75
@!!status:to be proved
@!!END

@!!BEGIN
@!!type:obligation
@!!id:140
@!!loc:286:76:286:80
@!!status:to be proved
@!!END

@!!BEGIN
@!!type:obligation
@!!id:141
@!!loc:286:82:286:86
@!!status:to be proved
@!!END

@!!BEGIN
@!!type:obligation
@!!id:142
@!!loc:287:15:287:17
@!!status:to be proved
@!!END

@!!BEGIN
@!!type:obligation
@!!id:143
@!!loc:287:18:287:22
@!!status:to be proved
@!!END

@!!BEGIN
@!!type:obligation
@!!id:144
@!!loc:287:24:287:28
@!!status:to be proved
@!!END

@!!BEGIN
@!!type:obligation
@!!id:145
@!!loc:287:30:287:34
@!!status:to be proved
@!!END

@!!BEGIN
@!!type:obligation
@!!id:146
@!!loc:287:36:287:40
@!!status:to be proved
@!!END

@!!BEGIN
@!!type:obligation
@!!id:147
@!!loc:287:42:287:53
@!!status:to be proved
@!!END

@!!BEGIN
@!!type:obligation
@!!id:148
@!!loc:288:15:288:17
@!!status:to be proved
@!!END

@!!BEGIN
@!!type:obligation
@!!id:149
@!!loc:288:18:288:22
@!!status:to be proved
@!!END

@!!BEGIN
@!!type:obligation
@!!id:150
@!!loc:288:24:288:28
@!!status:to be proved
@!!END

@!!BEGIN
@!!type:obligation
@!!id:151
@!!loc:288:30:288:34
@!!status:to be proved
@!!END

@!!BEGIN
@!!type:obligation
@!!id:152
@!!loc:288:36:288:40
@!!status:to be proved
@!!END

@!!BEGIN
@!!type:obligation
@!!id:153
@!!loc:288:42:288:46
@!!status:to be proved
@!!END

@!!BEGIN
@!!type:obligation
@!!id:154
@!!loc:288:48:288:52
@!!status:to be proved
@!!END

@!!BEGIN
@!!type:obligation
@!!id:155
@!!loc:289:47:289:49
@!!status:to be proved
@!!END

@!!BEGIN
@!!type:obligation
@!!id:156
@!!loc:289:50:289:54
@!!status:to be proved
@!!END

@!!BEGIN
@!!type:obligation
@!!id:157
@!!loc:289:56:289:60
@!!status:to be proved
@!!END

@!!BEGIN
@!!type:obligation
@!!id:158
@!!loc:290:73:290:75
@!!status:to be proved
@!!END

@!!BEGIN
@!!type:obligation
@!!id:159
@!!loc:290:76:290:80
@!!status:to be proved
@!!END

@!!BEGIN
@!!type:obligation
@!!id:160
@!!loc:293:3:293:5
@!!status:to be proved
@!!END

@!!BEGIN
@!!type:obligation
@!!id:161
@!!loc:293:6:293:10
@!!status:to be proved
@!!END

@!!BEGIN
@!!type:obligation
@!!id:162
@!!loc:293:12:293:16
@!!status:to be proved
@!!END

@!!BEGIN
@!!type:obligation
@!!id:163
@!!loc:293:18:293:22
@!!status:to be proved
@!!END

@!!BEGIN
@!!type:obligation
@!!id:164
@!!loc:293:24:293:28
@!!status:to be proved
@!!END

@!!BEGIN
@!!type:obligation
@!!id:165
@!!loc:294:15:294:17
@!!status:to be proved
@!!END

@!!BEGIN
@!!type:obligation
@!!id:166
@!!loc:294:18:294:22
@!!status:to be proved
@!!END

@!!BEGIN
@!!type:obligation
@!!id:167
@!!loc:294:24:294:28
@!!status:to be proved
@!!END

@!!BEGIN
@!!type:obligation
@!!id:168
@!!loc:294:30:294:40
@!!status:to be proved
@!!END

@!!BEGIN
@!!type:obligation
@!!id:169
@!!loc:324:10:324:12
@!!status:to be proved
@!!END

@!!BEGIN
@!!type:obligation
@!!id:170
@!!loc:324:13:324:17
@!!status:to be proved
@!!END

@!!BEGIN
@!!type:obligation
@!!id:171
@!!loc:324:19:324:23
@!!status:to be proved
@!!END

@!!BEGIN
@!!type:obligation
@!!id:172
@!!loc:324:25:324:29
@!!status:to be proved
@!!END

@!!BEGIN
@!!type:obligation
@!!id:173
@!!loc:300:14:300:16
@!!status:to be proved
@!!END

@!!BEGIN
@!!type:obligation
@!!id:174
@!!loc:301:44:301:46
@!!status:to be proved
@!!END

@!!BEGIN
@!!type:obligation
@!!id:175
@!!loc:302:14:302:16
@!!status:to be proved
@!!END

@!!BEGIN
@!!type:obligation
@!!id:176
@!!loc:303:20:303:22
@!!status:to be proved
@!!END

@!!BEGIN
@!!type:obligation
@!!id:177
@!!loc:303:23:303:35
@!!status:to be proved
@!!END

@!!BEGIN
@!!type:obligation
@!!id:178
@!!loc:311:3:311:5
@!!status:to be proved
@!!END

@!!BEGIN
@!!type:obligation
@!!id:179
@!!loc:311:6:311:10
@!!status:to be proved
@!!END

@!!BEGIN
@!!type:obligation
@!!id:180
@!!loc:312:47:312:49
@!!status:to be proved
@!!END

@!!BEGIN
@!!type:obligation
@!!id:181
@!!loc:312:50:312:54
@!!status:to be proved
@!!END

@!!BEGIN
@!!type:obligation
@!!id:182
@!!loc:312:56:312:60
@!!status:to be proved
@!!END

@!!BEGIN
@!!type:obligation
@!!id:183
@!!loc:312:62:312:66
@!!status:to be proved
@!!END

@!!BEGIN
@!!type:obligation
@!!id:184
@!!loc:314:3:314:5
@!!status:to be proved
@!!END

@!!BEGIN
@!!type:obligation
@!!id:185
@!!loc:314:6:314:10
@!!status:to be proved
@!!END

@!!BEGIN
@!!type:obligation
@!!id:186
@!!loc:314:12:314:16
@!!status:to be proved
@!!END

@!!BEGIN
@!!type:obligation
@!!id:187
@!!loc:314:18:314:22
@!!status:to be proved
@!!END

@!!BEGIN
@!!type:obligation
@!!id:188
@!!loc:314:24:314:28
@!!status:to be proved
@!!END

@!!BEGIN
@!!type:obligation
@!!id:189
@!!loc:315:73:315:75
@!!status:to be proved
@!!END

@!!BEGIN
@!!type:obligation
@!!id:190
@!!loc:315:76:315:80
@!!status:to be proved
@!!END

@!!BEGIN
@!!type:obligation
@!!id:191
@!!loc:315:82:315:86
@!!status:to be proved
@!!END

@!!BEGIN
@!!type:obligation
@!!id:192
@!!loc:316:15:316:17
@!!status:to be proved
@!!END

@!!BEGIN
@!!type:obligation
@!!id:193
@!!loc:316:18:316:22
@!!status:to be proved
@!!END

@!!BEGIN
@!!type:obligation
@!!id:194
@!!loc:316:24:316:28
@!!status:to be proved
@!!END

@!!BEGIN
@!!type:obligation
@!!id:195
@!!loc:316:30:316:34
@!!status:to be proved
@!!END

@!!BEGIN
@!!type:obligation
@!!id:196
@!!loc:316:36:316:40
@!!status:to be proved
@!!END

@!!BEGIN
@!!type:obligation
@!!id:197
@!!loc:316:42:316:53
@!!status:to be proved
@!!END

@!!BEGIN
@!!type:obligation
@!!id:198
@!!loc:317:15:317:17
@!!status:to be proved
@!!END

@!!BEGIN
@!!type:obligation
@!!id:199
@!!loc:317:18:317:22
@!!status:to be proved
@!!END

@!!BEGIN
@!!type:obligation
@!!id:200
@!!loc:317:24:317:28
@!!status:to be proved
@!!END

@!!BEGIN
@!!type:obligation
@!!id:201
@!!loc:317:30:317:34
@!!status:to be proved
@!!END

@!!BEGIN
@!!type:obligation
@!!id:202
@!!loc:317:36:317:40
@!!status:to be proved
@!!END

@!!BEGIN
@!!type:obligation
@!!id:203
@!!loc:317:42:317:46
@!!status:to be proved
@!!END

@!!BEGIN
@!!type:obligation
@!!id:204
@!!loc:317:48:317:52
@!!status:to be proved
@!!END

@!!BEGIN
@!!type:obligation
@!!id:205
@!!loc:318:47:318:49
@!!status:to be proved
@!!END

@!!BEGIN
@!!type:obligation
@!!id:206
@!!loc:318:50:318:54
@!!status:to be proved
@!!END

@!!BEGIN
@!!type:obligation
@!!id:207
@!!loc:318:56:318:60
@!!status:to be proved
@!!END

@!!BEGIN
@!!type:obligation
@!!id:208
@!!loc:319:73:319:75
@!!status:to be proved
@!!END

@!!BEGIN
@!!type:obligation
@!!id:209
@!!loc:319:76:319:80
@!!status:to be proved
@!!END

@!!BEGIN
@!!type:obligation
@!!id:210
@!!loc:322:3:322:5
@!!status:to be proved
@!!END

@!!BEGIN
@!!type:obligation
@!!id:211
@!!loc:322:6:322:10
@!!status:to be proved
@!!END

@!!BEGIN
@!!type:obligation
@!!id:212
@!!loc:322:12:322:16
@!!status:to be proved
@!!END

@!!BEGIN
@!!type:obligation
@!!id:213
@!!loc:322:18:322:22
@!!status:to be proved
@!!END

@!!BEGIN
@!!type:obligation
@!!id:214
@!!loc:322:24:322:28
@!!status:to be proved
@!!END

@!!BEGIN
@!!type:obligation
@!!id:215
@!!loc:323:15:323:17
@!!status:to be proved
@!!END

@!!BEGIN
@!!type:obligation
@!!id:216
@!!loc:323:18:323:22
@!!status:to be proved
@!!END

@!!BEGIN
@!!type:obligation
@!!id:217
@!!loc:323:24:323:28
@!!status:to be proved
@!!END

@!!BEGIN
@!!type:obligation
@!!id:218
@!!loc:323:30:323:40
@!!status:to be proved
@!!END

@!!BEGIN
@!!type:obligation
@!!id:219
@!!loc:330:1:330:3
@!!status:to be proved
@!!END

@!!BEGIN
@!!type:obligation
@!!id:220
@!!loc:357:10:357:12
@!!status:to be proved
@!!END

@!!BEGIN
@!!type:obligation
@!!id:221
@!!loc:357:13:357:17
@!!status:to be proved
@!!END

@!!BEGIN
@!!type:obligation
@!!id:222
@!!loc:357:19:357:23
@!!status:to be proved
@!!END

@!!BEGIN
@!!type:obligation
@!!id:223
@!!loc:357:25:357:29
@!!status:to be proved
@!!END

@!!BEGIN
@!!type:obligation
@!!id:224
@!!loc:335:14:335:16
@!!status:to be proved
@!!END

@!!BEGIN
@!!type:obligation
@!!id:225
@!!loc:336:44:336:46
@!!status:to be proved
@!!END

@!!BEGIN
@!!type:obligation
@!!id:226
@!!loc:337:14:337:16
@!!status:to be proved
@!!END

@!!BEGIN
@!!type:obligation
@!!id:227
@!!loc:344:3:344:5
@!!status:to be proved
@!!END

@!!BEGIN
@!!type:obligation
@!!id:228
@!!loc:345:47:345:49
@!!status:to be proved
@!!END

@!!BEGIN
@!!type:obligation
@!!id:229
@!!loc:345:50:345:54
@!!status:to be proved
@!!END

@!!BEGIN
@!!type:obligation
@!!id:230
@!!loc:345:56:345:60
@!!status:to be proved
@!!END

@!!BEGIN
@!!type:obligation
@!!id:231
@!!loc:345:62:345:66
@!!status:to be proved
@!!END

@!!BEGIN
@!!type:obligation
@!!id:232
@!!loc:347:3:347:5
@!!status:to be proved
@!!END

@!!BEGIN
@!!type:obligation
@!!id:233
@!!loc:347:6:347:10
@!!status:to be proved
@!!END

@!!BEGIN
@!!type:obligation
@!!id:234
@!!loc:347:12:347:16
@!!status:to be proved
@!!END

@!!BEGIN
@!!type:obligation
@!!id:235
@!!loc:347:18:347:22
@!!status:to be proved
@!!END

@!!BEGIN
@!!type:obligation
@!!id:236
@!!loc:347:24:347:28
@!!status:to be proved
@!!END

@!!BEGIN
@!!type:obligation
@!!id:237
@!!loc:348:73:348:75
@!!status:to be proved
@!!END

@!!BEGIN
@!!type:obligation
@!!id:238
@!!loc:348:76:348:80
@!!status:to be proved
@!!END

@!!BEGIN
@!!type:obligation
@!!id:239
@!!loc:348:82:348:86
@!!status:to be proved
@!!END

@!!BEGIN
@!!type:obligation
@!!id:240
@!!loc:349:15:349:17
@!!status:to be proved
@!!END

@!!BEGIN
@!!type:obligation
@!!id:241
@!!loc:349:18:349:22
@!!status:to be proved
@!!END

@!!BEGIN
@!!type:obligation
@!!id:242
@!!loc:349:24:349:28
@!!status:to be proved
@!!END

@!!BEGIN
@!!type:obligation
@!!id:243
@!!loc:349:30:349:34
@!!status:to be proved
@!!END

@!!BEGIN
@!!type:obligation
@!!id:244
@!!loc:349:36:349:40
@!!status:to be proved
@!!END

@!!BEGIN
@!!type:obligation
@!!id:245
@!!loc:349:42:349:53
@!!status:to be proved
@!!END

@!!BEGIN
@!!type:obligation
@!!id:246
@!!loc:350:15:350:17
@!!status:to be proved
@!!END

@!!BEGIN
@!!type:obligation
@!!id:247
@!!loc:350:18:350:22
@!!status:to be proved
@!!END

@!!BEGIN
@!!type:obligation
@!!id:248
@!!loc:350:24:350:28
@!!status:to be proved
@!!END

@!!BEGIN
@!!type:obligation
@!!id:249
@!!loc:350:30:350:34
@!!status:to be proved
@!!END

@!!BEGIN
@!!type:obligation
@!!id:250
@!!loc:350:36:350:40
@!!status:to be proved
@!!END

@!!BEGIN
@!!type:obligation
@!!id:251
@!!loc:350:42:350:46
@!!status:to be proved
@!!END

@!!BEGIN
@!!type:obligation
@!!id:252
@!!loc:350:48:350:52
@!!status:to be proved
@!!END

@!!BEGIN
@!!type:obligation
@!!id:253
@!!loc:351:47:351:49
@!!status:to be proved
@!!END

@!!BEGIN
@!!type:obligation
@!!id:254
@!!loc:351:50:351:54
@!!status:to be proved
@!!END

@!!BEGIN
@!!type:obligation
@!!id:255
@!!loc:351:56:351:60
@!!status:to be proved
@!!END

@!!BEGIN
@!!type:obligation
@!!id:256
@!!loc:352:73:352:75
@!!status:to be proved
@!!END

@!!BEGIN
@!!type:obligation
@!!id:257
@!!loc:352:76:352:80
@!!status:to be proved
@!!END

@!!BEGIN
@!!type:obligation
@!!id:258
@!!loc:355:3:355:5
@!!status:to be proved
@!!END

@!!BEGIN
@!!type:obligation
@!!id:259
@!!loc:355:6:355:10
@!!status:to be proved
@!!END

@!!BEGIN
@!!type:obligation
@!!id:260
@!!loc:355:12:355:16
@!!status:to be proved
@!!END

@!!BEGIN
@!!type:obligation
@!!id:261
@!!loc:355:18:355:22
@!!status:to be proved
@!!END

@!!BEGIN
@!!type:obligation
@!!id:262
@!!loc:355:24:355:28
@!!status:to be proved
@!!END

@!!BEGIN
@!!type:obligation
@!!id:263
@!!loc:356:15:356:17
@!!status:to be proved
@!!END

@!!BEGIN
@!!type:obligation
@!!id:264
@!!loc:356:18:356:22
@!!status:to be proved
@!!END

@!!BEGIN
@!!type:obligation
@!!id:265
@!!loc:356:24:356:28
@!!status:to be proved
@!!END

@!!BEGIN
@!!type:obligation
@!!id:266
@!!loc:356:30:356:40
@!!status:to be proved
@!!END

@!!BEGIN
@!!type:obligation
@!!id:267
@!!loc:402:10:402:12
@!!status:to be proved
@!!END

@!!BEGIN
@!!type:obligation
@!!id:268
@!!loc:402:13:402:17
@!!status:to be proved
@!!END

@!!BEGIN
@!!type:obligation
@!!id:269
@!!loc:402:19:402:23
@!!status:to be proved
@!!END

@!!BEGIN
@!!type:obligation
@!!id:270
@!!loc:402:25:402:30
@!!status:to be proved
@!!END

@!!BEGIN
@!!type:obligation
@!!id:271
@!!loc:365:14:365:16
@!!status:to be proved
@!!END

@!!BEGIN
@!!type:obligation
@!!id:272
@!!loc:366:44:366:46
@!!status:to be proved
@!!END

@!!BEGIN
@!!type:obligation
@!!id:273
@!!loc:367:14:367:16
@!!status:to be proved
@!!END

@!!BEGIN
@!!type:obligation
@!!id:274
@!!loc:368:23:368:25
@!!status:to be proved
@!!END

@!!BEGIN
@!!type:obligation
@!!id:275
@!!loc:368:26:368:30
@!!status:to be proved
@!!END

@!!BEGIN
@!!type:obligation
@!!id:276
@!!loc:376:3:376:5
@!!status:to be proved
@!!END

@!!BEGIN
@!!type:obligation
@!!id:277
@!!loc:377:54:377:56
@!!status:to be proved
@!!END

@!!BEGIN
@!!type:obligation
@!!id:278
@!!loc:377:57:377:61
@!!status:to be proved
@!!END

@!!BEGIN
@!!type:obligation
@!!id:279
@!!loc:377:63:377:67
@!!status:to be proved
@!!END

@!!BEGIN
@!!type:obligation
@!!id:280
@!!loc:377:69:377:73
@!!status:to be proved
@!!END

@!!BEGIN
@!!type:obligation
@!!id:281
@!!loc:377:75:377:85
@!!status:to be proved
@!!END

@!!BEGIN
@!!type:obligation
@!!id:282
@!!loc:379:3:379:5
@!!status:to be proved
@!!END

@!!BEGIN
@!!type:obligation
@!!id:283
@!!loc:379:6:379:10
@!!status:to be proved
@!!END

@!!BEGIN
@!!type:obligation
@!!id:284
@!!loc:379:12:379:16
@!!status:to be proved
@!!END

@!!BEGIN
@!!type:obligation
@!!id:285
@!!loc:379:18:379:30
@!!status:to be proved
@!!END

@!!BEGIN
@!!type:obligation
@!!id:286
@!!loc:379:32:379:41
@!!status:to be proved
@!!END

@!!BEGIN
@!!type:obligation
@!!id:287
@!!loc:381:3:381:5
@!!status:to be proved
@!!END

@!!BEGIN
@!!type:obligation
@!!id:288
@!!loc:381:6:381:10
@!!status:to be proved
@!!END

@!!BEGIN
@!!type:obligation
@!!id:289
@!!loc:381:12:381:16
@!!status:to be proved
@!!END

@!!BEGIN
@!!type:obligation
@!!id:290
@!!loc:381:18:381:30
@!!status:to be proved
@!!END

@!!BEGIN
@!!type:obligation
@!!id:291
@!!loc:382:30:382:32
@!!status:to be proved
@!!END

@!!BEGIN
@!!type:obligation
@!!id:292
@!!loc:382:33:382:37
@!!status:to be proved
@!!END

@!!BEGIN
@!!type:obligation
@!!id:293
@!!loc:382:39:382:43
@!!status:to be proved
@!!END

@!!BEGIN
@!!type:obligation
@!!id:294
@!!loc:382:45:382:50
@!!status:to be proved
@!!END

@!!BEGIN
@!!type:obligation
@!!id:295
@!!loc:382:52:382:57
@!!status:to be proved
@!!END

@!!BEGIN
@!!type:obligation
@!!id:296
@!!loc:382:59:382:71
@!!status:to be proved
@!!END

@!!BEGIN
@!!type:obligation
@!!id:297
@!!loc:384:3:384:5
@!!status:to be proved
@!!END

@!!BEGIN
@!!type:obligation
@!!id:298
@!!loc:384:6:384:10
@!!status:to be proved
@!!END

@!!BEGIN
@!!type:obligation
@!!id:299
@!!loc:384:12:384:16
@!!status:to be proved
@!!END

@!!BEGIN
@!!type:obligation
@!!id:300
@!!loc:384:18:384:22
@!!status:to be proved
@!!END

@!!BEGIN
@!!type:obligation
@!!id:301
@!!loc:384:24:384:32
@!!status:to be proved
@!!END

@!!BEGIN
@!!type:obligation
@!!id:302
@!!loc:385:43:385:45
@!!status:to be proved
@!!END

@!!BEGIN
@!!type:obligation
@!!id:303
@!!loc:385:46:385:50
@!!status:to be proved
@!!END

@!!BEGIN
@!!type:obligation
@!!id:304
@!!loc:385:52:385:56
@!!status:to be proved
@!!END

@!!BEGIN
@!!type:obligation
@!!id:305
@!!loc:385:58:385:62
@!!status:to be proved
@!!END

@!!BEGIN
@!!type:obligation
@!!id:306
@!!loc:385:64:385:68
@!!status:to be proved
@!!END

@!!BEGIN
@!!type:obligation
@!!id:307
@!!loc:385:70:385:82
@!!status:to be proved
@!!END

@!!BEGIN
@!!type:obligation
@!!id:308
@!!loc:386:40:386:42
@!!status:to be proved
@!!END

@!!BEGIN
@!!type:obligation
@!!id:309
@!!loc:386:43:386:47
@!!status:to be proved
@!!END

@!!BEGIN
@!!type:obligation
@!!id:310
@!!loc:386:49:386:53
@!!status:to be proved
@!!END

@!!BEGIN
@!!type:obligation
@!!id:311
@!!loc:387:15:387:17
@!!status:to be proved
@!!END

@!!BEGIN
@!!type:obligation
@!!id:312
@!!loc:387:18:387:22
@!!status:to be proved
@!!END

@!!BEGIN
@!!type:obligation
@!!id:313
@!!loc:387:24:387:28
@!!status:to be proved
@!!END

@!!BEGIN
@!!type:obligation
@!!id:314
@!!loc:387:30:387:34
@!!status:to be proved
@!!END

@!!BEGIN
@!!type:obligation
@!!id:315
@!!loc:387:36:387:40
@!!status:to be proved
@!!END

@!!BEGIN
@!!type:obligation
@!!id:316
@!!loc:387:42:387:46
@!!status:to be proved
@!!END

@!!BEGIN
@!!type:obligation
@!!id:317
@!!loc:387:48:387:59
@!!status:to be proved
@!!END

@!!BEGIN
@!!type:obligation
@!!id:318
@!!loc:388:15:388:17
@!!status:to be proved
@!!END

@!!BEGIN
@!!type:obligation
@!!id:319
@!!loc:388:18:388:22
@!!status:to be proved
@!!END

@!!BEGIN
@!!type:obligation
@!!id:320
@!!loc:388:24:388:28
@!!status:to be proved
@!!END

@!!BEGIN
@!!type:obligation
@!!id:321
@!!loc:388:30:388:34
@!!status:to be proved
@!!END

@!!BEGIN
@!!type:obligation
@!!id:322
@!!loc:388:36:388:40
@!!status:to be proved
@!!END

@!!BEGIN
@!!type:obligation
@!!id:323
@!!loc:388:42:388:46
@!!status:to be proved
@!!END

@!!BEGIN
@!!type:obligation
@!!id:324
@!!loc:388:48:388:52
@!!status:to be proved
@!!END

@!!BEGIN
@!!type:obligation
@!!id:325
@!!loc:389:47:389:49
@!!status:to be proved
@!!END

@!!BEGIN
@!!type:obligation
@!!id:326
@!!loc:389:50:389:54
@!!status:to be proved
@!!END

@!!BEGIN
@!!type:obligation
@!!id:327
@!!loc:389:56:389:60
@!!status:to be proved
@!!END

@!!BEGIN
@!!type:obligation
@!!id:328
@!!loc:389:62:389:66
@!!status:to be proved
@!!END

@!!BEGIN
@!!type:obligation
@!!id:329
@!!loc:389:68:389:72
@!!status:to be proved
@!!END

@!!BEGIN
@!!type:obligation
@!!id:330
@!!loc:398:12:398:14
@!!status:to be proved
@!!END

@!!BEGIN
@!!type:obligation
@!!id:331
@!!loc:398:15:398:19
@!!status:to be proved
@!!END

@!!BEGIN
@!!type:obligation
@!!id:332
@!!loc:398:21:398:25
@!!status:to be proved
@!!END

@!!BEGIN
@!!type:obligation
@!!id:333
@!!loc:398:27:398:31
@!!status:to be proved
@!!END

@!!BEGIN
@!!type:obligation
@!!id:334
@!!loc:393:5:393:7
@!!status:to be proved
@!!END

@!!BEGIN
@!!type:obligation
@!!id:335
@!!loc:393:8:393:12
@!!status:to be proved
@!!END

@!!BEGIN
@!!type:obligation
@!!id:336
@!!loc:393:14:393:18
@!!status:to be proved
@!!END

@!!BEGIN
@!!type:obligation
@!!id:337
@!!loc:393:20:393:24
@!!status:to be proved
@!!END

@!!BEGIN
@!!type:obligation
@!!id:338
@!!loc:393:26:393:30
@!!status:to be proved
@!!END

@!!BEGIN
@!!type:obligation
@!!id:339
@!!loc:393:32:393:44
@!!status:to be proved
@!!END

@!!BEGIN
@!!type:obligation
@!!id:340
@!!loc:396:5:396:7
@!!status:to be proved
@!!END

@!!BEGIN
@!!type:obligation
@!!id:341
@!!loc:397:58:397:60
@!!status:to be proved
@!!END

@!!BEGIN
@!!type:obligation
@!!id:342
@!!loc:397:61:397:65
@!!status:to be proved
@!!END

@!!BEGIN
@!!type:obligation
@!!id:343
@!!loc:397:67:397:71
@!!status:to be proved
@!!END

@!!BEGIN
@!!type:obligation
@!!id:344
@!!loc:400:3:400:5
@!!status:to be proved
@!!END

@!!BEGIN
@!!type:obligation
@!!id:345
@!!loc:400:6:400:10
@!!status:to be proved
@!!END

@!!BEGIN
@!!type:obligation
@!!id:346
@!!loc:400:12:400:16
@!!status:to be proved
@!!END

@!!BEGIN
@!!type:obligation
@!!id:347
@!!loc:401:16:401:18
@!!status:to be proved
@!!END

@!!BEGIN
@!!type:obligation
@!!id:348
@!!loc:401:19:401:23
@!!status:to be proved
@!!END

@!!BEGIN
@!!type:obligation
@!!id:349
@!!loc:401:25:401:29
@!!status:to be proved
@!!END

@!!BEGIN
@!!type:obligation
@!!id:350
@!!loc:401:31:401:36
@!!status:to be proved
@!!END

@!!BEGIN
@!!type:obligation
@!!id:351
@!!loc:401:38:401:43
@!!status:to be proved
@!!END

@!!BEGIN
@!!type:obligation
@!!id:352
@!!loc:401:45:401:56
@!!status:to be proved
@!!END

@!!BEGIN
@!!type:obligation
@!!id:353
@!!loc:434:10:434:12
@!!status:to be proved
@!!END

@!!BEGIN
@!!type:obligation
@!!id:354
@!!loc:434:13:434:17
@!!status:to be proved
@!!END

@!!BEGIN
@!!type:obligation
@!!id:355
@!!loc:434:19:434:23
@!!status:to be proved
@!!END

@!!BEGIN
@!!type:obligation
@!!id:356
@!!loc:434:25:434:30
@!!status:to be proved
@!!END

@!!BEGIN
@!!type:obligation
@!!id:357
@!!loc:407:14:407:16
@!!status:to be proved
@!!END

@!!BEGIN
@!!type:obligation
@!!id:358
@!!loc:408:44:408:46
@!!status:to be proved
@!!END

@!!BEGIN
@!!type:obligation
@!!id:359
@!!loc:409:14:409:16
@!!status:to be proved
@!!END

@!!BEGIN
@!!type:obligation
@!!id:360
@!!loc:410:23:410:25
@!!status:to be proved
@!!END

@!!BEGIN
@!!type:obligation
@!!id:361
@!!loc:410:26:410:30
@!!status:to be proved
@!!END

@!!BEGIN
@!!type:obligation
@!!id:362
@!!loc:414:3:414:5
@!!status:to be proved
@!!END

@!!BEGIN
@!!type:obligation
@!!id:363
@!!loc:415:66:415:68
@!!status:to be proved
@!!END

@!!BEGIN
@!!type:obligation
@!!id:364
@!!loc:415:69:415:73
@!!status:to be proved
@!!END

@!!BEGIN
@!!type:obligation
@!!id:365
@!!loc:415:75:415:87
@!!status:to be proved
@!!END

@!!BEGIN
@!!type:obligation
@!!id:366
@!!loc:415:89:415:98
@!!status:to be proved
@!!END

@!!BEGIN
@!!type:obligation
@!!id:367
@!!loc:416:32:416:34
@!!status:to be proved
@!!END

@!!BEGIN
@!!type:obligation
@!!id:368
@!!loc:416:35:416:39
@!!status:to be proved
@!!END

@!!BEGIN
@!!type:obligation
@!!id:369
@!!loc:416:41:416:45
@!!status:to be proved
@!!END

@!!BEGIN
@!!type:obligation
@!!id:370
@!!loc:416:47:416:59
@!!status:to be proved
@!!END

@!!BEGIN
@!!type:obligation
@!!id:371
@!!loc:418:3:418:5
@!!status:to be proved
@!!END

@!!BEGIN
@!!type:obligation
@!!id:372
@!!loc:418:6:418:10
@!!status:to be proved
@!!END

@!!BEGIN
@!!type:obligation
@!!id:373
@!!loc:418:12:418:16
@!!status:to be proved
@!!END

@!!BEGIN
@!!type:obligation
@!!id:374
@!!loc:418:18:418:22
@!!status:to be proved
@!!END

@!!BEGIN
@!!type:obligation
@!!id:375
@!!loc:418:24:418:32
@!!status:to be proved
@!!END

@!!BEGIN
@!!type:obligation
@!!id:376
@!!loc:419:15:419:17
@!!status:to be proved
@!!END

@!!BEGIN
@!!type:obligation
@!!id:377
@!!loc:419:18:419:22
@!!status:to be proved
@!!END

@!!BEGIN
@!!type:obligation
@!!id:378
@!!loc:419:24:419:28
@!!status:to be proved
@!!END

@!!BEGIN
@!!type:obligation
@!!id:379
@!!loc:419:30:419:34
@!!status:to be proved
@!!END

@!!BEGIN
@!!type:obligation
@!!id:380
@!!loc:419:36:419:47
@!!status:to be proved
@!!END

@!!BEGIN
@!!type:obligation
@!!id:381
@!!loc:420:15:420:17
@!!status:to be proved
@!!END

@!!BEGIN
@!!type:obligation
@!!id:382
@!!loc:420:18:420:22
@!!status:to be proved
@!!END

@!!BEGIN
@!!type:obligation
@!!id:383
@!!loc:420:24:420:28
@!!status:to be proved
@!!END

@!!BEGIN
@!!type:obligation
@!!id:384
@!!loc:420:30:420:34
@!!status:to be proved
@!!END

@!!BEGIN
@!!type:obligation
@!!id:385
@!!loc:420:36:420:40
@!!status:to be proved
@!!END

@!!BEGIN
@!!type:obligation
@!!id:386
@!!loc:421:47:421:49
@!!status:to be proved
@!!END

@!!BEGIN
@!!type:obligation
@!!id:387
@!!loc:421:50:421:54
@!!status:to be proved
@!!END

@!!BEGIN
@!!type:obligation
@!!id:388
@!!loc:421:56:421:60
@!!status:to be proved
@!!END

@!!BEGIN
@!!type:obligation
@!!id:389
@!!loc:430:12:430:14
@!!status:to be proved
@!!END

@!!BEGIN
@!!type:obligation
@!!id:390
@!!loc:430:15:430:19
@!!status:to be proved
@!!END

@!!BEGIN
@!!type:obligation
@!!id:391
@!!loc:430:21:430:25
@!!status:to be proved
@!!END

@!!BEGIN
@!!type:obligation
@!!id:392
@!!loc:430:27:430:31
@!!status:to be proved
@!!END

@!!BEGIN
@!!type:obligation
@!!id:393
@!!loc:425:5:425:7
@!!status:to be proved
@!!END

@!!BEGIN
@!!type:obligation
@!!id:394
@!!loc:425:8:425:12
@!!status:to be proved
@!!END

@!!BEGIN
@!!type:obligation
@!!id:395
@!!loc:425:14:425:18
@!!status:to be proved
@!!END

@!!BEGIN
@!!type:obligation
@!!id:396
@!!loc:425:20:425:24
@!!status:to be proved
@!!END

@!!BEGIN
@!!type:obligation
@!!id:397
@!!loc:425:26:425:38
@!!status:to be proved
@!!END

@!!BEGIN
@!!type:obligation
@!!id:398
@!!loc:428:5:428:7
@!!status:to be proved
@!!END

@!!BEGIN
@!!type:obligation
@!!id:399
@!!loc:429:58:429:60
@!!status:to be proved
@!!END

@!!BEGIN
@!!type:obligation
@!!id:400
@!!loc:429:61:429:65
@!!status:to be proved
@!!END

@!!BEGIN
@!!type:obligation
@!!id:401
@!!loc:429:67:429:71
@!!status:to be proved
@!!END

@!!BEGIN
@!!type:obligation
@!!id:402
@!!loc:432:3:432:5
@!!status:to be proved
@!!END

@!!BEGIN
@!!type:obligation
@!!id:403
@!!loc:432:6:432:10
@!!status:to be proved
@!!END

@!!BEGIN
@!!type:obligation
@!!id:404
@!!loc:432:12:432:16
@!!status:to be proved
@!!END

@!!BEGIN
@!!type:obligation
@!!id:405
@!!loc:433:16:433:18
@!!status:to be proved
@!!END

@!!BEGIN
@!!type:obligation
@!!id:406
@!!loc:433:19:433:23
@!!status:to be proved
@!!END

@!!BEGIN
@!!type:obligation
@!!id:407
@!!loc:433:25:433:29
@!!status:to be proved
@!!END

@!!BEGIN
@!!type:obligation
@!!id:408
@!!loc:433:31:433:35
@!!status:to be proved
@!!END

@!!BEGIN
@!!type:obligation
@!!id:409
@!!loc:433:37:433:41
@!!status:to be proved
@!!END

@!!BEGIN
@!!type:obligation
@!!id:410
@!!loc:433:43:433:54
@!!status:to be proved
@!!END

@!!BEGIN
@!!type:obligation
@!!id:411
@!!loc:470:10:470:12
@!!status:to be proved
@!!END

@!!BEGIN
@!!type:obligation
@!!id:412
@!!loc:470:13:470:17
@!!status:to be proved
@!!END

@!!BEGIN
@!!type:obligation
@!!id:413
@!!loc:470:19:470:24
@!!status:to be proved
@!!END

@!!BEGIN
@!!type:obligation
@!!id:414
@!!loc:470:26:470:31
@!!status:to be proved
@!!END

@!!BEGIN
@!!type:obligation
@!!id:415
@!!loc:439:14:439:16
@!!status:to be proved
@!!END

@!!BEGIN
@!!type:obligation
@!!id:416
@!!loc:440:44:440:46
@!!status:to be proved
@!!END

@!!BEGIN
@!!type:obligation
@!!id:417
@!!loc:441:14:441:16
@!!status:to be proved
@!!END

@!!BEGIN
@!!type:obligation
@!!id:418
@!!loc:442:23:442:25
@!!status:to be proved
@!!END

@!!BEGIN
@!!type:obligation
@!!id:419
@!!loc:442:26:442:30
@!!status:to be proved
@!!END

@!!BEGIN
@!!type:obligation
@!!id:420
@!!loc:443:80:443:82
@!!status:to be proved
@!!END

@!!BEGIN
@!!type:obligation
@!!id:421
@!!loc:443:83:443:87
@!!status:to be proved
@!!END

@!!BEGIN
@!!type:obligation
@!!id:422
@!!loc:446:3:446:5
@!!status:to be proved
@!!END

@!!BEGIN
@!!type:obligation
@!!id:424
@!!loc:449:3:449:5
@!!status:to be proved
@!!END

@!!BEGIN
@!!type:obligation
@!!id:425
@!!loc:451:3:451:5
@!!status:to be proved
@!!END

@!!BEGIN
@!!type:obligation
@!!id:426
@!!loc:451:6:451:17
@!!status:to be proved
@!!END

@!!BEGIN
@!!type:obligation
@!!id:427
@!!loc:453:3:453:5
@!!status:to be proved
@!!END

@!!BEGIN
@!!type:obligation
@!!id:428
@!!loc:453:6:453:10
@!!status:to be proved
@!!END

@!!BEGIN
@!!type:obligation
@!!id:429
@!!loc:453:12:453:16
@!!status:to be proved
@!!END

@!!BEGIN
@!!type:obligation
@!!id:430
@!!loc:453:18:453:25
@!!status:to be proved
@!!END

@!!BEGIN
@!!type:obligation
@!!id:431
@!!loc:456:3:456:5
@!!status:to be proved
@!!END

@!!BEGIN
@!!type:obligation
@!!id:432
@!!loc:456:6:456:10
@!!status:to be proved
@!!END

@!!BEGIN
@!!type:obligation
@!!id:433
@!!loc:456:12:456:16
@!!status:to be proved
@!!END

@!!BEGIN
@!!type:obligation
@!!id:434
@!!loc:457:34:457:36
@!!status:to be proved
@!!END

@!!BEGIN
@!!type:obligation
@!!id:435
@!!loc:457:37:457:41
@!!status:to be proved
@!!END

@!!BEGIN
@!!type:obligation
@!!id:436
@!!loc:457:43:457:47
@!!status:to be proved
@!!END

@!!BEGIN
@!!type:obligation
@!!id:437
@!!loc:457:49:457:53
@!!status:to be proved
@!!END

@!!BEGIN
@!!type:obligation
@!!id:438
@!!loc:457:55:457:59
@!!status:to be proved
@!!END

@!!BEGIN
@!!type:obligation
@!!id:439
@!!loc:457:61:457:65
@!!status:to be proved
@!!END

@!!BEGIN
@!!type:obligation
@!!id:440
@!!loc:457:67:457:79
@!!status:to be proved
@!!END

@!!BEGIN
@!!type:obligation
@!!id:441
@!!loc:459:3:459:5
@!!status:to be proved
@!!END

@!!BEGIN
@!!type:obligation
@!!id:442
@!!loc:459:6:459:10
@!!status:to be proved
@!!END

@!!BEGIN
@!!type:obligation
@!!id:443
@!!loc:459:12:459:16
@!!status:to be proved
@!!END

@!!BEGIN
@!!type:obligation
@!!id:444
@!!loc:459:18:459:22
@!!status:to be proved
@!!END

@!!BEGIN
@!!type:obligation
@!!id:445
@!!loc:459:24:459:32
@!!status:to be proved
@!!END

@!!BEGIN
@!!type:obligation
@!!id:446
@!!loc:460:15:460:17
@!!status:to be proved
@!!END

@!!BEGIN
@!!type:obligation
@!!id:447
@!!loc:460:18:460:22
@!!status:to be proved
@!!END

@!!BEGIN
@!!type:obligation
@!!id:448
@!!loc:460:24:460:28
@!!status:to be proved
@!!END

@!!BEGIN
@!!type:obligation
@!!id:449
@!!loc:460:30:460:34
@!!status:to be proved
@!!END

@!!BEGIN
@!!type:obligation
@!!id:450
@!!loc:460:36:460:40
@!!status:to be proved
@!!END

@!!BEGIN
@!!type:obligation
@!!id:451
@!!loc:460:42:460:53
@!!status:to be proved
@!!END

@!!BEGIN
@!!type:obligation
@!!id:452
@!!loc:461:15:461:17
@!!status:to be proved
@!!END

@!!BEGIN
@!!type:obligation
@!!id:453
@!!loc:461:18:461:22
@!!status:to be proved
@!!END

@!!BEGIN
@!!type:obligation
@!!id:454
@!!loc:461:24:461:28
@!!status:to be proved
@!!END

@!!BEGIN
@!!type:obligation
@!!id:455
@!!loc:461:30:461:34
@!!status:to be proved
@!!END

@!!BEGIN
@!!type:obligation
@!!id:456
@!!loc:461:36:461:40
@!!status:to be proved
@!!END

@!!BEGIN
@!!type:obligation
@!!id:457
@!!loc:461:42:461:46
@!!status:to be proved
@!!END

@!!BEGIN
@!!type:obligation
@!!id:458
@!!loc:461:48:461:52
@!!status:to be proved
@!!END

@!!BEGIN
@!!type:obligation
@!!id:459
@!!loc:461:54:461:58
@!!status:to be proved
@!!END

@!!BEGIN
@!!type:obligation
@!!id:460
@!!loc:461:60:461:64
@!!status:to be proved
@!!END

@!!BEGIN
@!!type:obligation
@!!id:461
@!!loc:462:48:462:50
@!!status:to be proved
@!!END

@!!BEGIN
@!!type:obligation
@!!id:462
@!!loc:462:51:462:55
@!!status:to be proved
@!!END

@!!BEGIN
@!!type:obligation
@!!id:463
@!!loc:462:57:462:61
@!!status:to be proved
@!!END

@!!BEGIN
@!!type:obligation
@!!id:464
@!!loc:462:63:462:67
@!!status:to be proved
@!!END

@!!BEGIN
@!!type:obligation
@!!id:465
@!!loc:462:69:462:73
@!!status:to be proved
@!!END

@!!BEGIN
@!!type:obligation
@!!id:466
@!!loc:462:75:462:79
@!!status:to be proved
@!!END

@!!BEGIN
@!!type:obligation
@!!id:467
@!!loc:462:81:462:85
@!!status:to be proved
@!!END

@!!BEGIN
@!!type:obligation
@!!id:468
@!!loc:462:87:462:91
@!!status:to be proved
@!!END

@!!BEGIN
@!!type:obligation
@!!id:469
@!!loc:464:3:464:5
@!!status:to be proved
@!!END

@!!BEGIN
@!!type:obligation
@!!id:470
@!!loc:464:6:464:10
@!!status:to be proved
@!!END

@!!BEGIN
@!!type:obligation
@!!id:471
@!!loc:464:12:464:16
@!!status:to be proved
@!!END

@!!BEGIN
@!!type:obligation
@!!id:472
@!!loc:464:18:464:22
@!!status:to be proved
@!!END

@!!BEGIN
@!!type:obligation
@!!id:473
@!!loc:464:24:464:28
@!!status:to be proved
@!!END

@!!BEGIN
@!!type:obligation
@!!id:474
@!!loc:464:30:464:34
@!!status:to be proved
@!!END

@!!BEGIN
@!!type:obligation
@!!id:475
@!!loc:464:36:464:48
@!!status:to be proved
@!!END

@!!BEGIN
@!!type:obligation
@!!id:476
@!!loc:466:3:466:5
@!!status:to be proved
@!!END

@!!BEGIN
@!!type:obligation
@!!id:477
@!!loc:466:6:466:10
@!!status:to be proved
@!!END

@!!BEGIN
@!!type:obligation
@!!id:478
@!!loc:466:12:466:16
@!!status:to be proved
@!!END

@!!BEGIN
@!!type:obligation
@!!id:479
@!!loc:466:18:466:22
@!!status:to be proved
@!!END

@!!BEGIN
@!!type:obligation
@!!id:480
@!!loc:466:24:466:28
@!!status:to be proved
@!!END

@!!BEGIN
@!!type:obligation
@!!id:481
@!!loc:466:30:466:34
@!!status:to be proved
@!!END

@!!BEGIN
@!!type:obligation
@!!id:482
@!!loc:466:36:466:40
@!!status:to be proved
@!!END

@!!BEGIN
@!!type:obligation
@!!id:483
@!!loc:466:42:466:46
@!!status:to be proved
@!!END

@!!BEGIN
@!!type:obligation
@!!id:484
@!!loc:466:48:466:60
@!!status:to be proved
@!!END

@!!BEGIN
@!!type:obligation
@!!id:485
@!!loc:468:3:468:5
@!!status:to be proved
@!!END

@!!BEGIN
@!!type:obligation
@!!id:486
@!!loc:468:6:468:10
@!!status:to be proved
@!!END

@!!BEGIN
@!!type:obligation
@!!id:487
@!!loc:468:12:468:16
@!!status:to be proved
@!!END

@!!BEGIN
@!!type:obligation
@!!id:488
@!!loc:468:18:468:22
@!!status:to be proved
@!!END

@!!BEGIN
@!!type:obligation
@!!id:489
@!!loc:469:16:469:18
@!!status:to be proved
@!!END

@!!BEGIN
@!!type:obligation
@!!id:490
@!!loc:469:19:469:23
@!!status:to be proved
@!!END

@!!BEGIN
@!!type:obligation
@!!id:491
@!!loc:469:25:469:29
@!!status:to be proved
@!!END

@!!BEGIN
@!!type:obligation
@!!id:492
@!!loc:469:31:469:36
@!!status:to be proved
@!!END

@!!BEGIN
@!!type:obligation
@!!id:493
@!!loc:469:38:469:43
@!!status:to be proved
@!!END

@!!BEGIN
@!!type:obligation
@!!id:494
@!!loc:469:45:469:50
@!!status:to be proved
@!!END

@!!BEGIN
@!!type:obligation
@!!id:495
@!!loc:469:52:469:63
@!!status:to be proved
@!!END

@!!BEGIN
@!!type:obligation
@!!id:496
@!!loc:529:10:529:12
@!!status:to be proved
@!!END

@!!BEGIN
@!!type:obligation
@!!id:497
@!!loc:529:13:529:17
@!!status:to be proved
@!!END

@!!BEGIN
@!!type:obligation
@!!id:498
@!!loc:529:19:529:23
@!!status:to be proved
@!!END

@!!BEGIN
@!!type:obligation
@!!id:499
@!!loc:529:25:529:29
@!!status:to be proved
@!!END

@!!BEGIN
@!!type:obligation
@!!id:500
@!!loc:478:14:478:16
@!!status:to be proved
@!!END

@!!BEGIN
@!!type:obligation
@!!id:501
@!!loc:479:44:479:46
@!!status:to be proved
@!!END

@!!BEGIN
@!!type:obligation
@!!id:502
@!!loc:480:14:480:16
@!!status:to be proved
@!!END

@!!BEGIN
@!!type:obligation
@!!id:503
@!!loc:481:23:481:25
@!!status:to be proved
@!!END

@!!BEGIN
@!!type:obligation
@!!id:504
@!!loc:481:26:481:30
@!!status:to be proved
@!!END

@!!BEGIN
@!!type:obligation
@!!id:505
@!!loc:482:80:482:82
@!!status:to be proved
@!!END

@!!BEGIN
@!!type:obligation
@!!id:506
@!!loc:482:83:482:87
@!!status:to be proved
@!!END

@!!BEGIN
@!!type:obligation
@!!id:507
@!!loc:485:3:485:5
@!!status:to be proved
@!!END

@!!BEGIN
@!!type:obligation
@!!id:508
@!!loc:522:12:522:14
@!!status:to be proved
@!!END

@!!BEGIN
@!!type:obligation
@!!id:509
@!!loc:522:15:522:19
@!!status:to be proved
@!!END

@!!BEGIN
@!!type:obligation
@!!id:510
@!!loc:522:21:522:25
@!!status:to be proved
@!!END

@!!BEGIN
@!!type:obligation
@!!id:511
@!!loc:499:14:499:16
@!!status:to be proved
@!!END

@!!BEGIN
@!!type:obligation
@!!id:512
@!!loc:499:17:499:21
@!!status:to be proved
@!!END

@!!BEGIN
@!!type:obligation
@!!id:513
@!!loc:499:23:499:27
@!!status:to be proved
@!!END

@!!BEGIN
@!!type:obligation
@!!id:514
@!!loc:499:29:499:33
@!!status:to be proved
@!!END

@!!BEGIN
@!!type:obligation
@!!id:515
@!!loc:499:35:499:39
@!!status:to be proved
@!!END

@!!BEGIN
@!!type:obligation
@!!id:516
@!!loc:492:85:492:87
@!!status:to be proved
@!!END

@!!BEGIN
@!!type:obligation
@!!id:517
@!!loc:492:88:492:92
@!!status:to be proved
@!!END

@!!BEGIN
@!!type:obligation
@!!id:518
@!!loc:493:39:493:41
@!!status:to be proved
@!!END

@!!BEGIN
@!!type:obligation
@!!id:519
@!!loc:493:42:493:46
@!!status:to be proved
@!!END

@!!BEGIN
@!!type:obligation
@!!id:520
@!!loc:493:48:493:60
@!!status:to be proved
@!!END

@!!BEGIN
@!!type:obligation
@!!id:521
@!!loc:495:7:495:9
@!!status:to be proved
@!!END

@!!BEGIN
@!!type:obligation
@!!id:522
@!!loc:495:10:495:14
@!!status:to be proved
@!!END

@!!BEGIN
@!!type:obligation
@!!id:523
@!!loc:495:16:495:20
@!!status:to be proved
@!!END

@!!BEGIN
@!!type:obligation
@!!id:524
@!!loc:495:22:495:26
@!!status:to be proved
@!!END

@!!BEGIN
@!!type:obligation
@!!id:525
@!!loc:495:28:495:36
@!!status:to be proved
@!!END

@!!BEGIN
@!!type:obligation
@!!id:526
@!!loc:498:7:498:9
@!!status:to be proved
@!!END

@!!BEGIN
@!!type:obligation
@!!id:527
@!!loc:498:10:498:14
@!!status:to be proved
@!!END

@!!BEGIN
@!!type:obligation
@!!id:528
@!!loc:498:16:498:20
@!!status:to be proved
@!!END

@!!BEGIN
@!!type:obligation
@!!id:529
@!!loc:521:14:521:16
@!!status:to be proved
@!!END

@!!BEGIN
@!!type:obligation
@!!id:530
@!!loc:521:17:521:21
@!!status:to be proved
@!!END

@!!BEGIN
@!!type:obligation
@!!id:531
@!!loc:521:23:521:27
@!!status:to be proved
@!!END

@!!BEGIN
@!!type:obligation
@!!id:532
@!!loc:521:29:521:33
@!!status:to be proved
@!!END

@!!BEGIN
@!!type:obligation
@!!id:533
@!!loc:521:35:521:39
@!!status:to be proved
@!!END

@!!BEGIN
@!!type:obligation
@!!id:534
@!!loc:521:41:521:45
@!!status:to be proved
@!!END

@!!BEGIN
@!!type:obligation
@!!id:535
@!!loc:506:7:506:9
@!!status:to be proved
@!!END

@!!BEGIN
@!!type:obligation
@!!id:536
@!!loc:506:10:506:14
@!!status:to be proved
@!!END

@!!BEGIN
@!!type:obligation
@!!id:538
@!!loc:507:73:507:75
@!!status:to be proved
@!!END

@!!BEGIN
@!!type:obligation
@!!id:539
@!!loc:508:37:508:39
@!!status:to be proved
@!!END

@!!BEGIN
@!!type:obligation
@!!id:540
@!!loc:508:40:508:44
@!!status:to be proved
@!!END

@!!BEGIN
@!!type:obligation
@!!id:541
@!!loc:508:46:508:55
@!!status:to be proved
@!!END

@!!BEGIN
@!!type:obligation
@!!id:542
@!!loc:510:7:510:9
@!!status:to be proved
@!!END

@!!BEGIN
@!!type:obligation
@!!id:543
@!!loc:510:10:510:14
@!!status:to be proved
@!!END

@!!BEGIN
@!!type:obligation
@!!id:544
@!!loc:510:16:510:20
@!!status:to be proved
@!!END

@!!BEGIN
@!!type:obligation
@!!id:545
@!!loc:510:22:510:29
@!!status:to be proved
@!!END

@!!BEGIN
@!!type:obligation
@!!id:546
@!!loc:511:40:511:42
@!!status:to be proved
@!!END

@!!BEGIN
@!!type:obligation
@!!id:547
@!!loc:511:43:511:47
@!!status:to be proved
@!!END

@!!BEGIN
@!!type:obligation
@!!id:548
@!!loc:511:49:511:53
@!!status:to be proved
@!!END

@!!BEGIN
@!!type:obligation
@!!id:549
@!!loc:511:55:511:59
@!!status:to be proved
@!!END

@!!BEGIN
@!!type:obligation
@!!id:550
@!!loc:511:61:511:65
@!!status:to be proved
@!!END

@!!BEGIN
@!!type:obligation
@!!id:551
@!!loc:511:67:511:79
@!!status:to be proved
@!!END

@!!BEGIN
@!!type:obligation
@!!id:552
@!!loc:513:7:513:9
@!!status:to be proved
@!!END

@!!BEGIN
@!!type:obligation
@!!id:553
@!!loc:513:10:513:14
@!!status:to be proved
@!!END

@!!BEGIN
@!!type:obligation
@!!id:554
@!!loc:513:16:513:20
@!!status:to be proved
@!!END

@!!BEGIN
@!!type:obligation
@!!id:555
@!!loc:513:22:513:26
@!!status:to be proved
@!!END

@!!BEGIN
@!!type:obligation
@!!id:556
@!!loc:513:28:513:36
@!!status:to be proved
@!!END

@!!BEGIN
@!!type:obligation
@!!id:557
@!!loc:520:16:520:18
@!!status:to be proved
@!!END

@!!BEGIN
@!!type:obligation
@!!id:558
@!!loc:520:19:520:23
@!!status:to be proved
@!!END

@!!BEGIN
@!!type:obligation
@!!id:559
@!!loc:520:25:520:29
@!!status:to be proved
@!!END

@!!BEGIN
@!!type:obligation
@!!id:560
@!!loc:517:9:517:11
@!!status:to be proved
@!!END

@!!BEGIN
@!!type:obligation
@!!id:561
@!!loc:517:12:517:16
@!!status:to be proved
@!!END

@!!BEGIN
@!!type:obligation
@!!id:562
@!!loc:517:18:517:22
@!!status:to be proved
@!!END

@!!BEGIN
@!!type:obligation
@!!id:563
@!!loc:517:24:517:28
@!!status:to be proved
@!!END

@!!BEGIN
@!!type:obligation
@!!id:564
@!!loc:517:30:517:42
@!!status:to be proved
@!!END

@!!BEGIN
@!!type:obligation
@!!id:565
@!!loc:519:9:519:11
@!!status:to be proved
@!!END

@!!BEGIN
@!!type:obligation
@!!id:566
@!!loc:519:12:519:16
@!!status:to be proved
@!!END

@!!BEGIN
@!!type:obligation
@!!id:567
@!!loc:519:18:519:22
@!!status:to be proved
@!!END

@!!BEGIN
@!!type:obligation
@!!id:568
@!!loc:523:15:523:17
@!!status:to be proved
@!!END

@!!BEGIN
@!!type:obligation
@!!id:569
@!!loc:523:18:523:22
@!!status:to be proved
@!!END

@!!BEGIN
@!!type:obligation
@!!id:570
@!!loc:523:24:523:28
@!!status:to be proved
@!!END

@!!BEGIN
@!!type:obligation
@!!id:571
@!!loc:523:30:523:34
@!!status:to be proved
@!!END

@!!BEGIN
@!!type:obligation
@!!id:572
@!!loc:523:36:523:47
@!!status:to be proved
@!!END

@!!BEGIN
@!!type:obligation
@!!id:573
@!!loc:524:15:524:17
@!!status:to be proved
@!!END

@!!BEGIN
@!!type:obligation
@!!id:574
@!!loc:524:18:524:22
@!!status:to be proved
@!!END

@!!BEGIN
@!!type:obligation
@!!id:575
@!!loc:524:24:524:28
@!!status:to be proved
@!!END

@!!BEGIN
@!!type:obligation
@!!id:576
@!!loc:524:30:524:34
@!!status:to be proved
@!!END

@!!BEGIN
@!!type:obligation
@!!id:577
@!!loc:524:36:524:40
@!!status:to be proved
@!!END

@!!BEGIN
@!!type:obligation
@!!id:578
@!!loc:525:47:525:49
@!!status:to be proved
@!!END

@!!BEGIN
@!!type:obligation
@!!id:579
@!!loc:525:50:525:54
@!!status:to be proved
@!!END

@!!BEGIN
@!!type:obligation
@!!id:580
@!!loc:525:56:525:60
@!!status:to be proved
@!!END

@!!BEGIN
@!!type:obligation
@!!id:581
@!!loc:527:3:527:5
@!!status:to be proved
@!!END

@!!BEGIN
@!!type:obligation
@!!id:582
@!!loc:527:6:527:10
@!!status:to be proved
@!!END

@!!BEGIN
@!!type:obligation
@!!id:583
@!!loc:527:12:527:16
@!!status:to be proved
@!!END

@!!BEGIN
@!!type:obligation
@!!id:584
@!!loc:528:15:528:17
@!!status:to be proved
@!!END

@!!BEGIN
@!!type:obligation
@!!id:585
@!!loc:528:18:528:22
@!!status:to be proved
@!!END

@!!BEGIN
@!!type:obligation
@!!id:586
@!!loc:528:24:528:28
@!!status:to be proved
@!!END

@!!BEGIN
@!!type:obligation
@!!id:587
@!!loc:528:30:528:34
@!!status:to be proved
@!!END

@!!BEGIN
@!!type:obligation
@!!id:588
@!!loc:528:36:528:47
@!!status:to be proved
@!!END

@!!BEGIN
@!!type:obligation
@!!id:589
@!!loc:561:10:561:12
@!!status:to be proved
@!!END

@!!BEGIN
@!!type:obligation
@!!id:590
@!!loc:561:13:561:17
@!!status:to be proved
@!!END

@!!BEGIN
@!!type:obligation
@!!id:591
@!!loc:561:19:561:23
@!!status:to be proved
@!!END

@!!BEGIN
@!!type:obligation
@!!id:592
@!!loc:561:25:561:30
@!!status:to be proved
@!!END

@!!BEGIN
@!!type:obligation
@!!id:593
@!!loc:534:14:534:16
@!!status:to be proved
@!!END

@!!BEGIN
@!!type:obligation
@!!id:594
@!!loc:535:44:535:46
@!!status:to be proved
@!!END

@!!BEGIN
@!!type:obligation
@!!id:595
@!!loc:536:14:536:16
@!!status:to be proved
@!!END

@!!BEGIN
@!!type:obligation
@!!id:596
@!!loc:537:23:537:25
@!!status:to be proved
@!!END

@!!BEGIN
@!!type:obligation
@!!id:597
@!!loc:537:26:537:30
@!!status:to be proved
@!!END

@!!BEGIN
@!!type:obligation
@!!id:598
@!!loc:538:80:538:82
@!!status:to be proved
@!!END

@!!BEGIN
@!!type:obligation
@!!id:599
@!!loc:538:83:538:87
@!!status:to be proved
@!!END

@!!BEGIN
@!!type:obligation
@!!id:600
@!!loc:541:3:541:5
@!!status:to be proved
@!!END

@!!BEGIN
@!!type:obligation
@!!id:602
@!!loc:545:3:545:5
@!!status:to be proved
@!!END

@!!BEGIN
@!!type:obligation
@!!id:603
@!!loc:547:3:547:5
@!!status:to be proved
@!!END

@!!BEGIN
@!!type:obligation
@!!id:604
@!!loc:548:33:548:35
@!!status:to be proved
@!!END

@!!BEGIN
@!!type:obligation
@!!id:605
@!!loc:548:36:548:40
@!!status:to be proved
@!!END

@!!BEGIN
@!!type:obligation
@!!id:606
@!!loc:548:42:548:46
@!!status:to be proved
@!!END

@!!BEGIN
@!!type:obligation
@!!id:607
@!!loc:548:48:548:52
@!!status:to be proved
@!!END

@!!BEGIN
@!!type:obligation
@!!id:608
@!!loc:548:54:548:66
@!!status:to be proved
@!!END

@!!BEGIN
@!!type:obligation
@!!id:609
@!!loc:550:3:550:5
@!!status:to be proved
@!!END

@!!BEGIN
@!!type:obligation
@!!id:610
@!!loc:550:6:550:10
@!!status:to be proved
@!!END

@!!BEGIN
@!!type:obligation
@!!id:611
@!!loc:550:12:550:16
@!!status:to be proved
@!!END

@!!BEGIN
@!!type:obligation
@!!id:612
@!!loc:550:18:550:22
@!!status:to be proved
@!!END

@!!BEGIN
@!!type:obligation
@!!id:613
@!!loc:550:24:550:32
@!!status:to be proved
@!!END

@!!BEGIN
@!!type:obligation
@!!id:614
@!!loc:551:15:551:17
@!!status:to be proved
@!!END

@!!BEGIN
@!!type:obligation
@!!id:615
@!!loc:551:18:551:22
@!!status:to be proved
@!!END

@!!BEGIN
@!!type:obligation
@!!id:616
@!!loc:551:24:551:28
@!!status:to be proved
@!!END

@!!BEGIN
@!!type:obligation
@!!id:617
@!!loc:551:30:551:34
@!!status:to be proved
@!!END

@!!BEGIN
@!!type:obligation
@!!id:618
@!!loc:551:36:551:40
@!!status:to be proved
@!!END

@!!BEGIN
@!!type:obligation
@!!id:619
@!!loc:551:42:551:53
@!!status:to be proved
@!!END

@!!BEGIN
@!!type:obligation
@!!id:620
@!!loc:552:15:552:17
@!!status:to be proved
@!!END

@!!BEGIN
@!!type:obligation
@!!id:621
@!!loc:552:18:552:22
@!!status:to be proved
@!!END

@!!BEGIN
@!!type:obligation
@!!id:622
@!!loc:552:24:552:28
@!!status:to be proved
@!!END

@!!BEGIN
@!!type:obligation
@!!id:623
@!!loc:552:30:552:34
@!!status:to be proved
@!!END

@!!BEGIN
@!!type:obligation
@!!id:624
@!!loc:552:36:552:40
@!!status:to be proved
@!!END

@!!BEGIN
@!!type:obligation
@!!id:625
@!!loc:552:42:552:46
@!!status:to be proved
@!!END

@!!BEGIN
@!!type:obligation
@!!id:626
@!!loc:552:48:552:52
@!!status:to be proved
@!!END

@!!BEGIN
@!!type:obligation
@!!id:627
@!!loc:553:47:553:49
@!!status:to be proved
@!!END

@!!BEGIN
@!!type:obligation
@!!id:628
@!!loc:553:50:553:54
@!!status:to be proved
@!!END

@!!BEGIN
@!!type:obligation
@!!id:629
@!!loc:553:56:553:60
@!!status:to be proved
@!!END

@!!BEGIN
@!!type:obligation
@!!id:630
@!!loc:553:62:553:66
@!!status:to be proved
@!!END

@!!BEGIN
@!!type:obligation
@!!id:631
@!!loc:553:68:553:72
@!!status:to be proved
@!!END

@!!BEGIN
@!!type:obligation
@!!id:632
@!!loc:553:74:553:78
@!!status:to be proved
@!!END

@!!BEGIN
@!!type:obligation
@!!id:633
@!!loc:555:3:555:5
@!!status:to be proved
@!!END

@!!BEGIN
@!!type:obligation
@!!id:634
@!!loc:555:6:555:10
@!!status:to be proved
@!!END

@!!BEGIN
@!!type:obligation
@!!id:635
@!!loc:555:12:555:16
@!!status:to be proved
@!!END

@!!BEGIN
@!!type:obligation
@!!id:636
@!!loc:555:18:555:22
@!!status:to be proved
@!!END

@!!BEGIN
@!!type:obligation
@!!id:637
@!!loc:555:24:555:28
@!!status:to be proved
@!!END

@!!BEGIN
@!!type:obligation
@!!id:638
@!!loc:555:30:555:42
@!!status:to be proved
@!!END

@!!BEGIN
@!!type:obligation
@!!id:639
@!!loc:557:3:557:5
@!!status:to be proved
@!!END

@!!BEGIN
@!!type:obligation
@!!id:640
@!!loc:557:6:557:10
@!!status:to be proved
@!!END

@!!BEGIN
@!!type:obligation
@!!id:641
@!!loc:557:12:557:16
@!!status:to be proved
@!!END

@!!BEGIN
@!!type:obligation
@!!id:642
@!!loc:557:18:557:22
@!!status:to be proved
@!!END

@!!BEGIN
@!!type:obligation
@!!id:643
@!!loc:557:24:557:28
@!!status:to be proved
@!!END

@!!BEGIN
@!!type:obligation
@!!id:644
@!!loc:557:30:557:34
@!!status:to be proved
@!!END

@!!BEGIN
@!!type:obligation
@!!id:645
@!!loc:557:36:557:48
@!!status:to be proved
@!!END

@!!BEGIN
@!!type:obligation
@!!id:646
@!!loc:559:3:559:5
@!!status:to be proved
@!!END

@!!BEGIN
@!!type:obligation
@!!id:647
@!!loc:559:6:559:10
@!!status:to be proved
@!!END

@!!BEGIN
@!!type:obligation
@!!id:648
@!!loc:559:12:559:16
@!!status:to be proved
@!!END

@!!BEGIN
@!!type:obligation
@!!id:649
@!!loc:559:18:559:22
@!!status:to be proved
@!!END

@!!BEGIN
@!!type:obligation
@!!id:650
@!!loc:560:16:560:18
@!!status:to be proved
@!!END

@!!BEGIN
@!!type:obligation
@!!id:651
@!!loc:560:19:560:23
@!!status:to be proved
@!!END

@!!BEGIN
@!!type:obligation
@!!id:652
@!!loc:560:25:560:29
@!!status:to be proved
@!!END

@!!BEGIN
@!!type:obligation
@!!id:653
@!!loc:560:31:560:35
@!!status:to be proved
@!!END

@!!BEGIN
@!!type:obligation
@!!id:654
@!!loc:560:37:560:42
@!!status:to be proved
@!!END

@!!BEGIN
@!!type:obligation
@!!id:655
@!!loc:560:44:560:49
@!!status:to be proved
@!!END

@!!BEGIN
@!!type:obligation
@!!id:656
@!!loc:560:51:560:62
@!!status:to be proved
@!!END

@!!BEGIN
@!!type:obligation
@!!id:657
@!!loc:590:10:590:12
@!!status:to be proved
@!!END

@!!BEGIN
@!!type:obligation
@!!id:658
@!!loc:590:13:590:17
@!!status:to be proved
@!!END

@!!BEGIN
@!!type:obligation
@!!id:659
@!!loc:590:19:590:23
@!!status:to be proved
@!!END

@!!BEGIN
@!!type:obligation
@!!id:660
@!!loc:590:25:590:30
@!!status:to be proved
@!!END

@!!BEGIN
@!!type:obligation
@!!id:661
@!!loc:566:14:566:16
@!!status:to be proved
@!!END

@!!BEGIN
@!!type:obligation
@!!id:662
@!!loc:567:44:567:46
@!!status:to be proved
@!!END

@!!BEGIN
@!!type:obligation
@!!id:663
@!!loc:568:14:568:16
@!!status:to be proved
@!!END

@!!BEGIN
@!!type:obligation
@!!id:664
@!!loc:569:23:569:25
@!!status:to be proved
@!!END

@!!BEGIN
@!!type:obligation
@!!id:665
@!!loc:569:26:569:30
@!!status:to be proved
@!!END

@!!BEGIN
@!!type:obligation
@!!id:666
@!!loc:570:80:570:82
@!!status:to be proved
@!!END

@!!BEGIN
@!!type:obligation
@!!id:667
@!!loc:570:83:570:87
@!!status:to be proved
@!!END

@!!BEGIN
@!!type:obligation
@!!id:668
@!!loc:575:3:575:5
@!!status:to be proved
@!!END

@!!BEGIN
@!!type:obligation
@!!id:669
@!!loc:576:12:576:19
@!!status:to be proved
@!!END

@!!BEGIN
@!!type:obligation
@!!id:670
@!!loc:577:27:577:29
@!!status:to be proved
@!!END

@!!BEGIN
@!!type:obligation
@!!id:671
@!!loc:577:30:577:34
@!!status:to be proved
@!!END

@!!BEGIN
@!!type:obligation
@!!id:672
@!!loc:577:36:577:40
@!!status:to be proved
@!!END

@!!BEGIN
@!!type:obligation
@!!id:673
@!!loc:577:42:577:54
@!!status:to be proved
@!!END

@!!BEGIN
@!!type:obligation
@!!id:674
@!!loc:579:3:579:5
@!!status:to be proved
@!!END

@!!BEGIN
@!!type:obligation
@!!id:675
@!!loc:579:6:579:10
@!!status:to be proved
@!!END

@!!BEGIN
@!!type:obligation
@!!id:676
@!!loc:579:12:579:16
@!!status:to be proved
@!!END

@!!BEGIN
@!!type:obligation
@!!id:677
@!!loc:579:18:579:22
@!!status:to be proved
@!!END

@!!BEGIN
@!!type:obligation
@!!id:678
@!!loc:579:24:579:32
@!!status:to be proved
@!!END

@!!BEGIN
@!!type:obligation
@!!id:679
@!!loc:580:15:580:17
@!!status:to be proved
@!!END

@!!BEGIN
@!!type:obligation
@!!id:680
@!!loc:580:18:580:22
@!!status:to be proved
@!!END

@!!BEGIN
@!!type:obligation
@!!id:681
@!!loc:580:24:580:28
@!!status:to be proved
@!!END

@!!BEGIN
@!!type:obligation
@!!id:682
@!!loc:580:30:580:34
@!!status:to be proved
@!!END

@!!BEGIN
@!!type:obligation
@!!id:683
@!!loc:580:36:580:40
@!!status:to be proved
@!!END

@!!BEGIN
@!!type:obligation
@!!id:684
@!!loc:580:42:580:53
@!!status:to be proved
@!!END

@!!BEGIN
@!!type:obligation
@!!id:685
@!!loc:581:15:581:17
@!!status:to be proved
@!!END

@!!BEGIN
@!!type:obligation
@!!id:686
@!!loc:581:18:581:22
@!!status:to be proved
@!!END

@!!BEGIN
@!!type:obligation
@!!id:687
@!!loc:581:24:581:28
@!!status:to be proved
@!!END

@!!BEGIN
@!!type:obligation
@!!id:688
@!!loc:581:30:581:34
@!!status:to be proved
@!!END

@!!BEGIN
@!!type:obligation
@!!id:689
@!!loc:581:36:581:40
@!!status:to be proved
@!!END

@!!BEGIN
@!!type:obligation
@!!id:690
@!!loc:581:42:581:46
@!!status:to be proved
@!!END

@!!BEGIN
@!!type:obligation
@!!id:691
@!!loc:582:47:582:49
@!!status:to be proved
@!!END

@!!BEGIN
@!!type:obligation
@!!id:692
@!!loc:582:50:582:54
@!!status:to be proved
@!!END

@!!BEGIN
@!!type:obligation
@!!id:693
@!!loc:582:56:582:60
@!!status:to be proved
@!!END

@!!BEGIN
@!!type:obligation
@!!id:694
@!!loc:582:62:582:66
@!!status:to be proved
@!!END

@!!BEGIN
@!!type:obligation
@!!id:695
@!!loc:582:68:582:72
@!!status:to be proved
@!!END

@!!BEGIN
@!!type:obligation
@!!id:696
@!!loc:584:3:584:5
@!!status:to be proved
@!!END

@!!BEGIN
@!!type:obligation
@!!id:697
@!!loc:584:6:584:10
@!!status:to be proved
@!!END

@!!BEGIN
@!!type:obligation
@!!id:698
@!!loc:584:12:584:16
@!!status:to be proved
@!!END

@!!BEGIN
@!!type:obligation
@!!id:699
@!!loc:584:18:584:22
@!!status:to be proved
@!!END

@!!BEGIN
@!!type:obligation
@!!id:700
@!!loc:584:24:584:28
@!!status:to be proved
@!!END

@!!BEGIN
@!!type:obligation
@!!id:701
@!!loc:584:30:584:42
@!!status:to be proved
@!!END

@!!BEGIN
@!!type:obligation
@!!id:702
@!!loc:586:3:586:5
@!!status:to be proved
@!!END

@!!BEGIN
@!!type:obligation
@!!id:703
@!!loc:586:6:586:10
@!!status:to be proved
@!!END

@!!BEGIN
@!!type:obligation
@!!id:704
@!!loc:586:12:586:16
@!!status:to be proved
@!!END

@!!BEGIN
@!!type:obligation
@!!id:705
@!!loc:586:18:586:22
@!!status:to be proved
@!!END

@!!BEGIN
@!!type:obligation
@!!id:706
@!!loc:586:24:586:28
@!!status:to be proved
@!!END

@!!BEGIN
@!!type:obligation
@!!id:707
@!!loc:586:30:586:42
@!!status:to be proved
@!!END

@!!BEGIN
@!!type:obligation
@!!id:708
@!!loc:588:3:588:5
@!!status:to be proved
@!!END

@!!BEGIN
@!!type:obligation
@!!id:709
@!!loc:588:6:588:10
@!!status:to be proved
@!!END

@!!BEGIN
@!!type:obligation
@!!id:710
@!!loc:588:12:588:16
@!!status:to be proved
@!!END

@!!BEGIN
@!!type:obligation
@!!id:711
@!!loc:588:18:588:22
@!!status:to be proved
@!!END

@!!BEGIN
@!!type:obligation
@!!id:712
@!!loc:589:16:589:18
@!!status:to be proved
@!!END

@!!BEGIN
@!!type:obligation
@!!id:713
@!!loc:589:19:589:23
@!!status:to be proved
@!!END

@!!BEGIN
@!!type:obligation
@!!id:714
@!!loc:589:25:589:29
@!!status:to be proved
@!!END

@!!BEGIN
@!!type:obligation
@!!id:715
@!!loc:589:31:589:35
@!!status:to be proved
@!!END

@!!BEGIN
@!!type:obligation
@!!id:716
@!!loc:589:37:589:41
@!!status:to be proved
@!!END

@!!BEGIN
@!!type:obligation
@!!id:717
@!!loc:589:43:589:48
@!!status:to be proved
@!!END

@!!BEGIN
@!!type:obligation
@!!id:718
@!!loc:589:50:589:61
@!!status:to be proved
@!!END

@!!BEGIN
@!!type:obligation
@!!id:719
@!!loc:663:10:663:12
@!!status:to be proved
@!!END

@!!BEGIN
@!!type:obligation
@!!id:720
@!!loc:663:13:663:17
@!!status:to be proved
@!!END

@!!BEGIN
@!!type:obligation
@!!id:721
@!!loc:663:19:663:23
@!!status:to be proved
@!!END

@!!BEGIN
@!!type:obligation
@!!id:722
@!!loc:595:14:595:16
@!!status:to be proved
@!!END

@!!BEGIN
@!!type:obligation
@!!id:723
@!!loc:596:44:596:46
@!!status:to be proved
@!!END

@!!BEGIN
@!!type:obligation
@!!id:724
@!!loc:597:14:597:16
@!!status:to be proved
@!!END

@!!BEGIN
@!!type:obligation
@!!id:725
@!!loc:599:23:599:25
@!!status:to be proved
@!!END

@!!BEGIN
@!!type:obligation
@!!id:726
@!!loc:599:26:599:30
@!!status:to be proved
@!!END

@!!BEGIN
@!!type:obligation
@!!id:727
@!!loc:603:3:603:5
@!!status:to be proved
@!!END

@!!BEGIN
@!!type:obligation
@!!id:728
@!!loc:604:37:604:39
@!!status:to be proved
@!!END

@!!BEGIN
@!!type:obligation
@!!id:729
@!!loc:604:40:604:44
@!!status:to be proved
@!!END

@!!BEGIN
@!!type:obligation
@!!id:730
@!!loc:604:46:604:50
@!!status:to be proved
@!!END

@!!BEGIN
@!!type:obligation
@!!id:731
@!!loc:604:52:604:56
@!!status:to be proved
@!!END

@!!BEGIN
@!!type:obligation
@!!id:732
@!!loc:622:12:622:14
@!!status:to be proved
@!!END

@!!BEGIN
@!!type:obligation
@!!id:733
@!!loc:622:15:622:19
@!!status:to be proved
@!!END

@!!BEGIN
@!!type:obligation
@!!id:734
@!!loc:622:21:622:25
@!!status:to be proved
@!!END

@!!BEGIN
@!!type:obligation
@!!id:735
@!!loc:622:27:622:31
@!!status:to be proved
@!!END

@!!BEGIN
@!!type:obligation
@!!id:736
@!!loc:609:5:609:7
@!!status:to be proved
@!!END

@!!BEGIN
@!!type:obligation
@!!id:737
@!!loc:609:8:609:12
@!!status:to be proved
@!!END

@!!BEGIN
@!!type:obligation
@!!id:738
@!!loc:610:34:610:36
@!!status:to be proved
@!!END

@!!BEGIN
@!!type:obligation
@!!id:739
@!!loc:610:37:610:41
@!!status:to be proved
@!!END

@!!BEGIN
@!!type:obligation
@!!id:740
@!!loc:610:43:610:55
@!!status:to be proved
@!!END

@!!BEGIN
@!!type:obligation
@!!id:741
@!!loc:612:5:612:7
@!!status:to be proved
@!!END

@!!BEGIN
@!!type:obligation
@!!id:742
@!!loc:612:8:612:12
@!!status:to be proved
@!!END

@!!BEGIN
@!!type:obligation
@!!id:743
@!!loc:612:14:612:18
@!!status:to be proved
@!!END

@!!BEGIN
@!!type:obligation
@!!id:744
@!!loc:612:20:612:24
@!!status:to be proved
@!!END

@!!BEGIN
@!!type:obligation
@!!id:745
@!!loc:612:26:612:34
@!!status:to be proved
@!!END

@!!BEGIN
@!!type:obligation
@!!id:746
@!!loc:613:17:613:19
@!!status:to be proved
@!!END

@!!BEGIN
@!!type:obligation
@!!id:747
@!!loc:613:20:613:24
@!!status:to be proved
@!!END

@!!BEGIN
@!!type:obligation
@!!id:748
@!!loc:613:26:613:30
@!!status:to be proved
@!!END

@!!BEGIN
@!!type:obligation
@!!id:749
@!!loc:613:32:613:36
@!!status:to be proved
@!!END

@!!BEGIN
@!!type:obligation
@!!id:750
@!!loc:613:38:613:42
@!!status:to be proved
@!!END

@!!BEGIN
@!!type:obligation
@!!id:751
@!!loc:613:44:613:55
@!!status:to be proved
@!!END

@!!BEGIN
@!!type:obligation
@!!id:752
@!!loc:614:17:614:19
@!!status:to be proved
@!!END

@!!BEGIN
@!!type:obligation
@!!id:753
@!!loc:614:20:614:24
@!!status:to be proved
@!!END

@!!BEGIN
@!!type:obligation
@!!id:754
@!!loc:614:26:614:30
@!!status:to be proved
@!!END

@!!BEGIN
@!!type:obligation
@!!id:755
@!!loc:614:32:614:36
@!!status:to be proved
@!!END

@!!BEGIN
@!!type:obligation
@!!id:756
@!!loc:614:38:614:42
@!!status:to be proved
@!!END

@!!BEGIN
@!!type:obligation
@!!id:757
@!!loc:614:44:614:48
@!!status:to be proved
@!!END

@!!BEGIN
@!!type:obligation
@!!id:758
@!!loc:614:50:614:54
@!!status:to be proved
@!!END

@!!BEGIN
@!!type:obligation
@!!id:759
@!!loc:615:49:615:51
@!!status:to be proved
@!!END

@!!BEGIN
@!!type:obligation
@!!id:760
@!!loc:615:52:615:56
@!!status:to be proved
@!!END

@!!BEGIN
@!!type:obligation
@!!id:761
@!!loc:615:58:615:62
@!!status:to be proved
@!!END

@!!BEGIN
@!!type:obligation
@!!id:762
@!!loc:615:64:615:68
@!!status:to be proved
@!!END

@!!BEGIN
@!!type:obligation
@!!id:763
@!!loc:615:70:615:74
@!!status:to be proved
@!!END

@!!BEGIN
@!!type:obligation
@!!id:764
@!!loc:618:5:618:7
@!!status:to be proved
@!!END

@!!BEGIN
@!!type:obligation
@!!id:765
@!!loc:618:8:618:12
@!!status:to be proved
@!!END

@!!BEGIN
@!!type:obligation
@!!id:766
@!!loc:618:14:618:18
@!!status:to be proved
@!!END

@!!BEGIN
@!!type:obligation
@!!id:767
@!!loc:620:5:620:7
@!!status:to be proved
@!!END

@!!BEGIN
@!!type:obligation
@!!id:768
@!!loc:620:8:620:12
@!!status:to be proved
@!!END

@!!BEGIN
@!!type:obligation
@!!id:769
@!!loc:620:14:620:18
@!!status:to be proved
@!!END

@!!BEGIN
@!!type:obligation
@!!id:770
@!!loc:620:20:620:24
@!!status:to be proved
@!!END

@!!BEGIN
@!!type:obligation
@!!id:771
@!!loc:621:17:621:19
@!!status:to be proved
@!!END

@!!BEGIN
@!!type:obligation
@!!id:772
@!!loc:621:20:621:24
@!!status:to be proved
@!!END

@!!BEGIN
@!!type:obligation
@!!id:773
@!!loc:621:26:621:30
@!!status:to be proved
@!!END

@!!BEGIN
@!!type:obligation
@!!id:774
@!!loc:621:32:621:36
@!!status:to be proved
@!!END

@!!BEGIN
@!!type:obligation
@!!id:775
@!!loc:621:38:621:43
@!!status:to be proved
@!!END

@!!BEGIN
@!!type:obligation
@!!id:776
@!!loc:621:45:621:56
@!!status:to be proved
@!!END

@!!BEGIN
@!!type:obligation
@!!id:777
@!!loc:662:12:662:14
@!!status:to be proved
@!!END

@!!BEGIN
@!!type:obligation
@!!id:778
@!!loc:662:15:662:20
@!!status:to be proved
@!!END

@!!BEGIN
@!!type:obligation
@!!id:779
@!!loc:662:22:662:27
@!!status:to be proved
@!!END

@!!BEGIN
@!!type:obligation
@!!id:780
@!!loc:662:29:662:34
@!!status:to be proved
@!!END

@!!BEGIN
@!!type:obligation
@!!id:781
@!!loc:631:5:631:7
@!!status:to be proved
@!!END

@!!BEGIN
@!!type:obligation
@!!id:782
@!!loc:631:8:631:12
@!!status:to be proved
@!!END

@!!BEGIN
@!!type:obligation
@!!id:783
@!!loc:632:23:632:25
@!!status:to be proved
@!!END

@!!BEGIN
@!!type:obligation
@!!id:784
@!!loc:632:26:632:30
@!!status:to be proved
@!!END

@!!BEGIN
@!!type:obligation
@!!id:785
@!!loc:632:32:632:36
@!!status:to be proved
@!!END

@!!BEGIN
@!!type:obligation
@!!id:786
@!!loc:632:38:632:48
@!!status:to be proved
@!!END

@!!BEGIN
@!!type:obligation
@!!id:787
@!!loc:633:37:633:39
@!!status:to be proved
@!!END

@!!BEGIN
@!!type:obligation
@!!id:788
@!!loc:633:40:633:44
@!!status:to be proved
@!!END

@!!BEGIN
@!!type:obligation
@!!id:789
@!!loc:633:46:633:50
@!!status:to be proved
@!!END

@!!BEGIN
@!!type:obligation
@!!id:790
@!!loc:638:14:638:16
@!!status:to be proved
@!!END

@!!BEGIN
@!!type:obligation
@!!id:791
@!!loc:638:17:638:21
@!!status:to be proved
@!!END

@!!BEGIN
@!!type:obligation
@!!id:792
@!!loc:638:23:638:27
@!!status:to be proved
@!!END

@!!BEGIN
@!!type:obligation
@!!id:793
@!!loc:638:29:638:41
@!!status:to be proved
@!!END

@!!BEGIN
@!!type:obligation
@!!id:794
@!!loc:638:43:638:52
@!!status:to be proved
@!!END

@!!BEGIN
@!!type:obligation
@!!id:795
@!!loc:637:7:637:9
@!!status:to be proved
@!!END

@!!BEGIN
@!!type:obligation
@!!id:796
@!!loc:637:10:637:14
@!!status:to be proved
@!!END

@!!BEGIN
@!!type:obligation
@!!id:797
@!!loc:637:16:637:20
@!!status:to be proved
@!!END

@!!BEGIN
@!!type:obligation
@!!id:798
@!!loc:637:22:637:34
@!!status:to be proved
@!!END

@!!BEGIN
@!!type:obligation
@!!id:799
@!!loc:639:41:639:43
@!!status:to be proved
@!!END

@!!BEGIN
@!!type:obligation
@!!id:800
@!!loc:639:44:639:48
@!!status:to be proved
@!!END

@!!BEGIN
@!!type:obligation
@!!id:801
@!!loc:639:50:639:54
@!!status:to be proved
@!!END

@!!BEGIN
@!!type:obligation
@!!id:802
@!!loc:639:56:639:68
@!!status:to be proved
@!!END

@!!BEGIN
@!!type:obligation
@!!id:803
@!!loc:641:5:641:7
@!!status:to be proved
@!!END

@!!BEGIN
@!!type:obligation
@!!id:804
@!!loc:641:8:641:12
@!!status:to be proved
@!!END

@!!BEGIN
@!!type:obligation
@!!id:805
@!!loc:641:14:641:18
@!!status:to be proved
@!!END

@!!BEGIN
@!!type:obligation
@!!id:806
@!!loc:641:20:641:24
@!!status:to be proved
@!!END

@!!BEGIN
@!!type:obligation
@!!id:807
@!!loc:641:26:641:34
@!!status:to be proved
@!!END

@!!BEGIN
@!!type:obligation
@!!id:808
@!!loc:643:5:643:7
@!!status:to be proved
@!!END

@!!BEGIN
@!!type:obligation
@!!id:809
@!!loc:643:8:643:12
@!!status:to be proved
@!!END

@!!BEGIN
@!!type:obligation
@!!id:810
@!!loc:643:14:643:18
@!!status:to be proved
@!!END

@!!BEGIN
@!!type:obligation
@!!id:811
@!!loc:643:20:643:24
@!!status:to be proved
@!!END

@!!BEGIN
@!!type:obligation
@!!id:812
@!!loc:643:26:643:30
@!!status:to be proved
@!!END

@!!BEGIN
@!!type:obligation
@!!id:813
@!!loc:643:32:643:36
@!!status:to be proved
@!!END

@!!BEGIN
@!!type:obligation
@!!id:814
@!!loc:643:38:643:42
@!!status:to be proved
@!!END

@!!BEGIN
@!!type:obligation
@!!id:815
@!!loc:644:42:644:44
@!!status:to be proved
@!!END

@!!BEGIN
@!!type:obligation
@!!id:816
@!!loc:644:45:644:49
@!!status:to be proved
@!!END

@!!BEGIN
@!!type:obligation
@!!id:817
@!!loc:644:51:644:55
@!!status:to be proved
@!!END

@!!BEGIN
@!!type:obligation
@!!id:818
@!!loc:645:17:645:19
@!!status:to be proved
@!!END

@!!BEGIN
@!!type:obligation
@!!id:819
@!!loc:645:20:645:24
@!!status:to be proved
@!!END

@!!BEGIN
@!!type:obligation
@!!id:820
@!!loc:645:26:645:30
@!!status:to be proved
@!!END

@!!BEGIN
@!!type:obligation
@!!id:821
@!!loc:645:32:645:36
@!!status:to be proved
@!!END

@!!BEGIN
@!!type:obligation
@!!id:822
@!!loc:645:38:645:42
@!!status:to be proved
@!!END

@!!BEGIN
@!!type:obligation
@!!id:823
@!!loc:645:44:645:55
@!!status:to be proved
@!!END

@!!BEGIN
@!!type:obligation
@!!id:824
@!!loc:646:18:646:20
@!!status:to be proved
@!!END

@!!BEGIN
@!!type:obligation
@!!id:825
@!!loc:646:21:646:25
@!!status:to be proved
@!!END

@!!BEGIN
@!!type:obligation
@!!id:826
@!!loc:646:27:646:31
@!!status:to be proved
@!!END

@!!BEGIN
@!!type:obligation
@!!id:827
@!!loc:646:33:646:37
@!!status:to be proved
@!!END

@!!BEGIN
@!!type:obligation
@!!id:828
@!!loc:646:39:646:43
@!!status:to be proved
@!!END

@!!BEGIN
@!!type:obligation
@!!id:829
@!!loc:646:45:646:49
@!!status:to be proved
@!!END

@!!BEGIN
@!!type:obligation
@!!id:830
@!!loc:646:51:646:55
@!!status:to be proved
@!!END

@!!BEGIN
@!!type:obligation
@!!id:831
@!!loc:646:57:646:61
@!!status:to be proved
@!!END

@!!BEGIN
@!!type:obligation
@!!id:832
@!!loc:646:63:646:67
@!!status:to be proved
@!!END

@!!BEGIN
@!!type:obligation
@!!id:833
@!!loc:647:50:647:52
@!!status:to be proved
@!!END

@!!BEGIN
@!!type:obligation
@!!id:834
@!!loc:647:53:647:57
@!!status:to be proved
@!!END

@!!BEGIN
@!!type:obligation
@!!id:835
@!!loc:647:59:647:63
@!!status:to be proved
@!!END

@!!BEGIN
@!!type:obligation
@!!id:836
@!!loc:647:65:647:69
@!!status:to be proved
@!!END

@!!BEGIN
@!!type:obligation
@!!id:837
@!!loc:647:71:647:75
@!!status:to be proved
@!!END

@!!BEGIN
@!!type:obligation
@!!id:838
@!!loc:647:77:647:81
@!!status:to be proved
@!!END

@!!BEGIN
@!!type:obligation
@!!id:839
@!!loc:647:83:647:87
@!!status:to be proved
@!!END

@!!BEGIN
@!!type:obligation
@!!id:840
@!!loc:658:14:658:16
@!!status:to be proved
@!!END

@!!BEGIN
@!!type:obligation
@!!id:841
@!!loc:658:17:658:21
@!!status:to be proved
@!!END

@!!BEGIN
@!!type:obligation
@!!id:842
@!!loc:658:23:658:27
@!!status:to be proved
@!!END

@!!BEGIN
@!!type:obligation
@!!id:843
@!!loc:658:29:658:33
@!!status:to be proved
@!!END

@!!BEGIN
@!!type:obligation
@!!id:844
@!!loc:651:7:651:9
@!!status:to be proved
@!!END

@!!BEGIN
@!!type:obligation
@!!id:845
@!!loc:651:10:651:14
@!!status:to be proved
@!!END

@!!BEGIN
@!!type:obligation
@!!id:846
@!!loc:651:16:651:20
@!!status:to be proved
@!!END

@!!BEGIN
@!!type:obligation
@!!id:847
@!!loc:651:22:651:26
@!!status:to be proved
@!!END

@!!BEGIN
@!!type:obligation
@!!id:848
@!!loc:651:28:651:32
@!!status:to be proved
@!!END

@!!BEGIN
@!!type:obligation
@!!id:849
@!!loc:651:34:651:46
@!!status:to be proved
@!!END

@!!BEGIN
@!!type:obligation
@!!id:850
@!!loc:653:7:653:9
@!!status:to be proved
@!!END

@!!BEGIN
@!!type:obligation
@!!id:851
@!!loc:653:10:653:14
@!!status:to be proved
@!!END

@!!BEGIN
@!!type:obligation
@!!id:852
@!!loc:653:16:653:20
@!!status:to be proved
@!!END

@!!BEGIN
@!!type:obligation
@!!id:853
@!!loc:653:22:653:26
@!!status:to be proved
@!!END

@!!BEGIN
@!!type:obligation
@!!id:854
@!!loc:653:28:653:32
@!!status:to be proved
@!!END

@!!BEGIN
@!!type:obligation
@!!id:855
@!!loc:653:34:653:46
@!!status:to be proved
@!!END

@!!BEGIN
@!!type:obligation
@!!id:856
@!!loc:657:7:657:9
@!!status:to be proved
@!!END

@!!BEGIN
@!!type:obligation
@!!id:857
@!!loc:660:5:660:7
@!!status:to be proved
@!!END

@!!BEGIN
@!!type:obligation
@!!id:858
@!!loc:660:8:660:12
@!!status:to be proved
@!!END

@!!BEGIN
@!!type:obligation
@!!id:859
@!!loc:660:14:660:18
@!!status:to be proved
@!!END

@!!BEGIN
@!!type:obligation
@!!id:860
@!!loc:660:20:660:24
@!!status:to be proved
@!!END

@!!BEGIN
@!!type:obligation
@!!id:861
@!!loc:661:18:661:20
@!!status:to be proved
@!!END

@!!BEGIN
@!!type:obligation
@!!id:862
@!!loc:661:21:661:25
@!!status:to be proved
@!!END

@!!BEGIN
@!!type:obligation
@!!id:863
@!!loc:661:27:661:31
@!!status:to be proved
@!!END

@!!BEGIN
@!!type:obligation
@!!id:864
@!!loc:661:33:661:38
@!!status:to be proved
@!!END

@!!BEGIN
@!!type:obligation
@!!id:865
@!!loc:661:40:661:46
@!!status:to be proved
@!!END

@!!BEGIN
@!!type:obligation
@!!id:866
@!!loc:661:48:661:59
@!!status:to be proved
@!!END

@!!BEGIN
@!!type:obligation
@!!id:867
@!!loc:695:10:695:12
@!!status:to be proved
@!!END

@!!BEGIN
@!!type:obligation
@!!id:868
@!!loc:695:13:695:17
@!!status:to be proved
@!!END

@!!BEGIN
@!!type:obligation
@!!id:869
@!!loc:695:19:695:23
@!!status:to be proved
@!!END

@!!BEGIN
@!!type:obligation
@!!id:870
@!!loc:695:25:695:30
@!!status:to be proved
@!!END

@!!BEGIN
@!!type:obligation
@!!id:871
@!!loc:671:14:671:16
@!!status:to be proved
@!!END

@!!BEGIN
@!!type:obligation
@!!id:872
@!!loc:672:44:672:46
@!!status:to be proved
@!!END

@!!BEGIN
@!!type:obligation
@!!id:873
@!!loc:673:14:673:16
@!!status:to be proved
@!!END

@!!BEGIN
@!!type:obligation
@!!id:874
@!!loc:674:23:674:25
@!!status:to be proved
@!!END

@!!BEGIN
@!!type:obligation
@!!id:875
@!!loc:674:26:674:30
@!!status:to be proved
@!!END

@!!BEGIN
@!!type:obligation
@!!id:876
@!!loc:675:80:675:82
@!!status:to be proved
@!!END

@!!BEGIN
@!!type:obligation
@!!id:877
@!!loc:675:83:675:87
@!!status:to be proved
@!!END

@!!BEGIN
@!!type:obligation
@!!id:878
@!!loc:680:3:680:5
@!!status:to be proved
@!!END

@!!BEGIN
@!!type:obligation
@!!id:879
@!!loc:681:12:681:19
@!!status:to be proved
@!!END

@!!BEGIN
@!!type:obligation
@!!id:880
@!!loc:682:31:682:33
@!!status:to be proved
@!!END

@!!BEGIN
@!!type:obligation
@!!id:881
@!!loc:682:34:682:38
@!!status:to be proved
@!!END

@!!BEGIN
@!!type:obligation
@!!id:882
@!!loc:682:40:682:44
@!!status:to be proved
@!!END

@!!BEGIN
@!!type:obligation
@!!id:883
@!!loc:682:46:682:58
@!!status:to be proved
@!!END

@!!BEGIN
@!!type:obligation
@!!id:884
@!!loc:684:3:684:5
@!!status:to be proved
@!!END

@!!BEGIN
@!!type:obligation
@!!id:885
@!!loc:684:6:684:10
@!!status:to be proved
@!!END

@!!BEGIN
@!!type:obligation
@!!id:886
@!!loc:684:12:684:16
@!!status:to be proved
@!!END

@!!BEGIN
@!!type:obligation
@!!id:887
@!!loc:684:18:684:22
@!!status:to be proved
@!!END

@!!BEGIN
@!!type:obligation
@!!id:888
@!!loc:684:24:684:32
@!!status:to be proved
@!!END

@!!BEGIN
@!!type:obligation
@!!id:889
@!!loc:685:15:685:17
@!!status:to be proved
@!!END

@!!BEGIN
@!!type:obligation
@!!id:890
@!!loc:685:18:685:22
@!!status:to be proved
@!!END

@!!BEGIN
@!!type:obligation
@!!id:891
@!!loc:685:24:685:28
@!!status:to be proved
@!!END

@!!BEGIN
@!!type:obligation
@!!id:892
@!!loc:685:30:685:34
@!!status:to be proved
@!!END

@!!BEGIN
@!!type:obligation
@!!id:893
@!!loc:685:36:685:40
@!!status:to be proved
@!!END

@!!BEGIN
@!!type:obligation
@!!id:894
@!!loc:685:42:685:53
@!!status:to be proved
@!!END

@!!BEGIN
@!!type:obligation
@!!id:895
@!!loc:686:15:686:17
@!!status:to be proved
@!!END

@!!BEGIN
@!!type:obligation
@!!id:896
@!!loc:686:18:686:22
@!!status:to be proved
@!!END

@!!BEGIN
@!!type:obligation
@!!id:897
@!!loc:686:24:686:28
@!!status:to be proved
@!!END

@!!BEGIN
@!!type:obligation
@!!id:898
@!!loc:686:30:686:34
@!!status:to be proved
@!!END

@!!BEGIN
@!!type:obligation
@!!id:899
@!!loc:686:36:686:40
@!!status:to be proved
@!!END

@!!BEGIN
@!!type:obligation
@!!id:900
@!!loc:686:42:686:46
@!!status:to be proved
@!!END

@!!BEGIN
@!!type:obligation
@!!id:901
@!!loc:687:47:687:49
@!!status:to be proved
@!!END

@!!BEGIN
@!!type:obligation
@!!id:902
@!!loc:687:50:687:54
@!!status:to be proved
@!!END

@!!BEGIN
@!!type:obligation
@!!id:903
@!!loc:687:56:687:60
@!!status:to be proved
@!!END

@!!BEGIN
@!!type:obligation
@!!id:904
@!!loc:687:62:687:66
@!!status:to be proved
@!!END

@!!BEGIN
@!!type:obligation
@!!id:905
@!!loc:687:68:687:72
@!!status:to be proved
@!!END

@!!BEGIN
@!!type:obligation
@!!id:906
@!!loc:689:3:689:5
@!!status:to be proved
@!!END

@!!BEGIN
@!!type:obligation
@!!id:907
@!!loc:689:6:689:10
@!!status:to be proved
@!!END

@!!BEGIN
@!!type:obligation
@!!id:908
@!!loc:689:12:689:16
@!!status:to be proved
@!!END

@!!BEGIN
@!!type:obligation
@!!id:909
@!!loc:689:18:689:22
@!!status:to be proved
@!!END

@!!BEGIN
@!!type:obligation
@!!id:910
@!!loc:689:24:689:28
@!!status:to be proved
@!!END

@!!BEGIN
@!!type:obligation
@!!id:911
@!!loc:689:30:689:42
@!!status:to be proved
@!!END

@!!BEGIN
@!!type:obligation
@!!id:912
@!!loc:691:3:691:5
@!!status:to be proved
@!!END

@!!BEGIN
@!!type:obligation
@!!id:913
@!!loc:691:6:691:10
@!!status:to be proved
@!!END

@!!BEGIN
@!!type:obligation
@!!id:914
@!!loc:691:12:691:16
@!!status:to be proved
@!!END

@!!BEGIN
@!!type:obligation
@!!id:915
@!!loc:691:18:691:22
@!!status:to be proved
@!!END

@!!BEGIN
@!!type:obligation
@!!id:916
@!!loc:691:24:691:28
@!!status:to be proved
@!!END

@!!BEGIN
@!!type:obligation
@!!id:917
@!!loc:691:30:691:42
@!!status:to be proved
@!!END

@!!BEGIN
@!!type:obligation
@!!id:918
@!!loc:693:3:693:5
@!!status:to be proved
@!!END

@!!BEGIN
@!!type:obligation
@!!id:919
@!!loc:693:6:693:10
@!!status:to be proved
@!!END

@!!BEGIN
@!!type:obligation
@!!id:920
@!!loc:693:12:693:16
@!!status:to be proved
@!!END

@!!BEGIN
@!!type:obligation
@!!id:921
@!!loc:693:18:693:22
@!!status:to be proved
@!!END

@!!BEGIN
@!!type:obligation
@!!id:922
@!!loc:694:16:694:18
@!!status:to be proved
@!!END

@!!BEGIN
@!!type:obligation
@!!id:923
@!!loc:694:19:694:23
@!!status:to be proved
@!!END

@!!BEGIN
@!!type:obligation
@!!id:924
@!!loc:694:25:694:29
@!!status:to be proved
@!!END

@!!BEGIN
@!!type:obligation
@!!id:925
@!!loc:694:31:694:35
@!!status:to be proved
@!!END

@!!BEGIN
@!!type:obligation
@!!id:926
@!!loc:694:37:694:41
@!!status:to be proved
@!!END

@!!BEGIN
@!!type:obligation
@!!id:927
@!!loc:694:43:694:48
@!!status:to be proved
@!!END

@!!BEGIN
@!!type:obligation
@!!id:928
@!!loc:694:50:694:61
@!!status:to be proved
@!!END

@!!BEGIN
@!!type:obligation
@!!id:929
@!!loc:724:10:724:12
@!!status:to be proved
@!!END

@!!BEGIN
@!!type:obligation
@!!id:930
@!!loc:724:13:724:17
@!!status:to be proved
@!!END

@!!BEGIN
@!!type:obligation
@!!id:931
@!!loc:724:19:724:23
@!!status:to be proved
@!!END

@!!BEGIN
@!!type:obligation
@!!id:932
@!!loc:724:25:724:30
@!!status:to be proved
@!!END

@!!BEGIN
@!!type:obligation
@!!id:933
@!!loc:700:14:700:16
@!!status:to be proved
@!!END

@!!BEGIN
@!!type:obligation
@!!id:934
@!!loc:701:44:701:46
@!!status:to be proved
@!!END

@!!BEGIN
@!!type:obligation
@!!id:935
@!!loc:702:14:702:16
@!!status:to be proved
@!!END

@!!BEGIN
@!!type:obligation
@!!id:936
@!!loc:703:23:703:25
@!!status:to be proved
@!!END

@!!BEGIN
@!!type:obligation
@!!id:937
@!!loc:703:26:703:30
@!!status:to be proved
@!!END

@!!BEGIN
@!!type:obligation
@!!id:938
@!!loc:704:80:704:82
@!!status:to be proved
@!!END

@!!BEGIN
@!!type:obligation
@!!id:939
@!!loc:704:83:704:87
@!!status:to be proved
@!!END

@!!BEGIN
@!!type:obligation
@!!id:940
@!!loc:709:3:709:5
@!!status:to be proved
@!!END

@!!BEGIN
@!!type:obligation
@!!id:941
@!!loc:710:12:710:19
@!!status:to be proved
@!!END

@!!BEGIN
@!!type:obligation
@!!id:942
@!!loc:711:28:711:30
@!!status:to be proved
@!!END

@!!BEGIN
@!!type:obligation
@!!id:943
@!!loc:711:31:711:35
@!!status:to be proved
@!!END

@!!BEGIN
@!!type:obligation
@!!id:944
@!!loc:711:37:711:41
@!!status:to be proved
@!!END

@!!BEGIN
@!!type:obligation
@!!id:945
@!!loc:711:43:711:55
@!!status:to be proved
@!!END

@!!BEGIN
@!!type:obligation
@!!id:946
@!!loc:713:3:713:5
@!!status:to be proved
@!!END

@!!BEGIN
@!!type:obligation
@!!id:947
@!!loc:713:6:713:10
@!!status:to be proved
@!!END

@!!BEGIN
@!!type:obligation
@!!id:948
@!!loc:713:12:713:16
@!!status:to be proved
@!!END

@!!BEGIN
@!!type:obligation
@!!id:949
@!!loc:713:18:713:22
@!!status:to be proved
@!!END

@!!BEGIN
@!!type:obligation
@!!id:950
@!!loc:713:24:713:32
@!!status:to be proved
@!!END

@!!BEGIN
@!!type:obligation
@!!id:951
@!!loc:714:15:714:17
@!!status:to be proved
@!!END

@!!BEGIN
@!!type:obligation
@!!id:952
@!!loc:714:18:714:22
@!!status:to be proved
@!!END

@!!BEGIN
@!!type:obligation
@!!id:953
@!!loc:714:24:714:28
@!!status:to be proved
@!!END

@!!BEGIN
@!!type:obligation
@!!id:954
@!!loc:714:30:714:34
@!!status:to be proved
@!!END

@!!BEGIN
@!!type:obligation
@!!id:955
@!!loc:714:36:714:40
@!!status:to be proved
@!!END

@!!BEGIN
@!!type:obligation
@!!id:956
@!!loc:714:42:714:53
@!!status:to be proved
@!!END

@!!BEGIN
@!!type:obligation
@!!id:957
@!!loc:715:15:715:17
@!!status:to be proved
@!!END

@!!BEGIN
@!!type:obligation
@!!id:958
@!!loc:715:18:715:22
@!!status:to be proved
@!!END

@!!BEGIN
@!!type:obligation
@!!id:959
@!!loc:715:24:715:28
@!!status:to be proved
@!!END

@!!BEGIN
@!!type:obligation
@!!id:960
@!!loc:715:30:715:34
@!!status:to be proved
@!!END

@!!BEGIN
@!!type:obligation
@!!id:961
@!!loc:715:36:715:40
@!!status:to be proved
@!!END

@!!BEGIN
@!!type:obligation
@!!id:962
@!!loc:715:42:715:46
@!!status:to be proved
@!!END

@!!BEGIN
@!!type:obligation
@!!id:963
@!!loc:716:47:716:49
@!!status:to be proved
@!!END

@!!BEGIN
@!!type:obligation
@!!id:964
@!!loc:716:50:716:54
@!!status:to be proved
@!!END

@!!BEGIN
@!!type:obligation
@!!id:965
@!!loc:716:56:716:60
@!!status:to be proved
@!!END

@!!BEGIN
@!!type:obligation
@!!id:966
@!!loc:716:62:716:66
@!!status:to be proved
@!!END

@!!BEGIN
@!!type:obligation
@!!id:967
@!!loc:716:68:716:72
@!!status:to be proved
@!!END

@!!BEGIN
@!!type:obligation
@!!id:968
@!!loc:718:3:718:5
@!!status:to be proved
@!!END

@!!BEGIN
@!!type:obligation
@!!id:969
@!!loc:718:6:718:10
@!!status:to be proved
@!!END

@!!BEGIN
@!!type:obligation
@!!id:970
@!!loc:718:12:718:16
@!!status:to be proved
@!!END

@!!BEGIN
@!!type:obligation
@!!id:971
@!!loc:718:18:718:22
@!!status:to be proved
@!!END

@!!BEGIN
@!!type:obligation
@!!id:972
@!!loc:718:24:718:28
@!!status:to be proved
@!!END

@!!BEGIN
@!!type:obligation
@!!id:973
@!!loc:718:30:718:42
@!!status:to be proved
@!!END

@!!BEGIN
@!!type:obligation
@!!id:974
@!!loc:720:3:720:5
@!!status:to be proved
@!!END

@!!BEGIN
@!!type:obligation
@!!id:975
@!!loc:720:6:720:10
@!!status:to be proved
@!!END

@!!BEGIN
@!!type:obligation
@!!id:976
@!!loc:720:12:720:16
@!!status:to be proved
@!!END

@!!BEGIN
@!!type:obligation
@!!id:977
@!!loc:720:18:720:22
@!!status:to be proved
@!!END

@!!BEGIN
@!!type:obligation
@!!id:978
@!!loc:720:24:720:28
@!!status:to be proved
@!!END

@!!BEGIN
@!!type:obligation
@!!id:979
@!!loc:720:30:720:42
@!!status:to be proved
@!!END

@!!BEGIN
@!!type:obligation
@!!id:980
@!!loc:722:3:722:5
@!!status:to be proved
@!!END

@!!BEGIN
@!!type:obligation
@!!id:981
@!!loc:722:6:722:10
@!!status:to be proved
@!!END

@!!BEGIN
@!!type:obligation
@!!id:982
@!!loc:722:12:722:16
@!!status:to be proved
@!!END

@!!BEGIN
@!!type:obligation
@!!id:983
@!!loc:722:18:722:22
@!!status:to be proved
@!!END

@!!BEGIN
@!!type:obligation
@!!id:984
@!!loc:723:16:723:18
@!!status:to be proved
@!!END

@!!BEGIN
@!!type:obligation
@!!id:985
@!!loc:723:19:723:23
@!!status:to be proved
@!!END

@!!BEGIN
@!!type:obligation
@!!id:986
@!!loc:723:25:723:29
@!!status:to be proved
@!!END

@!!BEGIN
@!!type:obligation
@!!id:987
@!!loc:723:31:723:35
@!!status:to be proved
@!!END

@!!BEGIN
@!!type:obligation
@!!id:988
@!!loc:723:37:723:41
@!!status:to be proved
@!!END

@!!BEGIN
@!!type:obligation
@!!id:989
@!!loc:723:43:723:48
@!!status:to be proved
@!!END

@!!BEGIN
@!!type:obligation
@!!id:990
@!!loc:723:50:723:61
@!!status:to be proved
@!!END

@!!BEGIN
@!!type:obligation
@!!id:991
@!!loc:752:10:752:12
@!!status:to be proved
@!!END

@!!BEGIN
@!!type:obligation
@!!id:992
@!!loc:752:13:752:17
@!!status:to be proved
@!!END

@!!BEGIN
@!!type:obligation
@!!id:993
@!!loc:752:19:752:23
@!!status:to be proved
@!!END

@!!BEGIN
@!!type:obligation
@!!id:994
@!!loc:752:25:752:30
@!!status:to be proved
@!!END

@!!BEGIN
@!!type:obligation
@!!id:995
@!!loc:729:14:729:16
@!!status:to be proved
@!!END

@!!BEGIN
@!!type:obligation
@!!id:996
@!!loc:730:44:730:46
@!!status:to be proved
@!!END

@!!BEGIN
@!!type:obligation
@!!id:997
@!!loc:731:14:731:16
@!!status:to be proved
@!!END

@!!BEGIN
@!!type:obligation
@!!id:998
@!!loc:732:23:732:25
@!!status:to be proved
@!!END

@!!BEGIN
@!!type:obligation
@!!id:999
@!!loc:732:26:732:30
@!!status:to be proved
@!!END

@!!BEGIN
@!!type:obligation
@!!id:1000
@!!loc:733:80:733:82
@!!status:to be proved
@!!END

@!!BEGIN
@!!type:obligation
@!!id:1001
@!!loc:733:83:733:87
@!!status:to be proved
@!!END

@!!BEGIN
@!!type:obligation
@!!id:1002
@!!loc:737:3:737:5
@!!status:to be proved
@!!END

@!!BEGIN
@!!type:obligation
@!!id:1003
@!!loc:738:12:738:19
@!!status:to be proved
@!!END

@!!BEGIN
@!!type:obligation
@!!id:1004
@!!loc:739:29:739:31
@!!status:to be proved
@!!END

@!!BEGIN
@!!type:obligation
@!!id:1005
@!!loc:739:32:739:36
@!!status:to be proved
@!!END

@!!BEGIN
@!!type:obligation
@!!id:1006
@!!loc:739:38:739:42
@!!status:to be proved
@!!END

@!!BEGIN
@!!type:obligation
@!!id:1007
@!!loc:739:44:739:56
@!!status:to be proved
@!!END

@!!BEGIN
@!!type:obligation
@!!id:1008
@!!loc:741:3:741:5
@!!status:to be proved
@!!END

@!!BEGIN
@!!type:obligation
@!!id:1009
@!!loc:741:6:741:10
@!!status:to be proved
@!!END

@!!BEGIN
@!!type:obligation
@!!id:1010
@!!loc:741:12:741:16
@!!status:to be proved
@!!END

@!!BEGIN
@!!type:obligation
@!!id:1011
@!!loc:741:18:741:22
@!!status:to be proved
@!!END

@!!BEGIN
@!!type:obligation
@!!id:1012
@!!loc:741:24:741:32
@!!status:to be proved
@!!END

@!!BEGIN
@!!type:obligation
@!!id:1013
@!!loc:742:15:742:17
@!!status:to be proved
@!!END

@!!BEGIN
@!!type:obligation
@!!id:1014
@!!loc:742:18:742:22
@!!status:to be proved
@!!END

@!!BEGIN
@!!type:obligation
@!!id:1015
@!!loc:742:24:742:28
@!!status:to be proved
@!!END

@!!BEGIN
@!!type:obligation
@!!id:1016
@!!loc:742:30:742:34
@!!status:to be proved
@!!END

@!!BEGIN
@!!type:obligation
@!!id:1017
@!!loc:742:36:742:40
@!!status:to be proved
@!!END

@!!BEGIN
@!!type:obligation
@!!id:1018
@!!loc:742:42:742:53
@!!status:to be proved
@!!END

@!!BEGIN
@!!type:obligation
@!!id:1019
@!!loc:743:15:743:17
@!!status:to be proved
@!!END

@!!BEGIN
@!!type:obligation
@!!id:1020
@!!loc:743:18:743:22
@!!status:to be proved
@!!END

@!!BEGIN
@!!type:obligation
@!!id:1021
@!!loc:743:24:743:28
@!!status:to be proved
@!!END

@!!BEGIN
@!!type:obligation
@!!id:1022
@!!loc:743:30:743:34
@!!status:to be proved
@!!END

@!!BEGIN
@!!type:obligation
@!!id:1023
@!!loc:743:36:743:40
@!!status:to be proved
@!!END

@!!BEGIN
@!!type:obligation
@!!id:1024
@!!loc:743:42:743:46
@!!status:to be proved
@!!END

@!!BEGIN
@!!type:obligation
@!!id:1025
@!!loc:744:47:744:49
@!!status:to be proved
@!!END

@!!BEGIN
@!!type:obligation
@!!id:1026
@!!loc:744:50:744:54
@!!status:to be proved
@!!END

@!!BEGIN
@!!type:obligation
@!!id:1027
@!!loc:744:56:744:60
@!!status:to be proved
@!!END

@!!BEGIN
@!!type:obligation
@!!id:1028
@!!loc:744:62:744:66
@!!status:to be proved
@!!END

@!!BEGIN
@!!type:obligation
@!!id:1029
@!!loc:744:68:744:72
@!!status:to be proved
@!!END

@!!BEGIN
@!!type:obligation
@!!id:1030
@!!loc:746:3:746:5
@!!status:to be proved
@!!END

@!!BEGIN
@!!type:obligation
@!!id:1031
@!!loc:746:6:746:10
@!!status:to be proved
@!!END

@!!BEGIN
@!!type:obligation
@!!id:1032
@!!loc:746:12:746:16
@!!status:to be proved
@!!END

@!!BEGIN
@!!type:obligation
@!!id:1033
@!!loc:746:18:746:22
@!!status:to be proved
@!!END

@!!BEGIN
@!!type:obligation
@!!id:1034
@!!loc:746:24:746:28
@!!status:to be proved
@!!END

@!!BEGIN
@!!type:obligation
@!!id:1035
@!!loc:746:30:746:42
@!!status:to be proved
@!!END

@!!BEGIN
@!!type:obligation
@!!id:1036
@!!loc:748:3:748:5
@!!status:to be proved
@!!END

@!!BEGIN
@!!type:obligation
@!!id:1037
@!!loc:748:6:748:10
@!!status:to be proved
@!!END

@!!BEGIN
@!!type:obligation
@!!id:1038
@!!loc:748:12:748:16
@!!status:to be proved
@!!END

@!!BEGIN
@!!type:obligation
@!!id:1039
@!!loc:748:18:748:22
@!!status:to be proved
@!!END

@!!BEGIN
@!!type:obligation
@!!id:1040
@!!loc:748:24:748:28
@!!status:to be proved
@!!END

@!!BEGIN
@!!type:obligation
@!!id:1041
@!!loc:748:30:748:42
@!!status:to be proved
@!!END

@!!BEGIN
@!!type:obligation
@!!id:1042
@!!loc:750:3:750:5
@!!status:to be proved
@!!END

@!!BEGIN
@!!type:obligation
@!!id:1043
@!!loc:750:6:750:10
@!!status:to be proved
@!!END

@!!BEGIN
@!!type:obligation
@!!id:1044
@!!loc:750:12:750:16
@!!status:to be proved
@!!END

@!!BEGIN
@!!type:obligation
@!!id:1045
@!!loc:750:18:750:22
@!!status:to be proved
@!!END

@!!BEGIN
@!!type:obligation
@!!id:1046
@!!loc:751:16:751:18
@!!status:to be proved
@!!END

@!!BEGIN
@!!type:obligation
@!!id:1047
@!!loc:751:19:751:23
@!!status:to be proved
@!!END

@!!BEGIN
@!!type:obligation
@!!id:1048
@!!loc:751:25:751:29
@!!status:to be proved
@!!END

@!!BEGIN
@!!type:obligation
@!!id:1049
@!!loc:751:31:751:35
@!!status:to be proved
@!!END

@!!BEGIN
@!!type:obligation
@!!id:1050
@!!loc:751:37:751:41
@!!status:to be proved
@!!END

@!!BEGIN
@!!type:obligation
@!!id:1051
@!!loc:751:43:751:48
@!!status:to be proved
@!!END

@!!BEGIN
@!!type:obligation
@!!id:1052
@!!loc:751:50:751:61
@!!status:to be proved
@!!END

@!!BEGIN
@!!type:obligation
@!!id:1053
@!!loc:795:10:795:12
@!!status:to be proved
@!!END

@!!BEGIN
@!!type:obligation
@!!id:1054
@!!loc:795:13:795:18
@!!status:to be proved
@!!END

@!!BEGIN
@!!type:obligation
@!!id:1055
@!!loc:795:20:795:25
@!!status:to be proved
@!!END

@!!BEGIN
@!!type:obligation
@!!id:1056
@!!loc:795:27:795:32
@!!status:to be proved
@!!END

@!!BEGIN
@!!type:obligation
@!!id:1057
@!!loc:757:14:757:16
@!!status:to be proved
@!!END

@!!BEGIN
@!!type:obligation
@!!id:1058
@!!loc:758:44:758:46
@!!status:to be proved
@!!END

@!!BEGIN
@!!type:obligation
@!!id:1059
@!!loc:759:14:759:16
@!!status:to be proved
@!!END

@!!BEGIN
@!!type:obligation
@!!id:1060
@!!loc:760:23:760:25
@!!status:to be proved
@!!END

@!!BEGIN
@!!type:obligation
@!!id:1061
@!!loc:760:26:760:30
@!!status:to be proved
@!!END

@!!BEGIN
@!!type:obligation
@!!id:1062
@!!loc:761:80:761:82
@!!status:to be proved
@!!END

@!!BEGIN
@!!type:obligation
@!!id:1063
@!!loc:761:83:761:87
@!!status:to be proved
@!!END

@!!BEGIN
@!!type:obligation
@!!id:1064
@!!loc:774:3:774:5
@!!status:to be proved
@!!END

@!!BEGIN
@!!type:obligation
@!!id:1065
@!!loc:776:3:776:5
@!!status:to be proved
@!!END

@!!BEGIN
@!!type:obligation
@!!id:1066
@!!loc:776:6:776:10
@!!status:to be proved
@!!END

@!!BEGIN
@!!type:obligation
@!!id:1067
@!!loc:776:12:776:16
@!!status:to be proved
@!!END

@!!BEGIN
@!!type:obligation
@!!id:1068
@!!loc:776:18:776:22
@!!status:to be proved
@!!END

@!!BEGIN
@!!type:obligation
@!!id:1069
@!!loc:776:24:776:36
@!!status:to be proved
@!!END

@!!BEGIN
@!!type:obligation
@!!id:1070
@!!loc:778:3:778:5
@!!status:to be proved
@!!END

@!!BEGIN
@!!type:obligation
@!!id:1071
@!!loc:778:6:778:10
@!!status:to be proved
@!!END

@!!BEGIN
@!!type:obligation
@!!id:1072
@!!loc:778:12:778:16
@!!status:to be proved
@!!END

@!!BEGIN
@!!type:obligation
@!!id:1073
@!!loc:778:18:778:22
@!!status:to be proved
@!!END

@!!BEGIN
@!!type:obligation
@!!id:1074
@!!loc:778:24:778:28
@!!status:to be proved
@!!END

@!!BEGIN
@!!type:obligation
@!!id:1075
@!!loc:778:30:778:42
@!!status:to be proved
@!!END

@!!BEGIN
@!!type:obligation
@!!id:1076
@!!loc:779:43:779:45
@!!status:to be proved
@!!END

@!!BEGIN
@!!type:obligation
@!!id:1077
@!!loc:779:46:779:50
@!!status:to be proved
@!!END

@!!BEGIN
@!!type:obligation
@!!id:1078
@!!loc:781:3:781:5
@!!status:to be proved
@!!END

@!!BEGIN
@!!type:obligation
@!!id:1079
@!!loc:781:6:781:10
@!!status:to be proved
@!!END

@!!BEGIN
@!!type:obligation
@!!id:1080
@!!loc:781:12:781:16
@!!status:to be proved
@!!END

@!!BEGIN
@!!type:obligation
@!!id:1081
@!!loc:781:18:781:22
@!!status:to be proved
@!!END

@!!BEGIN
@!!type:obligation
@!!id:1082
@!!loc:781:24:781:36
@!!status:to be proved
@!!END

@!!BEGIN
@!!type:obligation
@!!id:1083
@!!loc:782:30:782:32
@!!status:to be proved
@!!END

@!!BEGIN
@!!type:obligation
@!!id:1084
@!!loc:782:33:782:37
@!!status:to be proved
@!!END

@!!BEGIN
@!!type:obligation
@!!id:1085
@!!loc:782:39:782:43
@!!status:to be proved
@!!END

@!!BEGIN
@!!type:obligation
@!!id:1086
@!!loc:782:45:782:49
@!!status:to be proved
@!!END

@!!BEGIN
@!!type:obligation
@!!id:1087
@!!loc:782:51:782:55
@!!status:to be proved
@!!END

@!!BEGIN
@!!type:obligation
@!!id:1088
@!!loc:782:57:782:69
@!!status:to be proved
@!!END

@!!BEGIN
@!!type:obligation
@!!id:1089
@!!loc:784:3:784:5
@!!status:to be proved
@!!END

@!!BEGIN
@!!type:obligation
@!!id:1090
@!!loc:784:6:784:10
@!!status:to be proved
@!!END

@!!BEGIN
@!!type:obligation
@!!id:1091
@!!loc:784:12:784:16
@!!status:to be proved
@!!END

@!!BEGIN
@!!type:obligation
@!!id:1092
@!!loc:784:18:784:22
@!!status:to be proved
@!!END

@!!BEGIN
@!!type:obligation
@!!id:1093
@!!loc:784:24:784:32
@!!status:to be proved
@!!END

@!!BEGIN
@!!type:obligation
@!!id:1094
@!!loc:785:41:785:43
@!!status:to be proved
@!!END

@!!BEGIN
@!!type:obligation
@!!id:1095
@!!loc:785:44:785:48
@!!status:to be proved
@!!END

@!!BEGIN
@!!type:obligation
@!!id:1096
@!!loc:785:50:785:54
@!!status:to be proved
@!!END

@!!BEGIN
@!!type:obligation
@!!id:1097
@!!loc:785:56:785:60
@!!status:to be proved
@!!END

@!!BEGIN
@!!type:obligation
@!!id:1098
@!!loc:786:15:786:17
@!!status:to be proved
@!!END

@!!BEGIN
@!!type:obligation
@!!id:1099
@!!loc:786:18:786:22
@!!status:to be proved
@!!END

@!!BEGIN
@!!type:obligation
@!!id:1100
@!!loc:786:24:786:28
@!!status:to be proved
@!!END

@!!BEGIN
@!!type:obligation
@!!id:1101
@!!loc:786:30:786:34
@!!status:to be proved
@!!END

@!!BEGIN
@!!type:obligation
@!!id:1102
@!!loc:786:36:786:40
@!!status:to be proved
@!!END

@!!BEGIN
@!!type:obligation
@!!id:1103
@!!loc:786:42:786:53
@!!status:to be proved
@!!END

@!!BEGIN
@!!type:obligation
@!!id:1104
@!!loc:787:16:787:18
@!!status:to be proved
@!!END

@!!BEGIN
@!!type:obligation
@!!id:1105
@!!loc:787:19:787:23
@!!status:to be proved
@!!END

@!!BEGIN
@!!type:obligation
@!!id:1106
@!!loc:787:25:787:29
@!!status:to be proved
@!!END

@!!BEGIN
@!!type:obligation
@!!id:1107
@!!loc:787:31:787:35
@!!status:to be proved
@!!END

@!!BEGIN
@!!type:obligation
@!!id:1108
@!!loc:787:37:787:41
@!!status:to be proved
@!!END

@!!BEGIN
@!!type:obligation
@!!id:1109
@!!loc:787:43:787:47
@!!status:to be proved
@!!END

@!!BEGIN
@!!type:obligation
@!!id:1110
@!!loc:787:49:787:53
@!!status:to be proved
@!!END

@!!BEGIN
@!!type:obligation
@!!id:1111
@!!loc:787:55:787:59
@!!status:to be proved
@!!END

@!!BEGIN
@!!type:obligation
@!!id:1112
@!!loc:788:48:788:50
@!!status:to be proved
@!!END

@!!BEGIN
@!!type:obligation
@!!id:1113
@!!loc:788:51:788:55
@!!status:to be proved
@!!END

@!!BEGIN
@!!type:obligation
@!!id:1114
@!!loc:788:57:788:61
@!!status:to be proved
@!!END

@!!BEGIN
@!!type:obligation
@!!id:1115
@!!loc:791:3:791:5
@!!status:to be proved
@!!END

@!!BEGIN
@!!type:obligation
@!!id:1116
@!!loc:791:6:791:10
@!!status:to be proved
@!!END

@!!BEGIN
@!!type:obligation
@!!id:1117
@!!loc:791:12:791:16
@!!status:to be proved
@!!END

@!!BEGIN
@!!type:obligation
@!!id:1118
@!!loc:793:3:793:5
@!!status:to be proved
@!!END

@!!BEGIN
@!!type:obligation
@!!id:1119
@!!loc:793:6:793:10
@!!status:to be proved
@!!END

@!!BEGIN
@!!type:obligation
@!!id:1120
@!!loc:793:12:793:16
@!!status:to be proved
@!!END

@!!BEGIN
@!!type:obligation
@!!id:1121
@!!loc:793:18:793:22
@!!status:to be proved
@!!END

@!!BEGIN
@!!type:obligation
@!!id:1122
@!!loc:794:16:794:18
@!!status:to be proved
@!!END

@!!BEGIN
@!!type:obligation
@!!id:1123
@!!loc:794:19:794:23
@!!status:to be proved
@!!END

@!!BEGIN
@!!type:obligation
@!!id:1124
@!!loc:794:25:794:29
@!!status:to be proved
@!!END

@!!BEGIN
@!!type:obligation
@!!id:1125
@!!loc:794:31:794:36
@!!status:to be proved
@!!END

@!!BEGIN
@!!type:obligation
@!!id:1126
@!!loc:794:38:794:44
@!!status:to be proved
@!!END

@!!BEGIN
@!!type:obligation
@!!id:1127
@!!loc:794:46:794:57
@!!status:to be proved
@!!END

@!!BEGIN
@!!type:obligation
@!!id:1128
@!!loc:821:10:821:12
@!!status:to be proved
@!!END

@!!BEGIN
@!!type:obligation
@!!id:1129
@!!loc:821:13:821:17
@!!status:to be proved
@!!END

@!!BEGIN
@!!type:obligation
@!!id:1130
@!!loc:821:19:821:23
@!!status:to be proved
@!!END

@!!BEGIN
@!!type:obligation
@!!id:1131
@!!loc:821:25:821:29
@!!status:to be proved
@!!END

@!!BEGIN
@!!type:obligation
@!!id:1132
@!!loc:800:14:800:16
@!!status:to be proved
@!!END

@!!BEGIN
@!!type:obligation
@!!id:1133
@!!loc:801:44:801:46
@!!status:to be proved
@!!END

@!!BEGIN
@!!type:obligation
@!!id:1134
@!!loc:802:14:802:16
@!!status:to be proved
@!!END

@!!BEGIN
@!!type:obligation
@!!id:1135
@!!loc:803:23:803:25
@!!status:to be proved
@!!END

@!!BEGIN
@!!type:obligation
@!!id:1136
@!!loc:803:26:803:30
@!!status:to be proved
@!!END

@!!BEGIN
@!!type:obligation
@!!id:1137
@!!loc:808:3:808:5
@!!status:to be proved
@!!END

@!!BEGIN
@!!type:obligation
@!!id:1138
@!!loc:809:30:809:32
@!!status:to be proved
@!!END

@!!BEGIN
@!!type:obligation
@!!id:1139
@!!loc:809:33:809:37
@!!status:to be proved
@!!END

@!!BEGIN
@!!type:obligation
@!!id:1140
@!!loc:809:39:809:51
@!!status:to be proved
@!!END

@!!BEGIN
@!!type:obligation
@!!id:1141
@!!loc:811:3:811:5
@!!status:to be proved
@!!END

@!!BEGIN
@!!type:obligation
@!!id:1142
@!!loc:811:6:811:10
@!!status:to be proved
@!!END

@!!BEGIN
@!!type:obligation
@!!id:1143
@!!loc:811:12:811:16
@!!status:to be proved
@!!END

@!!BEGIN
@!!type:obligation
@!!id:1144
@!!loc:811:18:811:22
@!!status:to be proved
@!!END

@!!BEGIN
@!!type:obligation
@!!id:1145
@!!loc:811:24:811:32
@!!status:to be proved
@!!END

@!!BEGIN
@!!type:obligation
@!!id:1146
@!!loc:812:15:812:17
@!!status:to be proved
@!!END

@!!BEGIN
@!!type:obligation
@!!id:1147
@!!loc:812:18:812:22
@!!status:to be proved
@!!END

@!!BEGIN
@!!type:obligation
@!!id:1148
@!!loc:812:24:812:28
@!!status:to be proved
@!!END

@!!BEGIN
@!!type:obligation
@!!id:1149
@!!loc:812:30:812:34
@!!status:to be proved
@!!END

@!!BEGIN
@!!type:obligation
@!!id:1150
@!!loc:812:36:812:47
@!!status:to be proved
@!!END

@!!BEGIN
@!!type:obligation
@!!id:1151
@!!loc:813:15:813:17
@!!status:to be proved
@!!END

@!!BEGIN
@!!type:obligation
@!!id:1152
@!!loc:813:18:813:22
@!!status:to be proved
@!!END

@!!BEGIN
@!!type:obligation
@!!id:1153
@!!loc:813:24:813:28
@!!status:to be proved
@!!END

@!!BEGIN
@!!type:obligation
@!!id:1154
@!!loc:813:30:813:34
@!!status:to be proved
@!!END

@!!BEGIN
@!!type:obligation
@!!id:1155
@!!loc:813:36:813:40
@!!status:to be proved
@!!END

@!!BEGIN
@!!type:obligation
@!!id:1156
@!!loc:814:47:814:49
@!!status:to be proved
@!!END

@!!BEGIN
@!!type:obligation
@!!id:1157
@!!loc:814:50:814:54
@!!status:to be proved
@!!END

@!!BEGIN
@!!type:obligation
@!!id:1158
@!!loc:814:56:814:60
@!!status:to be proved
@!!END

@!!BEGIN
@!!type:obligation
@!!id:1159
@!!loc:817:3:817:5
@!!status:to be proved
@!!END

@!!BEGIN
@!!type:obligation
@!!id:1160
@!!loc:817:6:817:10
@!!status:to be proved
@!!END

@!!BEGIN
@!!type:obligation
@!!id:1161
@!!loc:817:12:817:16
@!!status:to be proved
@!!END

@!!BEGIN
@!!type:obligation
@!!id:1162
@!!loc:819:3:819:5
@!!status:to be proved
@!!END

@!!BEGIN
@!!type:obligation
@!!id:1163
@!!loc:819:6:819:10
@!!status:to be proved
@!!END

@!!BEGIN
@!!type:obligation
@!!id:1164
@!!loc:819:12:819:16
@!!status:to be proved
@!!END

@!!BEGIN
@!!type:obligation
@!!id:1165
@!!loc:820:15:820:17
@!!status:to be proved
@!!END

@!!BEGIN
@!!type:obligation
@!!id:1166
@!!loc:820:18:820:22
@!!status:to be proved
@!!END

@!!BEGIN
@!!type:obligation
@!!id:1167
@!!loc:820:24:820:28
@!!status:to be proved
@!!END

@!!BEGIN
@!!type:obligation
@!!id:1168
@!!loc:820:30:820:34
@!!status:to be proved
@!!END

@!!BEGIN
@!!type:obligation
@!!id:1169
@!!loc:820:36:820:41
@!!status:to be proved
@!!END

@!!BEGIN
@!!type:obligation
@!!id:1170
@!!loc:820:43:820:54
@!!status:to be proved
@!!END

@!!BEGIN
@!!type:obligation
@!!id:1171
@!!loc:840:10:840:12
@!!status:to be proved
@!!END

@!!BEGIN
@!!type:obligation
@!!id:1172
@!!loc:840:13:840:17
@!!status:to be proved
@!!END

@!!BEGIN
@!!type:obligation
@!!id:1173
@!!loc:840:19:840:23
@!!status:to be proved
@!!END

@!!BEGIN
@!!type:obligation
@!!id:1174
@!!loc:840:25:840:29
@!!status:to be proved
@!!END

@!!BEGIN
@!!type:obligation
@!!id:1175
@!!loc:826:14:826:16
@!!status:to be proved
@!!END

@!!BEGIN
@!!type:obligation
@!!id:1176
@!!loc:827:44:827:46
@!!status:to be proved
@!!END

@!!BEGIN
@!!type:obligation
@!!id:1177
@!!loc:828:14:828:16
@!!status:to be proved
@!!END

@!!BEGIN
@!!type:obligation
@!!id:1178
@!!loc:832:3:832:5
@!!status:to be proved
@!!END

@!!BEGIN
@!!type:obligation
@!!id:1179
@!!loc:833:15:833:17
@!!status:to be proved
@!!END

@!!BEGIN
@!!type:obligation
@!!id:1180
@!!loc:833:18:833:22
@!!status:to be proved
@!!END

@!!BEGIN
@!!type:obligation
@!!id:1181
@!!loc:833:24:833:28
@!!status:to be proved
@!!END

@!!BEGIN
@!!type:obligation
@!!id:1182
@!!loc:833:30:833:41
@!!status:to be proved
@!!END

@!!BEGIN
@!!type:obligation
@!!id:1183
@!!loc:834:15:834:17
@!!status:to be proved
@!!END

@!!BEGIN
@!!type:obligation
@!!id:1184
@!!loc:834:18:834:22
@!!status:to be proved
@!!END

@!!BEGIN
@!!type:obligation
@!!id:1185
@!!loc:834:24:834:28
@!!status:to be proved
@!!END

@!!BEGIN
@!!type:obligation
@!!id:1186
@!!loc:834:30:834:34
@!!status:to be proved
@!!END

@!!BEGIN
@!!type:obligation
@!!id:1187
@!!loc:835:47:835:49
@!!status:to be proved
@!!END

@!!BEGIN
@!!type:obligation
@!!id:1188
@!!loc:835:50:835:54
@!!status:to be proved
@!!END

@!!BEGIN
@!!type:obligation
@!!id:1189
@!!loc:835:56:835:60
@!!status:to be proved
@!!END

@!!BEGIN
@!!type:obligation
@!!id:1190
@!!loc:838:3:838:5
@!!status:to be proved
@!!END

@!!BEGIN
@!!type:obligation
@!!id:1191
@!!loc:838:6:838:10
@!!status:to be proved
@!!END

@!!BEGIN
@!!type:obligation
@!!id:1192
@!!loc:838:12:838:16
@!!status:to be proved
@!!END

@!!BEGIN
@!!type:obligation
@!!id:1193
@!!loc:839:15:839:17
@!!status:to be proved
@!!END

@!!BEGIN
@!!type:obligation
@!!id:1194
@!!loc:839:18:839:22
@!!status:to be proved
@!!END

@!!BEGIN
@!!type:obligation
@!!id:1195
@!!loc:839:24:839:28
@!!status:to be proved
@!!END

@!!BEGIN
@!!type:obligation
@!!id:1196
@!!loc:839:30:839:40
@!!status:to be proved
@!!END

@!!BEGIN
@!!type:obligation
@!!id:1197
@!!loc:869:10:869:12
@!!status:to be proved
@!!END

@!!BEGIN
@!!type:obligation
@!!id:1198
@!!loc:869:13:869:17
@!!status:to be proved
@!!END

@!!BEGIN
@!!type:obligation
@!!id:1199
@!!loc:869:19:869:23
@!!status:to be proved
@!!END

@!!BEGIN
@!!type:obligation
@!!id:1200
@!!loc:869:25:869:30
@!!status:to be proved
@!!END

@!!BEGIN
@!!type:obligation
@!!id:1201
@!!loc:845:14:845:16
@!!status:to be proved
@!!END

@!!BEGIN
@!!type:obligation
@!!id:1202
@!!loc:846:44:846:46
@!!status:to be proved
@!!END

@!!BEGIN
@!!type:obligation
@!!id:1203
@!!loc:847:14:847:16
@!!status:to be proved
@!!END

@!!BEGIN
@!!type:obligation
@!!id:1204
@!!loc:848:23:848:25
@!!status:to be proved
@!!END

@!!BEGIN
@!!type:obligation
@!!id:1205
@!!loc:848:26:848:30
@!!status:to be proved
@!!END

@!!BEGIN
@!!type:obligation
@!!id:1206
@!!loc:849:80:849:82
@!!status:to be proved
@!!END

@!!BEGIN
@!!type:obligation
@!!id:1207
@!!loc:849:83:849:87
@!!status:to be proved
@!!END

@!!BEGIN
@!!type:obligation
@!!id:1208
@!!loc:854:3:854:5
@!!status:to be proved
@!!END

@!!BEGIN
@!!type:obligation
@!!id:1209
@!!loc:855:12:855:19
@!!status:to be proved
@!!END

@!!BEGIN
@!!type:obligation
@!!id:1210
@!!loc:856:29:856:31
@!!status:to be proved
@!!END

@!!BEGIN
@!!type:obligation
@!!id:1211
@!!loc:856:32:856:36
@!!status:to be proved
@!!END

@!!BEGIN
@!!type:obligation
@!!id:1212
@!!loc:856:38:856:42
@!!status:to be proved
@!!END

@!!BEGIN
@!!type:obligation
@!!id:1213
@!!loc:856:44:856:56
@!!status:to be proved
@!!END

@!!BEGIN
@!!type:obligation
@!!id:1214
@!!loc:858:3:858:5
@!!status:to be proved
@!!END

@!!BEGIN
@!!type:obligation
@!!id:1215
@!!loc:858:6:858:10
@!!status:to be proved
@!!END

@!!BEGIN
@!!type:obligation
@!!id:1216
@!!loc:858:12:858:16
@!!status:to be proved
@!!END

@!!BEGIN
@!!type:obligation
@!!id:1217
@!!loc:858:18:858:22
@!!status:to be proved
@!!END

@!!BEGIN
@!!type:obligation
@!!id:1218
@!!loc:858:24:858:32
@!!status:to be proved
@!!END

@!!BEGIN
@!!type:obligation
@!!id:1219
@!!loc:859:15:859:17
@!!status:to be proved
@!!END

@!!BEGIN
@!!type:obligation
@!!id:1220
@!!loc:859:18:859:22
@!!status:to be proved
@!!END

@!!BEGIN
@!!type:obligation
@!!id:1221
@!!loc:859:24:859:28
@!!status:to be proved
@!!END

@!!BEGIN
@!!type:obligation
@!!id:1222
@!!loc:859:30:859:34
@!!status:to be proved
@!!END

@!!BEGIN
@!!type:obligation
@!!id:1223
@!!loc:859:36:859:40
@!!status:to be proved
@!!END

@!!BEGIN
@!!type:obligation
@!!id:1224
@!!loc:859:42:859:53
@!!status:to be proved
@!!END

@!!BEGIN
@!!type:obligation
@!!id:1225
@!!loc:860:15:860:17
@!!status:to be proved
@!!END

@!!BEGIN
@!!type:obligation
@!!id:1226
@!!loc:860:18:860:22
@!!status:to be proved
@!!END

@!!BEGIN
@!!type:obligation
@!!id:1227
@!!loc:860:24:860:28
@!!status:to be proved
@!!END

@!!BEGIN
@!!type:obligation
@!!id:1228
@!!loc:860:30:860:34
@!!status:to be proved
@!!END

@!!BEGIN
@!!type:obligation
@!!id:1229
@!!loc:860:36:860:40
@!!status:to be proved
@!!END

@!!BEGIN
@!!type:obligation
@!!id:1230
@!!loc:860:42:860:46
@!!status:to be proved
@!!END

@!!BEGIN
@!!type:obligation
@!!id:1231
@!!loc:861:47:861:49
@!!status:to be proved
@!!END

@!!BEGIN
@!!type:obligation
@!!id:1232
@!!loc:861:50:861:54
@!!status:to be proved
@!!END

@!!BEGIN
@!!type:obligation
@!!id:1233
@!!loc:861:56:861:60
@!!status:to be proved
@!!END

@!!BEGIN
@!!type:obligation
@!!id:1234
@!!loc:861:62:861:66
@!!status:to be proved
@!!END

@!!BEGIN
@!!type:obligation
@!!id:1235
@!!loc:861:68:861:72
@!!status:to be proved
@!!END

@!!BEGIN
@!!type:obligation
@!!id:1236
@!!loc:863:3:863:5
@!!status:to be proved
@!!END

@!!BEGIN
@!!type:obligation
@!!id:1237
@!!loc:863:6:863:10
@!!status:to be proved
@!!END

@!!BEGIN
@!!type:obligation
@!!id:1238
@!!loc:863:12:863:16
@!!status:to be proved
@!!END

@!!BEGIN
@!!type:obligation
@!!id:1239
@!!loc:863:18:863:22
@!!status:to be proved
@!!END

@!!BEGIN
@!!type:obligation
@!!id:1240
@!!loc:863:24:863:28
@!!status:to be proved
@!!END

@!!BEGIN
@!!type:obligation
@!!id:1241
@!!loc:863:30:863:42
@!!status:to be proved
@!!END

@!!BEGIN
@!!type:obligation
@!!id:1242
@!!loc:865:3:865:5
@!!status:to be proved
@!!END

@!!BEGIN
@!!type:obligation
@!!id:1243
@!!loc:865:6:865:10
@!!status:to be proved
@!!END

@!!BEGIN
@!!type:obligation
@!!id:1244
@!!loc:865:12:865:16
@!!status:to be proved
@!!END

@!!BEGIN
@!!type:obligation
@!!id:1245
@!!loc:865:18:865:22
@!!status:to be proved
@!!END

@!!BEGIN
@!!type:obligation
@!!id:1246
@!!loc:865:24:865:28
@!!status:to be proved
@!!END

@!!BEGIN
@!!type:obligation
@!!id:1247
@!!loc:865:30:865:42
@!!status:to be proved
@!!END

@!!BEGIN
@!!type:obligation
@!!id:1248
@!!loc:867:3:867:5
@!!status:to be proved
@!!END

@!!BEGIN
@!!type:obligation
@!!id:1249
@!!loc:867:6:867:10
@!!status:to be proved
@!!END

@!!BEGIN
@!!type:obligation
@!!id:1250
@!!loc:867:12:867:16
@!!status:to be proved
@!!END

@!!BEGIN
@!!type:obligation
@!!id:1251
@!!loc:867:18:867:22
@!!status:to be proved
@!!END

@!!BEGIN
@!!type:obligation
@!!id:1252
@!!loc:868:16:868:18
@!!status:to be proved
@!!END

@!!BEGIN
@!!type:obligation
@!!id:1253
@!!loc:868:19:868:23
@!!status:to be proved
@!!END

@!!BEGIN
@!!type:obligation
@!!id:1254
@!!loc:868:25:868:29
@!!status:to be proved
@!!END

@!!BEGIN
@!!type:obligation
@!!id:1255
@!!loc:868:31:868:35
@!!status:to be proved
@!!END

@!!BEGIN
@!!type:obligation
@!!id:1256
@!!loc:868:37:868:41
@!!status:to be proved
@!!END

@!!BEGIN
@!!type:obligation
@!!id:1257
@!!loc:868:43:868:48
@!!status:to be proved
@!!END

@!!BEGIN
@!!type:obligation
@!!id:1258
@!!loc:868:50:868:61
@!!status:to be proved
@!!END

@!!BEGIN
@!!type:obligation
@!!id:1259
@!!loc:902:10:902:12
@!!status:to be proved
@!!END

@!!BEGIN
@!!type:obligation
@!!id:1260
@!!loc:902:13:902:17
@!!status:to be proved
@!!END

@!!BEGIN
@!!type:obligation
@!!id:1261
@!!loc:902:19:902:23
@!!status:to be proved
@!!END

@!!BEGIN
@!!type:obligation
@!!id:1262
@!!loc:902:25:902:30
@!!status:to be proved
@!!END

@!!BEGIN
@!!type:obligation
@!!id:1263
@!!loc:877:14:877:16
@!!status:to be proved
@!!END

@!!BEGIN
@!!type:obligation
@!!id:1264
@!!loc:878:44:878:46
@!!status:to be proved
@!!END

@!!BEGIN
@!!type:obligation
@!!id:1265
@!!loc:879:14:879:16
@!!status:to be proved
@!!END

@!!BEGIN
@!!type:obligation
@!!id:1266
@!!loc:880:23:880:25
@!!status:to be proved
@!!END

@!!BEGIN
@!!type:obligation
@!!id:1267
@!!loc:880:26:880:30
@!!status:to be proved
@!!END

@!!BEGIN
@!!type:obligation
@!!id:1268
@!!loc:881:80:881:82
@!!status:to be proved
@!!END

@!!BEGIN
@!!type:obligation
@!!id:1269
@!!loc:881:83:881:87
@!!status:to be proved
@!!END

@!!BEGIN
@!!type:obligation
@!!id:1270
@!!loc:887:3:887:5
@!!status:to be proved
@!!END

@!!BEGIN
@!!type:obligation
@!!id:1271
@!!loc:888:12:888:19
@!!status:to be proved
@!!END

@!!BEGIN
@!!type:obligation
@!!id:1272
@!!loc:889:30:889:32
@!!status:to be proved
@!!END

@!!BEGIN
@!!type:obligation
@!!id:1273
@!!loc:889:33:889:37
@!!status:to be proved
@!!END

@!!BEGIN
@!!type:obligation
@!!id:1274
@!!loc:889:39:889:43
@!!status:to be proved
@!!END

@!!BEGIN
@!!type:obligation
@!!id:1275
@!!loc:889:45:889:57
@!!status:to be proved
@!!END

@!!BEGIN
@!!type:obligation
@!!id:1276
@!!loc:891:3:891:5
@!!status:to be proved
@!!END

@!!BEGIN
@!!type:obligation
@!!id:1277
@!!loc:891:6:891:10
@!!status:to be proved
@!!END

@!!BEGIN
@!!type:obligation
@!!id:1278
@!!loc:891:12:891:16
@!!status:to be proved
@!!END

@!!BEGIN
@!!type:obligation
@!!id:1279
@!!loc:891:18:891:22
@!!status:to be proved
@!!END

@!!BEGIN
@!!type:obligation
@!!id:1280
@!!loc:891:24:891:32
@!!status:to be proved
@!!END

@!!BEGIN
@!!type:obligation
@!!id:1281
@!!loc:892:15:892:17
@!!status:to be proved
@!!END

@!!BEGIN
@!!type:obligation
@!!id:1282
@!!loc:892:18:892:22
@!!status:to be proved
@!!END

@!!BEGIN
@!!type:obligation
@!!id:1283
@!!loc:892:24:892:28
@!!status:to be proved
@!!END

@!!BEGIN
@!!type:obligation
@!!id:1284
@!!loc:892:30:892:34
@!!status:to be proved
@!!END

@!!BEGIN
@!!type:obligation
@!!id:1285
@!!loc:892:36:892:40
@!!status:to be proved
@!!END

@!!BEGIN
@!!type:obligation
@!!id:1286
@!!loc:892:42:892:53
@!!status:to be proved
@!!END

@!!BEGIN
@!!type:obligation
@!!id:1287
@!!loc:893:15:893:17
@!!status:to be proved
@!!END

@!!BEGIN
@!!type:obligation
@!!id:1288
@!!loc:893:18:893:22
@!!status:to be proved
@!!END

@!!BEGIN
@!!type:obligation
@!!id:1289
@!!loc:893:24:893:28
@!!status:to be proved
@!!END

@!!BEGIN
@!!type:obligation
@!!id:1290
@!!loc:893:30:893:34
@!!status:to be proved
@!!END

@!!BEGIN
@!!type:obligation
@!!id:1291
@!!loc:893:36:893:40
@!!status:to be proved
@!!END

@!!BEGIN
@!!type:obligation
@!!id:1292
@!!loc:893:42:893:46
@!!status:to be proved
@!!END

@!!BEGIN
@!!type:obligation
@!!id:1293
@!!loc:894:47:894:49
@!!status:to be proved
@!!END

@!!BEGIN
@!!type:obligation
@!!id:1294
@!!loc:894:50:894:54
@!!status:to be proved
@!!END

@!!BEGIN
@!!type:obligation
@!!id:1295
@!!loc:894:56:894:60
@!!status:to be proved
@!!END

@!!BEGIN
@!!type:obligation
@!!id:1296
@!!loc:894:62:894:66
@!!status:to be proved
@!!END

@!!BEGIN
@!!type:obligation
@!!id:1297
@!!loc:894:68:894:72
@!!status:to be proved
@!!END

@!!BEGIN
@!!type:obligation
@!!id:1298
@!!loc:896:3:896:5
@!!status:to be proved
@!!END

@!!BEGIN
@!!type:obligation
@!!id:1299
@!!loc:896:6:896:10
@!!status:to be proved
@!!END

@!!BEGIN
@!!type:obligation
@!!id:1300
@!!loc:896:12:896:16
@!!status:to be proved
@!!END

@!!BEGIN
@!!type:obligation
@!!id:1301
@!!loc:896:18:896:22
@!!status:to be proved
@!!END

@!!BEGIN
@!!type:obligation
@!!id:1302
@!!loc:896:24:896:28
@!!status:to be proved
@!!END

@!!BEGIN
@!!type:obligation
@!!id:1303
@!!loc:896:30:896:42
@!!status:to be proved
@!!END

@!!BEGIN
@!!type:obligation
@!!id:1304
@!!loc:898:3:898:5
@!!status:to be proved
@!!END

@!!BEGIN
@!!type:obligation
@!!id:1305
@!!loc:898:6:898:10
@!!status:to be proved
@!!END

@!!BEGIN
@!!type:obligation
@!!id:1306
@!!loc:898:12:898:16
@!!status:to be proved
@!!END

@!!BEGIN
@!!type:obligation
@!!id:1307
@!!loc:898:18:898:22
@!!status:to be proved
@!!END

@!!BEGIN
@!!type:obligation
@!!id:1308
@!!loc:898:24:898:28
@!!status:to be proved
@!!END

@!!BEGIN
@!!type:obligation
@!!id:1309
@!!loc:898:30:898:42
@!!status:to be proved
@!!END

@!!BEGIN
@!!type:obligation
@!!id:1310
@!!loc:900:3:900:5
@!!status:to be proved
@!!END

@!!BEGIN
@!!type:obligation
@!!id:1311
@!!loc:900:6:900:10
@!!status:to be proved
@!!END

@!!BEGIN
@!!type:obligation
@!!id:1312
@!!loc:900:12:900:16
@!!status:to be proved
@!!END

@!!BEGIN
@!!type:obligation
@!!id:1313
@!!loc:900:18:900:22
@!!status:to be proved
@!!END

@!!BEGIN
@!!type:obligation
@!!id:1314
@!!loc:901:16:901:18
@!!status:to be proved
@!!END

@!!BEGIN
@!!type:obligation
@!!id:1315
@!!loc:901:19:901:23
@!!status:to be proved
@!!END

@!!BEGIN
@!!type:obligation
@!!id:1316
@!!loc:901:25:901:29
@!!status:to be proved
@!!END

@!!BEGIN
@!!type:obligation
@!!id:1317
@!!loc:901:31:901:35
@!!status:to be proved
@!!END

@!!BEGIN
@!!type:obligation
@!!id:1318
@!!loc:901:37:901:41
@!!status:to be proved
@!!END

@!!BEGIN
@!!type:obligation
@!!id:1319
@!!loc:901:43:901:48
@!!status:to be proved
@!!END

@!!BEGIN
@!!type:obligation
@!!id:1320
@!!loc:901:50:901:61
@!!status:to be proved
@!!END

@!!BEGIN
@!!type:obligation
@!!id:1321
@!!loc:943:10:943:12
@!!status:to be proved
@!!END

@!!BEGIN
@!!type:obligation
@!!id:1322
@!!loc:943:13:943:18
@!!status:to be proved
@!!END

@!!BEGIN
@!!type:obligation
@!!id:1323
@!!loc:943:20:943:25
@!!status:to be proved
@!!END

@!!BEGIN
@!!type:obligation
@!!id:1324
@!!loc:943:27:943:32
@!!status:to be proved
@!!END

@!!BEGIN
@!!type:obligation
@!!id:1325
@!!loc:907:14:907:16
@!!status:to be proved
@!!END

@!!BEGIN
@!!type:obligation
@!!id:1326
@!!loc:908:44:908:46
@!!status:to be proved
@!!END

@!!BEGIN
@!!type:obligation
@!!id:1327
@!!loc:909:14:909:16
@!!status:to be proved
@!!END

@!!BEGIN
@!!type:obligation
@!!id:1328
@!!loc:910:23:910:25
@!!status:to be proved
@!!END

@!!BEGIN
@!!type:obligation
@!!id:1329
@!!loc:910:26:910:30
@!!status:to be proved
@!!END

@!!BEGIN
@!!type:obligation
@!!id:1330
@!!loc:911:80:911:82
@!!status:to be proved
@!!END

@!!BEGIN
@!!type:obligation
@!!id:1331
@!!loc:911:83:911:87
@!!status:to be proved
@!!END

@!!BEGIN
@!!type:obligation
@!!id:1332
@!!loc:917:3:917:5
@!!status:to be proved
@!!END

@!!BEGIN
@!!type:obligation
@!!id:1334
@!!loc:921:3:921:5
@!!status:to be proved
@!!END

@!!BEGIN
@!!type:obligation
@!!id:1335
@!!loc:923:3:923:5
@!!status:to be proved
@!!END

@!!BEGIN
@!!type:obligation
@!!id:1336
@!!loc:925:3:925:5
@!!status:to be proved
@!!END

@!!BEGIN
@!!type:obligation
@!!id:1337
@!!loc:925:6:925:10
@!!status:to be proved
@!!END

@!!BEGIN
@!!type:obligation
@!!id:1338
@!!loc:925:12:925:21
@!!status:to be proved
@!!END

@!!BEGIN
@!!type:obligation
@!!id:1339
@!!loc:927:3:927:5
@!!status:to be proved
@!!END

@!!BEGIN
@!!type:obligation
@!!id:1340
@!!loc:927:6:927:10
@!!status:to be proved
@!!END

@!!BEGIN
@!!type:obligation
@!!id:1341
@!!loc:927:12:927:16
@!!status:to be proved
@!!END

@!!BEGIN
@!!type:obligation
@!!id:1342
@!!loc:927:18:927:25
@!!status:to be proved
@!!END

@!!BEGIN
@!!type:obligation
@!!id:1343
@!!loc:929:3:929:5
@!!status:to be proved
@!!END

@!!BEGIN
@!!type:obligation
@!!id:1344
@!!loc:929:6:929:10
@!!status:to be proved
@!!END

@!!BEGIN
@!!type:obligation
@!!id:1345
@!!loc:929:12:929:16
@!!status:to be proved
@!!END

@!!BEGIN
@!!type:obligation
@!!id:1346
@!!loc:929:18:929:30
@!!status:to be proved
@!!END

@!!BEGIN
@!!type:obligation
@!!id:1347
@!!loc:930:33:930:35
@!!status:to be proved
@!!END

@!!BEGIN
@!!type:obligation
@!!id:1348
@!!loc:930:36:930:40
@!!status:to be proved
@!!END

@!!BEGIN
@!!type:obligation
@!!id:1349
@!!loc:930:42:930:46
@!!status:to be proved
@!!END

@!!BEGIN
@!!type:obligation
@!!id:1350
@!!loc:930:48:930:52
@!!status:to be proved
@!!END

@!!BEGIN
@!!type:obligation
@!!id:1351
@!!loc:930:54:930:58
@!!status:to be proved
@!!END

@!!BEGIN
@!!type:obligation
@!!id:1352
@!!loc:930:60:930:64
@!!status:to be proved
@!!END

@!!BEGIN
@!!type:obligation
@!!id:1353
@!!loc:930:66:930:70
@!!status:to be proved
@!!END

@!!BEGIN
@!!type:obligation
@!!id:1354
@!!loc:930:72:930:84
@!!status:to be proved
@!!END

@!!BEGIN
@!!type:obligation
@!!id:1355
@!!loc:932:3:932:5
@!!status:to be proved
@!!END

@!!BEGIN
@!!type:obligation
@!!id:1356
@!!loc:932:6:932:10
@!!status:to be proved
@!!END

@!!BEGIN
@!!type:obligation
@!!id:1357
@!!loc:932:12:932:16
@!!status:to be proved
@!!END

@!!BEGIN
@!!type:obligation
@!!id:1358
@!!loc:932:18:932:22
@!!status:to be proved
@!!END

@!!BEGIN
@!!type:obligation
@!!id:1359
@!!loc:932:24:932:32
@!!status:to be proved
@!!END

@!!BEGIN
@!!type:obligation
@!!id:1360
@!!loc:933:15:933:17
@!!status:to be proved
@!!END

@!!BEGIN
@!!type:obligation
@!!id:1361
@!!loc:933:18:933:22
@!!status:to be proved
@!!END

@!!BEGIN
@!!type:obligation
@!!id:1362
@!!loc:933:24:933:28
@!!status:to be proved
@!!END

@!!BEGIN
@!!type:obligation
@!!id:1363
@!!loc:933:30:933:34
@!!status:to be proved
@!!END

@!!BEGIN
@!!type:obligation
@!!id:1364
@!!loc:933:36:933:40
@!!status:to be proved
@!!END

@!!BEGIN
@!!type:obligation
@!!id:1365
@!!loc:933:42:933:53
@!!status:to be proved
@!!END

@!!BEGIN
@!!type:obligation
@!!id:1366
@!!loc:934:16:934:18
@!!status:to be proved
@!!END

@!!BEGIN
@!!type:obligation
@!!id:1367
@!!loc:934:19:934:23
@!!status:to be proved
@!!END

@!!BEGIN
@!!type:obligation
@!!id:1368
@!!loc:934:25:934:29
@!!status:to be proved
@!!END

@!!BEGIN
@!!type:obligation
@!!id:1369
@!!loc:934:31:934:35
@!!status:to be proved
@!!END

@!!BEGIN
@!!type:obligation
@!!id:1370
@!!loc:934:37:934:41
@!!status:to be proved
@!!END

@!!BEGIN
@!!type:obligation
@!!id:1371
@!!loc:934:43:934:47
@!!status:to be proved
@!!END

@!!BEGIN
@!!type:obligation
@!!id:1372
@!!loc:934:49:934:53
@!!status:to be proved
@!!END

@!!BEGIN
@!!type:obligation
@!!id:1373
@!!loc:934:55:934:59
@!!status:to be proved
@!!END

@!!BEGIN
@!!type:obligation
@!!id:1374
@!!loc:934:61:934:65
@!!status:to be proved
@!!END

@!!BEGIN
@!!type:obligation
@!!id:1375
@!!loc:934:67:934:71
@!!status:to be proved
@!!END

@!!BEGIN
@!!type:obligation
@!!id:1376
@!!loc:935:48:935:50
@!!status:to be proved
@!!END

@!!BEGIN
@!!type:obligation
@!!id:1377
@!!loc:935:51:935:55
@!!status:to be proved
@!!END

@!!BEGIN
@!!type:obligation
@!!id:1378
@!!loc:935:57:935:61
@!!status:to be proved
@!!END

@!!BEGIN
@!!type:obligation
@!!id:1379
@!!loc:935:63:935:67
@!!status:to be proved
@!!END

@!!BEGIN
@!!type:obligation
@!!id:1380
@!!loc:935:69:935:73
@!!status:to be proved
@!!END

@!!BEGIN
@!!type:obligation
@!!id:1381
@!!loc:935:75:935:79
@!!status:to be proved
@!!END

@!!BEGIN
@!!type:obligation
@!!id:1382
@!!loc:935:81:935:85
@!!status:to be proved
@!!END

@!!BEGIN
@!!type:obligation
@!!id:1383
@!!loc:935:87:935:91
@!!status:to be proved
@!!END

@!!BEGIN
@!!type:obligation
@!!id:1384
@!!loc:935:93:935:97
@!!status:to be proved
@!!END

@!!BEGIN
@!!type:obligation
@!!id:1385
@!!loc:937:3:937:5
@!!status:to be proved
@!!END

@!!BEGIN
@!!type:obligation
@!!id:1386
@!!loc:937:6:937:10
@!!status:to be proved
@!!END

@!!BEGIN
@!!type:obligation
@!!id:1387
@!!loc:937:12:937:16
@!!status:to be proved
@!!END

@!!BEGIN
@!!type:obligation
@!!id:1388
@!!loc:937:18:937:22
@!!status:to be proved
@!!END

@!!BEGIN
@!!type:obligation
@!!id:1389
@!!loc:937:24:937:28
@!!status:to be proved
@!!END

@!!BEGIN
@!!type:obligation
@!!id:1390
@!!loc:937:30:937:42
@!!status:to be proved
@!!END

@!!BEGIN
@!!type:obligation
@!!id:1391
@!!loc:939:3:939:5
@!!status:to be proved
@!!END

@!!BEGIN
@!!type:obligation
@!!id:1392
@!!loc:939:6:939:10
@!!status:to be proved
@!!END

@!!BEGIN
@!!type:obligation
@!!id:1393
@!!loc:939:12:939:16
@!!status:to be proved
@!!END

@!!BEGIN
@!!type:obligation
@!!id:1394
@!!loc:939:18:939:22
@!!status:to be proved
@!!END

@!!BEGIN
@!!type:obligation
@!!id:1395
@!!loc:939:24:939:28
@!!status:to be proved
@!!END

@!!BEGIN
@!!type:obligation
@!!id:1396
@!!loc:939:30:939:34
@!!status:to be proved
@!!END

@!!BEGIN
@!!type:obligation
@!!id:1397
@!!loc:939:36:939:40
@!!status:to be proved
@!!END

@!!BEGIN
@!!type:obligation
@!!id:1398
@!!loc:939:42:939:46
@!!status:to be proved
@!!END

@!!BEGIN
@!!type:obligation
@!!id:1399
@!!loc:939:48:939:52
@!!status:to be proved
@!!END

@!!BEGIN
@!!type:obligation
@!!id:1400
@!!loc:939:54:939:66
@!!status:to be proved
@!!END

@!!BEGIN
@!!type:obligation
@!!id:1401
@!!loc:941:3:941:5
@!!status:to be proved
@!!END

@!!BEGIN
@!!type:obligation
@!!id:1402
@!!loc:941:6:941:10
@!!status:to be proved
@!!END

@!!BEGIN
@!!type:obligation
@!!id:1403
@!!loc:941:12:941:16
@!!status:to be proved
@!!END

@!!BEGIN
@!!type:obligation
@!!id:1404
@!!loc:941:18:941:22
@!!status:to be proved
@!!END

@!!BEGIN
@!!type:obligation
@!!id:1405
@!!loc:942:16:942:18
@!!status:to be proved
@!!END

@!!BEGIN
@!!type:obligation
@!!id:1406
@!!loc:942:19:942:23
@!!status:to be proved
@!!END

@!!BEGIN
@!!type:obligation
@!!id:1407
@!!loc:942:25:942:29
@!!status:to be proved
@!!END

@!!BEGIN
@!!type:obligation
@!!id:1408
@!!loc:942:31:942:36
@!!status:to be proved
@!!END

@!!BEGIN
@!!type:obligation
@!!id:1409
@!!loc:942:38:942:43
@!!status:to be proved
@!!END

@!!BEGIN
@!!type:obligation
@!!id:1410
@!!loc:942:45:942:50
@!!status:to be proved
@!!END

@!!BEGIN
@!!type:obligation
@!!id:1411
@!!loc:942:52:942:63
@!!status:to be proved
@!!END

@!!BEGIN
@!!type:obligation
@!!id:1412
@!!loc:979:10:979:12
@!!status:to be proved
@!!END

@!!BEGIN
@!!type:obligation
@!!id:1413
@!!loc:979:13:979:17
@!!status:to be proved
@!!END

@!!BEGIN
@!!type:obligation
@!!id:1414
@!!loc:979:19:979:23
@!!status:to be proved
@!!END

@!!BEGIN
@!!type:obligation
@!!id:1415
@!!loc:979:25:979:30
@!!status:to be proved
@!!END

@!!BEGIN
@!!type:obligation
@!!id:1416
@!!loc:951:14:951:16
@!!status:to be proved
@!!END

@!!BEGIN
@!!type:obligation
@!!id:1417
@!!loc:952:44:952:46
@!!status:to be proved
@!!END

@!!BEGIN
@!!type:obligation
@!!id:1418
@!!loc:953:14:953:16
@!!status:to be proved
@!!END

@!!BEGIN
@!!type:obligation
@!!id:1419
@!!loc:954:23:954:25
@!!status:to be proved
@!!END

@!!BEGIN
@!!type:obligation
@!!id:1420
@!!loc:954:26:954:30
@!!status:to be proved
@!!END

@!!BEGIN
@!!type:obligation
@!!id:1421
@!!loc:955:80:955:82
@!!status:to be proved
@!!END

@!!BEGIN
@!!type:obligation
@!!id:1422
@!!loc:955:83:955:87
@!!status:to be proved
@!!END

@!!BEGIN
@!!type:obligation
@!!id:1423
@!!loc:959:3:959:5
@!!status:to be proved
@!!END

@!!BEGIN
@!!type:obligation
@!!id:1425
@!!loc:963:3:963:5
@!!status:to be proved
@!!END

@!!BEGIN
@!!type:obligation
@!!id:1426
@!!loc:965:3:965:5
@!!status:to be proved
@!!END

@!!BEGIN
@!!type:obligation
@!!id:1427
@!!loc:965:6:965:17
@!!status:to be proved
@!!END

@!!BEGIN
@!!type:obligation
@!!id:1428
@!!loc:966:38:966:40
@!!status:to be proved
@!!END

@!!BEGIN
@!!type:obligation
@!!id:1429
@!!loc:966:41:966:45
@!!status:to be proved
@!!END

@!!BEGIN
@!!type:obligation
@!!id:1430
@!!loc:966:47:966:51
@!!status:to be proved
@!!END

@!!BEGIN
@!!type:obligation
@!!id:1431
@!!loc:966:53:966:57
@!!status:to be proved
@!!END

@!!BEGIN
@!!type:obligation
@!!id:1432
@!!loc:966:59:966:71
@!!status:to be proved
@!!END

@!!BEGIN
@!!type:obligation
@!!id:1433
@!!loc:968:3:968:5
@!!status:to be proved
@!!END

@!!BEGIN
@!!type:obligation
@!!id:1434
@!!loc:968:6:968:10
@!!status:to be proved
@!!END

@!!BEGIN
@!!type:obligation
@!!id:1435
@!!loc:968:12:968:16
@!!status:to be proved
@!!END

@!!BEGIN
@!!type:obligation
@!!id:1436
@!!loc:968:18:968:22
@!!status:to be proved
@!!END

@!!BEGIN
@!!type:obligation
@!!id:1437
@!!loc:968:24:968:32
@!!status:to be proved
@!!END

@!!BEGIN
@!!type:obligation
@!!id:1438
@!!loc:969:15:969:17
@!!status:to be proved
@!!END

@!!BEGIN
@!!type:obligation
@!!id:1439
@!!loc:969:18:969:22
@!!status:to be proved
@!!END

@!!BEGIN
@!!type:obligation
@!!id:1440
@!!loc:969:24:969:28
@!!status:to be proved
@!!END

@!!BEGIN
@!!type:obligation
@!!id:1441
@!!loc:969:30:969:34
@!!status:to be proved
@!!END

@!!BEGIN
@!!type:obligation
@!!id:1442
@!!loc:969:36:969:40
@!!status:to be proved
@!!END

@!!BEGIN
@!!type:obligation
@!!id:1443
@!!loc:969:42:969:53
@!!status:to be proved
@!!END

@!!BEGIN
@!!type:obligation
@!!id:1444
@!!loc:970:15:970:17
@!!status:to be proved
@!!END

@!!BEGIN
@!!type:obligation
@!!id:1445
@!!loc:970:18:970:22
@!!status:to be proved
@!!END

@!!BEGIN
@!!type:obligation
@!!id:1446
@!!loc:970:24:970:28
@!!status:to be proved
@!!END

@!!BEGIN
@!!type:obligation
@!!id:1447
@!!loc:970:30:970:34
@!!status:to be proved
@!!END

@!!BEGIN
@!!type:obligation
@!!id:1448
@!!loc:970:36:970:40
@!!status:to be proved
@!!END

@!!BEGIN
@!!type:obligation
@!!id:1449
@!!loc:970:42:970:46
@!!status:to be proved
@!!END

@!!BEGIN
@!!type:obligation
@!!id:1450
@!!loc:970:48:970:52
@!!status:to be proved
@!!END

@!!BEGIN
@!!type:obligation
@!!id:1451
@!!loc:971:47:971:49
@!!status:to be proved
@!!END

@!!BEGIN
@!!type:obligation
@!!id:1452
@!!loc:971:50:971:54
@!!status:to be proved
@!!END

@!!BEGIN
@!!type:obligation
@!!id:1453
@!!loc:971:56:971:60
@!!status:to be proved
@!!END

@!!BEGIN
@!!type:obligation
@!!id:1454
@!!loc:971:62:971:66
@!!status:to be proved
@!!END

@!!BEGIN
@!!type:obligation
@!!id:1455
@!!loc:971:68:971:72
@!!status:to be proved
@!!END

@!!BEGIN
@!!type:obligation
@!!id:1456
@!!loc:971:74:971:78
@!!status:to be proved
@!!END

@!!BEGIN
@!!type:obligation
@!!id:1457
@!!loc:973:3:973:5
@!!status:to be proved
@!!END

@!!BEGIN
@!!type:obligation
@!!id:1458
@!!loc:973:6:973:10
@!!status:to be proved
@!!END

@!!BEGIN
@!!type:obligation
@!!id:1459
@!!loc:973:12:973:16
@!!status:to be proved
@!!END

@!!BEGIN
@!!type:obligation
@!!id:1460
@!!loc:973:18:973:22
@!!status:to be proved
@!!END

@!!BEGIN
@!!type:obligation
@!!id:1461
@!!loc:973:24:973:28
@!!status:to be proved
@!!END

@!!BEGIN
@!!type:obligation
@!!id:1462
@!!loc:973:30:973:42
@!!status:to be proved
@!!END

@!!BEGIN
@!!type:obligation
@!!id:1463
@!!loc:975:3:975:5
@!!status:to be proved
@!!END

@!!BEGIN
@!!type:obligation
@!!id:1464
@!!loc:975:6:975:10
@!!status:to be proved
@!!END

@!!BEGIN
@!!type:obligation
@!!id:1465
@!!loc:975:12:975:16
@!!status:to be proved
@!!END

@!!BEGIN
@!!type:obligation
@!!id:1466
@!!loc:975:18:975:22
@!!status:to be proved
@!!END

@!!BEGIN
@!!type:obligation
@!!id:1467
@!!loc:975:24:975:28
@!!status:to be proved
@!!END

@!!BEGIN
@!!type:obligation
@!!id:1468
@!!loc:975:30:975:34
@!!status:to be proved
@!!END

@!!BEGIN
@!!type:obligation
@!!id:1469
@!!loc:975:36:975:48
@!!status:to be proved
@!!END

@!!BEGIN
@!!type:obligation
@!!id:1470
@!!loc:977:3:977:5
@!!status:to be proved
@!!END

@!!BEGIN
@!!type:obligation
@!!id:1471
@!!loc:977:6:977:10
@!!status:to be proved
@!!END

@!!BEGIN
@!!type:obligation
@!!id:1472
@!!loc:977:12:977:16
@!!status:to be proved
@!!END

@!!BEGIN
@!!type:obligation
@!!id:1473
@!!loc:977:18:977:22
@!!status:to be proved
@!!END

@!!BEGIN
@!!type:obligation
@!!id:1474
@!!loc:978:16:978:18
@!!status:to be proved
@!!END

@!!BEGIN
@!!type:obligation
@!!id:1475
@!!loc:978:19:978:23
@!!status:to be proved
@!!END

@!!BEGIN
@!!type:obligation
@!!id:1476
@!!loc:978:25:978:29
@!!status:to be proved
@!!END

@!!BEGIN
@!!type:obligation
@!!id:1477
@!!loc:978:31:978:35
@!!status:to be proved
@!!END

@!!BEGIN
@!!type:obligation
@!!id:1478
@!!loc:978:37:978:42
@!!status:to be proved
@!!END

@!!BEGIN
@!!type:obligation
@!!id:1479
@!!loc:978:44:978:49
@!!status:to be proved
@!!END

@!!BEGIN
@!!type:obligation
@!!id:1480
@!!loc:978:51:978:62
@!!status:to be proved
@!!END

@!!BEGIN
@!!type:obligation
@!!id:1481
@!!loc:1009:10:1009:12
@!!status:to be proved
@!!END

@!!BEGIN
@!!type:obligation
@!!id:1482
@!!loc:1009:13:1009:17
@!!status:to be proved
@!!END

@!!BEGIN
@!!type:obligation
@!!id:1483
@!!loc:1009:19:1009:23
@!!status:to be proved
@!!END

@!!BEGIN
@!!type:obligation
@!!id:1484
@!!loc:1009:25:1009:30
@!!status:to be proved
@!!END

@!!BEGIN
@!!type:obligation
@!!id:1485
@!!loc:984:14:984:16
@!!status:to be proved
@!!END

@!!BEGIN
@!!type:obligation
@!!id:1486
@!!loc:985:44:985:46
@!!status:to be proved
@!!END

@!!BEGIN
@!!type:obligation
@!!id:1487
@!!loc:986:14:986:16
@!!status:to be proved
@!!END

@!!BEGIN
@!!type:obligation
@!!id:1488
@!!loc:987:23:987:25
@!!status:to be proved
@!!END

@!!BEGIN
@!!type:obligation
@!!id:1489
@!!loc:987:26:987:30
@!!status:to be proved
@!!END

@!!BEGIN
@!!type:obligation
@!!id:1490
@!!loc:988:80:988:82
@!!status:to be proved
@!!END

@!!BEGIN
@!!type:obligation
@!!id:1491
@!!loc:988:83:988:87
@!!status:to be proved
@!!END

@!!BEGIN
@!!type:obligation
@!!id:1492
@!!loc:992:3:992:5
@!!status:to be proved
@!!END

@!!BEGIN
@!!type:obligation
@!!id:1493
@!!loc:993:12:993:19
@!!status:to be proved
@!!END

@!!BEGIN
@!!type:obligation
@!!id:1494
@!!loc:995:3:995:5
@!!status:to be proved
@!!END

@!!BEGIN
@!!type:obligation
@!!id:1495
@!!loc:995:6:995:10
@!!status:to be proved
@!!END

@!!BEGIN
@!!type:obligation
@!!id:1496
@!!loc:995:12:995:24
@!!status:to be proved
@!!END

@!!BEGIN
@!!type:obligation
@!!id:1497
@!!loc:996:35:996:37
@!!status:to be proved
@!!END

@!!BEGIN
@!!type:obligation
@!!id:1498
@!!loc:996:38:996:42
@!!status:to be proved
@!!END

@!!BEGIN
@!!type:obligation
@!!id:1499
@!!loc:996:44:996:48
@!!status:to be proved
@!!END

@!!BEGIN
@!!type:obligation
@!!id:1500
@!!loc:996:50:996:54
@!!status:to be proved
@!!END

@!!BEGIN
@!!type:obligation
@!!id:1501
@!!loc:996:56:996:68
@!!status:to be proved
@!!END

@!!BEGIN
@!!type:obligation
@!!id:1502
@!!loc:998:3:998:5
@!!status:to be proved
@!!END

@!!BEGIN
@!!type:obligation
@!!id:1503
@!!loc:998:6:998:10
@!!status:to be proved
@!!END

@!!BEGIN
@!!type:obligation
@!!id:1504
@!!loc:998:12:998:16
@!!status:to be proved
@!!END

@!!BEGIN
@!!type:obligation
@!!id:1505
@!!loc:998:18:998:22
@!!status:to be proved
@!!END

@!!BEGIN
@!!type:obligation
@!!id:1506
@!!loc:998:24:998:32
@!!status:to be proved
@!!END

@!!BEGIN
@!!type:obligation
@!!id:1507
@!!loc:999:15:999:17
@!!status:to be proved
@!!END

@!!BEGIN
@!!type:obligation
@!!id:1508
@!!loc:999:18:999:22
@!!status:to be proved
@!!END

@!!BEGIN
@!!type:obligation
@!!id:1509
@!!loc:999:24:999:28
@!!status:to be proved
@!!END

@!!BEGIN
@!!type:obligation
@!!id:1510
@!!loc:999:30:999:34
@!!status:to be proved
@!!END

@!!BEGIN
@!!type:obligation
@!!id:1511
@!!loc:999:36:999:40
@!!status:to be proved
@!!END

@!!BEGIN
@!!type:obligation
@!!id:1512
@!!loc:999:42:999:53
@!!status:to be proved
@!!END

@!!BEGIN
@!!type:obligation
@!!id:1513
@!!loc:1000:15:1000:17
@!!status:to be proved
@!!END

@!!BEGIN
@!!type:obligation
@!!id:1514
@!!loc:1000:18:1000:22
@!!status:to be proved
@!!END

@!!BEGIN
@!!type:obligation
@!!id:1515
@!!loc:1000:24:1000:28
@!!status:to be proved
@!!END

@!!BEGIN
@!!type:obligation
@!!id:1516
@!!loc:1000:30:1000:34
@!!status:to be proved
@!!END

@!!BEGIN
@!!type:obligation
@!!id:1517
@!!loc:1000:36:1000:40
@!!status:to be proved
@!!END

@!!BEGIN
@!!type:obligation
@!!id:1518
@!!loc:1000:42:1000:46
@!!status:to be proved
@!!END

@!!BEGIN
@!!type:obligation
@!!id:1519
@!!loc:1000:48:1000:52
@!!status:to be proved
@!!END

@!!BEGIN
@!!type:obligation
@!!id:1520
@!!loc:1001:47:1001:49
@!!status:to be proved
@!!END

@!!BEGIN
@!!type:obligation
@!!id:1521
@!!loc:1001:50:1001:54
@!!status:to be proved
@!!END

@!!BEGIN
@!!type:obligation
@!!id:1522
@!!loc:1001:56:1001:60
@!!status:to be proved
@!!END

@!!BEGIN
@!!type:obligation
@!!id:1523
@!!loc:1001:62:1001:66
@!!status:to be proved
@!!END

@!!BEGIN
@!!type:obligation
@!!id:1524
@!!loc:1001:68:1001:72
@!!status:to be proved
@!!END

@!!BEGIN
@!!type:obligation
@!!id:1525
@!!loc:1001:74:1001:78
@!!status:to be proved
@!!END

@!!BEGIN
@!!type:obligation
@!!id:1526
@!!loc:1003:3:1003:5
@!!status:to be proved
@!!END

@!!BEGIN
@!!type:obligation
@!!id:1527
@!!loc:1003:6:1003:10
@!!status:to be proved
@!!END

@!!BEGIN
@!!type:obligation
@!!id:1528
@!!loc:1003:12:1003:16
@!!status:to be proved
@!!END

@!!BEGIN
@!!type:obligation
@!!id:1529
@!!loc:1003:18:1003:22
@!!status:to be proved
@!!END

@!!BEGIN
@!!type:obligation
@!!id:1530
@!!loc:1003:24:1003:28
@!!status:to be proved
@!!END

@!!BEGIN
@!!type:obligation
@!!id:1531
@!!loc:1003:30:1003:42
@!!status:to be proved
@!!END

@!!BEGIN
@!!type:obligation
@!!id:1532
@!!loc:1005:3:1005:5
@!!status:to be proved
@!!END

@!!BEGIN
@!!type:obligation
@!!id:1533
@!!loc:1005:6:1005:10
@!!status:to be proved
@!!END

@!!BEGIN
@!!type:obligation
@!!id:1534
@!!loc:1005:12:1005:16
@!!status:to be proved
@!!END

@!!BEGIN
@!!type:obligation
@!!id:1535
@!!loc:1005:18:1005:22
@!!status:to be proved
@!!END

@!!BEGIN
@!!type:obligation
@!!id:1536
@!!loc:1005:24:1005:28
@!!status:to be proved
@!!END

@!!BEGIN
@!!type:obligation
@!!id:1537
@!!loc:1005:30:1005:34
@!!status:to be proved
@!!END

@!!BEGIN
@!!type:obligation
@!!id:1538
@!!loc:1005:36:1005:48
@!!status:to be proved
@!!END

@!!BEGIN
@!!type:obligation
@!!id:1539
@!!loc:1007:3:1007:5
@!!status:to be proved
@!!END

@!!BEGIN
@!!type:obligation
@!!id:1540
@!!loc:1007:6:1007:10
@!!status:to be proved
@!!END

@!!BEGIN
@!!type:obligation
@!!id:1541
@!!loc:1007:12:1007:16
@!!status:to be proved
@!!END

@!!BEGIN
@!!type:obligation
@!!id:1542
@!!loc:1007:18:1007:22
@!!status:to be proved
@!!END

@!!BEGIN
@!!type:obligation
@!!id:1543
@!!loc:1008:16:1008:18
@!!status:to be proved
@!!END

@!!BEGIN
@!!type:obligation
@!!id:1544
@!!loc:1008:19:1008:23
@!!status:to be proved
@!!END

@!!BEGIN
@!!type:obligation
@!!id:1545
@!!loc:1008:25:1008:29
@!!status:to be proved
@!!END

@!!BEGIN
@!!type:obligation
@!!id:1546
@!!loc:1008:31:1008:35
@!!status:to be proved
@!!END

@!!BEGIN
@!!type:obligation
@!!id:1547
@!!loc:1008:37:1008:42
@!!status:to be proved
@!!END

@!!BEGIN
@!!type:obligation
@!!id:1548
@!!loc:1008:44:1008:49
@!!status:to be proved
@!!END

@!!BEGIN
@!!type:obligation
@!!id:1549
@!!loc:1008:51:1008:62
@!!status:to be proved
@!!END

@!!BEGIN
@!!type:obligation
@!!id:1550
@!!loc:1049:10:1049:12
@!!status:to be proved
@!!END

@!!BEGIN
@!!type:obligation
@!!id:1551
@!!loc:1049:13:1049:18
@!!status:to be proved
@!!END

@!!BEGIN
@!!type:obligation
@!!id:1552
@!!loc:1049:20:1049:25
@!!status:to be proved
@!!END

@!!BEGIN
@!!type:obligation
@!!id:1553
@!!loc:1049:27:1049:32
@!!status:to be proved
@!!END

@!!BEGIN
@!!type:obligation
@!!id:1554
@!!loc:1014:14:1014:16
@!!status:to be proved
@!!END

@!!BEGIN
@!!type:obligation
@!!id:1555
@!!loc:1015:44:1015:46
@!!status:to be proved
@!!END

@!!BEGIN
@!!type:obligation
@!!id:1556
@!!loc:1016:14:1016:16
@!!status:to be proved
@!!END

@!!BEGIN
@!!type:obligation
@!!id:1557
@!!loc:1017:23:1017:25
@!!status:to be proved
@!!END

@!!BEGIN
@!!type:obligation
@!!id:1558
@!!loc:1017:26:1017:30
@!!status:to be proved
@!!END

@!!BEGIN
@!!type:obligation
@!!id:1559
@!!loc:1018:80:1018:82
@!!status:to be proved
@!!END

@!!BEGIN
@!!type:obligation
@!!id:1560
@!!loc:1018:83:1018:87
@!!status:to be proved
@!!END

@!!BEGIN
@!!type:obligation
@!!id:1561
@!!loc:1023:3:1023:5
@!!status:to be proved
@!!END

@!!BEGIN
@!!type:obligation
@!!id:1563
@!!loc:1026:3:1026:5
@!!status:to be proved
@!!END

@!!BEGIN
@!!type:obligation
@!!id:1564
@!!loc:1029:3:1029:5
@!!status:to be proved
@!!END

@!!BEGIN
@!!type:obligation
@!!id:1565
@!!loc:1029:6:1029:10
@!!status:to be proved
@!!END

@!!BEGIN
@!!type:obligation
@!!id:1566
@!!loc:1029:12:1029:24
@!!status:to be proved
@!!END

@!!BEGIN
@!!type:obligation
@!!id:1567
@!!loc:1030:34:1030:36
@!!status:to be proved
@!!END

@!!BEGIN
@!!type:obligation
@!!id:1568
@!!loc:1030:37:1030:41
@!!status:to be proved
@!!END

@!!BEGIN
@!!type:obligation
@!!id:1569
@!!loc:1030:43:1030:52
@!!status:to be proved
@!!END

@!!BEGIN
@!!type:obligation
@!!id:1570
@!!loc:1033:3:1033:5
@!!status:to be proved
@!!END

@!!BEGIN
@!!type:obligation
@!!id:1571
@!!loc:1033:6:1033:10
@!!status:to be proved
@!!END

@!!BEGIN
@!!type:obligation
@!!id:1572
@!!loc:1033:12:1033:16
@!!status:to be proved
@!!END

@!!BEGIN
@!!type:obligation
@!!id:1573
@!!loc:1033:18:1033:30
@!!status:to be proved
@!!END

@!!BEGIN
@!!type:obligation
@!!id:1574
@!!loc:1035:3:1035:5
@!!status:to be proved
@!!END

@!!BEGIN
@!!type:obligation
@!!id:1575
@!!loc:1035:6:1035:10
@!!status:to be proved
@!!END

@!!BEGIN
@!!type:obligation
@!!id:1576
@!!loc:1035:12:1035:16
@!!status:to be proved
@!!END

@!!BEGIN
@!!type:obligation
@!!id:1577
@!!loc:1035:18:1035:22
@!!status:to be proved
@!!END

@!!BEGIN
@!!type:obligation
@!!id:1578
@!!loc:1035:24:1035:33
@!!status:to be proved
@!!END

@!!BEGIN
@!!type:obligation
@!!id:1579
@!!loc:1035:35:1035:47
@!!status:to be proved
@!!END

@!!BEGIN
@!!type:obligation
@!!id:1580
@!!loc:1037:3:1037:5
@!!status:to be proved
@!!END

@!!BEGIN
@!!type:obligation
@!!id:1581
@!!loc:1037:6:1037:10
@!!status:to be proved
@!!END

@!!BEGIN
@!!type:obligation
@!!id:1582
@!!loc:1037:12:1037:16
@!!status:to be proved
@!!END

@!!BEGIN
@!!type:obligation
@!!id:1583
@!!loc:1037:18:1037:22
@!!status:to be proved
@!!END

@!!BEGIN
@!!type:obligation
@!!id:1584
@!!loc:1037:24:1037:28
@!!status:to be proved
@!!END

@!!BEGIN
@!!type:obligation
@!!id:1585
@!!loc:1037:30:1037:34
@!!status:to be proved
@!!END

@!!BEGIN
@!!type:obligation
@!!id:1586
@!!loc:1037:36:1037:48
@!!status:to be proved
@!!END

@!!BEGIN
@!!type:obligation
@!!id:1587
@!!loc:1039:3:1039:5
@!!status:to be proved
@!!END

@!!BEGIN
@!!type:obligation
@!!id:1588
@!!loc:1039:6:1039:10
@!!status:to be proved
@!!END

@!!BEGIN
@!!type:obligation
@!!id:1589
@!!loc:1039:12:1039:16
@!!status:to be proved
@!!END

@!!BEGIN
@!!type:obligation
@!!id:1590
@!!loc:1039:18:1039:22
@!!status:to be proved
@!!END

@!!BEGIN
@!!type:obligation
@!!id:1591
@!!loc:1039:24:1039:32
@!!status:to be proved
@!!END

@!!BEGIN
@!!type:obligation
@!!id:1592
@!!loc:1040:15:1040:17
@!!status:to be proved
@!!END

@!!BEGIN
@!!type:obligation
@!!id:1593
@!!loc:1040:18:1040:22
@!!status:to be proved
@!!END

@!!BEGIN
@!!type:obligation
@!!id:1594
@!!loc:1040:24:1040:28
@!!status:to be proved
@!!END

@!!BEGIN
@!!type:obligation
@!!id:1595
@!!loc:1040:30:1040:34
@!!status:to be proved
@!!END

@!!BEGIN
@!!type:obligation
@!!id:1596
@!!loc:1040:36:1040:47
@!!status:to be proved
@!!END

@!!BEGIN
@!!type:obligation
@!!id:1597
@!!loc:1041:16:1041:18
@!!status:to be proved
@!!END

@!!BEGIN
@!!type:obligation
@!!id:1598
@!!loc:1041:19:1041:23
@!!status:to be proved
@!!END

@!!BEGIN
@!!type:obligation
@!!id:1599
@!!loc:1041:25:1041:29
@!!status:to be proved
@!!END

@!!BEGIN
@!!type:obligation
@!!id:1600
@!!loc:1041:31:1041:35
@!!status:to be proved
@!!END

@!!BEGIN
@!!type:obligation
@!!id:1601
@!!loc:1041:37:1041:41
@!!status:to be proved
@!!END

@!!BEGIN
@!!type:obligation
@!!id:1602
@!!loc:1041:43:1041:47
@!!status:to be proved
@!!END

@!!BEGIN
@!!type:obligation
@!!id:1603
@!!loc:1041:49:1041:53
@!!status:to be proved
@!!END

@!!BEGIN
@!!type:obligation
@!!id:1604
@!!loc:1042:48:1042:50
@!!status:to be proved
@!!END

@!!BEGIN
@!!type:obligation
@!!id:1605
@!!loc:1042:51:1042:55
@!!status:to be proved
@!!END

@!!BEGIN
@!!type:obligation
@!!id:1606
@!!loc:1042:57:1042:61
@!!status:to be proved
@!!END

@!!BEGIN
@!!type:obligation
@!!id:1607
@!!loc:1045:3:1045:5
@!!status:to be proved
@!!END

@!!BEGIN
@!!type:obligation
@!!id:1608
@!!loc:1045:6:1045:10
@!!status:to be proved
@!!END

@!!BEGIN
@!!type:obligation
@!!id:1609
@!!loc:1045:12:1045:16
@!!status:to be proved
@!!END

@!!BEGIN
@!!type:obligation
@!!id:1610
@!!loc:1045:18:1045:22
@!!status:to be proved
@!!END

@!!BEGIN
@!!type:obligation
@!!id:1611
@!!loc:1045:24:1045:28
@!!status:to be proved
@!!END

@!!BEGIN
@!!type:obligation
@!!id:1612
@!!loc:1047:3:1047:5
@!!status:to be proved
@!!END

@!!BEGIN
@!!type:obligation
@!!id:1613
@!!loc:1047:6:1047:10
@!!status:to be proved
@!!END

@!!BEGIN
@!!type:obligation
@!!id:1614
@!!loc:1047:12:1047:16
@!!status:to be proved
@!!END

@!!BEGIN
@!!type:obligation
@!!id:1615
@!!loc:1048:16:1048:18
@!!status:to be proved
@!!END

@!!BEGIN
@!!type:obligation
@!!id:1616
@!!loc:1048:19:1048:23
@!!status:to be proved
@!!END

@!!BEGIN
@!!type:obligation
@!!id:1617
@!!loc:1048:25:1048:29
@!!status:to be proved
@!!END

@!!BEGIN
@!!type:obligation
@!!id:1618
@!!loc:1048:31:1048:36
@!!status:to be proved
@!!END

@!!BEGIN
@!!type:obligation
@!!id:1619
@!!loc:1048:38:1048:44
@!!status:to be proved
@!!END

@!!BEGIN
@!!type:obligation
@!!id:1620
@!!loc:1048:46:1048:57
@!!status:to be proved
@!!END

@!!BEGIN
@!!type:obligation
@!!id:1621
@!!loc:1080:10:1080:12
@!!status:to be proved
@!!END

@!!BEGIN
@!!type:obligation
@!!id:1622
@!!loc:1080:13:1080:17
@!!status:to be proved
@!!END

@!!BEGIN
@!!type:obligation
@!!id:1623
@!!loc:1080:19:1080:23
@!!status:to be proved
@!!END

@!!BEGIN
@!!type:obligation
@!!id:1624
@!!loc:1080:25:1080:30
@!!status:to be proved
@!!END

@!!BEGIN
@!!type:obligation
@!!id:1625
@!!loc:1057:14:1057:16
@!!status:to be proved
@!!END

@!!BEGIN
@!!type:obligation
@!!id:1626
@!!loc:1058:44:1058:46
@!!status:to be proved
@!!END

@!!BEGIN
@!!type:obligation
@!!id:1627
@!!loc:1059:14:1059:16
@!!status:to be proved
@!!END

@!!BEGIN
@!!type:obligation
@!!id:1628
@!!loc:1060:23:1060:25
@!!status:to be proved
@!!END

@!!BEGIN
@!!type:obligation
@!!id:1629
@!!loc:1060:26:1060:30
@!!status:to be proved
@!!END

@!!BEGIN
@!!type:obligation
@!!id:1630
@!!loc:1061:80:1061:82
@!!status:to be proved
@!!END

@!!BEGIN
@!!type:obligation
@!!id:1631
@!!loc:1061:83:1061:87
@!!status:to be proved
@!!END

@!!BEGIN
@!!type:obligation
@!!id:1632
@!!loc:1065:3:1065:5
@!!status:to be proved
@!!END

@!!BEGIN
@!!type:obligation
@!!id:1633
@!!loc:1066:12:1066:19
@!!status:to be proved
@!!END

@!!BEGIN
@!!type:obligation
@!!id:1634
@!!loc:1067:32:1067:34
@!!status:to be proved
@!!END

@!!BEGIN
@!!type:obligation
@!!id:1635
@!!loc:1067:35:1067:39
@!!status:to be proved
@!!END

@!!BEGIN
@!!type:obligation
@!!id:1636
@!!loc:1067:41:1067:45
@!!status:to be proved
@!!END

@!!BEGIN
@!!type:obligation
@!!id:1637
@!!loc:1067:47:1067:59
@!!status:to be proved
@!!END

@!!BEGIN
@!!type:obligation
@!!id:1638
@!!loc:1069:3:1069:5
@!!status:to be proved
@!!END

@!!BEGIN
@!!type:obligation
@!!id:1639
@!!loc:1069:6:1069:10
@!!status:to be proved
@!!END

@!!BEGIN
@!!type:obligation
@!!id:1640
@!!loc:1069:12:1069:16
@!!status:to be proved
@!!END

@!!BEGIN
@!!type:obligation
@!!id:1641
@!!loc:1069:18:1069:22
@!!status:to be proved
@!!END

@!!BEGIN
@!!type:obligation
@!!id:1642
@!!loc:1069:24:1069:32
@!!status:to be proved
@!!END

@!!BEGIN
@!!type:obligation
@!!id:1643
@!!loc:1070:15:1070:17
@!!status:to be proved
@!!END

@!!BEGIN
@!!type:obligation
@!!id:1644
@!!loc:1070:18:1070:22
@!!status:to be proved
@!!END

@!!BEGIN
@!!type:obligation
@!!id:1645
@!!loc:1070:24:1070:28
@!!status:to be proved
@!!END

@!!BEGIN
@!!type:obligation
@!!id:1646
@!!loc:1070:30:1070:34
@!!status:to be proved
@!!END

@!!BEGIN
@!!type:obligation
@!!id:1647
@!!loc:1070:36:1070:40
@!!status:to be proved
@!!END

@!!BEGIN
@!!type:obligation
@!!id:1648
@!!loc:1070:42:1070:53
@!!status:to be proved
@!!END

@!!BEGIN
@!!type:obligation
@!!id:1649
@!!loc:1071:15:1071:17
@!!status:to be proved
@!!END

@!!BEGIN
@!!type:obligation
@!!id:1650
@!!loc:1071:18:1071:22
@!!status:to be proved
@!!END

@!!BEGIN
@!!type:obligation
@!!id:1651
@!!loc:1071:24:1071:28
@!!status:to be proved
@!!END

@!!BEGIN
@!!type:obligation
@!!id:1652
@!!loc:1071:30:1071:34
@!!status:to be proved
@!!END

@!!BEGIN
@!!type:obligation
@!!id:1653
@!!loc:1071:36:1071:40
@!!status:to be proved
@!!END

@!!BEGIN
@!!type:obligation
@!!id:1654
@!!loc:1071:42:1071:46
@!!status:to be proved
@!!END

@!!BEGIN
@!!type:obligation
@!!id:1655
@!!loc:1072:47:1072:49
@!!status:to be proved
@!!END

@!!BEGIN
@!!type:obligation
@!!id:1656
@!!loc:1072:50:1072:54
@!!status:to be proved
@!!END

@!!BEGIN
@!!type:obligation
@!!id:1657
@!!loc:1072:56:1072:60
@!!status:to be proved
@!!END

@!!BEGIN
@!!type:obligation
@!!id:1658
@!!loc:1072:62:1072:66
@!!status:to be proved
@!!END

@!!BEGIN
@!!type:obligation
@!!id:1659
@!!loc:1072:68:1072:72
@!!status:to be proved
@!!END

@!!BEGIN
@!!type:obligation
@!!id:1660
@!!loc:1074:3:1074:5
@!!status:to be proved
@!!END

@!!BEGIN
@!!type:obligation
@!!id:1661
@!!loc:1074:6:1074:10
@!!status:to be proved
@!!END

@!!BEGIN
@!!type:obligation
@!!id:1662
@!!loc:1074:12:1074:16
@!!status:to be proved
@!!END

@!!BEGIN
@!!type:obligation
@!!id:1663
@!!loc:1074:18:1074:22
@!!status:to be proved
@!!END

@!!BEGIN
@!!type:obligation
@!!id:1664
@!!loc:1074:24:1074:28
@!!status:to be proved
@!!END

@!!BEGIN
@!!type:obligation
@!!id:1665
@!!loc:1074:30:1074:42
@!!status:to be proved
@!!END

@!!BEGIN
@!!type:obligation
@!!id:1666
@!!loc:1076:3:1076:5
@!!status:to be proved
@!!END

@!!BEGIN
@!!type:obligation
@!!id:1667
@!!loc:1076:6:1076:10
@!!status:to be proved
@!!END

@!!BEGIN
@!!type:obligation
@!!id:1668
@!!loc:1076:12:1076:16
@!!status:to be proved
@!!END

@!!BEGIN
@!!type:obligation
@!!id:1669
@!!loc:1076:18:1076:22
@!!status:to be proved
@!!END

@!!BEGIN
@!!type:obligation
@!!id:1670
@!!loc:1076:24:1076:28
@!!status:to be proved
@!!END

@!!BEGIN
@!!type:obligation
@!!id:1671
@!!loc:1076:30:1076:42
@!!status:to be proved
@!!END

@!!BEGIN
@!!type:obligation
@!!id:1672
@!!loc:1078:3:1078:5
@!!status:to be proved
@!!END

@!!BEGIN
@!!type:obligation
@!!id:1673
@!!loc:1078:6:1078:10
@!!status:to be proved
@!!END

@!!BEGIN
@!!type:obligation
@!!id:1674
@!!loc:1078:12:1078:16
@!!status:to be proved
@!!END

@!!BEGIN
@!!type:obligation
@!!id:1675
@!!loc:1078:18:1078:22
@!!status:to be proved
@!!END

@!!BEGIN
@!!type:obligation
@!!id:1676
@!!loc:1079:16:1079:18
@!!status:to be proved
@!!END

@!!BEGIN
@!!type:obligation
@!!id:1677
@!!loc:1079:19:1079:23
@!!status:to be proved
@!!END

@!!BEGIN
@!!type:obligation
@!!id:1678
@!!loc:1079:25:1079:29
@!!status:to be proved
@!!END

@!!BEGIN
@!!type:obligation
@!!id:1679
@!!loc:1079:31:1079:35
@!!status:to be proved
@!!END

@!!BEGIN
@!!type:obligation
@!!id:1680
@!!loc:1079:37:1079:41
@!!status:to be proved
@!!END

@!!BEGIN
@!!type:obligation
@!!id:1681
@!!loc:1079:43:1079:48
@!!status:to be proved
@!!END

@!!BEGIN
@!!type:obligation
@!!id:1682
@!!loc:1079:50:1079:61
@!!status:to be proved
@!!END

@!!BEGIN
@!!type:obligation
@!!id:1683
@!!loc:1120:10:1120:12
@!!status:to be proved
@!!END

@!!BEGIN
@!!type:obligation
@!!id:1684
@!!loc:1120:13:1120:18
@!!status:to be proved
@!!END

@!!BEGIN
@!!type:obligation
@!!id:1685
@!!loc:1120:20:1120:25
@!!status:to be proved
@!!END

@!!BEGIN
@!!type:obligation
@!!id:1686
@!!loc:1120:27:1120:32
@!!status:to be proved
@!!END

@!!BEGIN
@!!type:obligation
@!!id:1687
@!!loc:1085:14:1085:16
@!!status:to be proved
@!!END

@!!BEGIN
@!!type:obligation
@!!id:1688
@!!loc:1086:44:1086:46
@!!status:to be proved
@!!END

@!!BEGIN
@!!type:obligation
@!!id:1689
@!!loc:1087:14:1087:16
@!!status:to be proved
@!!END

@!!BEGIN
@!!type:obligation
@!!id:1690
@!!loc:1088:23:1088:25
@!!status:to be proved
@!!END

@!!BEGIN
@!!type:obligation
@!!id:1691
@!!loc:1088:26:1088:30
@!!status:to be proved
@!!END

@!!BEGIN
@!!type:obligation
@!!id:1692
@!!loc:1089:80:1089:82
@!!status:to be proved
@!!END

@!!BEGIN
@!!type:obligation
@!!id:1693
@!!loc:1089:83:1089:87
@!!status:to be proved
@!!END

@!!BEGIN
@!!type:obligation
@!!id:1694
@!!loc:1095:3:1095:5
@!!status:to be proved
@!!END

@!!BEGIN
@!!type:obligation
@!!id:1696
@!!loc:1098:3:1098:5
@!!status:to be proved
@!!END

@!!BEGIN
@!!type:obligation
@!!id:1697
@!!loc:1100:3:1100:5
@!!status:to be proved
@!!END

@!!BEGIN
@!!type:obligation
@!!id:1698
@!!loc:1102:3:1102:5
@!!status:to be proved
@!!END

@!!BEGIN
@!!type:obligation
@!!id:1699
@!!loc:1102:6:1102:10
@!!status:to be proved
@!!END

@!!BEGIN
@!!type:obligation
@!!id:1700
@!!loc:1102:12:1102:21
@!!status:to be proved
@!!END

@!!BEGIN
@!!type:obligation
@!!id:1701
@!!loc:1104:3:1104:5
@!!status:to be proved
@!!END

@!!BEGIN
@!!type:obligation
@!!id:1702
@!!loc:1104:6:1104:10
@!!status:to be proved
@!!END

@!!BEGIN
@!!type:obligation
@!!id:1703
@!!loc:1104:12:1104:16
@!!status:to be proved
@!!END

@!!BEGIN
@!!type:obligation
@!!id:1704
@!!loc:1104:18:1104:25
@!!status:to be proved
@!!END

@!!BEGIN
@!!type:obligation
@!!id:1705
@!!loc:1106:3:1106:5
@!!status:to be proved
@!!END

@!!BEGIN
@!!type:obligation
@!!id:1706
@!!loc:1106:6:1106:10
@!!status:to be proved
@!!END

@!!BEGIN
@!!type:obligation
@!!id:1707
@!!loc:1106:12:1106:16
@!!status:to be proved
@!!END

@!!BEGIN
@!!type:obligation
@!!id:1708
@!!loc:1106:18:1106:30
@!!status:to be proved
@!!END

@!!BEGIN
@!!type:obligation
@!!id:1709
@!!loc:1107:38:1107:40
@!!status:to be proved
@!!END

@!!BEGIN
@!!type:obligation
@!!id:1710
@!!loc:1107:41:1107:45
@!!status:to be proved
@!!END

@!!BEGIN
@!!type:obligation
@!!id:1711
@!!loc:1107:47:1107:51
@!!status:to be proved
@!!END

@!!BEGIN
@!!type:obligation
@!!id:1712
@!!loc:1107:53:1107:57
@!!status:to be proved
@!!END

@!!BEGIN
@!!type:obligation
@!!id:1713
@!!loc:1107:59:1107:63
@!!status:to be proved
@!!END

@!!BEGIN
@!!type:obligation
@!!id:1714
@!!loc:1107:65:1107:69
@!!status:to be proved
@!!END

@!!BEGIN
@!!type:obligation
@!!id:1715
@!!loc:1107:71:1107:75
@!!status:to be proved
@!!END

@!!BEGIN
@!!type:obligation
@!!id:1716
@!!loc:1107:77:1107:89
@!!status:to be proved
@!!END

@!!BEGIN
@!!type:obligation
@!!id:1717
@!!loc:1109:3:1109:5
@!!status:to be proved
@!!END

@!!BEGIN
@!!type:obligation
@!!id:1718
@!!loc:1109:6:1109:10
@!!status:to be proved
@!!END

@!!BEGIN
@!!type:obligation
@!!id:1719
@!!loc:1109:12:1109:16
@!!status:to be proved
@!!END

@!!BEGIN
@!!type:obligation
@!!id:1720
@!!loc:1109:18:1109:22
@!!status:to be proved
@!!END

@!!BEGIN
@!!type:obligation
@!!id:1721
@!!loc:1109:24:1109:32
@!!status:to be proved
@!!END

@!!BEGIN
@!!type:obligation
@!!id:1722
@!!loc:1110:15:1110:17
@!!status:to be proved
@!!END

@!!BEGIN
@!!type:obligation
@!!id:1723
@!!loc:1110:18:1110:22
@!!status:to be proved
@!!END

@!!BEGIN
@!!type:obligation
@!!id:1724
@!!loc:1110:24:1110:28
@!!status:to be proved
@!!END

@!!BEGIN
@!!type:obligation
@!!id:1725
@!!loc:1110:30:1110:34
@!!status:to be proved
@!!END

@!!BEGIN
@!!type:obligation
@!!id:1726
@!!loc:1110:36:1110:40
@!!status:to be proved
@!!END

@!!BEGIN
@!!type:obligation
@!!id:1727
@!!loc:1110:42:1110:53
@!!status:to be proved
@!!END

@!!BEGIN
@!!type:obligation
@!!id:1728
@!!loc:1111:16:1111:18
@!!status:to be proved
@!!END

@!!BEGIN
@!!type:obligation
@!!id:1729
@!!loc:1111:19:1111:23
@!!status:to be proved
@!!END

@!!BEGIN
@!!type:obligation
@!!id:1730
@!!loc:1111:25:1111:29
@!!status:to be proved
@!!END

@!!BEGIN
@!!type:obligation
@!!id:1731
@!!loc:1111:31:1111:35
@!!status:to be proved
@!!END

@!!BEGIN
@!!type:obligation
@!!id:1732
@!!loc:1111:37:1111:41
@!!status:to be proved
@!!END

@!!BEGIN
@!!type:obligation
@!!id:1733
@!!loc:1111:43:1111:47
@!!status:to be proved
@!!END

@!!BEGIN
@!!type:obligation
@!!id:1734
@!!loc:1111:49:1111:53
@!!status:to be proved
@!!END

@!!BEGIN
@!!type:obligation
@!!id:1735
@!!loc:1111:55:1111:59
@!!status:to be proved
@!!END

@!!BEGIN
@!!type:obligation
@!!id:1736
@!!loc:1111:61:1111:65
@!!status:to be proved
@!!END

@!!BEGIN
@!!type:obligation
@!!id:1737
@!!loc:1111:67:1111:71
@!!status:to be proved
@!!END

@!!BEGIN
@!!type:obligation
@!!id:1738
@!!loc:1112:48:1112:50
@!!status:to be proved
@!!END

@!!BEGIN
@!!type:obligation
@!!id:1739
@!!loc:1112:51:1112:55
@!!status:to be proved
@!!END

@!!BEGIN
@!!type:obligation
@!!id:1740
@!!loc:1112:57:1112:61
@!!status:to be proved
@!!END

@!!BEGIN
@!!type:obligation
@!!id:1741
@!!loc:1112:63:1112:67
@!!status:to be proved
@!!END

@!!BEGIN
@!!type:obligation
@!!id:1742
@!!loc:1112:69:1112:73
@!!status:to be proved
@!!END

@!!BEGIN
@!!type:obligation
@!!id:1743
@!!loc:1112:75:1112:79
@!!status:to be proved
@!!END

@!!BEGIN
@!!type:obligation
@!!id:1744
@!!loc:1112:81:1112:85
@!!status:to be proved
@!!END

@!!BEGIN
@!!type:obligation
@!!id:1745
@!!loc:1112:87:1112:91
@!!status:to be proved
@!!END

@!!BEGIN
@!!type:obligation
@!!id:1746
@!!loc:1112:93:1112:97
@!!status:to be proved
@!!END

@!!BEGIN
@!!type:obligation
@!!id:1747
@!!loc:1114:3:1114:5
@!!status:to be proved
@!!END

@!!BEGIN
@!!type:obligation
@!!id:1748
@!!loc:1114:6:1114:10
@!!status:to be proved
@!!END

@!!BEGIN
@!!type:obligation
@!!id:1749
@!!loc:1114:12:1114:16
@!!status:to be proved
@!!END

@!!BEGIN
@!!type:obligation
@!!id:1750
@!!loc:1114:18:1114:22
@!!status:to be proved
@!!END

@!!BEGIN
@!!type:obligation
@!!id:1751
@!!loc:1114:24:1114:28
@!!status:to be proved
@!!END

@!!BEGIN
@!!type:obligation
@!!id:1752
@!!loc:1114:30:1114:42
@!!status:to be proved
@!!END

@!!BEGIN
@!!type:obligation
@!!id:1753
@!!loc:1116:3:1116:5
@!!status:to be proved
@!!END

@!!BEGIN
@!!type:obligation
@!!id:1754
@!!loc:1116:6:1116:10
@!!status:to be proved
@!!END

@!!BEGIN
@!!type:obligation
@!!id:1755
@!!loc:1116:12:1116:16
@!!status:to be proved
@!!END

@!!BEGIN
@!!type:obligation
@!!id:1756
@!!loc:1116:18:1116:22
@!!status:to be proved
@!!END

@!!BEGIN
@!!type:obligation
@!!id:1757
@!!loc:1116:24:1116:28
@!!status:to be proved
@!!END

@!!BEGIN
@!!type:obligation
@!!id:1758
@!!loc:1116:30:1116:34
@!!status:to be proved
@!!END

@!!BEGIN
@!!type:obligation
@!!id:1759
@!!loc:1116:36:1116:40
@!!status:to be proved
@!!END

@!!BEGIN
@!!type:obligation
@!!id:1760
@!!loc:1116:42:1116:46
@!!status:to be proved
@!!END

@!!BEGIN
@!!type:obligation
@!!id:1761
@!!loc:1116:48:1116:52
@!!status:to be proved
@!!END

@!!BEGIN
@!!type:obligation
@!!id:1762
@!!loc:1116:54:1116:66
@!!status:to be proved
@!!END

@!!BEGIN
@!!type:obligation
@!!id:1763
@!!loc:1118:3:1118:5
@!!status:to be proved
@!!END

@!!BEGIN
@!!type:obligation
@!!id:1764
@!!loc:1118:6:1118:10
@!!status:to be proved
@!!END

@!!BEGIN
@!!type:obligation
@!!id:1765
@!!loc:1118:12:1118:16
@!!status:to be proved
@!!END

@!!BEGIN
@!!type:obligation
@!!id:1766
@!!loc:1118:18:1118:22
@!!status:to be proved
@!!END

@!!BEGIN
@!!type:obligation
@!!id:1767
@!!loc:1119:16:1119:18
@!!status:to be proved
@!!END

@!!BEGIN
@!!type:obligation
@!!id:1768
@!!loc:1119:19:1119:23
@!!status:to be proved
@!!END

@!!BEGIN
@!!type:obligation
@!!id:1769
@!!loc:1119:25:1119:29
@!!status:to be proved
@!!END

@!!BEGIN
@!!type:obligation
@!!id:1770
@!!loc:1119:31:1119:36
@!!status:to be proved
@!!END

@!!BEGIN
@!!type:obligation
@!!id:1771
@!!loc:1119:38:1119:43
@!!status:to be proved
@!!END

@!!BEGIN
@!!type:obligation
@!!id:1772
@!!loc:1119:45:1119:50
@!!status:to be proved
@!!END

@!!BEGIN
@!!type:obligation
@!!id:1773
@!!loc:1119:52:1119:63
@!!status:to be proved
@!!END

@!!BEGIN
@!!type:obligation
@!!id:1774
@!!loc:1128:1:1128:3
@!!status:to be proved
@!!END

@!!BEGIN
@!!type:obligation
@!!id:1775
@!!loc:1133:1:1133:3
@!!status:to be proved
@!!END

@!!BEGIN
@!!type:obligation
@!!id:1776
@!!loc:1138:1:1138:3
@!!status:to be proved
@!!END

@!!BEGIN
@!!type:obligation
@!!id:1777
@!!loc:1186:10:1186:12
@!!status:to be proved
@!!END

@!!BEGIN
@!!type:obligation
@!!id:1778
@!!loc:1186:13:1186:17
@!!status:to be proved
@!!END

@!!BEGIN
@!!type:obligation
@!!id:1779
@!!loc:1186:19:1186:23
@!!status:to be proved
@!!END

@!!BEGIN
@!!type:obligation
@!!id:1780
@!!loc:1144:55:1144:62
@!!status:to be proved
@!!END

@!!BEGIN
@!!type:obligation
@!!id:1781
@!!loc:1179:12:1179:14
@!!status:to be proved
@!!END

@!!BEGIN
@!!type:obligation
@!!id:1782
@!!loc:1179:15:1179:19
@!!status:to be proved
@!!END

@!!BEGIN
@!!type:obligation
@!!id:1783
@!!loc:1179:21:1179:25
@!!status:to be proved
@!!END

@!!BEGIN
@!!type:obligation
@!!id:1784
@!!loc:1179:27:1179:31
@!!status:to be proved
@!!END

@!!BEGIN
@!!type:obligation
@!!id:1785
@!!loc:1146:14:1146:16
@!!status:to be proved
@!!END

@!!BEGIN
@!!type:obligation
@!!id:1786
@!!loc:1146:17:1146:21
@!!status:to be proved
@!!END

@!!BEGIN
@!!type:obligation
@!!id:1787
@!!loc:1153:14:1153:16
@!!status:to be proved
@!!END

@!!BEGIN
@!!type:obligation
@!!id:1788
@!!loc:1153:17:1153:21
@!!status:to be proved
@!!END

@!!BEGIN
@!!type:obligation
@!!id:1789
@!!loc:1153:23:1153:27
@!!status:to be proved
@!!END

@!!BEGIN
@!!type:obligation
@!!id:1790
@!!loc:1153:29:1153:33
@!!status:to be proved
@!!END

@!!BEGIN
@!!type:obligation
@!!id:1791
@!!loc:1153:35:1153:39
@!!status:to be proved
@!!END

@!!BEGIN
@!!type:obligation
@!!id:1792
@!!loc:1153:41:1153:45
@!!status:to be proved
@!!END

@!!BEGIN
@!!type:obligation
@!!id:1793
@!!loc:1153:47:1153:51
@!!status:to be proved
@!!END

@!!BEGIN
@!!type:obligation
@!!id:1794
@!!loc:1148:60:1148:62
@!!status:to be proved
@!!END

@!!BEGIN
@!!type:obligation
@!!id:1795
@!!loc:1148:63:1148:67
@!!status:to be proved
@!!END

@!!BEGIN
@!!type:obligation
@!!id:1796
@!!loc:1148:69:1148:80
@!!status:to be proved
@!!END

@!!BEGIN
@!!type:obligation
@!!id:1797
@!!loc:1149:60:1149:62
@!!status:to be proved
@!!END

@!!BEGIN
@!!type:obligation
@!!id:1798
@!!loc:1149:63:1149:67
@!!status:to be proved
@!!END

@!!BEGIN
@!!type:obligation
@!!id:1799
@!!loc:1149:69:1149:80
@!!status:to be proved
@!!END

@!!BEGIN
@!!type:obligation
@!!id:1800
@!!loc:1150:63:1150:65
@!!status:to be proved
@!!END

@!!BEGIN
@!!type:obligation
@!!id:1801
@!!loc:1150:66:1150:70
@!!status:to be proved
@!!END

@!!BEGIN
@!!type:obligation
@!!id:1802
@!!loc:1150:72:1150:86
@!!status:to be proved
@!!END

@!!BEGIN
@!!type:obligation
@!!id:1803
@!!loc:1151:83:1151:85
@!!status:to be proved
@!!END

@!!BEGIN
@!!type:obligation
@!!id:1804
@!!loc:1151:86:1151:90
@!!status:to be proved
@!!END

@!!BEGIN
@!!type:obligation
@!!id:1805
@!!loc:1151:92:1151:106
@!!status:to be proved
@!!END

@!!BEGIN
@!!type:obligation
@!!id:1806
@!!loc:1152:30:1152:32
@!!status:to be proved
@!!END

@!!BEGIN
@!!type:obligation
@!!id:1807
@!!loc:1152:33:1152:37
@!!status:to be proved
@!!END

@!!BEGIN
@!!type:obligation
@!!id:1808
@!!loc:1152:39:1152:59
@!!status:to be proved
@!!END

@!!BEGIN
@!!type:obligation
@!!id:1809
@!!loc:1176:14:1176:16
@!!status:to be proved
@!!END

@!!BEGIN
@!!type:obligation
@!!id:1810
@!!loc:1176:17:1176:21
@!!status:to be proved
@!!END

@!!BEGIN
@!!type:obligation
@!!id:1811
@!!loc:1176:23:1176:27
@!!status:to be proved
@!!END

@!!BEGIN
@!!type:obligation
@!!id:1812
@!!loc:1176:29:1176:33
@!!status:to be proved
@!!END

@!!BEGIN
@!!type:obligation
@!!id:1813
@!!loc:1176:35:1176:39
@!!status:to be proved
@!!END

@!!BEGIN
@!!type:obligation
@!!id:1814
@!!loc:1176:41:1176:45
@!!status:to be proved
@!!END

@!!BEGIN
@!!type:obligation
@!!id:1815
@!!loc:1176:47:1176:51
@!!status:to be proved
@!!END

@!!BEGIN
@!!type:obligation
@!!id:1816
@!!loc:1176:53:1176:57
@!!status:to be proved
@!!END

@!!BEGIN
@!!type:obligation
@!!id:1817
@!!loc:1176:59:1176:63
@!!status:to be proved
@!!END

@!!BEGIN
@!!type:obligation
@!!id:1818
@!!loc:1176:65:1176:69
@!!status:to be proved
@!!END

@!!BEGIN
@!!type:obligation
@!!id:1819
@!!loc:1176:71:1176:75
@!!status:to be proved
@!!END

@!!BEGIN
@!!type:obligation
@!!id:1820
@!!loc:1176:77:1176:82
@!!status:to be proved
@!!END

@!!BEGIN
@!!type:obligation
@!!id:1821
@!!loc:1177:17:1177:22
@!!status:to be proved
@!!END

@!!BEGIN
@!!type:obligation
@!!id:1822
@!!loc:1177:24:1177:29
@!!status:to be proved
@!!END

@!!BEGIN
@!!type:obligation
@!!id:1823
@!!loc:1177:31:1177:36
@!!status:to be proved
@!!END

@!!BEGIN
@!!type:obligation
@!!id:1824
@!!loc:1177:38:1177:43
@!!status:to be proved
@!!END

@!!BEGIN
@!!type:obligation
@!!id:1825
@!!loc:1177:45:1177:50
@!!status:to be proved
@!!END

@!!BEGIN
@!!type:obligation
@!!id:1826
@!!loc:1177:52:1177:57
@!!status:to be proved
@!!END

@!!BEGIN
@!!type:obligation
@!!id:1827
@!!loc:1177:59:1177:64
@!!status:to be proved
@!!END

@!!BEGIN
@!!type:obligation
@!!id:1828
@!!loc:1177:66:1177:71
@!!status:to be proved
@!!END

@!!BEGIN
@!!type:obligation
@!!id:1829
@!!loc:1177:73:1177:78
@!!status:to be proved
@!!END

@!!BEGIN
@!!type:obligation
@!!id:1830
@!!loc:1177:80:1177:85
@!!status:to be proved
@!!END

@!!BEGIN
@!!type:obligation
@!!id:1831
@!!loc:1177:87:1177:92
@!!status:to be proved
@!!END

@!!BEGIN
@!!type:obligation
@!!id:1832
@!!loc:1155:66:1155:68
@!!status:to be proved
@!!END

@!!BEGIN
@!!type:obligation
@!!id:1833
@!!loc:1155:69:1155:73
@!!status:to be proved
@!!END

@!!BEGIN
@!!type:obligation
@!!id:1834
@!!loc:1155:75:1155:90
@!!status:to be proved
@!!END

@!!BEGIN
@!!type:obligation
@!!id:1835
@!!loc:1156:65:1156:67
@!!status:to be proved
@!!END

@!!BEGIN
@!!type:obligation
@!!id:1836
@!!loc:1156:68:1156:72
@!!status:to be proved
@!!END

@!!BEGIN
@!!type:obligation
@!!id:1837
@!!loc:1156:74:1156:88
@!!status:to be proved
@!!END

@!!BEGIN
@!!type:obligation
@!!id:1838
@!!loc:1157:62:1157:64
@!!status:to be proved
@!!END

@!!BEGIN
@!!type:obligation
@!!id:1839
@!!loc:1157:65:1157:69
@!!status:to be proved
@!!END

@!!BEGIN
@!!type:obligation
@!!id:1840
@!!loc:1157:71:1157:82
@!!status:to be proved
@!!END

@!!BEGIN
@!!type:obligation
@!!id:1841
@!!loc:1158:62:1158:64
@!!status:to be proved
@!!END

@!!BEGIN
@!!type:obligation
@!!id:1842
@!!loc:1158:65:1158:69
@!!status:to be proved
@!!END

@!!BEGIN
@!!type:obligation
@!!id:1843
@!!loc:1158:71:1158:82
@!!status:to be proved
@!!END

@!!BEGIN
@!!type:obligation
@!!id:1844
@!!loc:1159:66:1159:68
@!!status:to be proved
@!!END

@!!BEGIN
@!!type:obligation
@!!id:1845
@!!loc:1159:69:1159:73
@!!status:to be proved
@!!END

@!!BEGIN
@!!type:obligation
@!!id:1846
@!!loc:1159:75:1159:90
@!!status:to be proved
@!!END

@!!BEGIN
@!!type:obligation
@!!id:1847
@!!loc:1160:63:1160:65
@!!status:to be proved
@!!END

@!!BEGIN
@!!type:obligation
@!!id:1848
@!!loc:1160:66:1160:70
@!!status:to be proved
@!!END

@!!BEGIN
@!!type:obligation
@!!id:1849
@!!loc:1160:72:1160:84
@!!status:to be proved
@!!END

@!!BEGIN
@!!type:obligation
@!!id:1850
@!!loc:1161:64:1161:66
@!!status:to be proved
@!!END

@!!BEGIN
@!!type:obligation
@!!id:1851
@!!loc:1161:67:1161:71
@!!status:to be proved
@!!END

@!!BEGIN
@!!type:obligation
@!!id:1852
@!!loc:1161:73:1161:86
@!!status:to be proved
@!!END

@!!BEGIN
@!!type:obligation
@!!id:1853
@!!loc:1162:65:1162:67
@!!status:to be proved
@!!END

@!!BEGIN
@!!type:obligation
@!!id:1854
@!!loc:1162:68:1162:72
@!!status:to be proved
@!!END

@!!BEGIN
@!!type:obligation
@!!id:1855
@!!loc:1162:74:1162:88
@!!status:to be proved
@!!END

@!!BEGIN
@!!type:obligation
@!!id:1856
@!!loc:1163:65:1163:67
@!!status:to be proved
@!!END

@!!BEGIN
@!!type:obligation
@!!id:1857
@!!loc:1163:68:1163:72
@!!status:to be proved
@!!END

@!!BEGIN
@!!type:obligation
@!!id:1858
@!!loc:1163:74:1163:88
@!!status:to be proved
@!!END

@!!BEGIN
@!!type:obligation
@!!id:1859
@!!loc:1164:65:1164:67
@!!status:to be proved
@!!END

@!!BEGIN
@!!type:obligation
@!!id:1860
@!!loc:1164:68:1164:73
@!!status:to be proved
@!!END

@!!BEGIN
@!!type:obligation
@!!id:1861
@!!loc:1164:75:1164:88
@!!status:to be proved
@!!END

@!!BEGIN
@!!type:obligation
@!!id:1862
@!!loc:1165:66:1165:68
@!!status:to be proved
@!!END

@!!BEGIN
@!!type:obligation
@!!id:1863
@!!loc:1165:69:1165:74
@!!status:to be proved
@!!END

@!!BEGIN
@!!type:obligation
@!!id:1864
@!!loc:1165:76:1165:90
@!!status:to be proved
@!!END

@!!BEGIN
@!!type:obligation
@!!id:1865
@!!loc:1166:63:1166:65
@!!status:to be proved
@!!END

@!!BEGIN
@!!type:obligation
@!!id:1866
@!!loc:1166:66:1166:71
@!!status:to be proved
@!!END

@!!BEGIN
@!!type:obligation
@!!id:1867
@!!loc:1166:73:1166:84
@!!status:to be proved
@!!END

@!!BEGIN
@!!type:obligation
@!!id:1868
@!!loc:1167:71:1167:73
@!!status:to be proved
@!!END

@!!BEGIN
@!!type:obligation
@!!id:1869
@!!loc:1167:74:1167:79
@!!status:to be proved
@!!END

@!!BEGIN
@!!type:obligation
@!!id:1870
@!!loc:1167:81:1167:100
@!!status:to be proved
@!!END

@!!BEGIN
@!!type:obligation
@!!id:1871
@!!loc:1168:71:1168:73
@!!status:to be proved
@!!END

@!!BEGIN
@!!type:obligation
@!!id:1872
@!!loc:1168:74:1168:79
@!!status:to be proved
@!!END

@!!BEGIN
@!!type:obligation
@!!id:1873
@!!loc:1168:81:1168:100
@!!status:to be proved
@!!END

@!!BEGIN
@!!type:obligation
@!!id:1874
@!!loc:1169:72:1169:74
@!!status:to be proved
@!!END

@!!BEGIN
@!!type:obligation
@!!id:1875
@!!loc:1169:75:1169:80
@!!status:to be proved
@!!END

@!!BEGIN
@!!type:obligation
@!!id:1876
@!!loc:1169:82:1169:102
@!!status:to be proved
@!!END

@!!BEGIN
@!!type:obligation
@!!id:1877
@!!loc:1170:68:1170:70
@!!status:to be proved
@!!END

@!!BEGIN
@!!type:obligation
@!!id:1878
@!!loc:1170:71:1170:76
@!!status:to be proved
@!!END

@!!BEGIN
@!!type:obligation
@!!id:1879
@!!loc:1170:78:1170:94
@!!status:to be proved
@!!END

@!!BEGIN
@!!type:obligation
@!!id:1880
@!!loc:1171:68:1171:70
@!!status:to be proved
@!!END

@!!BEGIN
@!!type:obligation
@!!id:1881
@!!loc:1171:71:1171:76
@!!status:to be proved
@!!END

@!!BEGIN
@!!type:obligation
@!!id:1882
@!!loc:1171:78:1171:94
@!!status:to be proved
@!!END

@!!BEGIN
@!!type:obligation
@!!id:1883
@!!loc:1172:83:1172:85
@!!status:to be proved
@!!END

@!!BEGIN
@!!type:obligation
@!!id:1884
@!!loc:1172:86:1172:91
@!!status:to be proved
@!!END

@!!BEGIN
@!!type:obligation
@!!id:1885
@!!loc:1172:93:1172:104
@!!status:to be proved
@!!END

@!!BEGIN
@!!type:obligation
@!!id:1886
@!!loc:1173:85:1173:87
@!!status:to be proved
@!!END

@!!BEGIN
@!!type:obligation
@!!id:1887
@!!loc:1173:88:1173:93
@!!status:to be proved
@!!END

@!!BEGIN
@!!type:obligation
@!!id:1888
@!!loc:1173:95:1173:108
@!!status:to be proved
@!!END

@!!BEGIN
@!!type:obligation
@!!id:1889
@!!loc:1174:85:1174:87
@!!status:to be proved
@!!END

@!!BEGIN
@!!type:obligation
@!!id:1890
@!!loc:1174:88:1174:93
@!!status:to be proved
@!!END

@!!BEGIN
@!!type:obligation
@!!id:1891
@!!loc:1174:95:1174:108
@!!status:to be proved
@!!END

@!!BEGIN
@!!type:obligation
@!!id:1892
@!!loc:1175:86:1175:88
@!!status:to be proved
@!!END

@!!BEGIN
@!!type:obligation
@!!id:1893
@!!loc:1175:89:1175:94
@!!status:to be proved
@!!END

@!!BEGIN
@!!type:obligation
@!!id:1894
@!!loc:1175:96:1175:108
@!!status:to be proved
@!!END

@!!BEGIN
@!!type:obligation
@!!id:1895
@!!loc:1185:12:1185:14
@!!status:to be proved
@!!END

@!!BEGIN
@!!type:obligation
@!!id:1896
@!!loc:1185:15:1185:19
@!!status:to be proved
@!!END

@!!BEGIN
@!!type:obligation
@!!id:1897
@!!loc:1185:21:1185:25
@!!status:to be proved
@!!END

@!!BEGIN
@!!type:obligation
@!!id:1898
@!!loc:1185:27:1185:31
@!!status:to be proved
@!!END

@!!BEGIN
@!!type:obligation
@!!id:1899
@!!loc:1185:33:1185:37
@!!status:to be proved
@!!END

@!!BEGIN
@!!type:obligation
@!!id:1900
@!!loc:1181:22:1181:24
@!!status:to be proved
@!!END

@!!BEGIN
@!!type:obligation
@!!id:1901
@!!loc:1181:25:1181:29
@!!status:to be proved
@!!END

@!!BEGIN
@!!type:obligation
@!!id:1902
@!!loc:1182:18:1182:20
@!!status:to be proved
@!!END

@!!BEGIN
@!!type:obligation
@!!id:1903
@!!loc:1182:21:1182:25
@!!status:to be proved
@!!END

@!!BEGIN
@!!type:obligation
@!!id:1904
@!!loc:1182:27:1182:37
@!!status:to be proved
@!!END

@!!BEGIN
@!!type:obligation
@!!id:1905
@!!loc:1183:20:1183:22
@!!status:to be proved
@!!END

@!!BEGIN
@!!type:obligation
@!!id:1906
@!!loc:1183:23:1183:27
@!!status:to be proved
@!!END

@!!BEGIN
@!!type:obligation
@!!id:1907
@!!loc:1183:29:1183:41
@!!status:to be proved
@!!END

@!!BEGIN
@!!type:obligation
@!!id:1908
@!!loc:1184:82:1184:84
@!!status:to be proved
@!!END

@!!BEGIN
@!!type:obligation
@!!id:1909
@!!loc:1184:85:1184:89
@!!status:to be proved
@!!END

@!!BEGIN
@!!type:obligation
@!!id:1910
@!!loc:1184:91:1184:102
@!!status:to be proved
@!!END

@!!BEGIN
@!!type:obligation
@!!id:1911
@!!loc:1196:10:1196:12
@!!status:to be proved
@!!END

@!!BEGIN
@!!type:obligation
@!!id:1912
@!!loc:1196:13:1196:17
@!!status:to be proved
@!!END

@!!BEGIN
@!!type:obligation
@!!id:1913
@!!loc:1196:19:1196:23
@!!status:to be proved
@!!END

@!!BEGIN
@!!type:obligation
@!!id:1914
@!!loc:1196:25:1196:29
@!!status:to be proved
@!!END

@!!BEGIN
@!!type:obligation
@!!id:1915
@!!loc:1196:31:1196:34
@!!status:to be proved
@!!END

@!!BEGIN
@!!type:obligation
@!!id:1916
@!!loc:1189:25:1189:27
@!!status:to be proved
@!!END

@!!BEGIN
@!!type:obligation
@!!id:1917
@!!loc:1189:28:1189:39
@!!status:to be proved
@!!END

@!!BEGIN
@!!type:obligation
@!!id:1918
@!!loc:1194:12:1194:14
@!!status:to be proved
@!!END

@!!BEGIN
@!!type:obligation
@!!id:1919
@!!loc:1194:15:1194:19
@!!status:to be proved
@!!END

@!!BEGIN
@!!type:obligation
@!!id:1920
@!!loc:1194:21:1194:25
@!!status:to be proved
@!!END

@!!BEGIN
@!!type:obligation
@!!id:1921
@!!loc:1191:41:1191:43
@!!status:to be proved
@!!END

@!!BEGIN
@!!type:obligation
@!!id:1922
@!!loc:1191:44:1191:55
@!!status:to be proved
@!!END

@!!BEGIN
@!!type:obligation
@!!id:1923
@!!loc:1193:5:1193:7
@!!status:to be proved
@!!END

@!!BEGIN
@!!type:obligation
@!!id:1924
@!!loc:1195:27:1195:29
@!!status:to be proved
@!!END

@!!BEGIN
@!!type:obligationsnumber
@!!count:1917
@!!END

@!!BEGIN
@!!type:obligation
@!!id:2
@!!loc:126:13:126:17
@!!status:trivial
@!!prover:tlapm
@!!already:false
@!!END

@!!BEGIN
@!!type:obligation
@!!id:3
@!!loc:126:19:126:23
@!!status:trivial
@!!prover:tlapm
@!!already:false
@!!END

@!!BEGIN
@!!type:obligation
@!!id:4
@!!loc:126:25:126:29
@!!status:trivial
@!!prover:tlapm
@!!already:false
@!!END

@!!BEGIN
@!!type:obligation
@!!id:1
@!!loc:126:10:126:12
@!!status:proved
@!!prover:smt
@!!meth:time-limit: 60; time-used: 30.4 (51%)
@!!already:false
@!!END

@!!BEGIN
@!!type:obligation
@!!id:5
@!!loc:112:3:112:5
@!!status:proved
@!!prover:smt
@!!meth:time-limit: 60; time-used: 31.6 (53%)
@!!already:false
@!!END

@!!BEGIN
@!!type:obligation
@!!id:6
@!!loc:119:3:119:5
@!!status:proved
@!!prover:smt
@!!meth:time-limit: 60; time-used: 30.3 (50%)
@!!already:false
@!!END

@!!BEGIN
@!!type:obligation
@!!id:7
@!!loc:125:3:125:5
@!!status:proved
@!!prover:smt
@!!meth:time-limit: 60; time-used: 29.0 (48%)
@!!already:false
@!!END

@!!BEGIN
@!!type:obligation
@!!id:11
@!!loc:136:4:136:15
@!!status:trivial
@!!prover:tlapm
@!!already:false
@!!END

@!!BEGIN
@!!type:obligation
@!!id:10
@!!loc:136:1:136:3
@!!status:proved
@!!prover:smt
@!!meth:time-limit: 60; time-used: 0.4 (1%)
@!!already:false
@!!END

@!!BEGIN
@!!type:obligation
@!!id:9
@!!loc:133:1:133:3
@!!status:proved
@!!prover:smt
@!!meth:time-limit: 60; time-used: 1.6 (3%)
@!!already:false
@!!END

@!!BEGIN
@!!type:obligation
@!!id:8
@!!loc:130:1:130:3
@!!status:proved
@!!prover:smt
@!!meth:time-limit: 60; time-used: 3.3 (6%)
@!!already:false
@!!END

@!!BEGIN
@!!type:obligation
@!!id:12
@!!loc:136:17:136:26
@!!status:trivial
@!!prover:tlapm
@!!already:false
@!!END

@!!BEGIN
@!!type:obligation
@!!id:13
@!!loc:136:28:136:46
@!!status:trivial
@!!prover:tlapm
@!!already:false
@!!END

@!!BEGIN
@!!type:obligation
@!!id:15
@!!loc:142:4:142:14
@!!status:trivial
@!!prover:tlapm
@!!already:false
@!!END

@!!BEGIN
@!!type:obligation
@!!id:16
@!!loc:142:16:142:28
@!!status:trivial
@!!prover:tlapm
@!!already:false
@!!END

@!!BEGIN
@!!type:obligation
@!!id:14
@!!loc:142:1:142:3
@!!status:proved
@!!prover:smt
@!!meth:time-limit: 60; time-used: 3.4 (6%)
@!!already:false
@!!END

@!!BEGIN
@!!type:obligation
@!!id:18
@!!loc:148:4:148:14
@!!status:trivial
@!!prover:tlapm
@!!already:false
@!!END

@!!BEGIN
@!!type:obligation
@!!id:19
@!!loc:148:16:148:28
@!!status:trivial
@!!prover:tlapm
@!!already:false
@!!END

@!!BEGIN
@!!type:obligation
@!!id:17
@!!loc:148:1:148:3
@!!status:proved
@!!prover:smt
@!!meth:time-limit: 60; time-used: 3.7 (6%)
@!!already:false
@!!END

@!!BEGIN
@!!type:obligation
@!!id:21
@!!loc:154:4:154:13
@!!status:trivial
@!!prover:tlapm
@!!already:false
@!!END

@!!BEGIN
@!!type:obligation
@!!id:23
@!!loc:170:13:170:17
@!!status:trivial
@!!prover:tlapm
@!!already:false
@!!END

@!!BEGIN
@!!type:obligation
@!!id:22
@!!loc:170:10:170:12
@!!status:proved
@!!prover:smt
@!!meth:time-limit: 60; time-used: 0.6 (1%)
@!!already:false
@!!END

@!!BEGIN
@!!type:obligation
@!!id:20
@!!loc:154:1:154:3
@!!status:proved
@!!prover:smt
@!!meth:time-limit: 60; time-used: 3.5 (6%)
@!!already:false
@!!END

@!!BEGIN
@!!type:obligation
@!!id:24
@!!loc:170:19:170:23
@!!status:trivial
@!!prover:tlapm
@!!already:false
@!!END

@!!BEGIN
@!!type:obligation
@!!id:25
@!!loc:170:25:170:29
@!!status:trivial
@!!prover:tlapm
@!!already:false
@!!END

@!!BEGIN
@!!type:obligation
@!!id:27
@!!loc:167:15:167:19
@!!status:trivial
@!!prover:tlapm
@!!already:false
@!!END

@!!BEGIN
@!!type:obligation
@!!id:26
@!!loc:167:12:167:14
@!!status:proved
@!!prover:smt
@!!meth:time-limit: 60; time-used: 29.4 (49%)
@!!already:false
@!!END

@!!BEGIN
@!!type:obligation
@!!id:29
@!!loc:166:8:166:20
@!!status:trivial
@!!prover:tlapm
@!!already:false
@!!END

@!!BEGIN
@!!type:obligation
@!!id:30
@!!loc:166:22:166:31
@!!status:trivial
@!!prover:tlapm
@!!already:false
@!!END

@!!BEGIN
@!!type:obligation
@!!id:28
@!!loc:166:5:166:7
@!!status:proved
@!!prover:smt
@!!meth:time-limit: 60; time-used: 4.0 (7%)
@!!already:false
@!!END

@!!BEGIN
@!!type:obligation
@!!id:32
@!!loc:169:44:169:46
@!!status:proved
@!!prover:smt
@!!meth:time-limit: 60; time-used: 2.9 (5%)
@!!already:false
@!!END

@!!BEGIN
@!!type:obligation
@!!id:31
@!!loc:168:35:168:37
@!!status:proved
@!!prover:smt
@!!meth:time-limit: 60; time-used: 5.6 (9%)
@!!already:false
@!!END

@!!BEGIN
@!!type:obligation
@!!id:34
@!!loc:183:1:183:8
@!!status:proved
@!!prover:smt
@!!meth:time-limit: 60; time-used: 1.6 (3%)
@!!already:false
@!!END

@!!BEGIN
@!!type:obligation
@!!id:33
@!!loc:177:1:177:3
@!!status:proved
@!!prover:smt
@!!meth:time-limit: 60; time-used: 3.1 (5%)
@!!already:false
@!!END

@!!BEGIN
@!!type:obligation
@!!id:36
@!!loc:203:1:203:3
@!!status:proved
@!!prover:smt
@!!meth:time-limit: 60; time-used: 2.2 (4%)
@!!already:false
@!!END

@!!BEGIN
@!!type:obligation
@!!id:35
@!!loc:191:1:191:3
@!!status:proved
@!!prover:smt
@!!meth:time-limit: 60; time-used: 4.0 (7%)
@!!already:false
@!!END

@!!BEGIN
@!!type:obligation
@!!id:38
@!!loc:236:13:236:18
@!!status:trivial
@!!prover:tlapm
@!!already:false
@!!END

@!!BEGIN
@!!type:obligation
@!!id:39
@!!loc:236:20:236:25
@!!status:trivial
@!!prover:tlapm
@!!already:false
@!!END

@!!BEGIN
@!!type:obligation
@!!id:40
@!!loc:236:27:236:32
@!!status:trivial
@!!prover:tlapm
@!!already:false
@!!END

@!!BEGIN
@!!type:obligation
@!!id:37
@!!loc:236:10:236:12
@!!status:proved
@!!prover:smt
@!!meth:time-limit: 60; time-used: 3.2 (5%)
@!!already:false
@!!END

@!!BEGIN
@!!type:obligation
@!!id:43
@!!loc:210:24:210:34
@!!status:trivial
@!!prover:tlapm
@!!already:false
@!!END

@!!BEGIN
@!!type:obligation
@!!id:44
@!!loc:210:36:210:48
@!!status:trivial
@!!prover:tlapm
@!!already:false
@!!END

@!!BEGIN
@!!type:obligation
@!!id:42
@!!loc:210:21:210:23
@!!status:proved
@!!prover:smt
@!!meth:time-limit: 60; time-used: 3.6 (6%)
@!!already:false
@!!END

@!!BEGIN
@!!type:obligation
@!!id:41
@!!loc:209:43:209:50
@!!status:proved
@!!prover:smt
@!!meth:time-limit: 60; time-used: 4.8 (8%)
@!!already:false
@!!END

@!!BEGIN
@!!type:obligation
@!!id:46
@!!loc:211:51:211:55
@!!status:trivial
@!!prover:tlapm
@!!already:false
@!!END

@!!BEGIN
@!!type:obligation
@!!id:45
@!!loc:211:48:211:50
@!!status:proved
@!!prover:smt
@!!meth:time-limit: 60; time-used: 3.0 (5%)
@!!already:false
@!!END

@!!BEGIN
@!!type:obligation
@!!id:48
@!!loc:212:66:212:70
@!!status:trivial
@!!prover:tlapm
@!!already:false
@!!END

@!!BEGIN
@!!type:obligation
@!!id:49
@!!loc:212:72:212:81
@!!status:trivial
@!!prover:tlapm
@!!already:false
@!!END

@!!BEGIN
@!!type:obligation
@!!id:47
@!!loc:212:63:212:65
@!!status:proved
@!!prover:smt
@!!meth:time-limit: 60; time-used: 3.8 (6%)
@!!already:false
@!!END

@!!BEGIN
@!!type:obligation
@!!id:51
@!!loc:213:42:213:46
@!!status:trivial
@!!prover:tlapm
@!!already:false
@!!END

@!!BEGIN
@!!type:obligation
@!!id:53
@!!loc:214:32:214:46
@!!status:trivial
@!!prover:tlapm
@!!already:false
@!!END

@!!BEGIN
@!!type:obligation
@!!id:52
@!!loc:214:29:214:31
@!!status:proved
@!!prover:smt
@!!meth:time-limit: 60; time-used: 2.9 (5%)
@!!already:false
@!!END

@!!BEGIN
@!!type:obligation
@!!id:50
@!!loc:213:39:213:41
@!!status:proved
@!!prover:smt
@!!meth:time-limit: 60; time-used: 4.5 (8%)
@!!already:false
@!!END

@!!BEGIN
@!!type:obligation
@!!id:55
@!!loc:215:36:215:40
@!!status:trivial
@!!prover:tlapm
@!!already:false
@!!END

@!!BEGIN
@!!type:obligation
@!!id:54
@!!loc:215:33:215:35
@!!status:proved
@!!prover:smt
@!!meth:time-limit: 60; time-used: 3.2 (5%)
@!!already:false
@!!END

@!!BEGIN
@!!type:obligation
@!!id:57
@!!loc:219:6:219:10
@!!status:trivial
@!!prover:tlapm
@!!already:false
@!!END

@!!BEGIN
@!!type:obligation
@!!id:58
@!!loc:219:12:219:16
@!!status:trivial
@!!prover:tlapm
@!!already:false
@!!END

@!!BEGIN
@!!type:obligation
@!!id:56
@!!loc:219:3:219:5
@!!status:proved
@!!prover:smt
@!!meth:time-limit: 60; time-used: 3.5 (6%)
@!!already:false
@!!END

@!!BEGIN
@!!type:obligation
@!!id:60
@!!loc:225:6:225:10
@!!status:trivial
@!!prover:tlapm
@!!already:false
@!!END

@!!BEGIN
@!!type:obligation
@!!id:59
@!!loc:225:3:225:5
@!!status:proved
@!!prover:smt
@!!meth:time-limit: 60; time-used: 3.0 (5%)
@!!already:false
@!!END

@!!BEGIN
@!!type:obligation
@!!id:63
@!!loc:233:18:233:22
@!!status:trivial
@!!prover:tlapm
@!!already:false
@!!END

@!!BEGIN
@!!type:obligation
@!!id:64
@!!loc:233:24:233:28
@!!status:trivial
@!!prover:tlapm
@!!already:false
@!!END

@!!BEGIN
@!!type:obligation
@!!id:62
@!!loc:233:15:233:17
@!!status:proved
@!!prover:smt
@!!meth:time-limit: 60; time-used: 1.3 (2%)
@!!already:false
@!!END

@!!BEGIN
@!!type:obligation
@!!id:61
@!!loc:232:3:232:5
@!!status:proved
@!!prover:smt
@!!meth:time-limit: 60; time-used: 3.7 (6%)
@!!already:false
@!!END

@!!BEGIN
@!!type:obligation
@!!id:65
@!!loc:233:30:233:34
@!!status:trivial
@!!prover:tlapm
@!!already:false
@!!END

@!!BEGIN
@!!type:obligation
@!!id:67
@!!loc:234:18:234:22
@!!status:trivial
@!!prover:tlapm
@!!already:false
@!!END

@!!BEGIN
@!!type:obligation
@!!id:66
@!!loc:234:15:234:17
@!!status:proved
@!!prover:smt
@!!meth:time-limit: 60; time-used: 21.5 (36%)
@!!already:false
@!!END

@!!BEGIN
@!!type:obligation
@!!id:69
@!!loc:235:18:235:22
@!!status:trivial
@!!prover:tlapm
@!!already:false
@!!END

@!!BEGIN
@!!type:obligation
@!!id:70
@!!loc:235:24:235:28
@!!status:trivial
@!!prover:tlapm
@!!already:false
@!!END

@!!BEGIN
@!!type:obligation
@!!id:71
@!!loc:235:30:235:34
@!!status:trivial
@!!prover:tlapm
@!!already:false
@!!END

@!!BEGIN
@!!type:obligation
@!!id:72
@!!loc:235:36:235:40
@!!status:trivial
@!!prover:tlapm
@!!already:false
@!!END

@!!BEGIN
@!!type:obligation
@!!id:68
@!!loc:235:15:235:17
@!!status:proved
@!!prover:smt
@!!meth:time-limit: 60; time-used: 4.1 (7%)
@!!already:false
@!!END

@!!BEGIN
@!!type:obligation
@!!id:74
@!!loc:267:13:267:17
@!!status:trivial
@!!prover:tlapm
@!!already:false
@!!END

@!!BEGIN
@!!type:obligation
@!!id:75
@!!loc:267:19:267:23
@!!status:trivial
@!!prover:tlapm
@!!already:false
@!!END

@!!BEGIN
@!!type:obligation
@!!id:76
@!!loc:267:25:267:29
@!!status:trivial
@!!prover:tlapm
@!!already:false
@!!END

@!!BEGIN
@!!type:obligation
@!!id:73
@!!loc:267:10:267:12
@!!status:proved
@!!prover:smt
@!!meth:time-limit: 60; time-used: 3.2 (5%)
@!!already:false
@!!END

@!!BEGIN
@!!type:obligation
@!!id:79
@!!loc:246:14:246:16
@!!status:proved
@!!prover:smt
@!!meth:time-limit: 60; time-used: 2.4 (4%)
@!!already:false
@!!END

@!!BEGIN
@!!type:obligation
@!!id:78
@!!loc:245:44:245:46
@!!status:proved
@!!prover:smt
@!!meth:time-limit: 60; time-used: 3.5 (6%)
@!!already:false
@!!END

@!!BEGIN
@!!type:obligation
@!!id:77
@!!loc:244:14:244:16
@!!status:proved
@!!prover:smt
@!!meth:time-limit: 60; time-used: 4.6 (8%)
@!!already:false
@!!END

@!!BEGIN
@!!type:obligation
@!!id:82
@!!loc:256:57:256:61
@!!status:trivial
@!!prover:tlapm
@!!already:false
@!!END

@!!BEGIN
@!!type:obligation
@!!id:83
@!!loc:256:63:256:67
@!!status:trivial
@!!prover:tlapm
@!!already:false
@!!END

@!!BEGIN
@!!type:obligation
@!!id:81
@!!loc:256:54:256:56
@!!status:proved
@!!prover:smt
@!!meth:time-limit: 60; time-used: 1.4 (2%)
@!!already:false
@!!END

@!!BEGIN
@!!type:obligation
@!!id:80
@!!loc:255:3:255:5
@!!status:proved
@!!prover:smt
@!!meth:time-limit: 60; time-used: 3.5 (6%)
@!!already:false
@!!END

@!!BEGIN
@!!type:obligation
@!!id:84
@!!loc:256:69:256:73
@!!status:trivial
@!!prover:tlapm
@!!already:false
@!!END

@!!BEGIN
@!!type:obligation
@!!id:85
@!!loc:256:75:256:85
@!!status:trivial
@!!prover:tlapm
@!!already:false
@!!END

@!!BEGIN
@!!type:obligation
@!!id:87
@!!loc:257:46:257:50
@!!status:trivial
@!!prover:tlapm
@!!already:false
@!!END

@!!BEGIN
@!!type:obligation
@!!id:88
@!!loc:257:52:257:56
@!!status:trivial
@!!prover:tlapm
@!!already:false
@!!END

@!!BEGIN
@!!type:obligation
@!!id:89
@!!loc:257:58:257:62
@!!status:trivial
@!!prover:tlapm
@!!already:false
@!!END

@!!BEGIN
@!!type:obligation
@!!id:86
@!!loc:257:43:257:45
@!!status:proved
@!!prover:smt
@!!meth:time-limit: 60; time-used: 5.1 (9%)
@!!already:false
@!!END

@!!BEGIN
@!!type:obligation
@!!id:91
@!!loc:258:73:258:77
@!!status:trivial
@!!prover:tlapm
@!!already:false
@!!END

@!!BEGIN
@!!type:obligation
@!!id:92
@!!loc:258:79:258:83
@!!status:trivial
@!!prover:tlapm
@!!already:false
@!!END

@!!BEGIN
@!!type:obligation
@!!id:90
@!!loc:258:70:258:72
@!!status:proved
@!!prover:smt
@!!meth:time-limit: 60; time-used: 3.9 (6%)
@!!already:false
@!!END

@!!BEGIN
@!!type:obligation
@!!id:94
@!!loc:259:18:259:22
@!!status:trivial
@!!prover:tlapm
@!!already:false
@!!END

@!!BEGIN
@!!type:obligation
@!!id:95
@!!loc:259:24:259:28
@!!status:trivial
@!!prover:tlapm
@!!already:false
@!!END

@!!BEGIN
@!!type:obligation
@!!id:96
@!!loc:259:30:259:34
@!!status:trivial
@!!prover:tlapm
@!!already:false
@!!END

@!!BEGIN
@!!type:obligation
@!!id:97
@!!loc:259:36:259:40
@!!status:trivial
@!!prover:tlapm
@!!already:false
@!!END

@!!BEGIN
@!!type:obligation
@!!id:98
@!!loc:259:42:259:53
@!!status:trivial
@!!prover:tlapm
@!!already:false
@!!END

@!!BEGIN
@!!type:obligation
@!!id:93
@!!loc:259:15:259:17
@!!status:proved
@!!prover:smt
@!!meth:time-limit: 60; time-used: 3.1 (5%)
@!!already:false
@!!END

@!!BEGIN
@!!type:obligation
@!!id:100
@!!loc:260:18:260:22
@!!status:trivial
@!!prover:tlapm
@!!already:false
@!!END

@!!BEGIN
@!!type:obligation
@!!id:101
@!!loc:260:24:260:28
@!!status:trivial
@!!prover:tlapm
@!!already:false
@!!END

@!!BEGIN
@!!type:obligation
@!!id:102
@!!loc:260:30:260:34
@!!status:trivial
@!!prover:tlapm
@!!already:false
@!!END

@!!BEGIN
@!!type:obligation
@!!id:103
@!!loc:260:36:260:40
@!!status:trivial
@!!prover:tlapm
@!!already:false
@!!END

@!!BEGIN
@!!type:obligation
@!!id:104
@!!loc:260:42:260:46
@!!status:trivial
@!!prover:tlapm
@!!already:false
@!!END

@!!BEGIN
@!!type:obligation
@!!id:99
@!!loc:260:15:260:17
@!!status:proved
@!!prover:smt
@!!meth:time-limit: 60; time-used: 3.5 (6%)
@!!already:false
@!!END

@!!BEGIN
@!!type:obligation
@!!id:105
@!!loc:260:48:260:52
@!!status:trivial
@!!prover:tlapm
@!!already:false
@!!END

@!!BEGIN
@!!type:obligation
@!!id:107
@!!loc:261:50:261:54
@!!status:trivial
@!!prover:tlapm
@!!already:false
@!!END

@!!BEGIN
@!!type:obligation
@!!id:108
@!!loc:261:56:261:60
@!!status:trivial
@!!prover:tlapm
@!!already:false
@!!END

@!!BEGIN
@!!type:obligation
@!!id:109
@!!loc:261:62:261:66
@!!status:trivial
@!!prover:tlapm
@!!already:false
@!!END

@!!BEGIN
@!!type:obligation
@!!id:110
@!!loc:261:68:261:72
@!!status:trivial
@!!prover:tlapm
@!!already:false
@!!END

@!!BEGIN
@!!type:obligation
@!!id:106
@!!loc:261:47:261:49
@!!status:proved
@!!prover:smt
@!!meth:time-limit: 60; time-used: 3.1 (5%)
@!!already:false
@!!END

@!!BEGIN
@!!type:obligation
@!!id:112
@!!loc:262:76:262:80
@!!status:trivial
@!!prover:tlapm
@!!already:false
@!!END

@!!BEGIN
@!!type:obligation
@!!id:111
@!!loc:262:73:262:75
@!!status:proved
@!!prover:smt
@!!meth:time-limit: 60; time-used: 3.5 (6%)
@!!already:false
@!!END

@!!BEGIN
@!!type:obligation
@!!id:114
@!!loc:265:6:265:10
@!!status:trivial
@!!prover:tlapm
@!!already:false
@!!END

@!!BEGIN
@!!type:obligation
@!!id:115
@!!loc:265:12:265:16
@!!status:trivial
@!!prover:tlapm
@!!already:false
@!!END

@!!BEGIN
@!!type:obligation
@!!id:116
@!!loc:265:18:265:22
@!!status:trivial
@!!prover:tlapm
@!!already:false
@!!END

@!!BEGIN
@!!type:obligation
@!!id:117
@!!loc:265:24:265:28
@!!status:trivial
@!!prover:tlapm
@!!already:false
@!!END

@!!BEGIN
@!!type:obligation
@!!id:113
@!!loc:265:3:265:5
@!!status:proved
@!!prover:smt
@!!meth:time-limit: 60; time-used: 4.3 (7%)
@!!already:false
@!!END

@!!BEGIN
@!!type:obligation
@!!id:119
@!!loc:266:18:266:22
@!!status:trivial
@!!prover:tlapm
@!!already:false
@!!END

@!!BEGIN
@!!type:obligation
@!!id:120
@!!loc:266:24:266:28
@!!status:trivial
@!!prover:tlapm
@!!already:false
@!!END

@!!BEGIN
@!!type:obligation
@!!id:121
@!!loc:266:30:266:40
@!!status:trivial
@!!prover:tlapm
@!!already:false
@!!END

@!!BEGIN
@!!type:obligation
@!!id:122
@!!loc:295:10:295:12
@!!status:proved
@!!prover:smt
@!!meth:time-limit: 60
@!!already:true
@!!END

@!!BEGIN
@!!type:obligation
@!!id:123
@!!loc:295:13:295:17
@!!status:trivial
@!!prover:tlapm
@!!already:false
@!!END

@!!BEGIN
@!!type:obligation
@!!id:118
@!!loc:266:15:266:17
@!!status:proved
@!!prover:smt
@!!meth:time-limit: 60; time-used: 3.0 (5%)
@!!already:false
@!!END

@!!BEGIN
@!!type:obligation
@!!id:124
@!!loc:295:19:295:23
@!!status:trivial
@!!prover:tlapm
@!!already:false
@!!END

@!!BEGIN
@!!type:obligation
@!!id:125
@!!loc:295:25:295:29
@!!status:trivial
@!!prover:tlapm
@!!already:false
@!!END

@!!BEGIN
@!!type:obligation
@!!id:126
@!!loc:272:14:272:16
@!!status:proved
@!!prover:smt
@!!meth:time-limit: 60
@!!already:true
@!!END

@!!BEGIN
@!!type:obligation
@!!id:127
@!!loc:273:44:273:46
@!!status:proved
@!!prover:smt
@!!meth:time-limit: 60
@!!already:true
@!!END

@!!BEGIN
@!!type:obligation
@!!id:128
@!!loc:274:14:274:16
@!!status:proved
@!!prover:smt
@!!meth:time-limit: 60
@!!already:true
@!!END

@!!BEGIN
@!!type:obligation
@!!id:129
@!!loc:282:3:282:5
@!!status:proved
@!!prover:smt
@!!meth:time-limit: 60; time-used: 3.6 (6%)
@!!already:false
@!!END

@!!BEGIN
@!!type:obligation
@!!id:131
@!!loc:283:48:283:52
@!!status:trivial
@!!prover:tlapm
@!!already:false
@!!END

@!!BEGIN
@!!type:obligation
@!!id:132
@!!loc:283:54:283:58
@!!status:trivial
@!!prover:tlapm
@!!already:false
@!!END

@!!BEGIN
@!!type:obligation
@!!id:133
@!!loc:283:60:283:64
@!!status:trivial
@!!prover:tlapm
@!!already:false
@!!END

@!!BEGIN
@!!type:obligation
@!!id:130
@!!loc:283:45:283:47
@!!status:proved
@!!prover:smt
@!!meth:time-limit: 60; time-used: 6.0 (10%)
@!!already:false
@!!END

@!!BEGIN
@!!type:obligation
@!!id:135
@!!loc:285:6:285:10
@!!status:trivial
@!!prover:tlapm
@!!already:false
@!!END

@!!BEGIN
@!!type:obligation
@!!id:136
@!!loc:285:12:285:16
@!!status:trivial
@!!prover:tlapm
@!!already:false
@!!END

@!!BEGIN
@!!type:obligation
@!!id:137
@!!loc:285:18:285:22
@!!status:trivial
@!!prover:tlapm
@!!already:false
@!!END

@!!BEGIN
@!!type:obligation
@!!id:138
@!!loc:285:24:285:28
@!!status:trivial
@!!prover:tlapm
@!!already:false
@!!END

@!!BEGIN
@!!type:obligation
@!!id:134
@!!loc:285:3:285:5
@!!status:proved
@!!prover:smt
@!!meth:time-limit: 60; time-used: 5.6 (9%)
@!!already:false
@!!END

@!!BEGIN
@!!type:obligation
@!!id:140
@!!loc:286:76:286:80
@!!status:trivial
@!!prover:tlapm
@!!already:false
@!!END

@!!BEGIN
@!!type:obligation
@!!id:141
@!!loc:286:82:286:86
@!!status:trivial
@!!prover:tlapm
@!!already:false
@!!END

@!!BEGIN
@!!type:obligation
@!!id:139
@!!loc:286:73:286:75
@!!status:proved
@!!prover:smt
@!!meth:time-limit: 60; time-used: 3.9 (7%)
@!!already:false
@!!END

@!!BEGIN
@!!type:obligation
@!!id:143
@!!loc:287:18:287:22
@!!status:trivial
@!!prover:tlapm
@!!already:false
@!!END

@!!BEGIN
@!!type:obligation
@!!id:144
@!!loc:287:24:287:28
@!!status:trivial
@!!prover:tlapm
@!!already:false
@!!END

@!!BEGIN
@!!type:obligation
@!!id:145
@!!loc:287:30:287:34
@!!status:trivial
@!!prover:tlapm
@!!already:false
@!!END

@!!BEGIN
@!!type:obligation
@!!id:146
@!!loc:287:36:287:40
@!!status:trivial
@!!prover:tlapm
@!!already:false
@!!END

@!!BEGIN
@!!type:obligation
@!!id:147
@!!loc:287:42:287:53
@!!status:trivial
@!!prover:tlapm
@!!already:false
@!!END

@!!BEGIN
@!!type:obligation
@!!id:142
@!!loc:287:15:287:17
@!!status:proved
@!!prover:smt
@!!meth:time-limit: 60; time-used: 3.4 (6%)
@!!already:false
@!!END

@!!BEGIN
@!!type:obligation
@!!id:149
@!!loc:288:18:288:22
@!!status:trivial
@!!prover:tlapm
@!!already:false
@!!END

@!!BEGIN
@!!type:obligation
@!!id:150
@!!loc:288:24:288:28
@!!status:trivial
@!!prover:tlapm
@!!already:false
@!!END

@!!BEGIN
@!!type:obligation
@!!id:151
@!!loc:288:30:288:34
@!!status:trivial
@!!prover:tlapm
@!!already:false
@!!END

@!!BEGIN
@!!type:obligation
@!!id:152
@!!loc:288:36:288:40
@!!status:trivial
@!!prover:tlapm
@!!already:false
@!!END

@!!BEGIN
@!!type:obligation
@!!id:148
@!!loc:288:15:288:17
@!!status:proved
@!!prover:smt
@!!meth:time-limit: 60; time-used: 3.1 (5%)
@!!already:false
@!!END

@!!BEGIN
@!!type:obligation
@!!id:153
@!!loc:288:42:288:46
@!!status:trivial
@!!prover:tlapm
@!!already:false
@!!END

@!!BEGIN
@!!type:obligation
@!!id:154
@!!loc:288:48:288:52
@!!status:trivial
@!!prover:tlapm
@!!already:false
@!!END

@!!BEGIN
@!!type:obligation
@!!id:156
@!!loc:289:50:289:54
@!!status:trivial
@!!prover:tlapm
@!!already:false
@!!END

@!!BEGIN
@!!type:obligation
@!!id:157
@!!loc:289:56:289:60
@!!status:trivial
@!!prover:tlapm
@!!already:false
@!!END

@!!BEGIN
@!!type:obligation
@!!id:158
@!!loc:290:73:290:75
@!!status:proved
@!!prover:smt
@!!meth:time-limit: 60
@!!already:true
@!!END

@!!BEGIN
@!!type:obligation
@!!id:159
@!!loc:290:76:290:80
@!!status:trivial
@!!prover:tlapm
@!!already:false
@!!END

@!!BEGIN
@!!type:obligation
@!!id:155
@!!loc:289:47:289:49
@!!status:proved
@!!prover:smt
@!!meth:time-limit: 60; time-used: 5.5 (9%)
@!!already:false
@!!END

@!!BEGIN
@!!type:obligation
@!!id:161
@!!loc:293:6:293:10
@!!status:trivial
@!!prover:tlapm
@!!already:false
@!!END

@!!BEGIN
@!!type:obligation
@!!id:162
@!!loc:293:12:293:16
@!!status:trivial
@!!prover:tlapm
@!!already:false
@!!END

@!!BEGIN
@!!type:obligation
@!!id:163
@!!loc:293:18:293:22
@!!status:trivial
@!!prover:tlapm
@!!already:false
@!!END

@!!BEGIN
@!!type:obligation
@!!id:164
@!!loc:293:24:293:28
@!!status:trivial
@!!prover:tlapm
@!!already:false
@!!END

@!!BEGIN
@!!type:obligation
@!!id:165
@!!loc:294:15:294:17
@!!status:proved
@!!prover:smt
@!!meth:time-limit: 60
@!!already:true
@!!END

@!!BEGIN
@!!type:obligation
@!!id:166
@!!loc:294:18:294:22
@!!status:trivial
@!!prover:tlapm
@!!already:false
@!!END

@!!BEGIN
@!!type:obligation
@!!id:160
@!!loc:293:3:293:5
@!!status:proved
@!!prover:smt
@!!meth:time-limit: 60; time-used: 3.2 (5%)
@!!already:false
@!!END

@!!BEGIN
@!!type:obligation
@!!id:167
@!!loc:294:24:294:28
@!!status:trivial
@!!prover:tlapm
@!!already:false
@!!END

@!!BEGIN
@!!type:obligation
@!!id:168
@!!loc:294:30:294:40
@!!status:trivial
@!!prover:tlapm
@!!already:false
@!!END

@!!BEGIN
@!!type:obligation
@!!id:170
@!!loc:324:13:324:17
@!!status:trivial
@!!prover:tlapm
@!!already:false
@!!END

@!!BEGIN
@!!type:obligation
@!!id:171
@!!loc:324:19:324:23
@!!status:trivial
@!!prover:tlapm
@!!already:false
@!!END

@!!BEGIN
@!!type:obligation
@!!id:172
@!!loc:324:25:324:29
@!!status:trivial
@!!prover:tlapm
@!!already:false
@!!END

@!!BEGIN
@!!type:obligation
@!!id:169
@!!loc:324:10:324:12
@!!status:proved
@!!prover:smt
@!!meth:time-limit: 60; time-used: 3.4 (6%)
@!!already:false
@!!END

@!!BEGIN
@!!type:obligation
@!!id:175
@!!loc:302:14:302:16
@!!status:proved
@!!prover:smt
@!!meth:time-limit: 60; time-used: 1.1 (2%)
@!!already:false
@!!END

@!!BEGIN
@!!type:obligation
@!!id:174
@!!loc:301:44:301:46
@!!status:proved
@!!prover:smt
@!!meth:time-limit: 60; time-used: 2.3 (4%)
@!!already:false
@!!END

@!!BEGIN
@!!type:obligation
@!!id:173
@!!loc:300:14:300:16
@!!status:proved
@!!prover:smt
@!!meth:time-limit: 60; time-used: 3.4 (6%)
@!!already:false
@!!END

@!!BEGIN
@!!type:obligation
@!!id:177
@!!loc:303:23:303:35
@!!status:trivial
@!!prover:tlapm
@!!already:false
@!!END

@!!BEGIN
@!!type:obligation
@!!id:179
@!!loc:311:6:311:10
@!!status:trivial
@!!prover:tlapm
@!!already:false
@!!END

@!!BEGIN
@!!type:obligation
@!!id:178
@!!loc:311:3:311:5
@!!status:proved
@!!prover:smt
@!!meth:time-limit: 60; time-used: 0.8 (1%)
@!!already:false
@!!END

@!!BEGIN
@!!type:obligation
@!!id:176
@!!loc:303:20:303:22
@!!status:proved
@!!prover:smt
@!!meth:time-limit: 60; time-used: 3.3 (6%)
@!!already:false
@!!END

@!!BEGIN
@!!type:obligation
@!!id:181
@!!loc:312:50:312:54
@!!status:trivial
@!!prover:tlapm
@!!already:false
@!!END

@!!BEGIN
@!!type:obligation
@!!id:182
@!!loc:312:56:312:60
@!!status:trivial
@!!prover:tlapm
@!!already:false
@!!END

@!!BEGIN
@!!type:obligation
@!!id:183
@!!loc:312:62:312:66
@!!status:trivial
@!!prover:tlapm
@!!already:false
@!!END

@!!BEGIN
@!!type:obligation
@!!id:180
@!!loc:312:47:312:49
@!!status:proved
@!!prover:smt
@!!meth:time-limit: 60; time-used: 5.2 (9%)
@!!already:false
@!!END

@!!BEGIN
@!!type:obligation
@!!id:185
@!!loc:314:6:314:10
@!!status:trivial
@!!prover:tlapm
@!!already:false
@!!END

@!!BEGIN
@!!type:obligation
@!!id:186
@!!loc:314:12:314:16
@!!status:trivial
@!!prover:tlapm
@!!already:false
@!!END

@!!BEGIN
@!!type:obligation
@!!id:187
@!!loc:314:18:314:22
@!!status:trivial
@!!prover:tlapm
@!!already:false
@!!END

@!!BEGIN
@!!type:obligation
@!!id:188
@!!loc:314:24:314:28
@!!status:trivial
@!!prover:tlapm
@!!already:false
@!!END

@!!BEGIN
@!!type:obligation
@!!id:184
@!!loc:314:3:314:5
@!!status:proved
@!!prover:smt
@!!meth:time-limit: 60; time-used: 3.0 (5%)
@!!already:false
@!!END

@!!BEGIN
@!!type:obligation
@!!id:190
@!!loc:315:76:315:80
@!!status:trivial
@!!prover:tlapm
@!!already:false
@!!END

@!!BEGIN
@!!type:obligation
@!!id:191
@!!loc:315:82:315:86
@!!status:trivial
@!!prover:tlapm
@!!already:false
@!!END

@!!BEGIN
@!!type:obligation
@!!id:189
@!!loc:315:73:315:75
@!!status:proved
@!!prover:smt
@!!meth:time-limit: 60; time-used: 4.1 (7%)
@!!already:false
@!!END

@!!BEGIN
@!!type:obligation
@!!id:193
@!!loc:316:18:316:22
@!!status:trivial
@!!prover:tlapm
@!!already:false
@!!END

@!!BEGIN
@!!type:obligation
@!!id:194
@!!loc:316:24:316:28
@!!status:trivial
@!!prover:tlapm
@!!already:false
@!!END

@!!BEGIN
@!!type:obligation
@!!id:195
@!!loc:316:30:316:34
@!!status:trivial
@!!prover:tlapm
@!!already:false
@!!END

@!!BEGIN
@!!type:obligation
@!!id:196
@!!loc:316:36:316:40
@!!status:trivial
@!!prover:tlapm
@!!already:false
@!!END

@!!BEGIN
@!!type:obligation
@!!id:197
@!!loc:316:42:316:53
@!!status:trivial
@!!prover:tlapm
@!!already:false
@!!END

@!!BEGIN
@!!type:obligation
@!!id:192
@!!loc:316:15:316:17
@!!status:proved
@!!prover:smt
@!!meth:time-limit: 60; time-used: 3.5 (6%)
@!!already:false
@!!END

@!!BEGIN
@!!type:obligation
@!!id:199
@!!loc:317:18:317:22
@!!status:trivial
@!!prover:tlapm
@!!already:false
@!!END

@!!BEGIN
@!!type:obligation
@!!id:200
@!!loc:317:24:317:28
@!!status:trivial
@!!prover:tlapm
@!!already:false
@!!END

@!!BEGIN
@!!type:obligation
@!!id:201
@!!loc:317:30:317:34
@!!status:trivial
@!!prover:tlapm
@!!already:false
@!!END

@!!BEGIN
@!!type:obligation
@!!id:202
@!!loc:317:36:317:40
@!!status:trivial
@!!prover:tlapm
@!!already:false
@!!END

@!!BEGIN
@!!type:obligation
@!!id:198
@!!loc:317:15:317:17
@!!status:proved
@!!prover:smt
@!!meth:time-limit: 60; time-used: 3.0 (5%)
@!!already:false
@!!END

@!!BEGIN
@!!type:obligation
@!!id:203
@!!loc:317:42:317:46
@!!status:trivial
@!!prover:tlapm
@!!already:false
@!!END

@!!BEGIN
@!!type:obligation
@!!id:204
@!!loc:317:48:317:52
@!!status:trivial
@!!prover:tlapm
@!!already:false
@!!END

@!!BEGIN
@!!type:obligation
@!!id:206
@!!loc:318:50:318:54
@!!status:trivial
@!!prover:tlapm
@!!already:false
@!!END

@!!BEGIN
@!!type:obligation
@!!id:207
@!!loc:318:56:318:60
@!!status:trivial
@!!prover:tlapm
@!!already:false
@!!END

@!!BEGIN
@!!type:obligation
@!!id:205
@!!loc:318:47:318:49
@!!status:proved
@!!prover:smt
@!!meth:time-limit: 60; time-used: 4.3 (7%)
@!!already:false
@!!END

@!!BEGIN
@!!type:obligation
@!!id:209
@!!loc:319:76:319:80
@!!status:trivial
@!!prover:tlapm
@!!already:false
@!!END

@!!BEGIN
@!!type:obligation
@!!id:208
@!!loc:319:73:319:75
@!!status:proved
@!!prover:smt
@!!meth:time-limit: 60; time-used: 3.8 (6%)
@!!already:false
@!!END

@!!BEGIN
@!!type:obligation
@!!id:211
@!!loc:322:6:322:10
@!!status:trivial
@!!prover:tlapm
@!!already:false
@!!END

@!!BEGIN
@!!type:obligation
@!!id:212
@!!loc:322:12:322:16
@!!status:trivial
@!!prover:tlapm
@!!already:false
@!!END

@!!BEGIN
@!!type:obligation
@!!id:213
@!!loc:322:18:322:22
@!!status:trivial
@!!prover:tlapm
@!!already:false
@!!END

@!!BEGIN
@!!type:obligation
@!!id:214
@!!loc:322:24:322:28
@!!status:trivial
@!!prover:tlapm
@!!already:false
@!!END

@!!BEGIN
@!!type:obligation
@!!id:210
@!!loc:322:3:322:5
@!!status:proved
@!!prover:smt
@!!meth:time-limit: 60; time-used: 3.9 (7%)
@!!already:false
@!!END

@!!BEGIN
@!!type:obligation
@!!id:216
@!!loc:323:18:323:22
@!!status:trivial
@!!prover:tlapm
@!!already:false
@!!END

@!!BEGIN
@!!type:obligation
@!!id:217
@!!loc:323:24:323:28
@!!status:trivial
@!!prover:tlapm
@!!already:false
@!!END

@!!BEGIN
@!!type:obligation
@!!id:218
@!!loc:323:30:323:40
@!!status:trivial
@!!prover:tlapm
@!!already:false
@!!END

@!!BEGIN
@!!type:obligation
@!!id:215
@!!loc:323:15:323:17
@!!status:proved
@!!prover:smt
@!!meth:time-limit: 60; time-used: 4.0 (7%)
@!!already:false
@!!END

@!!BEGIN
@!!type:obligation
@!!id:220
@!!loc:357:10:357:12
@!!status:proved
@!!prover:smt
@!!meth:time-limit: 60
@!!already:true
@!!END

@!!BEGIN
@!!type:obligation
@!!id:221
@!!loc:357:13:357:17
@!!status:trivial
@!!prover:tlapm
@!!already:false
@!!END

@!!BEGIN
@!!type:obligation
@!!id:222
@!!loc:357:19:357:23
@!!status:trivial
@!!prover:tlapm
@!!already:false
@!!END

@!!BEGIN
@!!type:obligation
@!!id:223
@!!loc:357:25:357:29
@!!status:trivial
@!!prover:tlapm
@!!already:false
@!!END

@!!BEGIN
@!!type:obligation
@!!id:224
@!!loc:335:14:335:16
@!!status:proved
@!!prover:smt
@!!meth:time-limit: 60
@!!already:true
@!!END

@!!BEGIN
@!!type:obligation
@!!id:225
@!!loc:336:44:336:46
@!!status:proved
@!!prover:smt
@!!meth:time-limit: 60
@!!already:true
@!!END

@!!BEGIN
@!!type:obligation
@!!id:226
@!!loc:337:14:337:16
@!!status:proved
@!!prover:smt
@!!meth:time-limit: 60
@!!already:true
@!!END

@!!BEGIN
@!!type:obligation
@!!id:219
@!!loc:330:1:330:3
@!!status:proved
@!!prover:smt
@!!meth:time-limit: 60; time-used: 4.7 (8%)
@!!already:false
@!!END

@!!BEGIN
@!!type:obligation
@!!id:227
@!!loc:344:3:344:5
@!!status:proved
@!!prover:smt
@!!meth:time-limit: 60; time-used: 3.1 (5%)
@!!already:false
@!!END

@!!BEGIN
@!!type:obligation
@!!id:229
@!!loc:345:50:345:54
@!!status:trivial
@!!prover:tlapm
@!!already:false
@!!END

@!!BEGIN
@!!type:obligation
@!!id:230
@!!loc:345:56:345:60
@!!status:trivial
@!!prover:tlapm
@!!already:false
@!!END

@!!BEGIN
@!!type:obligation
@!!id:231
@!!loc:345:62:345:66
@!!status:trivial
@!!prover:tlapm
@!!already:false
@!!END

@!!BEGIN
@!!type:obligation
@!!id:228
@!!loc:345:47:345:49
@!!status:proved
@!!prover:smt
@!!meth:time-limit: 60; time-used: 5.3 (9%)
@!!already:false
@!!END

@!!BEGIN
@!!type:obligation
@!!id:233
@!!loc:347:6:347:10
@!!status:trivial
@!!prover:tlapm
@!!already:false
@!!END

@!!BEGIN
@!!type:obligation
@!!id:234
@!!loc:347:12:347:16
@!!status:trivial
@!!prover:tlapm
@!!already:false
@!!END

@!!BEGIN
@!!type:obligation
@!!id:235
@!!loc:347:18:347:22
@!!status:trivial
@!!prover:tlapm
@!!already:false
@!!END

@!!BEGIN
@!!type:obligation
@!!id:236
@!!loc:347:24:347:28
@!!status:trivial
@!!prover:tlapm
@!!already:false
@!!END

@!!BEGIN
@!!type:obligation
@!!id:232
@!!loc:347:3:347:5
@!!status:proved
@!!prover:smt
@!!meth:time-limit: 60; time-used: 3.1 (5%)
@!!already:false
@!!END

@!!BEGIN
@!!type:obligation
@!!id:238
@!!loc:348:76:348:80
@!!status:trivial
@!!prover:tlapm
@!!already:false
@!!END

@!!BEGIN
@!!type:obligation
@!!id:239
@!!loc:348:82:348:86
@!!status:trivial
@!!prover:tlapm
@!!already:false
@!!END

@!!BEGIN
@!!type:obligation
@!!id:237
@!!loc:348:73:348:75
@!!status:proved
@!!prover:smt
@!!meth:time-limit: 60; time-used: 4.0 (7%)
@!!already:false
@!!END

@!!BEGIN
@!!type:obligation
@!!id:241
@!!loc:349:18:349:22
@!!status:trivial
@!!prover:tlapm
@!!already:false
@!!END

@!!BEGIN
@!!type:obligation
@!!id:242
@!!loc:349:24:349:28
@!!status:trivial
@!!prover:tlapm
@!!already:false
@!!END

@!!BEGIN
@!!type:obligation
@!!id:243
@!!loc:349:30:349:34
@!!status:trivial
@!!prover:tlapm
@!!already:false
@!!END

@!!BEGIN
@!!type:obligation
@!!id:244
@!!loc:349:36:349:40
@!!status:trivial
@!!prover:tlapm
@!!already:false
@!!END

@!!BEGIN
@!!type:obligation
@!!id:245
@!!loc:349:42:349:53
@!!status:trivial
@!!prover:tlapm
@!!already:false
@!!END

@!!BEGIN
@!!type:obligation
@!!id:240
@!!loc:349:15:349:17
@!!status:proved
@!!prover:smt
@!!meth:time-limit: 60; time-used: 3.2 (5%)
@!!already:false
@!!END

@!!BEGIN
@!!type:obligation
@!!id:247
@!!loc:350:18:350:22
@!!status:trivial
@!!prover:tlapm
@!!already:false
@!!END

@!!BEGIN
@!!type:obligation
@!!id:248
@!!loc:350:24:350:28
@!!status:trivial
@!!prover:tlapm
@!!already:false
@!!END

@!!BEGIN
@!!type:obligation
@!!id:249
@!!loc:350:30:350:34
@!!status:trivial
@!!prover:tlapm
@!!already:false
@!!END

@!!BEGIN
@!!type:obligation
@!!id:250
@!!loc:350:36:350:40
@!!status:trivial
@!!prover:tlapm
@!!already:false
@!!END

@!!BEGIN
@!!type:obligation
@!!id:246
@!!loc:350:15:350:17
@!!status:proved
@!!prover:smt
@!!meth:time-limit: 60; time-used: 3.6 (6%)
@!!already:false
@!!END

@!!BEGIN
@!!type:obligation
@!!id:251
@!!loc:350:42:350:46
@!!status:trivial
@!!prover:tlapm
@!!already:false
@!!END

@!!BEGIN
@!!type:obligation
@!!id:252
@!!loc:350:48:350:52
@!!status:trivial
@!!prover:tlapm
@!!already:false
@!!END

@!!BEGIN
@!!type:obligation
@!!id:254
@!!loc:351:50:351:54
@!!status:trivial
@!!prover:tlapm
@!!already:false
@!!END

@!!BEGIN
@!!type:obligation
@!!id:255
@!!loc:351:56:351:60
@!!status:trivial
@!!prover:tlapm
@!!already:false
@!!END

@!!BEGIN
@!!type:obligation
@!!id:256
@!!loc:352:73:352:75
@!!status:proved
@!!prover:smt
@!!meth:time-limit: 60
@!!already:true
@!!END

@!!BEGIN
@!!type:obligation
@!!id:257
@!!loc:352:76:352:80
@!!status:trivial
@!!prover:tlapm
@!!already:false
@!!END

@!!BEGIN
@!!type:obligation
@!!id:253
@!!loc:351:47:351:49
@!!status:proved
@!!prover:smt
@!!meth:time-limit: 60; time-used: 5.3 (9%)
@!!already:false
@!!END

@!!BEGIN
@!!type:obligation
@!!id:259
@!!loc:355:6:355:10
@!!status:trivial
@!!prover:tlapm
@!!already:false
@!!END

@!!BEGIN
@!!type:obligation
@!!id:260
@!!loc:355:12:355:16
@!!status:trivial
@!!prover:tlapm
@!!already:false
@!!END

@!!BEGIN
@!!type:obligation
@!!id:261
@!!loc:355:18:355:22
@!!status:trivial
@!!prover:tlapm
@!!already:false
@!!END

@!!BEGIN
@!!type:obligation
@!!id:262
@!!loc:355:24:355:28
@!!status:trivial
@!!prover:tlapm
@!!already:false
@!!END

@!!BEGIN
@!!type:obligation
@!!id:263
@!!loc:356:15:356:17
@!!status:proved
@!!prover:smt
@!!meth:time-limit: 60
@!!already:true
@!!END

@!!BEGIN
@!!type:obligation
@!!id:264
@!!loc:356:18:356:22
@!!status:trivial
@!!prover:tlapm
@!!already:false
@!!END

@!!BEGIN
@!!type:obligation
@!!id:258
@!!loc:355:3:355:5
@!!status:proved
@!!prover:smt
@!!meth:time-limit: 60; time-used: 3.2 (5%)
@!!already:false
@!!END

@!!BEGIN
@!!type:obligation
@!!id:265
@!!loc:356:24:356:28
@!!status:trivial
@!!prover:tlapm
@!!already:false
@!!END

@!!BEGIN
@!!type:obligation
@!!id:266
@!!loc:356:30:356:40
@!!status:trivial
@!!prover:tlapm
@!!already:false
@!!END

@!!BEGIN
@!!type:obligation
@!!id:268
@!!loc:402:13:402:17
@!!status:trivial
@!!prover:tlapm
@!!already:false
@!!END

@!!BEGIN
@!!type:obligation
@!!id:269
@!!loc:402:19:402:23
@!!status:trivial
@!!prover:tlapm
@!!already:false
@!!END

@!!BEGIN
@!!type:obligation
@!!id:270
@!!loc:402:25:402:30
@!!status:trivial
@!!prover:tlapm
@!!already:false
@!!END

@!!BEGIN
@!!type:obligation
@!!id:267
@!!loc:402:10:402:12
@!!status:proved
@!!prover:smt
@!!meth:time-limit: 60; time-used: 3.8 (6%)
@!!already:false
@!!END

@!!BEGIN
@!!type:obligation
@!!id:273
@!!loc:367:14:367:16
@!!status:proved
@!!prover:smt
@!!meth:time-limit: 60; time-used: 2.8 (5%)
@!!already:false
@!!END

@!!BEGIN
@!!type:obligation
@!!id:272
@!!loc:366:44:366:46
@!!status:proved
@!!prover:smt
@!!meth:time-limit: 60; time-used: 4.0 (7%)
@!!already:false
@!!END

@!!BEGIN
@!!type:obligation
@!!id:271
@!!loc:365:14:365:16
@!!status:proved
@!!prover:smt
@!!meth:time-limit: 60; time-used: 5.1 (9%)
@!!already:false
@!!END

@!!BEGIN
@!!type:obligation
@!!id:275
@!!loc:368:26:368:30
@!!status:trivial
@!!prover:tlapm
@!!already:false
@!!END

@!!BEGIN
@!!type:obligation
@!!id:274
@!!loc:368:23:368:25
@!!status:proved
@!!prover:smt
@!!meth:time-limit: 60; time-used: 3.9 (7%)
@!!already:false
@!!END

@!!BEGIN
@!!type:obligation
@!!id:278
@!!loc:377:57:377:61
@!!status:trivial
@!!prover:tlapm
@!!already:false
@!!END

@!!BEGIN
@!!type:obligation
@!!id:277
@!!loc:377:54:377:56
@!!status:proved
@!!prover:smt
@!!meth:time-limit: 60; time-used: 0.7 (1%)
@!!already:false
@!!END

@!!BEGIN
@!!type:obligation
@!!id:276
@!!loc:376:3:376:5
@!!status:proved
@!!prover:smt
@!!meth:time-limit: 60; time-used: 3.3 (6%)
@!!already:false
@!!END

@!!BEGIN
@!!type:obligation
@!!id:279
@!!loc:377:63:377:67
@!!status:trivial
@!!prover:tlapm
@!!already:false
@!!END

@!!BEGIN
@!!type:obligation
@!!id:280
@!!loc:377:69:377:73
@!!status:trivial
@!!prover:tlapm
@!!already:false
@!!END

@!!BEGIN
@!!type:obligation
@!!id:281
@!!loc:377:75:377:85
@!!status:trivial
@!!prover:tlapm
@!!already:false
@!!END

@!!BEGIN
@!!type:obligation
@!!id:283
@!!loc:379:6:379:10
@!!status:trivial
@!!prover:tlapm
@!!already:false
@!!END

@!!BEGIN
@!!type:obligation
@!!id:284
@!!loc:379:12:379:16
@!!status:trivial
@!!prover:tlapm
@!!already:false
@!!END

@!!BEGIN
@!!type:obligation
@!!id:285
@!!loc:379:18:379:30
@!!status:trivial
@!!prover:tlapm
@!!already:false
@!!END

@!!BEGIN
@!!type:obligation
@!!id:286
@!!loc:379:32:379:41
@!!status:trivial
@!!prover:tlapm
@!!already:false
@!!END

@!!BEGIN
@!!type:obligation
@!!id:282
@!!loc:379:3:379:5
@!!status:proved
@!!prover:smt
@!!meth:time-limit: 60; time-used: 3.2 (5%)
@!!already:false
@!!END

@!!BEGIN
@!!type:obligation
@!!id:288
@!!loc:381:6:381:10
@!!status:trivial
@!!prover:tlapm
@!!already:false
@!!END

@!!BEGIN
@!!type:obligation
@!!id:289
@!!loc:381:12:381:16
@!!status:trivial
@!!prover:tlapm
@!!already:false
@!!END

@!!BEGIN
@!!type:obligation
@!!id:290
@!!loc:381:18:381:30
@!!status:trivial
@!!prover:tlapm
@!!already:false
@!!END

@!!BEGIN
@!!type:obligation
@!!id:287
@!!loc:381:3:381:5
@!!status:proved
@!!prover:smt
@!!meth:time-limit: 60; time-used: 41.7 (70%)
@!!already:false
@!!END

@!!BEGIN
@!!type:obligation
@!!id:292
@!!loc:382:33:382:37
@!!status:trivial
@!!prover:tlapm
@!!already:false
@!!END

@!!BEGIN
@!!type:obligation
@!!id:293
@!!loc:382:39:382:43
@!!status:trivial
@!!prover:tlapm
@!!already:false
@!!END

@!!BEGIN
@!!type:obligation
@!!id:294
@!!loc:382:45:382:50
@!!status:trivial
@!!prover:tlapm
@!!already:false
@!!END

@!!BEGIN
@!!type:obligation
@!!id:295
@!!loc:382:52:382:57
@!!status:trivial
@!!prover:tlapm
@!!already:false
@!!END

@!!BEGIN
@!!type:obligation
@!!id:296
@!!loc:382:59:382:71
@!!status:trivial
@!!prover:tlapm
@!!already:false
@!!END

@!!BEGIN
@!!type:obligation
@!!id:291
@!!loc:382:30:382:32
@!!status:proved
@!!prover:smt
@!!meth:time-limit: 60; time-used: 3.3 (5%)
@!!already:false
@!!END

@!!BEGIN
@!!type:obligation
@!!id:298
@!!loc:384:6:384:10
@!!status:trivial
@!!prover:tlapm
@!!already:false
@!!END

@!!BEGIN
@!!type:obligation
@!!id:299
@!!loc:384:12:384:16
@!!status:trivial
@!!prover:tlapm
@!!already:false
@!!END

@!!BEGIN
@!!type:obligation
@!!id:300
@!!loc:384:18:384:22
@!!status:trivial
@!!prover:tlapm
@!!already:false
@!!END

@!!BEGIN
@!!type:obligation
@!!id:301
@!!loc:384:24:384:32
@!!status:trivial
@!!prover:tlapm
@!!already:false
@!!END

@!!BEGIN
@!!type:obligation
@!!id:297
@!!loc:384:3:384:5
@!!status:proved
@!!prover:smt
@!!meth:time-limit: 60; time-used: 39.3 (66%)
@!!already:false
@!!END

@!!BEGIN
@!!type:obligation
@!!id:303
@!!loc:385:46:385:50
@!!status:trivial
@!!prover:tlapm
@!!already:false
@!!END

@!!BEGIN
@!!type:obligation
@!!id:304
@!!loc:385:52:385:56
@!!status:trivial
@!!prover:tlapm
@!!already:false
@!!END

@!!BEGIN
@!!type:obligation
@!!id:305
@!!loc:385:58:385:62
@!!status:trivial
@!!prover:tlapm
@!!already:false
@!!END

@!!BEGIN
@!!type:obligation
@!!id:306
@!!loc:385:64:385:68
@!!status:trivial
@!!prover:tlapm
@!!already:false
@!!END

@!!BEGIN
@!!type:obligation
@!!id:302
@!!loc:385:43:385:45
@!!status:proved
@!!prover:smt
@!!meth:time-limit: 60; time-used: 3.0 (5%)
@!!already:false
@!!END

@!!BEGIN
@!!type:obligation
@!!id:307
@!!loc:385:70:385:82
@!!status:trivial
@!!prover:tlapm
@!!already:false
@!!END

@!!BEGIN
@!!type:obligation
@!!id:309
@!!loc:386:43:386:47
@!!status:trivial
@!!prover:tlapm
@!!already:false
@!!END

@!!BEGIN
@!!type:obligation
@!!id:310
@!!loc:386:49:386:53
@!!status:trivial
@!!prover:tlapm
@!!already:false
@!!END

@!!BEGIN
@!!type:obligation
@!!id:308
@!!loc:386:40:386:42
@!!status:proved
@!!prover:smt
@!!meth:time-limit: 60; time-used: 4.1 (7%)
@!!already:false
@!!END

@!!BEGIN
@!!type:obligation
@!!id:312
@!!loc:387:18:387:22
@!!status:trivial
@!!prover:tlapm
@!!already:false
@!!END

@!!BEGIN
@!!type:obligation
@!!id:313
@!!loc:387:24:387:28
@!!status:trivial
@!!prover:tlapm
@!!already:false
@!!END

@!!BEGIN
@!!type:obligation
@!!id:314
@!!loc:387:30:387:34
@!!status:trivial
@!!prover:tlapm
@!!already:false
@!!END

@!!BEGIN
@!!type:obligation
@!!id:315
@!!loc:387:36:387:40
@!!status:trivial
@!!prover:tlapm
@!!already:false
@!!END

@!!BEGIN
@!!type:obligation
@!!id:316
@!!loc:387:42:387:46
@!!status:trivial
@!!prover:tlapm
@!!already:false
@!!END

@!!BEGIN
@!!type:obligation
@!!id:311
@!!loc:387:15:387:17
@!!status:proved
@!!prover:smt
@!!meth:time-limit: 60; time-used: 3.2 (5%)
@!!already:false
@!!END

@!!BEGIN
@!!type:obligation
@!!id:317
@!!loc:387:48:387:59
@!!status:trivial
@!!prover:tlapm
@!!already:false
@!!END

@!!BEGIN
@!!type:obligation
@!!id:319
@!!loc:388:18:388:22
@!!status:trivial
@!!prover:tlapm
@!!already:false
@!!END

@!!BEGIN
@!!type:obligation
@!!id:320
@!!loc:388:24:388:28
@!!status:trivial
@!!prover:tlapm
@!!already:false
@!!END

@!!BEGIN
@!!type:obligation
@!!id:321
@!!loc:388:30:388:34
@!!status:trivial
@!!prover:tlapm
@!!already:false
@!!END

@!!BEGIN
@!!type:obligation
@!!id:322
@!!loc:388:36:388:40
@!!status:trivial
@!!prover:tlapm
@!!already:false
@!!END

@!!BEGIN
@!!type:obligation
@!!id:318
@!!loc:388:15:388:17
@!!status:proved
@!!prover:smt
@!!meth:time-limit: 60; time-used: 3.3 (5%)
@!!already:false
@!!END

@!!BEGIN
@!!type:obligation
@!!id:323
@!!loc:388:42:388:46
@!!status:trivial
@!!prover:tlapm
@!!already:false
@!!END

@!!BEGIN
@!!type:obligation
@!!id:324
@!!loc:388:48:388:52
@!!status:trivial
@!!prover:tlapm
@!!already:false
@!!END

@!!BEGIN
@!!type:obligation
@!!id:326
@!!loc:389:50:389:54
@!!status:trivial
@!!prover:tlapm
@!!already:false
@!!END

@!!BEGIN
@!!type:obligation
@!!id:327
@!!loc:389:56:389:60
@!!status:trivial
@!!prover:tlapm
@!!already:false
@!!END

@!!BEGIN
@!!type:obligation
@!!id:328
@!!loc:389:62:389:66
@!!status:trivial
@!!prover:tlapm
@!!already:false
@!!END

@!!BEGIN
@!!type:obligation
@!!id:329
@!!loc:389:68:389:72
@!!status:trivial
@!!prover:tlapm
@!!already:false
@!!END

@!!BEGIN
@!!type:obligation
@!!id:325
@!!loc:389:47:389:49
@!!status:proved
@!!prover:smt
@!!meth:time-limit: 60; time-used: 3.3 (6%)
@!!already:false
@!!END

@!!BEGIN
@!!type:obligation
@!!id:331
@!!loc:398:15:398:19
@!!status:trivial
@!!prover:tlapm
@!!already:false
@!!END

@!!BEGIN
@!!type:obligation
@!!id:332
@!!loc:398:21:398:25
@!!status:trivial
@!!prover:tlapm
@!!already:false
@!!END

@!!BEGIN
@!!type:obligation
@!!id:333
@!!loc:398:27:398:31
@!!status:trivial
@!!prover:tlapm
@!!already:false
@!!END

@!!BEGIN
@!!type:obligation
@!!id:330
@!!loc:398:12:398:14
@!!status:proved
@!!prover:smt
@!!meth:time-limit: 60; time-used: 33.4 (56%)
@!!already:false
@!!END

@!!BEGIN
@!!type:obligation
@!!id:335
@!!loc:393:8:393:12
@!!status:trivial
@!!prover:tlapm
@!!already:false
@!!END

@!!BEGIN
@!!type:obligation
@!!id:336
@!!loc:393:14:393:18
@!!status:trivial
@!!prover:tlapm
@!!already:false
@!!END

@!!BEGIN
@!!type:obligation
@!!id:337
@!!loc:393:20:393:24
@!!status:trivial
@!!prover:tlapm
@!!already:false
@!!END

@!!BEGIN
@!!type:obligation
@!!id:338
@!!loc:393:26:393:30
@!!status:trivial
@!!prover:tlapm
@!!already:false
@!!END

@!!BEGIN
@!!type:obligation
@!!id:334
@!!loc:393:5:393:7
@!!status:proved
@!!prover:smt
@!!meth:time-limit: 60; time-used: 3.1 (5%)
@!!already:false
@!!END

@!!BEGIN
@!!type:obligation
@!!id:339
@!!loc:393:32:393:44
@!!status:trivial
@!!prover:tlapm
@!!already:false
@!!END

@!!BEGIN
@!!type:obligation
@!!id:342
@!!loc:397:61:397:65
@!!status:trivial
@!!prover:tlapm
@!!already:false
@!!END

@!!BEGIN
@!!type:obligation
@!!id:341
@!!loc:397:58:397:60
@!!status:proved
@!!prover:smt
@!!meth:time-limit: 60; time-used: 0.5 (1%)
@!!already:false
@!!END

@!!BEGIN
@!!type:obligation
@!!id:340
@!!loc:396:5:396:7
@!!status:proved
@!!prover:smt
@!!meth:time-limit: 60; time-used: 3.3 (5%)
@!!already:false
@!!END

@!!BEGIN
@!!type:obligation
@!!id:343
@!!loc:397:67:397:71
@!!status:trivial
@!!prover:tlapm
@!!already:false
@!!END

@!!BEGIN
@!!type:obligation
@!!id:345
@!!loc:400:6:400:10
@!!status:trivial
@!!prover:tlapm
@!!already:false
@!!END

@!!BEGIN
@!!type:obligation
@!!id:346
@!!loc:400:12:400:16
@!!status:trivial
@!!prover:tlapm
@!!already:false
@!!END

@!!BEGIN
@!!type:obligation
@!!id:344
@!!loc:400:3:400:5
@!!status:proved
@!!prover:smt
@!!meth:time-limit: 60; time-used: 3.7 (6%)
@!!already:false
@!!END

@!!BEGIN
@!!type:obligation
@!!id:348
@!!loc:401:19:401:23
@!!status:trivial
@!!prover:tlapm
@!!already:false
@!!END

@!!BEGIN
@!!type:obligation
@!!id:349
@!!loc:401:25:401:29
@!!status:trivial
@!!prover:tlapm
@!!already:false
@!!END

@!!BEGIN
@!!type:obligation
@!!id:350
@!!loc:401:31:401:36
@!!status:trivial
@!!prover:tlapm
@!!already:false
@!!END

@!!BEGIN
@!!type:obligation
@!!id:351
@!!loc:401:38:401:43
@!!status:trivial
@!!prover:tlapm
@!!already:false
@!!END

@!!BEGIN
@!!type:obligation
@!!id:352
@!!loc:401:45:401:56
@!!status:trivial
@!!prover:tlapm
@!!already:false
@!!END

@!!BEGIN
@!!type:obligation
@!!id:347
@!!loc:401:16:401:18
@!!status:proved
@!!prover:smt
@!!meth:time-limit: 60; time-used: 3.2 (5%)
@!!already:false
@!!END

@!!BEGIN
@!!type:obligation
@!!id:353
@!!loc:434:10:434:12
@!!status:proved
@!!prover:smt
@!!meth:time-limit: 60
@!!already:true
@!!END

@!!BEGIN
@!!type:obligation
@!!id:354
@!!loc:434:13:434:17
@!!status:trivial
@!!prover:tlapm
@!!already:false
@!!END

@!!BEGIN
@!!type:obligation
@!!id:355
@!!loc:434:19:434:23
@!!status:trivial
@!!prover:tlapm
@!!already:false
@!!END

@!!BEGIN
@!!type:obligation
@!!id:356
@!!loc:434:25:434:30
@!!status:trivial
@!!prover:tlapm
@!!already:false
@!!END

@!!BEGIN
@!!type:obligation
@!!id:357
@!!loc:407:14:407:16
@!!status:proved
@!!prover:smt
@!!meth:time-limit: 60
@!!already:true
@!!END

@!!BEGIN
@!!type:obligation
@!!id:358
@!!loc:408:44:408:46
@!!status:proved
@!!prover:smt
@!!meth:time-limit: 60
@!!already:true
@!!END

@!!BEGIN
@!!type:obligation
@!!id:359
@!!loc:409:14:409:16
@!!status:proved
@!!prover:smt
@!!meth:time-limit: 60
@!!already:true
@!!END

@!!BEGIN
@!!type:obligation
@!!id:360
@!!loc:410:23:410:25
@!!status:proved
@!!prover:smt
@!!meth:time-limit: 60
@!!already:true
@!!END

@!!BEGIN
@!!type:obligation
@!!id:361
@!!loc:410:26:410:30
@!!status:trivial
@!!prover:tlapm
@!!already:false
@!!END

@!!BEGIN
@!!type:obligation
@!!id:362
@!!loc:414:3:414:5
@!!status:proved
@!!prover:smt
@!!meth:time-limit: 60; time-used: 31.1 (52%)
@!!already:false
@!!END

@!!BEGIN
@!!type:obligation
@!!id:364
@!!loc:415:69:415:73
@!!status:trivial
@!!prover:tlapm
@!!already:false
@!!END

@!!BEGIN
@!!type:obligation
@!!id:365
@!!loc:415:75:415:87
@!!status:trivial
@!!prover:tlapm
@!!already:false
@!!END

@!!BEGIN
@!!type:obligation
@!!id:366
@!!loc:415:89:415:98
@!!status:trivial
@!!prover:tlapm
@!!already:false
@!!END

@!!BEGIN
@!!type:obligation
@!!id:363
@!!loc:415:66:415:68
@!!status:proved
@!!prover:smt
@!!meth:time-limit: 60; time-used: 41.0 (68%)
@!!already:false
@!!END

@!!BEGIN
@!!type:obligation
@!!id:368
@!!loc:416:35:416:39
@!!status:trivial
@!!prover:tlapm
@!!already:false
@!!END

@!!BEGIN
@!!type:obligation
@!!id:369
@!!loc:416:41:416:45
@!!status:trivial
@!!prover:tlapm
@!!already:false
@!!END

@!!BEGIN
@!!type:obligation
@!!id:370
@!!loc:416:47:416:59
@!!status:trivial
@!!prover:tlapm
@!!already:false
@!!END

@!!BEGIN
@!!type:obligation
@!!id:367
@!!loc:416:32:416:34
@!!status:proved
@!!prover:smt
@!!meth:time-limit: 60; time-used: 4.0 (7%)
@!!already:false
@!!END

@!!BEGIN
@!!type:obligation
@!!id:372
@!!loc:418:6:418:10
@!!status:trivial
@!!prover:tlapm
@!!already:false
@!!END

@!!BEGIN
@!!type:obligation
@!!id:373
@!!loc:418:12:418:16
@!!status:trivial
@!!prover:tlapm
@!!already:false
@!!END

@!!BEGIN
@!!type:obligation
@!!id:374
@!!loc:418:18:418:22
@!!status:trivial
@!!prover:tlapm
@!!already:false
@!!END

@!!BEGIN
@!!type:obligation
@!!id:375
@!!loc:418:24:418:32
@!!status:trivial
@!!prover:tlapm
@!!already:false
@!!END

@!!BEGIN
@!!type:obligation
@!!id:371
@!!loc:418:3:418:5
@!!status:proved
@!!prover:smt
@!!meth:time-limit: 60; time-used: 5.4 (9%)
@!!already:false
@!!END

@!!BEGIN
@!!type:obligation
@!!id:377
@!!loc:419:18:419:22
@!!status:trivial
@!!prover:tlapm
@!!already:false
@!!END

@!!BEGIN
@!!type:obligation
@!!id:378
@!!loc:419:24:419:28
@!!status:trivial
@!!prover:tlapm
@!!already:false
@!!END

@!!BEGIN
@!!type:obligation
@!!id:379
@!!loc:419:30:419:34
@!!status:trivial
@!!prover:tlapm
@!!already:false
@!!END

@!!BEGIN
@!!type:obligation
@!!id:380
@!!loc:419:36:419:47
@!!status:trivial
@!!prover:tlapm
@!!already:false
@!!END

@!!BEGIN
@!!type:obligation
@!!id:376
@!!loc:419:15:419:17
@!!status:proved
@!!prover:smt
@!!meth:time-limit: 60; time-used: 5.8 (10%)
@!!already:false
@!!END

@!!BEGIN
@!!type:obligation
@!!id:382
@!!loc:420:18:420:22
@!!status:trivial
@!!prover:tlapm
@!!already:false
@!!END

@!!BEGIN
@!!type:obligation
@!!id:383
@!!loc:420:24:420:28
@!!status:trivial
@!!prover:tlapm
@!!already:false
@!!END

@!!BEGIN
@!!type:obligation
@!!id:384
@!!loc:420:30:420:34
@!!status:trivial
@!!prover:tlapm
@!!already:false
@!!END

@!!BEGIN
@!!type:obligation
@!!id:381
@!!loc:420:15:420:17
@!!status:proved
@!!prover:smt
@!!meth:time-limit: 60; time-used: 3.3 (5%)
@!!already:false
@!!END

@!!BEGIN
@!!type:obligation
@!!id:385
@!!loc:420:36:420:40
@!!status:trivial
@!!prover:tlapm
@!!already:false
@!!END

@!!BEGIN
@!!type:obligation
@!!id:387
@!!loc:421:50:421:54
@!!status:trivial
@!!prover:tlapm
@!!already:false
@!!END

@!!BEGIN
@!!type:obligation
@!!id:388
@!!loc:421:56:421:60
@!!status:trivial
@!!prover:tlapm
@!!already:false
@!!END

@!!BEGIN
@!!type:obligation
@!!id:386
@!!loc:421:47:421:49
@!!status:proved
@!!prover:smt
@!!meth:time-limit: 60; time-used: 3.3 (6%)
@!!already:false
@!!END

@!!BEGIN
@!!type:obligation
@!!id:390
@!!loc:430:15:430:19
@!!status:trivial
@!!prover:tlapm
@!!already:false
@!!END

@!!BEGIN
@!!type:obligation
@!!id:391
@!!loc:430:21:430:25
@!!status:trivial
@!!prover:tlapm
@!!already:false
@!!END

@!!BEGIN
@!!type:obligation
@!!id:392
@!!loc:430:27:430:31
@!!status:trivial
@!!prover:tlapm
@!!already:false
@!!END

@!!BEGIN
@!!type:obligation
@!!id:389
@!!loc:430:12:430:14
@!!status:proved
@!!prover:smt
@!!meth:time-limit: 60; time-used: 34.4 (57%)
@!!already:false
@!!END

@!!BEGIN
@!!type:obligation
@!!id:394
@!!loc:425:8:425:12
@!!status:trivial
@!!prover:tlapm
@!!already:false
@!!END

@!!BEGIN
@!!type:obligation
@!!id:395
@!!loc:425:14:425:18
@!!status:trivial
@!!prover:tlapm
@!!already:false
@!!END

@!!BEGIN
@!!type:obligation
@!!id:396
@!!loc:425:20:425:24
@!!status:trivial
@!!prover:tlapm
@!!already:false
@!!END

@!!BEGIN
@!!type:obligation
@!!id:397
@!!loc:425:26:425:38
@!!status:trivial
@!!prover:tlapm
@!!already:false
@!!END

@!!BEGIN
@!!type:obligation
@!!id:393
@!!loc:425:5:425:7
@!!status:proved
@!!prover:smt
@!!meth:time-limit: 60; time-used: 22.6 (38%)
@!!already:false
@!!END

@!!BEGIN
@!!type:obligation
@!!id:400
@!!loc:429:61:429:65
@!!status:trivial
@!!prover:tlapm
@!!already:false
@!!END

@!!BEGIN
@!!type:obligation
@!!id:401
@!!loc:429:67:429:71
@!!status:trivial
@!!prover:tlapm
@!!already:false
@!!END

@!!BEGIN
@!!type:obligation
@!!id:399
@!!loc:429:58:429:60
@!!status:proved
@!!prover:smt
@!!meth:time-limit: 60; time-used: 2.9 (5%)
@!!already:false
@!!END

@!!BEGIN
@!!type:obligation
@!!id:398
@!!loc:428:5:428:7
@!!status:proved
@!!prover:smt
@!!meth:time-limit: 60; time-used: 4.4 (7%)
@!!already:false
@!!END

@!!BEGIN
@!!type:obligation
@!!id:403
@!!loc:432:6:432:10
@!!status:trivial
@!!prover:tlapm
@!!already:false
@!!END

@!!BEGIN
@!!type:obligation
@!!id:404
@!!loc:432:12:432:16
@!!status:trivial
@!!prover:tlapm
@!!already:false
@!!END

@!!BEGIN
@!!type:obligation
@!!id:405
@!!loc:433:16:433:18
@!!status:proved
@!!prover:smt
@!!meth:time-limit: 60
@!!already:true
@!!END

@!!BEGIN
@!!type:obligation
@!!id:406
@!!loc:433:19:433:23
@!!status:trivial
@!!prover:tlapm
@!!already:false
@!!END

@!!BEGIN
@!!type:obligation
@!!id:407
@!!loc:433:25:433:29
@!!status:trivial
@!!prover:tlapm
@!!already:false
@!!END

@!!BEGIN
@!!type:obligation
@!!id:408
@!!loc:433:31:433:35
@!!status:trivial
@!!prover:tlapm
@!!already:false
@!!END

@!!BEGIN
@!!type:obligation
@!!id:402
@!!loc:432:3:432:5
@!!status:proved
@!!prover:smt
@!!meth:time-limit: 60; time-used: 3.4 (6%)
@!!already:false
@!!END

@!!BEGIN
@!!type:obligation
@!!id:409
@!!loc:433:37:433:41
@!!status:trivial
@!!prover:tlapm
@!!already:false
@!!END

@!!BEGIN
@!!type:obligation
@!!id:410
@!!loc:433:43:433:54
@!!status:trivial
@!!prover:tlapm
@!!already:false
@!!END

@!!BEGIN
@!!type:obligation
@!!id:412
@!!loc:470:13:470:17
@!!status:trivial
@!!prover:tlapm
@!!already:false
@!!END

@!!BEGIN
@!!type:obligation
@!!id:413
@!!loc:470:19:470:24
@!!status:trivial
@!!prover:tlapm
@!!already:false
@!!END

@!!BEGIN
@!!type:obligation
@!!id:414
@!!loc:470:26:470:31
@!!status:trivial
@!!prover:tlapm
@!!already:false
@!!END

@!!BEGIN
@!!type:obligation
@!!id:411
@!!loc:470:10:470:12
@!!status:proved
@!!prover:smt
@!!meth:time-limit: 60; time-used: 3.2 (5%)
@!!already:false
@!!END

@!!BEGIN
@!!type:obligation
@!!id:417
@!!loc:441:14:441:16
@!!status:proved
@!!prover:smt
@!!meth:time-limit: 60; time-used: 2.2 (4%)
@!!already:false
@!!END

@!!BEGIN
@!!type:obligation
@!!id:416
@!!loc:440:44:440:46
@!!status:proved
@!!prover:smt
@!!meth:time-limit: 60; time-used: 3.3 (5%)
@!!already:false
@!!END

@!!BEGIN
@!!type:obligation
@!!id:415
@!!loc:439:14:439:16
@!!status:proved
@!!prover:smt
@!!meth:time-limit: 60; time-used: 4.9 (8%)
@!!already:false
@!!END

@!!BEGIN
@!!type:obligation
@!!id:419
@!!loc:442:26:442:30
@!!status:trivial
@!!prover:tlapm
@!!already:false
@!!END

@!!BEGIN
@!!type:obligation
@!!id:418
@!!loc:442:23:442:25
@!!status:proved
@!!prover:smt
@!!meth:time-limit: 60; time-used: 3.3 (6%)
@!!already:false
@!!END

@!!BEGIN
@!!type:obligation
@!!id:421
@!!loc:443:83:443:87
@!!status:trivial
@!!prover:tlapm
@!!already:false
@!!END

@!!BEGIN
@!!type:obligation
@!!id:422
@!!loc:446:3:446:5
@!!status:proved
@!!prover:smt
@!!meth:time-limit: 60; time-used: 2.0 (3%)
@!!already:false
@!!END

@!!BEGIN
@!!type:obligation
@!!id:420
@!!loc:443:80:443:82
@!!status:proved
@!!prover:smt
@!!meth:time-limit: 60; time-used: 4.5 (8%)
@!!already:false
@!!END

@!!BEGIN
@!!type:obligation
@!!id:426
@!!loc:451:6:451:17
@!!status:trivial
@!!prover:tlapm
@!!already:false
@!!END

@!!BEGIN
@!!type:obligation
@!!id:428
@!!loc:453:6:453:10
@!!status:trivial
@!!prover:tlapm
@!!already:false
@!!END

@!!BEGIN
@!!type:obligation
@!!id:427
@!!loc:453:3:453:5
@!!status:proved
@!!prover:smt
@!!meth:time-limit: 60; time-used: 0.6 (1%)
@!!already:false
@!!END

@!!BEGIN
@!!type:obligation
@!!id:425
@!!loc:451:3:451:5
@!!status:proved
@!!prover:smt
@!!meth:time-limit: 60; time-used: 2.3 (4%)
@!!already:false
@!!END

@!!BEGIN
@!!type:obligation
@!!id:424
@!!loc:449:3:449:5
@!!status:proved
@!!prover:smt
@!!meth:time-limit: 60; time-used: 3.4 (6%)
@!!already:false
@!!END

@!!BEGIN
@!!type:obligation
@!!id:429
@!!loc:453:12:453:16
@!!status:trivial
@!!prover:tlapm
@!!already:false
@!!END

@!!BEGIN
@!!type:obligation
@!!id:430
@!!loc:453:18:453:25
@!!status:trivial
@!!prover:tlapm
@!!already:false
@!!END

@!!BEGIN
@!!type:obligation
@!!id:432
@!!loc:456:6:456:10
@!!status:trivial
@!!prover:tlapm
@!!already:false
@!!END

@!!BEGIN
@!!type:obligation
@!!id:433
@!!loc:456:12:456:16
@!!status:trivial
@!!prover:tlapm
@!!already:false
@!!END

@!!BEGIN
@!!type:obligation
@!!id:431
@!!loc:456:3:456:5
@!!status:proved
@!!prover:smt
@!!meth:time-limit: 60; time-used: 39.9 (66%)
@!!already:false
@!!END

@!!BEGIN
@!!type:obligation
@!!id:435
@!!loc:457:37:457:41
@!!status:trivial
@!!prover:tlapm
@!!already:false
@!!END

@!!BEGIN
@!!type:obligation
@!!id:436
@!!loc:457:43:457:47
@!!status:trivial
@!!prover:tlapm
@!!already:false
@!!END

@!!BEGIN
@!!type:obligation
@!!id:437
@!!loc:457:49:457:53
@!!status:trivial
@!!prover:tlapm
@!!already:false
@!!END

@!!BEGIN
@!!type:obligation
@!!id:438
@!!loc:457:55:457:59
@!!status:trivial
@!!prover:tlapm
@!!already:false
@!!END

@!!BEGIN
@!!type:obligation
@!!id:434
@!!loc:457:34:457:36
@!!status:proved
@!!prover:smt
@!!meth:time-limit: 60; time-used: 3.4 (6%)
@!!already:false
@!!END

@!!BEGIN
@!!type:obligation
@!!id:439
@!!loc:457:61:457:65
@!!status:trivial
@!!prover:tlapm
@!!already:false
@!!END

@!!BEGIN
@!!type:obligation
@!!id:440
@!!loc:457:67:457:79
@!!status:trivial
@!!prover:tlapm
@!!already:false
@!!END

@!!BEGIN
@!!type:obligation
@!!id:442
@!!loc:459:6:459:10
@!!status:trivial
@!!prover:tlapm
@!!already:false
@!!END

@!!BEGIN
@!!type:obligation
@!!id:443
@!!loc:459:12:459:16
@!!status:trivial
@!!prover:tlapm
@!!already:false
@!!END

@!!BEGIN
@!!type:obligation
@!!id:444
@!!loc:459:18:459:22
@!!status:trivial
@!!prover:tlapm
@!!already:false
@!!END

@!!BEGIN
@!!type:obligation
@!!id:445
@!!loc:459:24:459:32
@!!status:trivial
@!!prover:tlapm
@!!already:false
@!!END

@!!BEGIN
@!!type:obligation
@!!id:441
@!!loc:459:3:459:5
@!!status:proved
@!!prover:smt
@!!meth:time-limit: 60; time-used: 6.6 (11%)
@!!already:false
@!!END

@!!BEGIN
@!!type:obligation
@!!id:447
@!!loc:460:18:460:22
@!!status:trivial
@!!prover:tlapm
@!!already:false
@!!END

@!!BEGIN
@!!type:obligation
@!!id:448
@!!loc:460:24:460:28
@!!status:trivial
@!!prover:tlapm
@!!already:false
@!!END

@!!BEGIN
@!!type:obligation
@!!id:449
@!!loc:460:30:460:34
@!!status:trivial
@!!prover:tlapm
@!!already:false
@!!END

@!!BEGIN
@!!type:obligation
@!!id:450
@!!loc:460:36:460:40
@!!status:trivial
@!!prover:tlapm
@!!already:false
@!!END

@!!BEGIN
@!!type:obligation
@!!id:446
@!!loc:460:15:460:17
@!!status:proved
@!!prover:smt
@!!meth:time-limit: 60; time-used: 3.2 (5%)
@!!already:false
@!!END

@!!BEGIN
@!!type:obligation
@!!id:451
@!!loc:460:42:460:53
@!!status:trivial
@!!prover:tlapm
@!!already:false
@!!END

@!!BEGIN
@!!type:obligation
@!!id:453
@!!loc:461:18:461:22
@!!status:trivial
@!!prover:tlapm
@!!already:false
@!!END

@!!BEGIN
@!!type:obligation
@!!id:454
@!!loc:461:24:461:28
@!!status:trivial
@!!prover:tlapm
@!!already:false
@!!END

@!!BEGIN
@!!type:obligation
@!!id:455
@!!loc:461:30:461:34
@!!status:trivial
@!!prover:tlapm
@!!already:false
@!!END

@!!BEGIN
@!!type:obligation
@!!id:456
@!!loc:461:36:461:40
@!!status:trivial
@!!prover:tlapm
@!!already:false
@!!END

@!!BEGIN
@!!type:obligation
@!!id:457
@!!loc:461:42:461:46
@!!status:trivial
@!!prover:tlapm
@!!already:false
@!!END

@!!BEGIN
@!!type:obligation
@!!id:452
@!!loc:461:15:461:17
@!!status:proved
@!!prover:smt
@!!meth:time-limit: 60; time-used: 3.5 (6%)
@!!already:false
@!!END

@!!BEGIN
@!!type:obligation
@!!id:458
@!!loc:461:48:461:52
@!!status:trivial
@!!prover:tlapm
@!!already:false
@!!END

@!!BEGIN
@!!type:obligation
@!!id:459
@!!loc:461:54:461:58
@!!status:trivial
@!!prover:tlapm
@!!already:false
@!!END

@!!BEGIN
@!!type:obligation
@!!id:460
@!!loc:461:60:461:64
@!!status:trivial
@!!prover:tlapm
@!!already:false
@!!END

@!!BEGIN
@!!type:obligation
@!!id:462
@!!loc:462:51:462:55
@!!status:trivial
@!!prover:tlapm
@!!already:false
@!!END

@!!BEGIN
@!!type:obligation
@!!id:463
@!!loc:462:57:462:61
@!!status:trivial
@!!prover:tlapm
@!!already:false
@!!END

@!!BEGIN
@!!type:obligation
@!!id:464
@!!loc:462:63:462:67
@!!status:trivial
@!!prover:tlapm
@!!already:false
@!!END

@!!BEGIN
@!!type:obligation
@!!id:461
@!!loc:462:48:462:50
@!!status:proved
@!!prover:smt
@!!meth:time-limit: 60; time-used: 3.1 (5%)
@!!already:false
@!!END

@!!BEGIN
@!!type:obligation
@!!id:465
@!!loc:462:69:462:73
@!!status:trivial
@!!prover:tlapm
@!!already:false
@!!END

@!!BEGIN
@!!type:obligation
@!!id:466
@!!loc:462:75:462:79
@!!status:trivial
@!!prover:tlapm
@!!already:false
@!!END

@!!BEGIN
@!!type:obligation
@!!id:467
@!!loc:462:81:462:85
@!!status:trivial
@!!prover:tlapm
@!!already:false
@!!END

@!!BEGIN
@!!type:obligation
@!!id:468
@!!loc:462:87:462:91
@!!status:trivial
@!!prover:tlapm
@!!already:false
@!!END

@!!BEGIN
@!!type:obligation
@!!id:470
@!!loc:464:6:464:10
@!!status:trivial
@!!prover:tlapm
@!!already:false
@!!END

@!!BEGIN
@!!type:obligation
@!!id:471
@!!loc:464:12:464:16
@!!status:trivial
@!!prover:tlapm
@!!already:false
@!!END

@!!BEGIN
@!!type:obligation
@!!id:472
@!!loc:464:18:464:22
@!!status:trivial
@!!prover:tlapm
@!!already:false
@!!END

@!!BEGIN
@!!type:obligation
@!!id:473
@!!loc:464:24:464:28
@!!status:trivial
@!!prover:tlapm
@!!already:false
@!!END

@!!BEGIN
@!!type:obligation
@!!id:474
@!!loc:464:30:464:34
@!!status:trivial
@!!prover:tlapm
@!!already:false
@!!END

@!!BEGIN
@!!type:obligation
@!!id:469
@!!loc:464:3:464:5
@!!status:proved
@!!prover:smt
@!!meth:time-limit: 60; time-used: 3.4 (6%)
@!!already:false
@!!END

@!!BEGIN
@!!type:obligation
@!!id:475
@!!loc:464:36:464:48
@!!status:trivial
@!!prover:tlapm
@!!already:false
@!!END

@!!BEGIN
@!!type:obligation
@!!id:477
@!!loc:466:6:466:10
@!!status:trivial
@!!prover:tlapm
@!!already:false
@!!END

@!!BEGIN
@!!type:obligation
@!!id:478
@!!loc:466:12:466:16
@!!status:trivial
@!!prover:tlapm
@!!already:false
@!!END

@!!BEGIN
@!!type:obligation
@!!id:479
@!!loc:466:18:466:22
@!!status:trivial
@!!prover:tlapm
@!!already:false
@!!END

@!!BEGIN
@!!type:obligation
@!!id:480
@!!loc:466:24:466:28
@!!status:trivial
@!!prover:tlapm
@!!already:false
@!!END

@!!BEGIN
@!!type:obligation
@!!id:481
@!!loc:466:30:466:34
@!!status:trivial
@!!prover:tlapm
@!!already:false
@!!END

@!!BEGIN
@!!type:obligation
@!!id:482
@!!loc:466:36:466:40
@!!status:trivial
@!!prover:tlapm
@!!already:false
@!!END

@!!BEGIN
@!!type:obligation
@!!id:476
@!!loc:466:3:466:5
@!!status:proved
@!!prover:smt
@!!meth:time-limit: 60; time-used: 4.0 (7%)
@!!already:false
@!!END

@!!BEGIN
@!!type:obligation
@!!id:483
@!!loc:466:42:466:46
@!!status:trivial
@!!prover:tlapm
@!!already:false
@!!END

@!!BEGIN
@!!type:obligation
@!!id:484
@!!loc:466:48:466:60
@!!status:trivial
@!!prover:tlapm
@!!already:false
@!!END

@!!BEGIN
@!!type:obligation
@!!id:486
@!!loc:468:6:468:10
@!!status:trivial
@!!prover:tlapm
@!!already:false
@!!END

@!!BEGIN
@!!type:obligation
@!!id:487
@!!loc:468:12:468:16
@!!status:trivial
@!!prover:tlapm
@!!already:false
@!!END

@!!BEGIN
@!!type:obligation
@!!id:488
@!!loc:468:18:468:22
@!!status:trivial
@!!prover:tlapm
@!!already:false
@!!END

@!!BEGIN
@!!type:obligation
@!!id:485
@!!loc:468:3:468:5
@!!status:proved
@!!prover:smt
@!!meth:time-limit: 60; time-used: 3.4 (6%)
@!!already:false
@!!END

@!!BEGIN
@!!type:obligation
@!!id:490
@!!loc:469:19:469:23
@!!status:trivial
@!!prover:tlapm
@!!already:false
@!!END

@!!BEGIN
@!!type:obligation
@!!id:491
@!!loc:469:25:469:29
@!!status:trivial
@!!prover:tlapm
@!!already:false
@!!END

@!!BEGIN
@!!type:obligation
@!!id:492
@!!loc:469:31:469:36
@!!status:trivial
@!!prover:tlapm
@!!already:false
@!!END

@!!BEGIN
@!!type:obligation
@!!id:493
@!!loc:469:38:469:43
@!!status:trivial
@!!prover:tlapm
@!!already:false
@!!END

@!!BEGIN
@!!type:obligation
@!!id:494
@!!loc:469:45:469:50
@!!status:trivial
@!!prover:tlapm
@!!already:false
@!!END

@!!BEGIN
@!!type:obligation
@!!id:489
@!!loc:469:16:469:18
@!!status:proved
@!!prover:smt
@!!meth:time-limit: 60; time-used: 3.6 (6%)
@!!already:false
@!!END

@!!BEGIN
@!!type:obligation
@!!id:495
@!!loc:469:52:469:63
@!!status:trivial
@!!prover:tlapm
@!!already:false
@!!END

@!!BEGIN
@!!type:obligation
@!!id:497
@!!loc:529:13:529:17
@!!status:trivial
@!!prover:tlapm
@!!already:false
@!!END

@!!BEGIN
@!!type:obligation
@!!id:498
@!!loc:529:19:529:23
@!!status:trivial
@!!prover:tlapm
@!!already:false
@!!END

@!!BEGIN
@!!type:obligation
@!!id:499
@!!loc:529:25:529:29
@!!status:trivial
@!!prover:tlapm
@!!already:false
@!!END

@!!BEGIN
@!!type:obligation
@!!id:500
@!!loc:478:14:478:16
@!!status:proved
@!!prover:smt
@!!meth:time-limit: 60
@!!already:true
@!!END

@!!BEGIN
@!!type:obligation
@!!id:501
@!!loc:479:44:479:46
@!!status:proved
@!!prover:smt
@!!meth:time-limit: 60
@!!already:true
@!!END

@!!BEGIN
@!!type:obligation
@!!id:502
@!!loc:480:14:480:16
@!!status:proved
@!!prover:smt
@!!meth:time-limit: 60
@!!already:true
@!!END

@!!BEGIN
@!!type:obligation
@!!id:503
@!!loc:481:23:481:25
@!!status:proved
@!!prover:smt
@!!meth:time-limit: 60
@!!already:true
@!!END

@!!BEGIN
@!!type:obligation
@!!id:504
@!!loc:481:26:481:30
@!!status:trivial
@!!prover:tlapm
@!!already:false
@!!END

@!!BEGIN
@!!type:obligation
@!!id:505
@!!loc:482:80:482:82
@!!status:proved
@!!prover:smt
@!!meth:time-limit: 60
@!!already:true
@!!END

@!!BEGIN
@!!type:obligation
@!!id:506
@!!loc:482:83:482:87
@!!status:trivial
@!!prover:tlapm
@!!already:false
@!!END

@!!BEGIN
@!!type:obligation
@!!id:496
@!!loc:529:10:529:12
@!!status:proved
@!!prover:smt
@!!meth:time-limit: 60; time-used: 3.4 (6%)
@!!already:false
@!!END

@!!BEGIN
@!!type:obligation
@!!id:509
@!!loc:522:15:522:19
@!!status:trivial
@!!prover:tlapm
@!!already:false
@!!END

@!!BEGIN
@!!type:obligation
@!!id:508
@!!loc:522:12:522:14
@!!status:proved
@!!prover:smt
@!!meth:time-limit: 60; time-used: 0.7 (1%)
@!!already:false
@!!END

@!!BEGIN
@!!type:obligation
@!!id:507
@!!loc:485:3:485:5
@!!status:proved
@!!prover:smt
@!!meth:time-limit: 60; time-used: 3.1 (5%)
@!!already:false
@!!END

@!!BEGIN
@!!type:obligation
@!!id:510
@!!loc:522:21:522:25
@!!status:trivial
@!!prover:tlapm
@!!already:false
@!!END

@!!BEGIN
@!!type:obligation
@!!id:512
@!!loc:499:17:499:21
@!!status:trivial
@!!prover:tlapm
@!!already:false
@!!END

@!!BEGIN
@!!type:obligation
@!!id:513
@!!loc:499:23:499:27
@!!status:trivial
@!!prover:tlapm
@!!already:false
@!!END

@!!BEGIN
@!!type:obligation
@!!id:514
@!!loc:499:29:499:33
@!!status:trivial
@!!prover:tlapm
@!!already:false
@!!END

@!!BEGIN
@!!type:obligation
@!!id:515
@!!loc:499:35:499:39
@!!status:trivial
@!!prover:tlapm
@!!already:false
@!!END

@!!BEGIN
@!!type:obligation
@!!id:511
@!!loc:499:14:499:16
@!!status:proved
@!!prover:smt
@!!meth:time-limit: 60; time-used: 5.6 (9%)
@!!already:false
@!!END

@!!BEGIN
@!!type:obligation
@!!id:517
@!!loc:492:88:492:92
@!!status:trivial
@!!prover:tlapm
@!!already:false
@!!END

@!!BEGIN
@!!type:obligation
@!!id:516
@!!loc:492:85:492:87
@!!status:proved
@!!prover:smt
@!!meth:time-limit: 60; time-used: 33.9 (57%)
@!!already:false
@!!END

@!!BEGIN
@!!type:obligation
@!!id:519
@!!loc:493:42:493:46
@!!status:trivial
@!!prover:tlapm
@!!already:false
@!!END

@!!BEGIN
@!!type:obligation
@!!id:520
@!!loc:493:48:493:60
@!!status:trivial
@!!prover:tlapm
@!!already:false
@!!END

@!!BEGIN
@!!type:obligation
@!!id:522
@!!loc:495:10:495:14
@!!status:trivial
@!!prover:tlapm
@!!already:false
@!!END

@!!BEGIN
@!!type:obligation
@!!id:521
@!!loc:495:7:495:9
@!!status:proved
@!!prover:smt
@!!meth:time-limit: 60; time-used: 0.6 (1%)
@!!already:false
@!!END

@!!BEGIN
@!!type:obligation
@!!id:518
@!!loc:493:39:493:41
@!!status:proved
@!!prover:smt
@!!meth:time-limit: 60; time-used: 3.5 (6%)
@!!already:false
@!!END

@!!BEGIN
@!!type:obligation
@!!id:523
@!!loc:495:16:495:20
@!!status:trivial
@!!prover:tlapm
@!!already:false
@!!END

@!!BEGIN
@!!type:obligation
@!!id:524
@!!loc:495:22:495:26
@!!status:trivial
@!!prover:tlapm
@!!already:false
@!!END

@!!BEGIN
@!!type:obligation
@!!id:525
@!!loc:495:28:495:36
@!!status:trivial
@!!prover:tlapm
@!!already:false
@!!END

@!!BEGIN
@!!type:obligation
@!!id:527
@!!loc:498:10:498:14
@!!status:trivial
@!!prover:tlapm
@!!already:false
@!!END

@!!BEGIN
@!!type:obligation
@!!id:528
@!!loc:498:16:498:20
@!!status:trivial
@!!prover:tlapm
@!!already:false
@!!END

@!!BEGIN
@!!type:obligation
@!!id:526
@!!loc:498:7:498:9
@!!status:proved
@!!prover:smt
@!!meth:time-limit: 60; time-used: 5.2 (9%)
@!!already:false
@!!END

@!!BEGIN
@!!type:obligation
@!!id:530
@!!loc:521:17:521:21
@!!status:trivial
@!!prover:tlapm
@!!already:false
@!!END

@!!BEGIN
@!!type:obligation
@!!id:531
@!!loc:521:23:521:27
@!!status:trivial
@!!prover:tlapm
@!!already:false
@!!END

@!!BEGIN
@!!type:obligation
@!!id:532
@!!loc:521:29:521:33
@!!status:trivial
@!!prover:tlapm
@!!already:false
@!!END

@!!BEGIN
@!!type:obligation
@!!id:533
@!!loc:521:35:521:39
@!!status:trivial
@!!prover:tlapm
@!!already:false
@!!END

@!!BEGIN
@!!type:obligation
@!!id:534
@!!loc:521:41:521:45
@!!status:trivial
@!!prover:tlapm
@!!already:false
@!!END

@!!BEGIN
@!!type:obligation
@!!id:529
@!!loc:521:14:521:16
@!!status:proved
@!!prover:smt
@!!meth:time-limit: 60; time-used: 3.6 (6%)
@!!already:false
@!!END

@!!BEGIN
@!!type:obligation
@!!id:536
@!!loc:506:10:506:14
@!!status:trivial
@!!prover:tlapm
@!!already:false
@!!END

@!!BEGIN
@!!type:obligation
@!!id:538
@!!loc:507:73:507:75
@!!status:proved
@!!prover:smt
@!!meth:time-limit: 60; time-used: 1.3 (2%)
@!!already:false
@!!END

@!!BEGIN
@!!type:obligation
@!!id:535
@!!loc:506:7:506:9
@!!status:proved
@!!prover:smt
@!!meth:time-limit: 60; time-used: 4.1 (7%)
@!!already:false
@!!END

@!!BEGIN
@!!type:obligation
@!!id:540
@!!loc:508:40:508:44
@!!status:trivial
@!!prover:tlapm
@!!already:false
@!!END

@!!BEGIN
@!!type:obligation
@!!id:541
@!!loc:508:46:508:55
@!!status:trivial
@!!prover:tlapm
@!!already:false
@!!END

@!!BEGIN
@!!type:obligation
@!!id:543
@!!loc:510:10:510:14
@!!status:trivial
@!!prover:tlapm
@!!already:false
@!!END

@!!BEGIN
@!!type:obligation
@!!id:542
@!!loc:510:7:510:9
@!!status:proved
@!!prover:smt
@!!meth:time-limit: 60; time-used: 0.6 (1%)
@!!already:false
@!!END

@!!BEGIN
@!!type:obligation
@!!id:539
@!!loc:508:37:508:39
@!!status:proved
@!!prover:smt
@!!meth:time-limit: 60; time-used: 3.2 (5%)
@!!already:false
@!!END

@!!BEGIN
@!!type:obligation
@!!id:544
@!!loc:510:16:510:20
@!!status:trivial
@!!prover:tlapm
@!!already:false
@!!END

@!!BEGIN
@!!type:obligation
@!!id:545
@!!loc:510:22:510:29
@!!status:trivial
@!!prover:tlapm
@!!already:false
@!!END

@!!BEGIN
@!!type:obligation
@!!id:547
@!!loc:511:43:511:47
@!!status:trivial
@!!prover:tlapm
@!!already:false
@!!END

@!!BEGIN
@!!type:obligation
@!!id:548
@!!loc:511:49:511:53
@!!status:trivial
@!!prover:tlapm
@!!already:false
@!!END

@!!BEGIN
@!!type:obligation
@!!id:549
@!!loc:511:55:511:59
@!!status:trivial
@!!prover:tlapm
@!!already:false
@!!END

@!!BEGIN
@!!type:obligation
@!!id:550
@!!loc:511:61:511:65
@!!status:trivial
@!!prover:tlapm
@!!already:false
@!!END

@!!BEGIN
@!!type:obligation
@!!id:546
@!!loc:511:40:511:42
@!!status:proved
@!!prover:smt
@!!meth:time-limit: 60; time-used: 3.6 (6%)
@!!already:false
@!!END

@!!BEGIN
@!!type:obligation
@!!id:551
@!!loc:511:67:511:79
@!!status:trivial
@!!prover:tlapm
@!!already:false
@!!END

@!!BEGIN
@!!type:obligation
@!!id:553
@!!loc:513:10:513:14
@!!status:trivial
@!!prover:tlapm
@!!already:false
@!!END

@!!BEGIN
@!!type:obligation
@!!id:554
@!!loc:513:16:513:20
@!!status:trivial
@!!prover:tlapm
@!!already:false
@!!END

@!!BEGIN
@!!type:obligation
@!!id:555
@!!loc:513:22:513:26
@!!status:trivial
@!!prover:tlapm
@!!already:false
@!!END

@!!BEGIN
@!!type:obligation
@!!id:556
@!!loc:513:28:513:36
@!!status:trivial
@!!prover:tlapm
@!!already:false
@!!END

@!!BEGIN
@!!type:obligation
@!!id:552
@!!loc:513:7:513:9
@!!status:proved
@!!prover:smt
@!!meth:time-limit: 60; time-used: 4.1 (7%)
@!!already:false
@!!END

@!!BEGIN
@!!type:obligation
@!!id:558
@!!loc:520:19:520:23
@!!status:trivial
@!!prover:tlapm
@!!already:false
@!!END

@!!BEGIN
@!!type:obligation
@!!id:559
@!!loc:520:25:520:29
@!!status:trivial
@!!prover:tlapm
@!!already:false
@!!END

@!!BEGIN
@!!type:obligation
@!!id:557
@!!loc:520:16:520:18
@!!status:proved
@!!prover:smt
@!!meth:time-limit: 60; time-used: 34.1 (57%)
@!!already:false
@!!END

@!!BEGIN
@!!type:obligation
@!!id:561
@!!loc:517:12:517:16
@!!status:trivial
@!!prover:tlapm
@!!already:false
@!!END

@!!BEGIN
@!!type:obligation
@!!id:562
@!!loc:517:18:517:22
@!!status:trivial
@!!prover:tlapm
@!!already:false
@!!END

@!!BEGIN
@!!type:obligation
@!!id:563
@!!loc:517:24:517:28
@!!status:trivial
@!!prover:tlapm
@!!already:false
@!!END

@!!BEGIN
@!!type:obligation
@!!id:564
@!!loc:517:30:517:42
@!!status:trivial
@!!prover:tlapm
@!!already:false
@!!END

@!!BEGIN
@!!type:obligation
@!!id:560
@!!loc:517:9:517:11
@!!status:proved
@!!prover:smt
@!!meth:time-limit: 60; time-used: 23.9 (40%)
@!!already:false
@!!END

@!!BEGIN
@!!type:obligation
@!!id:566
@!!loc:519:12:519:16
@!!status:trivial
@!!prover:tlapm
@!!already:false
@!!END

@!!BEGIN
@!!type:obligation
@!!id:567
@!!loc:519:18:519:22
@!!status:trivial
@!!prover:tlapm
@!!already:false
@!!END

@!!BEGIN
@!!type:obligation
@!!id:565
@!!loc:519:9:519:11
@!!status:proved
@!!prover:smt
@!!meth:time-limit: 60; time-used: 5.0 (8%)
@!!already:false
@!!END

@!!BEGIN
@!!type:obligation
@!!id:569
@!!loc:523:18:523:22
@!!status:trivial
@!!prover:tlapm
@!!already:false
@!!END

@!!BEGIN
@!!type:obligation
@!!id:570
@!!loc:523:24:523:28
@!!status:trivial
@!!prover:tlapm
@!!already:false
@!!END

@!!BEGIN
@!!type:obligation
@!!id:571
@!!loc:523:30:523:34
@!!status:trivial
@!!prover:tlapm
@!!already:false
@!!END

@!!BEGIN
@!!type:obligation
@!!id:572
@!!loc:523:36:523:47
@!!status:trivial
@!!prover:tlapm
@!!already:false
@!!END

@!!BEGIN
@!!type:obligation
@!!id:568
@!!loc:523:15:523:17
@!!status:proved
@!!prover:smt
@!!meth:time-limit: 60; time-used: 3.1 (5%)
@!!already:false
@!!END

@!!BEGIN
@!!type:obligation
@!!id:574
@!!loc:524:18:524:22
@!!status:trivial
@!!prover:tlapm
@!!already:false
@!!END

@!!BEGIN
@!!type:obligation
@!!id:575
@!!loc:524:24:524:28
@!!status:trivial
@!!prover:tlapm
@!!already:false
@!!END

@!!BEGIN
@!!type:obligation
@!!id:576
@!!loc:524:30:524:34
@!!status:trivial
@!!prover:tlapm
@!!already:false
@!!END

@!!BEGIN
@!!type:obligation
@!!id:577
@!!loc:524:36:524:40
@!!status:trivial
@!!prover:tlapm
@!!already:false
@!!END

@!!BEGIN
@!!type:obligation
@!!id:573
@!!loc:524:15:524:17
@!!status:proved
@!!prover:smt
@!!meth:time-limit: 60; time-used: 3.2 (5%)
@!!already:false
@!!END

@!!BEGIN
@!!type:obligation
@!!id:579
@!!loc:525:50:525:54
@!!status:trivial
@!!prover:tlapm
@!!already:false
@!!END

@!!BEGIN
@!!type:obligation
@!!id:580
@!!loc:525:56:525:60
@!!status:trivial
@!!prover:tlapm
@!!already:false
@!!END

@!!BEGIN
@!!type:obligation
@!!id:582
@!!loc:527:6:527:10
@!!status:trivial
@!!prover:tlapm
@!!already:false
@!!END

@!!BEGIN
@!!type:obligation
@!!id:581
@!!loc:527:3:527:5
@!!status:proved
@!!prover:smt
@!!meth:time-limit: 60; time-used: 0.6 (1%)
@!!already:false
@!!END

@!!BEGIN
@!!type:obligation
@!!id:578
@!!loc:525:47:525:49
@!!status:proved
@!!prover:smt
@!!meth:time-limit: 60; time-used: 3.3 (6%)
@!!already:false
@!!END

@!!BEGIN
@!!type:obligation
@!!id:583
@!!loc:527:12:527:16
@!!status:trivial
@!!prover:tlapm
@!!already:false
@!!END

@!!BEGIN
@!!type:obligation
@!!id:585
@!!loc:528:18:528:22
@!!status:trivial
@!!prover:tlapm
@!!already:false
@!!END

@!!BEGIN
@!!type:obligation
@!!id:586
@!!loc:528:24:528:28
@!!status:trivial
@!!prover:tlapm
@!!already:false
@!!END

@!!BEGIN
@!!type:obligation
@!!id:587
@!!loc:528:30:528:34
@!!status:trivial
@!!prover:tlapm
@!!already:false
@!!END

@!!BEGIN
@!!type:obligation
@!!id:588
@!!loc:528:36:528:47
@!!status:trivial
@!!prover:tlapm
@!!already:false
@!!END

@!!BEGIN
@!!type:obligation
@!!id:584
@!!loc:528:15:528:17
@!!status:proved
@!!prover:smt
@!!meth:time-limit: 60; time-used: 4.0 (7%)
@!!already:false
@!!END

@!!BEGIN
@!!type:obligation
@!!id:590
@!!loc:561:13:561:17
@!!status:trivial
@!!prover:tlapm
@!!already:false
@!!END

@!!BEGIN
@!!type:obligation
@!!id:591
@!!loc:561:19:561:23
@!!status:trivial
@!!prover:tlapm
@!!already:false
@!!END

@!!BEGIN
@!!type:obligation
@!!id:592
@!!loc:561:25:561:30
@!!status:trivial
@!!prover:tlapm
@!!already:false
@!!END

@!!BEGIN
@!!type:obligation
@!!id:593
@!!loc:534:14:534:16
@!!status:proved
@!!prover:smt
@!!meth:time-limit: 60
@!!already:true
@!!END

@!!BEGIN
@!!type:obligation
@!!id:594
@!!loc:535:44:535:46
@!!status:proved
@!!prover:smt
@!!meth:time-limit: 60
@!!already:true
@!!END

@!!BEGIN
@!!type:obligation
@!!id:595
@!!loc:536:14:536:16
@!!status:proved
@!!prover:smt
@!!meth:time-limit: 60
@!!already:true
@!!END

@!!BEGIN
@!!type:obligation
@!!id:596
@!!loc:537:23:537:25
@!!status:proved
@!!prover:smt
@!!meth:time-limit: 60
@!!already:true
@!!END

@!!BEGIN
@!!type:obligation
@!!id:597
@!!loc:537:26:537:30
@!!status:trivial
@!!prover:tlapm
@!!already:false
@!!END

@!!BEGIN
@!!type:obligation
@!!id:589
@!!loc:561:10:561:12
@!!status:proved
@!!prover:smt
@!!meth:time-limit: 60; time-used: 3.3 (6%)
@!!already:false
@!!END

@!!BEGIN
@!!type:obligation
@!!id:598
@!!loc:538:80:538:82
@!!status:proved
@!!prover:smt
@!!meth:time-limit: 60
@!!already:true
@!!END

@!!BEGIN
@!!type:obligation
@!!id:599
@!!loc:538:83:538:87
@!!status:trivial
@!!prover:tlapm
@!!already:false
@!!END

@!!BEGIN
@!!type:obligation
@!!id:602
@!!loc:545:3:545:5
@!!status:proved
@!!prover:smt
@!!meth:time-limit: 60; time-used: 1.5 (2%)
@!!already:false
@!!END

@!!BEGIN
@!!type:obligation
@!!id:600
@!!loc:541:3:541:5
@!!status:proved
@!!prover:smt
@!!meth:time-limit: 60; time-used: 3.3 (5%)
@!!already:false
@!!END

@!!BEGIN
@!!type:obligation
@!!id:603
@!!loc:547:3:547:5
@!!status:proved
@!!prover:smt
@!!meth:time-limit: 60; time-used: 35.9 (60%)
@!!already:false
@!!END

@!!BEGIN
@!!type:obligation
@!!id:605
@!!loc:548:36:548:40
@!!status:trivial
@!!prover:tlapm
@!!already:false
@!!END

@!!BEGIN
@!!type:obligation
@!!id:606
@!!loc:548:42:548:46
@!!status:trivial
@!!prover:tlapm
@!!already:false
@!!END

@!!BEGIN
@!!type:obligation
@!!id:607
@!!loc:548:48:548:52
@!!status:trivial
@!!prover:tlapm
@!!already:false
@!!END

@!!BEGIN
@!!type:obligation
@!!id:608
@!!loc:548:54:548:66
@!!status:trivial
@!!prover:tlapm
@!!already:false
@!!END

@!!BEGIN
@!!type:obligation
@!!id:604
@!!loc:548:33:548:35
@!!status:proved
@!!prover:smt
@!!meth:time-limit: 60; time-used: 3.5 (6%)
@!!already:false
@!!END

@!!BEGIN
@!!type:obligation
@!!id:610
@!!loc:550:6:550:10
@!!status:trivial
@!!prover:tlapm
@!!already:false
@!!END

@!!BEGIN
@!!type:obligation
@!!id:611
@!!loc:550:12:550:16
@!!status:trivial
@!!prover:tlapm
@!!already:false
@!!END

@!!BEGIN
@!!type:obligation
@!!id:612
@!!loc:550:18:550:22
@!!status:trivial
@!!prover:tlapm
@!!already:false
@!!END

@!!BEGIN
@!!type:obligation
@!!id:613
@!!loc:550:24:550:32
@!!status:trivial
@!!prover:tlapm
@!!already:false
@!!END

@!!BEGIN
@!!type:obligation
@!!id:609
@!!loc:550:3:550:5
@!!status:proved
@!!prover:smt
@!!meth:time-limit: 60; time-used: 5.4 (9%)
@!!already:false
@!!END

@!!BEGIN
@!!type:obligation
@!!id:615
@!!loc:551:18:551:22
@!!status:trivial
@!!prover:tlapm
@!!already:false
@!!END

@!!BEGIN
@!!type:obligation
@!!id:616
@!!loc:551:24:551:28
@!!status:trivial
@!!prover:tlapm
@!!already:false
@!!END

@!!BEGIN
@!!type:obligation
@!!id:617
@!!loc:551:30:551:34
@!!status:trivial
@!!prover:tlapm
@!!already:false
@!!END

@!!BEGIN
@!!type:obligation
@!!id:618
@!!loc:551:36:551:40
@!!status:trivial
@!!prover:tlapm
@!!already:false
@!!END

@!!BEGIN
@!!type:obligation
@!!id:614
@!!loc:551:15:551:17
@!!status:proved
@!!prover:smt
@!!meth:time-limit: 60; time-used: 3.2 (5%)
@!!already:false
@!!END

@!!BEGIN
@!!type:obligation
@!!id:619
@!!loc:551:42:551:53
@!!status:trivial
@!!prover:tlapm
@!!already:false
@!!END

@!!BEGIN
@!!type:obligation
@!!id:621
@!!loc:552:18:552:22
@!!status:trivial
@!!prover:tlapm
@!!already:false
@!!END

@!!BEGIN
@!!type:obligation
@!!id:622
@!!loc:552:24:552:28
@!!status:trivial
@!!prover:tlapm
@!!already:false
@!!END

@!!BEGIN
@!!type:obligation
@!!id:623
@!!loc:552:30:552:34
@!!status:trivial
@!!prover:tlapm
@!!already:false
@!!END

@!!BEGIN
@!!type:obligation
@!!id:624
@!!loc:552:36:552:40
@!!status:trivial
@!!prover:tlapm
@!!already:false
@!!END

@!!BEGIN
@!!type:obligation
@!!id:625
@!!loc:552:42:552:46
@!!status:trivial
@!!prover:tlapm
@!!already:false
@!!END

@!!BEGIN
@!!type:obligation
@!!id:620
@!!loc:552:15:552:17
@!!status:proved
@!!prover:smt
@!!meth:time-limit: 60; time-used: 3.2 (5%)
@!!already:false
@!!END

@!!BEGIN
@!!type:obligation
@!!id:626
@!!loc:552:48:552:52
@!!status:trivial
@!!prover:tlapm
@!!already:false
@!!END

@!!BEGIN
@!!type:obligation
@!!id:628
@!!loc:553:50:553:54
@!!status:trivial
@!!prover:tlapm
@!!already:false
@!!END

@!!BEGIN
@!!type:obligation
@!!id:629
@!!loc:553:56:553:60
@!!status:trivial
@!!prover:tlapm
@!!already:false
@!!END

@!!BEGIN
@!!type:obligation
@!!id:630
@!!loc:553:62:553:66
@!!status:trivial
@!!prover:tlapm
@!!already:false
@!!END

@!!BEGIN
@!!type:obligation
@!!id:631
@!!loc:553:68:553:72
@!!status:trivial
@!!prover:tlapm
@!!already:false
@!!END

@!!BEGIN
@!!type:obligation
@!!id:627
@!!loc:553:47:553:49
@!!status:proved
@!!prover:smt
@!!meth:time-limit: 60; time-used: 3.7 (6%)
@!!already:false
@!!END

@!!BEGIN
@!!type:obligation
@!!id:632
@!!loc:553:74:553:78
@!!status:trivial
@!!prover:tlapm
@!!already:false
@!!END

@!!BEGIN
@!!type:obligation
@!!id:634
@!!loc:555:6:555:10
@!!status:trivial
@!!prover:tlapm
@!!already:false
@!!END

@!!BEGIN
@!!type:obligation
@!!id:635
@!!loc:555:12:555:16
@!!status:trivial
@!!prover:tlapm
@!!already:false
@!!END

@!!BEGIN
@!!type:obligation
@!!id:636
@!!loc:555:18:555:22
@!!status:trivial
@!!prover:tlapm
@!!already:false
@!!END

@!!BEGIN
@!!type:obligation
@!!id:637
@!!loc:555:24:555:28
@!!status:trivial
@!!prover:tlapm
@!!already:false
@!!END

@!!BEGIN
@!!type:obligation
@!!id:638
@!!loc:555:30:555:42
@!!status:trivial
@!!prover:tlapm
@!!already:false
@!!END

@!!BEGIN
@!!type:obligation
@!!id:633
@!!loc:555:3:555:5
@!!status:proved
@!!prover:smt
@!!meth:time-limit: 60; time-used: 3.2 (5%)
@!!already:false
@!!END

@!!BEGIN
@!!type:obligation
@!!id:640
@!!loc:557:6:557:10
@!!status:trivial
@!!prover:tlapm
@!!already:false
@!!END

@!!BEGIN
@!!type:obligation
@!!id:641
@!!loc:557:12:557:16
@!!status:trivial
@!!prover:tlapm
@!!already:false
@!!END

@!!BEGIN
@!!type:obligation
@!!id:642
@!!loc:557:18:557:22
@!!status:trivial
@!!prover:tlapm
@!!already:false
@!!END

@!!BEGIN
@!!type:obligation
@!!id:639
@!!loc:557:3:557:5
@!!status:proved
@!!prover:smt
@!!meth:time-limit: 60; time-used: 3.0 (5%)
@!!already:false
@!!END

@!!BEGIN
@!!type:obligation
@!!id:643
@!!loc:557:24:557:28
@!!status:trivial
@!!prover:tlapm
@!!already:false
@!!END

@!!BEGIN
@!!type:obligation
@!!id:644
@!!loc:557:30:557:34
@!!status:trivial
@!!prover:tlapm
@!!already:false
@!!END

@!!BEGIN
@!!type:obligation
@!!id:645
@!!loc:557:36:557:48
@!!status:trivial
@!!prover:tlapm
@!!already:false
@!!END

@!!BEGIN
@!!type:obligation
@!!id:647
@!!loc:559:6:559:10
@!!status:trivial
@!!prover:tlapm
@!!already:false
@!!END

@!!BEGIN
@!!type:obligation
@!!id:648
@!!loc:559:12:559:16
@!!status:trivial
@!!prover:tlapm
@!!already:false
@!!END

@!!BEGIN
@!!type:obligation
@!!id:649
@!!loc:559:18:559:22
@!!status:trivial
@!!prover:tlapm
@!!already:false
@!!END

@!!BEGIN
@!!type:obligation
@!!id:646
@!!loc:559:3:559:5
@!!status:proved
@!!prover:smt
@!!meth:time-limit: 60; time-used: 4.2 (7%)
@!!already:false
@!!END

@!!BEGIN
@!!type:obligation
@!!id:651
@!!loc:560:19:560:23
@!!status:trivial
@!!prover:tlapm
@!!already:false
@!!END

@!!BEGIN
@!!type:obligation
@!!id:652
@!!loc:560:25:560:29
@!!status:trivial
@!!prover:tlapm
@!!already:false
@!!END

@!!BEGIN
@!!type:obligation
@!!id:653
@!!loc:560:31:560:35
@!!status:trivial
@!!prover:tlapm
@!!already:false
@!!END

@!!BEGIN
@!!type:obligation
@!!id:654
@!!loc:560:37:560:42
@!!status:trivial
@!!prover:tlapm
@!!already:false
@!!END

@!!BEGIN
@!!type:obligation
@!!id:650
@!!loc:560:16:560:18
@!!status:proved
@!!prover:smt
@!!meth:time-limit: 60; time-used: 3.3 (5%)
@!!already:false
@!!END

@!!BEGIN
@!!type:obligation
@!!id:655
@!!loc:560:44:560:49
@!!status:trivial
@!!prover:tlapm
@!!already:false
@!!END

@!!BEGIN
@!!type:obligation
@!!id:656
@!!loc:560:51:560:62
@!!status:trivial
@!!prover:tlapm
@!!already:false
@!!END

@!!BEGIN
@!!type:obligation
@!!id:657
@!!loc:590:10:590:12
@!!status:proved
@!!prover:smt
@!!meth:time-limit: 60
@!!already:true
@!!END

@!!BEGIN
@!!type:obligation
@!!id:658
@!!loc:590:13:590:17
@!!status:trivial
@!!prover:tlapm
@!!already:false
@!!END

@!!BEGIN
@!!type:obligation
@!!id:659
@!!loc:590:19:590:23
@!!status:trivial
@!!prover:tlapm
@!!already:false
@!!END

@!!BEGIN
@!!type:obligation
@!!id:660
@!!loc:590:25:590:30
@!!status:trivial
@!!prover:tlapm
@!!already:false
@!!END

@!!BEGIN
@!!type:obligation
@!!id:661
@!!loc:566:14:566:16
@!!status:proved
@!!prover:smt
@!!meth:time-limit: 60
@!!already:true
@!!END

@!!BEGIN
@!!type:obligation
@!!id:662
@!!loc:567:44:567:46
@!!status:proved
@!!prover:smt
@!!meth:time-limit: 60
@!!already:true
@!!END

@!!BEGIN
@!!type:obligation
@!!id:663
@!!loc:568:14:568:16
@!!status:proved
@!!prover:smt
@!!meth:time-limit: 60
@!!already:true
@!!END

@!!BEGIN
@!!type:obligation
@!!id:664
@!!loc:569:23:569:25
@!!status:proved
@!!prover:smt
@!!meth:time-limit: 60
@!!already:true
@!!END

@!!BEGIN
@!!type:obligation
@!!id:665
@!!loc:569:26:569:30
@!!status:trivial
@!!prover:tlapm
@!!already:false
@!!END

@!!BEGIN
@!!type:obligation
@!!id:666
@!!loc:570:80:570:82
@!!status:proved
@!!prover:smt
@!!meth:time-limit: 60
@!!already:true
@!!END

@!!BEGIN
@!!type:obligation
@!!id:667
@!!loc:570:83:570:87
@!!status:trivial
@!!prover:tlapm
@!!already:false
@!!END

@!!BEGIN
@!!type:obligation
@!!id:669
@!!loc:576:12:576:19
@!!status:proved
@!!prover:smt
@!!meth:time-limit: 60; time-used: 36.2 (60%)
@!!already:false
@!!END

@!!BEGIN
@!!type:obligation
@!!id:668
@!!loc:575:3:575:5
@!!status:proved
@!!prover:smt
@!!meth:time-limit: 60; time-used: 37.3 (62%)
@!!already:false
@!!END

@!!BEGIN
@!!type:obligation
@!!id:671
@!!loc:577:30:577:34
@!!status:trivial
@!!prover:tlapm
@!!already:false
@!!END

@!!BEGIN
@!!type:obligation
@!!id:672
@!!loc:577:36:577:40
@!!status:trivial
@!!prover:tlapm
@!!already:false
@!!END

@!!BEGIN
@!!type:obligation
@!!id:673
@!!loc:577:42:577:54
@!!status:trivial
@!!prover:tlapm
@!!already:false
@!!END

@!!BEGIN
@!!type:obligation
@!!id:670
@!!loc:577:27:577:29
@!!status:proved
@!!prover:smt
@!!meth:time-limit: 60; time-used: 3.8 (6%)
@!!already:false
@!!END

@!!BEGIN
@!!type:obligation
@!!id:675
@!!loc:579:6:579:10
@!!status:trivial
@!!prover:tlapm
@!!already:false
@!!END

@!!BEGIN
@!!type:obligation
@!!id:676
@!!loc:579:12:579:16
@!!status:trivial
@!!prover:tlapm
@!!already:false
@!!END

@!!BEGIN
@!!type:obligation
@!!id:677
@!!loc:579:18:579:22
@!!status:trivial
@!!prover:tlapm
@!!already:false
@!!END

@!!BEGIN
@!!type:obligation
@!!id:678
@!!loc:579:24:579:32
@!!status:trivial
@!!prover:tlapm
@!!already:false
@!!END

@!!BEGIN
@!!type:obligation
@!!id:674
@!!loc:579:3:579:5
@!!status:proved
@!!prover:smt
@!!meth:time-limit: 60; time-used: 3.5 (6%)
@!!already:false
@!!END

@!!BEGIN
@!!type:obligation
@!!id:680
@!!loc:580:18:580:22
@!!status:trivial
@!!prover:tlapm
@!!already:false
@!!END

@!!BEGIN
@!!type:obligation
@!!id:681
@!!loc:580:24:580:28
@!!status:trivial
@!!prover:tlapm
@!!already:false
@!!END

@!!BEGIN
@!!type:obligation
@!!id:682
@!!loc:580:30:580:34
@!!status:trivial
@!!prover:tlapm
@!!already:false
@!!END

@!!BEGIN
@!!type:obligation
@!!id:683
@!!loc:580:36:580:40
@!!status:trivial
@!!prover:tlapm
@!!already:false
@!!END

@!!BEGIN
@!!type:obligation
@!!id:684
@!!loc:580:42:580:53
@!!status:trivial
@!!prover:tlapm
@!!already:false
@!!END

@!!BEGIN
@!!type:obligation
@!!id:679
@!!loc:580:15:580:17
@!!status:proved
@!!prover:smt
@!!meth:time-limit: 60; time-used: 3.8 (6%)
@!!already:false
@!!END

@!!BEGIN
@!!type:obligation
@!!id:686
@!!loc:581:18:581:22
@!!status:trivial
@!!prover:tlapm
@!!already:false
@!!END

@!!BEGIN
@!!type:obligation
@!!id:687
@!!loc:581:24:581:28
@!!status:trivial
@!!prover:tlapm
@!!already:false
@!!END

@!!BEGIN
@!!type:obligation
@!!id:688
@!!loc:581:30:581:34
@!!status:trivial
@!!prover:tlapm
@!!already:false
@!!END

@!!BEGIN
@!!type:obligation
@!!id:689
@!!loc:581:36:581:40
@!!status:trivial
@!!prover:tlapm
@!!already:false
@!!END

@!!BEGIN
@!!type:obligation
@!!id:685
@!!loc:581:15:581:17
@!!status:proved
@!!prover:smt
@!!meth:time-limit: 60; time-used: 3.6 (6%)
@!!already:false
@!!END

@!!BEGIN
@!!type:obligation
@!!id:690
@!!loc:581:42:581:46
@!!status:trivial
@!!prover:tlapm
@!!already:false
@!!END

@!!BEGIN
@!!type:obligation
@!!id:692
@!!loc:582:50:582:54
@!!status:trivial
@!!prover:tlapm
@!!already:false
@!!END

@!!BEGIN
@!!type:obligation
@!!id:693
@!!loc:582:56:582:60
@!!status:trivial
@!!prover:tlapm
@!!already:false
@!!END

@!!BEGIN
@!!type:obligation
@!!id:694
@!!loc:582:62:582:66
@!!status:trivial
@!!prover:tlapm
@!!already:false
@!!END

@!!BEGIN
@!!type:obligation
@!!id:695
@!!loc:582:68:582:72
@!!status:trivial
@!!prover:tlapm
@!!already:false
@!!END

@!!BEGIN
@!!type:obligation
@!!id:691
@!!loc:582:47:582:49
@!!status:proved
@!!prover:smt
@!!meth:time-limit: 60; time-used: 3.3 (6%)
@!!already:false
@!!END

@!!BEGIN
@!!type:obligation
@!!id:697
@!!loc:584:6:584:10
@!!status:trivial
@!!prover:tlapm
@!!already:false
@!!END

@!!BEGIN
@!!type:obligation
@!!id:698
@!!loc:584:12:584:16
@!!status:trivial
@!!prover:tlapm
@!!already:false
@!!END

@!!BEGIN
@!!type:obligation
@!!id:699
@!!loc:584:18:584:22
@!!status:trivial
@!!prover:tlapm
@!!already:false
@!!END

@!!BEGIN
@!!type:obligation
@!!id:700
@!!loc:584:24:584:28
@!!status:trivial
@!!prover:tlapm
@!!already:false
@!!END

@!!BEGIN
@!!type:obligation
@!!id:701
@!!loc:584:30:584:42
@!!status:trivial
@!!prover:tlapm
@!!already:false
@!!END

@!!BEGIN
@!!type:obligation
@!!id:696
@!!loc:584:3:584:5
@!!status:proved
@!!prover:smt
@!!meth:time-limit: 60; time-used: 41.3 (69%)
@!!already:false
@!!END

@!!BEGIN
@!!type:obligation
@!!id:703
@!!loc:586:6:586:10
@!!status:trivial
@!!prover:tlapm
@!!already:false
@!!END

@!!BEGIN
@!!type:obligation
@!!id:704
@!!loc:586:12:586:16
@!!status:trivial
@!!prover:tlapm
@!!already:false
@!!END

@!!BEGIN
@!!type:obligation
@!!id:705
@!!loc:586:18:586:22
@!!status:trivial
@!!prover:tlapm
@!!already:false
@!!END

@!!BEGIN
@!!type:obligation
@!!id:706
@!!loc:586:24:586:28
@!!status:trivial
@!!prover:tlapm
@!!already:false
@!!END

@!!BEGIN
@!!type:obligation
@!!id:707
@!!loc:586:30:586:42
@!!status:trivial
@!!prover:tlapm
@!!already:false
@!!END

@!!BEGIN
@!!type:obligation
@!!id:702
@!!loc:586:3:586:5
@!!status:proved
@!!prover:smt
@!!meth:time-limit: 60; time-used: 3.7 (6%)
@!!already:false
@!!END

@!!BEGIN
@!!type:obligation
@!!id:709
@!!loc:588:6:588:10
@!!status:trivial
@!!prover:tlapm
@!!already:false
@!!END

@!!BEGIN
@!!type:obligation
@!!id:710
@!!loc:588:12:588:16
@!!status:trivial
@!!prover:tlapm
@!!already:false
@!!END

@!!BEGIN
@!!type:obligation
@!!id:711
@!!loc:588:18:588:22
@!!status:trivial
@!!prover:tlapm
@!!already:false
@!!END

@!!BEGIN
@!!type:obligation
@!!id:708
@!!loc:588:3:588:5
@!!status:proved
@!!prover:smt
@!!meth:time-limit: 60; time-used: 3.8 (6%)
@!!already:false
@!!END

@!!BEGIN
@!!type:obligation
@!!id:713
@!!loc:589:19:589:23
@!!status:trivial
@!!prover:tlapm
@!!already:false
@!!END

@!!BEGIN
@!!type:obligation
@!!id:714
@!!loc:589:25:589:29
@!!status:trivial
@!!prover:tlapm
@!!already:false
@!!END

@!!BEGIN
@!!type:obligation
@!!id:715
@!!loc:589:31:589:35
@!!status:trivial
@!!prover:tlapm
@!!already:false
@!!END

@!!BEGIN
@!!type:obligation
@!!id:716
@!!loc:589:37:589:41
@!!status:trivial
@!!prover:tlapm
@!!already:false
@!!END

@!!BEGIN
@!!type:obligation
@!!id:717
@!!loc:589:43:589:48
@!!status:trivial
@!!prover:tlapm
@!!already:false
@!!END

@!!BEGIN
@!!type:obligation
@!!id:718
@!!loc:589:50:589:61
@!!status:trivial
@!!prover:tlapm
@!!already:false
@!!END

@!!BEGIN
@!!type:obligation
@!!id:712
@!!loc:589:16:589:18
@!!status:proved
@!!prover:smt
@!!meth:time-limit: 60; time-used: 3.7 (6%)
@!!already:false
@!!END

@!!BEGIN
@!!type:obligation
@!!id:720
@!!loc:663:13:663:17
@!!status:trivial
@!!prover:tlapm
@!!already:false
@!!END

@!!BEGIN
@!!type:obligation
@!!id:721
@!!loc:663:19:663:23
@!!status:trivial
@!!prover:tlapm
@!!already:false
@!!END

@!!BEGIN
@!!type:obligation
@!!id:722
@!!loc:595:14:595:16
@!!status:proved
@!!prover:smt
@!!meth:time-limit: 60
@!!already:true
@!!END

@!!BEGIN
@!!type:obligation
@!!id:723
@!!loc:596:44:596:46
@!!status:proved
@!!prover:smt
@!!meth:time-limit: 60
@!!already:true
@!!END

@!!BEGIN
@!!type:obligation
@!!id:724
@!!loc:597:14:597:16
@!!status:proved
@!!prover:smt
@!!meth:time-limit: 60
@!!already:true
@!!END

@!!BEGIN
@!!type:obligation
@!!id:725
@!!loc:599:23:599:25
@!!status:proved
@!!prover:smt
@!!meth:time-limit: 60
@!!already:true
@!!END

@!!BEGIN
@!!type:obligation
@!!id:726
@!!loc:599:26:599:30
@!!status:trivial
@!!prover:tlapm
@!!already:false
@!!END

@!!BEGIN
@!!type:obligation
@!!id:719
@!!loc:663:10:663:12
@!!status:proved
@!!prover:smt
@!!meth:time-limit: 60; time-used: 5.0 (8%)
@!!already:false
@!!END

@!!BEGIN
@!!type:obligation
@!!id:727
@!!loc:603:3:603:5
@!!status:proved
@!!prover:smt
@!!meth:time-limit: 60; time-used: 3.2 (5%)
@!!already:false
@!!END

@!!BEGIN
@!!type:obligation
@!!id:729
@!!loc:604:40:604:44
@!!status:trivial
@!!prover:tlapm
@!!already:false
@!!END

@!!BEGIN
@!!type:obligation
@!!id:730
@!!loc:604:46:604:50
@!!status:trivial
@!!prover:tlapm
@!!already:false
@!!END

@!!BEGIN
@!!type:obligation
@!!id:731
@!!loc:604:52:604:56
@!!status:trivial
@!!prover:tlapm
@!!already:false
@!!END

@!!BEGIN
@!!type:obligation
@!!id:732
@!!loc:622:12:622:14
@!!status:proved
@!!prover:smt
@!!meth:time-limit: 60
@!!already:true
@!!END

@!!BEGIN
@!!type:obligation
@!!id:733
@!!loc:622:15:622:19
@!!status:trivial
@!!prover:tlapm
@!!already:false
@!!END

@!!BEGIN
@!!type:obligation
@!!id:728
@!!loc:604:37:604:39
@!!status:proved
@!!prover:smt
@!!meth:time-limit: 60; time-used: 3.1 (5%)
@!!already:false
@!!END

@!!BEGIN
@!!type:obligation
@!!id:734
@!!loc:622:21:622:25
@!!status:trivial
@!!prover:tlapm
@!!already:false
@!!END

@!!BEGIN
@!!type:obligation
@!!id:735
@!!loc:622:27:622:31
@!!status:trivial
@!!prover:tlapm
@!!already:false
@!!END

@!!BEGIN
@!!type:obligation
@!!id:737
@!!loc:609:8:609:12
@!!status:trivial
@!!prover:tlapm
@!!already:false
@!!END

@!!BEGIN
@!!type:obligation
@!!id:736
@!!loc:609:5:609:7
@!!status:proved
@!!prover:smt
@!!meth:time-limit: 60; time-used: 34.1 (57%)
@!!already:false
@!!END

@!!BEGIN
@!!type:obligation
@!!id:739
@!!loc:610:37:610:41
@!!status:trivial
@!!prover:tlapm
@!!already:false
@!!END

@!!BEGIN
@!!type:obligation
@!!id:740
@!!loc:610:43:610:55
@!!status:trivial
@!!prover:tlapm
@!!already:false
@!!END

@!!BEGIN
@!!type:obligation
@!!id:738
@!!loc:610:34:610:36
@!!status:proved
@!!prover:smt
@!!meth:time-limit: 60; time-used: 3.7 (6%)
@!!already:false
@!!END

@!!BEGIN
@!!type:obligation
@!!id:742
@!!loc:612:8:612:12
@!!status:trivial
@!!prover:tlapm
@!!already:false
@!!END

@!!BEGIN
@!!type:obligation
@!!id:743
@!!loc:612:14:612:18
@!!status:trivial
@!!prover:tlapm
@!!already:false
@!!END

@!!BEGIN
@!!type:obligation
@!!id:744
@!!loc:612:20:612:24
@!!status:trivial
@!!prover:tlapm
@!!already:false
@!!END

@!!BEGIN
@!!type:obligation
@!!id:745
@!!loc:612:26:612:34
@!!status:trivial
@!!prover:tlapm
@!!already:false
@!!END

@!!BEGIN
@!!type:obligation
@!!id:741
@!!loc:612:5:612:7
@!!status:proved
@!!prover:smt
@!!meth:time-limit: 60; time-used: 6.2 (10%)
@!!already:false
@!!END

@!!BEGIN
@!!type:obligation
@!!id:747
@!!loc:613:20:613:24
@!!status:trivial
@!!prover:tlapm
@!!already:false
@!!END

@!!BEGIN
@!!type:obligation
@!!id:748
@!!loc:613:26:613:30
@!!status:trivial
@!!prover:tlapm
@!!already:false
@!!END

@!!BEGIN
@!!type:obligation
@!!id:749
@!!loc:613:32:613:36
@!!status:trivial
@!!prover:tlapm
@!!already:false
@!!END

@!!BEGIN
@!!type:obligation
@!!id:750
@!!loc:613:38:613:42
@!!status:trivial
@!!prover:tlapm
@!!already:false
@!!END

@!!BEGIN
@!!type:obligation
@!!id:746
@!!loc:613:17:613:19
@!!status:proved
@!!prover:smt
@!!meth:time-limit: 60; time-used: 3.5 (6%)
@!!already:false
@!!END

@!!BEGIN
@!!type:obligation
@!!id:751
@!!loc:613:44:613:55
@!!status:trivial
@!!prover:tlapm
@!!already:false
@!!END

@!!BEGIN
@!!type:obligation
@!!id:753
@!!loc:614:20:614:24
@!!status:trivial
@!!prover:tlapm
@!!already:false
@!!END

@!!BEGIN
@!!type:obligation
@!!id:754
@!!loc:614:26:614:30
@!!status:trivial
@!!prover:tlapm
@!!already:false
@!!END

@!!BEGIN
@!!type:obligation
@!!id:755
@!!loc:614:32:614:36
@!!status:trivial
@!!prover:tlapm
@!!already:false
@!!END

@!!BEGIN
@!!type:obligation
@!!id:756
@!!loc:614:38:614:42
@!!status:trivial
@!!prover:tlapm
@!!already:false
@!!END

@!!BEGIN
@!!type:obligation
@!!id:752
@!!loc:614:17:614:19
@!!status:proved
@!!prover:smt
@!!meth:time-limit: 60; time-used: 3.4 (6%)
@!!already:false
@!!END

@!!BEGIN
@!!type:obligation
@!!id:757
@!!loc:614:44:614:48
@!!status:trivial
@!!prover:tlapm
@!!already:false
@!!END

@!!BEGIN
@!!type:obligation
@!!id:758
@!!loc:614:50:614:54
@!!status:trivial
@!!prover:tlapm
@!!already:false
@!!END

@!!BEGIN
@!!type:obligation
@!!id:760
@!!loc:615:52:615:56
@!!status:trivial
@!!prover:tlapm
@!!already:false
@!!END

@!!BEGIN
@!!type:obligation
@!!id:761
@!!loc:615:58:615:62
@!!status:trivial
@!!prover:tlapm
@!!already:false
@!!END

@!!BEGIN
@!!type:obligation
@!!id:762
@!!loc:615:64:615:68
@!!status:trivial
@!!prover:tlapm
@!!already:false
@!!END

@!!BEGIN
@!!type:obligation
@!!id:763
@!!loc:615:70:615:74
@!!status:trivial
@!!prover:tlapm
@!!already:false
@!!END

@!!BEGIN
@!!type:obligation
@!!id:759
@!!loc:615:49:615:51
@!!status:proved
@!!prover:smt
@!!meth:time-limit: 60; time-used: 24.2 (40%)
@!!already:false
@!!END

@!!BEGIN
@!!type:obligation
@!!id:765
@!!loc:618:8:618:12
@!!status:trivial
@!!prover:tlapm
@!!already:false
@!!END

@!!BEGIN
@!!type:obligation
@!!id:766
@!!loc:618:14:618:18
@!!status:trivial
@!!prover:tlapm
@!!already:false
@!!END

@!!BEGIN
@!!type:obligation
@!!id:764
@!!loc:618:5:618:7
@!!status:proved
@!!prover:smt
@!!meth:time-limit: 60; time-used: 3.4 (6%)
@!!already:false
@!!END

@!!BEGIN
@!!type:obligation
@!!id:768
@!!loc:620:8:620:12
@!!status:trivial
@!!prover:tlapm
@!!already:false
@!!END

@!!BEGIN
@!!type:obligation
@!!id:769
@!!loc:620:14:620:18
@!!status:trivial
@!!prover:tlapm
@!!already:false
@!!END

@!!BEGIN
@!!type:obligation
@!!id:770
@!!loc:620:20:620:24
@!!status:trivial
@!!prover:tlapm
@!!already:false
@!!END

@!!BEGIN
@!!type:obligation
@!!id:771
@!!loc:621:17:621:19
@!!status:proved
@!!prover:smt
@!!meth:time-limit: 60
@!!already:true
@!!END

@!!BEGIN
@!!type:obligation
@!!id:772
@!!loc:621:20:621:24
@!!status:trivial
@!!prover:tlapm
@!!already:false
@!!END

@!!BEGIN
@!!type:obligation
@!!id:767
@!!loc:620:5:620:7
@!!status:proved
@!!prover:smt
@!!meth:time-limit: 60; time-used: 3.3 (6%)
@!!already:false
@!!END

@!!BEGIN
@!!type:obligation
@!!id:773
@!!loc:621:26:621:30
@!!status:trivial
@!!prover:tlapm
@!!already:false
@!!END

@!!BEGIN
@!!type:obligation
@!!id:774
@!!loc:621:32:621:36
@!!status:trivial
@!!prover:tlapm
@!!already:false
@!!END

@!!BEGIN
@!!type:obligation
@!!id:775
@!!loc:621:38:621:43
@!!status:trivial
@!!prover:tlapm
@!!already:false
@!!END

@!!BEGIN
@!!type:obligation
@!!id:776
@!!loc:621:45:621:56
@!!status:trivial
@!!prover:tlapm
@!!already:false
@!!END

@!!BEGIN
@!!type:obligation
@!!id:777
@!!loc:662:12:662:14
@!!status:proved
@!!prover:smt
@!!meth:time-limit: 60
@!!already:true
@!!END

@!!BEGIN
@!!type:obligation
@!!id:778
@!!loc:662:15:662:20
@!!status:trivial
@!!prover:tlapm
@!!already:false
@!!END

@!!BEGIN
@!!type:obligation
@!!id:779
@!!loc:662:22:662:27
@!!status:trivial
@!!prover:tlapm
@!!already:false
@!!END

@!!BEGIN
@!!type:obligation
@!!id:780
@!!loc:662:29:662:34
@!!status:trivial
@!!prover:tlapm
@!!already:false
@!!END

@!!BEGIN
@!!type:obligation
@!!id:782
@!!loc:631:8:631:12
@!!status:trivial
@!!prover:tlapm
@!!already:false
@!!END

@!!BEGIN
@!!type:obligation
@!!id:781
@!!loc:631:5:631:7
@!!status:proved
@!!prover:smt
@!!meth:time-limit: 60; time-used: 4.1 (7%)
@!!already:false
@!!END

@!!BEGIN
@!!type:obligation
@!!id:784
@!!loc:632:26:632:30
@!!status:trivial
@!!prover:tlapm
@!!already:false
@!!END

@!!BEGIN
@!!type:obligation
@!!id:785
@!!loc:632:32:632:36
@!!status:trivial
@!!prover:tlapm
@!!already:false
@!!END

@!!BEGIN
@!!type:obligation
@!!id:786
@!!loc:632:38:632:48
@!!status:trivial
@!!prover:tlapm
@!!already:false
@!!END

@!!BEGIN
@!!type:obligation
@!!id:783
@!!loc:632:23:632:25
@!!status:proved
@!!prover:smt
@!!meth:time-limit: 60; time-used: 4.9 (8%)
@!!already:false
@!!END

@!!BEGIN
@!!type:obligation
@!!id:788
@!!loc:633:40:633:44
@!!status:trivial
@!!prover:tlapm
@!!already:false
@!!END

@!!BEGIN
@!!type:obligation
@!!id:789
@!!loc:633:46:633:50
@!!status:trivial
@!!prover:tlapm
@!!already:false
@!!END

@!!BEGIN
@!!type:obligation
@!!id:787
@!!loc:633:37:633:39
@!!status:proved
@!!prover:smt
@!!meth:time-limit: 60; time-used: 36.8 (61%)
@!!already:false
@!!END

@!!BEGIN
@!!type:obligation
@!!id:791
@!!loc:638:17:638:21
@!!status:trivial
@!!prover:tlapm
@!!already:false
@!!END

@!!BEGIN
@!!type:obligation
@!!id:792
@!!loc:638:23:638:27
@!!status:trivial
@!!prover:tlapm
@!!already:false
@!!END

@!!BEGIN
@!!type:obligation
@!!id:793
@!!loc:638:29:638:41
@!!status:trivial
@!!prover:tlapm
@!!already:false
@!!END

@!!BEGIN
@!!type:obligation
@!!id:794
@!!loc:638:43:638:52
@!!status:trivial
@!!prover:tlapm
@!!already:false
@!!END

@!!BEGIN
@!!type:obligation
@!!id:790
@!!loc:638:14:638:16
@!!status:proved
@!!prover:smt
@!!meth:time-limit: 60; time-used: 34.9 (58%)
@!!already:false
@!!END

@!!BEGIN
@!!type:obligation
@!!id:796
@!!loc:637:10:637:14
@!!status:trivial
@!!prover:tlapm
@!!already:false
@!!END

@!!BEGIN
@!!type:obligation
@!!id:797
@!!loc:637:16:637:20
@!!status:trivial
@!!prover:tlapm
@!!already:false
@!!END

@!!BEGIN
@!!type:obligation
@!!id:798
@!!loc:637:22:637:34
@!!status:trivial
@!!prover:tlapm
@!!already:false
@!!END

@!!BEGIN
@!!type:obligation
@!!id:795
@!!loc:637:7:637:9
@!!status:proved
@!!prover:smt
@!!meth:time-limit: 60; time-used: 48.1 (80%)
@!!already:false
@!!END

@!!BEGIN
@!!type:obligation
@!!id:800
@!!loc:639:44:639:48
@!!status:trivial
@!!prover:tlapm
@!!already:false
@!!END

@!!BEGIN
@!!type:obligation
@!!id:801
@!!loc:639:50:639:54
@!!status:trivial
@!!prover:tlapm
@!!already:false
@!!END

@!!BEGIN
@!!type:obligation
@!!id:802
@!!loc:639:56:639:68
@!!status:trivial
@!!prover:tlapm
@!!already:false
@!!END

@!!BEGIN
@!!type:obligation
@!!id:799
@!!loc:639:41:639:43
@!!status:proved
@!!prover:smt
@!!meth:time-limit: 60; time-used: 4.6 (8%)
@!!already:false
@!!END

@!!BEGIN
@!!type:obligation
@!!id:804
@!!loc:641:8:641:12
@!!status:trivial
@!!prover:tlapm
@!!already:false
@!!END

@!!BEGIN
@!!type:obligation
@!!id:805
@!!loc:641:14:641:18
@!!status:trivial
@!!prover:tlapm
@!!already:false
@!!END

@!!BEGIN
@!!type:obligation
@!!id:806
@!!loc:641:20:641:24
@!!status:trivial
@!!prover:tlapm
@!!already:false
@!!END

@!!BEGIN
@!!type:obligation
@!!id:807
@!!loc:641:26:641:34
@!!status:trivial
@!!prover:tlapm
@!!already:false
@!!END

@!!BEGIN
@!!type:obligation
@!!id:803
@!!loc:641:5:641:7
@!!status:proved
@!!prover:smt
@!!meth:time-limit: 60; time-used: 6.6 (11%)
@!!already:false
@!!END

@!!BEGIN
@!!type:obligation
@!!id:809
@!!loc:643:8:643:12
@!!status:trivial
@!!prover:tlapm
@!!already:false
@!!END

@!!BEGIN
@!!type:obligation
@!!id:810
@!!loc:643:14:643:18
@!!status:trivial
@!!prover:tlapm
@!!already:false
@!!END

@!!BEGIN
@!!type:obligation
@!!id:811
@!!loc:643:20:643:24
@!!status:trivial
@!!prover:tlapm
@!!already:false
@!!END

@!!BEGIN
@!!type:obligation
@!!id:808
@!!loc:643:5:643:7
@!!status:proved
@!!prover:smt
@!!meth:time-limit: 60; time-used: 3.2 (5%)
@!!already:false
@!!END

@!!BEGIN
@!!type:obligation
@!!id:812
@!!loc:643:26:643:30
@!!status:trivial
@!!prover:tlapm
@!!already:false
@!!END

@!!BEGIN
@!!type:obligation
@!!id:813
@!!loc:643:32:643:36
@!!status:trivial
@!!prover:tlapm
@!!already:false
@!!END

@!!BEGIN
@!!type:obligation
@!!id:814
@!!loc:643:38:643:42
@!!status:trivial
@!!prover:tlapm
@!!already:false
@!!END

@!!BEGIN
@!!type:obligation
@!!id:816
@!!loc:644:45:644:49
@!!status:trivial
@!!prover:tlapm
@!!already:false
@!!END

@!!BEGIN
@!!type:obligation
@!!id:817
@!!loc:644:51:644:55
@!!status:trivial
@!!prover:tlapm
@!!already:false
@!!END

@!!BEGIN
@!!type:obligation
@!!id:815
@!!loc:644:42:644:44
@!!status:proved
@!!prover:smt
@!!meth:time-limit: 60; time-used: 3.6 (6%)
@!!already:false
@!!END

@!!BEGIN
@!!type:obligation
@!!id:819
@!!loc:645:20:645:24
@!!status:trivial
@!!prover:tlapm
@!!already:false
@!!END

@!!BEGIN
@!!type:obligation
@!!id:820
@!!loc:645:26:645:30
@!!status:trivial
@!!prover:tlapm
@!!already:false
@!!END

@!!BEGIN
@!!type:obligation
@!!id:821
@!!loc:645:32:645:36
@!!status:trivial
@!!prover:tlapm
@!!already:false
@!!END

@!!BEGIN
@!!type:obligation
@!!id:822
@!!loc:645:38:645:42
@!!status:trivial
@!!prover:tlapm
@!!already:false
@!!END

@!!BEGIN
@!!type:obligation
@!!id:818
@!!loc:645:17:645:19
@!!status:proved
@!!prover:smt
@!!meth:time-limit: 60; time-used: 3.5 (6%)
@!!already:false
@!!END

@!!BEGIN
@!!type:obligation
@!!id:823
@!!loc:645:44:645:55
@!!status:trivial
@!!prover:tlapm
@!!already:false
@!!END

@!!BEGIN
@!!type:obligation
@!!id:825
@!!loc:646:21:646:25
@!!status:trivial
@!!prover:tlapm
@!!already:false
@!!END

@!!BEGIN
@!!type:obligation
@!!id:826
@!!loc:646:27:646:31
@!!status:trivial
@!!prover:tlapm
@!!already:false
@!!END

@!!BEGIN
@!!type:obligation
@!!id:827
@!!loc:646:33:646:37
@!!status:trivial
@!!prover:tlapm
@!!already:false
@!!END

@!!BEGIN
@!!type:obligation
@!!id:828
@!!loc:646:39:646:43
@!!status:trivial
@!!prover:tlapm
@!!already:false
@!!END

@!!BEGIN
@!!type:obligation
@!!id:824
@!!loc:646:18:646:20
@!!status:proved
@!!prover:smt
@!!meth:time-limit: 60; time-used: 3.1 (5%)
@!!already:false
@!!END

@!!BEGIN
@!!type:obligation
@!!id:829
@!!loc:646:45:646:49
@!!status:trivial
@!!prover:tlapm
@!!already:false
@!!END

@!!BEGIN
@!!type:obligation
@!!id:830
@!!loc:646:51:646:55
@!!status:trivial
@!!prover:tlapm
@!!already:false
@!!END

@!!BEGIN
@!!type:obligation
@!!id:831
@!!loc:646:57:646:61
@!!status:trivial
@!!prover:tlapm
@!!already:false
@!!END

@!!BEGIN
@!!type:obligation
@!!id:832
@!!loc:646:63:646:67
@!!status:trivial
@!!prover:tlapm
@!!already:false
@!!END

@!!BEGIN
@!!type:obligation
@!!id:834
@!!loc:647:53:647:57
@!!status:trivial
@!!prover:tlapm
@!!already:false
@!!END

@!!BEGIN
@!!type:obligation
@!!id:835
@!!loc:647:59:647:63
@!!status:trivial
@!!prover:tlapm
@!!already:false
@!!END

@!!BEGIN
@!!type:obligation
@!!id:836
@!!loc:647:65:647:69
@!!status:trivial
@!!prover:tlapm
@!!already:false
@!!END

@!!BEGIN
@!!type:obligation
@!!id:833
@!!loc:647:50:647:52
@!!status:proved
@!!prover:smt
@!!meth:time-limit: 60; time-used: 3.2 (5%)
@!!already:false
@!!END

@!!BEGIN
@!!type:obligation
@!!id:837
@!!loc:647:71:647:75
@!!status:trivial
@!!prover:tlapm
@!!already:false
@!!END

@!!BEGIN
@!!type:obligation
@!!id:838
@!!loc:647:77:647:81
@!!status:trivial
@!!prover:tlapm
@!!already:false
@!!END

@!!BEGIN
@!!type:obligation
@!!id:839
@!!loc:647:83:647:87
@!!status:trivial
@!!prover:tlapm
@!!already:false
@!!END

@!!BEGIN
@!!type:obligation
@!!id:841
@!!loc:658:17:658:21
@!!status:trivial
@!!prover:tlapm
@!!already:false
@!!END

@!!BEGIN
@!!type:obligation
@!!id:842
@!!loc:658:23:658:27
@!!status:trivial
@!!prover:tlapm
@!!already:false
@!!END

@!!BEGIN
@!!type:obligation
@!!id:843
@!!loc:658:29:658:33
@!!status:trivial
@!!prover:tlapm
@!!already:false
@!!END

@!!BEGIN
@!!type:obligation
@!!id:840
@!!loc:658:14:658:16
@!!status:proved
@!!prover:smt
@!!meth:time-limit: 60; time-used: 40.2 (67%)
@!!already:false
@!!END

@!!BEGIN
@!!type:obligation
@!!id:845
@!!loc:651:10:651:14
@!!status:trivial
@!!prover:tlapm
@!!already:false
@!!END

@!!BEGIN
@!!type:obligation
@!!id:846
@!!loc:651:16:651:20
@!!status:trivial
@!!prover:tlapm
@!!already:false
@!!END

@!!BEGIN
@!!type:obligation
@!!id:847
@!!loc:651:22:651:26
@!!status:trivial
@!!prover:tlapm
@!!already:false
@!!END

@!!BEGIN
@!!type:obligation
@!!id:848
@!!loc:651:28:651:32
@!!status:trivial
@!!prover:tlapm
@!!already:false
@!!END

@!!BEGIN
@!!type:obligation
@!!id:844
@!!loc:651:7:651:9
@!!status:proved
@!!prover:smt
@!!meth:time-limit: 60; time-used: 3.0 (5%)
@!!already:false
@!!END

@!!BEGIN
@!!type:obligation
@!!id:849
@!!loc:651:34:651:46
@!!status:trivial
@!!prover:tlapm
@!!already:false
@!!END

@!!BEGIN
@!!type:obligation
@!!id:851
@!!loc:653:10:653:14
@!!status:trivial
@!!prover:tlapm
@!!already:false
@!!END

@!!BEGIN
@!!type:obligation
@!!id:852
@!!loc:653:16:653:20
@!!status:trivial
@!!prover:tlapm
@!!already:false
@!!END

@!!BEGIN
@!!type:obligation
@!!id:853
@!!loc:653:22:653:26
@!!status:trivial
@!!prover:tlapm
@!!already:false
@!!END

@!!BEGIN
@!!type:obligation
@!!id:854
@!!loc:653:28:653:32
@!!status:trivial
@!!prover:tlapm
@!!already:false
@!!END

@!!BEGIN
@!!type:obligation
@!!id:850
@!!loc:653:7:653:9
@!!status:proved
@!!prover:smt
@!!meth:time-limit: 60; time-used: 3.2 (5%)
@!!already:false
@!!END

@!!BEGIN
@!!type:obligation
@!!id:855
@!!loc:653:34:653:46
@!!status:trivial
@!!prover:tlapm
@!!already:false
@!!END

@!!BEGIN
@!!type:obligation
@!!id:856
@!!loc:657:7:657:9
@!!status:proved
@!!prover:smt
@!!meth:time-limit: 60; time-used: 3.3 (6%)
@!!already:false
@!!END

@!!BEGIN
@!!type:obligation
@!!id:858
@!!loc:660:8:660:12
@!!status:trivial
@!!prover:tlapm
@!!already:false
@!!END

@!!BEGIN
@!!type:obligation
@!!id:859
@!!loc:660:14:660:18
@!!status:trivial
@!!prover:tlapm
@!!already:false
@!!END

@!!BEGIN
@!!type:obligation
@!!id:860
@!!loc:660:20:660:24
@!!status:trivial
@!!prover:tlapm
@!!already:false
@!!END

@!!BEGIN
@!!type:obligation
@!!id:857
@!!loc:660:5:660:7
@!!status:proved
@!!prover:smt
@!!meth:time-limit: 60; time-used: 5.0 (8%)
@!!already:false
@!!END

@!!BEGIN
@!!type:obligation
@!!id:862
@!!loc:661:21:661:25
@!!status:trivial
@!!prover:tlapm
@!!already:false
@!!END

@!!BEGIN
@!!type:obligation
@!!id:863
@!!loc:661:27:661:31
@!!status:trivial
@!!prover:tlapm
@!!already:false
@!!END

@!!BEGIN
@!!type:obligation
@!!id:864
@!!loc:661:33:661:38
@!!status:trivial
@!!prover:tlapm
@!!already:false
@!!END

@!!BEGIN
@!!type:obligation
@!!id:865
@!!loc:661:40:661:46
@!!status:trivial
@!!prover:tlapm
@!!already:false
@!!END

@!!BEGIN
@!!type:obligation
@!!id:866
@!!loc:661:48:661:59
@!!status:trivial
@!!prover:tlapm
@!!already:false
@!!END

@!!BEGIN
@!!type:obligation
@!!id:867
@!!loc:695:10:695:12
@!!status:proved
@!!prover:smt
@!!meth:time-limit: 60
@!!already:true
@!!END

@!!BEGIN
@!!type:obligation
@!!id:868
@!!loc:695:13:695:17
@!!status:trivial
@!!prover:tlapm
@!!already:false
@!!END

@!!BEGIN
@!!type:obligation
@!!id:869
@!!loc:695:19:695:23
@!!status:trivial
@!!prover:tlapm
@!!already:false
@!!END

@!!BEGIN
@!!type:obligation
@!!id:861
@!!loc:661:18:661:20
@!!status:proved
@!!prover:smt
@!!meth:time-limit: 60; time-used: 3.5 (6%)
@!!already:false
@!!END

@!!BEGIN
@!!type:obligation
@!!id:870
@!!loc:695:25:695:30
@!!status:trivial
@!!prover:tlapm
@!!already:false
@!!END

@!!BEGIN
@!!type:obligation
@!!id:871
@!!loc:671:14:671:16
@!!status:proved
@!!prover:smt
@!!meth:time-limit: 60
@!!already:true
@!!END

@!!BEGIN
@!!type:obligation
@!!id:872
@!!loc:672:44:672:46
@!!status:proved
@!!prover:smt
@!!meth:time-limit: 60
@!!already:true
@!!END

@!!BEGIN
@!!type:obligation
@!!id:873
@!!loc:673:14:673:16
@!!status:proved
@!!prover:smt
@!!meth:time-limit: 60
@!!already:true
@!!END

@!!BEGIN
@!!type:obligation
@!!id:874
@!!loc:674:23:674:25
@!!status:proved
@!!prover:smt
@!!meth:time-limit: 60
@!!already:true
@!!END

@!!BEGIN
@!!type:obligation
@!!id:875
@!!loc:674:26:674:30
@!!status:trivial
@!!prover:tlapm
@!!already:false
@!!END

@!!BEGIN
@!!type:obligation
@!!id:876
@!!loc:675:80:675:82
@!!status:proved
@!!prover:smt
@!!meth:time-limit: 60
@!!already:true
@!!END

@!!BEGIN
@!!type:obligation
@!!id:877
@!!loc:675:83:675:87
@!!status:trivial
@!!prover:tlapm
@!!already:false
@!!END

@!!BEGIN
@!!type:obligation
@!!id:879
@!!loc:681:12:681:19
@!!status:proved
@!!prover:smt
@!!meth:time-limit: 60
@!!already:true
@!!END

@!!BEGIN
@!!type:obligation
@!!id:878
@!!loc:680:3:680:5
@!!status:proved
@!!prover:smt
@!!meth:time-limit: 60; time-used: 34.4 (57%)
@!!already:false
@!!END

@!!BEGIN
@!!type:obligation
@!!id:881
@!!loc:682:34:682:38
@!!status:trivial
@!!prover:tlapm
@!!already:false
@!!END

@!!BEGIN
@!!type:obligation
@!!id:882
@!!loc:682:40:682:44
@!!status:trivial
@!!prover:tlapm
@!!already:false
@!!END

@!!BEGIN
@!!type:obligation
@!!id:883
@!!loc:682:46:682:58
@!!status:trivial
@!!prover:tlapm
@!!already:false
@!!END

@!!BEGIN
@!!type:obligation
@!!id:880
@!!loc:682:31:682:33
@!!status:proved
@!!prover:smt
@!!meth:time-limit: 60; time-used: 3.6 (6%)
@!!already:false
@!!END

@!!BEGIN
@!!type:obligation
@!!id:885
@!!loc:684:6:684:10
@!!status:trivial
@!!prover:tlapm
@!!already:false
@!!END

@!!BEGIN
@!!type:obligation
@!!id:886
@!!loc:684:12:684:16
@!!status:trivial
@!!prover:tlapm
@!!already:false
@!!END

@!!BEGIN
@!!type:obligation
@!!id:887
@!!loc:684:18:684:22
@!!status:trivial
@!!prover:tlapm
@!!already:false
@!!END

@!!BEGIN
@!!type:obligation
@!!id:888
@!!loc:684:24:684:32
@!!status:trivial
@!!prover:tlapm
@!!already:false
@!!END

@!!BEGIN
@!!type:obligation
@!!id:884
@!!loc:684:3:684:5
@!!status:proved
@!!prover:smt
@!!meth:time-limit: 60; time-used: 6.2 (10%)
@!!already:false
@!!END

@!!BEGIN
@!!type:obligation
@!!id:890
@!!loc:685:18:685:22
@!!status:trivial
@!!prover:tlapm
@!!already:false
@!!END

@!!BEGIN
@!!type:obligation
@!!id:891
@!!loc:685:24:685:28
@!!status:trivial
@!!prover:tlapm
@!!already:false
@!!END

@!!BEGIN
@!!type:obligation
@!!id:892
@!!loc:685:30:685:34
@!!status:trivial
@!!prover:tlapm
@!!already:false
@!!END

@!!BEGIN
@!!type:obligation
@!!id:893
@!!loc:685:36:685:40
@!!status:trivial
@!!prover:tlapm
@!!already:false
@!!END

@!!BEGIN
@!!type:obligation
@!!id:894
@!!loc:685:42:685:53
@!!status:trivial
@!!prover:tlapm
@!!already:false
@!!END

@!!BEGIN
@!!type:obligation
@!!id:889
@!!loc:685:15:685:17
@!!status:proved
@!!prover:smt
@!!meth:time-limit: 60; time-used: 3.4 (6%)
@!!already:false
@!!END

@!!BEGIN
@!!type:obligation
@!!id:896
@!!loc:686:18:686:22
@!!status:trivial
@!!prover:tlapm
@!!already:false
@!!END

@!!BEGIN
@!!type:obligation
@!!id:897
@!!loc:686:24:686:28
@!!status:trivial
@!!prover:tlapm
@!!already:false
@!!END

@!!BEGIN
@!!type:obligation
@!!id:898
@!!loc:686:30:686:34
@!!status:trivial
@!!prover:tlapm
@!!already:false
@!!END

@!!BEGIN
@!!type:obligation
@!!id:899
@!!loc:686:36:686:40
@!!status:trivial
@!!prover:tlapm
@!!already:false
@!!END

@!!BEGIN
@!!type:obligation
@!!id:895
@!!loc:686:15:686:17
@!!status:proved
@!!prover:smt
@!!meth:time-limit: 60; time-used: 3.2 (5%)
@!!already:false
@!!END

@!!BEGIN
@!!type:obligation
@!!id:900
@!!loc:686:42:686:46
@!!status:trivial
@!!prover:tlapm
@!!already:false
@!!END

@!!BEGIN
@!!type:obligation
@!!id:902
@!!loc:687:50:687:54
@!!status:trivial
@!!prover:tlapm
@!!already:false
@!!END

@!!BEGIN
@!!type:obligation
@!!id:903
@!!loc:687:56:687:60
@!!status:trivial
@!!prover:tlapm
@!!already:false
@!!END

@!!BEGIN
@!!type:obligation
@!!id:904
@!!loc:687:62:687:66
@!!status:trivial
@!!prover:tlapm
@!!already:false
@!!END

@!!BEGIN
@!!type:obligation
@!!id:905
@!!loc:687:68:687:72
@!!status:trivial
@!!prover:tlapm
@!!already:false
@!!END

@!!BEGIN
@!!type:obligation
@!!id:901
@!!loc:687:47:687:49
@!!status:proved
@!!prover:smt
@!!meth:time-limit: 60; time-used: 3.5 (6%)
@!!already:false
@!!END

@!!BEGIN
@!!type:obligation
@!!id:907
@!!loc:689:6:689:10
@!!status:trivial
@!!prover:tlapm
@!!already:false
@!!END

@!!BEGIN
@!!type:obligation
@!!id:908
@!!loc:689:12:689:16
@!!status:trivial
@!!prover:tlapm
@!!already:false
@!!END

@!!BEGIN
@!!type:obligation
@!!id:909
@!!loc:689:18:689:22
@!!status:trivial
@!!prover:tlapm
@!!already:false
@!!END

@!!BEGIN
@!!type:obligation
@!!id:910
@!!loc:689:24:689:28
@!!status:trivial
@!!prover:tlapm
@!!already:false
@!!END

@!!BEGIN
@!!type:obligation
@!!id:906
@!!loc:689:3:689:5
@!!status:proved
@!!prover:smt
@!!meth:time-limit: 60; time-used: 3.9 (6%)
@!!already:false
@!!END

@!!BEGIN
@!!type:obligation
@!!id:911
@!!loc:689:30:689:42
@!!status:trivial
@!!prover:tlapm
@!!already:false
@!!END

@!!BEGIN
@!!type:obligation
@!!id:913
@!!loc:691:6:691:10
@!!status:trivial
@!!prover:tlapm
@!!already:false
@!!END

@!!BEGIN
@!!type:obligation
@!!id:914
@!!loc:691:12:691:16
@!!status:trivial
@!!prover:tlapm
@!!already:false
@!!END

@!!BEGIN
@!!type:obligation
@!!id:915
@!!loc:691:18:691:22
@!!status:trivial
@!!prover:tlapm
@!!already:false
@!!END

@!!BEGIN
@!!type:obligation
@!!id:916
@!!loc:691:24:691:28
@!!status:trivial
@!!prover:tlapm
@!!already:false
@!!END

@!!BEGIN
@!!type:obligation
@!!id:912
@!!loc:691:3:691:5
@!!status:proved
@!!prover:smt
@!!meth:time-limit: 60; time-used: 3.6 (6%)
@!!already:false
@!!END

@!!BEGIN
@!!type:obligation
@!!id:917
@!!loc:691:30:691:42
@!!status:trivial
@!!prover:tlapm
@!!already:false
@!!END

@!!BEGIN
@!!type:obligation
@!!id:919
@!!loc:693:6:693:10
@!!status:trivial
@!!prover:tlapm
@!!already:false
@!!END

@!!BEGIN
@!!type:obligation
@!!id:920
@!!loc:693:12:693:16
@!!status:trivial
@!!prover:tlapm
@!!already:false
@!!END

@!!BEGIN
@!!type:obligation
@!!id:921
@!!loc:693:18:693:22
@!!status:trivial
@!!prover:tlapm
@!!already:false
@!!END

@!!BEGIN
@!!type:obligation
@!!id:922
@!!loc:694:16:694:18
@!!status:proved
@!!prover:smt
@!!meth:time-limit: 60
@!!already:true
@!!END

@!!BEGIN
@!!type:obligation
@!!id:923
@!!loc:694:19:694:23
@!!status:trivial
@!!prover:tlapm
@!!already:false
@!!END

@!!BEGIN
@!!type:obligation
@!!id:924
@!!loc:694:25:694:29
@!!status:trivial
@!!prover:tlapm
@!!already:false
@!!END

@!!BEGIN
@!!type:obligation
@!!id:918
@!!loc:693:3:693:5
@!!status:proved
@!!prover:smt
@!!meth:time-limit: 60; time-used: 3.4 (6%)
@!!already:false
@!!END

@!!BEGIN
@!!type:obligation
@!!id:925
@!!loc:694:31:694:35
@!!status:trivial
@!!prover:tlapm
@!!already:false
@!!END

@!!BEGIN
@!!type:obligation
@!!id:926
@!!loc:694:37:694:41
@!!status:trivial
@!!prover:tlapm
@!!already:false
@!!END

@!!BEGIN
@!!type:obligation
@!!id:927
@!!loc:694:43:694:48
@!!status:trivial
@!!prover:tlapm
@!!already:false
@!!END

@!!BEGIN
@!!type:obligation
@!!id:928
@!!loc:694:50:694:61
@!!status:trivial
@!!prover:tlapm
@!!already:false
@!!END

@!!BEGIN
@!!type:obligation
@!!id:929
@!!loc:724:10:724:12
@!!status:proved
@!!prover:smt
@!!meth:time-limit: 60
@!!already:true
@!!END

@!!BEGIN
@!!type:obligation
@!!id:930
@!!loc:724:13:724:17
@!!status:trivial
@!!prover:tlapm
@!!already:false
@!!END

@!!BEGIN
@!!type:obligation
@!!id:931
@!!loc:724:19:724:23
@!!status:trivial
@!!prover:tlapm
@!!already:false
@!!END

@!!BEGIN
@!!type:obligation
@!!id:932
@!!loc:724:25:724:30
@!!status:trivial
@!!prover:tlapm
@!!already:false
@!!END

@!!BEGIN
@!!type:obligation
@!!id:933
@!!loc:700:14:700:16
@!!status:proved
@!!prover:smt
@!!meth:time-limit: 60
@!!already:true
@!!END

@!!BEGIN
@!!type:obligation
@!!id:934
@!!loc:701:44:701:46
@!!status:proved
@!!prover:smt
@!!meth:time-limit: 60
@!!already:true
@!!END

@!!BEGIN
@!!type:obligation
@!!id:935
@!!loc:702:14:702:16
@!!status:proved
@!!prover:smt
@!!meth:time-limit: 60
@!!already:true
@!!END

@!!BEGIN
@!!type:obligation
@!!id:936
@!!loc:703:23:703:25
@!!status:proved
@!!prover:smt
@!!meth:time-limit: 60
@!!already:true
@!!END

@!!BEGIN
@!!type:obligation
@!!id:937
@!!loc:703:26:703:30
@!!status:trivial
@!!prover:tlapm
@!!already:false
@!!END

@!!BEGIN
@!!type:obligation
@!!id:938
@!!loc:704:80:704:82
@!!status:proved
@!!prover:smt
@!!meth:time-limit: 60
@!!already:true
@!!END

@!!BEGIN
@!!type:obligation
@!!id:939
@!!loc:704:83:704:87
@!!status:trivial
@!!prover:tlapm
@!!already:false
@!!END

@!!BEGIN
@!!type:obligation
@!!id:941
@!!loc:710:12:710:19
@!!status:proved
@!!prover:smt
@!!meth:time-limit: 60
@!!already:true
@!!END

@!!BEGIN
@!!type:obligation
@!!id:940
@!!loc:709:3:709:5
@!!status:proved
@!!prover:smt
@!!meth:time-limit: 60; time-used: 33.7 (56%)
@!!already:false
@!!END

@!!BEGIN
@!!type:obligation
@!!id:943
@!!loc:711:31:711:35
@!!status:trivial
@!!prover:tlapm
@!!already:false
@!!END

@!!BEGIN
@!!type:obligation
@!!id:944
@!!loc:711:37:711:41
@!!status:trivial
@!!prover:tlapm
@!!already:false
@!!END

@!!BEGIN
@!!type:obligation
@!!id:945
@!!loc:711:43:711:55
@!!status:trivial
@!!prover:tlapm
@!!already:false
@!!END

@!!BEGIN
@!!type:obligation
@!!id:942
@!!loc:711:28:711:30
@!!status:proved
@!!prover:smt
@!!meth:time-limit: 60; time-used: 3.3 (5%)
@!!already:false
@!!END

@!!BEGIN
@!!type:obligation
@!!id:947
@!!loc:713:6:713:10
@!!status:trivial
@!!prover:tlapm
@!!already:false
@!!END

@!!BEGIN
@!!type:obligation
@!!id:948
@!!loc:713:12:713:16
@!!status:trivial
@!!prover:tlapm
@!!already:false
@!!END

@!!BEGIN
@!!type:obligation
@!!id:949
@!!loc:713:18:713:22
@!!status:trivial
@!!prover:tlapm
@!!already:false
@!!END

@!!BEGIN
@!!type:obligation
@!!id:950
@!!loc:713:24:713:32
@!!status:trivial
@!!prover:tlapm
@!!already:false
@!!END

@!!BEGIN
@!!type:obligation
@!!id:946
@!!loc:713:3:713:5
@!!status:proved
@!!prover:smt
@!!meth:time-limit: 60; time-used: 6.5 (11%)
@!!already:false
@!!END

@!!BEGIN
@!!type:obligation
@!!id:952
@!!loc:714:18:714:22
@!!status:trivial
@!!prover:tlapm
@!!already:false
@!!END

@!!BEGIN
@!!type:obligation
@!!id:953
@!!loc:714:24:714:28
@!!status:trivial
@!!prover:tlapm
@!!already:false
@!!END

@!!BEGIN
@!!type:obligation
@!!id:954
@!!loc:714:30:714:34
@!!status:trivial
@!!prover:tlapm
@!!already:false
@!!END

@!!BEGIN
@!!type:obligation
@!!id:955
@!!loc:714:36:714:40
@!!status:trivial
@!!prover:tlapm
@!!already:false
@!!END

@!!BEGIN
@!!type:obligation
@!!id:951
@!!loc:714:15:714:17
@!!status:proved
@!!prover:smt
@!!meth:time-limit: 60; time-used: 3.6 (6%)
@!!already:false
@!!END

@!!BEGIN
@!!type:obligation
@!!id:956
@!!loc:714:42:714:53
@!!status:trivial
@!!prover:tlapm
@!!already:false
@!!END

@!!BEGIN
@!!type:obligation
@!!id:958
@!!loc:715:18:715:22
@!!status:trivial
@!!prover:tlapm
@!!already:false
@!!END

@!!BEGIN
@!!type:obligation
@!!id:959
@!!loc:715:24:715:28
@!!status:trivial
@!!prover:tlapm
@!!already:false
@!!END

@!!BEGIN
@!!type:obligation
@!!id:960
@!!loc:715:30:715:34
@!!status:trivial
@!!prover:tlapm
@!!already:false
@!!END

@!!BEGIN
@!!type:obligation
@!!id:961
@!!loc:715:36:715:40
@!!status:trivial
@!!prover:tlapm
@!!already:false
@!!END

@!!BEGIN
@!!type:obligation
@!!id:962
@!!loc:715:42:715:46
@!!status:trivial
@!!prover:tlapm
@!!already:false
@!!END

@!!BEGIN
@!!type:obligation
@!!id:957
@!!loc:715:15:715:17
@!!status:proved
@!!prover:smt
@!!meth:time-limit: 60; time-used: 3.3 (6%)
@!!already:false
@!!END

@!!BEGIN
@!!type:obligation
@!!id:964
@!!loc:716:50:716:54
@!!status:trivial
@!!prover:tlapm
@!!already:false
@!!END

@!!BEGIN
@!!type:obligation
@!!id:965
@!!loc:716:56:716:60
@!!status:trivial
@!!prover:tlapm
@!!already:false
@!!END

@!!BEGIN
@!!type:obligation
@!!id:966
@!!loc:716:62:716:66
@!!status:trivial
@!!prover:tlapm
@!!already:false
@!!END

@!!BEGIN
@!!type:obligation
@!!id:963
@!!loc:716:47:716:49
@!!status:proved
@!!prover:smt
@!!meth:time-limit: 60; time-used: 3.4 (6%)
@!!already:false
@!!END

@!!BEGIN
@!!type:obligation
@!!id:967
@!!loc:716:68:716:72
@!!status:trivial
@!!prover:tlapm
@!!already:false
@!!END

@!!BEGIN
@!!type:obligation
@!!id:969
@!!loc:718:6:718:10
@!!status:trivial
@!!prover:tlapm
@!!already:false
@!!END

@!!BEGIN
@!!type:obligation
@!!id:970
@!!loc:718:12:718:16
@!!status:trivial
@!!prover:tlapm
@!!already:false
@!!END

@!!BEGIN
@!!type:obligation
@!!id:971
@!!loc:718:18:718:22
@!!status:trivial
@!!prover:tlapm
@!!already:false
@!!END

@!!BEGIN
@!!type:obligation
@!!id:972
@!!loc:718:24:718:28
@!!status:trivial
@!!prover:tlapm
@!!already:false
@!!END

@!!BEGIN
@!!type:obligation
@!!id:973
@!!loc:718:30:718:42
@!!status:trivial
@!!prover:tlapm
@!!already:false
@!!END

@!!BEGIN
@!!type:obligation
@!!id:968
@!!loc:718:3:718:5
@!!status:proved
@!!prover:smt
@!!meth:time-limit: 60; time-used: 3.9 (7%)
@!!already:false
@!!END

@!!BEGIN
@!!type:obligation
@!!id:975
@!!loc:720:6:720:10
@!!status:trivial
@!!prover:tlapm
@!!already:false
@!!END

@!!BEGIN
@!!type:obligation
@!!id:976
@!!loc:720:12:720:16
@!!status:trivial
@!!prover:tlapm
@!!already:false
@!!END

@!!BEGIN
@!!type:obligation
@!!id:977
@!!loc:720:18:720:22
@!!status:trivial
@!!prover:tlapm
@!!already:false
@!!END

@!!BEGIN
@!!type:obligation
@!!id:978
@!!loc:720:24:720:28
@!!status:trivial
@!!prover:tlapm
@!!already:false
@!!END

@!!BEGIN
@!!type:obligation
@!!id:979
@!!loc:720:30:720:42
@!!status:trivial
@!!prover:tlapm
@!!already:false
@!!END

@!!BEGIN
@!!type:obligation
@!!id:974
@!!loc:720:3:720:5
@!!status:proved
@!!prover:smt
@!!meth:time-limit: 60; time-used: 3.8 (6%)
@!!already:false
@!!END

@!!BEGIN
@!!type:obligation
@!!id:981
@!!loc:722:6:722:10
@!!status:trivial
@!!prover:tlapm
@!!already:false
@!!END

@!!BEGIN
@!!type:obligation
@!!id:982
@!!loc:722:12:722:16
@!!status:trivial
@!!prover:tlapm
@!!already:false
@!!END

@!!BEGIN
@!!type:obligation
@!!id:983
@!!loc:722:18:722:22
@!!status:trivial
@!!prover:tlapm
@!!already:false
@!!END

@!!BEGIN
@!!type:obligation
@!!id:984
@!!loc:723:16:723:18
@!!status:proved
@!!prover:smt
@!!meth:time-limit: 60
@!!already:true
@!!END

@!!BEGIN
@!!type:obligation
@!!id:980
@!!loc:722:3:722:5
@!!status:proved
@!!prover:smt
@!!meth:time-limit: 60; time-used: 3.1 (5%)
@!!already:false
@!!END

@!!BEGIN
@!!type:obligation
@!!id:985
@!!loc:723:19:723:23
@!!status:trivial
@!!prover:tlapm
@!!already:false
@!!END

@!!BEGIN
@!!type:obligation
@!!id:986
@!!loc:723:25:723:29
@!!status:trivial
@!!prover:tlapm
@!!already:false
@!!END

@!!BEGIN
@!!type:obligation
@!!id:987
@!!loc:723:31:723:35
@!!status:trivial
@!!prover:tlapm
@!!already:false
@!!END

@!!BEGIN
@!!type:obligation
@!!id:988
@!!loc:723:37:723:41
@!!status:trivial
@!!prover:tlapm
@!!already:false
@!!END

@!!BEGIN
@!!type:obligation
@!!id:989
@!!loc:723:43:723:48
@!!status:trivial
@!!prover:tlapm
@!!already:false
@!!END

@!!BEGIN
@!!type:obligation
@!!id:990
@!!loc:723:50:723:61
@!!status:trivial
@!!prover:tlapm
@!!already:false
@!!END

@!!BEGIN
@!!type:obligation
@!!id:991
@!!loc:752:10:752:12
@!!status:proved
@!!prover:smt
@!!meth:time-limit: 60
@!!already:true
@!!END

@!!BEGIN
@!!type:obligation
@!!id:992
@!!loc:752:13:752:17
@!!status:trivial
@!!prover:tlapm
@!!already:false
@!!END

@!!BEGIN
@!!type:obligation
@!!id:993
@!!loc:752:19:752:23
@!!status:trivial
@!!prover:tlapm
@!!already:false
@!!END

@!!BEGIN
@!!type:obligation
@!!id:994
@!!loc:752:25:752:30
@!!status:trivial
@!!prover:tlapm
@!!already:false
@!!END

@!!BEGIN
@!!type:obligation
@!!id:995
@!!loc:729:14:729:16
@!!status:proved
@!!prover:smt
@!!meth:time-limit: 60
@!!already:true
@!!END

@!!BEGIN
@!!type:obligation
@!!id:996
@!!loc:730:44:730:46
@!!status:proved
@!!prover:smt
@!!meth:time-limit: 60
@!!already:true
@!!END

@!!BEGIN
@!!type:obligation
@!!id:997
@!!loc:731:14:731:16
@!!status:proved
@!!prover:smt
@!!meth:time-limit: 60
@!!already:true
@!!END

@!!BEGIN
@!!type:obligation
@!!id:998
@!!loc:732:23:732:25
@!!status:proved
@!!prover:smt
@!!meth:time-limit: 60
@!!already:true
@!!END

@!!BEGIN
@!!type:obligation
@!!id:999
@!!loc:732:26:732:30
@!!status:trivial
@!!prover:tlapm
@!!already:false
@!!END

@!!BEGIN
@!!type:obligation
@!!id:1000
@!!loc:733:80:733:82
@!!status:proved
@!!prover:smt
@!!meth:time-limit: 60
@!!already:true
@!!END

@!!BEGIN
@!!type:obligation
@!!id:1001
@!!loc:733:83:733:87
@!!status:trivial
@!!prover:tlapm
@!!already:false
@!!END

@!!BEGIN
@!!type:obligation
@!!id:1003
@!!loc:738:12:738:19
@!!status:proved
@!!prover:smt
@!!meth:time-limit: 60
@!!already:true
@!!END

@!!BEGIN
@!!type:obligation
@!!id:1002
@!!loc:737:3:737:5
@!!status:proved
@!!prover:smt
@!!meth:time-limit: 60; time-used: 38.6 (64%)
@!!already:false
@!!END

@!!BEGIN
@!!type:obligation
@!!id:1005
@!!loc:739:32:739:36
@!!status:trivial
@!!prover:tlapm
@!!already:false
@!!END

@!!BEGIN
@!!type:obligation
@!!id:1006
@!!loc:739:38:739:42
@!!status:trivial
@!!prover:tlapm
@!!already:false
@!!END

@!!BEGIN
@!!type:obligation
@!!id:1007
@!!loc:739:44:739:56
@!!status:trivial
@!!prover:tlapm
@!!already:false
@!!END

@!!BEGIN
@!!type:obligation
@!!id:1004
@!!loc:739:29:739:31
@!!status:proved
@!!prover:smt
@!!meth:time-limit: 60; time-used: 3.1 (5%)
@!!already:false
@!!END

@!!BEGIN
@!!type:obligation
@!!id:1009
@!!loc:741:6:741:10
@!!status:trivial
@!!prover:tlapm
@!!already:false
@!!END

@!!BEGIN
@!!type:obligation
@!!id:1010
@!!loc:741:12:741:16
@!!status:trivial
@!!prover:tlapm
@!!already:false
@!!END

@!!BEGIN
@!!type:obligation
@!!id:1011
@!!loc:741:18:741:22
@!!status:trivial
@!!prover:tlapm
@!!already:false
@!!END

@!!BEGIN
@!!type:obligation
@!!id:1012
@!!loc:741:24:741:32
@!!status:trivial
@!!prover:tlapm
@!!already:false
@!!END

@!!BEGIN
@!!type:obligation
@!!id:1008
@!!loc:741:3:741:5
@!!status:proved
@!!prover:smt
@!!meth:time-limit: 60; time-used: 4.9 (8%)
@!!already:false
@!!END

@!!BEGIN
@!!type:obligation
@!!id:1014
@!!loc:742:18:742:22
@!!status:trivial
@!!prover:tlapm
@!!already:false
@!!END

@!!BEGIN
@!!type:obligation
@!!id:1015
@!!loc:742:24:742:28
@!!status:trivial
@!!prover:tlapm
@!!already:false
@!!END

@!!BEGIN
@!!type:obligation
@!!id:1016
@!!loc:742:30:742:34
@!!status:trivial
@!!prover:tlapm
@!!already:false
@!!END

@!!BEGIN
@!!type:obligation
@!!id:1017
@!!loc:742:36:742:40
@!!status:trivial
@!!prover:tlapm
@!!already:false
@!!END

@!!BEGIN
@!!type:obligation
@!!id:1018
@!!loc:742:42:742:53
@!!status:trivial
@!!prover:tlapm
@!!already:false
@!!END

@!!BEGIN
@!!type:obligation
@!!id:1013
@!!loc:742:15:742:17
@!!status:proved
@!!prover:smt
@!!meth:time-limit: 60; time-used: 3.6 (6%)
@!!already:false
@!!END

@!!BEGIN
@!!type:obligation
@!!id:1020
@!!loc:743:18:743:22
@!!status:trivial
@!!prover:tlapm
@!!already:false
@!!END

@!!BEGIN
@!!type:obligation
@!!id:1021
@!!loc:743:24:743:28
@!!status:trivial
@!!prover:tlapm
@!!already:false
@!!END

@!!BEGIN
@!!type:obligation
@!!id:1022
@!!loc:743:30:743:34
@!!status:trivial
@!!prover:tlapm
@!!already:false
@!!END

@!!BEGIN
@!!type:obligation
@!!id:1023
@!!loc:743:36:743:40
@!!status:trivial
@!!prover:tlapm
@!!already:false
@!!END

@!!BEGIN
@!!type:obligation
@!!id:1019
@!!loc:743:15:743:17
@!!status:proved
@!!prover:smt
@!!meth:time-limit: 60; time-used: 3.6 (6%)
@!!already:false
@!!END

@!!BEGIN
@!!type:obligation
@!!id:1024
@!!loc:743:42:743:46
@!!status:trivial
@!!prover:tlapm
@!!already:false
@!!END

@!!BEGIN
@!!type:obligation
@!!id:1026
@!!loc:744:50:744:54
@!!status:trivial
@!!prover:tlapm
@!!already:false
@!!END

@!!BEGIN
@!!type:obligation
@!!id:1027
@!!loc:744:56:744:60
@!!status:trivial
@!!prover:tlapm
@!!already:false
@!!END

@!!BEGIN
@!!type:obligation
@!!id:1028
@!!loc:744:62:744:66
@!!status:trivial
@!!prover:tlapm
@!!already:false
@!!END

@!!BEGIN
@!!type:obligation
@!!id:1029
@!!loc:744:68:744:72
@!!status:trivial
@!!prover:tlapm
@!!already:false
@!!END

@!!BEGIN
@!!type:obligation
@!!id:1025
@!!loc:744:47:744:49
@!!status:proved
@!!prover:smt
@!!meth:time-limit: 60; time-used: 44.9 (75%)
@!!already:false
@!!END

@!!BEGIN
@!!type:obligation
@!!id:1031
@!!loc:746:6:746:10
@!!status:trivial
@!!prover:tlapm
@!!already:false
@!!END

@!!BEGIN
@!!type:obligation
@!!id:1032
@!!loc:746:12:746:16
@!!status:trivial
@!!prover:tlapm
@!!already:false
@!!END

@!!BEGIN
@!!type:obligation
@!!id:1033
@!!loc:746:18:746:22
@!!status:trivial
@!!prover:tlapm
@!!already:false
@!!END

@!!BEGIN
@!!type:obligation
@!!id:1034
@!!loc:746:24:746:28
@!!status:trivial
@!!prover:tlapm
@!!already:false
@!!END

@!!BEGIN
@!!type:obligation
@!!id:1035
@!!loc:746:30:746:42
@!!status:trivial
@!!prover:tlapm
@!!already:false
@!!END

@!!BEGIN
@!!type:obligation
@!!id:1030
@!!loc:746:3:746:5
@!!status:proved
@!!prover:smt
@!!meth:time-limit: 60; time-used: 54.1 (90%)
@!!already:false
@!!END

@!!BEGIN
@!!type:obligation
@!!id:1037
@!!loc:748:6:748:10
@!!status:trivial
@!!prover:tlapm
@!!already:false
@!!END

@!!BEGIN
@!!type:obligation
@!!id:1038
@!!loc:748:12:748:16
@!!status:trivial
@!!prover:tlapm
@!!already:false
@!!END

@!!BEGIN
@!!type:obligation
@!!id:1039
@!!loc:748:18:748:22
@!!status:trivial
@!!prover:tlapm
@!!already:false
@!!END

@!!BEGIN
@!!type:obligation
@!!id:1040
@!!loc:748:24:748:28
@!!status:trivial
@!!prover:tlapm
@!!already:false
@!!END

@!!BEGIN
@!!type:obligation
@!!id:1036
@!!loc:748:3:748:5
@!!status:proved
@!!prover:smt
@!!meth:time-limit: 60; time-used: 3.6 (6%)
@!!already:false
@!!END

@!!BEGIN
@!!type:obligation
@!!id:1041
@!!loc:748:30:748:42
@!!status:trivial
@!!prover:tlapm
@!!already:false
@!!END

@!!BEGIN
@!!type:obligation
@!!id:1043
@!!loc:750:6:750:10
@!!status:trivial
@!!prover:tlapm
@!!already:false
@!!END

@!!BEGIN
@!!type:obligation
@!!id:1044
@!!loc:750:12:750:16
@!!status:trivial
@!!prover:tlapm
@!!already:false
@!!END

@!!BEGIN
@!!type:obligation
@!!id:1045
@!!loc:750:18:750:22
@!!status:trivial
@!!prover:tlapm
@!!already:false
@!!END

@!!BEGIN
@!!type:obligation
@!!id:1046
@!!loc:751:16:751:18
@!!status:proved
@!!prover:smt
@!!meth:time-limit: 60
@!!already:true
@!!END

@!!BEGIN
@!!type:obligation
@!!id:1047
@!!loc:751:19:751:23
@!!status:trivial
@!!prover:tlapm
@!!already:false
@!!END

@!!BEGIN
@!!type:obligation
@!!id:1048
@!!loc:751:25:751:29
@!!status:trivial
@!!prover:tlapm
@!!already:false
@!!END

@!!BEGIN
@!!type:obligation
@!!id:1049
@!!loc:751:31:751:35
@!!status:trivial
@!!prover:tlapm
@!!already:false
@!!END

@!!BEGIN
@!!type:obligation
@!!id:1042
@!!loc:750:3:750:5
@!!status:proved
@!!prover:smt
@!!meth:time-limit: 60; time-used: 3.6 (6%)
@!!already:false
@!!END

@!!BEGIN
@!!type:obligation
@!!id:1050
@!!loc:751:37:751:41
@!!status:trivial
@!!prover:tlapm
@!!already:false
@!!END

@!!BEGIN
@!!type:obligation
@!!id:1051
@!!loc:751:43:751:48
@!!status:trivial
@!!prover:tlapm
@!!already:false
@!!END

@!!BEGIN
@!!type:obligation
@!!id:1052
@!!loc:751:50:751:61
@!!status:trivial
@!!prover:tlapm
@!!already:false
@!!END

@!!BEGIN
@!!type:obligation
@!!id:1053
@!!loc:795:10:795:12
@!!status:proved
@!!prover:smt
@!!meth:time-limit: 60
@!!already:true
@!!END

@!!BEGIN
@!!type:obligation
@!!id:1054
@!!loc:795:13:795:18
@!!status:trivial
@!!prover:tlapm
@!!already:false
@!!END

@!!BEGIN
@!!type:obligation
@!!id:1055
@!!loc:795:20:795:25
@!!status:trivial
@!!prover:tlapm
@!!already:false
@!!END

@!!BEGIN
@!!type:obligation
@!!id:1056
@!!loc:795:27:795:32
@!!status:trivial
@!!prover:tlapm
@!!already:false
@!!END

@!!BEGIN
@!!type:obligation
@!!id:1057
@!!loc:757:14:757:16
@!!status:proved
@!!prover:smt
@!!meth:time-limit: 60
@!!already:true
@!!END

@!!BEGIN
@!!type:obligation
@!!id:1058
@!!loc:758:44:758:46
@!!status:proved
@!!prover:smt
@!!meth:time-limit: 60
@!!already:true
@!!END

@!!BEGIN
@!!type:obligation
@!!id:1059
@!!loc:759:14:759:16
@!!status:proved
@!!prover:smt
@!!meth:time-limit: 60
@!!already:true
@!!END

@!!BEGIN
@!!type:obligation
@!!id:1060
@!!loc:760:23:760:25
@!!status:proved
@!!prover:smt
@!!meth:time-limit: 60
@!!already:true
@!!END

@!!BEGIN
@!!type:obligation
@!!id:1061
@!!loc:760:26:760:30
@!!status:trivial
@!!prover:tlapm
@!!already:false
@!!END

@!!BEGIN
@!!type:obligation
@!!id:1062
@!!loc:761:80:761:82
@!!status:proved
@!!prover:smt
@!!meth:time-limit: 60
@!!already:true
@!!END

@!!BEGIN
@!!type:obligation
@!!id:1063
@!!loc:761:83:761:87
@!!status:trivial
@!!prover:tlapm
@!!already:false
@!!END

@!!BEGIN
@!!type:obligation
@!!id:1064
@!!loc:774:3:774:5
@!!status:proved
@!!prover:smt
@!!meth:time-limit: 60; time-used: 33.3 (56%)
@!!already:false
@!!END

@!!BEGIN
@!!type:obligation
@!!id:1066
@!!loc:776:6:776:10
@!!status:trivial
@!!prover:tlapm
@!!already:false
@!!END

@!!BEGIN
@!!type:obligation
@!!id:1067
@!!loc:776:12:776:16
@!!status:trivial
@!!prover:tlapm
@!!already:false
@!!END

@!!BEGIN
@!!type:obligation
@!!id:1068
@!!loc:776:18:776:22
@!!status:trivial
@!!prover:tlapm
@!!already:false
@!!END

@!!BEGIN
@!!type:obligation
@!!id:1069
@!!loc:776:24:776:36
@!!status:trivial
@!!prover:tlapm
@!!already:false
@!!END

@!!BEGIN
@!!type:obligation
@!!id:1065
@!!loc:776:3:776:5
@!!status:proved
@!!prover:smt
@!!meth:time-limit: 60; time-used: 38.8 (65%)
@!!already:false
@!!END

@!!BEGIN
@!!type:obligation
@!!id:1071
@!!loc:778:6:778:10
@!!status:trivial
@!!prover:tlapm
@!!already:false
@!!END

@!!BEGIN
@!!type:obligation
@!!id:1072
@!!loc:778:12:778:16
@!!status:trivial
@!!prover:tlapm
@!!already:false
@!!END

@!!BEGIN
@!!type:obligation
@!!id:1073
@!!loc:778:18:778:22
@!!status:trivial
@!!prover:tlapm
@!!already:false
@!!END

@!!BEGIN
@!!type:obligation
@!!id:1074
@!!loc:778:24:778:28
@!!status:trivial
@!!prover:tlapm
@!!already:false
@!!END

@!!BEGIN
@!!type:obligation
@!!id:1070
@!!loc:778:3:778:5
@!!status:proved
@!!prover:smt
@!!meth:time-limit: 60; time-used: 3.5 (6%)
@!!already:false
@!!END

@!!BEGIN
@!!type:obligation
@!!id:1075
@!!loc:778:30:778:42
@!!status:trivial
@!!prover:tlapm
@!!already:false
@!!END

@!!BEGIN
@!!type:obligation
@!!id:1077
@!!loc:779:46:779:50
@!!status:trivial
@!!prover:tlapm
@!!already:false
@!!END

@!!BEGIN
@!!type:obligation
@!!id:1076
@!!loc:779:43:779:45
@!!status:proved
@!!prover:smt
@!!meth:time-limit: 60; time-used: 36.7 (61%)
@!!already:false
@!!END

@!!BEGIN
@!!type:obligation
@!!id:1079
@!!loc:781:6:781:10
@!!status:trivial
@!!prover:tlapm
@!!already:false
@!!END

@!!BEGIN
@!!type:obligation
@!!id:1080
@!!loc:781:12:781:16
@!!status:trivial
@!!prover:tlapm
@!!already:false
@!!END

@!!BEGIN
@!!type:obligation
@!!id:1081
@!!loc:781:18:781:22
@!!status:trivial
@!!prover:tlapm
@!!already:false
@!!END

@!!BEGIN
@!!type:obligation
@!!id:1082
@!!loc:781:24:781:36
@!!status:trivial
@!!prover:tlapm
@!!already:false
@!!END

WARNING: (5903,54): 'distinct' cannot be used in patterns.
WARNING: (5903,54): 'if' cannot be used in patterns.
@!!BEGIN
@!!type:obligation
@!!id:1078
@!!loc:781:3:781:5
@!!status:being proved
@!!prover:smt
@!!meth:time-limit: 60
@!!obl:
ASSUME NEW CONSTANT Nil,
       NEW CONSTANT Paths,
       NEW CONSTANT Free,
       NEW CONSTANT Writers,
       NEW CONSTANT MaxMint,
       NEW CONSTANT MaxUI,
       NEW CONSTANT MaxRemovals,
       NEW CONSTANT MaxBarriers,
       NEW CONSTANT MaxRestarts,
       NEW CONSTANT MaxSyncs,
       NEW CONSTANT MaxAges,
       NEW CONSTANT MaxCopies,
       NEW CONSTANT CommitSurfacesForeign,
       NEW CONSTANT CommitVerifiesUploads,
       NEW CONSTANT SweepUnderLease,
       NEW CONSTANT CollectorSparesCited,
       NEW CONSTANT CommitRecordsDeleteOverride,
       NEW CONSTANT DeleteWinsPreserved,
       NEW CONSTANT ContentConverges,
       NEW CONSTANT RecheckSkipped,
       NEW CONSTANT CommitAdvanceGuarded,
       NEW CONSTANT RetireAge,
       NEW CONSTANT GatewayIgnoresLease,
       NEW CONSTANT GatewayJudgesRead,
       NEW CONSTANT GatewaySweepGrace,
       NEW CONSTANT RenameAtomic,
       NEW CONSTANT Scopes,
       NEW CONSTANT MaxRescopes,
       NEW CONSTANT ConsumeHonorsScope,
       NEW CONSTANT RescopeUnciteFirst,
       NEW CONSTANT RescopeKeepsDirty,
       NEW CONSTANT WidenKeepsLocal,
       NEW CONSTANT UnlinkChecksBytes,
       NEW CONSTANT MaxFetchFails,
       NEW CONSTANT ConsumeKeepsLeft,
       NEW CONSTANT SyncKeepsLeft,
       NEW CONSTANT Readers,
       NEW CONSTANT ReaderRechecksOwed,
       NEW VARIABLE live,
       NEW VARIABLE minted,
       NEW VARIABLE doc,
       NEW VARIABLE seq,
       NEW VARIABLE tomb,
       NEW VARIABLE base,
       NEW VARIABLE acked,
       NEW VARIABLE conflicts,
       NEW VARIABLE holder,
       NEW VARIABLE nextGen,
       NEW VARIABLE ui,
       NEW VARIABLE reqs,
       NEW VARIABLE barriers,
       NEW VARIABLE w,
       NEW VARIABLE took,
       NEW VARIABLE gw,
       NEW VARIABLE mv,
       NEW VARIABLE udel,
       NEW VARIABLE restarts,
       NEW VARIABLE syncs,
       NEW VARIABLE regressed,
       NEW VARIABLE rescopes,
       NEW VARIABLE fails,
       NEW VARIABLE upped,
       NEW VARIABLE copies,
       NEW VARIABLE orig,
       NEW VARIABLE retiring,
       NEW VARIABLE aged,
       NEW VARIABLE ages,
       NEW VARIABLE rdoc,
       NEW VARIABLE rlag,
       NEW VARIABLE anc,
       IndTypeOK ,
       NEW CONSTANT s \in Writers,
       Install(s) ,
       Frame ,
       /\ live \subseteq Handles /\ minted \subseteq Handles
          /\ live \subseteq minted
       /\ doc \in [Paths -> Handles \cup {Nil}]
       /\ seq \in Nat
       /\ tomb \in [Paths -> Handles \cup {Nil}]
       /\ base \in [Handles -> Handles \cup {Nil}]
       /\ acked \subseteq Paths \X Handles
       /\ conflicts \subseteq Paths \X (Handles \cup {Nil})
       /\ holder \in Writers \cup {"none"}
       /\ nextGen \in Nat /\ ui \in Nat /\ reqs \in Nat /\ barriers \in Nat
       /\ w \in [Writers -> Writer]
       /\ took \in [Writers -> [Paths -> SUBSET Gens]]
       /\ gw \in [Paths -> Handles \cup {Nil}]
       /\ mv \in Paths \X Handles \cup {Nil}
       /\ udel \subseteq Paths \X Handles
       /\ restarts \in Nat /\ syncs \in Nat /\ regressed \in BOOLEAN
          /\ rescopes \in Nat /\ fails \in Nat
       /\ retiring \subseteq Handles /\ aged \subseteq Handles
          /\ ages \in Nat
       /\ rdoc \in [Paths -> Handles \cup {Nil}] /\ rlag \in BOOLEAN
       /\ anc \in [Handles -> SUBSET Handles] ,
       w[s] \in Writer ,
       /\ doc' = InstallInst(s)
       /\ seq' = (IF InstallInst(s) = doc THEN seq ELSE seq + 1)
       /\ tomb'
          = [p \in Paths |->
               IF InstallInst(s)[p] # Nil
                 THEN Nil
                 ELSE IF doc[p] # Nil THEN doc[p] ELSE tomb[p]]
       /\ conflicts'
          = conflicts \cup {<<p, (w[s].snap)[p]>> : p \in w[s].gone}
            \cup {<<p, doc[p]>> :
                    p
                    \in IF CommitSurfacesForeign
                          THEN {p \in
                                  (w[s].uploads \cap w[s].upDone) \ w[s].gone :
                                  Foreign(s, p) /\ doc[p] # Nil}
                          ELSE {}}
            \cup {<<p,
                    IF tomb[p] # Nil THEN tomb[p] ELSE (w[s].baseline)[p]>> :
                    p
                    \in IF CommitRecordsDeleteOverride
                          THEN {p \in
                                  (w[s].uploads \cap w[s].upDone) \ w[s].gone :
                                  Foreign(s, p) /\ doc[p] = Nil
                                  /\ (w[s].baseline)[p] # Nil}
                          ELSE {}}
            \cup {<<p, doc[p]>> :
                    p
                    \in IF DeleteWinsPreserved
                          THEN {p \in w[s].deletes :
                                  Foreign(s, p) /\ doc[p] # Nil}
                          ELSE {}}
       /\ w' = [w EXCEPT ![s] = InstallW(s)]
       /\ UNCHANGED <<live, minted, base, acked, holder, gw, mv, udel,
                      nextGen, ui, reqs, barriers, restarts, syncs,
                      regressed, rescopes, fails, upped, copies, orig>> ,
       ASSUME NEW CONSTANT W \in Writer
       PROVE  /\ W.st \in {"off", "on"}
              /\ W.pc
                 \in {"idle", "consumed", "scanned", "claimed", "cased",
                      "pulling"}
              /\ W.local \in [Paths -> Handles \cup {Nil}]
              /\ W.baseline \in [Paths -> Handles \cup {Nil}]
              /\ W.integrated \subseteq Gens
              /\ W.uploads \subseteq Paths /\ W.deletes \subseteq Paths
              /\ W.snap \in [Paths -> Handles \cup {Nil}]
              /\ W.upDone \subseteq Paths /\ W.gone \subseteq Paths
                 /\ W.verified \in BOOLEAN
              /\ W.inst \in [Paths -> Handles \cup {Nil}]
              /\ W.retire \subseteq Handles
              /\ W.collected \in BOOLEAN /\ W.adv \in BOOLEAN
              /\ W.synced \in Nat /\ W.derived \in Nat
              /\ W.skipped \subseteq Paths /\ W.scope \subseteq Paths
              /\ W.sStage \in {"none", "saved", "mid"}
              /\ W.sTgt \subseteq Paths /\ W.sDrop \subseteq Paths
                 /\ W.sKeep \subseteq Paths
              /\ W.sHeld \in [Paths -> Handles \cup {Nil}]
              /\ W.unlinked \subseteq Paths
              /\ W.memo \in Nat /\ W.rnow \in Nat 
PROVE  conflicts' \subseteq Paths \X (Handles \cup {Nil})

@!!END

@!!BEGIN
@!!type:obligation
@!!id:1084
@!!loc:782:33:782:37
@!!status:trivial
@!!prover:tlapm
@!!already:false
@!!END

@!!BEGIN
@!!type:obligation
@!!id:1085
@!!loc:782:39:782:43
@!!status:trivial
@!!prover:tlapm
@!!already:false
@!!END

@!!BEGIN
@!!type:obligation
@!!id:1086
@!!loc:782:45:782:49
@!!status:trivial
@!!prover:tlapm
@!!already:false
@!!END

@!!BEGIN
@!!type:obligation
@!!id:1087
@!!loc:782:51:782:55
@!!status:trivial
@!!prover:tlapm
@!!already:false
@!!END

@!!BEGIN
@!!type:obligation
@!!id:1088
@!!loc:782:57:782:69
@!!status:trivial
@!!prover:tlapm
@!!already:false
@!!END

@!!BEGIN
@!!type:obligation
@!!id:1083
@!!loc:782:30:782:32
@!!status:proved
@!!prover:smt
@!!meth:time-limit: 60; time-used: 3.2 (5%)
@!!already:false
@!!END

@!!BEGIN
@!!type:obligation
@!!id:1078
@!!loc:781:3:781:5
@!!status:proved
@!!prover:smt
@!!meth:time-limit: 60; time-used: 42.9 (71%)
@!!already:false
@!!END

@!!BEGIN
@!!type:obligation
@!!id:1090
@!!loc:784:6:784:10
@!!status:trivial
@!!prover:tlapm
@!!already:false
@!!END

@!!BEGIN
@!!type:obligation
@!!id:1091
@!!loc:784:12:784:16
@!!status:trivial
@!!prover:tlapm
@!!already:false
@!!END

@!!BEGIN
@!!type:obligation
@!!id:1092
@!!loc:784:18:784:22
@!!status:trivial
@!!prover:tlapm
@!!already:false
@!!END

@!!BEGIN
@!!type:obligation
@!!id:1093
@!!loc:784:24:784:32
@!!status:trivial
@!!prover:tlapm
@!!already:false
@!!END

@!!BEGIN
@!!type:obligation
@!!id:1089
@!!loc:784:3:784:5
@!!status:proved
@!!prover:smt
@!!meth:time-limit: 60; time-used: 5.7 (10%)
@!!already:false
@!!END

@!!BEGIN
@!!type:obligation
@!!id:1095
@!!loc:785:44:785:48
@!!status:trivial
@!!prover:tlapm
@!!already:false
@!!END

@!!BEGIN
@!!type:obligation
@!!id:1096
@!!loc:785:50:785:54
@!!status:trivial
@!!prover:tlapm
@!!already:false
@!!END

@!!BEGIN
@!!type:obligation
@!!id:1097
@!!loc:785:56:785:60
@!!status:trivial
@!!prover:tlapm
@!!already:false
@!!END

@!!BEGIN
@!!type:obligation
@!!id:1094
@!!loc:785:41:785:43
@!!status:proved
@!!prover:smt
@!!meth:time-limit: 60; time-used: 6.7 (11%)
@!!already:false
@!!END

@!!BEGIN
@!!type:obligation
@!!id:1099
@!!loc:786:18:786:22
@!!status:trivial
@!!prover:tlapm
@!!already:false
@!!END

@!!BEGIN
@!!type:obligation
@!!id:1100
@!!loc:786:24:786:28
@!!status:trivial
@!!prover:tlapm
@!!already:false
@!!END

@!!BEGIN
@!!type:obligation
@!!id:1101
@!!loc:786:30:786:34
@!!status:trivial
@!!prover:tlapm
@!!already:false
@!!END

@!!BEGIN
@!!type:obligation
@!!id:1102
@!!loc:786:36:786:40
@!!status:trivial
@!!prover:tlapm
@!!already:false
@!!END

@!!BEGIN
@!!type:obligation
@!!id:1103
@!!loc:786:42:786:53
@!!status:trivial
@!!prover:tlapm
@!!already:false
@!!END

@!!BEGIN
@!!type:obligation
@!!id:1098
@!!loc:786:15:786:17
@!!status:proved
@!!prover:smt
@!!meth:time-limit: 60; time-used: 3.6 (6%)
@!!already:false
@!!END

@!!BEGIN
@!!type:obligation
@!!id:1105
@!!loc:787:19:787:23
@!!status:trivial
@!!prover:tlapm
@!!already:false
@!!END

@!!BEGIN
@!!type:obligation
@!!id:1106
@!!loc:787:25:787:29
@!!status:trivial
@!!prover:tlapm
@!!already:false
@!!END

@!!BEGIN
@!!type:obligation
@!!id:1107
@!!loc:787:31:787:35
@!!status:trivial
@!!prover:tlapm
@!!already:false
@!!END

@!!BEGIN
@!!type:obligation
@!!id:1108
@!!loc:787:37:787:41
@!!status:trivial
@!!prover:tlapm
@!!already:false
@!!END

@!!BEGIN
@!!type:obligation
@!!id:1109
@!!loc:787:43:787:47
@!!status:trivial
@!!prover:tlapm
@!!already:false
@!!END

@!!BEGIN
@!!type:obligation
@!!id:1104
@!!loc:787:16:787:18
@!!status:proved
@!!prover:smt
@!!meth:time-limit: 60; time-used: 3.6 (6%)
@!!already:false
@!!END

@!!BEGIN
@!!type:obligation
@!!id:1110
@!!loc:787:49:787:53
@!!status:trivial
@!!prover:tlapm
@!!already:false
@!!END

@!!BEGIN
@!!type:obligation
@!!id:1111
@!!loc:787:55:787:59
@!!status:trivial
@!!prover:tlapm
@!!already:false
@!!END

@!!BEGIN
@!!type:obligation
@!!id:1113
@!!loc:788:51:788:55
@!!status:trivial
@!!prover:tlapm
@!!already:false
@!!END

@!!BEGIN
@!!type:obligation
@!!id:1114
@!!loc:788:57:788:61
@!!status:trivial
@!!prover:tlapm
@!!already:false
@!!END

@!!BEGIN
@!!type:obligation
@!!id:1112
@!!loc:788:48:788:50
@!!status:proved
@!!prover:smt
@!!meth:time-limit: 60; time-used: 24.5 (41%)
@!!already:false
@!!END

@!!BEGIN
@!!type:obligation
@!!id:1116
@!!loc:791:6:791:10
@!!status:trivial
@!!prover:tlapm
@!!already:false
@!!END

@!!BEGIN
@!!type:obligation
@!!id:1117
@!!loc:791:12:791:16
@!!status:trivial
@!!prover:tlapm
@!!already:false
@!!END

@!!BEGIN
@!!type:obligation
@!!id:1115
@!!loc:791:3:791:5
@!!status:proved
@!!prover:smt
@!!meth:time-limit: 60; time-used: 5.4 (9%)
@!!already:false
@!!END

@!!BEGIN
@!!type:obligation
@!!id:1119
@!!loc:793:6:793:10
@!!status:trivial
@!!prover:tlapm
@!!already:false
@!!END

@!!BEGIN
@!!type:obligation
@!!id:1120
@!!loc:793:12:793:16
@!!status:trivial
@!!prover:tlapm
@!!already:false
@!!END

@!!BEGIN
@!!type:obligation
@!!id:1121
@!!loc:793:18:793:22
@!!status:trivial
@!!prover:tlapm
@!!already:false
@!!END

@!!BEGIN
@!!type:obligation
@!!id:1118
@!!loc:793:3:793:5
@!!status:proved
@!!prover:smt
@!!meth:time-limit: 60; time-used: 3.9 (6%)
@!!already:false
@!!END

@!!BEGIN
@!!type:obligation
@!!id:1123
@!!loc:794:19:794:23
@!!status:trivial
@!!prover:tlapm
@!!already:false
@!!END

@!!BEGIN
@!!type:obligation
@!!id:1124
@!!loc:794:25:794:29
@!!status:trivial
@!!prover:tlapm
@!!already:false
@!!END

@!!BEGIN
@!!type:obligation
@!!id:1125
@!!loc:794:31:794:36
@!!status:trivial
@!!prover:tlapm
@!!already:false
@!!END

@!!BEGIN
@!!type:obligation
@!!id:1126
@!!loc:794:38:794:44
@!!status:trivial
@!!prover:tlapm
@!!already:false
@!!END

@!!BEGIN
@!!type:obligation
@!!id:1127
@!!loc:794:46:794:57
@!!status:trivial
@!!prover:tlapm
@!!already:false
@!!END

@!!BEGIN
@!!type:obligation
@!!id:1122
@!!loc:794:16:794:18
@!!status:proved
@!!prover:smt
@!!meth:time-limit: 60; time-used: 3.1 (5%)
@!!already:false
@!!END

@!!BEGIN
@!!type:obligation
@!!id:1128
@!!loc:821:10:821:12
@!!status:proved
@!!prover:smt
@!!meth:time-limit: 60
@!!already:true
@!!END

@!!BEGIN
@!!type:obligation
@!!id:1129
@!!loc:821:13:821:17
@!!status:trivial
@!!prover:tlapm
@!!already:false
@!!END

@!!BEGIN
@!!type:obligation
@!!id:1130
@!!loc:821:19:821:23
@!!status:trivial
@!!prover:tlapm
@!!already:false
@!!END

@!!BEGIN
@!!type:obligation
@!!id:1131
@!!loc:821:25:821:29
@!!status:trivial
@!!prover:tlapm
@!!already:false
@!!END

@!!BEGIN
@!!type:obligation
@!!id:1132
@!!loc:800:14:800:16
@!!status:proved
@!!prover:smt
@!!meth:time-limit: 60
@!!already:true
@!!END

@!!BEGIN
@!!type:obligation
@!!id:1133
@!!loc:801:44:801:46
@!!status:proved
@!!prover:smt
@!!meth:time-limit: 60
@!!already:true
@!!END

@!!BEGIN
@!!type:obligation
@!!id:1134
@!!loc:802:14:802:16
@!!status:proved
@!!prover:smt
@!!meth:time-limit: 60
@!!already:true
@!!END

@!!BEGIN
@!!type:obligation
@!!id:1135
@!!loc:803:23:803:25
@!!status:proved
@!!prover:smt
@!!meth:time-limit: 60
@!!already:true
@!!END

@!!BEGIN
@!!type:obligation
@!!id:1136
@!!loc:803:26:803:30
@!!status:trivial
@!!prover:tlapm
@!!already:false
@!!END

@!!BEGIN
@!!type:obligation
@!!id:1137
@!!loc:808:3:808:5
@!!status:proved
@!!prover:smt
@!!meth:time-limit: 60; time-used: 34.2 (57%)
@!!already:false
@!!END

@!!BEGIN
@!!type:obligation
@!!id:1139
@!!loc:809:33:809:37
@!!status:trivial
@!!prover:tlapm
@!!already:false
@!!END

@!!BEGIN
@!!type:obligation
@!!id:1140
@!!loc:809:39:809:51
@!!status:trivial
@!!prover:tlapm
@!!already:false
@!!END

@!!BEGIN
@!!type:obligation
@!!id:1142
@!!loc:811:6:811:10
@!!status:trivial
@!!prover:tlapm
@!!already:false
@!!END

@!!BEGIN
@!!type:obligation
@!!id:1141
@!!loc:811:3:811:5
@!!status:proved
@!!prover:smt
@!!meth:time-limit: 60; time-used: 0.6 (1%)
@!!already:false
@!!END

@!!BEGIN
@!!type:obligation
@!!id:1138
@!!loc:809:30:809:32
@!!status:proved
@!!prover:smt
@!!meth:time-limit: 60; time-used: 3.5 (6%)
@!!already:false
@!!END

@!!BEGIN
@!!type:obligation
@!!id:1143
@!!loc:811:12:811:16
@!!status:trivial
@!!prover:tlapm
@!!already:false
@!!END

@!!BEGIN
@!!type:obligation
@!!id:1144
@!!loc:811:18:811:22
@!!status:trivial
@!!prover:tlapm
@!!already:false
@!!END

@!!BEGIN
@!!type:obligation
@!!id:1145
@!!loc:811:24:811:32
@!!status:trivial
@!!prover:tlapm
@!!already:false
@!!END

@!!BEGIN
@!!type:obligation
@!!id:1147
@!!loc:812:18:812:22
@!!status:trivial
@!!prover:tlapm
@!!already:false
@!!END

@!!BEGIN
@!!type:obligation
@!!id:1148
@!!loc:812:24:812:28
@!!status:trivial
@!!prover:tlapm
@!!already:false
@!!END

@!!BEGIN
@!!type:obligation
@!!id:1149
@!!loc:812:30:812:34
@!!status:trivial
@!!prover:tlapm
@!!already:false
@!!END

@!!BEGIN
@!!type:obligation
@!!id:1150
@!!loc:812:36:812:47
@!!status:trivial
@!!prover:tlapm
@!!already:false
@!!END

@!!BEGIN
@!!type:obligation
@!!id:1146
@!!loc:812:15:812:17
@!!status:proved
@!!prover:smt
@!!meth:time-limit: 60; time-used: 3.0 (5%)
@!!already:false
@!!END

@!!BEGIN
@!!type:obligation
@!!id:1152
@!!loc:813:18:813:22
@!!status:trivial
@!!prover:tlapm
@!!already:false
@!!END

@!!BEGIN
@!!type:obligation
@!!id:1153
@!!loc:813:24:813:28
@!!status:trivial
@!!prover:tlapm
@!!already:false
@!!END

@!!BEGIN
@!!type:obligation
@!!id:1154
@!!loc:813:30:813:34
@!!status:trivial
@!!prover:tlapm
@!!already:false
@!!END

@!!BEGIN
@!!type:obligation
@!!id:1155
@!!loc:813:36:813:40
@!!status:trivial
@!!prover:tlapm
@!!already:false
@!!END

@!!BEGIN
@!!type:obligation
@!!id:1151
@!!loc:813:15:813:17
@!!status:proved
@!!prover:smt
@!!meth:time-limit: 60; time-used: 3.5 (6%)
@!!already:false
@!!END

@!!BEGIN
@!!type:obligation
@!!id:1157
@!!loc:814:50:814:54
@!!status:trivial
@!!prover:tlapm
@!!already:false
@!!END

@!!BEGIN
@!!type:obligation
@!!id:1158
@!!loc:814:56:814:60
@!!status:trivial
@!!prover:tlapm
@!!already:false
@!!END

@!!BEGIN
@!!type:obligation
@!!id:1156
@!!loc:814:47:814:49
@!!status:proved
@!!prover:smt
@!!meth:time-limit: 60; time-used: 22.3 (37%)
@!!already:false
@!!END

@!!BEGIN
@!!type:obligation
@!!id:1160
@!!loc:817:6:817:10
@!!status:trivial
@!!prover:tlapm
@!!already:false
@!!END

@!!BEGIN
@!!type:obligation
@!!id:1161
@!!loc:817:12:817:16
@!!status:trivial
@!!prover:tlapm
@!!already:false
@!!END

@!!BEGIN
@!!type:obligation
@!!id:1163
@!!loc:819:6:819:10
@!!status:trivial
@!!prover:tlapm
@!!already:false
@!!END

@!!BEGIN
@!!type:obligation
@!!id:1162
@!!loc:819:3:819:5
@!!status:proved
@!!prover:smt
@!!meth:time-limit: 60; time-used: 0.6 (1%)
@!!already:false
@!!END

@!!BEGIN
@!!type:obligation
@!!id:1159
@!!loc:817:3:817:5
@!!status:proved
@!!prover:smt
@!!meth:time-limit: 60; time-used: 3.4 (6%)
@!!already:false
@!!END

@!!BEGIN
@!!type:obligation
@!!id:1164
@!!loc:819:12:819:16
@!!status:trivial
@!!prover:tlapm
@!!already:false
@!!END

@!!BEGIN
@!!type:obligation
@!!id:1165
@!!loc:820:15:820:17
@!!status:proved
@!!prover:smt
@!!meth:time-limit: 60
@!!already:true
@!!END

@!!BEGIN
@!!type:obligation
@!!id:1166
@!!loc:820:18:820:22
@!!status:trivial
@!!prover:tlapm
@!!already:false
@!!END

@!!BEGIN
@!!type:obligation
@!!id:1167
@!!loc:820:24:820:28
@!!status:trivial
@!!prover:tlapm
@!!already:false
@!!END

@!!BEGIN
@!!type:obligation
@!!id:1168
@!!loc:820:30:820:34
@!!status:trivial
@!!prover:tlapm
@!!already:false
@!!END

@!!BEGIN
@!!type:obligation
@!!id:1169
@!!loc:820:36:820:41
@!!status:trivial
@!!prover:tlapm
@!!already:false
@!!END

@!!BEGIN
@!!type:obligation
@!!id:1170
@!!loc:820:43:820:54
@!!status:trivial
@!!prover:tlapm
@!!already:false
@!!END

@!!BEGIN
@!!type:obligation
@!!id:1172
@!!loc:840:13:840:17
@!!status:trivial
@!!prover:tlapm
@!!already:false
@!!END

@!!BEGIN
@!!type:obligation
@!!id:1173
@!!loc:840:19:840:23
@!!status:trivial
@!!prover:tlapm
@!!already:false
@!!END

@!!BEGIN
@!!type:obligation
@!!id:1174
@!!loc:840:25:840:29
@!!status:trivial
@!!prover:tlapm
@!!already:false
@!!END

@!!BEGIN
@!!type:obligation
@!!id:1171
@!!loc:840:10:840:12
@!!status:proved
@!!prover:smt
@!!meth:time-limit: 60; time-used: 3.0 (5%)
@!!already:false
@!!END

@!!BEGIN
@!!type:obligation
@!!id:1176
@!!loc:827:44:827:46
@!!status:proved
@!!prover:smt
@!!meth:time-limit: 60; time-used: 1.7 (3%)
@!!already:false
@!!END

@!!BEGIN
@!!type:obligation
@!!id:1175
@!!loc:826:14:826:16
@!!status:proved
@!!prover:smt
@!!meth:time-limit: 60; time-used: 3.3 (6%)
@!!already:false
@!!END

@!!BEGIN
@!!type:obligation
@!!id:1178
@!!loc:832:3:832:5
@!!status:proved
@!!prover:smt
@!!meth:time-limit: 60; time-used: 2.5 (4%)
@!!already:false
@!!END

@!!BEGIN
@!!type:obligation
@!!id:1177
@!!loc:828:14:828:16
@!!status:proved
@!!prover:smt
@!!meth:time-limit: 60; time-used: 5.4 (9%)
@!!already:false
@!!END

@!!BEGIN
@!!type:obligation
@!!id:1180
@!!loc:833:18:833:22
@!!status:trivial
@!!prover:tlapm
@!!already:false
@!!END

@!!BEGIN
@!!type:obligation
@!!id:1181
@!!loc:833:24:833:28
@!!status:trivial
@!!prover:tlapm
@!!already:false
@!!END

@!!BEGIN
@!!type:obligation
@!!id:1182
@!!loc:833:30:833:41
@!!status:trivial
@!!prover:tlapm
@!!already:false
@!!END

@!!BEGIN
@!!type:obligation
@!!id:1179
@!!loc:833:15:833:17
@!!status:proved
@!!prover:smt
@!!meth:time-limit: 60; time-used: 4.7 (8%)
@!!already:false
@!!END

@!!BEGIN
@!!type:obligation
@!!id:1184
@!!loc:834:18:834:22
@!!status:trivial
@!!prover:tlapm
@!!already:false
@!!END

@!!BEGIN
@!!type:obligation
@!!id:1185
@!!loc:834:24:834:28
@!!status:trivial
@!!prover:tlapm
@!!already:false
@!!END

@!!BEGIN
@!!type:obligation
@!!id:1186
@!!loc:834:30:834:34
@!!status:trivial
@!!prover:tlapm
@!!already:false
@!!END

@!!BEGIN
@!!type:obligation
@!!id:1183
@!!loc:834:15:834:17
@!!status:proved
@!!prover:smt
@!!meth:time-limit: 60; time-used: 4.4 (7%)
@!!already:false
@!!END

@!!BEGIN
@!!type:obligation
@!!id:1188
@!!loc:835:50:835:54
@!!status:trivial
@!!prover:tlapm
@!!already:false
@!!END

@!!BEGIN
@!!type:obligation
@!!id:1189
@!!loc:835:56:835:60
@!!status:trivial
@!!prover:tlapm
@!!already:false
@!!END

@!!BEGIN
@!!type:obligation
@!!id:1187
@!!loc:835:47:835:49
@!!status:proved
@!!prover:smt
@!!meth:time-limit: 60; time-used: 3.2 (5%)
@!!already:false
@!!END

@!!BEGIN
@!!type:obligation
@!!id:1191
@!!loc:838:6:838:10
@!!status:trivial
@!!prover:tlapm
@!!already:false
@!!END

@!!BEGIN
@!!type:obligation
@!!id:1192
@!!loc:838:12:838:16
@!!status:trivial
@!!prover:tlapm
@!!already:false
@!!END

@!!BEGIN
@!!type:obligation
@!!id:1190
@!!loc:838:3:838:5
@!!status:proved
@!!prover:smt
@!!meth:time-limit: 60; time-used: 3.5 (6%)
@!!already:false
@!!END

@!!BEGIN
@!!type:obligation
@!!id:1194
@!!loc:839:18:839:22
@!!status:trivial
@!!prover:tlapm
@!!already:false
@!!END

@!!BEGIN
@!!type:obligation
@!!id:1195
@!!loc:839:24:839:28
@!!status:trivial
@!!prover:tlapm
@!!already:false
@!!END

@!!BEGIN
@!!type:obligation
@!!id:1196
@!!loc:839:30:839:40
@!!status:trivial
@!!prover:tlapm
@!!already:false
@!!END

@!!BEGIN
@!!type:obligation
@!!id:1197
@!!loc:869:10:869:12
@!!status:proved
@!!prover:smt
@!!meth:time-limit: 60
@!!already:true
@!!END

@!!BEGIN
@!!type:obligation
@!!id:1198
@!!loc:869:13:869:17
@!!status:trivial
@!!prover:tlapm
@!!already:false
@!!END

@!!BEGIN
@!!type:obligation
@!!id:1199
@!!loc:869:19:869:23
@!!status:trivial
@!!prover:tlapm
@!!already:false
@!!END

@!!BEGIN
@!!type:obligation
@!!id:1193
@!!loc:839:15:839:17
@!!status:proved
@!!prover:smt
@!!meth:time-limit: 60; time-used: 3.5 (6%)
@!!already:false
@!!END

@!!BEGIN
@!!type:obligation
@!!id:1200
@!!loc:869:25:869:30
@!!status:trivial
@!!prover:tlapm
@!!already:false
@!!END

@!!BEGIN
@!!type:obligation
@!!id:1201
@!!loc:845:14:845:16
@!!status:proved
@!!prover:smt
@!!meth:time-limit: 60
@!!already:true
@!!END

@!!BEGIN
@!!type:obligation
@!!id:1202
@!!loc:846:44:846:46
@!!status:proved
@!!prover:smt
@!!meth:time-limit: 60
@!!already:true
@!!END

@!!BEGIN
@!!type:obligation
@!!id:1203
@!!loc:847:14:847:16
@!!status:proved
@!!prover:smt
@!!meth:time-limit: 60
@!!already:true
@!!END

@!!BEGIN
@!!type:obligation
@!!id:1204
@!!loc:848:23:848:25
@!!status:proved
@!!prover:smt
@!!meth:time-limit: 60
@!!already:true
@!!END

@!!BEGIN
@!!type:obligation
@!!id:1205
@!!loc:848:26:848:30
@!!status:trivial
@!!prover:tlapm
@!!already:false
@!!END

@!!BEGIN
@!!type:obligation
@!!id:1206
@!!loc:849:80:849:82
@!!status:proved
@!!prover:smt
@!!meth:time-limit: 60
@!!already:true
@!!END

@!!BEGIN
@!!type:obligation
@!!id:1207
@!!loc:849:83:849:87
@!!status:trivial
@!!prover:tlapm
@!!already:false
@!!END

@!!BEGIN
@!!type:obligation
@!!id:1209
@!!loc:855:12:855:19
@!!status:proved
@!!prover:smt
@!!meth:time-limit: 60
@!!already:true
@!!END

@!!BEGIN
@!!type:obligation
@!!id:1208
@!!loc:854:3:854:5
@!!status:proved
@!!prover:smt
@!!meth:time-limit: 60; time-used: 37.3 (62%)
@!!already:false
@!!END

@!!BEGIN
@!!type:obligation
@!!id:1211
@!!loc:856:32:856:36
@!!status:trivial
@!!prover:tlapm
@!!already:false
@!!END

@!!BEGIN
@!!type:obligation
@!!id:1212
@!!loc:856:38:856:42
@!!status:trivial
@!!prover:tlapm
@!!already:false
@!!END

@!!BEGIN
@!!type:obligation
@!!id:1213
@!!loc:856:44:856:56
@!!status:trivial
@!!prover:tlapm
@!!already:false
@!!END

@!!BEGIN
@!!type:obligation
@!!id:1210
@!!loc:856:29:856:31
@!!status:proved
@!!prover:smt
@!!meth:time-limit: 60; time-used: 3.7 (6%)
@!!already:false
@!!END

@!!BEGIN
@!!type:obligation
@!!id:1215
@!!loc:858:6:858:10
@!!status:trivial
@!!prover:tlapm
@!!already:false
@!!END

@!!BEGIN
@!!type:obligation
@!!id:1216
@!!loc:858:12:858:16
@!!status:trivial
@!!prover:tlapm
@!!already:false
@!!END

@!!BEGIN
@!!type:obligation
@!!id:1217
@!!loc:858:18:858:22
@!!status:trivial
@!!prover:tlapm
@!!already:false
@!!END

@!!BEGIN
@!!type:obligation
@!!id:1218
@!!loc:858:24:858:32
@!!status:trivial
@!!prover:tlapm
@!!already:false
@!!END

@!!BEGIN
@!!type:obligation
@!!id:1214
@!!loc:858:3:858:5
@!!status:proved
@!!prover:smt
@!!meth:time-limit: 60; time-used: 3.2 (5%)
@!!already:false
@!!END

@!!BEGIN
@!!type:obligation
@!!id:1220
@!!loc:859:18:859:22
@!!status:trivial
@!!prover:tlapm
@!!already:false
@!!END

@!!BEGIN
@!!type:obligation
@!!id:1221
@!!loc:859:24:859:28
@!!status:trivial
@!!prover:tlapm
@!!already:false
@!!END

@!!BEGIN
@!!type:obligation
@!!id:1222
@!!loc:859:30:859:34
@!!status:trivial
@!!prover:tlapm
@!!already:false
@!!END

@!!BEGIN
@!!type:obligation
@!!id:1223
@!!loc:859:36:859:40
@!!status:trivial
@!!prover:tlapm
@!!already:false
@!!END

@!!BEGIN
@!!type:obligation
@!!id:1219
@!!loc:859:15:859:17
@!!status:proved
@!!prover:smt
@!!meth:time-limit: 60; time-used: 3.1 (5%)
@!!already:false
@!!END

@!!BEGIN
@!!type:obligation
@!!id:1224
@!!loc:859:42:859:53
@!!status:trivial
@!!prover:tlapm
@!!already:false
@!!END

@!!BEGIN
@!!type:obligation
@!!id:1226
@!!loc:860:18:860:22
@!!status:trivial
@!!prover:tlapm
@!!already:false
@!!END

@!!BEGIN
@!!type:obligation
@!!id:1227
@!!loc:860:24:860:28
@!!status:trivial
@!!prover:tlapm
@!!already:false
@!!END

@!!BEGIN
@!!type:obligation
@!!id:1228
@!!loc:860:30:860:34
@!!status:trivial
@!!prover:tlapm
@!!already:false
@!!END

@!!BEGIN
@!!type:obligation
@!!id:1229
@!!loc:860:36:860:40
@!!status:trivial
@!!prover:tlapm
@!!already:false
@!!END

@!!BEGIN
@!!type:obligation
@!!id:1230
@!!loc:860:42:860:46
@!!status:trivial
@!!prover:tlapm
@!!already:false
@!!END

@!!BEGIN
@!!type:obligation
@!!id:1225
@!!loc:860:15:860:17
@!!status:proved
@!!prover:smt
@!!meth:time-limit: 60; time-used: 3.5 (6%)
@!!already:false
@!!END

@!!BEGIN
@!!type:obligation
@!!id:1232
@!!loc:861:50:861:54
@!!status:trivial
@!!prover:tlapm
@!!already:false
@!!END

@!!BEGIN
@!!type:obligation
@!!id:1233
@!!loc:861:56:861:60
@!!status:trivial
@!!prover:tlapm
@!!already:false
@!!END

@!!BEGIN
@!!type:obligation
@!!id:1234
@!!loc:861:62:861:66
@!!status:trivial
@!!prover:tlapm
@!!already:false
@!!END

@!!BEGIN
@!!type:obligation
@!!id:1231
@!!loc:861:47:861:49
@!!status:proved
@!!prover:smt
@!!meth:time-limit: 60; time-used: 3.3 (6%)
@!!already:false
@!!END

@!!BEGIN
@!!type:obligation
@!!id:1235
@!!loc:861:68:861:72
@!!status:trivial
@!!prover:tlapm
@!!already:false
@!!END

@!!BEGIN
@!!type:obligation
@!!id:1237
@!!loc:863:6:863:10
@!!status:trivial
@!!prover:tlapm
@!!already:false
@!!END

@!!BEGIN
@!!type:obligation
@!!id:1238
@!!loc:863:12:863:16
@!!status:trivial
@!!prover:tlapm
@!!already:false
@!!END

@!!BEGIN
@!!type:obligation
@!!id:1239
@!!loc:863:18:863:22
@!!status:trivial
@!!prover:tlapm
@!!already:false
@!!END

@!!BEGIN
@!!type:obligation
@!!id:1240
@!!loc:863:24:863:28
@!!status:trivial
@!!prover:tlapm
@!!already:false
@!!END

@!!BEGIN
@!!type:obligation
@!!id:1241
@!!loc:863:30:863:42
@!!status:trivial
@!!prover:tlapm
@!!already:false
@!!END

@!!BEGIN
@!!type:obligation
@!!id:1236
@!!loc:863:3:863:5
@!!status:proved
@!!prover:smt
@!!meth:time-limit: 60; time-used: 3.4 (6%)
@!!already:false
@!!END

@!!BEGIN
@!!type:obligation
@!!id:1243
@!!loc:865:6:865:10
@!!status:trivial
@!!prover:tlapm
@!!already:false
@!!END

@!!BEGIN
@!!type:obligation
@!!id:1244
@!!loc:865:12:865:16
@!!status:trivial
@!!prover:tlapm
@!!already:false
@!!END

@!!BEGIN
@!!type:obligation
@!!id:1245
@!!loc:865:18:865:22
@!!status:trivial
@!!prover:tlapm
@!!already:false
@!!END

@!!BEGIN
@!!type:obligation
@!!id:1246
@!!loc:865:24:865:28
@!!status:trivial
@!!prover:tlapm
@!!already:false
@!!END

@!!BEGIN
@!!type:obligation
@!!id:1247
@!!loc:865:30:865:42
@!!status:trivial
@!!prover:tlapm
@!!already:false
@!!END

@!!BEGIN
@!!type:obligation
@!!id:1242
@!!loc:865:3:865:5
@!!status:proved
@!!prover:smt
@!!meth:time-limit: 60; time-used: 3.7 (6%)
@!!already:false
@!!END

@!!BEGIN
@!!type:obligation
@!!id:1249
@!!loc:867:6:867:10
@!!status:trivial
@!!prover:tlapm
@!!already:false
@!!END

@!!BEGIN
@!!type:obligation
@!!id:1250
@!!loc:867:12:867:16
@!!status:trivial
@!!prover:tlapm
@!!already:false
@!!END

@!!BEGIN
@!!type:obligation
@!!id:1251
@!!loc:867:18:867:22
@!!status:trivial
@!!prover:tlapm
@!!already:false
@!!END

@!!BEGIN
@!!type:obligation
@!!id:1252
@!!loc:868:16:868:18
@!!status:proved
@!!prover:smt
@!!meth:time-limit: 60
@!!already:true
@!!END

@!!BEGIN
@!!type:obligation
@!!id:1253
@!!loc:868:19:868:23
@!!status:trivial
@!!prover:tlapm
@!!already:false
@!!END

@!!BEGIN
@!!type:obligation
@!!id:1254
@!!loc:868:25:868:29
@!!status:trivial
@!!prover:tlapm
@!!already:false
@!!END

@!!BEGIN
@!!type:obligation
@!!id:1248
@!!loc:867:3:867:5
@!!status:proved
@!!prover:smt
@!!meth:time-limit: 60; time-used: 3.1 (5%)
@!!already:false
@!!END

@!!BEGIN
@!!type:obligation
@!!id:1255
@!!loc:868:31:868:35
@!!status:trivial
@!!prover:tlapm
@!!already:false
@!!END

@!!BEGIN
@!!type:obligation
@!!id:1256
@!!loc:868:37:868:41
@!!status:trivial
@!!prover:tlapm
@!!already:false
@!!END

@!!BEGIN
@!!type:obligation
@!!id:1257
@!!loc:868:43:868:48
@!!status:trivial
@!!prover:tlapm
@!!already:false
@!!END

@!!BEGIN
@!!type:obligation
@!!id:1258
@!!loc:868:50:868:61
@!!status:trivial
@!!prover:tlapm
@!!already:false
@!!END

@!!BEGIN
@!!type:obligation
@!!id:1259
@!!loc:902:10:902:12
@!!status:proved
@!!prover:smt
@!!meth:time-limit: 60
@!!already:true
@!!END

@!!BEGIN
@!!type:obligation
@!!id:1260
@!!loc:902:13:902:17
@!!status:trivial
@!!prover:tlapm
@!!already:false
@!!END

@!!BEGIN
@!!type:obligation
@!!id:1261
@!!loc:902:19:902:23
@!!status:trivial
@!!prover:tlapm
@!!already:false
@!!END

@!!BEGIN
@!!type:obligation
@!!id:1262
@!!loc:902:25:902:30
@!!status:trivial
@!!prover:tlapm
@!!already:false
@!!END

@!!BEGIN
@!!type:obligation
@!!id:1263
@!!loc:877:14:877:16
@!!status:proved
@!!prover:smt
@!!meth:time-limit: 60
@!!already:true
@!!END

@!!BEGIN
@!!type:obligation
@!!id:1264
@!!loc:878:44:878:46
@!!status:proved
@!!prover:smt
@!!meth:time-limit: 60
@!!already:true
@!!END

@!!BEGIN
@!!type:obligation
@!!id:1265
@!!loc:879:14:879:16
@!!status:proved
@!!prover:smt
@!!meth:time-limit: 60
@!!already:true
@!!END

@!!BEGIN
@!!type:obligation
@!!id:1266
@!!loc:880:23:880:25
@!!status:proved
@!!prover:smt
@!!meth:time-limit: 60
@!!already:true
@!!END

@!!BEGIN
@!!type:obligation
@!!id:1267
@!!loc:880:26:880:30
@!!status:trivial
@!!prover:tlapm
@!!already:false
@!!END

@!!BEGIN
@!!type:obligation
@!!id:1268
@!!loc:881:80:881:82
@!!status:proved
@!!prover:smt
@!!meth:time-limit: 60
@!!already:true
@!!END

@!!BEGIN
@!!type:obligation
@!!id:1269
@!!loc:881:83:881:87
@!!status:trivial
@!!prover:tlapm
@!!already:false
@!!END

@!!BEGIN
@!!type:obligation
@!!id:1271
@!!loc:888:12:888:19
@!!status:proved
@!!prover:smt
@!!meth:time-limit: 60
@!!already:true
@!!END

@!!BEGIN
@!!type:obligation
@!!id:1270
@!!loc:887:3:887:5
@!!status:proved
@!!prover:smt
@!!meth:time-limit: 60; time-used: 33.2 (55%)
@!!already:false
@!!END

@!!BEGIN
@!!type:obligation
@!!id:1273
@!!loc:889:33:889:37
@!!status:trivial
@!!prover:tlapm
@!!already:false
@!!END

@!!BEGIN
@!!type:obligation
@!!id:1274
@!!loc:889:39:889:43
@!!status:trivial
@!!prover:tlapm
@!!already:false
@!!END

@!!BEGIN
@!!type:obligation
@!!id:1275
@!!loc:889:45:889:57
@!!status:trivial
@!!prover:tlapm
@!!already:false
@!!END

@!!BEGIN
@!!type:obligation
@!!id:1272
@!!loc:889:30:889:32
@!!status:proved
@!!prover:smt
@!!meth:time-limit: 60; time-used: 3.8 (6%)
@!!already:false
@!!END

@!!BEGIN
@!!type:obligation
@!!id:1277
@!!loc:891:6:891:10
@!!status:trivial
@!!prover:tlapm
@!!already:false
@!!END

@!!BEGIN
@!!type:obligation
@!!id:1278
@!!loc:891:12:891:16
@!!status:trivial
@!!prover:tlapm
@!!already:false
@!!END

@!!BEGIN
@!!type:obligation
@!!id:1279
@!!loc:891:18:891:22
@!!status:trivial
@!!prover:tlapm
@!!already:false
@!!END

@!!BEGIN
@!!type:obligation
@!!id:1280
@!!loc:891:24:891:32
@!!status:trivial
@!!prover:tlapm
@!!already:false
@!!END

@!!BEGIN
@!!type:obligation
@!!id:1276
@!!loc:891:3:891:5
@!!status:proved
@!!prover:smt
@!!meth:time-limit: 60; time-used: 5.1 (9%)
@!!already:false
@!!END

@!!BEGIN
@!!type:obligation
@!!id:1282
@!!loc:892:18:892:22
@!!status:trivial
@!!prover:tlapm
@!!already:false
@!!END

@!!BEGIN
@!!type:obligation
@!!id:1283
@!!loc:892:24:892:28
@!!status:trivial
@!!prover:tlapm
@!!already:false
@!!END

@!!BEGIN
@!!type:obligation
@!!id:1284
@!!loc:892:30:892:34
@!!status:trivial
@!!prover:tlapm
@!!already:false
@!!END

@!!BEGIN
@!!type:obligation
@!!id:1285
@!!loc:892:36:892:40
@!!status:trivial
@!!prover:tlapm
@!!already:false
@!!END

@!!BEGIN
@!!type:obligation
@!!id:1286
@!!loc:892:42:892:53
@!!status:trivial
@!!prover:tlapm
@!!already:false
@!!END

@!!BEGIN
@!!type:obligation
@!!id:1281
@!!loc:892:15:892:17
@!!status:proved
@!!prover:smt
@!!meth:time-limit: 60; time-used: 3.8 (6%)
@!!already:false
@!!END

@!!BEGIN
@!!type:obligation
@!!id:1288
@!!loc:893:18:893:22
@!!status:trivial
@!!prover:tlapm
@!!already:false
@!!END

@!!BEGIN
@!!type:obligation
@!!id:1289
@!!loc:893:24:893:28
@!!status:trivial
@!!prover:tlapm
@!!already:false
@!!END

@!!BEGIN
@!!type:obligation
@!!id:1290
@!!loc:893:30:893:34
@!!status:trivial
@!!prover:tlapm
@!!already:false
@!!END

@!!BEGIN
@!!type:obligation
@!!id:1291
@!!loc:893:36:893:40
@!!status:trivial
@!!prover:tlapm
@!!already:false
@!!END

@!!BEGIN
@!!type:obligation
@!!id:1287
@!!loc:893:15:893:17
@!!status:proved
@!!prover:smt
@!!meth:time-limit: 60; time-used: 3.6 (6%)
@!!already:false
@!!END

@!!BEGIN
@!!type:obligation
@!!id:1292
@!!loc:893:42:893:46
@!!status:trivial
@!!prover:tlapm
@!!already:false
@!!END

@!!BEGIN
@!!type:obligation
@!!id:1294
@!!loc:894:50:894:54
@!!status:trivial
@!!prover:tlapm
@!!already:false
@!!END

@!!BEGIN
@!!type:obligation
@!!id:1295
@!!loc:894:56:894:60
@!!status:trivial
@!!prover:tlapm
@!!already:false
@!!END

@!!BEGIN
@!!type:obligation
@!!id:1296
@!!loc:894:62:894:66
@!!status:trivial
@!!prover:tlapm
@!!already:false
@!!END

@!!BEGIN
@!!type:obligation
@!!id:1297
@!!loc:894:68:894:72
@!!status:trivial
@!!prover:tlapm
@!!already:false
@!!END

@!!BEGIN
@!!type:obligation
@!!id:1293
@!!loc:894:47:894:49
@!!status:proved
@!!prover:smt
@!!meth:time-limit: 60; time-used: 41.5 (69%)
@!!already:false
@!!END

@!!BEGIN
@!!type:obligation
@!!id:1299
@!!loc:896:6:896:10
@!!status:trivial
@!!prover:tlapm
@!!already:false
@!!END

@!!BEGIN
@!!type:obligation
@!!id:1300
@!!loc:896:12:896:16
@!!status:trivial
@!!prover:tlapm
@!!already:false
@!!END

@!!BEGIN
@!!type:obligation
@!!id:1301
@!!loc:896:18:896:22
@!!status:trivial
@!!prover:tlapm
@!!already:false
@!!END

@!!BEGIN
@!!type:obligation
@!!id:1302
@!!loc:896:24:896:28
@!!status:trivial
@!!prover:tlapm
@!!already:false
@!!END

@!!BEGIN
@!!type:obligation
@!!id:1298
@!!loc:896:3:896:5
@!!status:proved
@!!prover:smt
@!!meth:time-limit: 60; time-used: 3.4 (6%)
@!!already:false
@!!END

@!!BEGIN
@!!type:obligation
@!!id:1303
@!!loc:896:30:896:42
@!!status:trivial
@!!prover:tlapm
@!!already:false
@!!END

@!!BEGIN
@!!type:obligation
@!!id:1305
@!!loc:898:6:898:10
@!!status:trivial
@!!prover:tlapm
@!!already:false
@!!END

@!!BEGIN
@!!type:obligation
@!!id:1306
@!!loc:898:12:898:16
@!!status:trivial
@!!prover:tlapm
@!!already:false
@!!END

@!!BEGIN
@!!type:obligation
@!!id:1307
@!!loc:898:18:898:22
@!!status:trivial
@!!prover:tlapm
@!!already:false
@!!END

@!!BEGIN
@!!type:obligation
@!!id:1308
@!!loc:898:24:898:28
@!!status:trivial
@!!prover:tlapm
@!!already:false
@!!END

@!!BEGIN
@!!type:obligation
@!!id:1309
@!!loc:898:30:898:42
@!!status:trivial
@!!prover:tlapm
@!!already:false
@!!END

@!!BEGIN
@!!type:obligation
@!!id:1304
@!!loc:898:3:898:5
@!!status:proved
@!!prover:smt
@!!meth:time-limit: 60; time-used: 3.2 (5%)
@!!already:false
@!!END

@!!BEGIN
@!!type:obligation
@!!id:1311
@!!loc:900:6:900:10
@!!status:trivial
@!!prover:tlapm
@!!already:false
@!!END

@!!BEGIN
@!!type:obligation
@!!id:1312
@!!loc:900:12:900:16
@!!status:trivial
@!!prover:tlapm
@!!already:false
@!!END

@!!BEGIN
@!!type:obligation
@!!id:1313
@!!loc:900:18:900:22
@!!status:trivial
@!!prover:tlapm
@!!already:false
@!!END

@!!BEGIN
@!!type:obligation
@!!id:1314
@!!loc:901:16:901:18
@!!status:proved
@!!prover:smt
@!!meth:time-limit: 60
@!!already:true
@!!END

@!!BEGIN
@!!type:obligation
@!!id:1315
@!!loc:901:19:901:23
@!!status:trivial
@!!prover:tlapm
@!!already:false
@!!END

@!!BEGIN
@!!type:obligation
@!!id:1316
@!!loc:901:25:901:29
@!!status:trivial
@!!prover:tlapm
@!!already:false
@!!END

@!!BEGIN
@!!type:obligation
@!!id:1317
@!!loc:901:31:901:35
@!!status:trivial
@!!prover:tlapm
@!!already:false
@!!END

@!!BEGIN
@!!type:obligation
@!!id:1310
@!!loc:900:3:900:5
@!!status:proved
@!!prover:smt
@!!meth:time-limit: 60; time-used: 3.3 (6%)
@!!already:false
@!!END

@!!BEGIN
@!!type:obligation
@!!id:1318
@!!loc:901:37:901:41
@!!status:trivial
@!!prover:tlapm
@!!already:false
@!!END

@!!BEGIN
@!!type:obligation
@!!id:1319
@!!loc:901:43:901:48
@!!status:trivial
@!!prover:tlapm
@!!already:false
@!!END

@!!BEGIN
@!!type:obligation
@!!id:1320
@!!loc:901:50:901:61
@!!status:trivial
@!!prover:tlapm
@!!already:false
@!!END

@!!BEGIN
@!!type:obligation
@!!id:1321
@!!loc:943:10:943:12
@!!status:proved
@!!prover:smt
@!!meth:time-limit: 60
@!!already:true
@!!END

@!!BEGIN
@!!type:obligation
@!!id:1322
@!!loc:943:13:943:18
@!!status:trivial
@!!prover:tlapm
@!!already:false
@!!END

@!!BEGIN
@!!type:obligation
@!!id:1323
@!!loc:943:20:943:25
@!!status:trivial
@!!prover:tlapm
@!!already:false
@!!END

@!!BEGIN
@!!type:obligation
@!!id:1324
@!!loc:943:27:943:32
@!!status:trivial
@!!prover:tlapm
@!!already:false
@!!END

@!!BEGIN
@!!type:obligation
@!!id:1325
@!!loc:907:14:907:16
@!!status:proved
@!!prover:smt
@!!meth:time-limit: 60
@!!already:true
@!!END

@!!BEGIN
@!!type:obligation
@!!id:1326
@!!loc:908:44:908:46
@!!status:proved
@!!prover:smt
@!!meth:time-limit: 60
@!!already:true
@!!END

@!!BEGIN
@!!type:obligation
@!!id:1327
@!!loc:909:14:909:16
@!!status:proved
@!!prover:smt
@!!meth:time-limit: 60
@!!already:true
@!!END

@!!BEGIN
@!!type:obligation
@!!id:1328
@!!loc:910:23:910:25
@!!status:proved
@!!prover:smt
@!!meth:time-limit: 60
@!!already:true
@!!END

@!!BEGIN
@!!type:obligation
@!!id:1329
@!!loc:910:26:910:30
@!!status:trivial
@!!prover:tlapm
@!!already:false
@!!END

@!!BEGIN
@!!type:obligation
@!!id:1330
@!!loc:911:80:911:82
@!!status:proved
@!!prover:smt
@!!meth:time-limit: 60
@!!already:true
@!!END

@!!BEGIN
@!!type:obligation
@!!id:1331
@!!loc:911:83:911:87
@!!status:trivial
@!!prover:tlapm
@!!already:false
@!!END

@!!BEGIN
@!!type:obligation
@!!id:1334
@!!loc:921:3:921:5
@!!status:proved
@!!prover:smt
@!!meth:time-limit: 60; time-used: 1.4 (2%)
@!!already:false
@!!END

@!!BEGIN
@!!type:obligation
@!!id:1332
@!!loc:917:3:917:5
@!!status:proved
@!!prover:smt
@!!meth:time-limit: 60; time-used: 3.7 (6%)
@!!already:false
@!!END

@!!BEGIN
@!!type:obligation
@!!id:1336
@!!loc:925:3:925:5
@!!status:proved
@!!prover:smt
@!!meth:time-limit: 60
@!!already:true
@!!END

@!!BEGIN
@!!type:obligation
@!!id:1337
@!!loc:925:6:925:10
@!!status:trivial
@!!prover:tlapm
@!!already:false
@!!END

@!!BEGIN
@!!type:obligation
@!!id:1338
@!!loc:925:12:925:21
@!!status:trivial
@!!prover:tlapm
@!!already:false
@!!END

@!!BEGIN
@!!type:obligation
@!!id:1339
@!!loc:927:3:927:5
@!!status:proved
@!!prover:smt
@!!meth:time-limit: 60
@!!already:true
@!!END

@!!BEGIN
@!!type:obligation
@!!id:1340
@!!loc:927:6:927:10
@!!status:trivial
@!!prover:tlapm
@!!already:false
@!!END

@!!BEGIN
@!!type:obligation
@!!id:1341
@!!loc:927:12:927:16
@!!status:trivial
@!!prover:tlapm
@!!already:false
@!!END

@!!BEGIN
@!!type:obligation
@!!id:1342
@!!loc:927:18:927:25
@!!status:trivial
@!!prover:tlapm
@!!already:false
@!!END

@!!BEGIN
@!!type:obligation
@!!id:1335
@!!loc:923:3:923:5
@!!status:proved
@!!prover:smt
@!!meth:time-limit: 60; time-used: 3.3 (6%)
@!!already:false
@!!END

@!!BEGIN
@!!type:obligation
@!!id:1344
@!!loc:929:6:929:10
@!!status:trivial
@!!prover:tlapm
@!!already:false
@!!END

@!!BEGIN
@!!type:obligation
@!!id:1345
@!!loc:929:12:929:16
@!!status:trivial
@!!prover:tlapm
@!!already:false
@!!END

@!!BEGIN
@!!type:obligation
@!!id:1346
@!!loc:929:18:929:30
@!!status:trivial
@!!prover:tlapm
@!!already:false
@!!END

@!!BEGIN
@!!type:obligation
@!!id:1343
@!!loc:929:3:929:5
@!!status:proved
@!!prover:smt
@!!meth:time-limit: 60; time-used: 38.1 (63%)
@!!already:false
@!!END

@!!BEGIN
@!!type:obligation
@!!id:1348
@!!loc:930:36:930:40
@!!status:trivial
@!!prover:tlapm
@!!already:false
@!!END

@!!BEGIN
@!!type:obligation
@!!id:1349
@!!loc:930:42:930:46
@!!status:trivial
@!!prover:tlapm
@!!already:false
@!!END

@!!BEGIN
@!!type:obligation
@!!id:1350
@!!loc:930:48:930:52
@!!status:trivial
@!!prover:tlapm
@!!already:false
@!!END

@!!BEGIN
@!!type:obligation
@!!id:1347
@!!loc:930:33:930:35
@!!status:proved
@!!prover:smt
@!!meth:time-limit: 60; time-used: 4.4 (7%)
@!!already:false
@!!END

@!!BEGIN
@!!type:obligation
@!!id:1351
@!!loc:930:54:930:58
@!!status:trivial
@!!prover:tlapm
@!!already:false
@!!END

@!!BEGIN
@!!type:obligation
@!!id:1352
@!!loc:930:60:930:64
@!!status:trivial
@!!prover:tlapm
@!!already:false
@!!END

@!!BEGIN
@!!type:obligation
@!!id:1353
@!!loc:930:66:930:70
@!!status:trivial
@!!prover:tlapm
@!!already:false
@!!END

@!!BEGIN
@!!type:obligation
@!!id:1354
@!!loc:930:72:930:84
@!!status:trivial
@!!prover:tlapm
@!!already:false
@!!END

@!!BEGIN
@!!type:obligation
@!!id:1356
@!!loc:932:6:932:10
@!!status:trivial
@!!prover:tlapm
@!!already:false
@!!END

@!!BEGIN
@!!type:obligation
@!!id:1357
@!!loc:932:12:932:16
@!!status:trivial
@!!prover:tlapm
@!!already:false
@!!END

@!!BEGIN
@!!type:obligation
@!!id:1358
@!!loc:932:18:932:22
@!!status:trivial
@!!prover:tlapm
@!!already:false
@!!END

@!!BEGIN
@!!type:obligation
@!!id:1359
@!!loc:932:24:932:32
@!!status:trivial
@!!prover:tlapm
@!!already:false
@!!END

@!!BEGIN
@!!type:obligation
@!!id:1355
@!!loc:932:3:932:5
@!!status:proved
@!!prover:smt
@!!meth:time-limit: 60; time-used: 5.5 (9%)
@!!already:false
@!!END

@!!BEGIN
@!!type:obligation
@!!id:1361
@!!loc:933:18:933:22
@!!status:trivial
@!!prover:tlapm
@!!already:false
@!!END

@!!BEGIN
@!!type:obligation
@!!id:1362
@!!loc:933:24:933:28
@!!status:trivial
@!!prover:tlapm
@!!already:false
@!!END

@!!BEGIN
@!!type:obligation
@!!id:1363
@!!loc:933:30:933:34
@!!status:trivial
@!!prover:tlapm
@!!already:false
@!!END

@!!BEGIN
@!!type:obligation
@!!id:1364
@!!loc:933:36:933:40
@!!status:trivial
@!!prover:tlapm
@!!already:false
@!!END

@!!BEGIN
@!!type:obligation
@!!id:1365
@!!loc:933:42:933:53
@!!status:trivial
@!!prover:tlapm
@!!already:false
@!!END

@!!BEGIN
@!!type:obligation
@!!id:1360
@!!loc:933:15:933:17
@!!status:proved
@!!prover:smt
@!!meth:time-limit: 60; time-used: 3.9 (7%)
@!!already:false
@!!END

@!!BEGIN
@!!type:obligation
@!!id:1367
@!!loc:934:19:934:23
@!!status:trivial
@!!prover:tlapm
@!!already:false
@!!END

@!!BEGIN
@!!type:obligation
@!!id:1368
@!!loc:934:25:934:29
@!!status:trivial
@!!prover:tlapm
@!!already:false
@!!END

@!!BEGIN
@!!type:obligation
@!!id:1369
@!!loc:934:31:934:35
@!!status:trivial
@!!prover:tlapm
@!!already:false
@!!END

@!!BEGIN
@!!type:obligation
@!!id:1366
@!!loc:934:16:934:18
@!!status:proved
@!!prover:smt
@!!meth:time-limit: 60; time-used: 3.2 (5%)
@!!already:false
@!!END

@!!BEGIN
@!!type:obligation
@!!id:1370
@!!loc:934:37:934:41
@!!status:trivial
@!!prover:tlapm
@!!already:false
@!!END

@!!BEGIN
@!!type:obligation
@!!id:1371
@!!loc:934:43:934:47
@!!status:trivial
@!!prover:tlapm
@!!already:false
@!!END

@!!BEGIN
@!!type:obligation
@!!id:1372
@!!loc:934:49:934:53
@!!status:trivial
@!!prover:tlapm
@!!already:false
@!!END

@!!BEGIN
@!!type:obligation
@!!id:1373
@!!loc:934:55:934:59
@!!status:trivial
@!!prover:tlapm
@!!already:false
@!!END

@!!BEGIN
@!!type:obligation
@!!id:1374
@!!loc:934:61:934:65
@!!status:trivial
@!!prover:tlapm
@!!already:false
@!!END

@!!BEGIN
@!!type:obligation
@!!id:1375
@!!loc:934:67:934:71
@!!status:trivial
@!!prover:tlapm
@!!already:false
@!!END

@!!BEGIN
@!!type:obligation
@!!id:1377
@!!loc:935:51:935:55
@!!status:trivial
@!!prover:tlapm
@!!already:false
@!!END

@!!BEGIN
@!!type:obligation
@!!id:1378
@!!loc:935:57:935:61
@!!status:trivial
@!!prover:tlapm
@!!already:false
@!!END

@!!BEGIN
@!!type:obligation
@!!id:1379
@!!loc:935:63:935:67
@!!status:trivial
@!!prover:tlapm
@!!already:false
@!!END

@!!BEGIN
@!!type:obligation
@!!id:1380
@!!loc:935:69:935:73
@!!status:trivial
@!!prover:tlapm
@!!already:false
@!!END

@!!BEGIN
@!!type:obligation
@!!id:1381
@!!loc:935:75:935:79
@!!status:trivial
@!!prover:tlapm
@!!already:false
@!!END

@!!BEGIN
@!!type:obligation
@!!id:1382
@!!loc:935:81:935:85
@!!status:trivial
@!!prover:tlapm
@!!already:false
@!!END

@!!BEGIN
@!!type:obligation
@!!id:1376
@!!loc:935:48:935:50
@!!status:proved
@!!prover:smt
@!!meth:time-limit: 60; time-used: 3.3 (5%)
@!!already:false
@!!END

@!!BEGIN
@!!type:obligation
@!!id:1383
@!!loc:935:87:935:91
@!!status:trivial
@!!prover:tlapm
@!!already:false
@!!END

@!!BEGIN
@!!type:obligation
@!!id:1384
@!!loc:935:93:935:97
@!!status:trivial
@!!prover:tlapm
@!!already:false
@!!END

@!!BEGIN
@!!type:obligation
@!!id:1386
@!!loc:937:6:937:10
@!!status:trivial
@!!prover:tlapm
@!!already:false
@!!END

@!!BEGIN
@!!type:obligation
@!!id:1387
@!!loc:937:12:937:16
@!!status:trivial
@!!prover:tlapm
@!!already:false
@!!END

@!!BEGIN
@!!type:obligation
@!!id:1388
@!!loc:937:18:937:22
@!!status:trivial
@!!prover:tlapm
@!!already:false
@!!END

@!!BEGIN
@!!type:obligation
@!!id:1389
@!!loc:937:24:937:28
@!!status:trivial
@!!prover:tlapm
@!!already:false
@!!END

@!!BEGIN
@!!type:obligation
@!!id:1390
@!!loc:937:30:937:42
@!!status:trivial
@!!prover:tlapm
@!!already:false
@!!END

@!!BEGIN
@!!type:obligation
@!!id:1385
@!!loc:937:3:937:5
@!!status:proved
@!!prover:smt
@!!meth:time-limit: 60; time-used: 3.7 (6%)
@!!already:false
@!!END

@!!BEGIN
@!!type:obligation
@!!id:1392
@!!loc:939:6:939:10
@!!status:trivial
@!!prover:tlapm
@!!already:false
@!!END

@!!BEGIN
@!!type:obligation
@!!id:1393
@!!loc:939:12:939:16
@!!status:trivial
@!!prover:tlapm
@!!already:false
@!!END

@!!BEGIN
@!!type:obligation
@!!id:1394
@!!loc:939:18:939:22
@!!status:trivial
@!!prover:tlapm
@!!already:false
@!!END

@!!BEGIN
@!!type:obligation
@!!id:1391
@!!loc:939:3:939:5
@!!status:proved
@!!prover:smt
@!!meth:time-limit: 60; time-used: 4.2 (7%)
@!!already:false
@!!END

@!!BEGIN
@!!type:obligation
@!!id:1395
@!!loc:939:24:939:28
@!!status:trivial
@!!prover:tlapm
@!!already:false
@!!END

@!!BEGIN
@!!type:obligation
@!!id:1396
@!!loc:939:30:939:34
@!!status:trivial
@!!prover:tlapm
@!!already:false
@!!END

@!!BEGIN
@!!type:obligation
@!!id:1397
@!!loc:939:36:939:40
@!!status:trivial
@!!prover:tlapm
@!!already:false
@!!END

@!!BEGIN
@!!type:obligation
@!!id:1398
@!!loc:939:42:939:46
@!!status:trivial
@!!prover:tlapm
@!!already:false
@!!END

@!!BEGIN
@!!type:obligation
@!!id:1399
@!!loc:939:48:939:52
@!!status:trivial
@!!prover:tlapm
@!!already:false
@!!END

@!!BEGIN
@!!type:obligation
@!!id:1400
@!!loc:939:54:939:66
@!!status:trivial
@!!prover:tlapm
@!!already:false
@!!END

@!!BEGIN
@!!type:obligation
@!!id:1402
@!!loc:941:6:941:10
@!!status:trivial
@!!prover:tlapm
@!!already:false
@!!END

@!!BEGIN
@!!type:obligation
@!!id:1403
@!!loc:941:12:941:16
@!!status:trivial
@!!prover:tlapm
@!!already:false
@!!END

@!!BEGIN
@!!type:obligation
@!!id:1404
@!!loc:941:18:941:22
@!!status:trivial
@!!prover:tlapm
@!!already:false
@!!END

@!!BEGIN
@!!type:obligation
@!!id:1405
@!!loc:942:16:942:18
@!!status:proved
@!!prover:smt
@!!meth:time-limit: 60
@!!already:true
@!!END

@!!BEGIN
@!!type:obligation
@!!id:1406
@!!loc:942:19:942:23
@!!status:trivial
@!!prover:tlapm
@!!already:false
@!!END

@!!BEGIN
@!!type:obligation
@!!id:1407
@!!loc:942:25:942:29
@!!status:trivial
@!!prover:tlapm
@!!already:false
@!!END

@!!BEGIN
@!!type:obligation
@!!id:1401
@!!loc:941:3:941:5
@!!status:proved
@!!prover:smt
@!!meth:time-limit: 60; time-used: 3.1 (5%)
@!!already:false
@!!END

@!!BEGIN
@!!type:obligation
@!!id:1408
@!!loc:942:31:942:36
@!!status:trivial
@!!prover:tlapm
@!!already:false
@!!END

@!!BEGIN
@!!type:obligation
@!!id:1409
@!!loc:942:38:942:43
@!!status:trivial
@!!prover:tlapm
@!!already:false
@!!END

@!!BEGIN
@!!type:obligation
@!!id:1410
@!!loc:942:45:942:50
@!!status:trivial
@!!prover:tlapm
@!!already:false
@!!END

@!!BEGIN
@!!type:obligation
@!!id:1411
@!!loc:942:52:942:63
@!!status:trivial
@!!prover:tlapm
@!!already:false
@!!END

@!!BEGIN
@!!type:obligation
@!!id:1413
@!!loc:979:13:979:17
@!!status:trivial
@!!prover:tlapm
@!!already:false
@!!END

@!!BEGIN
@!!type:obligation
@!!id:1414
@!!loc:979:19:979:23
@!!status:trivial
@!!prover:tlapm
@!!already:false
@!!END

@!!BEGIN
@!!type:obligation
@!!id:1415
@!!loc:979:25:979:30
@!!status:trivial
@!!prover:tlapm
@!!already:false
@!!END

@!!BEGIN
@!!type:obligation
@!!id:1416
@!!loc:951:14:951:16
@!!status:proved
@!!prover:smt
@!!meth:time-limit: 60
@!!already:true
@!!END

@!!BEGIN
@!!type:obligation
@!!id:1417
@!!loc:952:44:952:46
@!!status:proved
@!!prover:smt
@!!meth:time-limit: 60
@!!already:true
@!!END

@!!BEGIN
@!!type:obligation
@!!id:1418
@!!loc:953:14:953:16
@!!status:proved
@!!prover:smt
@!!meth:time-limit: 60
@!!already:true
@!!END

@!!BEGIN
@!!type:obligation
@!!id:1419
@!!loc:954:23:954:25
@!!status:proved
@!!prover:smt
@!!meth:time-limit: 60
@!!already:true
@!!END

@!!BEGIN
@!!type:obligation
@!!id:1412
@!!loc:979:10:979:12
@!!status:proved
@!!prover:smt
@!!meth:time-limit: 60; time-used: 3.1 (5%)
@!!already:false
@!!END

@!!BEGIN
@!!type:obligation
@!!id:1420
@!!loc:954:26:954:30
@!!status:trivial
@!!prover:tlapm
@!!already:false
@!!END

@!!BEGIN
@!!type:obligation
@!!id:1421
@!!loc:955:80:955:82
@!!status:proved
@!!prover:smt
@!!meth:time-limit: 60
@!!already:true
@!!END

@!!BEGIN
@!!type:obligation
@!!id:1422
@!!loc:955:83:955:87
@!!status:trivial
@!!prover:tlapm
@!!already:false
@!!END

@!!BEGIN
@!!type:obligation
@!!id:1425
@!!loc:963:3:963:5
@!!status:proved
@!!prover:smt
@!!meth:time-limit: 60; time-used: 1.8 (3%)
@!!already:false
@!!END

@!!BEGIN
@!!type:obligation
@!!id:1423
@!!loc:959:3:959:5
@!!status:proved
@!!prover:smt
@!!meth:time-limit: 60; time-used: 4.6 (8%)
@!!already:false
@!!END

@!!BEGIN
@!!type:obligation
@!!id:1427
@!!loc:965:6:965:17
@!!status:trivial
@!!prover:tlapm
@!!already:false
@!!END

@!!BEGIN
@!!type:obligation
@!!id:1426
@!!loc:965:3:965:5
@!!status:proved
@!!prover:smt
@!!meth:time-limit: 60; time-used: 35.9 (60%)
@!!already:false
@!!END

@!!BEGIN
@!!type:obligation
@!!id:1429
@!!loc:966:41:966:45
@!!status:trivial
@!!prover:tlapm
@!!already:false
@!!END

@!!BEGIN
@!!type:obligation
@!!id:1430
@!!loc:966:47:966:51
@!!status:trivial
@!!prover:tlapm
@!!already:false
@!!END

@!!BEGIN
@!!type:obligation
@!!id:1431
@!!loc:966:53:966:57
@!!status:trivial
@!!prover:tlapm
@!!already:false
@!!END

@!!BEGIN
@!!type:obligation
@!!id:1432
@!!loc:966:59:966:71
@!!status:trivial
@!!prover:tlapm
@!!already:false
@!!END

@!!BEGIN
@!!type:obligation
@!!id:1428
@!!loc:966:38:966:40
@!!status:proved
@!!prover:smt
@!!meth:time-limit: 60; time-used: 3.2 (5%)
@!!already:false
@!!END

@!!BEGIN
@!!type:obligation
@!!id:1434
@!!loc:968:6:968:10
@!!status:trivial
@!!prover:tlapm
@!!already:false
@!!END

@!!BEGIN
@!!type:obligation
@!!id:1435
@!!loc:968:12:968:16
@!!status:trivial
@!!prover:tlapm
@!!already:false
@!!END

@!!BEGIN
@!!type:obligation
@!!id:1436
@!!loc:968:18:968:22
@!!status:trivial
@!!prover:tlapm
@!!already:false
@!!END

@!!BEGIN
@!!type:obligation
@!!id:1437
@!!loc:968:24:968:32
@!!status:trivial
@!!prover:tlapm
@!!already:false
@!!END

@!!BEGIN
@!!type:obligation
@!!id:1433
@!!loc:968:3:968:5
@!!status:proved
@!!prover:smt
@!!meth:time-limit: 60; time-used: 6.8 (11%)
@!!already:false
@!!END

@!!BEGIN
@!!type:obligation
@!!id:1439
@!!loc:969:18:969:22
@!!status:trivial
@!!prover:tlapm
@!!already:false
@!!END

@!!BEGIN
@!!type:obligation
@!!id:1440
@!!loc:969:24:969:28
@!!status:trivial
@!!prover:tlapm
@!!already:false
@!!END

@!!BEGIN
@!!type:obligation
@!!id:1441
@!!loc:969:30:969:34
@!!status:trivial
@!!prover:tlapm
@!!already:false
@!!END

@!!BEGIN
@!!type:obligation
@!!id:1438
@!!loc:969:15:969:17
@!!status:proved
@!!prover:smt
@!!meth:time-limit: 60; time-used: 3.6 (6%)
@!!already:false
@!!END

@!!BEGIN
@!!type:obligation
@!!id:1442
@!!loc:969:36:969:40
@!!status:trivial
@!!prover:tlapm
@!!already:false
@!!END

@!!BEGIN
@!!type:obligation
@!!id:1443
@!!loc:969:42:969:53
@!!status:trivial
@!!prover:tlapm
@!!already:false
@!!END

@!!BEGIN
@!!type:obligation
@!!id:1445
@!!loc:970:18:970:22
@!!status:trivial
@!!prover:tlapm
@!!already:false
@!!END

@!!BEGIN
@!!type:obligation
@!!id:1446
@!!loc:970:24:970:28
@!!status:trivial
@!!prover:tlapm
@!!already:false
@!!END

@!!BEGIN
@!!type:obligation
@!!id:1447
@!!loc:970:30:970:34
@!!status:trivial
@!!prover:tlapm
@!!already:false
@!!END

@!!BEGIN
@!!type:obligation
@!!id:1448
@!!loc:970:36:970:40
@!!status:trivial
@!!prover:tlapm
@!!already:false
@!!END

@!!BEGIN
@!!type:obligation
@!!id:1449
@!!loc:970:42:970:46
@!!status:trivial
@!!prover:tlapm
@!!already:false
@!!END

@!!BEGIN
@!!type:obligation
@!!id:1444
@!!loc:970:15:970:17
@!!status:proved
@!!prover:smt
@!!meth:time-limit: 60; time-used: 3.7 (6%)
@!!already:false
@!!END

@!!BEGIN
@!!type:obligation
@!!id:1450
@!!loc:970:48:970:52
@!!status:trivial
@!!prover:tlapm
@!!already:false
@!!END

@!!BEGIN
@!!type:obligation
@!!id:1452
@!!loc:971:50:971:54
@!!status:trivial
@!!prover:tlapm
@!!already:false
@!!END

@!!BEGIN
@!!type:obligation
@!!id:1453
@!!loc:971:56:971:60
@!!status:trivial
@!!prover:tlapm
@!!already:false
@!!END

@!!BEGIN
@!!type:obligation
@!!id:1454
@!!loc:971:62:971:66
@!!status:trivial
@!!prover:tlapm
@!!already:false
@!!END

@!!BEGIN
@!!type:obligation
@!!id:1455
@!!loc:971:68:971:72
@!!status:trivial
@!!prover:tlapm
@!!already:false
@!!END

@!!BEGIN
@!!type:obligation
@!!id:1456
@!!loc:971:74:971:78
@!!status:trivial
@!!prover:tlapm
@!!already:false
@!!END

@!!BEGIN
@!!type:obligation
@!!id:1451
@!!loc:971:47:971:49
@!!status:proved
@!!prover:smt
@!!meth:time-limit: 60; time-used: 4.2 (7%)
@!!already:false
@!!END

@!!BEGIN
@!!type:obligation
@!!id:1458
@!!loc:973:6:973:10
@!!status:trivial
@!!prover:tlapm
@!!already:false
@!!END

@!!BEGIN
@!!type:obligation
@!!id:1459
@!!loc:973:12:973:16
@!!status:trivial
@!!prover:tlapm
@!!already:false
@!!END

@!!BEGIN
@!!type:obligation
@!!id:1460
@!!loc:973:18:973:22
@!!status:trivial
@!!prover:tlapm
@!!already:false
@!!END

@!!BEGIN
@!!type:obligation
@!!id:1461
@!!loc:973:24:973:28
@!!status:trivial
@!!prover:tlapm
@!!already:false
@!!END

@!!BEGIN
@!!type:obligation
@!!id:1462
@!!loc:973:30:973:42
@!!status:trivial
@!!prover:tlapm
@!!already:false
@!!END

@!!BEGIN
@!!type:obligation
@!!id:1457
@!!loc:973:3:973:5
@!!status:proved
@!!prover:smt
@!!meth:time-limit: 60; time-used: 3.3 (6%)
@!!already:false
@!!END

@!!BEGIN
@!!type:obligation
@!!id:1464
@!!loc:975:6:975:10
@!!status:trivial
@!!prover:tlapm
@!!already:false
@!!END

@!!BEGIN
@!!type:obligation
@!!id:1465
@!!loc:975:12:975:16
@!!status:trivial
@!!prover:tlapm
@!!already:false
@!!END

@!!BEGIN
@!!type:obligation
@!!id:1466
@!!loc:975:18:975:22
@!!status:trivial
@!!prover:tlapm
@!!already:false
@!!END

@!!BEGIN
@!!type:obligation
@!!id:1467
@!!loc:975:24:975:28
@!!status:trivial
@!!prover:tlapm
@!!already:false
@!!END

@!!BEGIN
@!!type:obligation
@!!id:1468
@!!loc:975:30:975:34
@!!status:trivial
@!!prover:tlapm
@!!already:false
@!!END

@!!BEGIN
@!!type:obligation
@!!id:1463
@!!loc:975:3:975:5
@!!status:proved
@!!prover:smt
@!!meth:time-limit: 60; time-used: 3.7 (6%)
@!!already:false
@!!END

@!!BEGIN
@!!type:obligation
@!!id:1469
@!!loc:975:36:975:48
@!!status:trivial
@!!prover:tlapm
@!!already:false
@!!END

@!!BEGIN
@!!type:obligation
@!!id:1471
@!!loc:977:6:977:10
@!!status:trivial
@!!prover:tlapm
@!!already:false
@!!END

@!!BEGIN
@!!type:obligation
@!!id:1472
@!!loc:977:12:977:16
@!!status:trivial
@!!prover:tlapm
@!!already:false
@!!END

@!!BEGIN
@!!type:obligation
@!!id:1473
@!!loc:977:18:977:22
@!!status:trivial
@!!prover:tlapm
@!!already:false
@!!END

@!!BEGIN
@!!type:obligation
@!!id:1470
@!!loc:977:3:977:5
@!!status:proved
@!!prover:smt
@!!meth:time-limit: 60; time-used: 5.1 (8%)
@!!already:false
@!!END

@!!BEGIN
@!!type:obligation
@!!id:1475
@!!loc:978:19:978:23
@!!status:trivial
@!!prover:tlapm
@!!already:false
@!!END

@!!BEGIN
@!!type:obligation
@!!id:1476
@!!loc:978:25:978:29
@!!status:trivial
@!!prover:tlapm
@!!already:false
@!!END

@!!BEGIN
@!!type:obligation
@!!id:1477
@!!loc:978:31:978:35
@!!status:trivial
@!!prover:tlapm
@!!already:false
@!!END

@!!BEGIN
@!!type:obligation
@!!id:1478
@!!loc:978:37:978:42
@!!status:trivial
@!!prover:tlapm
@!!already:false
@!!END

@!!BEGIN
@!!type:obligation
@!!id:1479
@!!loc:978:44:978:49
@!!status:trivial
@!!prover:tlapm
@!!already:false
@!!END

@!!BEGIN
@!!type:obligation
@!!id:1474
@!!loc:978:16:978:18
@!!status:proved
@!!prover:smt
@!!meth:time-limit: 60; time-used: 3.0 (5%)
@!!already:false
@!!END

@!!BEGIN
@!!type:obligation
@!!id:1480
@!!loc:978:51:978:62
@!!status:trivial
@!!prover:tlapm
@!!already:false
@!!END

@!!BEGIN
@!!type:obligation
@!!id:1481
@!!loc:1009:10:1009:12
@!!status:proved
@!!prover:smt
@!!meth:time-limit: 60
@!!already:true
@!!END

@!!BEGIN
@!!type:obligation
@!!id:1482
@!!loc:1009:13:1009:17
@!!status:trivial
@!!prover:tlapm
@!!already:false
@!!END

@!!BEGIN
@!!type:obligation
@!!id:1483
@!!loc:1009:19:1009:23
@!!status:trivial
@!!prover:tlapm
@!!already:false
@!!END

@!!BEGIN
@!!type:obligation
@!!id:1484
@!!loc:1009:25:1009:30
@!!status:trivial
@!!prover:tlapm
@!!already:false
@!!END

@!!BEGIN
@!!type:obligation
@!!id:1485
@!!loc:984:14:984:16
@!!status:proved
@!!prover:smt
@!!meth:time-limit: 60
@!!already:true
@!!END

@!!BEGIN
@!!type:obligation
@!!id:1486
@!!loc:985:44:985:46
@!!status:proved
@!!prover:smt
@!!meth:time-limit: 60
@!!already:true
@!!END

@!!BEGIN
@!!type:obligation
@!!id:1487
@!!loc:986:14:986:16
@!!status:proved
@!!prover:smt
@!!meth:time-limit: 60
@!!already:true
@!!END

@!!BEGIN
@!!type:obligation
@!!id:1488
@!!loc:987:23:987:25
@!!status:proved
@!!prover:smt
@!!meth:time-limit: 60
@!!already:true
@!!END

@!!BEGIN
@!!type:obligation
@!!id:1489
@!!loc:987:26:987:30
@!!status:trivial
@!!prover:tlapm
@!!already:false
@!!END

@!!BEGIN
@!!type:obligation
@!!id:1490
@!!loc:988:80:988:82
@!!status:proved
@!!prover:smt
@!!meth:time-limit: 60
@!!already:true
@!!END

@!!BEGIN
@!!type:obligation
@!!id:1491
@!!loc:988:83:988:87
@!!status:trivial
@!!prover:tlapm
@!!already:false
@!!END

@!!BEGIN
@!!type:obligation
@!!id:1493
@!!loc:993:12:993:19
@!!status:proved
@!!prover:smt
@!!meth:time-limit: 60
@!!already:true
@!!END

@!!BEGIN
@!!type:obligation
@!!id:1492
@!!loc:992:3:992:5
@!!status:proved
@!!prover:smt
@!!meth:time-limit: 60; time-used: 32.3 (54%)
@!!already:false
@!!END

@!!BEGIN
@!!type:obligation
@!!id:1495
@!!loc:995:6:995:10
@!!status:trivial
@!!prover:tlapm
@!!already:false
@!!END

@!!BEGIN
@!!type:obligation
@!!id:1496
@!!loc:995:12:995:24
@!!status:trivial
@!!prover:tlapm
@!!already:false
@!!END

@!!BEGIN
@!!type:obligation
@!!id:1494
@!!loc:995:3:995:5
@!!status:proved
@!!prover:smt
@!!meth:time-limit: 60; time-used: 35.0 (58%)
@!!already:false
@!!END

@!!BEGIN
@!!type:obligation
@!!id:1498
@!!loc:996:38:996:42
@!!status:trivial
@!!prover:tlapm
@!!already:false
@!!END

@!!BEGIN
@!!type:obligation
@!!id:1499
@!!loc:996:44:996:48
@!!status:trivial
@!!prover:tlapm
@!!already:false
@!!END

@!!BEGIN
@!!type:obligation
@!!id:1500
@!!loc:996:50:996:54
@!!status:trivial
@!!prover:tlapm
@!!already:false
@!!END

@!!BEGIN
@!!type:obligation
@!!id:1501
@!!loc:996:56:996:68
@!!status:trivial
@!!prover:tlapm
@!!already:false
@!!END

@!!BEGIN
@!!type:obligation
@!!id:1502
@!!loc:998:3:998:5
@!!status:proved
@!!prover:smt
@!!meth:time-limit: 60
@!!already:true
@!!END

@!!BEGIN
@!!type:obligation
@!!id:1503
@!!loc:998:6:998:10
@!!status:trivial
@!!prover:tlapm
@!!already:false
@!!END

@!!BEGIN
@!!type:obligation
@!!id:1497
@!!loc:996:35:996:37
@!!status:proved
@!!prover:smt
@!!meth:time-limit: 60; time-used: 3.5 (6%)
@!!already:false
@!!END

@!!BEGIN
@!!type:obligation
@!!id:1504
@!!loc:998:12:998:16
@!!status:trivial
@!!prover:tlapm
@!!already:false
@!!END

@!!BEGIN
@!!type:obligation
@!!id:1505
@!!loc:998:18:998:22
@!!status:trivial
@!!prover:tlapm
@!!already:false
@!!END

@!!BEGIN
@!!type:obligation
@!!id:1506
@!!loc:998:24:998:32
@!!status:trivial
@!!prover:tlapm
@!!already:false
@!!END

@!!BEGIN
@!!type:obligation
@!!id:1507
@!!loc:999:15:999:17
@!!status:proved
@!!prover:smt
@!!meth:time-limit: 60
@!!already:true
@!!END

@!!BEGIN
@!!type:obligation
@!!id:1508
@!!loc:999:18:999:22
@!!status:trivial
@!!prover:tlapm
@!!already:false
@!!END

@!!BEGIN
@!!type:obligation
@!!id:1509
@!!loc:999:24:999:28
@!!status:trivial
@!!prover:tlapm
@!!already:false
@!!END

@!!BEGIN
@!!type:obligation
@!!id:1510
@!!loc:999:30:999:34
@!!status:trivial
@!!prover:tlapm
@!!already:false
@!!END

@!!BEGIN
@!!type:obligation
@!!id:1511
@!!loc:999:36:999:40
@!!status:trivial
@!!prover:tlapm
@!!already:false
@!!END

@!!BEGIN
@!!type:obligation
@!!id:1512
@!!loc:999:42:999:53
@!!status:trivial
@!!prover:tlapm
@!!already:false
@!!END

@!!BEGIN
@!!type:obligation
@!!id:1514
@!!loc:1000:18:1000:22
@!!status:trivial
@!!prover:tlapm
@!!already:false
@!!END

@!!BEGIN
@!!type:obligation
@!!id:1515
@!!loc:1000:24:1000:28
@!!status:trivial
@!!prover:tlapm
@!!already:false
@!!END

@!!BEGIN
@!!type:obligation
@!!id:1516
@!!loc:1000:30:1000:34
@!!status:trivial
@!!prover:tlapm
@!!already:false
@!!END

@!!BEGIN
@!!type:obligation
@!!id:1517
@!!loc:1000:36:1000:40
@!!status:trivial
@!!prover:tlapm
@!!already:false
@!!END

@!!BEGIN
@!!type:obligation
@!!id:1518
@!!loc:1000:42:1000:46
@!!status:trivial
@!!prover:tlapm
@!!already:false
@!!END

@!!BEGIN
@!!type:obligation
@!!id:1513
@!!loc:1000:15:1000:17
@!!status:proved
@!!prover:smt
@!!meth:time-limit: 60; time-used: 3.6 (6%)
@!!already:false
@!!END

@!!BEGIN
@!!type:obligation
@!!id:1519
@!!loc:1000:48:1000:52
@!!status:trivial
@!!prover:tlapm
@!!already:false
@!!END

@!!BEGIN
@!!type:obligation
@!!id:1521
@!!loc:1001:50:1001:54
@!!status:trivial
@!!prover:tlapm
@!!already:false
@!!END

@!!BEGIN
@!!type:obligation
@!!id:1522
@!!loc:1001:56:1001:60
@!!status:trivial
@!!prover:tlapm
@!!already:false
@!!END

@!!BEGIN
@!!type:obligation
@!!id:1523
@!!loc:1001:62:1001:66
@!!status:trivial
@!!prover:tlapm
@!!already:false
@!!END

@!!BEGIN
@!!type:obligation
@!!id:1524
@!!loc:1001:68:1001:72
@!!status:trivial
@!!prover:tlapm
@!!already:false
@!!END

@!!BEGIN
@!!type:obligation
@!!id:1525
@!!loc:1001:74:1001:78
@!!status:trivial
@!!prover:tlapm
@!!already:false
@!!END

@!!BEGIN
@!!type:obligation
@!!id:1520
@!!loc:1001:47:1001:49
@!!status:proved
@!!prover:smt
@!!meth:time-limit: 60; time-used: 3.3 (6%)
@!!already:false
@!!END

@!!BEGIN
@!!type:obligation
@!!id:1527
@!!loc:1003:6:1003:10
@!!status:trivial
@!!prover:tlapm
@!!already:false
@!!END

@!!BEGIN
@!!type:obligation
@!!id:1528
@!!loc:1003:12:1003:16
@!!status:trivial
@!!prover:tlapm
@!!already:false
@!!END

@!!BEGIN
@!!type:obligation
@!!id:1529
@!!loc:1003:18:1003:22
@!!status:trivial
@!!prover:tlapm
@!!already:false
@!!END

@!!BEGIN
@!!type:obligation
@!!id:1530
@!!loc:1003:24:1003:28
@!!status:trivial
@!!prover:tlapm
@!!already:false
@!!END

@!!BEGIN
@!!type:obligation
@!!id:1531
@!!loc:1003:30:1003:42
@!!status:trivial
@!!prover:tlapm
@!!already:false
@!!END

@!!BEGIN
@!!type:obligation
@!!id:1526
@!!loc:1003:3:1003:5
@!!status:proved
@!!prover:smt
@!!meth:time-limit: 60; time-used: 3.5 (6%)
@!!already:false
@!!END

@!!BEGIN
@!!type:obligation
@!!id:1533
@!!loc:1005:6:1005:10
@!!status:trivial
@!!prover:tlapm
@!!already:false
@!!END

@!!BEGIN
@!!type:obligation
@!!id:1534
@!!loc:1005:12:1005:16
@!!status:trivial
@!!prover:tlapm
@!!already:false
@!!END

@!!BEGIN
@!!type:obligation
@!!id:1535
@!!loc:1005:18:1005:22
@!!status:trivial
@!!prover:tlapm
@!!already:false
@!!END

@!!BEGIN
@!!type:obligation
@!!id:1536
@!!loc:1005:24:1005:28
@!!status:trivial
@!!prover:tlapm
@!!already:false
@!!END

@!!BEGIN
@!!type:obligation
@!!id:1537
@!!loc:1005:30:1005:34
@!!status:trivial
@!!prover:tlapm
@!!already:false
@!!END

@!!BEGIN
@!!type:obligation
@!!id:1538
@!!loc:1005:36:1005:48
@!!status:trivial
@!!prover:tlapm
@!!already:false
@!!END

@!!BEGIN
@!!type:obligation
@!!id:1539
@!!loc:1007:3:1007:5
@!!status:proved
@!!prover:smt
@!!meth:time-limit: 60
@!!already:true
@!!END

@!!BEGIN
@!!type:obligation
@!!id:1540
@!!loc:1007:6:1007:10
@!!status:trivial
@!!prover:tlapm
@!!already:false
@!!END

@!!BEGIN
@!!type:obligation
@!!id:1532
@!!loc:1005:3:1005:5
@!!status:proved
@!!prover:smt
@!!meth:time-limit: 60; time-used: 3.1 (5%)
@!!already:false
@!!END

@!!BEGIN
@!!type:obligation
@!!id:1541
@!!loc:1007:12:1007:16
@!!status:trivial
@!!prover:tlapm
@!!already:false
@!!END

@!!BEGIN
@!!type:obligation
@!!id:1542
@!!loc:1007:18:1007:22
@!!status:trivial
@!!prover:tlapm
@!!already:false
@!!END

@!!BEGIN
@!!type:obligation
@!!id:1543
@!!loc:1008:16:1008:18
@!!status:proved
@!!prover:smt
@!!meth:time-limit: 60
@!!already:true
@!!END

@!!BEGIN
@!!type:obligation
@!!id:1544
@!!loc:1008:19:1008:23
@!!status:trivial
@!!prover:tlapm
@!!already:false
@!!END

@!!BEGIN
@!!type:obligation
@!!id:1545
@!!loc:1008:25:1008:29
@!!status:trivial
@!!prover:tlapm
@!!already:false
@!!END

@!!BEGIN
@!!type:obligation
@!!id:1546
@!!loc:1008:31:1008:35
@!!status:trivial
@!!prover:tlapm
@!!already:false
@!!END

@!!BEGIN
@!!type:obligation
@!!id:1547
@!!loc:1008:37:1008:42
@!!status:trivial
@!!prover:tlapm
@!!already:false
@!!END

@!!BEGIN
@!!type:obligation
@!!id:1548
@!!loc:1008:44:1008:49
@!!status:trivial
@!!prover:tlapm
@!!already:false
@!!END

@!!BEGIN
@!!type:obligation
@!!id:1549
@!!loc:1008:51:1008:62
@!!status:trivial
@!!prover:tlapm
@!!already:false
@!!END

@!!BEGIN
@!!type:obligation
@!!id:1551
@!!loc:1049:13:1049:18
@!!status:trivial
@!!prover:tlapm
@!!already:false
@!!END

@!!BEGIN
@!!type:obligation
@!!id:1552
@!!loc:1049:20:1049:25
@!!status:trivial
@!!prover:tlapm
@!!already:false
@!!END

@!!BEGIN
@!!type:obligation
@!!id:1553
@!!loc:1049:27:1049:32
@!!status:trivial
@!!prover:tlapm
@!!already:false
@!!END

@!!BEGIN
@!!type:obligation
@!!id:1554
@!!loc:1014:14:1014:16
@!!status:proved
@!!prover:smt
@!!meth:time-limit: 60
@!!already:true
@!!END

@!!BEGIN
@!!type:obligation
@!!id:1555
@!!loc:1015:44:1015:46
@!!status:proved
@!!prover:smt
@!!meth:time-limit: 60
@!!already:true
@!!END

@!!BEGIN
@!!type:obligation
@!!id:1556
@!!loc:1016:14:1016:16
@!!status:proved
@!!prover:smt
@!!meth:time-limit: 60
@!!already:true
@!!END

@!!BEGIN
@!!type:obligation
@!!id:1557
@!!loc:1017:23:1017:25
@!!status:proved
@!!prover:smt
@!!meth:time-limit: 60
@!!already:true
@!!END

@!!BEGIN
@!!type:obligation
@!!id:1558
@!!loc:1017:26:1017:30
@!!status:trivial
@!!prover:tlapm
@!!already:false
@!!END

@!!BEGIN
@!!type:obligation
@!!id:1559
@!!loc:1018:80:1018:82
@!!status:proved
@!!prover:smt
@!!meth:time-limit: 60
@!!already:true
@!!END

@!!BEGIN
@!!type:obligation
@!!id:1560
@!!loc:1018:83:1018:87
@!!status:trivial
@!!prover:tlapm
@!!already:false
@!!END

@!!BEGIN
@!!type:obligation
@!!id:1550
@!!loc:1049:10:1049:12
@!!status:proved
@!!prover:smt
@!!meth:time-limit: 60; time-used: 4.3 (7%)
@!!already:false
@!!END

@!!BEGIN
@!!type:obligation
@!!id:1563
@!!loc:1026:3:1026:5
@!!status:proved
@!!prover:smt
@!!meth:time-limit: 60; time-used: 22.5 (38%)
@!!already:false
@!!END

@!!BEGIN
@!!type:obligation
@!!id:1561
@!!loc:1023:3:1023:5
@!!status:proved
@!!prover:smt
@!!meth:time-limit: 60; time-used: 23.9 (40%)
@!!already:false
@!!END

@!!BEGIN
@!!type:obligation
@!!id:1565
@!!loc:1029:6:1029:10
@!!status:trivial
@!!prover:tlapm
@!!already:false
@!!END

@!!BEGIN
@!!type:obligation
@!!id:1566
@!!loc:1029:12:1029:24
@!!status:trivial
@!!prover:tlapm
@!!already:false
@!!END

@!!BEGIN
@!!type:obligation
@!!id:1568
@!!loc:1030:37:1030:41
@!!status:trivial
@!!prover:tlapm
@!!already:false
@!!END

@!!BEGIN
@!!type:obligation
@!!id:1569
@!!loc:1030:43:1030:52
@!!status:trivial
@!!prover:tlapm
@!!already:false
@!!END

@!!BEGIN
@!!type:obligation
@!!id:1567
@!!loc:1030:34:1030:36
@!!status:proved
@!!prover:smt
@!!meth:time-limit: 60; time-used: 24.1 (40%)
@!!already:false
@!!END

@!!BEGIN
@!!type:obligation
@!!id:1564
@!!loc:1029:3:1029:5
@!!status:proved
@!!prover:smt
@!!meth:time-limit: 60; time-used: 26.0 (43%)
@!!already:false
@!!END

@!!BEGIN
@!!type:obligation
@!!id:1571
@!!loc:1033:6:1033:10
@!!status:trivial
@!!prover:tlapm
@!!already:false
@!!END

@!!BEGIN
@!!type:obligation
@!!id:1572
@!!loc:1033:12:1033:16
@!!status:trivial
@!!prover:tlapm
@!!already:false
@!!END

@!!BEGIN
@!!type:obligation
@!!id:1573
@!!loc:1033:18:1033:30
@!!status:trivial
@!!prover:tlapm
@!!already:false
@!!END

@!!BEGIN
@!!type:obligation
@!!id:1570
@!!loc:1033:3:1033:5
@!!status:proved
@!!prover:smt
@!!meth:time-limit: 60; time-used: 25.5 (43%)
@!!already:false
@!!END

@!!BEGIN
@!!type:obligation
@!!id:1575
@!!loc:1035:6:1035:10
@!!status:trivial
@!!prover:tlapm
@!!already:false
@!!END

@!!BEGIN
@!!type:obligation
@!!id:1576
@!!loc:1035:12:1035:16
@!!status:trivial
@!!prover:tlapm
@!!already:false
@!!END

@!!BEGIN
@!!type:obligation
@!!id:1577
@!!loc:1035:18:1035:22
@!!status:trivial
@!!prover:tlapm
@!!already:false
@!!END

@!!BEGIN
@!!type:obligation
@!!id:1578
@!!loc:1035:24:1035:33
@!!status:trivial
@!!prover:tlapm
@!!already:false
@!!END

@!!BEGIN
@!!type:obligation
@!!id:1579
@!!loc:1035:35:1035:47
@!!status:trivial
@!!prover:tlapm
@!!already:false
@!!END

@!!BEGIN
@!!type:obligation
@!!id:1574
@!!loc:1035:3:1035:5
@!!status:proved
@!!prover:smt
@!!meth:time-limit: 60; time-used: 28.2 (47%)
@!!already:false
@!!END

@!!BEGIN
@!!type:obligation
@!!id:1581
@!!loc:1037:6:1037:10
@!!status:trivial
@!!prover:tlapm
@!!already:false
@!!END

@!!BEGIN
@!!type:obligation
@!!id:1582
@!!loc:1037:12:1037:16
@!!status:trivial
@!!prover:tlapm
@!!already:false
@!!END

@!!BEGIN
@!!type:obligation
@!!id:1583
@!!loc:1037:18:1037:22
@!!status:trivial
@!!prover:tlapm
@!!already:false
@!!END

@!!BEGIN
@!!type:obligation
@!!id:1584
@!!loc:1037:24:1037:28
@!!status:trivial
@!!prover:tlapm
@!!already:false
@!!END

@!!BEGIN
@!!type:obligation
@!!id:1585
@!!loc:1037:30:1037:34
@!!status:trivial
@!!prover:tlapm
@!!already:false
@!!END

@!!BEGIN
@!!type:obligation
@!!id:1586
@!!loc:1037:36:1037:48
@!!status:trivial
@!!prover:tlapm
@!!already:false
@!!END

@!!BEGIN
@!!type:obligation
@!!id:1580
@!!loc:1037:3:1037:5
@!!status:proved
@!!prover:smt
@!!meth:time-limit: 60; time-used: 3.1 (5%)
@!!already:false
@!!END

@!!BEGIN
@!!type:obligation
@!!id:1588
@!!loc:1039:6:1039:10
@!!status:trivial
@!!prover:tlapm
@!!already:false
@!!END

@!!BEGIN
@!!type:obligation
@!!id:1589
@!!loc:1039:12:1039:16
@!!status:trivial
@!!prover:tlapm
@!!already:false
@!!END

@!!BEGIN
@!!type:obligation
@!!id:1590
@!!loc:1039:18:1039:22
@!!status:trivial
@!!prover:tlapm
@!!already:false
@!!END

@!!BEGIN
@!!type:obligation
@!!id:1591
@!!loc:1039:24:1039:32
@!!status:trivial
@!!prover:tlapm
@!!already:false
@!!END

@!!BEGIN
@!!type:obligation
@!!id:1587
@!!loc:1039:3:1039:5
@!!status:proved
@!!prover:smt
@!!meth:time-limit: 60; time-used: 4.9 (8%)
@!!already:false
@!!END

@!!BEGIN
@!!type:obligation
@!!id:1593
@!!loc:1040:18:1040:22
@!!status:trivial
@!!prover:tlapm
@!!already:false
@!!END

@!!BEGIN
@!!type:obligation
@!!id:1594
@!!loc:1040:24:1040:28
@!!status:trivial
@!!prover:tlapm
@!!already:false
@!!END

@!!BEGIN
@!!type:obligation
@!!id:1595
@!!loc:1040:30:1040:34
@!!status:trivial
@!!prover:tlapm
@!!already:false
@!!END

@!!BEGIN
@!!type:obligation
@!!id:1596
@!!loc:1040:36:1040:47
@!!status:trivial
@!!prover:tlapm
@!!already:false
@!!END

@!!BEGIN
@!!type:obligation
@!!id:1592
@!!loc:1040:15:1040:17
@!!status:proved
@!!prover:smt
@!!meth:time-limit: 60; time-used: 4.2 (7%)
@!!already:false
@!!END

@!!BEGIN
@!!type:obligation
@!!id:1598
@!!loc:1041:19:1041:23
@!!status:trivial
@!!prover:tlapm
@!!already:false
@!!END

@!!BEGIN
@!!type:obligation
@!!id:1599
@!!loc:1041:25:1041:29
@!!status:trivial
@!!prover:tlapm
@!!already:false
@!!END

@!!BEGIN
@!!type:obligation
@!!id:1600
@!!loc:1041:31:1041:35
@!!status:trivial
@!!prover:tlapm
@!!already:false
@!!END

@!!BEGIN
@!!type:obligation
@!!id:1601
@!!loc:1041:37:1041:41
@!!status:trivial
@!!prover:tlapm
@!!already:false
@!!END

@!!BEGIN
@!!type:obligation
@!!id:1602
@!!loc:1041:43:1041:47
@!!status:trivial
@!!prover:tlapm
@!!already:false
@!!END

@!!BEGIN
@!!type:obligation
@!!id:1603
@!!loc:1041:49:1041:53
@!!status:trivial
@!!prover:tlapm
@!!already:false
@!!END

@!!BEGIN
@!!type:obligation
@!!id:1597
@!!loc:1041:16:1041:18
@!!status:proved
@!!prover:smt
@!!meth:time-limit: 60; time-used: 3.2 (5%)
@!!already:false
@!!END

@!!BEGIN
@!!type:obligation
@!!id:1605
@!!loc:1042:51:1042:55
@!!status:trivial
@!!prover:tlapm
@!!already:false
@!!END

@!!BEGIN
@!!type:obligation
@!!id:1606
@!!loc:1042:57:1042:61
@!!status:trivial
@!!prover:tlapm
@!!already:false
@!!END

@!!BEGIN
@!!type:obligation
@!!id:1604
@!!loc:1042:48:1042:50
@!!status:proved
@!!prover:smt
@!!meth:time-limit: 60; time-used: 15.3 (26%)
@!!already:false
@!!END

@!!BEGIN
@!!type:obligation
@!!id:1608
@!!loc:1045:6:1045:10
@!!status:trivial
@!!prover:tlapm
@!!already:false
@!!END

@!!BEGIN
@!!type:obligation
@!!id:1609
@!!loc:1045:12:1045:16
@!!status:trivial
@!!prover:tlapm
@!!already:false
@!!END

@!!BEGIN
@!!type:obligation
@!!id:1610
@!!loc:1045:18:1045:22
@!!status:trivial
@!!prover:tlapm
@!!already:false
@!!END

@!!BEGIN
@!!type:obligation
@!!id:1611
@!!loc:1045:24:1045:28
@!!status:trivial
@!!prover:tlapm
@!!already:false
@!!END

@!!BEGIN
@!!type:obligation
@!!id:1607
@!!loc:1045:3:1045:5
@!!status:proved
@!!prover:smt
@!!meth:time-limit: 60; time-used: 3.5 (6%)
@!!already:false
@!!END

@!!BEGIN
@!!type:obligation
@!!id:1613
@!!loc:1047:6:1047:10
@!!status:trivial
@!!prover:tlapm
@!!already:false
@!!END

@!!BEGIN
@!!type:obligation
@!!id:1614
@!!loc:1047:12:1047:16
@!!status:trivial
@!!prover:tlapm
@!!already:false
@!!END

@!!BEGIN
@!!type:obligation
@!!id:1616
@!!loc:1048:19:1048:23
@!!status:trivial
@!!prover:tlapm
@!!already:false
@!!END

@!!BEGIN
@!!type:obligation
@!!id:1617
@!!loc:1048:25:1048:29
@!!status:trivial
@!!prover:tlapm
@!!already:false
@!!END

@!!BEGIN
@!!type:obligation
@!!id:1615
@!!loc:1048:16:1048:18
@!!status:proved
@!!prover:smt
@!!meth:time-limit: 60; time-used: 1.0 (2%)
@!!already:false
@!!END

@!!BEGIN
@!!type:obligation
@!!id:1612
@!!loc:1047:3:1047:5
@!!status:proved
@!!prover:smt
@!!meth:time-limit: 60; time-used: 3.4 (6%)
@!!already:false
@!!END

@!!BEGIN
@!!type:obligation
@!!id:1618
@!!loc:1048:31:1048:36
@!!status:trivial
@!!prover:tlapm
@!!already:false
@!!END

@!!BEGIN
@!!type:obligation
@!!id:1619
@!!loc:1048:38:1048:44
@!!status:trivial
@!!prover:tlapm
@!!already:false
@!!END

@!!BEGIN
@!!type:obligation
@!!id:1620
@!!loc:1048:46:1048:57
@!!status:trivial
@!!prover:tlapm
@!!already:false
@!!END

@!!BEGIN
@!!type:obligation
@!!id:1621
@!!loc:1080:10:1080:12
@!!status:proved
@!!prover:smt
@!!meth:time-limit: 60
@!!already:true
@!!END

@!!BEGIN
@!!type:obligation
@!!id:1622
@!!loc:1080:13:1080:17
@!!status:trivial
@!!prover:tlapm
@!!already:false
@!!END

@!!BEGIN
@!!type:obligation
@!!id:1623
@!!loc:1080:19:1080:23
@!!status:trivial
@!!prover:tlapm
@!!already:false
@!!END

@!!BEGIN
@!!type:obligation
@!!id:1624
@!!loc:1080:25:1080:30
@!!status:trivial
@!!prover:tlapm
@!!already:false
@!!END

@!!BEGIN
@!!type:obligation
@!!id:1625
@!!loc:1057:14:1057:16
@!!status:proved
@!!prover:smt
@!!meth:time-limit: 60
@!!already:true
@!!END

@!!BEGIN
@!!type:obligation
@!!id:1626
@!!loc:1058:44:1058:46
@!!status:proved
@!!prover:smt
@!!meth:time-limit: 60
@!!already:true
@!!END

@!!BEGIN
@!!type:obligation
@!!id:1627
@!!loc:1059:14:1059:16
@!!status:proved
@!!prover:smt
@!!meth:time-limit: 60
@!!already:true
@!!END

@!!BEGIN
@!!type:obligation
@!!id:1628
@!!loc:1060:23:1060:25
@!!status:proved
@!!prover:smt
@!!meth:time-limit: 60
@!!already:true
@!!END

@!!BEGIN
@!!type:obligation
@!!id:1629
@!!loc:1060:26:1060:30
@!!status:trivial
@!!prover:tlapm
@!!already:false
@!!END

@!!BEGIN
@!!type:obligation
@!!id:1630
@!!loc:1061:80:1061:82
@!!status:proved
@!!prover:smt
@!!meth:time-limit: 60
@!!already:true
@!!END

@!!BEGIN
@!!type:obligation
@!!id:1631
@!!loc:1061:83:1061:87
@!!status:trivial
@!!prover:tlapm
@!!already:false
@!!END

@!!BEGIN
@!!type:obligation
@!!id:1633
@!!loc:1066:12:1066:19
@!!status:proved
@!!prover:smt
@!!meth:time-limit: 60
@!!already:true
@!!END

@!!BEGIN
@!!type:obligation
@!!id:1632
@!!loc:1065:3:1065:5
@!!status:proved
@!!prover:smt
@!!meth:time-limit: 60; time-used: 24.7 (41%)
@!!already:false
@!!END

@!!BEGIN
@!!type:obligation
@!!id:1635
@!!loc:1067:35:1067:39
@!!status:trivial
@!!prover:tlapm
@!!already:false
@!!END

@!!BEGIN
@!!type:obligation
@!!id:1636
@!!loc:1067:41:1067:45
@!!status:trivial
@!!prover:tlapm
@!!already:false
@!!END

@!!BEGIN
@!!type:obligation
@!!id:1637
@!!loc:1067:47:1067:59
@!!status:trivial
@!!prover:tlapm
@!!already:false
@!!END

@!!BEGIN
@!!type:obligation
@!!id:1638
@!!loc:1069:3:1069:5
@!!status:proved
@!!prover:smt
@!!meth:time-limit: 60
@!!already:true
@!!END

@!!BEGIN
@!!type:obligation
@!!id:1639
@!!loc:1069:6:1069:10
@!!status:trivial
@!!prover:tlapm
@!!already:false
@!!END

@!!BEGIN
@!!type:obligation
@!!id:1640
@!!loc:1069:12:1069:16
@!!status:trivial
@!!prover:tlapm
@!!already:false
@!!END

@!!BEGIN
@!!type:obligation
@!!id:1641
@!!loc:1069:18:1069:22
@!!status:trivial
@!!prover:tlapm
@!!already:false
@!!END

@!!BEGIN
@!!type:obligation
@!!id:1642
@!!loc:1069:24:1069:32
@!!status:trivial
@!!prover:tlapm
@!!already:false
@!!END

@!!BEGIN
@!!type:obligation
@!!id:1643
@!!loc:1070:15:1070:17
@!!status:proved
@!!prover:smt
@!!meth:time-limit: 60
@!!already:true
@!!END

@!!BEGIN
@!!type:obligation
@!!id:1634
@!!loc:1067:32:1067:34
@!!status:proved
@!!prover:smt
@!!meth:time-limit: 60; time-used: 3.0 (5%)
@!!already:false
@!!END

@!!BEGIN
@!!type:obligation
@!!id:1644
@!!loc:1070:18:1070:22
@!!status:trivial
@!!prover:tlapm
@!!already:false
@!!END

@!!BEGIN
@!!type:obligation
@!!id:1645
@!!loc:1070:24:1070:28
@!!status:trivial
@!!prover:tlapm
@!!already:false
@!!END

@!!BEGIN
@!!type:obligation
@!!id:1646
@!!loc:1070:30:1070:34
@!!status:trivial
@!!prover:tlapm
@!!already:false
@!!END

@!!BEGIN
@!!type:obligation
@!!id:1647
@!!loc:1070:36:1070:40
@!!status:trivial
@!!prover:tlapm
@!!already:false
@!!END

@!!BEGIN
@!!type:obligation
@!!id:1648
@!!loc:1070:42:1070:53
@!!status:trivial
@!!prover:tlapm
@!!already:false
@!!END

@!!BEGIN
@!!type:obligation
@!!id:1649
@!!loc:1071:15:1071:17
@!!status:proved
@!!prover:smt
@!!meth:time-limit: 60
@!!already:true
@!!END

@!!BEGIN
@!!type:obligation
@!!id:1650
@!!loc:1071:18:1071:22
@!!status:trivial
@!!prover:tlapm
@!!already:false
@!!END

@!!BEGIN
@!!type:obligation
@!!id:1651
@!!loc:1071:24:1071:28
@!!status:trivial
@!!prover:tlapm
@!!already:false
@!!END

@!!BEGIN
@!!type:obligation
@!!id:1652
@!!loc:1071:30:1071:34
@!!status:trivial
@!!prover:tlapm
@!!already:false
@!!END

@!!BEGIN
@!!type:obligation
@!!id:1653
@!!loc:1071:36:1071:40
@!!status:trivial
@!!prover:tlapm
@!!already:false
@!!END

@!!BEGIN
@!!type:obligation
@!!id:1654
@!!loc:1071:42:1071:46
@!!status:trivial
@!!prover:tlapm
@!!already:false
@!!END

@!!BEGIN
@!!type:obligation
@!!id:1655
@!!loc:1072:47:1072:49
@!!status:proved
@!!prover:smt
@!!meth:time-limit: 60
@!!already:true
@!!END

@!!BEGIN
@!!type:obligation
@!!id:1656
@!!loc:1072:50:1072:54
@!!status:trivial
@!!prover:tlapm
@!!already:false
@!!END

@!!BEGIN
@!!type:obligation
@!!id:1657
@!!loc:1072:56:1072:60
@!!status:trivial
@!!prover:tlapm
@!!already:false
@!!END

@!!BEGIN
@!!type:obligation
@!!id:1658
@!!loc:1072:62:1072:66
@!!status:trivial
@!!prover:tlapm
@!!already:false
@!!END

@!!BEGIN
@!!type:obligation
@!!id:1659
@!!loc:1072:68:1072:72
@!!status:trivial
@!!prover:tlapm
@!!already:false
@!!END

@!!BEGIN
@!!type:obligation
@!!id:1661
@!!loc:1074:6:1074:10
@!!status:trivial
@!!prover:tlapm
@!!already:false
@!!END

@!!BEGIN
@!!type:obligation
@!!id:1662
@!!loc:1074:12:1074:16
@!!status:trivial
@!!prover:tlapm
@!!already:false
@!!END

@!!BEGIN
@!!type:obligation
@!!id:1663
@!!loc:1074:18:1074:22
@!!status:trivial
@!!prover:tlapm
@!!already:false
@!!END

@!!BEGIN
@!!type:obligation
@!!id:1664
@!!loc:1074:24:1074:28
@!!status:trivial
@!!prover:tlapm
@!!already:false
@!!END

@!!BEGIN
@!!type:obligation
@!!id:1665
@!!loc:1074:30:1074:42
@!!status:trivial
@!!prover:tlapm
@!!already:false
@!!END

@!!BEGIN
@!!type:obligation
@!!id:1660
@!!loc:1074:3:1074:5
@!!status:proved
@!!prover:smt
@!!meth:time-limit: 60; time-used: 27.9 (46%)
@!!already:false
@!!END

@!!BEGIN
@!!type:obligation
@!!id:1667
@!!loc:1076:6:1076:10
@!!status:trivial
@!!prover:tlapm
@!!already:false
@!!END

@!!BEGIN
@!!type:obligation
@!!id:1668
@!!loc:1076:12:1076:16
@!!status:trivial
@!!prover:tlapm
@!!already:false
@!!END

@!!BEGIN
@!!type:obligation
@!!id:1669
@!!loc:1076:18:1076:22
@!!status:trivial
@!!prover:tlapm
@!!already:false
@!!END

@!!BEGIN
@!!type:obligation
@!!id:1670
@!!loc:1076:24:1076:28
@!!status:trivial
@!!prover:tlapm
@!!already:false
@!!END

@!!BEGIN
@!!type:obligation
@!!id:1671
@!!loc:1076:30:1076:42
@!!status:trivial
@!!prover:tlapm
@!!already:false
@!!END

@!!BEGIN
@!!type:obligation
@!!id:1672
@!!loc:1078:3:1078:5
@!!status:proved
@!!prover:smt
@!!meth:time-limit: 60
@!!already:true
@!!END

@!!BEGIN
@!!type:obligation
@!!id:1673
@!!loc:1078:6:1078:10
@!!status:trivial
@!!prover:tlapm
@!!already:false
@!!END

@!!BEGIN
@!!type:obligation
@!!id:1674
@!!loc:1078:12:1078:16
@!!status:trivial
@!!prover:tlapm
@!!already:false
@!!END

@!!BEGIN
@!!type:obligation
@!!id:1666
@!!loc:1076:3:1076:5
@!!status:proved
@!!prover:smt
@!!meth:time-limit: 60; time-used: 3.0 (5%)
@!!already:false
@!!END

@!!BEGIN
@!!type:obligation
@!!id:1675
@!!loc:1078:18:1078:22
@!!status:trivial
@!!prover:tlapm
@!!already:false
@!!END

@!!BEGIN
@!!type:obligation
@!!id:1676
@!!loc:1079:16:1079:18
@!!status:proved
@!!prover:smt
@!!meth:time-limit: 60
@!!already:true
@!!END

@!!BEGIN
@!!type:obligation
@!!id:1677
@!!loc:1079:19:1079:23
@!!status:trivial
@!!prover:tlapm
@!!already:false
@!!END

@!!BEGIN
@!!type:obligation
@!!id:1678
@!!loc:1079:25:1079:29
@!!status:trivial
@!!prover:tlapm
@!!already:false
@!!END

@!!BEGIN
@!!type:obligation
@!!id:1679
@!!loc:1079:31:1079:35
@!!status:trivial
@!!prover:tlapm
@!!already:false
@!!END

@!!BEGIN
@!!type:obligation
@!!id:1680
@!!loc:1079:37:1079:41
@!!status:trivial
@!!prover:tlapm
@!!already:false
@!!END

@!!BEGIN
@!!type:obligation
@!!id:1681
@!!loc:1079:43:1079:48
@!!status:trivial
@!!prover:tlapm
@!!already:false
@!!END

@!!BEGIN
@!!type:obligation
@!!id:1682
@!!loc:1079:50:1079:61
@!!status:trivial
@!!prover:tlapm
@!!already:false
@!!END

@!!BEGIN
@!!type:obligation
@!!id:1683
@!!loc:1120:10:1120:12
@!!status:proved
@!!prover:smt
@!!meth:time-limit: 60
@!!already:true
@!!END

@!!BEGIN
@!!type:obligation
@!!id:1684
@!!loc:1120:13:1120:18
@!!status:trivial
@!!prover:tlapm
@!!already:false
@!!END

@!!BEGIN
@!!type:obligation
@!!id:1685
@!!loc:1120:20:1120:25
@!!status:trivial
@!!prover:tlapm
@!!already:false
@!!END

@!!BEGIN
@!!type:obligation
@!!id:1686
@!!loc:1120:27:1120:32
@!!status:trivial
@!!prover:tlapm
@!!already:false
@!!END

@!!BEGIN
@!!type:obligation
@!!id:1687
@!!loc:1085:14:1085:16
@!!status:proved
@!!prover:smt
@!!meth:time-limit: 60
@!!already:true
@!!END

@!!BEGIN
@!!type:obligation
@!!id:1688
@!!loc:1086:44:1086:46
@!!status:proved
@!!prover:smt
@!!meth:time-limit: 60
@!!already:true
@!!END

@!!BEGIN
@!!type:obligation
@!!id:1689
@!!loc:1087:14:1087:16
@!!status:proved
@!!prover:smt
@!!meth:time-limit: 60
@!!already:true
@!!END

@!!BEGIN
@!!type:obligation
@!!id:1690
@!!loc:1088:23:1088:25
@!!status:proved
@!!prover:smt
@!!meth:time-limit: 60
@!!already:true
@!!END

@!!BEGIN
@!!type:obligation
@!!id:1691
@!!loc:1088:26:1088:30
@!!status:trivial
@!!prover:tlapm
@!!already:false
@!!END

@!!BEGIN
@!!type:obligation
@!!id:1692
@!!loc:1089:80:1089:82
@!!status:proved
@!!prover:smt
@!!meth:time-limit: 60
@!!already:true
@!!END

@!!BEGIN
@!!type:obligation
@!!id:1693
@!!loc:1089:83:1089:87
@!!status:trivial
@!!prover:tlapm
@!!already:false
@!!END

@!!BEGIN
@!!type:obligation
@!!id:1697
@!!loc:1100:3:1100:5
@!!status:proved
@!!prover:smt
@!!meth:time-limit: 60
@!!already:true
@!!END

@!!BEGIN
@!!type:obligation
@!!id:1698
@!!loc:1102:3:1102:5
@!!status:proved
@!!prover:smt
@!!meth:time-limit: 60
@!!already:true
@!!END

@!!BEGIN
@!!type:obligation
@!!id:1699
@!!loc:1102:6:1102:10
@!!status:trivial
@!!prover:tlapm
@!!already:false
@!!END

@!!BEGIN
@!!type:obligation
@!!id:1700
@!!loc:1102:12:1102:21
@!!status:trivial
@!!prover:tlapm
@!!already:false
@!!END

@!!BEGIN
@!!type:obligation
@!!id:1701
@!!loc:1104:3:1104:5
@!!status:proved
@!!prover:smt
@!!meth:time-limit: 60
@!!already:true
@!!END

@!!BEGIN
@!!type:obligation
@!!id:1702
@!!loc:1104:6:1104:10
@!!status:trivial
@!!prover:tlapm
@!!already:false
@!!END

@!!BEGIN
@!!type:obligation
@!!id:1703
@!!loc:1104:12:1104:16
@!!status:trivial
@!!prover:tlapm
@!!already:false
@!!END

@!!BEGIN
@!!type:obligation
@!!id:1696
@!!loc:1098:3:1098:5
@!!status:proved
@!!prover:smt
@!!meth:time-limit: 60; time-used: 1.8 (3%)
@!!already:false
@!!END

@!!BEGIN
@!!type:obligation
@!!id:1694
@!!loc:1095:3:1095:5
@!!status:proved
@!!prover:smt
@!!meth:time-limit: 60; time-used: 3.2 (5%)
@!!already:false
@!!END

@!!BEGIN
@!!type:obligation
@!!id:1704
@!!loc:1104:18:1104:25
@!!status:trivial
@!!prover:tlapm
@!!already:false
@!!END

@!!BEGIN
@!!type:obligation
@!!id:1705
@!!loc:1106:3:1106:5
@!!status:proved
@!!prover:smt
@!!meth:time-limit: 60
@!!already:true
@!!END

@!!BEGIN
@!!type:obligation
@!!id:1706
@!!loc:1106:6:1106:10
@!!status:trivial
@!!prover:tlapm
@!!already:false
@!!END

@!!BEGIN
@!!type:obligation
@!!id:1707
@!!loc:1106:12:1106:16
@!!status:trivial
@!!prover:tlapm
@!!already:false
@!!END

@!!BEGIN
@!!type:obligation
@!!id:1708
@!!loc:1106:18:1106:30
@!!status:trivial
@!!prover:tlapm
@!!already:false
@!!END

@!!BEGIN
@!!type:obligation
@!!id:1710
@!!loc:1107:41:1107:45
@!!status:trivial
@!!prover:tlapm
@!!already:false
@!!END

@!!BEGIN
@!!type:obligation
@!!id:1711
@!!loc:1107:47:1107:51
@!!status:trivial
@!!prover:tlapm
@!!already:false
@!!END

@!!BEGIN
@!!type:obligation
@!!id:1712
@!!loc:1107:53:1107:57
@!!status:trivial
@!!prover:tlapm
@!!already:false
@!!END

@!!BEGIN
@!!type:obligation
@!!id:1713
@!!loc:1107:59:1107:63
@!!status:trivial
@!!prover:tlapm
@!!already:false
@!!END

@!!BEGIN
@!!type:obligation
@!!id:1714
@!!loc:1107:65:1107:69
@!!status:trivial
@!!prover:tlapm
@!!already:false
@!!END

@!!BEGIN
@!!type:obligation
@!!id:1715
@!!loc:1107:71:1107:75
@!!status:trivial
@!!prover:tlapm
@!!already:false
@!!END

@!!BEGIN
@!!type:obligation
@!!id:1709
@!!loc:1107:38:1107:40
@!!status:proved
@!!prover:smt
@!!meth:time-limit: 60; time-used: 3.2 (5%)
@!!already:false
@!!END

@!!BEGIN
@!!type:obligation
@!!id:1716
@!!loc:1107:77:1107:89
@!!status:trivial
@!!prover:tlapm
@!!already:false
@!!END

@!!BEGIN
@!!type:obligation
@!!id:1717
@!!loc:1109:3:1109:5
@!!status:proved
@!!prover:smt
@!!meth:time-limit: 60
@!!already:true
@!!END

@!!BEGIN
@!!type:obligation
@!!id:1718
@!!loc:1109:6:1109:10
@!!status:trivial
@!!prover:tlapm
@!!already:false
@!!END

@!!BEGIN
@!!type:obligation
@!!id:1719
@!!loc:1109:12:1109:16
@!!status:trivial
@!!prover:tlapm
@!!already:false
@!!END

@!!BEGIN
@!!type:obligation
@!!id:1720
@!!loc:1109:18:1109:22
@!!status:trivial
@!!prover:tlapm
@!!already:false
@!!END

@!!BEGIN
@!!type:obligation
@!!id:1721
@!!loc:1109:24:1109:32
@!!status:trivial
@!!prover:tlapm
@!!already:false
@!!END

@!!BEGIN
@!!type:obligation
@!!id:1723
@!!loc:1110:18:1110:22
@!!status:trivial
@!!prover:tlapm
@!!already:false
@!!END

@!!BEGIN
@!!type:obligation
@!!id:1724
@!!loc:1110:24:1110:28
@!!status:trivial
@!!prover:tlapm
@!!already:false
@!!END

@!!BEGIN
@!!type:obligation
@!!id:1725
@!!loc:1110:30:1110:34
@!!status:trivial
@!!prover:tlapm
@!!already:false
@!!END

@!!BEGIN
@!!type:obligation
@!!id:1726
@!!loc:1110:36:1110:40
@!!status:trivial
@!!prover:tlapm
@!!already:false
@!!END

@!!BEGIN
@!!type:obligation
@!!id:1727
@!!loc:1110:42:1110:53
@!!status:trivial
@!!prover:tlapm
@!!already:false
@!!END

@!!BEGIN
@!!type:obligation
@!!id:1722
@!!loc:1110:15:1110:17
@!!status:proved
@!!prover:smt
@!!meth:time-limit: 60; time-used: 4.8 (8%)
@!!already:false
@!!END

@!!BEGIN
@!!type:obligation
@!!id:1729
@!!loc:1111:19:1111:23
@!!status:trivial
@!!prover:tlapm
@!!already:false
@!!END

@!!BEGIN
@!!type:obligation
@!!id:1730
@!!loc:1111:25:1111:29
@!!status:trivial
@!!prover:tlapm
@!!already:false
@!!END

@!!BEGIN
@!!type:obligation
@!!id:1731
@!!loc:1111:31:1111:35
@!!status:trivial
@!!prover:tlapm
@!!already:false
@!!END

@!!BEGIN
@!!type:obligation
@!!id:1732
@!!loc:1111:37:1111:41
@!!status:trivial
@!!prover:tlapm
@!!already:false
@!!END

@!!BEGIN
@!!type:obligation
@!!id:1733
@!!loc:1111:43:1111:47
@!!status:trivial
@!!prover:tlapm
@!!already:false
@!!END

@!!BEGIN
@!!type:obligation
@!!id:1728
@!!loc:1111:16:1111:18
@!!status:proved
@!!prover:smt
@!!meth:time-limit: 60; time-used: 3.1 (5%)
@!!already:false
@!!END

@!!BEGIN
@!!type:obligation
@!!id:1734
@!!loc:1111:49:1111:53
@!!status:trivial
@!!prover:tlapm
@!!already:false
@!!END

@!!BEGIN
@!!type:obligation
@!!id:1735
@!!loc:1111:55:1111:59
@!!status:trivial
@!!prover:tlapm
@!!already:false
@!!END

@!!BEGIN
@!!type:obligation
@!!id:1736
@!!loc:1111:61:1111:65
@!!status:trivial
@!!prover:tlapm
@!!already:false
@!!END

@!!BEGIN
@!!type:obligation
@!!id:1737
@!!loc:1111:67:1111:71
@!!status:trivial
@!!prover:tlapm
@!!already:false
@!!END

@!!BEGIN
@!!type:obligation
@!!id:1739
@!!loc:1112:51:1112:55
@!!status:trivial
@!!prover:tlapm
@!!already:false
@!!END

@!!BEGIN
@!!type:obligation
@!!id:1740
@!!loc:1112:57:1112:61
@!!status:trivial
@!!prover:tlapm
@!!already:false
@!!END

@!!BEGIN
@!!type:obligation
@!!id:1741
@!!loc:1112:63:1112:67
@!!status:trivial
@!!prover:tlapm
@!!already:false
@!!END

@!!BEGIN
@!!type:obligation
@!!id:1742
@!!loc:1112:69:1112:73
@!!status:trivial
@!!prover:tlapm
@!!already:false
@!!END

@!!BEGIN
@!!type:obligation
@!!id:1738
@!!loc:1112:48:1112:50
@!!status:proved
@!!prover:smt
@!!meth:time-limit: 60; time-used: 3.4 (6%)
@!!already:false
@!!END

@!!BEGIN
@!!type:obligation
@!!id:1743
@!!loc:1112:75:1112:79
@!!status:trivial
@!!prover:tlapm
@!!already:false
@!!END

@!!BEGIN
@!!type:obligation
@!!id:1744
@!!loc:1112:81:1112:85
@!!status:trivial
@!!prover:tlapm
@!!already:false
@!!END

@!!BEGIN
@!!type:obligation
@!!id:1745
@!!loc:1112:87:1112:91
@!!status:trivial
@!!prover:tlapm
@!!already:false
@!!END

@!!BEGIN
@!!type:obligation
@!!id:1746
@!!loc:1112:93:1112:97
@!!status:trivial
@!!prover:tlapm
@!!already:false
@!!END

@!!BEGIN
@!!type:obligation
@!!id:1748
@!!loc:1114:6:1114:10
@!!status:trivial
@!!prover:tlapm
@!!already:false
@!!END

@!!BEGIN
@!!type:obligation
@!!id:1749
@!!loc:1114:12:1114:16
@!!status:trivial
@!!prover:tlapm
@!!already:false
@!!END

@!!BEGIN
@!!type:obligation
@!!id:1750
@!!loc:1114:18:1114:22
@!!status:trivial
@!!prover:tlapm
@!!already:false
@!!END

@!!BEGIN
@!!type:obligation
@!!id:1751
@!!loc:1114:24:1114:28
@!!status:trivial
@!!prover:tlapm
@!!already:false
@!!END

@!!BEGIN
@!!type:obligation
@!!id:1752
@!!loc:1114:30:1114:42
@!!status:trivial
@!!prover:tlapm
@!!already:false
@!!END

@!!BEGIN
@!!type:obligation
@!!id:1747
@!!loc:1114:3:1114:5
@!!status:proved
@!!prover:smt
@!!meth:time-limit: 60; time-used: 31.3 (52%)
@!!already:false
@!!END

@!!BEGIN
@!!type:obligation
@!!id:1754
@!!loc:1116:6:1116:10
@!!status:trivial
@!!prover:tlapm
@!!already:false
@!!END

@!!BEGIN
@!!type:obligation
@!!id:1755
@!!loc:1116:12:1116:16
@!!status:trivial
@!!prover:tlapm
@!!already:false
@!!END

@!!BEGIN
@!!type:obligation
@!!id:1756
@!!loc:1116:18:1116:22
@!!status:trivial
@!!prover:tlapm
@!!already:false
@!!END

@!!BEGIN
@!!type:obligation
@!!id:1757
@!!loc:1116:24:1116:28
@!!status:trivial
@!!prover:tlapm
@!!already:false
@!!END

@!!BEGIN
@!!type:obligation
@!!id:1758
@!!loc:1116:30:1116:34
@!!status:trivial
@!!prover:tlapm
@!!already:false
@!!END

@!!BEGIN
@!!type:obligation
@!!id:1759
@!!loc:1116:36:1116:40
@!!status:trivial
@!!prover:tlapm
@!!already:false
@!!END

@!!BEGIN
@!!type:obligation
@!!id:1753
@!!loc:1116:3:1116:5
@!!status:proved
@!!prover:smt
@!!meth:time-limit: 60; time-used: 3.7 (6%)
@!!already:false
@!!END

@!!BEGIN
@!!type:obligation
@!!id:1760
@!!loc:1116:42:1116:46
@!!status:trivial
@!!prover:tlapm
@!!already:false
@!!END

@!!BEGIN
@!!type:obligation
@!!id:1761
@!!loc:1116:48:1116:52
@!!status:trivial
@!!prover:tlapm
@!!already:false
@!!END

@!!BEGIN
@!!type:obligation
@!!id:1762
@!!loc:1116:54:1116:66
@!!status:trivial
@!!prover:tlapm
@!!already:false
@!!END

@!!BEGIN
@!!type:obligation
@!!id:1764
@!!loc:1118:6:1118:10
@!!status:trivial
@!!prover:tlapm
@!!already:false
@!!END

@!!BEGIN
@!!type:obligation
@!!id:1765
@!!loc:1118:12:1118:16
@!!status:trivial
@!!prover:tlapm
@!!already:false
@!!END

@!!BEGIN
@!!type:obligation
@!!id:1766
@!!loc:1118:18:1118:22
@!!status:trivial
@!!prover:tlapm
@!!already:false
@!!END

@!!BEGIN
@!!type:obligation
@!!id:1767
@!!loc:1119:16:1119:18
@!!status:proved
@!!prover:smt
@!!meth:time-limit: 60
@!!already:true
@!!END

@!!BEGIN
@!!type:obligation
@!!id:1768
@!!loc:1119:19:1119:23
@!!status:trivial
@!!prover:tlapm
@!!already:false
@!!END

@!!BEGIN
@!!type:obligation
@!!id:1769
@!!loc:1119:25:1119:29
@!!status:trivial
@!!prover:tlapm
@!!already:false
@!!END

@!!BEGIN
@!!type:obligation
@!!id:1770
@!!loc:1119:31:1119:36
@!!status:trivial
@!!prover:tlapm
@!!already:false
@!!END

@!!BEGIN
@!!type:obligation
@!!id:1771
@!!loc:1119:38:1119:43
@!!status:trivial
@!!prover:tlapm
@!!already:false
@!!END

@!!BEGIN
@!!type:obligation
@!!id:1772
@!!loc:1119:45:1119:50
@!!status:trivial
@!!prover:tlapm
@!!already:false
@!!END

@!!BEGIN
@!!type:obligation
@!!id:1773
@!!loc:1119:52:1119:63
@!!status:trivial
@!!prover:tlapm
@!!already:false
@!!END

@!!BEGIN
@!!type:obligation
@!!id:1763
@!!loc:1118:3:1118:5
@!!status:proved
@!!prover:smt
@!!meth:time-limit: 60; time-used: 3.2 (5%)
@!!already:false
@!!END

@!!BEGIN
@!!type:obligation
@!!id:1774
@!!loc:1128:1:1128:3
@!!status:proved
@!!prover:smt
@!!meth:time-limit: 60; time-used: 4.2 (7%)
@!!already:false
@!!END

@!!BEGIN
@!!type:obligation
@!!id:1775
@!!loc:1133:1:1133:3
@!!status:proved
@!!prover:smt
@!!meth:time-limit: 60; time-used: 4.0 (7%)
@!!already:false
@!!END

@!!BEGIN
@!!type:obligation
@!!id:1778
@!!loc:1186:13:1186:17
@!!status:trivial
@!!prover:tlapm
@!!already:false
@!!END

@!!BEGIN
@!!type:obligation
@!!id:1779
@!!loc:1186:19:1186:23
@!!status:trivial
@!!prover:tlapm
@!!already:false
@!!END

@!!BEGIN
@!!type:obligation
@!!id:1780
@!!loc:1144:55:1144:62
@!!status:proved
@!!prover:smt
@!!meth:time-limit: 60; time-used: 0.7 (1%)
@!!already:false
@!!END

@!!BEGIN
@!!type:obligation
@!!id:1777
@!!loc:1186:10:1186:12
@!!status:proved
@!!prover:smt
@!!meth:time-limit: 60; time-used: 2.3 (4%)
@!!already:false
@!!END

@!!BEGIN
@!!type:obligation
@!!id:1776
@!!loc:1138:1:1138:3
@!!status:proved
@!!prover:smt
@!!meth:time-limit: 60; time-used: 3.2 (5%)
@!!already:false
@!!END

@!!BEGIN
@!!type:obligation
@!!id:1782
@!!loc:1179:15:1179:19
@!!status:trivial
@!!prover:tlapm
@!!already:false
@!!END

@!!BEGIN
@!!type:obligation
@!!id:1783
@!!loc:1179:21:1179:25
@!!status:trivial
@!!prover:tlapm
@!!already:false
@!!END

@!!BEGIN
@!!type:obligation
@!!id:1784
@!!loc:1179:27:1179:31
@!!status:trivial
@!!prover:tlapm
@!!already:false
@!!END

@!!BEGIN
@!!type:obligation
@!!id:1786
@!!loc:1146:17:1146:21
@!!status:trivial
@!!prover:tlapm
@!!already:false
@!!END

@!!BEGIN
@!!type:obligation
@!!id:1788
@!!loc:1153:17:1153:21
@!!status:trivial
@!!prover:tlapm
@!!already:false
@!!END

@!!BEGIN
@!!type:obligation
@!!id:1787
@!!loc:1153:14:1153:16
@!!status:proved
@!!prover:smt
@!!meth:time-limit: 60; time-used: 0.4 (1%)
@!!already:false
@!!END

@!!BEGIN
@!!type:obligation
@!!id:1785
@!!loc:1146:14:1146:16
@!!status:proved
@!!prover:smt
@!!meth:time-limit: 60; time-used: 1.3 (2%)
@!!already:false
@!!END

@!!BEGIN
@!!type:obligation
@!!id:1781
@!!loc:1179:12:1179:14
@!!status:proved
@!!prover:smt
@!!meth:time-limit: 60; time-used: 3.2 (5%)
@!!already:false
@!!END

@!!BEGIN
@!!type:obligation
@!!id:1789
@!!loc:1153:23:1153:27
@!!status:trivial
@!!prover:tlapm
@!!already:false
@!!END

@!!BEGIN
@!!type:obligation
@!!id:1790
@!!loc:1153:29:1153:33
@!!status:trivial
@!!prover:tlapm
@!!already:false
@!!END

@!!BEGIN
@!!type:obligation
@!!id:1791
@!!loc:1153:35:1153:39
@!!status:trivial
@!!prover:tlapm
@!!already:false
@!!END

@!!BEGIN
@!!type:obligation
@!!id:1792
@!!loc:1153:41:1153:45
@!!status:trivial
@!!prover:tlapm
@!!already:false
@!!END

@!!BEGIN
@!!type:obligation
@!!id:1793
@!!loc:1153:47:1153:51
@!!status:trivial
@!!prover:tlapm
@!!already:false
@!!END

@!!BEGIN
@!!type:obligation
@!!id:1795
@!!loc:1148:63:1148:67
@!!status:trivial
@!!prover:tlapm
@!!already:false
@!!END

@!!BEGIN
@!!type:obligation
@!!id:1796
@!!loc:1148:69:1148:80
@!!status:trivial
@!!prover:tlapm
@!!already:false
@!!END

@!!BEGIN
@!!type:obligation
@!!id:1798
@!!loc:1149:63:1149:67
@!!status:trivial
@!!prover:tlapm
@!!already:false
@!!END

@!!BEGIN
@!!type:obligation
@!!id:1799
@!!loc:1149:69:1149:80
@!!status:trivial
@!!prover:tlapm
@!!already:false
@!!END

@!!BEGIN
@!!type:obligation
@!!id:1797
@!!loc:1149:60:1149:62
@!!status:proved
@!!prover:smt
@!!meth:time-limit: 60; time-used: 2.3 (4%)
@!!already:false
@!!END

@!!BEGIN
@!!type:obligation
@!!id:1794
@!!loc:1148:60:1148:62
@!!status:proved
@!!prover:smt
@!!meth:time-limit: 60; time-used: 3.8 (6%)
@!!already:false
@!!END

@!!BEGIN
@!!type:obligation
@!!id:1801
@!!loc:1150:66:1150:70
@!!status:trivial
@!!prover:tlapm
@!!already:false
@!!END

@!!BEGIN
@!!type:obligation
@!!id:1802
@!!loc:1150:72:1150:86
@!!status:trivial
@!!prover:tlapm
@!!already:false
@!!END

@!!BEGIN
@!!type:obligation
@!!id:1804
@!!loc:1151:86:1151:90
@!!status:trivial
@!!prover:tlapm
@!!already:false
@!!END

@!!BEGIN
@!!type:obligation
@!!id:1805
@!!loc:1151:92:1151:106
@!!status:trivial
@!!prover:tlapm
@!!already:false
@!!END

@!!BEGIN
@!!type:obligation
@!!id:1803
@!!loc:1151:83:1151:85
@!!status:proved
@!!prover:smt
@!!meth:time-limit: 60; time-used: 0.9 (1%)
@!!already:false
@!!END

@!!BEGIN
@!!type:obligation
@!!id:1800
@!!loc:1150:63:1150:65
@!!status:proved
@!!prover:smt
@!!meth:time-limit: 60; time-used: 3.3 (6%)
@!!already:false
@!!END

@!!BEGIN
@!!type:obligation
@!!id:1807
@!!loc:1152:33:1152:37
@!!status:trivial
@!!prover:tlapm
@!!already:false
@!!END

@!!BEGIN
@!!type:obligation
@!!id:1808
@!!loc:1152:39:1152:59
@!!status:trivial
@!!prover:tlapm
@!!already:false
@!!END

@!!BEGIN
@!!type:obligation
@!!id:1810
@!!loc:1176:17:1176:21
@!!status:trivial
@!!prover:tlapm
@!!already:false
@!!END

@!!BEGIN
@!!type:obligation
@!!id:1811
@!!loc:1176:23:1176:27
@!!status:trivial
@!!prover:tlapm
@!!already:false
@!!END

@!!BEGIN
@!!type:obligation
@!!id:1812
@!!loc:1176:29:1176:33
@!!status:trivial
@!!prover:tlapm
@!!already:false
@!!END

@!!BEGIN
@!!type:obligation
@!!id:1813
@!!loc:1176:35:1176:39
@!!status:trivial
@!!prover:tlapm
@!!already:false
@!!END

@!!BEGIN
@!!type:obligation
@!!id:1814
@!!loc:1176:41:1176:45
@!!status:trivial
@!!prover:tlapm
@!!already:false
@!!END

@!!BEGIN
@!!type:obligation
@!!id:1815
@!!loc:1176:47:1176:51
@!!status:trivial
@!!prover:tlapm
@!!already:false
@!!END

@!!BEGIN
@!!type:obligation
@!!id:1816
@!!loc:1176:53:1176:57
@!!status:trivial
@!!prover:tlapm
@!!already:false
@!!END

@!!BEGIN
@!!type:obligation
@!!id:1809
@!!loc:1176:14:1176:16
@!!status:proved
@!!prover:smt
@!!meth:time-limit: 60; time-used: 1.6 (3%)
@!!already:false
@!!END

@!!BEGIN
@!!type:obligation
@!!id:1806
@!!loc:1152:30:1152:32
@!!status:proved
@!!prover:smt
@!!meth:time-limit: 60; time-used: 3.1 (5%)
@!!already:false
@!!END

@!!BEGIN
@!!type:obligation
@!!id:1817
@!!loc:1176:59:1176:63
@!!status:trivial
@!!prover:tlapm
@!!already:false
@!!END

@!!BEGIN
@!!type:obligation
@!!id:1818
@!!loc:1176:65:1176:69
@!!status:trivial
@!!prover:tlapm
@!!already:false
@!!END

@!!BEGIN
@!!type:obligation
@!!id:1819
@!!loc:1176:71:1176:75
@!!status:trivial
@!!prover:tlapm
@!!already:false
@!!END

@!!BEGIN
@!!type:obligation
@!!id:1820
@!!loc:1176:77:1176:82
@!!status:trivial
@!!prover:tlapm
@!!already:false
@!!END

@!!BEGIN
@!!type:obligation
@!!id:1821
@!!loc:1177:17:1177:22
@!!status:trivial
@!!prover:tlapm
@!!already:false
@!!END

@!!BEGIN
@!!type:obligation
@!!id:1822
@!!loc:1177:24:1177:29
@!!status:trivial
@!!prover:tlapm
@!!already:false
@!!END

@!!BEGIN
@!!type:obligation
@!!id:1823
@!!loc:1177:31:1177:36
@!!status:trivial
@!!prover:tlapm
@!!already:false
@!!END

@!!BEGIN
@!!type:obligation
@!!id:1824
@!!loc:1177:38:1177:43
@!!status:trivial
@!!prover:tlapm
@!!already:false
@!!END

@!!BEGIN
@!!type:obligation
@!!id:1825
@!!loc:1177:45:1177:50
@!!status:trivial
@!!prover:tlapm
@!!already:false
@!!END

@!!BEGIN
@!!type:obligation
@!!id:1826
@!!loc:1177:52:1177:57
@!!status:trivial
@!!prover:tlapm
@!!already:false
@!!END

@!!BEGIN
@!!type:obligation
@!!id:1827
@!!loc:1177:59:1177:64
@!!status:trivial
@!!prover:tlapm
@!!already:false
@!!END

@!!BEGIN
@!!type:obligation
@!!id:1828
@!!loc:1177:66:1177:71
@!!status:trivial
@!!prover:tlapm
@!!already:false
@!!END

@!!BEGIN
@!!type:obligation
@!!id:1829
@!!loc:1177:73:1177:78
@!!status:trivial
@!!prover:tlapm
@!!already:false
@!!END

@!!BEGIN
@!!type:obligation
@!!id:1830
@!!loc:1177:80:1177:85
@!!status:trivial
@!!prover:tlapm
@!!already:false
@!!END

@!!BEGIN
@!!type:obligation
@!!id:1831
@!!loc:1177:87:1177:92
@!!status:trivial
@!!prover:tlapm
@!!already:false
@!!END

@!!BEGIN
@!!type:obligation
@!!id:1833
@!!loc:1155:69:1155:73
@!!status:trivial
@!!prover:tlapm
@!!already:false
@!!END

@!!BEGIN
@!!type:obligation
@!!id:1834
@!!loc:1155:75:1155:90
@!!status:trivial
@!!prover:tlapm
@!!already:false
@!!END

@!!BEGIN
@!!type:obligation
@!!id:1836
@!!loc:1156:68:1156:72
@!!status:trivial
@!!prover:tlapm
@!!already:false
@!!END

@!!BEGIN
@!!type:obligation
@!!id:1837
@!!loc:1156:74:1156:88
@!!status:trivial
@!!prover:tlapm
@!!already:false
@!!END

@!!BEGIN
@!!type:obligation
@!!id:1835
@!!loc:1156:65:1156:67
@!!status:proved
@!!prover:smt
@!!meth:time-limit: 60; time-used: 1.5 (3%)
@!!already:false
@!!END

@!!BEGIN
@!!type:obligation
@!!id:1832
@!!loc:1155:66:1155:68
@!!status:proved
@!!prover:smt
@!!meth:time-limit: 60; time-used: 3.0 (5%)
@!!already:false
@!!END

@!!BEGIN
@!!type:obligation
@!!id:1839
@!!loc:1157:65:1157:69
@!!status:trivial
@!!prover:tlapm
@!!already:false
@!!END

@!!BEGIN
@!!type:obligation
@!!id:1840
@!!loc:1157:71:1157:82
@!!status:trivial
@!!prover:tlapm
@!!already:false
@!!END

@!!BEGIN
@!!type:obligation
@!!id:1841
@!!loc:1158:62:1158:64
@!!status:proved
@!!prover:smt
@!!meth:time-limit: 60
@!!already:true
@!!END

@!!BEGIN
@!!type:obligation
@!!id:1842
@!!loc:1158:65:1158:69
@!!status:trivial
@!!prover:tlapm
@!!already:false
@!!END

@!!BEGIN
@!!type:obligation
@!!id:1843
@!!loc:1158:71:1158:82
@!!status:trivial
@!!prover:tlapm
@!!already:false
@!!END

@!!BEGIN
@!!type:obligation
@!!id:1844
@!!loc:1159:66:1159:68
@!!status:proved
@!!prover:smt
@!!meth:time-limit: 60
@!!already:true
@!!END

@!!BEGIN
@!!type:obligation
@!!id:1845
@!!loc:1159:69:1159:73
@!!status:trivial
@!!prover:tlapm
@!!already:false
@!!END

@!!BEGIN
@!!type:obligation
@!!id:1846
@!!loc:1159:75:1159:90
@!!status:trivial
@!!prover:tlapm
@!!already:false
@!!END

@!!BEGIN
@!!type:obligation
@!!id:1847
@!!loc:1160:63:1160:65
@!!status:proved
@!!prover:smt
@!!meth:time-limit: 60
@!!already:true
@!!END

@!!BEGIN
@!!type:obligation
@!!id:1848
@!!loc:1160:66:1160:70
@!!status:trivial
@!!prover:tlapm
@!!already:false
@!!END

@!!BEGIN
@!!type:obligation
@!!id:1849
@!!loc:1160:72:1160:84
@!!status:trivial
@!!prover:tlapm
@!!already:false
@!!END

@!!BEGIN
@!!type:obligation
@!!id:1838
@!!loc:1157:62:1157:64
@!!status:proved
@!!prover:smt
@!!meth:time-limit: 60; time-used: 3.3 (6%)
@!!already:false
@!!END

@!!BEGIN
@!!type:obligation
@!!id:1850
@!!loc:1161:64:1161:66
@!!status:proved
@!!prover:smt
@!!meth:time-limit: 60
@!!already:true
@!!END

@!!BEGIN
@!!type:obligation
@!!id:1851
@!!loc:1161:67:1161:71
@!!status:trivial
@!!prover:tlapm
@!!already:false
@!!END

@!!BEGIN
@!!type:obligation
@!!id:1852
@!!loc:1161:73:1161:86
@!!status:trivial
@!!prover:tlapm
@!!already:false
@!!END

@!!BEGIN
@!!type:obligation
@!!id:1853
@!!loc:1162:65:1162:67
@!!status:proved
@!!prover:smt
@!!meth:time-limit: 60
@!!already:true
@!!END

@!!BEGIN
@!!type:obligation
@!!id:1854
@!!loc:1162:68:1162:72
@!!status:trivial
@!!prover:tlapm
@!!already:false
@!!END

@!!BEGIN
@!!type:obligation
@!!id:1855
@!!loc:1162:74:1162:88
@!!status:trivial
@!!prover:tlapm
@!!already:false
@!!END

@!!BEGIN
@!!type:obligation
@!!id:1856
@!!loc:1163:65:1163:67
@!!status:proved
@!!prover:smt
@!!meth:time-limit: 60
@!!already:true
@!!END

@!!BEGIN
@!!type:obligation
@!!id:1857
@!!loc:1163:68:1163:72
@!!status:trivial
@!!prover:tlapm
@!!already:false
@!!END

@!!BEGIN
@!!type:obligation
@!!id:1858
@!!loc:1163:74:1163:88
@!!status:trivial
@!!prover:tlapm
@!!already:false
@!!END

@!!BEGIN
@!!type:obligation
@!!id:1859
@!!loc:1164:65:1164:67
@!!status:proved
@!!prover:smt
@!!meth:time-limit: 60
@!!already:true
@!!END

@!!BEGIN
@!!type:obligation
@!!id:1860
@!!loc:1164:68:1164:73
@!!status:trivial
@!!prover:tlapm
@!!already:false
@!!END

@!!BEGIN
@!!type:obligation
@!!id:1861
@!!loc:1164:75:1164:88
@!!status:trivial
@!!prover:tlapm
@!!already:false
@!!END

@!!BEGIN
@!!type:obligation
@!!id:1862
@!!loc:1165:66:1165:68
@!!status:proved
@!!prover:smt
@!!meth:time-limit: 60
@!!already:true
@!!END

@!!BEGIN
@!!type:obligation
@!!id:1863
@!!loc:1165:69:1165:74
@!!status:trivial
@!!prover:tlapm
@!!already:false
@!!END

@!!BEGIN
@!!type:obligation
@!!id:1864
@!!loc:1165:76:1165:90
@!!status:trivial
@!!prover:tlapm
@!!already:false
@!!END

@!!BEGIN
@!!type:obligation
@!!id:1865
@!!loc:1166:63:1166:65
@!!status:proved
@!!prover:smt
@!!meth:time-limit: 60
@!!already:true
@!!END

@!!BEGIN
@!!type:obligation
@!!id:1866
@!!loc:1166:66:1166:71
@!!status:trivial
@!!prover:tlapm
@!!already:false
@!!END

@!!BEGIN
@!!type:obligation
@!!id:1867
@!!loc:1166:73:1166:84
@!!status:trivial
@!!prover:tlapm
@!!already:false
@!!END

@!!BEGIN
@!!type:obligation
@!!id:1868
@!!loc:1167:71:1167:73
@!!status:proved
@!!prover:smt
@!!meth:time-limit: 60
@!!already:true
@!!END

@!!BEGIN
@!!type:obligation
@!!id:1869
@!!loc:1167:74:1167:79
@!!status:trivial
@!!prover:tlapm
@!!already:false
@!!END

@!!BEGIN
@!!type:obligation
@!!id:1870
@!!loc:1167:81:1167:100
@!!status:trivial
@!!prover:tlapm
@!!already:false
@!!END

@!!BEGIN
@!!type:obligation
@!!id:1871
@!!loc:1168:71:1168:73
@!!status:proved
@!!prover:smt
@!!meth:time-limit: 60
@!!already:true
@!!END

@!!BEGIN
@!!type:obligation
@!!id:1872
@!!loc:1168:74:1168:79
@!!status:trivial
@!!prover:tlapm
@!!already:false
@!!END

@!!BEGIN
@!!type:obligation
@!!id:1873
@!!loc:1168:81:1168:100
@!!status:trivial
@!!prover:tlapm
@!!already:false
@!!END

@!!BEGIN
@!!type:obligation
@!!id:1874
@!!loc:1169:72:1169:74
@!!status:proved
@!!prover:smt
@!!meth:time-limit: 60
@!!already:true
@!!END

@!!BEGIN
@!!type:obligation
@!!id:1875
@!!loc:1169:75:1169:80
@!!status:trivial
@!!prover:tlapm
@!!already:false
@!!END

@!!BEGIN
@!!type:obligation
@!!id:1876
@!!loc:1169:82:1169:102
@!!status:trivial
@!!prover:tlapm
@!!already:false
@!!END

@!!BEGIN
@!!type:obligation
@!!id:1877
@!!loc:1170:68:1170:70
@!!status:proved
@!!prover:smt
@!!meth:time-limit: 60
@!!already:true
@!!END

@!!BEGIN
@!!type:obligation
@!!id:1878
@!!loc:1170:71:1170:76
@!!status:trivial
@!!prover:tlapm
@!!already:false
@!!END

@!!BEGIN
@!!type:obligation
@!!id:1879
@!!loc:1170:78:1170:94
@!!status:trivial
@!!prover:tlapm
@!!already:false
@!!END

@!!BEGIN
@!!type:obligation
@!!id:1880
@!!loc:1171:68:1171:70
@!!status:proved
@!!prover:smt
@!!meth:time-limit: 60
@!!already:true
@!!END

@!!BEGIN
@!!type:obligation
@!!id:1881
@!!loc:1171:71:1171:76
@!!status:trivial
@!!prover:tlapm
@!!already:false
@!!END

@!!BEGIN
@!!type:obligation
@!!id:1882
@!!loc:1171:78:1171:94
@!!status:trivial
@!!prover:tlapm
@!!already:false
@!!END

@!!BEGIN
@!!type:obligation
@!!id:1884
@!!loc:1172:86:1172:91
@!!status:trivial
@!!prover:tlapm
@!!already:false
@!!END

@!!BEGIN
@!!type:obligation
@!!id:1885
@!!loc:1172:93:1172:104
@!!status:trivial
@!!prover:tlapm
@!!already:false
@!!END

@!!BEGIN
@!!type:obligation
@!!id:1887
@!!loc:1173:88:1173:93
@!!status:trivial
@!!prover:tlapm
@!!already:false
@!!END

@!!BEGIN
@!!type:obligation
@!!id:1888
@!!loc:1173:95:1173:108
@!!status:trivial
@!!prover:tlapm
@!!already:false
@!!END

@!!BEGIN
@!!type:obligation
@!!id:1886
@!!loc:1173:85:1173:87
@!!status:proved
@!!prover:smt
@!!meth:time-limit: 60; time-used: 1.5 (3%)
@!!already:false
@!!END

@!!BEGIN
@!!type:obligation
@!!id:1883
@!!loc:1172:83:1172:85
@!!status:proved
@!!prover:smt
@!!meth:time-limit: 60; time-used: 3.1 (5%)
@!!already:false
@!!END

@!!BEGIN
@!!type:obligation
@!!id:1890
@!!loc:1174:88:1174:93
@!!status:trivial
@!!prover:tlapm
@!!already:false
@!!END

@!!BEGIN
@!!type:obligation
@!!id:1891
@!!loc:1174:95:1174:108
@!!status:trivial
@!!prover:tlapm
@!!already:false
@!!END

@!!BEGIN
@!!type:obligation
@!!id:1893
@!!loc:1175:89:1175:94
@!!status:trivial
@!!prover:tlapm
@!!already:false
@!!END

@!!BEGIN
@!!type:obligation
@!!id:1894
@!!loc:1175:96:1175:108
@!!status:trivial
@!!prover:tlapm
@!!already:false
@!!END

@!!BEGIN
@!!type:obligation
@!!id:1892
@!!loc:1175:86:1175:88
@!!status:proved
@!!prover:smt
@!!meth:time-limit: 60; time-used: 2.4 (4%)
@!!already:false
@!!END

@!!BEGIN
@!!type:obligation
@!!id:1889
@!!loc:1174:85:1174:87
@!!status:proved
@!!prover:smt
@!!meth:time-limit: 60; time-used: 4.0 (7%)
@!!already:false
@!!END

@!!BEGIN
@!!type:obligation
@!!id:1896
@!!loc:1185:15:1185:19
@!!status:trivial
@!!prover:tlapm
@!!already:false
@!!END

@!!BEGIN
@!!type:obligation
@!!id:1897
@!!loc:1185:21:1185:25
@!!status:trivial
@!!prover:tlapm
@!!already:false
@!!END

@!!BEGIN
@!!type:obligation
@!!id:1898
@!!loc:1185:27:1185:31
@!!status:trivial
@!!prover:tlapm
@!!already:false
@!!END

@!!BEGIN
@!!type:obligation
@!!id:1899
@!!loc:1185:33:1185:37
@!!status:trivial
@!!prover:tlapm
@!!already:false
@!!END

@!!BEGIN
@!!type:obligation
@!!id:1895
@!!loc:1185:12:1185:14
@!!status:proved
@!!prover:smt
@!!meth:time-limit: 60; time-used: 3.0 (5%)
@!!already:false
@!!END

@!!BEGIN
@!!type:obligation
@!!id:1901
@!!loc:1181:25:1181:29
@!!status:trivial
@!!prover:tlapm
@!!already:false
@!!END

@!!BEGIN
@!!type:obligation
@!!id:1903
@!!loc:1182:21:1182:25
@!!status:trivial
@!!prover:tlapm
@!!already:false
@!!END

@!!BEGIN
@!!type:obligation
@!!id:1904
@!!loc:1182:27:1182:37
@!!status:trivial
@!!prover:tlapm
@!!already:false
@!!END

@!!BEGIN
@!!type:obligation
@!!id:1906
@!!loc:1183:23:1183:27
@!!status:trivial
@!!prover:tlapm
@!!already:false
@!!END

@!!BEGIN
@!!type:obligation
@!!id:1905
@!!loc:1183:20:1183:22
@!!status:proved
@!!prover:smt
@!!meth:time-limit: 60; time-used: 0.4 (1%)
@!!already:false
@!!END

@!!BEGIN
@!!type:obligation
@!!id:1902
@!!loc:1182:18:1182:20
@!!status:proved
@!!prover:smt
@!!meth:time-limit: 60; time-used: 2.0 (3%)
@!!already:false
@!!END

@!!BEGIN
@!!type:obligation
@!!id:1900
@!!loc:1181:22:1181:24
@!!status:proved
@!!prover:smt
@!!meth:time-limit: 60; time-used: 3.1 (5%)
@!!already:false
@!!END

@!!BEGIN
@!!type:obligation
@!!id:1907
@!!loc:1183:29:1183:41
@!!status:trivial
@!!prover:tlapm
@!!already:false
@!!END

@!!BEGIN
@!!type:obligation
@!!id:1909
@!!loc:1184:85:1184:89
@!!status:trivial
@!!prover:tlapm
@!!already:false
@!!END

@!!BEGIN
@!!type:obligation
@!!id:1910
@!!loc:1184:91:1184:102
@!!status:trivial
@!!prover:tlapm
@!!already:false
@!!END

@!!BEGIN
@!!type:obligation
@!!id:1912
@!!loc:1196:13:1196:17
@!!status:trivial
@!!prover:tlapm
@!!already:false
@!!END

@!!BEGIN
@!!type:obligation
@!!id:1913
@!!loc:1196:19:1196:23
@!!status:trivial
@!!prover:tlapm
@!!already:false
@!!END

@!!BEGIN
@!!type:obligation
@!!id:1914
@!!loc:1196:25:1196:29
@!!status:trivial
@!!prover:tlapm
@!!already:false
@!!END

@!!BEGIN
@!!type:obligation
@!!id:1915
@!!loc:1196:31:1196:34
@!!status:trivial
@!!prover:tlapm
@!!already:false
@!!END

@!!BEGIN
@!!type:obligation
@!!id:1911
@!!loc:1196:10:1196:12
@!!status:proved
@!!prover:ls4
@!!meth:time-limit: 120; time-used: 2.1 (2%)
@!!already:false
@!!END

@!!BEGIN
@!!type:obligation
@!!id:1908
@!!loc:1184:82:1184:84
@!!status:proved
@!!prover:smt
@!!meth:time-limit: 60; time-used: 3.7 (6%)
@!!already:false
@!!END

@!!BEGIN
@!!type:obligation
@!!id:1917
@!!loc:1189:28:1189:39
@!!status:trivial
@!!prover:tlapm
@!!already:false
@!!END

@!!BEGIN
@!!type:obligation
@!!id:1919
@!!loc:1194:15:1194:19
@!!status:trivial
@!!prover:tlapm
@!!already:false
@!!END

@!!BEGIN
@!!type:obligation
@!!id:1920
@!!loc:1194:21:1194:25
@!!status:trivial
@!!prover:tlapm
@!!already:false
@!!END

@!!BEGIN
@!!type:obligation
@!!id:1922
@!!loc:1191:44:1191:55
@!!status:trivial
@!!prover:tlapm
@!!already:false
@!!END

@!!BEGIN
@!!type:obligation
@!!id:1921
@!!loc:1191:41:1191:43
@!!status:proved
@!!prover:smt
@!!meth:time-limit: 60; time-used: 0.5 (1%)
@!!already:false
@!!END

@!!BEGIN
@!!type:obligation
@!!id:1918
@!!loc:1194:12:1194:14
@!!status:proved
@!!prover:smt
@!!meth:time-limit: 60; time-used: 2.4 (4%)
@!!already:false
@!!END

@!!BEGIN
@!!type:obligation
@!!id:1916
@!!loc:1189:25:1189:27
@!!status:proved
@!!prover:smt
@!!meth:time-limit: 60; time-used: 3.3 (6%)
@!!already:false
@!!END

@!!BEGIN
@!!type:obligation
@!!id:1923
@!!loc:1193:5:1193:7
@!!status:proved
@!!prover:smt
@!!meth:time-limit: 60; time-used: 0.9 (1%)
@!!already:false
@!!END

@!!BEGIN
@!!type:obligation
@!!id:1924
@!!loc:1195:27:1195:29
@!!status:proved
@!!prover:smt
@!!meth:time-limit: 60; time-used: 0.0 (0%)
@!!already:false
@!!END

(* created new ".tlacache/LeanP1Proof.tlaps/LeanP1Proof.thy" *)
(* fingerprints written in ".tlacache/LeanP1Proof.tlaps/fingerprints" *)
File "./LeanP1Proof.tla", line 1, character 1 to line 1197, character 78:
[INFO]: All 1917 obligations proved.
WALL 4338.76 s MAXRSS 4017356 kB rc 0
PROOFDONE 18:44:39Z
