
\* TLAPM version bfa9468
\* launched at 2026-10-06 14:58:39 with command line:
\* /mnt/nvme/tlaps/unpack/tlapm/bin/tlapm --toolbox 0 0 --method smt --stretch 6 --threads 4 -k LeanP1Proof.tla

@!!BEGIN
@!!type:obligation
@!!id:1
@!!loc:123:10:123:12
@!!status:to be proved
@!!END

@!!BEGIN
@!!type:obligation
@!!id:2
@!!loc:123:13:123:17
@!!status:to be proved
@!!END

@!!BEGIN
@!!type:obligation
@!!id:3
@!!loc:123:19:123:23
@!!status:to be proved
@!!END

@!!BEGIN
@!!type:obligation
@!!id:4
@!!loc:123:25:123:29
@!!status:to be proved
@!!END

@!!BEGIN
@!!type:obligation
@!!id:5
@!!loc:109:3:109:5
@!!status:to be proved
@!!END

@!!BEGIN
@!!type:obligation
@!!id:6
@!!loc:116:3:116:5
@!!status:to be proved
@!!END

@!!BEGIN
@!!type:obligation
@!!id:7
@!!loc:122:3:122:5
@!!status:to be proved
@!!END

@!!BEGIN
@!!type:obligation
@!!id:8
@!!loc:126:1:126:3
@!!status:to be proved
@!!END

@!!BEGIN
@!!type:obligation
@!!id:9
@!!loc:129:1:129:3
@!!status:to be proved
@!!END

@!!BEGIN
@!!type:obligation
@!!id:10
@!!loc:129:4:129:15
@!!status:to be proved
@!!END

@!!BEGIN
@!!type:obligation
@!!id:11
@!!loc:129:17:129:26
@!!status:to be proved
@!!END

@!!BEGIN
@!!type:obligation
@!!id:12
@!!loc:129:28:129:46
@!!status:to be proved
@!!END

@!!BEGIN
@!!type:obligation
@!!id:13
@!!loc:135:1:135:3
@!!status:to be proved
@!!END

@!!BEGIN
@!!type:obligation
@!!id:14
@!!loc:135:4:135:14
@!!status:to be proved
@!!END

@!!BEGIN
@!!type:obligation
@!!id:15
@!!loc:135:16:135:28
@!!status:to be proved
@!!END

@!!BEGIN
@!!type:obligation
@!!id:16
@!!loc:141:1:141:3
@!!status:to be proved
@!!END

@!!BEGIN
@!!type:obligation
@!!id:17
@!!loc:141:4:141:14
@!!status:to be proved
@!!END

@!!BEGIN
@!!type:obligation
@!!id:18
@!!loc:141:16:141:28
@!!status:to be proved
@!!END

@!!BEGIN
@!!type:obligation
@!!id:19
@!!loc:157:10:157:12
@!!status:to be proved
@!!END

@!!BEGIN
@!!type:obligation
@!!id:20
@!!loc:157:13:157:17
@!!status:to be proved
@!!END

@!!BEGIN
@!!type:obligation
@!!id:21
@!!loc:157:19:157:23
@!!status:to be proved
@!!END

@!!BEGIN
@!!type:obligation
@!!id:22
@!!loc:157:25:157:29
@!!status:to be proved
@!!END

@!!BEGIN
@!!type:obligation
@!!id:23
@!!loc:154:12:154:14
@!!status:to be proved
@!!END

@!!BEGIN
@!!type:obligation
@!!id:24
@!!loc:154:15:154:19
@!!status:to be proved
@!!END

@!!BEGIN
@!!type:obligation
@!!id:25
@!!loc:153:5:153:7
@!!status:to be proved
@!!END

@!!BEGIN
@!!type:obligation
@!!id:26
@!!loc:153:8:153:20
@!!status:to be proved
@!!END

@!!BEGIN
@!!type:obligation
@!!id:27
@!!loc:153:22:153:31
@!!status:to be proved
@!!END

@!!BEGIN
@!!type:obligation
@!!id:28
@!!loc:155:35:155:37
@!!status:to be proved
@!!END

@!!BEGIN
@!!type:obligation
@!!id:29
@!!loc:156:44:156:46
@!!status:to be proved
@!!END

@!!BEGIN
@!!type:obligation
@!!id:30
@!!loc:173:10:173:12
@!!status:to be proved
@!!END

@!!BEGIN
@!!type:obligation
@!!id:31
@!!loc:173:13:173:17
@!!status:to be proved
@!!END

@!!BEGIN
@!!type:obligation
@!!id:32
@!!loc:173:19:173:23
@!!status:to be proved
@!!END

@!!BEGIN
@!!type:obligation
@!!id:33
@!!loc:173:25:173:29
@!!status:to be proved
@!!END

@!!BEGIN
@!!type:obligation
@!!id:34
@!!loc:163:43:163:50
@!!status:to be proved
@!!END

@!!BEGIN
@!!type:obligation
@!!id:35
@!!loc:164:21:164:23
@!!status:to be proved
@!!END

@!!BEGIN
@!!type:obligation
@!!id:36
@!!loc:164:24:164:34
@!!status:to be proved
@!!END

@!!BEGIN
@!!type:obligation
@!!id:37
@!!loc:164:36:164:48
@!!status:to be proved
@!!END

@!!BEGIN
@!!type:obligation
@!!id:38
@!!loc:165:48:165:50
@!!status:to be proved
@!!END

@!!BEGIN
@!!type:obligation
@!!id:39
@!!loc:165:51:165:55
@!!status:to be proved
@!!END

@!!BEGIN
@!!type:obligation
@!!id:40
@!!loc:166:63:166:65
@!!status:to be proved
@!!END

@!!BEGIN
@!!type:obligation
@!!id:41
@!!loc:166:66:166:70
@!!status:to be proved
@!!END

@!!BEGIN
@!!type:obligation
@!!id:42
@!!loc:166:72:166:81
@!!status:to be proved
@!!END

@!!BEGIN
@!!type:obligation
@!!id:43
@!!loc:167:39:167:41
@!!status:to be proved
@!!END

@!!BEGIN
@!!type:obligation
@!!id:44
@!!loc:167:42:167:46
@!!status:to be proved
@!!END

@!!BEGIN
@!!type:obligation
@!!id:45
@!!loc:168:29:168:31
@!!status:to be proved
@!!END

@!!BEGIN
@!!type:obligation
@!!id:46
@!!loc:169:33:169:35
@!!status:to be proved
@!!END

@!!BEGIN
@!!type:obligation
@!!id:47
@!!loc:169:36:169:40
@!!status:to be proved
@!!END

@!!BEGIN
@!!type:obligation
@!!id:48
@!!loc:170:14:170:16
@!!status:to be proved
@!!END

@!!BEGIN
@!!type:obligation
@!!id:49
@!!loc:170:17:170:21
@!!status:to be proved
@!!END

@!!BEGIN
@!!type:obligation
@!!id:50
@!!loc:170:23:170:27
@!!status:to be proved
@!!END

@!!BEGIN
@!!type:obligation
@!!id:51
@!!loc:170:29:170:33
@!!status:to be proved
@!!END

@!!BEGIN
@!!type:obligation
@!!id:52
@!!loc:171:14:171:16
@!!status:to be proved
@!!END

@!!BEGIN
@!!type:obligation
@!!id:53
@!!loc:171:17:171:21
@!!status:to be proved
@!!END

@!!BEGIN
@!!type:obligation
@!!id:54
@!!loc:172:14:172:16
@!!status:to be proved
@!!END

@!!BEGIN
@!!type:obligation
@!!id:55
@!!loc:172:17:172:21
@!!status:to be proved
@!!END

@!!BEGIN
@!!type:obligation
@!!id:56
@!!loc:172:23:172:27
@!!status:to be proved
@!!END

@!!BEGIN
@!!type:obligation
@!!id:57
@!!loc:172:29:172:33
@!!status:to be proved
@!!END

@!!BEGIN
@!!type:obligation
@!!id:58
@!!loc:172:35:172:39
@!!status:to be proved
@!!END

@!!BEGIN
@!!type:obligation
@!!id:59
@!!loc:190:10:190:12
@!!status:to be proved
@!!END

@!!BEGIN
@!!type:obligation
@!!id:60
@!!loc:190:13:190:17
@!!status:to be proved
@!!END

@!!BEGIN
@!!type:obligation
@!!id:61
@!!loc:190:19:190:23
@!!status:to be proved
@!!END

@!!BEGIN
@!!type:obligation
@!!id:62
@!!loc:190:25:190:29
@!!status:to be proved
@!!END

@!!BEGIN
@!!type:obligation
@!!id:63
@!!loc:190:31:190:35
@!!status:to be proved
@!!END

@!!BEGIN
@!!type:obligation
@!!id:64
@!!loc:182:54:182:56
@!!status:to be proved
@!!END

@!!BEGIN
@!!type:obligation
@!!id:65
@!!loc:182:57:182:67
@!!status:to be proved
@!!END

@!!BEGIN
@!!type:obligation
@!!id:66
@!!loc:183:43:183:45
@!!status:to be proved
@!!END

@!!BEGIN
@!!type:obligation
@!!id:67
@!!loc:183:46:183:50
@!!status:to be proved
@!!END

@!!BEGIN
@!!type:obligation
@!!id:68
@!!loc:184:70:184:72
@!!status:to be proved
@!!END

@!!BEGIN
@!!type:obligation
@!!id:69
@!!loc:185:15:185:17
@!!status:to be proved
@!!END

@!!BEGIN
@!!type:obligation
@!!id:70
@!!loc:185:18:185:22
@!!status:to be proved
@!!END

@!!BEGIN
@!!type:obligation
@!!id:71
@!!loc:185:24:185:28
@!!status:to be proved
@!!END

@!!BEGIN
@!!type:obligation
@!!id:72
@!!loc:185:30:185:41
@!!status:to be proved
@!!END

@!!BEGIN
@!!type:obligation
@!!id:73
@!!loc:186:15:186:17
@!!status:to be proved
@!!END

@!!BEGIN
@!!type:obligation
@!!id:74
@!!loc:186:18:186:22
@!!status:to be proved
@!!END

@!!BEGIN
@!!type:obligation
@!!id:75
@!!loc:186:24:186:28
@!!status:to be proved
@!!END

@!!BEGIN
@!!type:obligation
@!!id:76
@!!loc:186:30:186:34
@!!status:to be proved
@!!END

@!!BEGIN
@!!type:obligation
@!!id:77
@!!loc:186:36:186:40
@!!status:to be proved
@!!END

@!!BEGIN
@!!type:obligation
@!!id:78
@!!loc:187:15:187:17
@!!status:to be proved
@!!END

@!!BEGIN
@!!type:obligation
@!!id:79
@!!loc:187:18:187:22
@!!status:to be proved
@!!END

@!!BEGIN
@!!type:obligation
@!!id:80
@!!loc:188:36:188:38
@!!status:to be proved
@!!END

@!!BEGIN
@!!type:obligation
@!!id:81
@!!loc:189:15:189:17
@!!status:to be proved
@!!END

@!!BEGIN
@!!type:obligation
@!!id:82
@!!loc:189:18:189:22
@!!status:to be proved
@!!END

@!!BEGIN
@!!type:obligation
@!!id:83
@!!loc:204:10:204:12
@!!status:to be proved
@!!END

@!!BEGIN
@!!type:obligation
@!!id:84
@!!loc:204:13:204:17
@!!status:to be proved
@!!END

@!!BEGIN
@!!type:obligation
@!!id:85
@!!loc:204:19:204:23
@!!status:to be proved
@!!END

@!!BEGIN
@!!type:obligation
@!!id:86
@!!loc:204:25:204:29
@!!status:to be proved
@!!END

@!!BEGIN
@!!type:obligation
@!!id:87
@!!loc:196:45:196:47
@!!status:to be proved
@!!END

@!!BEGIN
@!!type:obligation
@!!id:88
@!!loc:198:3:198:5
@!!status:to be proved
@!!END

@!!BEGIN
@!!type:obligation
@!!id:89
@!!loc:198:6:198:10
@!!status:to be proved
@!!END

@!!BEGIN
@!!type:obligation
@!!id:90
@!!loc:199:73:199:75
@!!status:to be proved
@!!END

@!!BEGIN
@!!type:obligation
@!!id:91
@!!loc:200:15:200:17
@!!status:to be proved
@!!END

@!!BEGIN
@!!type:obligation
@!!id:92
@!!loc:200:18:200:22
@!!status:to be proved
@!!END

@!!BEGIN
@!!type:obligation
@!!id:93
@!!loc:200:24:200:28
@!!status:to be proved
@!!END

@!!BEGIN
@!!type:obligation
@!!id:94
@!!loc:200:30:200:41
@!!status:to be proved
@!!END

@!!BEGIN
@!!type:obligation
@!!id:95
@!!loc:201:15:201:17
@!!status:to be proved
@!!END

@!!BEGIN
@!!type:obligation
@!!id:96
@!!loc:201:18:201:22
@!!status:to be proved
@!!END

@!!BEGIN
@!!type:obligation
@!!id:97
@!!loc:201:24:201:28
@!!status:to be proved
@!!END

@!!BEGIN
@!!type:obligation
@!!id:98
@!!loc:201:30:201:34
@!!status:to be proved
@!!END

@!!BEGIN
@!!type:obligation
@!!id:99
@!!loc:201:36:201:40
@!!status:to be proved
@!!END

@!!BEGIN
@!!type:obligation
@!!id:100
@!!loc:202:47:202:49
@!!status:to be proved
@!!END

@!!BEGIN
@!!type:obligation
@!!id:101
@!!loc:203:15:203:17
@!!status:to be proved
@!!END

@!!BEGIN
@!!type:obligation
@!!id:102
@!!loc:203:18:203:22
@!!status:to be proved
@!!END

@!!BEGIN
@!!type:obligation
@!!id:103
@!!loc:203:24:203:28
@!!status:to be proved
@!!END

@!!BEGIN
@!!type:obligation
@!!id:104
@!!loc:224:10:224:12
@!!status:to be proved
@!!END

@!!BEGIN
@!!type:obligation
@!!id:105
@!!loc:224:13:224:17
@!!status:to be proved
@!!END

@!!BEGIN
@!!type:obligation
@!!id:106
@!!loc:224:19:224:23
@!!status:to be proved
@!!END

@!!BEGIN
@!!type:obligation
@!!id:107
@!!loc:224:25:224:29
@!!status:to be proved
@!!END

@!!BEGIN
@!!type:obligation
@!!id:108
@!!loc:210:20:210:22
@!!status:to be proved
@!!END

@!!BEGIN
@!!type:obligation
@!!id:109
@!!loc:210:23:210:35
@!!status:to be proved
@!!END

@!!BEGIN
@!!type:obligation
@!!id:110
@!!loc:211:47:211:49
@!!status:to be proved
@!!END

@!!BEGIN
@!!type:obligation
@!!id:111
@!!loc:216:3:216:5
@!!status:to be proved
@!!END

@!!BEGIN
@!!type:obligation
@!!id:112
@!!loc:216:6:216:10
@!!status:to be proved
@!!END

@!!BEGIN
@!!type:obligation
@!!id:113
@!!loc:218:3:218:5
@!!status:to be proved
@!!END

@!!BEGIN
@!!type:obligation
@!!id:114
@!!loc:218:6:218:10
@!!status:to be proved
@!!END

@!!BEGIN
@!!type:obligation
@!!id:115
@!!loc:218:12:218:16
@!!status:to be proved
@!!END

@!!BEGIN
@!!type:obligation
@!!id:116
@!!loc:219:73:219:75
@!!status:to be proved
@!!END

@!!BEGIN
@!!type:obligation
@!!id:117
@!!loc:220:15:220:17
@!!status:to be proved
@!!END

@!!BEGIN
@!!type:obligation
@!!id:118
@!!loc:220:18:220:22
@!!status:to be proved
@!!END

@!!BEGIN
@!!type:obligation
@!!id:119
@!!loc:220:24:220:28
@!!status:to be proved
@!!END

@!!BEGIN
@!!type:obligation
@!!id:120
@!!loc:220:30:220:41
@!!status:to be proved
@!!END

@!!BEGIN
@!!type:obligation
@!!id:121
@!!loc:221:15:221:17
@!!status:to be proved
@!!END

@!!BEGIN
@!!type:obligation
@!!id:122
@!!loc:221:18:221:22
@!!status:to be proved
@!!END

@!!BEGIN
@!!type:obligation
@!!id:123
@!!loc:221:24:221:28
@!!status:to be proved
@!!END

@!!BEGIN
@!!type:obligation
@!!id:124
@!!loc:221:30:221:34
@!!status:to be proved
@!!END

@!!BEGIN
@!!type:obligation
@!!id:125
@!!loc:221:36:221:40
@!!status:to be proved
@!!END

@!!BEGIN
@!!type:obligation
@!!id:126
@!!loc:221:42:221:46
@!!status:to be proved
@!!END

@!!BEGIN
@!!type:obligation
@!!id:127
@!!loc:222:47:222:49
@!!status:to be proved
@!!END

@!!BEGIN
@!!type:obligation
@!!id:128
@!!loc:222:50:222:54
@!!status:to be proved
@!!END

@!!BEGIN
@!!type:obligation
@!!id:129
@!!loc:223:15:223:17
@!!status:to be proved
@!!END

@!!BEGIN
@!!type:obligation
@!!id:130
@!!loc:223:18:223:22
@!!status:to be proved
@!!END

@!!BEGIN
@!!type:obligation
@!!id:131
@!!loc:230:1:230:3
@!!status:to be proved
@!!END

@!!BEGIN
@!!type:obligation
@!!id:132
@!!loc:244:10:244:12
@!!status:to be proved
@!!END

@!!BEGIN
@!!type:obligation
@!!id:133
@!!loc:244:13:244:17
@!!status:to be proved
@!!END

@!!BEGIN
@!!type:obligation
@!!id:134
@!!loc:244:19:244:23
@!!status:to be proved
@!!END

@!!BEGIN
@!!type:obligation
@!!id:135
@!!loc:244:25:244:29
@!!status:to be proved
@!!END

@!!BEGIN
@!!type:obligation
@!!id:136
@!!loc:236:47:236:49
@!!status:to be proved
@!!END

@!!BEGIN
@!!type:obligation
@!!id:137
@!!loc:238:3:238:5
@!!status:to be proved
@!!END

@!!BEGIN
@!!type:obligation
@!!id:138
@!!loc:238:6:238:10
@!!status:to be proved
@!!END

@!!BEGIN
@!!type:obligation
@!!id:139
@!!loc:239:73:239:75
@!!status:to be proved
@!!END

@!!BEGIN
@!!type:obligation
@!!id:140
@!!loc:240:15:240:17
@!!status:to be proved
@!!END

@!!BEGIN
@!!type:obligation
@!!id:141
@!!loc:240:18:240:22
@!!status:to be proved
@!!END

@!!BEGIN
@!!type:obligation
@!!id:142
@!!loc:240:24:240:28
@!!status:to be proved
@!!END

@!!BEGIN
@!!type:obligation
@!!id:143
@!!loc:240:30:240:41
@!!status:to be proved
@!!END

@!!BEGIN
@!!type:obligation
@!!id:144
@!!loc:241:15:241:17
@!!status:to be proved
@!!END

@!!BEGIN
@!!type:obligation
@!!id:145
@!!loc:241:18:241:22
@!!status:to be proved
@!!END

@!!BEGIN
@!!type:obligation
@!!id:146
@!!loc:241:24:241:28
@!!status:to be proved
@!!END

@!!BEGIN
@!!type:obligation
@!!id:147
@!!loc:241:30:241:34
@!!status:to be proved
@!!END

@!!BEGIN
@!!type:obligation
@!!id:148
@!!loc:241:36:241:40
@!!status:to be proved
@!!END

@!!BEGIN
@!!type:obligation
@!!id:149
@!!loc:242:47:242:49
@!!status:to be proved
@!!END

@!!BEGIN
@!!type:obligation
@!!id:150
@!!loc:243:15:243:17
@!!status:to be proved
@!!END

@!!BEGIN
@!!type:obligation
@!!id:151
@!!loc:243:18:243:22
@!!status:to be proved
@!!END

@!!BEGIN
@!!type:obligation
@!!id:152
@!!loc:273:10:273:12
@!!status:to be proved
@!!END

@!!BEGIN
@!!type:obligation
@!!id:153
@!!loc:273:13:273:17
@!!status:to be proved
@!!END

@!!BEGIN
@!!type:obligation
@!!id:154
@!!loc:273:19:273:23
@!!status:to be proved
@!!END

@!!BEGIN
@!!type:obligation
@!!id:155
@!!loc:273:25:273:30
@!!status:to be proved
@!!END

@!!BEGIN
@!!type:obligation
@!!id:156
@!!loc:253:23:253:30
@!!status:to be proved
@!!END

@!!BEGIN
@!!type:obligation
@!!id:157
@!!loc:254:54:254:56
@!!status:to be proved
@!!END

@!!BEGIN
@!!type:obligation
@!!id:158
@!!loc:254:57:254:67
@!!status:to be proved
@!!END

@!!BEGIN
@!!type:obligation
@!!id:159
@!!loc:261:3:261:5
@!!status:to be proved
@!!END

@!!BEGIN
@!!type:obligation
@!!id:160
@!!loc:262:30:262:32
@!!status:to be proved
@!!END

@!!BEGIN
@!!type:obligation
@!!id:161
@!!loc:262:33:262:37
@!!status:to be proved
@!!END

@!!BEGIN
@!!type:obligation
@!!id:162
@!!loc:262:39:262:43
@!!status:to be proved
@!!END

@!!BEGIN
@!!type:obligation
@!!id:163
@!!loc:262:45:262:57
@!!status:to be proved
@!!END

@!!BEGIN
@!!type:obligation
@!!id:164
@!!loc:263:34:263:36
@!!status:to be proved
@!!END

@!!BEGIN
@!!type:obligation
@!!id:165
@!!loc:263:37:263:41
@!!status:to be proved
@!!END

@!!BEGIN
@!!type:obligation
@!!id:166
@!!loc:263:43:263:47
@!!status:to be proved
@!!END

@!!BEGIN
@!!type:obligation
@!!id:167
@!!loc:264:43:264:45
@!!status:to be proved
@!!END

@!!BEGIN
@!!type:obligation
@!!id:168
@!!loc:264:46:264:50
@!!status:to be proved
@!!END

@!!BEGIN
@!!type:obligation
@!!id:169
@!!loc:264:52:264:56
@!!status:to be proved
@!!END

@!!BEGIN
@!!type:obligation
@!!id:170
@!!loc:264:58:264:62
@!!status:to be proved
@!!END

@!!BEGIN
@!!type:obligation
@!!id:171
@!!loc:264:64:264:76
@!!status:to be proved
@!!END

@!!BEGIN
@!!type:obligation
@!!id:172
@!!loc:265:40:265:42
@!!status:to be proved
@!!END

@!!BEGIN
@!!type:obligation
@!!id:173
@!!loc:265:43:265:47
@!!status:to be proved
@!!END

@!!BEGIN
@!!type:obligation
@!!id:174
@!!loc:266:15:266:17
@!!status:to be proved
@!!END

@!!BEGIN
@!!type:obligation
@!!id:175
@!!loc:266:18:266:22
@!!status:to be proved
@!!END

@!!BEGIN
@!!type:obligation
@!!id:176
@!!loc:266:24:266:28
@!!status:to be proved
@!!END

@!!BEGIN
@!!type:obligation
@!!id:177
@!!loc:266:30:266:34
@!!status:to be proved
@!!END

@!!BEGIN
@!!type:obligation
@!!id:178
@!!loc:266:36:266:47
@!!status:to be proved
@!!END

@!!BEGIN
@!!type:obligation
@!!id:179
@!!loc:267:15:267:17
@!!status:to be proved
@!!END

@!!BEGIN
@!!type:obligation
@!!id:180
@!!loc:267:18:267:22
@!!status:to be proved
@!!END

@!!BEGIN
@!!type:obligation
@!!id:181
@!!loc:267:24:267:28
@!!status:to be proved
@!!END

@!!BEGIN
@!!type:obligation
@!!id:182
@!!loc:267:30:267:34
@!!status:to be proved
@!!END

@!!BEGIN
@!!type:obligation
@!!id:183
@!!loc:267:36:267:40
@!!status:to be proved
@!!END

@!!BEGIN
@!!type:obligation
@!!id:184
@!!loc:267:42:267:46
@!!status:to be proved
@!!END

@!!BEGIN
@!!type:obligation
@!!id:185
@!!loc:268:47:268:49
@!!status:to be proved
@!!END

@!!BEGIN
@!!type:obligation
@!!id:186
@!!loc:268:50:268:54
@!!status:to be proved
@!!END

@!!BEGIN
@!!type:obligation
@!!id:187
@!!loc:268:56:268:60
@!!status:to be proved
@!!END

@!!BEGIN
@!!type:obligation
@!!id:188
@!!loc:271:3:271:5
@!!status:to be proved
@!!END

@!!BEGIN
@!!type:obligation
@!!id:189
@!!loc:271:6:271:10
@!!status:to be proved
@!!END

@!!BEGIN
@!!type:obligation
@!!id:190
@!!loc:271:12:271:16
@!!status:to be proved
@!!END

@!!BEGIN
@!!type:obligation
@!!id:191
@!!loc:271:18:271:22
@!!status:to be proved
@!!END

@!!BEGIN
@!!type:obligation
@!!id:192
@!!loc:271:24:271:36
@!!status:to be proved
@!!END

@!!BEGIN
@!!type:obligation
@!!id:193
@!!loc:272:16:272:18
@!!status:to be proved
@!!END

@!!BEGIN
@!!type:obligation
@!!id:194
@!!loc:272:19:272:23
@!!status:to be proved
@!!END

@!!BEGIN
@!!type:obligation
@!!id:195
@!!loc:272:25:272:29
@!!status:to be proved
@!!END

@!!BEGIN
@!!type:obligation
@!!id:196
@!!loc:272:31:272:35
@!!status:to be proved
@!!END

@!!BEGIN
@!!type:obligation
@!!id:197
@!!loc:272:37:272:42
@!!status:to be proved
@!!END

@!!BEGIN
@!!type:obligation
@!!id:198
@!!loc:293:10:293:12
@!!status:to be proved
@!!END

@!!BEGIN
@!!type:obligation
@!!id:199
@!!loc:293:13:293:17
@!!status:to be proved
@!!END

@!!BEGIN
@!!type:obligation
@!!id:200
@!!loc:293:19:293:23
@!!status:to be proved
@!!END

@!!BEGIN
@!!type:obligation
@!!id:201
@!!loc:293:25:293:29
@!!status:to be proved
@!!END

@!!BEGIN
@!!type:obligation
@!!id:202
@!!loc:279:23:279:30
@!!status:to be proved
@!!END

@!!BEGIN
@!!type:obligation
@!!id:203
@!!loc:283:3:283:5
@!!status:to be proved
@!!END

@!!BEGIN
@!!type:obligation
@!!id:204
@!!loc:284:32:284:34
@!!status:to be proved
@!!END

@!!BEGIN
@!!type:obligation
@!!id:205
@!!loc:284:35:284:39
@!!status:to be proved
@!!END

@!!BEGIN
@!!type:obligation
@!!id:206
@!!loc:284:41:284:53
@!!status:to be proved
@!!END

@!!BEGIN
@!!type:obligation
@!!id:207
@!!loc:285:34:285:36
@!!status:to be proved
@!!END

@!!BEGIN
@!!type:obligation
@!!id:208
@!!loc:285:37:285:41
@!!status:to be proved
@!!END

@!!BEGIN
@!!type:obligation
@!!id:209
@!!loc:285:43:285:47
@!!status:to be proved
@!!END

@!!BEGIN
@!!type:obligation
@!!id:210
@!!loc:286:15:286:17
@!!status:to be proved
@!!END

@!!BEGIN
@!!type:obligation
@!!id:211
@!!loc:286:18:286:22
@!!status:to be proved
@!!END

@!!BEGIN
@!!type:obligation
@!!id:212
@!!loc:286:24:286:28
@!!status:to be proved
@!!END

@!!BEGIN
@!!type:obligation
@!!id:213
@!!loc:286:30:286:41
@!!status:to be proved
@!!END

@!!BEGIN
@!!type:obligation
@!!id:214
@!!loc:287:15:287:17
@!!status:to be proved
@!!END

@!!BEGIN
@!!type:obligation
@!!id:215
@!!loc:287:18:287:22
@!!status:to be proved
@!!END

@!!BEGIN
@!!type:obligation
@!!id:216
@!!loc:287:24:287:28
@!!status:to be proved
@!!END

@!!BEGIN
@!!type:obligation
@!!id:217
@!!loc:287:30:287:34
@!!status:to be proved
@!!END

@!!BEGIN
@!!type:obligation
@!!id:218
@!!loc:288:47:288:49
@!!status:to be proved
@!!END

@!!BEGIN
@!!type:obligation
@!!id:219
@!!loc:288:50:288:54
@!!status:to be proved
@!!END

@!!BEGIN
@!!type:obligation
@!!id:220
@!!loc:291:3:291:5
@!!status:to be proved
@!!END

@!!BEGIN
@!!type:obligation
@!!id:221
@!!loc:291:6:291:10
@!!status:to be proved
@!!END

@!!BEGIN
@!!type:obligation
@!!id:222
@!!loc:291:12:291:24
@!!status:to be proved
@!!END

@!!BEGIN
@!!type:obligation
@!!id:223
@!!loc:292:15:292:17
@!!status:to be proved
@!!END

@!!BEGIN
@!!type:obligation
@!!id:224
@!!loc:292:18:292:22
@!!status:to be proved
@!!END

@!!BEGIN
@!!type:obligation
@!!id:225
@!!loc:292:24:292:28
@!!status:to be proved
@!!END

@!!BEGIN
@!!type:obligation
@!!id:226
@!!loc:292:30:292:34
@!!status:to be proved
@!!END

@!!BEGIN
@!!type:obligation
@!!id:227
@!!loc:292:36:292:40
@!!status:to be proved
@!!END

@!!BEGIN
@!!type:obligation
@!!id:228
@!!loc:318:10:318:12
@!!status:to be proved
@!!END

@!!BEGIN
@!!type:obligation
@!!id:229
@!!loc:318:13:318:17
@!!status:to be proved
@!!END

@!!BEGIN
@!!type:obligation
@!!id:230
@!!loc:318:19:318:24
@!!status:to be proved
@!!END

@!!BEGIN
@!!type:obligation
@!!id:231
@!!loc:318:26:318:31
@!!status:to be proved
@!!END

@!!BEGIN
@!!type:obligation
@!!id:232
@!!loc:299:23:299:30
@!!status:to be proved
@!!END

@!!BEGIN
@!!type:obligation
@!!id:233
@!!loc:300:66:300:68
@!!status:to be proved
@!!END

@!!BEGIN
@!!type:obligation
@!!id:235
@!!loc:303:3:303:5
@!!status:to be proved
@!!END

@!!BEGIN
@!!type:obligation
@!!id:236
@!!loc:304:25:304:27
@!!status:to be proved
@!!END

@!!BEGIN
@!!type:obligation
@!!id:237
@!!loc:304:28:304:39
@!!status:to be proved
@!!END

@!!BEGIN
@!!type:obligation
@!!id:238
@!!loc:305:69:305:71
@!!status:to be proved
@!!END

@!!BEGIN
@!!type:obligation
@!!id:239
@!!loc:305:72:305:76
@!!status:to be proved
@!!END

@!!BEGIN
@!!type:obligation
@!!id:240
@!!loc:305:78:305:87
@!!status:to be proved
@!!END

@!!BEGIN
@!!type:obligation
@!!id:241
@!!loc:308:3:308:5
@!!status:to be proved
@!!END

@!!BEGIN
@!!type:obligation
@!!id:242
@!!loc:309:34:309:36
@!!status:to be proved
@!!END

@!!BEGIN
@!!type:obligation
@!!id:243
@!!loc:309:37:309:41
@!!status:to be proved
@!!END

@!!BEGIN
@!!type:obligation
@!!id:244
@!!loc:309:43:309:47
@!!status:to be proved
@!!END

@!!BEGIN
@!!type:obligation
@!!id:245
@!!loc:309:49:309:53
@!!status:to be proved
@!!END

@!!BEGIN
@!!type:obligation
@!!id:246
@!!loc:309:55:309:59
@!!status:to be proved
@!!END

@!!BEGIN
@!!type:obligation
@!!id:247
@!!loc:309:61:309:73
@!!status:to be proved
@!!END

@!!BEGIN
@!!type:obligation
@!!id:248
@!!loc:310:34:310:36
@!!status:to be proved
@!!END

@!!BEGIN
@!!type:obligation
@!!id:249
@!!loc:310:37:310:41
@!!status:to be proved
@!!END

@!!BEGIN
@!!type:obligation
@!!id:250
@!!loc:310:43:310:47
@!!status:to be proved
@!!END

@!!BEGIN
@!!type:obligation
@!!id:251
@!!loc:311:15:311:17
@!!status:to be proved
@!!END

@!!BEGIN
@!!type:obligation
@!!id:252
@!!loc:311:18:311:22
@!!status:to be proved
@!!END

@!!BEGIN
@!!type:obligation
@!!id:253
@!!loc:311:24:311:28
@!!status:to be proved
@!!END

@!!BEGIN
@!!type:obligation
@!!id:254
@!!loc:311:30:311:41
@!!status:to be proved
@!!END

@!!BEGIN
@!!type:obligation
@!!id:255
@!!loc:312:15:312:17
@!!status:to be proved
@!!END

@!!BEGIN
@!!type:obligation
@!!id:256
@!!loc:312:18:312:22
@!!status:to be proved
@!!END

@!!BEGIN
@!!type:obligation
@!!id:257
@!!loc:312:24:312:28
@!!status:to be proved
@!!END

@!!BEGIN
@!!type:obligation
@!!id:258
@!!loc:312:30:312:34
@!!status:to be proved
@!!END

@!!BEGIN
@!!type:obligation
@!!id:259
@!!loc:313:48:313:50
@!!status:to be proved
@!!END

@!!BEGIN
@!!type:obligation
@!!id:260
@!!loc:313:51:313:55
@!!status:to be proved
@!!END

@!!BEGIN
@!!type:obligation
@!!id:261
@!!loc:316:3:316:5
@!!status:to be proved
@!!END

@!!BEGIN
@!!type:obligation
@!!id:262
@!!loc:316:6:316:10
@!!status:to be proved
@!!END

@!!BEGIN
@!!type:obligation
@!!id:263
@!!loc:317:16:317:18
@!!status:to be proved
@!!END

@!!BEGIN
@!!type:obligation
@!!id:264
@!!loc:317:19:317:23
@!!status:to be proved
@!!END

@!!BEGIN
@!!type:obligation
@!!id:265
@!!loc:317:25:317:29
@!!status:to be proved
@!!END

@!!BEGIN
@!!type:obligation
@!!id:266
@!!loc:317:31:317:35
@!!status:to be proved
@!!END

@!!BEGIN
@!!type:obligation
@!!id:267
@!!loc:317:37:317:41
@!!status:to be proved
@!!END

@!!BEGIN
@!!type:obligation
@!!id:268
@!!loc:317:43:317:48
@!!status:to be proved
@!!END

@!!BEGIN
@!!type:obligation
@!!id:269
@!!loc:364:10:364:12
@!!status:to be proved
@!!END

@!!BEGIN
@!!type:obligation
@!!id:270
@!!loc:364:13:364:17
@!!status:to be proved
@!!END

@!!BEGIN
@!!type:obligation
@!!id:271
@!!loc:364:19:364:23
@!!status:to be proved
@!!END

@!!BEGIN
@!!type:obligation
@!!id:272
@!!loc:364:25:364:29
@!!status:to be proved
@!!END

@!!BEGIN
@!!type:obligation
@!!id:273
@!!loc:327:23:327:30
@!!status:to be proved
@!!END

@!!BEGIN
@!!type:obligation
@!!id:274
@!!loc:330:3:330:5
@!!status:to be proved
@!!END

@!!BEGIN
@!!type:obligation
@!!id:275
@!!loc:359:12:359:14
@!!status:to be proved
@!!END

@!!BEGIN
@!!type:obligation
@!!id:276
@!!loc:359:15:359:19
@!!status:to be proved
@!!END

@!!BEGIN
@!!type:obligation
@!!id:277
@!!loc:359:21:359:25
@!!status:to be proved
@!!END

@!!BEGIN
@!!type:obligation
@!!id:278
@!!loc:342:14:342:16
@!!status:to be proved
@!!END

@!!BEGIN
@!!type:obligation
@!!id:279
@!!loc:342:17:342:21
@!!status:to be proved
@!!END

@!!BEGIN
@!!type:obligation
@!!id:280
@!!loc:342:23:342:27
@!!status:to be proved
@!!END

@!!BEGIN
@!!type:obligation
@!!id:281
@!!loc:342:29:342:33
@!!status:to be proved
@!!END

@!!BEGIN
@!!type:obligation
@!!id:282
@!!loc:337:85:337:87
@!!status:to be proved
@!!END

@!!BEGIN
@!!type:obligation
@!!id:283
@!!loc:337:88:337:92
@!!status:to be proved
@!!END

@!!BEGIN
@!!type:obligation
@!!id:284
@!!loc:338:39:338:41
@!!status:to be proved
@!!END

@!!BEGIN
@!!type:obligation
@!!id:285
@!!loc:338:42:338:46
@!!status:to be proved
@!!END

@!!BEGIN
@!!type:obligation
@!!id:286
@!!loc:338:48:338:60
@!!status:to be proved
@!!END

@!!BEGIN
@!!type:obligation
@!!id:287
@!!loc:341:7:341:9
@!!status:to be proved
@!!END

@!!BEGIN
@!!type:obligation
@!!id:288
@!!loc:358:14:358:16
@!!status:to be proved
@!!END

@!!BEGIN
@!!type:obligation
@!!id:289
@!!loc:358:17:358:21
@!!status:to be proved
@!!END

@!!BEGIN
@!!type:obligation
@!!id:290
@!!loc:358:23:358:27
@!!status:to be proved
@!!END

@!!BEGIN
@!!type:obligation
@!!id:291
@!!loc:358:29:358:33
@!!status:to be proved
@!!END

@!!BEGIN
@!!type:obligation
@!!id:292
@!!loc:358:35:358:39
@!!status:to be proved
@!!END

@!!BEGIN
@!!type:obligation
@!!id:293
@!!loc:349:7:349:9
@!!status:to be proved
@!!END

@!!BEGIN
@!!type:obligation
@!!id:294
@!!loc:349:10:349:14
@!!status:to be proved
@!!END

@!!BEGIN
@!!type:obligation
@!!id:296
@!!loc:350:73:350:75
@!!status:to be proved
@!!END

@!!BEGIN
@!!type:obligation
@!!id:297
@!!loc:351:37:351:39
@!!status:to be proved
@!!END

@!!BEGIN
@!!type:obligation
@!!id:298
@!!loc:351:40:351:44
@!!status:to be proved
@!!END

@!!BEGIN
@!!type:obligation
@!!id:299
@!!loc:351:46:351:55
@!!status:to be proved
@!!END

@!!BEGIN
@!!type:obligation
@!!id:300
@!!loc:353:7:353:9
@!!status:to be proved
@!!END

@!!BEGIN
@!!type:obligation
@!!id:301
@!!loc:353:10:353:14
@!!status:to be proved
@!!END

@!!BEGIN
@!!type:obligation
@!!id:302
@!!loc:353:16:353:25
@!!status:to be proved
@!!END

@!!BEGIN
@!!type:obligation
@!!id:303
@!!loc:354:40:354:42
@!!status:to be proved
@!!END

@!!BEGIN
@!!type:obligation
@!!id:304
@!!loc:354:43:354:47
@!!status:to be proved
@!!END

@!!BEGIN
@!!type:obligation
@!!id:305
@!!loc:354:49:354:53
@!!status:to be proved
@!!END

@!!BEGIN
@!!type:obligation
@!!id:306
@!!loc:354:55:354:59
@!!status:to be proved
@!!END

@!!BEGIN
@!!type:obligation
@!!id:307
@!!loc:354:61:354:73
@!!status:to be proved
@!!END

@!!BEGIN
@!!type:obligation
@!!id:308
@!!loc:357:7:357:9
@!!status:to be proved
@!!END

@!!BEGIN
@!!type:obligation
@!!id:309
@!!loc:357:10:357:14
@!!status:to be proved
@!!END

@!!BEGIN
@!!type:obligation
@!!id:310
@!!loc:357:16:357:28
@!!status:to be proved
@!!END

@!!BEGIN
@!!type:obligation
@!!id:311
@!!loc:360:15:360:17
@!!status:to be proved
@!!END

@!!BEGIN
@!!type:obligation
@!!id:312
@!!loc:360:18:360:22
@!!status:to be proved
@!!END

@!!BEGIN
@!!type:obligation
@!!id:313
@!!loc:360:24:360:28
@!!status:to be proved
@!!END

@!!BEGIN
@!!type:obligation
@!!id:314
@!!loc:360:30:360:41
@!!status:to be proved
@!!END

@!!BEGIN
@!!type:obligation
@!!id:315
@!!loc:361:15:361:17
@!!status:to be proved
@!!END

@!!BEGIN
@!!type:obligation
@!!id:316
@!!loc:361:18:361:22
@!!status:to be proved
@!!END

@!!BEGIN
@!!type:obligation
@!!id:317
@!!loc:361:24:361:28
@!!status:to be proved
@!!END

@!!BEGIN
@!!type:obligation
@!!id:318
@!!loc:361:30:361:34
@!!status:to be proved
@!!END

@!!BEGIN
@!!type:obligation
@!!id:319
@!!loc:362:47:362:49
@!!status:to be proved
@!!END

@!!BEGIN
@!!type:obligation
@!!id:320
@!!loc:362:50:362:54
@!!status:to be proved
@!!END

@!!BEGIN
@!!type:obligation
@!!id:321
@!!loc:363:15:363:17
@!!status:to be proved
@!!END

@!!BEGIN
@!!type:obligation
@!!id:322
@!!loc:363:18:363:22
@!!status:to be proved
@!!END

@!!BEGIN
@!!type:obligation
@!!id:323
@!!loc:363:24:363:28
@!!status:to be proved
@!!END

@!!BEGIN
@!!type:obligation
@!!id:324
@!!loc:363:30:363:34
@!!status:to be proved
@!!END

@!!BEGIN
@!!type:obligation
@!!id:325
@!!loc:386:10:386:12
@!!status:to be proved
@!!END

@!!BEGIN
@!!type:obligation
@!!id:326
@!!loc:386:13:386:17
@!!status:to be proved
@!!END

@!!BEGIN
@!!type:obligation
@!!id:327
@!!loc:386:19:386:23
@!!status:to be proved
@!!END

@!!BEGIN
@!!type:obligation
@!!id:328
@!!loc:386:25:386:30
@!!status:to be proved
@!!END

@!!BEGIN
@!!type:obligation
@!!id:329
@!!loc:370:23:370:30
@!!status:to be proved
@!!END

@!!BEGIN
@!!type:obligation
@!!id:330
@!!loc:371:82:371:84
@!!status:to be proved
@!!END

@!!BEGIN
@!!type:obligation
@!!id:332
@!!loc:375:3:375:5
@!!status:to be proved
@!!END

@!!BEGIN
@!!type:obligation
@!!id:333
@!!loc:376:58:376:60
@!!status:to be proved
@!!END

@!!BEGIN
@!!type:obligation
@!!id:334
@!!loc:377:33:377:35
@!!status:to be proved
@!!END

@!!BEGIN
@!!type:obligation
@!!id:335
@!!loc:377:36:377:40
@!!status:to be proved
@!!END

@!!BEGIN
@!!type:obligation
@!!id:336
@!!loc:377:42:377:46
@!!status:to be proved
@!!END

@!!BEGIN
@!!type:obligation
@!!id:337
@!!loc:377:48:377:60
@!!status:to be proved
@!!END

@!!BEGIN
@!!type:obligation
@!!id:338
@!!loc:378:34:378:36
@!!status:to be proved
@!!END

@!!BEGIN
@!!type:obligation
@!!id:339
@!!loc:378:37:378:41
@!!status:to be proved
@!!END

@!!BEGIN
@!!type:obligation
@!!id:340
@!!loc:378:43:378:47
@!!status:to be proved
@!!END

@!!BEGIN
@!!type:obligation
@!!id:341
@!!loc:379:15:379:17
@!!status:to be proved
@!!END

@!!BEGIN
@!!type:obligation
@!!id:342
@!!loc:379:18:379:22
@!!status:to be proved
@!!END

@!!BEGIN
@!!type:obligation
@!!id:343
@!!loc:379:24:379:28
@!!status:to be proved
@!!END

@!!BEGIN
@!!type:obligation
@!!id:344
@!!loc:379:30:379:41
@!!status:to be proved
@!!END

@!!BEGIN
@!!type:obligation
@!!id:345
@!!loc:380:15:380:17
@!!status:to be proved
@!!END

@!!BEGIN
@!!type:obligation
@!!id:346
@!!loc:380:18:380:22
@!!status:to be proved
@!!END

@!!BEGIN
@!!type:obligation
@!!id:347
@!!loc:380:24:380:28
@!!status:to be proved
@!!END

@!!BEGIN
@!!type:obligation
@!!id:348
@!!loc:380:30:380:34
@!!status:to be proved
@!!END

@!!BEGIN
@!!type:obligation
@!!id:349
@!!loc:381:47:381:49
@!!status:to be proved
@!!END

@!!BEGIN
@!!type:obligation
@!!id:350
@!!loc:381:50:381:54
@!!status:to be proved
@!!END

@!!BEGIN
@!!type:obligation
@!!id:351
@!!loc:384:3:384:5
@!!status:to be proved
@!!END

@!!BEGIN
@!!type:obligation
@!!id:352
@!!loc:384:6:384:10
@!!status:to be proved
@!!END

@!!BEGIN
@!!type:obligation
@!!id:353
@!!loc:385:16:385:18
@!!status:to be proved
@!!END

@!!BEGIN
@!!type:obligation
@!!id:354
@!!loc:385:19:385:23
@!!status:to be proved
@!!END

@!!BEGIN
@!!type:obligation
@!!id:355
@!!loc:385:25:385:29
@!!status:to be proved
@!!END

@!!BEGIN
@!!type:obligation
@!!id:356
@!!loc:385:31:385:35
@!!status:to be proved
@!!END

@!!BEGIN
@!!type:obligation
@!!id:357
@!!loc:385:37:385:41
@!!status:to be proved
@!!END

@!!BEGIN
@!!type:obligation
@!!id:358
@!!loc:385:43:385:47
@!!status:to be proved
@!!END

@!!BEGIN
@!!type:obligation
@!!id:359
@!!loc:407:10:407:12
@!!status:to be proved
@!!END

@!!BEGIN
@!!type:obligation
@!!id:360
@!!loc:407:13:407:17
@!!status:to be proved
@!!END

@!!BEGIN
@!!type:obligation
@!!id:361
@!!loc:407:19:407:23
@!!status:to be proved
@!!END

@!!BEGIN
@!!type:obligation
@!!id:362
@!!loc:407:25:407:29
@!!status:to be proved
@!!END

@!!BEGIN
@!!type:obligation
@!!id:363
@!!loc:392:23:392:30
@!!status:to be proved
@!!END

@!!BEGIN
@!!type:obligation
@!!id:364
@!!loc:397:3:397:5
@!!status:to be proved
@!!END

@!!BEGIN
@!!type:obligation
@!!id:365
@!!loc:398:27:398:29
@!!status:to be proved
@!!END

@!!BEGIN
@!!type:obligation
@!!id:366
@!!loc:398:30:398:34
@!!status:to be proved
@!!END

@!!BEGIN
@!!type:obligation
@!!id:367
@!!loc:398:36:398:48
@!!status:to be proved
@!!END

@!!BEGIN
@!!type:obligation
@!!id:368
@!!loc:399:34:399:36
@!!status:to be proved
@!!END

@!!BEGIN
@!!type:obligation
@!!id:369
@!!loc:399:37:399:41
@!!status:to be proved
@!!END

@!!BEGIN
@!!type:obligation
@!!id:370
@!!loc:399:43:399:47
@!!status:to be proved
@!!END

@!!BEGIN
@!!type:obligation
@!!id:371
@!!loc:400:15:400:17
@!!status:to be proved
@!!END

@!!BEGIN
@!!type:obligation
@!!id:372
@!!loc:400:18:400:22
@!!status:to be proved
@!!END

@!!BEGIN
@!!type:obligation
@!!id:373
@!!loc:400:24:400:28
@!!status:to be proved
@!!END

@!!BEGIN
@!!type:obligation
@!!id:374
@!!loc:400:30:400:41
@!!status:to be proved
@!!END

@!!BEGIN
@!!type:obligation
@!!id:375
@!!loc:401:15:401:17
@!!status:to be proved
@!!END

@!!BEGIN
@!!type:obligation
@!!id:376
@!!loc:401:18:401:22
@!!status:to be proved
@!!END

@!!BEGIN
@!!type:obligation
@!!id:377
@!!loc:401:24:401:28
@!!status:to be proved
@!!END

@!!BEGIN
@!!type:obligation
@!!id:378
@!!loc:401:30:401:34
@!!status:to be proved
@!!END

@!!BEGIN
@!!type:obligation
@!!id:379
@!!loc:402:47:402:49
@!!status:to be proved
@!!END

@!!BEGIN
@!!type:obligation
@!!id:380
@!!loc:402:50:402:54
@!!status:to be proved
@!!END

@!!BEGIN
@!!type:obligation
@!!id:381
@!!loc:405:3:405:5
@!!status:to be proved
@!!END

@!!BEGIN
@!!type:obligation
@!!id:382
@!!loc:405:6:405:10
@!!status:to be proved
@!!END

@!!BEGIN
@!!type:obligation
@!!id:383
@!!loc:405:12:405:24
@!!status:to be proved
@!!END

@!!BEGIN
@!!type:obligation
@!!id:384
@!!loc:406:15:406:17
@!!status:to be proved
@!!END

@!!BEGIN
@!!type:obligation
@!!id:385
@!!loc:406:18:406:22
@!!status:to be proved
@!!END

@!!BEGIN
@!!type:obligation
@!!id:386
@!!loc:406:24:406:28
@!!status:to be proved
@!!END

@!!BEGIN
@!!type:obligation
@!!id:387
@!!loc:406:30:406:34
@!!status:to be proved
@!!END

@!!BEGIN
@!!type:obligation
@!!id:388
@!!loc:406:36:406:40
@!!status:to be proved
@!!END

@!!BEGIN
@!!type:obligation
@!!id:389
@!!loc:459:10:459:12
@!!status:to be proved
@!!END

@!!BEGIN
@!!type:obligation
@!!id:390
@!!loc:459:13:459:17
@!!status:to be proved
@!!END

@!!BEGIN
@!!type:obligation
@!!id:391
@!!loc:459:19:459:23
@!!status:to be proved
@!!END

@!!BEGIN
@!!type:obligation
@!!id:392
@!!loc:414:23:414:30
@!!status:to be proved
@!!END

@!!BEGIN
@!!type:obligation
@!!id:393
@!!loc:417:3:417:5
@!!status:to be proved
@!!END

@!!BEGIN
@!!type:obligation
@!!id:394
@!!loc:418:37:418:39
@!!status:to be proved
@!!END

@!!BEGIN
@!!type:obligation
@!!id:395
@!!loc:433:12:433:14
@!!status:to be proved
@!!END

@!!BEGIN
@!!type:obligation
@!!id:396
@!!loc:433:15:433:19
@!!status:to be proved
@!!END

@!!BEGIN
@!!type:obligation
@!!id:397
@!!loc:433:21:433:25
@!!status:to be proved
@!!END

@!!BEGIN
@!!type:obligation
@!!id:398
@!!loc:433:27:433:31
@!!status:to be proved
@!!END

@!!BEGIN
@!!type:obligation
@!!id:399
@!!loc:423:5:423:7
@!!status:to be proved
@!!END

@!!BEGIN
@!!type:obligation
@!!id:400
@!!loc:423:8:423:12
@!!status:to be proved
@!!END

@!!BEGIN
@!!type:obligation
@!!id:401
@!!loc:424:34:424:36
@!!status:to be proved
@!!END

@!!BEGIN
@!!type:obligation
@!!id:402
@!!loc:424:37:424:41
@!!status:to be proved
@!!END

@!!BEGIN
@!!type:obligation
@!!id:403
@!!loc:424:43:424:55
@!!status:to be proved
@!!END

@!!BEGIN
@!!type:obligation
@!!id:404
@!!loc:425:36:425:38
@!!status:to be proved
@!!END

@!!BEGIN
@!!type:obligation
@!!id:405
@!!loc:425:39:425:43
@!!status:to be proved
@!!END

@!!BEGIN
@!!type:obligation
@!!id:406
@!!loc:425:45:425:49
@!!status:to be proved
@!!END

@!!BEGIN
@!!type:obligation
@!!id:407
@!!loc:426:17:426:19
@!!status:to be proved
@!!END

@!!BEGIN
@!!type:obligation
@!!id:408
@!!loc:426:20:426:24
@!!status:to be proved
@!!END

@!!BEGIN
@!!type:obligation
@!!id:409
@!!loc:426:26:426:30
@!!status:to be proved
@!!END

@!!BEGIN
@!!type:obligation
@!!id:410
@!!loc:426:32:426:36
@!!status:to be proved
@!!END

@!!BEGIN
@!!type:obligation
@!!id:411
@!!loc:426:38:426:49
@!!status:to be proved
@!!END

@!!BEGIN
@!!type:obligation
@!!id:412
@!!loc:427:17:427:19
@!!status:to be proved
@!!END

@!!BEGIN
@!!type:obligation
@!!id:413
@!!loc:427:20:427:24
@!!status:to be proved
@!!END

@!!BEGIN
@!!type:obligation
@!!id:414
@!!loc:427:26:427:30
@!!status:to be proved
@!!END

@!!BEGIN
@!!type:obligation
@!!id:415
@!!loc:427:32:427:36
@!!status:to be proved
@!!END

@!!BEGIN
@!!type:obligation
@!!id:416
@!!loc:427:38:427:42
@!!status:to be proved
@!!END

@!!BEGIN
@!!type:obligation
@!!id:417
@!!loc:427:44:427:48
@!!status:to be proved
@!!END

@!!BEGIN
@!!type:obligation
@!!id:418
@!!loc:428:49:428:51
@!!status:to be proved
@!!END

@!!BEGIN
@!!type:obligation
@!!id:419
@!!loc:428:52:428:56
@!!status:to be proved
@!!END

@!!BEGIN
@!!type:obligation
@!!id:420
@!!loc:428:58:428:62
@!!status:to be proved
@!!END

@!!BEGIN
@!!type:obligation
@!!id:421
@!!loc:428:64:428:68
@!!status:to be proved
@!!END

@!!BEGIN
@!!type:obligation
@!!id:422
@!!loc:431:5:431:7
@!!status:to be proved
@!!END

@!!BEGIN
@!!type:obligation
@!!id:423
@!!loc:432:17:432:19
@!!status:to be proved
@!!END

@!!BEGIN
@!!type:obligation
@!!id:424
@!!loc:432:20:432:24
@!!status:to be proved
@!!END

@!!BEGIN
@!!type:obligation
@!!id:425
@!!loc:432:26:432:30
@!!status:to be proved
@!!END

@!!BEGIN
@!!type:obligation
@!!id:426
@!!loc:432:32:432:36
@!!status:to be proved
@!!END

@!!BEGIN
@!!type:obligation
@!!id:427
@!!loc:432:38:432:42
@!!status:to be proved
@!!END

@!!BEGIN
@!!type:obligation
@!!id:428
@!!loc:432:44:432:48
@!!status:to be proved
@!!END

@!!BEGIN
@!!type:obligation
@!!id:429
@!!loc:458:12:458:14
@!!status:to be proved
@!!END

@!!BEGIN
@!!type:obligation
@!!id:430
@!!loc:458:15:458:19
@!!status:to be proved
@!!END

@!!BEGIN
@!!type:obligation
@!!id:431
@!!loc:458:21:458:26
@!!status:to be proved
@!!END

@!!BEGIN
@!!type:obligation
@!!id:432
@!!loc:458:28:458:33
@!!status:to be proved
@!!END

@!!BEGIN
@!!type:obligation
@!!id:433
@!!loc:442:5:442:7
@!!status:to be proved
@!!END

@!!BEGIN
@!!type:obligation
@!!id:434
@!!loc:442:8:442:12
@!!status:to be proved
@!!END

@!!BEGIN
@!!type:obligation
@!!id:435
@!!loc:443:23:443:25
@!!status:to be proved
@!!END

@!!BEGIN
@!!type:obligation
@!!id:436
@!!loc:443:26:443:30
@!!status:to be proved
@!!END

@!!BEGIN
@!!type:obligation
@!!id:437
@!!loc:443:32:443:42
@!!status:to be proved
@!!END

@!!BEGIN
@!!type:obligation
@!!id:438
@!!loc:444:37:444:39
@!!status:to be proved
@!!END

@!!BEGIN
@!!type:obligation
@!!id:439
@!!loc:444:40:444:44
@!!status:to be proved
@!!END

@!!BEGIN
@!!type:obligation
@!!id:440
@!!loc:445:41:445:43
@!!status:to be proved
@!!END

@!!BEGIN
@!!type:obligation
@!!id:441
@!!loc:445:44:445:48
@!!status:to be proved
@!!END

@!!BEGIN
@!!type:obligation
@!!id:442
@!!loc:445:50:445:54
@!!status:to be proved
@!!END

@!!BEGIN
@!!type:obligation
@!!id:443
@!!loc:445:56:445:68
@!!status:to be proved
@!!END

@!!BEGIN
@!!type:obligation
@!!id:444
@!!loc:446:36:446:38
@!!status:to be proved
@!!END

@!!BEGIN
@!!type:obligation
@!!id:445
@!!loc:446:39:446:43
@!!status:to be proved
@!!END

@!!BEGIN
@!!type:obligation
@!!id:446
@!!loc:446:45:446:49
@!!status:to be proved
@!!END

@!!BEGIN
@!!type:obligation
@!!id:447
@!!loc:448:5:448:7
@!!status:to be proved
@!!END

@!!BEGIN
@!!type:obligation
@!!id:448
@!!loc:448:8:448:12
@!!status:to be proved
@!!END

@!!BEGIN
@!!type:obligation
@!!id:449
@!!loc:448:14:448:18
@!!status:to be proved
@!!END

@!!BEGIN
@!!type:obligation
@!!id:450
@!!loc:448:20:448:24
@!!status:to be proved
@!!END

@!!BEGIN
@!!type:obligation
@!!id:451
@!!loc:448:26:448:30
@!!status:to be proved
@!!END

@!!BEGIN
@!!type:obligation
@!!id:452
@!!loc:449:42:449:44
@!!status:to be proved
@!!END

@!!BEGIN
@!!type:obligation
@!!id:453
@!!loc:449:45:449:49
@!!status:to be proved
@!!END

@!!BEGIN
@!!type:obligation
@!!id:454
@!!loc:450:17:450:19
@!!status:to be proved
@!!END

@!!BEGIN
@!!type:obligation
@!!id:455
@!!loc:450:20:450:24
@!!status:to be proved
@!!END

@!!BEGIN
@!!type:obligation
@!!id:456
@!!loc:450:26:450:30
@!!status:to be proved
@!!END

@!!BEGIN
@!!type:obligation
@!!id:457
@!!loc:450:32:450:36
@!!status:to be proved
@!!END

@!!BEGIN
@!!type:obligation
@!!id:458
@!!loc:450:38:450:49
@!!status:to be proved
@!!END

@!!BEGIN
@!!type:obligation
@!!id:459
@!!loc:451:17:451:19
@!!status:to be proved
@!!END

@!!BEGIN
@!!type:obligation
@!!id:460
@!!loc:451:20:451:24
@!!status:to be proved
@!!END

@!!BEGIN
@!!type:obligation
@!!id:461
@!!loc:451:26:451:30
@!!status:to be proved
@!!END

@!!BEGIN
@!!type:obligation
@!!id:462
@!!loc:451:32:451:36
@!!status:to be proved
@!!END

@!!BEGIN
@!!type:obligation
@!!id:463
@!!loc:451:38:451:42
@!!status:to be proved
@!!END

@!!BEGIN
@!!type:obligation
@!!id:464
@!!loc:451:44:451:48
@!!status:to be proved
@!!END

@!!BEGIN
@!!type:obligation
@!!id:465
@!!loc:451:50:451:54
@!!status:to be proved
@!!END

@!!BEGIN
@!!type:obligation
@!!id:466
@!!loc:451:56:451:60
@!!status:to be proved
@!!END

@!!BEGIN
@!!type:obligation
@!!id:467
@!!loc:452:50:452:52
@!!status:to be proved
@!!END

@!!BEGIN
@!!type:obligation
@!!id:468
@!!loc:452:53:452:57
@!!status:to be proved
@!!END

@!!BEGIN
@!!type:obligation
@!!id:469
@!!loc:452:59:452:63
@!!status:to be proved
@!!END

@!!BEGIN
@!!type:obligation
@!!id:470
@!!loc:452:65:452:69
@!!status:to be proved
@!!END

@!!BEGIN
@!!type:obligation
@!!id:471
@!!loc:452:71:452:75
@!!status:to be proved
@!!END

@!!BEGIN
@!!type:obligation
@!!id:472
@!!loc:456:5:456:7
@!!status:to be proved
@!!END

@!!BEGIN
@!!type:obligation
@!!id:473
@!!loc:456:8:456:12
@!!status:to be proved
@!!END

@!!BEGIN
@!!type:obligation
@!!id:474
@!!loc:456:14:456:18
@!!status:to be proved
@!!END

@!!BEGIN
@!!type:obligation
@!!id:475
@!!loc:456:20:456:24
@!!status:to be proved
@!!END

@!!BEGIN
@!!type:obligation
@!!id:476
@!!loc:456:26:456:30
@!!status:to be proved
@!!END

@!!BEGIN
@!!type:obligation
@!!id:477
@!!loc:456:32:456:44
@!!status:to be proved
@!!END

@!!BEGIN
@!!type:obligation
@!!id:478
@!!loc:457:18:457:20
@!!status:to be proved
@!!END

@!!BEGIN
@!!type:obligation
@!!id:479
@!!loc:457:21:457:25
@!!status:to be proved
@!!END

@!!BEGIN
@!!type:obligation
@!!id:480
@!!loc:457:27:457:31
@!!status:to be proved
@!!END

@!!BEGIN
@!!type:obligation
@!!id:481
@!!loc:457:33:457:37
@!!status:to be proved
@!!END

@!!BEGIN
@!!type:obligation
@!!id:482
@!!loc:457:39:457:43
@!!status:to be proved
@!!END

@!!BEGIN
@!!type:obligation
@!!id:483
@!!loc:457:45:457:50
@!!status:to be proved
@!!END

@!!BEGIN
@!!type:obligation
@!!id:484
@!!loc:483:10:483:12
@!!status:to be proved
@!!END

@!!BEGIN
@!!type:obligation
@!!id:485
@!!loc:483:13:483:17
@!!status:to be proved
@!!END

@!!BEGIN
@!!type:obligation
@!!id:486
@!!loc:483:19:483:23
@!!status:to be proved
@!!END

@!!BEGIN
@!!type:obligation
@!!id:487
@!!loc:483:25:483:29
@!!status:to be proved
@!!END

@!!BEGIN
@!!type:obligation
@!!id:488
@!!loc:468:23:468:30
@!!status:to be proved
@!!END

@!!BEGIN
@!!type:obligation
@!!id:489
@!!loc:473:3:473:5
@!!status:to be proved
@!!END

@!!BEGIN
@!!type:obligation
@!!id:490
@!!loc:474:31:474:33
@!!status:to be proved
@!!END

@!!BEGIN
@!!type:obligation
@!!id:491
@!!loc:474:34:474:38
@!!status:to be proved
@!!END

@!!BEGIN
@!!type:obligation
@!!id:492
@!!loc:474:40:474:52
@!!status:to be proved
@!!END

@!!BEGIN
@!!type:obligation
@!!id:493
@!!loc:475:34:475:36
@!!status:to be proved
@!!END

@!!BEGIN
@!!type:obligation
@!!id:494
@!!loc:475:37:475:41
@!!status:to be proved
@!!END

@!!BEGIN
@!!type:obligation
@!!id:495
@!!loc:475:43:475:47
@!!status:to be proved
@!!END

@!!BEGIN
@!!type:obligation
@!!id:496
@!!loc:476:15:476:17
@!!status:to be proved
@!!END

@!!BEGIN
@!!type:obligation
@!!id:497
@!!loc:476:18:476:22
@!!status:to be proved
@!!END

@!!BEGIN
@!!type:obligation
@!!id:498
@!!loc:476:24:476:28
@!!status:to be proved
@!!END

@!!BEGIN
@!!type:obligation
@!!id:499
@!!loc:476:30:476:41
@!!status:to be proved
@!!END

@!!BEGIN
@!!type:obligation
@!!id:500
@!!loc:477:15:477:17
@!!status:to be proved
@!!END

@!!BEGIN
@!!type:obligation
@!!id:501
@!!loc:477:18:477:22
@!!status:to be proved
@!!END

@!!BEGIN
@!!type:obligation
@!!id:502
@!!loc:477:24:477:28
@!!status:to be proved
@!!END

@!!BEGIN
@!!type:obligation
@!!id:503
@!!loc:477:30:477:34
@!!status:to be proved
@!!END

@!!BEGIN
@!!type:obligation
@!!id:504
@!!loc:478:47:478:49
@!!status:to be proved
@!!END

@!!BEGIN
@!!type:obligation
@!!id:505
@!!loc:478:50:478:54
@!!status:to be proved
@!!END

@!!BEGIN
@!!type:obligation
@!!id:506
@!!loc:481:3:481:5
@!!status:to be proved
@!!END

@!!BEGIN
@!!type:obligation
@!!id:507
@!!loc:481:6:481:10
@!!status:to be proved
@!!END

@!!BEGIN
@!!type:obligation
@!!id:508
@!!loc:481:12:481:24
@!!status:to be proved
@!!END

@!!BEGIN
@!!type:obligation
@!!id:509
@!!loc:482:15:482:17
@!!status:to be proved
@!!END

@!!BEGIN
@!!type:obligation
@!!id:510
@!!loc:482:18:482:22
@!!status:to be proved
@!!END

@!!BEGIN
@!!type:obligation
@!!id:511
@!!loc:482:24:482:28
@!!status:to be proved
@!!END

@!!BEGIN
@!!type:obligation
@!!id:512
@!!loc:482:30:482:34
@!!status:to be proved
@!!END

@!!BEGIN
@!!type:obligation
@!!id:513
@!!loc:482:36:482:40
@!!status:to be proved
@!!END

@!!BEGIN
@!!type:obligation
@!!id:514
@!!loc:504:10:504:12
@!!status:to be proved
@!!END

@!!BEGIN
@!!type:obligation
@!!id:515
@!!loc:504:13:504:17
@!!status:to be proved
@!!END

@!!BEGIN
@!!type:obligation
@!!id:516
@!!loc:504:19:504:23
@!!status:to be proved
@!!END

@!!BEGIN
@!!type:obligation
@!!id:517
@!!loc:504:25:504:29
@!!status:to be proved
@!!END

@!!BEGIN
@!!type:obligation
@!!id:518
@!!loc:489:23:489:30
@!!status:to be proved
@!!END

@!!BEGIN
@!!type:obligation
@!!id:519
@!!loc:494:3:494:5
@!!status:to be proved
@!!END

@!!BEGIN
@!!type:obligation
@!!id:520
@!!loc:495:28:495:30
@!!status:to be proved
@!!END

@!!BEGIN
@!!type:obligation
@!!id:521
@!!loc:495:31:495:35
@!!status:to be proved
@!!END

@!!BEGIN
@!!type:obligation
@!!id:522
@!!loc:495:37:495:49
@!!status:to be proved
@!!END

@!!BEGIN
@!!type:obligation
@!!id:523
@!!loc:496:34:496:36
@!!status:to be proved
@!!END

@!!BEGIN
@!!type:obligation
@!!id:524
@!!loc:496:37:496:41
@!!status:to be proved
@!!END

@!!BEGIN
@!!type:obligation
@!!id:525
@!!loc:496:43:496:47
@!!status:to be proved
@!!END

@!!BEGIN
@!!type:obligation
@!!id:526
@!!loc:497:15:497:17
@!!status:to be proved
@!!END

@!!BEGIN
@!!type:obligation
@!!id:527
@!!loc:497:18:497:22
@!!status:to be proved
@!!END

@!!BEGIN
@!!type:obligation
@!!id:528
@!!loc:497:24:497:28
@!!status:to be proved
@!!END

@!!BEGIN
@!!type:obligation
@!!id:529
@!!loc:497:30:497:41
@!!status:to be proved
@!!END

@!!BEGIN
@!!type:obligation
@!!id:530
@!!loc:498:15:498:17
@!!status:to be proved
@!!END

@!!BEGIN
@!!type:obligation
@!!id:531
@!!loc:498:18:498:22
@!!status:to be proved
@!!END

@!!BEGIN
@!!type:obligation
@!!id:532
@!!loc:498:24:498:28
@!!status:to be proved
@!!END

@!!BEGIN
@!!type:obligation
@!!id:533
@!!loc:498:30:498:34
@!!status:to be proved
@!!END

@!!BEGIN
@!!type:obligation
@!!id:534
@!!loc:499:47:499:49
@!!status:to be proved
@!!END

@!!BEGIN
@!!type:obligation
@!!id:535
@!!loc:499:50:499:54
@!!status:to be proved
@!!END

@!!BEGIN
@!!type:obligation
@!!id:536
@!!loc:502:3:502:5
@!!status:to be proved
@!!END

@!!BEGIN
@!!type:obligation
@!!id:537
@!!loc:502:6:502:10
@!!status:to be proved
@!!END

@!!BEGIN
@!!type:obligation
@!!id:538
@!!loc:502:12:502:24
@!!status:to be proved
@!!END

@!!BEGIN
@!!type:obligation
@!!id:539
@!!loc:503:15:503:17
@!!status:to be proved
@!!END

@!!BEGIN
@!!type:obligation
@!!id:540
@!!loc:503:18:503:22
@!!status:to be proved
@!!END

@!!BEGIN
@!!type:obligation
@!!id:541
@!!loc:503:24:503:28
@!!status:to be proved
@!!END

@!!BEGIN
@!!type:obligation
@!!id:542
@!!loc:503:30:503:34
@!!status:to be proved
@!!END

@!!BEGIN
@!!type:obligation
@!!id:543
@!!loc:503:36:503:40
@!!status:to be proved
@!!END

@!!BEGIN
@!!type:obligation
@!!id:544
@!!loc:524:10:524:12
@!!status:to be proved
@!!END

@!!BEGIN
@!!type:obligation
@!!id:545
@!!loc:524:13:524:17
@!!status:to be proved
@!!END

@!!BEGIN
@!!type:obligation
@!!id:546
@!!loc:524:19:524:23
@!!status:to be proved
@!!END

@!!BEGIN
@!!type:obligation
@!!id:547
@!!loc:524:25:524:29
@!!status:to be proved
@!!END

@!!BEGIN
@!!type:obligation
@!!id:548
@!!loc:510:23:510:30
@!!status:to be proved
@!!END

@!!BEGIN
@!!type:obligation
@!!id:549
@!!loc:514:3:514:5
@!!status:to be proved
@!!END

@!!BEGIN
@!!type:obligation
@!!id:550
@!!loc:515:29:515:31
@!!status:to be proved
@!!END

@!!BEGIN
@!!type:obligation
@!!id:551
@!!loc:515:32:515:36
@!!status:to be proved
@!!END

@!!BEGIN
@!!type:obligation
@!!id:552
@!!loc:515:38:515:50
@!!status:to be proved
@!!END

@!!BEGIN
@!!type:obligation
@!!id:553
@!!loc:516:34:516:36
@!!status:to be proved
@!!END

@!!BEGIN
@!!type:obligation
@!!id:554
@!!loc:516:37:516:41
@!!status:to be proved
@!!END

@!!BEGIN
@!!type:obligation
@!!id:555
@!!loc:516:43:516:47
@!!status:to be proved
@!!END

@!!BEGIN
@!!type:obligation
@!!id:556
@!!loc:517:15:517:17
@!!status:to be proved
@!!END

@!!BEGIN
@!!type:obligation
@!!id:557
@!!loc:517:18:517:22
@!!status:to be proved
@!!END

@!!BEGIN
@!!type:obligation
@!!id:558
@!!loc:517:24:517:28
@!!status:to be proved
@!!END

@!!BEGIN
@!!type:obligation
@!!id:559
@!!loc:517:30:517:41
@!!status:to be proved
@!!END

@!!BEGIN
@!!type:obligation
@!!id:560
@!!loc:518:15:518:17
@!!status:to be proved
@!!END

@!!BEGIN
@!!type:obligation
@!!id:561
@!!loc:518:18:518:22
@!!status:to be proved
@!!END

@!!BEGIN
@!!type:obligation
@!!id:562
@!!loc:518:24:518:28
@!!status:to be proved
@!!END

@!!BEGIN
@!!type:obligation
@!!id:563
@!!loc:518:30:518:34
@!!status:to be proved
@!!END

@!!BEGIN
@!!type:obligation
@!!id:564
@!!loc:519:47:519:49
@!!status:to be proved
@!!END

@!!BEGIN
@!!type:obligation
@!!id:565
@!!loc:519:50:519:54
@!!status:to be proved
@!!END

@!!BEGIN
@!!type:obligation
@!!id:566
@!!loc:522:3:522:5
@!!status:to be proved
@!!END

@!!BEGIN
@!!type:obligation
@!!id:567
@!!loc:522:6:522:10
@!!status:to be proved
@!!END

@!!BEGIN
@!!type:obligation
@!!id:568
@!!loc:522:12:522:24
@!!status:to be proved
@!!END

@!!BEGIN
@!!type:obligation
@!!id:569
@!!loc:523:15:523:17
@!!status:to be proved
@!!END

@!!BEGIN
@!!type:obligation
@!!id:570
@!!loc:523:18:523:22
@!!status:to be proved
@!!END

@!!BEGIN
@!!type:obligation
@!!id:571
@!!loc:523:24:523:28
@!!status:to be proved
@!!END

@!!BEGIN
@!!type:obligation
@!!id:572
@!!loc:523:30:523:34
@!!status:to be proved
@!!END

@!!BEGIN
@!!type:obligation
@!!id:573
@!!loc:523:36:523:40
@!!status:to be proved
@!!END

@!!BEGIN
@!!type:obligation
@!!id:574
@!!loc:561:10:561:12
@!!status:to be proved
@!!END

@!!BEGIN
@!!type:obligation
@!!id:575
@!!loc:561:13:561:18
@!!status:to be proved
@!!END

@!!BEGIN
@!!type:obligation
@!!id:576
@!!loc:561:20:561:25
@!!status:to be proved
@!!END

@!!BEGIN
@!!type:obligation
@!!id:577
@!!loc:561:27:561:32
@!!status:to be proved
@!!END

@!!BEGIN
@!!type:obligation
@!!id:578
@!!loc:530:23:530:30
@!!status:to be proved
@!!END

@!!BEGIN
@!!type:obligation
@!!id:579
@!!loc:543:3:543:5
@!!status:to be proved
@!!END

@!!BEGIN
@!!type:obligation
@!!id:580
@!!loc:545:3:545:5
@!!status:to be proved
@!!END

@!!BEGIN
@!!type:obligation
@!!id:581
@!!loc:545:6:545:10
@!!status:to be proved
@!!END

@!!BEGIN
@!!type:obligation
@!!id:582
@!!loc:545:12:545:24
@!!status:to be proved
@!!END

@!!BEGIN
@!!type:obligation
@!!id:583
@!!loc:547:3:547:5
@!!status:to be proved
@!!END

@!!BEGIN
@!!type:obligation
@!!id:584
@!!loc:547:6:547:10
@!!status:to be proved
@!!END

@!!BEGIN
@!!type:obligation
@!!id:585
@!!loc:547:12:547:16
@!!status:to be proved
@!!END

@!!BEGIN
@!!type:obligation
@!!id:586
@!!loc:547:18:547:30
@!!status:to be proved
@!!END

@!!BEGIN
@!!type:obligation
@!!id:587
@!!loc:548:43:548:45
@!!status:to be proved
@!!END

@!!BEGIN
@!!type:obligation
@!!id:588
@!!loc:550:3:550:5
@!!status:to be proved
@!!END

@!!BEGIN
@!!type:obligation
@!!id:589
@!!loc:550:6:550:10
@!!status:to be proved
@!!END

@!!BEGIN
@!!type:obligation
@!!id:590
@!!loc:550:12:550:16
@!!status:to be proved
@!!END

@!!BEGIN
@!!type:obligation
@!!id:591
@!!loc:550:18:550:30
@!!status:to be proved
@!!END

@!!BEGIN
@!!type:obligation
@!!id:592
@!!loc:551:30:551:32
@!!status:to be proved
@!!END

@!!BEGIN
@!!type:obligation
@!!id:593
@!!loc:551:33:551:37
@!!status:to be proved
@!!END

@!!BEGIN
@!!type:obligation
@!!id:594
@!!loc:551:39:551:43
@!!status:to be proved
@!!END

@!!BEGIN
@!!type:obligation
@!!id:595
@!!loc:551:45:551:49
@!!status:to be proved
@!!END

@!!BEGIN
@!!type:obligation
@!!id:596
@!!loc:551:51:551:63
@!!status:to be proved
@!!END

@!!BEGIN
@!!type:obligation
@!!id:597
@!!loc:552:34:552:36
@!!status:to be proved
@!!END

@!!BEGIN
@!!type:obligation
@!!id:598
@!!loc:552:37:552:41
@!!status:to be proved
@!!END

@!!BEGIN
@!!type:obligation
@!!id:599
@!!loc:552:43:552:47
@!!status:to be proved
@!!END

@!!BEGIN
@!!type:obligation
@!!id:600
@!!loc:553:41:553:43
@!!status:to be proved
@!!END

@!!BEGIN
@!!type:obligation
@!!id:601
@!!loc:553:44:553:48
@!!status:to be proved
@!!END

@!!BEGIN
@!!type:obligation
@!!id:602
@!!loc:553:50:553:54
@!!status:to be proved
@!!END

@!!BEGIN
@!!type:obligation
@!!id:603
@!!loc:554:15:554:17
@!!status:to be proved
@!!END

@!!BEGIN
@!!type:obligation
@!!id:604
@!!loc:554:18:554:22
@!!status:to be proved
@!!END

@!!BEGIN
@!!type:obligation
@!!id:605
@!!loc:554:24:554:28
@!!status:to be proved
@!!END

@!!BEGIN
@!!type:obligation
@!!id:606
@!!loc:554:30:554:34
@!!status:to be proved
@!!END

@!!BEGIN
@!!type:obligation
@!!id:607
@!!loc:554:36:554:47
@!!status:to be proved
@!!END

@!!BEGIN
@!!type:obligation
@!!id:608
@!!loc:555:16:555:18
@!!status:to be proved
@!!END

@!!BEGIN
@!!type:obligation
@!!id:609
@!!loc:555:19:555:23
@!!status:to be proved
@!!END

@!!BEGIN
@!!type:obligation
@!!id:610
@!!loc:555:25:555:29
@!!status:to be proved
@!!END

@!!BEGIN
@!!type:obligation
@!!id:611
@!!loc:555:31:555:35
@!!status:to be proved
@!!END

@!!BEGIN
@!!type:obligation
@!!id:612
@!!loc:555:37:555:41
@!!status:to be proved
@!!END

@!!BEGIN
@!!type:obligation
@!!id:613
@!!loc:555:43:555:47
@!!status:to be proved
@!!END

@!!BEGIN
@!!type:obligation
@!!id:614
@!!loc:555:49:555:53
@!!status:to be proved
@!!END

@!!BEGIN
@!!type:obligation
@!!id:615
@!!loc:556:48:556:50
@!!status:to be proved
@!!END

@!!BEGIN
@!!type:obligation
@!!id:616
@!!loc:556:51:556:55
@!!status:to be proved
@!!END

@!!BEGIN
@!!type:obligation
@!!id:617
@!!loc:559:3:559:5
@!!status:to be proved
@!!END

@!!BEGIN
@!!type:obligation
@!!id:618
@!!loc:560:16:560:18
@!!status:to be proved
@!!END

@!!BEGIN
@!!type:obligation
@!!id:619
@!!loc:560:19:560:23
@!!status:to be proved
@!!END

@!!BEGIN
@!!type:obligation
@!!id:620
@!!loc:560:25:560:29
@!!status:to be proved
@!!END

@!!BEGIN
@!!type:obligation
@!!id:621
@!!loc:560:31:560:35
@!!status:to be proved
@!!END

@!!BEGIN
@!!type:obligation
@!!id:622
@!!loc:560:37:560:41
@!!status:to be proved
@!!END

@!!BEGIN
@!!type:obligation
@!!id:623
@!!loc:560:43:560:48
@!!status:to be proved
@!!END

@!!BEGIN
@!!type:obligation
@!!id:624
@!!loc:582:10:582:12
@!!status:to be proved
@!!END

@!!BEGIN
@!!type:obligation
@!!id:625
@!!loc:582:13:582:17
@!!status:to be proved
@!!END

@!!BEGIN
@!!type:obligation
@!!id:626
@!!loc:582:19:582:23
@!!status:to be proved
@!!END

@!!BEGIN
@!!type:obligation
@!!id:627
@!!loc:582:25:582:29
@!!status:to be proved
@!!END

@!!BEGIN
@!!type:obligation
@!!id:628
@!!loc:567:23:567:30
@!!status:to be proved
@!!END

@!!BEGIN
@!!type:obligation
@!!id:629
@!!loc:572:3:572:5
@!!status:to be proved
@!!END

@!!BEGIN
@!!type:obligation
@!!id:630
@!!loc:573:30:573:32
@!!status:to be proved
@!!END

@!!BEGIN
@!!type:obligation
@!!id:631
@!!loc:573:33:573:37
@!!status:to be proved
@!!END

@!!BEGIN
@!!type:obligation
@!!id:632
@!!loc:573:39:573:51
@!!status:to be proved
@!!END

@!!BEGIN
@!!type:obligation
@!!id:633
@!!loc:574:34:574:36
@!!status:to be proved
@!!END

@!!BEGIN
@!!type:obligation
@!!id:634
@!!loc:574:37:574:41
@!!status:to be proved
@!!END

@!!BEGIN
@!!type:obligation
@!!id:635
@!!loc:574:43:574:47
@!!status:to be proved
@!!END

@!!BEGIN
@!!type:obligation
@!!id:636
@!!loc:575:15:575:17
@!!status:to be proved
@!!END

@!!BEGIN
@!!type:obligation
@!!id:637
@!!loc:575:18:575:22
@!!status:to be proved
@!!END

@!!BEGIN
@!!type:obligation
@!!id:638
@!!loc:575:24:575:28
@!!status:to be proved
@!!END

@!!BEGIN
@!!type:obligation
@!!id:639
@!!loc:575:30:575:41
@!!status:to be proved
@!!END

@!!BEGIN
@!!type:obligation
@!!id:640
@!!loc:576:15:576:17
@!!status:to be proved
@!!END

@!!BEGIN
@!!type:obligation
@!!id:641
@!!loc:576:18:576:22
@!!status:to be proved
@!!END

@!!BEGIN
@!!type:obligation
@!!id:642
@!!loc:576:24:576:28
@!!status:to be proved
@!!END

@!!BEGIN
@!!type:obligation
@!!id:643
@!!loc:576:30:576:34
@!!status:to be proved
@!!END

@!!BEGIN
@!!type:obligation
@!!id:644
@!!loc:577:47:577:49
@!!status:to be proved
@!!END

@!!BEGIN
@!!type:obligation
@!!id:645
@!!loc:577:50:577:54
@!!status:to be proved
@!!END

@!!BEGIN
@!!type:obligation
@!!id:646
@!!loc:580:3:580:5
@!!status:to be proved
@!!END

@!!BEGIN
@!!type:obligation
@!!id:647
@!!loc:581:15:581:17
@!!status:to be proved
@!!END

@!!BEGIN
@!!type:obligation
@!!id:648
@!!loc:581:18:581:22
@!!status:to be proved
@!!END

@!!BEGIN
@!!type:obligation
@!!id:649
@!!loc:581:24:581:28
@!!status:to be proved
@!!END

@!!BEGIN
@!!type:obligation
@!!id:650
@!!loc:581:30:581:34
@!!status:to be proved
@!!END

@!!BEGIN
@!!type:obligation
@!!id:651
@!!loc:581:36:581:40
@!!status:to be proved
@!!END

@!!BEGIN
@!!type:obligation
@!!id:652
@!!loc:596:10:596:12
@!!status:to be proved
@!!END

@!!BEGIN
@!!type:obligation
@!!id:653
@!!loc:596:13:596:17
@!!status:to be proved
@!!END

@!!BEGIN
@!!type:obligation
@!!id:654
@!!loc:596:19:596:23
@!!status:to be proved
@!!END

@!!BEGIN
@!!type:obligation
@!!id:655
@!!loc:596:25:596:29
@!!status:to be proved
@!!END

@!!BEGIN
@!!type:obligation
@!!id:656
@!!loc:591:3:591:5
@!!status:to be proved
@!!END

@!!BEGIN
@!!type:obligation
@!!id:657
@!!loc:592:15:592:17
@!!status:to be proved
@!!END

@!!BEGIN
@!!type:obligation
@!!id:658
@!!loc:592:18:592:22
@!!status:to be proved
@!!END

@!!BEGIN
@!!type:obligation
@!!id:659
@!!loc:592:24:592:35
@!!status:to be proved
@!!END

@!!BEGIN
@!!type:obligation
@!!id:660
@!!loc:593:15:593:17
@!!status:to be proved
@!!END

@!!BEGIN
@!!type:obligation
@!!id:661
@!!loc:593:18:593:22
@!!status:to be proved
@!!END

@!!BEGIN
@!!type:obligation
@!!id:662
@!!loc:593:24:593:28
@!!status:to be proved
@!!END

@!!BEGIN
@!!type:obligation
@!!id:663
@!!loc:594:47:594:49
@!!status:to be proved
@!!END

@!!BEGIN
@!!type:obligation
@!!id:664
@!!loc:594:50:594:54
@!!status:to be proved
@!!END

@!!BEGIN
@!!type:obligation
@!!id:665
@!!loc:595:15:595:17
@!!status:to be proved
@!!END

@!!BEGIN
@!!type:obligation
@!!id:666
@!!loc:595:18:595:22
@!!status:to be proved
@!!END

@!!BEGIN
@!!type:obligation
@!!id:667
@!!loc:616:10:616:12
@!!status:to be proved
@!!END

@!!BEGIN
@!!type:obligation
@!!id:668
@!!loc:616:13:616:17
@!!status:to be proved
@!!END

@!!BEGIN
@!!type:obligation
@!!id:669
@!!loc:616:19:616:23
@!!status:to be proved
@!!END

@!!BEGIN
@!!type:obligation
@!!id:670
@!!loc:616:25:616:29
@!!status:to be proved
@!!END

@!!BEGIN
@!!type:obligation
@!!id:671
@!!loc:602:23:602:30
@!!status:to be proved
@!!END

@!!BEGIN
@!!type:obligation
@!!id:672
@!!loc:607:3:607:5
@!!status:to be proved
@!!END

@!!BEGIN
@!!type:obligation
@!!id:673
@!!loc:608:29:608:31
@!!status:to be proved
@!!END

@!!BEGIN
@!!type:obligation
@!!id:674
@!!loc:608:32:608:36
@!!status:to be proved
@!!END

@!!BEGIN
@!!type:obligation
@!!id:675
@!!loc:608:38:608:50
@!!status:to be proved
@!!END

@!!BEGIN
@!!type:obligation
@!!id:676
@!!loc:609:34:609:36
@!!status:to be proved
@!!END

@!!BEGIN
@!!type:obligation
@!!id:677
@!!loc:609:37:609:41
@!!status:to be proved
@!!END

@!!BEGIN
@!!type:obligation
@!!id:678
@!!loc:609:43:609:47
@!!status:to be proved
@!!END

@!!BEGIN
@!!type:obligation
@!!id:679
@!!loc:610:15:610:17
@!!status:to be proved
@!!END

@!!BEGIN
@!!type:obligation
@!!id:680
@!!loc:610:18:610:22
@!!status:to be proved
@!!END

@!!BEGIN
@!!type:obligation
@!!id:681
@!!loc:610:24:610:28
@!!status:to be proved
@!!END

@!!BEGIN
@!!type:obligation
@!!id:682
@!!loc:610:30:610:41
@!!status:to be proved
@!!END

@!!BEGIN
@!!type:obligation
@!!id:683
@!!loc:611:15:611:17
@!!status:to be proved
@!!END

@!!BEGIN
@!!type:obligation
@!!id:684
@!!loc:611:18:611:22
@!!status:to be proved
@!!END

@!!BEGIN
@!!type:obligation
@!!id:685
@!!loc:611:24:611:28
@!!status:to be proved
@!!END

@!!BEGIN
@!!type:obligation
@!!id:686
@!!loc:611:30:611:34
@!!status:to be proved
@!!END

@!!BEGIN
@!!type:obligation
@!!id:687
@!!loc:612:47:612:49
@!!status:to be proved
@!!END

@!!BEGIN
@!!type:obligation
@!!id:688
@!!loc:612:50:612:54
@!!status:to be proved
@!!END

@!!BEGIN
@!!type:obligation
@!!id:689
@!!loc:614:3:614:5
@!!status:to be proved
@!!END

@!!BEGIN
@!!type:obligation
@!!id:690
@!!loc:614:6:614:10
@!!status:to be proved
@!!END

@!!BEGIN
@!!type:obligation
@!!id:691
@!!loc:614:12:614:24
@!!status:to be proved
@!!END

@!!BEGIN
@!!type:obligation
@!!id:692
@!!loc:615:15:615:17
@!!status:to be proved
@!!END

@!!BEGIN
@!!type:obligation
@!!id:693
@!!loc:615:18:615:22
@!!status:to be proved
@!!END

@!!BEGIN
@!!type:obligation
@!!id:694
@!!loc:615:24:615:28
@!!status:to be proved
@!!END

@!!BEGIN
@!!type:obligation
@!!id:695
@!!loc:615:30:615:34
@!!status:to be proved
@!!END

@!!BEGIN
@!!type:obligation
@!!id:696
@!!loc:615:36:615:40
@!!status:to be proved
@!!END

@!!BEGIN
@!!type:obligation
@!!id:697
@!!loc:640:10:640:12
@!!status:to be proved
@!!END

@!!BEGIN
@!!type:obligation
@!!id:698
@!!loc:640:13:640:17
@!!status:to be proved
@!!END

@!!BEGIN
@!!type:obligation
@!!id:699
@!!loc:640:19:640:23
@!!status:to be proved
@!!END

@!!BEGIN
@!!type:obligation
@!!id:700
@!!loc:640:25:640:29
@!!status:to be proved
@!!END

@!!BEGIN
@!!type:obligation
@!!id:701
@!!loc:625:23:625:30
@!!status:to be proved
@!!END

@!!BEGIN
@!!type:obligation
@!!id:702
@!!loc:631:3:631:5
@!!status:to be proved
@!!END

@!!BEGIN
@!!type:obligation
@!!id:703
@!!loc:632:30:632:32
@!!status:to be proved
@!!END

@!!BEGIN
@!!type:obligation
@!!id:704
@!!loc:632:33:632:37
@!!status:to be proved
@!!END

@!!BEGIN
@!!type:obligation
@!!id:705
@!!loc:632:39:632:51
@!!status:to be proved
@!!END

@!!BEGIN
@!!type:obligation
@!!id:706
@!!loc:633:34:633:36
@!!status:to be proved
@!!END

@!!BEGIN
@!!type:obligation
@!!id:707
@!!loc:633:37:633:41
@!!status:to be proved
@!!END

@!!BEGIN
@!!type:obligation
@!!id:708
@!!loc:633:43:633:47
@!!status:to be proved
@!!END

@!!BEGIN
@!!type:obligation
@!!id:709
@!!loc:634:15:634:17
@!!status:to be proved
@!!END

@!!BEGIN
@!!type:obligation
@!!id:710
@!!loc:634:18:634:22
@!!status:to be proved
@!!END

@!!BEGIN
@!!type:obligation
@!!id:711
@!!loc:634:24:634:28
@!!status:to be proved
@!!END

@!!BEGIN
@!!type:obligation
@!!id:712
@!!loc:634:30:634:41
@!!status:to be proved
@!!END

@!!BEGIN
@!!type:obligation
@!!id:713
@!!loc:635:15:635:17
@!!status:to be proved
@!!END

@!!BEGIN
@!!type:obligation
@!!id:714
@!!loc:635:18:635:22
@!!status:to be proved
@!!END

@!!BEGIN
@!!type:obligation
@!!id:715
@!!loc:635:24:635:28
@!!status:to be proved
@!!END

@!!BEGIN
@!!type:obligation
@!!id:716
@!!loc:635:30:635:34
@!!status:to be proved
@!!END

@!!BEGIN
@!!type:obligation
@!!id:717
@!!loc:636:47:636:49
@!!status:to be proved
@!!END

@!!BEGIN
@!!type:obligation
@!!id:718
@!!loc:636:50:636:54
@!!status:to be proved
@!!END

@!!BEGIN
@!!type:obligation
@!!id:719
@!!loc:638:3:638:5
@!!status:to be proved
@!!END

@!!BEGIN
@!!type:obligation
@!!id:720
@!!loc:638:6:638:10
@!!status:to be proved
@!!END

@!!BEGIN
@!!type:obligation
@!!id:721
@!!loc:638:12:638:24
@!!status:to be proved
@!!END

@!!BEGIN
@!!type:obligation
@!!id:722
@!!loc:639:15:639:17
@!!status:to be proved
@!!END

@!!BEGIN
@!!type:obligation
@!!id:723
@!!loc:639:18:639:22
@!!status:to be proved
@!!END

@!!BEGIN
@!!type:obligation
@!!id:724
@!!loc:639:24:639:28
@!!status:to be proved
@!!END

@!!BEGIN
@!!type:obligation
@!!id:725
@!!loc:639:30:639:34
@!!status:to be proved
@!!END

@!!BEGIN
@!!type:obligation
@!!id:726
@!!loc:639:36:639:40
@!!status:to be proved
@!!END

@!!BEGIN
@!!type:obligation
@!!id:727
@!!loc:670:10:670:12
@!!status:to be proved
@!!END

@!!BEGIN
@!!type:obligation
@!!id:728
@!!loc:670:13:670:18
@!!status:to be proved
@!!END

@!!BEGIN
@!!type:obligation
@!!id:729
@!!loc:670:20:670:25
@!!status:to be proved
@!!END

@!!BEGIN
@!!type:obligation
@!!id:730
@!!loc:670:27:670:32
@!!status:to be proved
@!!END

@!!BEGIN
@!!type:obligation
@!!id:731
@!!loc:646:23:646:30
@!!status:to be proved
@!!END

@!!BEGIN
@!!type:obligation
@!!id:732
@!!loc:652:3:652:5
@!!status:to be proved
@!!END

@!!BEGIN
@!!type:obligation
@!!id:734
@!!loc:656:3:656:5
@!!status:to be proved
@!!END

@!!BEGIN
@!!type:obligation
@!!id:735
@!!loc:657:65:657:67
@!!status:to be proved
@!!END

@!!BEGIN
@!!type:obligation
@!!id:736
@!!loc:658:33:658:35
@!!status:to be proved
@!!END

@!!BEGIN
@!!type:obligation
@!!id:737
@!!loc:658:36:658:40
@!!status:to be proved
@!!END

@!!BEGIN
@!!type:obligation
@!!id:738
@!!loc:658:42:658:51
@!!status:to be proved
@!!END

@!!BEGIN
@!!type:obligation
@!!id:739
@!!loc:659:85:659:87
@!!status:to be proved
@!!END

@!!BEGIN
@!!type:obligation
@!!id:740
@!!loc:659:88:659:92
@!!status:to be proved
@!!END

@!!BEGIN
@!!type:obligation
@!!id:741
@!!loc:659:94:659:103
@!!status:to be proved
@!!END

@!!BEGIN
@!!type:obligation
@!!id:742
@!!loc:660:51:660:53
@!!status:to be proved
@!!END

@!!BEGIN
@!!type:obligation
@!!id:743
@!!loc:660:54:660:58
@!!status:to be proved
@!!END

@!!BEGIN
@!!type:obligation
@!!id:744
@!!loc:660:60:660:72
@!!status:to be proved
@!!END

@!!BEGIN
@!!type:obligation
@!!id:745
@!!loc:661:33:661:35
@!!status:to be proved
@!!END

@!!BEGIN
@!!type:obligation
@!!id:746
@!!loc:661:36:661:40
@!!status:to be proved
@!!END

@!!BEGIN
@!!type:obligation
@!!id:747
@!!loc:661:42:661:46
@!!status:to be proved
@!!END

@!!BEGIN
@!!type:obligation
@!!id:748
@!!loc:661:48:661:52
@!!status:to be proved
@!!END

@!!BEGIN
@!!type:obligation
@!!id:749
@!!loc:661:54:661:58
@!!status:to be proved
@!!END

@!!BEGIN
@!!type:obligation
@!!id:750
@!!loc:661:60:661:72
@!!status:to be proved
@!!END

@!!BEGIN
@!!type:obligation
@!!id:751
@!!loc:662:34:662:36
@!!status:to be proved
@!!END

@!!BEGIN
@!!type:obligation
@!!id:752
@!!loc:662:37:662:41
@!!status:to be proved
@!!END

@!!BEGIN
@!!type:obligation
@!!id:753
@!!loc:662:43:662:47
@!!status:to be proved
@!!END

@!!BEGIN
@!!type:obligation
@!!id:754
@!!loc:663:15:663:17
@!!status:to be proved
@!!END

@!!BEGIN
@!!type:obligation
@!!id:755
@!!loc:663:18:663:22
@!!status:to be proved
@!!END

@!!BEGIN
@!!type:obligation
@!!id:756
@!!loc:663:24:663:28
@!!status:to be proved
@!!END

@!!BEGIN
@!!type:obligation
@!!id:757
@!!loc:663:30:663:41
@!!status:to be proved
@!!END

@!!BEGIN
@!!type:obligation
@!!id:758
@!!loc:664:16:664:18
@!!status:to be proved
@!!END

@!!BEGIN
@!!type:obligation
@!!id:759
@!!loc:664:19:664:23
@!!status:to be proved
@!!END

@!!BEGIN
@!!type:obligation
@!!id:760
@!!loc:664:25:664:29
@!!status:to be proved
@!!END

@!!BEGIN
@!!type:obligation
@!!id:761
@!!loc:664:31:664:35
@!!status:to be proved
@!!END

@!!BEGIN
@!!type:obligation
@!!id:762
@!!loc:664:37:664:41
@!!status:to be proved
@!!END

@!!BEGIN
@!!type:obligation
@!!id:763
@!!loc:664:43:664:47
@!!status:to be proved
@!!END

@!!BEGIN
@!!type:obligation
@!!id:764
@!!loc:665:48:665:50
@!!status:to be proved
@!!END

@!!BEGIN
@!!type:obligation
@!!id:765
@!!loc:665:51:665:55
@!!status:to be proved
@!!END

@!!BEGIN
@!!type:obligation
@!!id:766
@!!loc:668:3:668:5
@!!status:to be proved
@!!END

@!!BEGIN
@!!type:obligation
@!!id:767
@!!loc:668:6:668:10
@!!status:to be proved
@!!END

@!!BEGIN
@!!type:obligation
@!!id:768
@!!loc:668:12:668:24
@!!status:to be proved
@!!END

@!!BEGIN
@!!type:obligation
@!!id:769
@!!loc:669:16:669:18
@!!status:to be proved
@!!END

@!!BEGIN
@!!type:obligation
@!!id:770
@!!loc:669:19:669:23
@!!status:to be proved
@!!END

@!!BEGIN
@!!type:obligation
@!!id:771
@!!loc:669:25:669:29
@!!status:to be proved
@!!END

@!!BEGIN
@!!type:obligation
@!!id:772
@!!loc:669:31:669:35
@!!status:to be proved
@!!END

@!!BEGIN
@!!type:obligation
@!!id:773
@!!loc:669:37:669:41
@!!status:to be proved
@!!END

@!!BEGIN
@!!type:obligation
@!!id:774
@!!loc:669:43:669:48
@!!status:to be proved
@!!END

@!!BEGIN
@!!type:obligation
@!!id:775
@!!loc:698:10:698:12
@!!status:to be proved
@!!END

@!!BEGIN
@!!type:obligation
@!!id:776
@!!loc:698:13:698:17
@!!status:to be proved
@!!END

@!!BEGIN
@!!type:obligation
@!!id:777
@!!loc:698:19:698:23
@!!status:to be proved
@!!END

@!!BEGIN
@!!type:obligation
@!!id:778
@!!loc:698:25:698:30
@!!status:to be proved
@!!END

@!!BEGIN
@!!type:obligation
@!!id:779
@!!loc:679:23:679:30
@!!status:to be proved
@!!END

@!!BEGIN
@!!type:obligation
@!!id:780
@!!loc:683:3:683:5
@!!status:to be proved
@!!END

@!!BEGIN
@!!type:obligation
@!!id:782
@!!loc:687:3:687:5
@!!status:to be proved
@!!END

@!!BEGIN
@!!type:obligation
@!!id:783
@!!loc:688:58:688:60
@!!status:to be proved
@!!END

@!!BEGIN
@!!type:obligation
@!!id:784
@!!loc:688:61:688:72
@!!status:to be proved
@!!END

@!!BEGIN
@!!type:obligation
@!!id:785
@!!loc:689:38:689:40
@!!status:to be proved
@!!END

@!!BEGIN
@!!type:obligation
@!!id:786
@!!loc:689:41:689:45
@!!status:to be proved
@!!END

@!!BEGIN
@!!type:obligation
@!!id:787
@!!loc:689:47:689:51
@!!status:to be proved
@!!END

@!!BEGIN
@!!type:obligation
@!!id:788
@!!loc:689:53:689:65
@!!status:to be proved
@!!END

@!!BEGIN
@!!type:obligation
@!!id:789
@!!loc:690:34:690:36
@!!status:to be proved
@!!END

@!!BEGIN
@!!type:obligation
@!!id:790
@!!loc:690:37:690:41
@!!status:to be proved
@!!END

@!!BEGIN
@!!type:obligation
@!!id:791
@!!loc:690:43:690:47
@!!status:to be proved
@!!END

@!!BEGIN
@!!type:obligation
@!!id:792
@!!loc:691:15:691:17
@!!status:to be proved
@!!END

@!!BEGIN
@!!type:obligation
@!!id:793
@!!loc:691:18:691:22
@!!status:to be proved
@!!END

@!!BEGIN
@!!type:obligation
@!!id:794
@!!loc:691:24:691:28
@!!status:to be proved
@!!END

@!!BEGIN
@!!type:obligation
@!!id:795
@!!loc:691:30:691:41
@!!status:to be proved
@!!END

@!!BEGIN
@!!type:obligation
@!!id:796
@!!loc:692:15:692:17
@!!status:to be proved
@!!END

@!!BEGIN
@!!type:obligation
@!!id:797
@!!loc:692:18:692:22
@!!status:to be proved
@!!END

@!!BEGIN
@!!type:obligation
@!!id:798
@!!loc:692:24:692:28
@!!status:to be proved
@!!END

@!!BEGIN
@!!type:obligation
@!!id:799
@!!loc:692:30:692:34
@!!status:to be proved
@!!END

@!!BEGIN
@!!type:obligation
@!!id:800
@!!loc:693:47:693:49
@!!status:to be proved
@!!END

@!!BEGIN
@!!type:obligation
@!!id:801
@!!loc:693:50:693:54
@!!status:to be proved
@!!END

@!!BEGIN
@!!type:obligation
@!!id:802
@!!loc:696:3:696:5
@!!status:to be proved
@!!END

@!!BEGIN
@!!type:obligation
@!!id:803
@!!loc:697:16:697:18
@!!status:to be proved
@!!END

@!!BEGIN
@!!type:obligation
@!!id:804
@!!loc:697:19:697:23
@!!status:to be proved
@!!END

@!!BEGIN
@!!type:obligation
@!!id:805
@!!loc:697:25:697:29
@!!status:to be proved
@!!END

@!!BEGIN
@!!type:obligation
@!!id:806
@!!loc:697:31:697:35
@!!status:to be proved
@!!END

@!!BEGIN
@!!type:obligation
@!!id:807
@!!loc:697:37:697:41
@!!status:to be proved
@!!END

@!!BEGIN
@!!type:obligation
@!!id:808
@!!loc:697:43:697:47
@!!status:to be proved
@!!END

@!!BEGIN
@!!type:obligation
@!!id:809
@!!loc:720:10:720:12
@!!status:to be proved
@!!END

@!!BEGIN
@!!type:obligation
@!!id:810
@!!loc:720:13:720:17
@!!status:to be proved
@!!END

@!!BEGIN
@!!type:obligation
@!!id:811
@!!loc:720:19:720:23
@!!status:to be proved
@!!END

@!!BEGIN
@!!type:obligation
@!!id:812
@!!loc:720:25:720:29
@!!status:to be proved
@!!END

@!!BEGIN
@!!type:obligation
@!!id:813
@!!loc:704:23:704:30
@!!status:to be proved
@!!END

@!!BEGIN
@!!type:obligation
@!!id:814
@!!loc:708:3:708:5
@!!status:to be proved
@!!END

@!!BEGIN
@!!type:obligation
@!!id:815
@!!loc:710:3:710:5
@!!status:to be proved
@!!END

@!!BEGIN
@!!type:obligation
@!!id:816
@!!loc:710:6:710:10
@!!status:to be proved
@!!END

@!!BEGIN
@!!type:obligation
@!!id:817
@!!loc:710:12:710:24
@!!status:to be proved
@!!END

@!!BEGIN
@!!type:obligation
@!!id:818
@!!loc:711:35:711:37
@!!status:to be proved
@!!END

@!!BEGIN
@!!type:obligation
@!!id:819
@!!loc:711:38:711:42
@!!status:to be proved
@!!END

@!!BEGIN
@!!type:obligation
@!!id:820
@!!loc:711:44:711:48
@!!status:to be proved
@!!END

@!!BEGIN
@!!type:obligation
@!!id:821
@!!loc:711:50:711:62
@!!status:to be proved
@!!END

@!!BEGIN
@!!type:obligation
@!!id:822
@!!loc:712:34:712:36
@!!status:to be proved
@!!END

@!!BEGIN
@!!type:obligation
@!!id:823
@!!loc:712:37:712:41
@!!status:to be proved
@!!END

@!!BEGIN
@!!type:obligation
@!!id:824
@!!loc:712:43:712:47
@!!status:to be proved
@!!END

@!!BEGIN
@!!type:obligation
@!!id:825
@!!loc:713:15:713:17
@!!status:to be proved
@!!END

@!!BEGIN
@!!type:obligation
@!!id:826
@!!loc:713:18:713:22
@!!status:to be proved
@!!END

@!!BEGIN
@!!type:obligation
@!!id:827
@!!loc:713:24:713:28
@!!status:to be proved
@!!END

@!!BEGIN
@!!type:obligation
@!!id:828
@!!loc:713:30:713:41
@!!status:to be proved
@!!END

@!!BEGIN
@!!type:obligation
@!!id:829
@!!loc:714:15:714:17
@!!status:to be proved
@!!END

@!!BEGIN
@!!type:obligation
@!!id:830
@!!loc:714:18:714:22
@!!status:to be proved
@!!END

@!!BEGIN
@!!type:obligation
@!!id:831
@!!loc:714:24:714:28
@!!status:to be proved
@!!END

@!!BEGIN
@!!type:obligation
@!!id:832
@!!loc:714:30:714:34
@!!status:to be proved
@!!END

@!!BEGIN
@!!type:obligation
@!!id:833
@!!loc:714:36:714:40
@!!status:to be proved
@!!END

@!!BEGIN
@!!type:obligation
@!!id:834
@!!loc:715:47:715:49
@!!status:to be proved
@!!END

@!!BEGIN
@!!type:obligation
@!!id:835
@!!loc:715:50:715:54
@!!status:to be proved
@!!END

@!!BEGIN
@!!type:obligation
@!!id:836
@!!loc:718:3:718:5
@!!status:to be proved
@!!END

@!!BEGIN
@!!type:obligation
@!!id:837
@!!loc:718:6:718:10
@!!status:to be proved
@!!END

@!!BEGIN
@!!type:obligation
@!!id:838
@!!loc:718:12:718:16
@!!status:to be proved
@!!END

@!!BEGIN
@!!type:obligation
@!!id:839
@!!loc:718:18:718:30
@!!status:to be proved
@!!END

@!!BEGIN
@!!type:obligation
@!!id:840
@!!loc:719:15:719:17
@!!status:to be proved
@!!END

@!!BEGIN
@!!type:obligation
@!!id:841
@!!loc:719:18:719:22
@!!status:to be proved
@!!END

@!!BEGIN
@!!type:obligation
@!!id:842
@!!loc:719:24:719:28
@!!status:to be proved
@!!END

@!!BEGIN
@!!type:obligation
@!!id:843
@!!loc:719:30:719:34
@!!status:to be proved
@!!END

@!!BEGIN
@!!type:obligation
@!!id:844
@!!loc:719:36:719:40
@!!status:to be proved
@!!END

@!!BEGIN
@!!type:obligation
@!!id:845
@!!loc:755:10:755:12
@!!status:to be proved
@!!END

@!!BEGIN
@!!type:obligation
@!!id:846
@!!loc:755:13:755:18
@!!status:to be proved
@!!END

@!!BEGIN
@!!type:obligation
@!!id:847
@!!loc:755:20:755:25
@!!status:to be proved
@!!END

@!!BEGIN
@!!type:obligation
@!!id:848
@!!loc:755:27:755:32
@!!status:to be proved
@!!END

@!!BEGIN
@!!type:obligation
@!!id:849
@!!loc:726:23:726:30
@!!status:to be proved
@!!END

@!!BEGIN
@!!type:obligation
@!!id:850
@!!loc:731:3:731:5
@!!status:to be proved
@!!END

@!!BEGIN
@!!type:obligation
@!!id:852
@!!loc:734:3:734:5
@!!status:to be proved
@!!END

@!!BEGIN
@!!type:obligation
@!!id:853
@!!loc:737:3:737:5
@!!status:to be proved
@!!END

@!!BEGIN
@!!type:obligation
@!!id:854
@!!loc:737:6:737:10
@!!status:to be proved
@!!END

@!!BEGIN
@!!type:obligation
@!!id:855
@!!loc:737:12:737:24
@!!status:to be proved
@!!END

@!!BEGIN
@!!type:obligation
@!!id:856
@!!loc:738:34:738:36
@!!status:to be proved
@!!END

@!!BEGIN
@!!type:obligation
@!!id:857
@!!loc:738:37:738:41
@!!status:to be proved
@!!END

@!!BEGIN
@!!type:obligation
@!!id:858
@!!loc:738:43:738:52
@!!status:to be proved
@!!END

@!!BEGIN
@!!type:obligation
@!!id:859
@!!loc:741:3:741:5
@!!status:to be proved
@!!END

@!!BEGIN
@!!type:obligation
@!!id:860
@!!loc:741:6:741:10
@!!status:to be proved
@!!END

@!!BEGIN
@!!type:obligation
@!!id:861
@!!loc:741:12:741:24
@!!status:to be proved
@!!END

@!!BEGIN
@!!type:obligation
@!!id:862
@!!loc:743:3:743:5
@!!status:to be proved
@!!END

@!!BEGIN
@!!type:obligation
@!!id:863
@!!loc:743:6:743:10
@!!status:to be proved
@!!END

@!!BEGIN
@!!type:obligation
@!!id:864
@!!loc:743:12:743:16
@!!status:to be proved
@!!END

@!!BEGIN
@!!type:obligation
@!!id:865
@!!loc:743:18:743:27
@!!status:to be proved
@!!END

@!!BEGIN
@!!type:obligation
@!!id:866
@!!loc:743:29:743:41
@!!status:to be proved
@!!END

@!!BEGIN
@!!type:obligation
@!!id:867
@!!loc:745:3:745:5
@!!status:to be proved
@!!END

@!!BEGIN
@!!type:obligation
@!!id:868
@!!loc:745:6:745:10
@!!status:to be proved
@!!END

@!!BEGIN
@!!type:obligation
@!!id:869
@!!loc:745:12:745:16
@!!status:to be proved
@!!END

@!!BEGIN
@!!type:obligation
@!!id:870
@!!loc:745:18:745:22
@!!status:to be proved
@!!END

@!!BEGIN
@!!type:obligation
@!!id:871
@!!loc:745:24:745:28
@!!status:to be proved
@!!END

@!!BEGIN
@!!type:obligation
@!!id:872
@!!loc:745:30:745:42
@!!status:to be proved
@!!END

@!!BEGIN
@!!type:obligation
@!!id:873
@!!loc:746:34:746:36
@!!status:to be proved
@!!END

@!!BEGIN
@!!type:obligation
@!!id:874
@!!loc:746:37:746:41
@!!status:to be proved
@!!END

@!!BEGIN
@!!type:obligation
@!!id:875
@!!loc:746:43:746:47
@!!status:to be proved
@!!END

@!!BEGIN
@!!type:obligation
@!!id:876
@!!loc:747:15:747:17
@!!status:to be proved
@!!END

@!!BEGIN
@!!type:obligation
@!!id:877
@!!loc:747:18:747:22
@!!status:to be proved
@!!END

@!!BEGIN
@!!type:obligation
@!!id:878
@!!loc:747:24:747:28
@!!status:to be proved
@!!END

@!!BEGIN
@!!type:obligation
@!!id:879
@!!loc:747:30:747:41
@!!status:to be proved
@!!END

@!!BEGIN
@!!type:obligation
@!!id:880
@!!loc:748:16:748:18
@!!status:to be proved
@!!END

@!!BEGIN
@!!type:obligation
@!!id:881
@!!loc:748:19:748:23
@!!status:to be proved
@!!END

@!!BEGIN
@!!type:obligation
@!!id:882
@!!loc:748:25:748:29
@!!status:to be proved
@!!END

@!!BEGIN
@!!type:obligation
@!!id:883
@!!loc:748:31:748:35
@!!status:to be proved
@!!END

@!!BEGIN
@!!type:obligation
@!!id:884
@!!loc:748:37:748:41
@!!status:to be proved
@!!END

@!!BEGIN
@!!type:obligation
@!!id:885
@!!loc:748:43:748:47
@!!status:to be proved
@!!END

@!!BEGIN
@!!type:obligation
@!!id:886
@!!loc:749:48:749:50
@!!status:to be proved
@!!END

@!!BEGIN
@!!type:obligation
@!!id:887
@!!loc:749:51:749:55
@!!status:to be proved
@!!END

@!!BEGIN
@!!type:obligation
@!!id:888
@!!loc:753:3:753:5
@!!status:to be proved
@!!END

@!!BEGIN
@!!type:obligation
@!!id:889
@!!loc:753:6:753:10
@!!status:to be proved
@!!END

@!!BEGIN
@!!type:obligation
@!!id:890
@!!loc:753:12:753:16
@!!status:to be proved
@!!END

@!!BEGIN
@!!type:obligation
@!!id:891
@!!loc:754:16:754:18
@!!status:to be proved
@!!END

@!!BEGIN
@!!type:obligation
@!!id:892
@!!loc:754:19:754:23
@!!status:to be proved
@!!END

@!!BEGIN
@!!type:obligation
@!!id:893
@!!loc:754:25:754:29
@!!status:to be proved
@!!END

@!!BEGIN
@!!type:obligation
@!!id:894
@!!loc:754:31:754:35
@!!status:to be proved
@!!END

@!!BEGIN
@!!type:obligation
@!!id:895
@!!loc:754:37:754:41
@!!status:to be proved
@!!END

@!!BEGIN
@!!type:obligation
@!!id:896
@!!loc:754:43:754:48
@!!status:to be proved
@!!END

@!!BEGIN
@!!type:obligation
@!!id:897
@!!loc:778:10:778:12
@!!status:to be proved
@!!END

@!!BEGIN
@!!type:obligation
@!!id:898
@!!loc:778:13:778:17
@!!status:to be proved
@!!END

@!!BEGIN
@!!type:obligation
@!!id:899
@!!loc:778:19:778:23
@!!status:to be proved
@!!END

@!!BEGIN
@!!type:obligation
@!!id:900
@!!loc:778:25:778:29
@!!status:to be proved
@!!END

@!!BEGIN
@!!type:obligation
@!!id:901
@!!loc:764:23:764:30
@!!status:to be proved
@!!END

@!!BEGIN
@!!type:obligation
@!!id:902
@!!loc:768:3:768:5
@!!status:to be proved
@!!END

@!!BEGIN
@!!type:obligation
@!!id:903
@!!loc:769:32:769:34
@!!status:to be proved
@!!END

@!!BEGIN
@!!type:obligation
@!!id:904
@!!loc:769:35:769:39
@!!status:to be proved
@!!END

@!!BEGIN
@!!type:obligation
@!!id:905
@!!loc:769:41:769:53
@!!status:to be proved
@!!END

@!!BEGIN
@!!type:obligation
@!!id:906
@!!loc:770:34:770:36
@!!status:to be proved
@!!END

@!!BEGIN
@!!type:obligation
@!!id:907
@!!loc:770:37:770:41
@!!status:to be proved
@!!END

@!!BEGIN
@!!type:obligation
@!!id:908
@!!loc:770:43:770:47
@!!status:to be proved
@!!END

@!!BEGIN
@!!type:obligation
@!!id:909
@!!loc:771:15:771:17
@!!status:to be proved
@!!END

@!!BEGIN
@!!type:obligation
@!!id:910
@!!loc:771:18:771:22
@!!status:to be proved
@!!END

@!!BEGIN
@!!type:obligation
@!!id:911
@!!loc:771:24:771:28
@!!status:to be proved
@!!END

@!!BEGIN
@!!type:obligation
@!!id:912
@!!loc:771:30:771:41
@!!status:to be proved
@!!END

@!!BEGIN
@!!type:obligation
@!!id:913
@!!loc:772:15:772:17
@!!status:to be proved
@!!END

@!!BEGIN
@!!type:obligation
@!!id:914
@!!loc:772:18:772:22
@!!status:to be proved
@!!END

@!!BEGIN
@!!type:obligation
@!!id:915
@!!loc:772:24:772:28
@!!status:to be proved
@!!END

@!!BEGIN
@!!type:obligation
@!!id:916
@!!loc:772:30:772:34
@!!status:to be proved
@!!END

@!!BEGIN
@!!type:obligation
@!!id:917
@!!loc:773:47:773:49
@!!status:to be proved
@!!END

@!!BEGIN
@!!type:obligation
@!!id:918
@!!loc:773:50:773:54
@!!status:to be proved
@!!END

@!!BEGIN
@!!type:obligation
@!!id:919
@!!loc:776:3:776:5
@!!status:to be proved
@!!END

@!!BEGIN
@!!type:obligation
@!!id:920
@!!loc:776:6:776:10
@!!status:to be proved
@!!END

@!!BEGIN
@!!type:obligation
@!!id:921
@!!loc:776:12:776:24
@!!status:to be proved
@!!END

@!!BEGIN
@!!type:obligation
@!!id:922
@!!loc:777:15:777:17
@!!status:to be proved
@!!END

@!!BEGIN
@!!type:obligation
@!!id:923
@!!loc:777:18:777:22
@!!status:to be proved
@!!END

@!!BEGIN
@!!type:obligation
@!!id:924
@!!loc:777:24:777:28
@!!status:to be proved
@!!END

@!!BEGIN
@!!type:obligation
@!!id:925
@!!loc:777:30:777:34
@!!status:to be proved
@!!END

@!!BEGIN
@!!type:obligation
@!!id:926
@!!loc:777:36:777:40
@!!status:to be proved
@!!END

@!!BEGIN
@!!type:obligation
@!!id:927
@!!loc:807:10:807:12
@!!status:to be proved
@!!END

@!!BEGIN
@!!type:obligation
@!!id:928
@!!loc:807:13:807:18
@!!status:to be proved
@!!END

@!!BEGIN
@!!type:obligation
@!!id:929
@!!loc:807:20:807:25
@!!status:to be proved
@!!END

@!!BEGIN
@!!type:obligation
@!!id:930
@!!loc:807:27:807:32
@!!status:to be proved
@!!END

@!!BEGIN
@!!type:obligation
@!!id:931
@!!loc:784:23:784:30
@!!status:to be proved
@!!END

@!!BEGIN
@!!type:obligation
@!!id:932
@!!loc:790:3:790:5
@!!status:to be proved
@!!END

@!!BEGIN
@!!type:obligation
@!!id:934
@!!loc:793:3:793:5
@!!status:to be proved
@!!END

@!!BEGIN
@!!type:obligation
@!!id:935
@!!loc:794:65:794:67
@!!status:to be proved
@!!END

@!!BEGIN
@!!type:obligation
@!!id:936
@!!loc:795:33:795:35
@!!status:to be proved
@!!END

@!!BEGIN
@!!type:obligation
@!!id:937
@!!loc:795:36:795:40
@!!status:to be proved
@!!END

@!!BEGIN
@!!type:obligation
@!!id:938
@!!loc:795:42:795:51
@!!status:to be proved
@!!END

@!!BEGIN
@!!type:obligation
@!!id:939
@!!loc:796:85:796:87
@!!status:to be proved
@!!END

@!!BEGIN
@!!type:obligation
@!!id:940
@!!loc:796:88:796:92
@!!status:to be proved
@!!END

@!!BEGIN
@!!type:obligation
@!!id:941
@!!loc:796:94:796:103
@!!status:to be proved
@!!END

@!!BEGIN
@!!type:obligation
@!!id:942
@!!loc:797:51:797:53
@!!status:to be proved
@!!END

@!!BEGIN
@!!type:obligation
@!!id:943
@!!loc:797:54:797:58
@!!status:to be proved
@!!END

@!!BEGIN
@!!type:obligation
@!!id:944
@!!loc:797:60:797:72
@!!status:to be proved
@!!END

@!!BEGIN
@!!type:obligation
@!!id:945
@!!loc:798:38:798:40
@!!status:to be proved
@!!END

@!!BEGIN
@!!type:obligation
@!!id:946
@!!loc:798:41:798:45
@!!status:to be proved
@!!END

@!!BEGIN
@!!type:obligation
@!!id:947
@!!loc:798:47:798:51
@!!status:to be proved
@!!END

@!!BEGIN
@!!type:obligation
@!!id:948
@!!loc:798:53:798:57
@!!status:to be proved
@!!END

@!!BEGIN
@!!type:obligation
@!!id:949
@!!loc:798:59:798:63
@!!status:to be proved
@!!END

@!!BEGIN
@!!type:obligation
@!!id:950
@!!loc:798:65:798:77
@!!status:to be proved
@!!END

@!!BEGIN
@!!type:obligation
@!!id:951
@!!loc:799:34:799:36
@!!status:to be proved
@!!END

@!!BEGIN
@!!type:obligation
@!!id:952
@!!loc:799:37:799:41
@!!status:to be proved
@!!END

@!!BEGIN
@!!type:obligation
@!!id:953
@!!loc:799:43:799:47
@!!status:to be proved
@!!END

@!!BEGIN
@!!type:obligation
@!!id:954
@!!loc:800:15:800:17
@!!status:to be proved
@!!END

@!!BEGIN
@!!type:obligation
@!!id:955
@!!loc:800:18:800:22
@!!status:to be proved
@!!END

@!!BEGIN
@!!type:obligation
@!!id:956
@!!loc:800:24:800:28
@!!status:to be proved
@!!END

@!!BEGIN
@!!type:obligation
@!!id:957
@!!loc:800:30:800:41
@!!status:to be proved
@!!END

@!!BEGIN
@!!type:obligation
@!!id:958
@!!loc:801:16:801:18
@!!status:to be proved
@!!END

@!!BEGIN
@!!type:obligation
@!!id:959
@!!loc:801:19:801:23
@!!status:to be proved
@!!END

@!!BEGIN
@!!type:obligation
@!!id:960
@!!loc:801:25:801:29
@!!status:to be proved
@!!END

@!!BEGIN
@!!type:obligation
@!!id:961
@!!loc:801:31:801:35
@!!status:to be proved
@!!END

@!!BEGIN
@!!type:obligation
@!!id:962
@!!loc:801:37:801:41
@!!status:to be proved
@!!END

@!!BEGIN
@!!type:obligation
@!!id:963
@!!loc:801:43:801:47
@!!status:to be proved
@!!END

@!!BEGIN
@!!type:obligation
@!!id:964
@!!loc:802:48:802:50
@!!status:to be proved
@!!END

@!!BEGIN
@!!type:obligation
@!!id:965
@!!loc:802:51:802:55
@!!status:to be proved
@!!END

@!!BEGIN
@!!type:obligation
@!!id:966
@!!loc:805:3:805:5
@!!status:to be proved
@!!END

@!!BEGIN
@!!type:obligation
@!!id:967
@!!loc:805:6:805:10
@!!status:to be proved
@!!END

@!!BEGIN
@!!type:obligation
@!!id:968
@!!loc:805:12:805:24
@!!status:to be proved
@!!END

@!!BEGIN
@!!type:obligation
@!!id:969
@!!loc:806:16:806:18
@!!status:to be proved
@!!END

@!!BEGIN
@!!type:obligation
@!!id:970
@!!loc:806:19:806:23
@!!status:to be proved
@!!END

@!!BEGIN
@!!type:obligation
@!!id:971
@!!loc:806:25:806:29
@!!status:to be proved
@!!END

@!!BEGIN
@!!type:obligation
@!!id:972
@!!loc:806:31:806:35
@!!status:to be proved
@!!END

@!!BEGIN
@!!type:obligation
@!!id:973
@!!loc:806:37:806:41
@!!status:to be proved
@!!END

@!!BEGIN
@!!type:obligation
@!!id:974
@!!loc:806:43:806:48
@!!status:to be proved
@!!END

@!!BEGIN
@!!type:obligation
@!!id:975
@!!loc:815:1:815:3
@!!status:to be proved
@!!END

@!!BEGIN
@!!type:obligation
@!!id:976
@!!loc:820:1:820:3
@!!status:to be proved
@!!END

@!!BEGIN
@!!type:obligation
@!!id:977
@!!loc:825:1:825:3
@!!status:to be proved
@!!END

@!!BEGIN
@!!type:obligation
@!!id:978
@!!loc:873:10:873:12
@!!status:to be proved
@!!END

@!!BEGIN
@!!type:obligation
@!!id:979
@!!loc:873:13:873:17
@!!status:to be proved
@!!END

@!!BEGIN
@!!type:obligation
@!!id:980
@!!loc:873:19:873:23
@!!status:to be proved
@!!END

@!!BEGIN
@!!type:obligation
@!!id:981
@!!loc:831:55:831:62
@!!status:to be proved
@!!END

@!!BEGIN
@!!type:obligation
@!!id:982
@!!loc:866:12:866:14
@!!status:to be proved
@!!END

@!!BEGIN
@!!type:obligation
@!!id:983
@!!loc:866:15:866:19
@!!status:to be proved
@!!END

@!!BEGIN
@!!type:obligation
@!!id:984
@!!loc:866:21:866:25
@!!status:to be proved
@!!END

@!!BEGIN
@!!type:obligation
@!!id:985
@!!loc:866:27:866:31
@!!status:to be proved
@!!END

@!!BEGIN
@!!type:obligation
@!!id:986
@!!loc:833:14:833:16
@!!status:to be proved
@!!END

@!!BEGIN
@!!type:obligation
@!!id:987
@!!loc:833:17:833:21
@!!status:to be proved
@!!END

@!!BEGIN
@!!type:obligation
@!!id:988
@!!loc:840:14:840:16
@!!status:to be proved
@!!END

@!!BEGIN
@!!type:obligation
@!!id:989
@!!loc:840:17:840:21
@!!status:to be proved
@!!END

@!!BEGIN
@!!type:obligation
@!!id:990
@!!loc:840:23:840:27
@!!status:to be proved
@!!END

@!!BEGIN
@!!type:obligation
@!!id:991
@!!loc:840:29:840:33
@!!status:to be proved
@!!END

@!!BEGIN
@!!type:obligation
@!!id:992
@!!loc:840:35:840:39
@!!status:to be proved
@!!END

@!!BEGIN
@!!type:obligation
@!!id:993
@!!loc:840:41:840:45
@!!status:to be proved
@!!END

@!!BEGIN
@!!type:obligation
@!!id:994
@!!loc:840:47:840:51
@!!status:to be proved
@!!END

@!!BEGIN
@!!type:obligation
@!!id:995
@!!loc:835:60:835:62
@!!status:to be proved
@!!END

@!!BEGIN
@!!type:obligation
@!!id:996
@!!loc:835:63:835:67
@!!status:to be proved
@!!END

@!!BEGIN
@!!type:obligation
@!!id:997
@!!loc:835:69:835:80
@!!status:to be proved
@!!END

@!!BEGIN
@!!type:obligation
@!!id:998
@!!loc:836:60:836:62
@!!status:to be proved
@!!END

@!!BEGIN
@!!type:obligation
@!!id:999
@!!loc:836:63:836:67
@!!status:to be proved
@!!END

@!!BEGIN
@!!type:obligation
@!!id:1000
@!!loc:836:69:836:80
@!!status:to be proved
@!!END

@!!BEGIN
@!!type:obligation
@!!id:1001
@!!loc:837:63:837:65
@!!status:to be proved
@!!END

@!!BEGIN
@!!type:obligation
@!!id:1002
@!!loc:837:66:837:70
@!!status:to be proved
@!!END

@!!BEGIN
@!!type:obligation
@!!id:1003
@!!loc:837:72:837:86
@!!status:to be proved
@!!END

@!!BEGIN
@!!type:obligation
@!!id:1004
@!!loc:838:83:838:85
@!!status:to be proved
@!!END

@!!BEGIN
@!!type:obligation
@!!id:1005
@!!loc:838:86:838:90
@!!status:to be proved
@!!END

@!!BEGIN
@!!type:obligation
@!!id:1006
@!!loc:838:92:838:106
@!!status:to be proved
@!!END

@!!BEGIN
@!!type:obligation
@!!id:1007
@!!loc:839:30:839:32
@!!status:to be proved
@!!END

@!!BEGIN
@!!type:obligation
@!!id:1008
@!!loc:839:33:839:37
@!!status:to be proved
@!!END

@!!BEGIN
@!!type:obligation
@!!id:1009
@!!loc:839:39:839:59
@!!status:to be proved
@!!END

@!!BEGIN
@!!type:obligation
@!!id:1010
@!!loc:863:14:863:16
@!!status:to be proved
@!!END

@!!BEGIN
@!!type:obligation
@!!id:1011
@!!loc:863:17:863:21
@!!status:to be proved
@!!END

@!!BEGIN
@!!type:obligation
@!!id:1012
@!!loc:863:23:863:27
@!!status:to be proved
@!!END

@!!BEGIN
@!!type:obligation
@!!id:1013
@!!loc:863:29:863:33
@!!status:to be proved
@!!END

@!!BEGIN
@!!type:obligation
@!!id:1014
@!!loc:863:35:863:39
@!!status:to be proved
@!!END

@!!BEGIN
@!!type:obligation
@!!id:1015
@!!loc:863:41:863:45
@!!status:to be proved
@!!END

@!!BEGIN
@!!type:obligation
@!!id:1016
@!!loc:863:47:863:51
@!!status:to be proved
@!!END

@!!BEGIN
@!!type:obligation
@!!id:1017
@!!loc:863:53:863:57
@!!status:to be proved
@!!END

@!!BEGIN
@!!type:obligation
@!!id:1018
@!!loc:863:59:863:63
@!!status:to be proved
@!!END

@!!BEGIN
@!!type:obligation
@!!id:1019
@!!loc:863:65:863:69
@!!status:to be proved
@!!END

@!!BEGIN
@!!type:obligation
@!!id:1020
@!!loc:863:71:863:75
@!!status:to be proved
@!!END

@!!BEGIN
@!!type:obligation
@!!id:1021
@!!loc:863:77:863:82
@!!status:to be proved
@!!END

@!!BEGIN
@!!type:obligation
@!!id:1022
@!!loc:864:17:864:22
@!!status:to be proved
@!!END

@!!BEGIN
@!!type:obligation
@!!id:1023
@!!loc:864:24:864:29
@!!status:to be proved
@!!END

@!!BEGIN
@!!type:obligation
@!!id:1024
@!!loc:864:31:864:36
@!!status:to be proved
@!!END

@!!BEGIN
@!!type:obligation
@!!id:1025
@!!loc:864:38:864:43
@!!status:to be proved
@!!END

@!!BEGIN
@!!type:obligation
@!!id:1026
@!!loc:864:45:864:50
@!!status:to be proved
@!!END

@!!BEGIN
@!!type:obligation
@!!id:1027
@!!loc:864:52:864:57
@!!status:to be proved
@!!END

@!!BEGIN
@!!type:obligation
@!!id:1028
@!!loc:864:59:864:64
@!!status:to be proved
@!!END

@!!BEGIN
@!!type:obligation
@!!id:1029
@!!loc:864:66:864:71
@!!status:to be proved
@!!END

@!!BEGIN
@!!type:obligation
@!!id:1030
@!!loc:864:73:864:78
@!!status:to be proved
@!!END

@!!BEGIN
@!!type:obligation
@!!id:1031
@!!loc:864:80:864:85
@!!status:to be proved
@!!END

@!!BEGIN
@!!type:obligation
@!!id:1032
@!!loc:864:87:864:92
@!!status:to be proved
@!!END

@!!BEGIN
@!!type:obligation
@!!id:1033
@!!loc:842:66:842:68
@!!status:to be proved
@!!END

@!!BEGIN
@!!type:obligation
@!!id:1034
@!!loc:842:69:842:73
@!!status:to be proved
@!!END

@!!BEGIN
@!!type:obligation
@!!id:1035
@!!loc:842:75:842:90
@!!status:to be proved
@!!END

@!!BEGIN
@!!type:obligation
@!!id:1036
@!!loc:843:65:843:67
@!!status:to be proved
@!!END

@!!BEGIN
@!!type:obligation
@!!id:1037
@!!loc:843:68:843:72
@!!status:to be proved
@!!END

@!!BEGIN
@!!type:obligation
@!!id:1038
@!!loc:843:74:843:88
@!!status:to be proved
@!!END

@!!BEGIN
@!!type:obligation
@!!id:1039
@!!loc:844:62:844:64
@!!status:to be proved
@!!END

@!!BEGIN
@!!type:obligation
@!!id:1040
@!!loc:844:65:844:69
@!!status:to be proved
@!!END

@!!BEGIN
@!!type:obligation
@!!id:1041
@!!loc:844:71:844:82
@!!status:to be proved
@!!END

@!!BEGIN
@!!type:obligation
@!!id:1042
@!!loc:845:62:845:64
@!!status:to be proved
@!!END

@!!BEGIN
@!!type:obligation
@!!id:1043
@!!loc:845:65:845:69
@!!status:to be proved
@!!END

@!!BEGIN
@!!type:obligation
@!!id:1044
@!!loc:845:71:845:82
@!!status:to be proved
@!!END

@!!BEGIN
@!!type:obligation
@!!id:1045
@!!loc:846:66:846:68
@!!status:to be proved
@!!END

@!!BEGIN
@!!type:obligation
@!!id:1046
@!!loc:846:69:846:73
@!!status:to be proved
@!!END

@!!BEGIN
@!!type:obligation
@!!id:1047
@!!loc:846:75:846:90
@!!status:to be proved
@!!END

@!!BEGIN
@!!type:obligation
@!!id:1048
@!!loc:847:63:847:65
@!!status:to be proved
@!!END

@!!BEGIN
@!!type:obligation
@!!id:1049
@!!loc:847:66:847:70
@!!status:to be proved
@!!END

@!!BEGIN
@!!type:obligation
@!!id:1050
@!!loc:847:72:847:84
@!!status:to be proved
@!!END

@!!BEGIN
@!!type:obligation
@!!id:1051
@!!loc:848:64:848:66
@!!status:to be proved
@!!END

@!!BEGIN
@!!type:obligation
@!!id:1052
@!!loc:848:67:848:71
@!!status:to be proved
@!!END

@!!BEGIN
@!!type:obligation
@!!id:1053
@!!loc:848:73:848:86
@!!status:to be proved
@!!END

@!!BEGIN
@!!type:obligation
@!!id:1054
@!!loc:849:65:849:67
@!!status:to be proved
@!!END

@!!BEGIN
@!!type:obligation
@!!id:1055
@!!loc:849:68:849:72
@!!status:to be proved
@!!END

@!!BEGIN
@!!type:obligation
@!!id:1056
@!!loc:849:74:849:88
@!!status:to be proved
@!!END

@!!BEGIN
@!!type:obligation
@!!id:1057
@!!loc:850:65:850:67
@!!status:to be proved
@!!END

@!!BEGIN
@!!type:obligation
@!!id:1058
@!!loc:850:68:850:72
@!!status:to be proved
@!!END

@!!BEGIN
@!!type:obligation
@!!id:1059
@!!loc:850:74:850:88
@!!status:to be proved
@!!END

@!!BEGIN
@!!type:obligation
@!!id:1060
@!!loc:851:65:851:67
@!!status:to be proved
@!!END

@!!BEGIN
@!!type:obligation
@!!id:1061
@!!loc:851:68:851:73
@!!status:to be proved
@!!END

@!!BEGIN
@!!type:obligation
@!!id:1062
@!!loc:851:75:851:88
@!!status:to be proved
@!!END

@!!BEGIN
@!!type:obligation
@!!id:1063
@!!loc:852:66:852:68
@!!status:to be proved
@!!END

@!!BEGIN
@!!type:obligation
@!!id:1064
@!!loc:852:69:852:74
@!!status:to be proved
@!!END

@!!BEGIN
@!!type:obligation
@!!id:1065
@!!loc:852:76:852:90
@!!status:to be proved
@!!END

@!!BEGIN
@!!type:obligation
@!!id:1066
@!!loc:853:63:853:65
@!!status:to be proved
@!!END

@!!BEGIN
@!!type:obligation
@!!id:1067
@!!loc:853:66:853:71
@!!status:to be proved
@!!END

@!!BEGIN
@!!type:obligation
@!!id:1068
@!!loc:853:73:853:84
@!!status:to be proved
@!!END

@!!BEGIN
@!!type:obligation
@!!id:1069
@!!loc:854:71:854:73
@!!status:to be proved
@!!END

@!!BEGIN
@!!type:obligation
@!!id:1070
@!!loc:854:74:854:79
@!!status:to be proved
@!!END

@!!BEGIN
@!!type:obligation
@!!id:1071
@!!loc:854:81:854:100
@!!status:to be proved
@!!END

@!!BEGIN
@!!type:obligation
@!!id:1072
@!!loc:855:71:855:73
@!!status:to be proved
@!!END

@!!BEGIN
@!!type:obligation
@!!id:1073
@!!loc:855:74:855:79
@!!status:to be proved
@!!END

@!!BEGIN
@!!type:obligation
@!!id:1074
@!!loc:855:81:855:100
@!!status:to be proved
@!!END

@!!BEGIN
@!!type:obligation
@!!id:1075
@!!loc:856:72:856:74
@!!status:to be proved
@!!END

@!!BEGIN
@!!type:obligation
@!!id:1076
@!!loc:856:75:856:80
@!!status:to be proved
@!!END

@!!BEGIN
@!!type:obligation
@!!id:1077
@!!loc:856:82:856:102
@!!status:to be proved
@!!END

@!!BEGIN
@!!type:obligation
@!!id:1078
@!!loc:857:68:857:70
@!!status:to be proved
@!!END

@!!BEGIN
@!!type:obligation
@!!id:1079
@!!loc:857:71:857:76
@!!status:to be proved
@!!END

@!!BEGIN
@!!type:obligation
@!!id:1080
@!!loc:857:78:857:94
@!!status:to be proved
@!!END

@!!BEGIN
@!!type:obligation
@!!id:1081
@!!loc:858:68:858:70
@!!status:to be proved
@!!END

@!!BEGIN
@!!type:obligation
@!!id:1082
@!!loc:858:71:858:76
@!!status:to be proved
@!!END

@!!BEGIN
@!!type:obligation
@!!id:1083
@!!loc:858:78:858:94
@!!status:to be proved
@!!END

@!!BEGIN
@!!type:obligation
@!!id:1084
@!!loc:859:83:859:85
@!!status:to be proved
@!!END

@!!BEGIN
@!!type:obligation
@!!id:1085
@!!loc:859:86:859:91
@!!status:to be proved
@!!END

@!!BEGIN
@!!type:obligation
@!!id:1086
@!!loc:859:93:859:104
@!!status:to be proved
@!!END

@!!BEGIN
@!!type:obligation
@!!id:1087
@!!loc:860:85:860:87
@!!status:to be proved
@!!END

@!!BEGIN
@!!type:obligation
@!!id:1088
@!!loc:860:88:860:93
@!!status:to be proved
@!!END

@!!BEGIN
@!!type:obligation
@!!id:1089
@!!loc:860:95:860:108
@!!status:to be proved
@!!END

@!!BEGIN
@!!type:obligation
@!!id:1090
@!!loc:861:85:861:87
@!!status:to be proved
@!!END

@!!BEGIN
@!!type:obligation
@!!id:1091
@!!loc:861:88:861:93
@!!status:to be proved
@!!END

@!!BEGIN
@!!type:obligation
@!!id:1092
@!!loc:861:95:861:108
@!!status:to be proved
@!!END

@!!BEGIN
@!!type:obligation
@!!id:1093
@!!loc:862:86:862:88
@!!status:to be proved
@!!END

@!!BEGIN
@!!type:obligation
@!!id:1094
@!!loc:862:89:862:94
@!!status:to be proved
@!!END

@!!BEGIN
@!!type:obligation
@!!id:1095
@!!loc:862:96:862:108
@!!status:to be proved
@!!END

@!!BEGIN
@!!type:obligation
@!!id:1096
@!!loc:872:12:872:14
@!!status:to be proved
@!!END

@!!BEGIN
@!!type:obligation
@!!id:1097
@!!loc:872:15:872:19
@!!status:to be proved
@!!END

@!!BEGIN
@!!type:obligation
@!!id:1098
@!!loc:872:21:872:25
@!!status:to be proved
@!!END

@!!BEGIN
@!!type:obligation
@!!id:1099
@!!loc:872:27:872:31
@!!status:to be proved
@!!END

@!!BEGIN
@!!type:obligation
@!!id:1100
@!!loc:872:33:872:37
@!!status:to be proved
@!!END

@!!BEGIN
@!!type:obligation
@!!id:1101
@!!loc:868:22:868:24
@!!status:to be proved
@!!END

@!!BEGIN
@!!type:obligation
@!!id:1102
@!!loc:868:25:868:29
@!!status:to be proved
@!!END

@!!BEGIN
@!!type:obligation
@!!id:1103
@!!loc:869:18:869:20
@!!status:to be proved
@!!END

@!!BEGIN
@!!type:obligation
@!!id:1104
@!!loc:869:21:869:25
@!!status:to be proved
@!!END

@!!BEGIN
@!!type:obligation
@!!id:1105
@!!loc:869:27:869:37
@!!status:to be proved
@!!END

@!!BEGIN
@!!type:obligation
@!!id:1106
@!!loc:870:20:870:22
@!!status:to be proved
@!!END

@!!BEGIN
@!!type:obligation
@!!id:1107
@!!loc:870:23:870:27
@!!status:to be proved
@!!END

@!!BEGIN
@!!type:obligation
@!!id:1108
@!!loc:870:29:870:41
@!!status:to be proved
@!!END

@!!BEGIN
@!!type:obligation
@!!id:1109
@!!loc:871:82:871:84
@!!status:to be proved
@!!END

@!!BEGIN
@!!type:obligation
@!!id:1110
@!!loc:871:85:871:89
@!!status:to be proved
@!!END

@!!BEGIN
@!!type:obligation
@!!id:1111
@!!loc:871:91:871:102
@!!status:to be proved
@!!END

@!!BEGIN
@!!type:obligation
@!!id:1112
@!!loc:883:10:883:12
@!!status:to be proved
@!!END

@!!BEGIN
@!!type:obligation
@!!id:1113
@!!loc:883:13:883:17
@!!status:to be proved
@!!END

@!!BEGIN
@!!type:obligation
@!!id:1114
@!!loc:883:19:883:23
@!!status:to be proved
@!!END

@!!BEGIN
@!!type:obligation
@!!id:1115
@!!loc:883:25:883:29
@!!status:to be proved
@!!END

@!!BEGIN
@!!type:obligation
@!!id:1116
@!!loc:883:31:883:34
@!!status:to be proved
@!!END

@!!BEGIN
@!!type:obligation
@!!id:1117
@!!loc:876:25:876:27
@!!status:to be proved
@!!END

@!!BEGIN
@!!type:obligation
@!!id:1118
@!!loc:876:28:876:39
@!!status:to be proved
@!!END

@!!BEGIN
@!!type:obligation
@!!id:1119
@!!loc:881:12:881:14
@!!status:to be proved
@!!END

@!!BEGIN
@!!type:obligation
@!!id:1120
@!!loc:881:15:881:19
@!!status:to be proved
@!!END

@!!BEGIN
@!!type:obligation
@!!id:1121
@!!loc:881:21:881:25
@!!status:to be proved
@!!END

@!!BEGIN
@!!type:obligation
@!!id:1122
@!!loc:878:41:878:43
@!!status:to be proved
@!!END

@!!BEGIN
@!!type:obligation
@!!id:1123
@!!loc:878:44:878:55
@!!status:to be proved
@!!END

@!!BEGIN
@!!type:obligation
@!!id:1124
@!!loc:880:5:880:7
@!!status:to be proved
@!!END

@!!BEGIN
@!!type:obligation
@!!id:1125
@!!loc:882:27:882:29
@!!status:to be proved
@!!END

@!!BEGIN
@!!type:obligationsnumber
@!!count:1118
@!!END

@!!BEGIN
@!!type:obligation
@!!id:2
@!!loc:123:13:123:17
@!!status:trivial
@!!prover:tlapm
@!!already:false
@!!END

@!!BEGIN
@!!type:obligation
@!!id:3
@!!loc:123:19:123:23
@!!status:trivial
@!!prover:tlapm
@!!already:false
@!!END

@!!BEGIN
@!!type:obligation
@!!id:4
@!!loc:123:25:123:29
@!!status:trivial
@!!prover:tlapm
@!!already:false
@!!END

@!!BEGIN
@!!type:obligation
@!!id:1
@!!loc:123:10:123:12
@!!status:proved
@!!prover:smt
@!!meth:time-limit: 30; time-used: 19.7 (66%)
@!!already:false
@!!END

@!!BEGIN
@!!type:obligation
@!!id:5
@!!loc:109:3:109:5
@!!status:proved
@!!prover:smt
@!!meth:time-limit: 30; time-used: 17.6 (59%)
@!!already:false
@!!END

@!!BEGIN
@!!type:obligation
@!!id:6
@!!loc:116:3:116:5
@!!status:proved
@!!prover:smt
@!!meth:time-limit: 30; time-used: 16.2 (54%)
@!!already:false
@!!END

@!!BEGIN
@!!type:obligation
@!!id:10
@!!loc:129:4:129:15
@!!status:trivial
@!!prover:tlapm
@!!already:false
@!!END

@!!BEGIN
@!!type:obligation
@!!id:11
@!!loc:129:17:129:26
@!!status:trivial
@!!prover:tlapm
@!!already:false
@!!END

@!!BEGIN
@!!type:obligation
@!!id:12
@!!loc:129:28:129:46
@!!status:trivial
@!!prover:tlapm
@!!already:false
@!!END

@!!BEGIN
@!!type:obligation
@!!id:9
@!!loc:129:1:129:3
@!!status:proved
@!!prover:smt
@!!meth:time-limit: 30; time-used: 1.0 (3%)
@!!already:false
@!!END

@!!BEGIN
@!!type:obligation
@!!id:8
@!!loc:126:1:126:3
@!!status:proved
@!!prover:smt
@!!meth:time-limit: 30; time-used: 1.8 (6%)
@!!already:false
@!!END

@!!BEGIN
@!!type:obligation
@!!id:7
@!!loc:122:3:122:5
@!!status:proved
@!!prover:smt
@!!meth:time-limit: 30; time-used: 3.1 (10%)
@!!already:false
@!!END

@!!BEGIN
@!!type:obligation
@!!id:14
@!!loc:135:4:135:14
@!!status:trivial
@!!prover:tlapm
@!!already:false
@!!END

@!!BEGIN
@!!type:obligation
@!!id:15
@!!loc:135:16:135:28
@!!status:trivial
@!!prover:tlapm
@!!already:false
@!!END

@!!BEGIN
@!!type:obligation
@!!id:17
@!!loc:141:4:141:14
@!!status:trivial
@!!prover:tlapm
@!!already:false
@!!END

@!!BEGIN
@!!type:obligation
@!!id:18
@!!loc:141:16:141:28
@!!status:trivial
@!!prover:tlapm
@!!already:false
@!!END

@!!BEGIN
@!!type:obligation
@!!id:16
@!!loc:141:1:141:3
@!!status:proved
@!!prover:smt
@!!meth:time-limit: 30; time-used: 1.3 (4%)
@!!already:false
@!!END

@!!BEGIN
@!!type:obligation
@!!id:13
@!!loc:135:1:135:3
@!!status:proved
@!!prover:smt
@!!meth:time-limit: 30; time-used: 3.4 (11%)
@!!already:false
@!!END

@!!BEGIN
@!!type:obligation
@!!id:20
@!!loc:157:13:157:17
@!!status:trivial
@!!prover:tlapm
@!!already:false
@!!END

@!!BEGIN
@!!type:obligation
@!!id:21
@!!loc:157:19:157:23
@!!status:trivial
@!!prover:tlapm
@!!already:false
@!!END

@!!BEGIN
@!!type:obligation
@!!id:22
@!!loc:157:25:157:29
@!!status:trivial
@!!prover:tlapm
@!!already:false
@!!END

@!!BEGIN
@!!type:obligation
@!!id:24
@!!loc:154:15:154:19
@!!status:trivial
@!!prover:tlapm
@!!already:false
@!!END

@!!BEGIN
@!!type:obligation
@!!id:19
@!!loc:157:10:157:12
@!!status:proved
@!!prover:smt
@!!meth:time-limit: 30; time-used: 3.2 (11%)
@!!already:false
@!!END

@!!BEGIN
@!!type:obligation
@!!id:23
@!!loc:154:12:154:14
@!!status:proved
@!!prover:smt
@!!meth:time-limit: 30; time-used: 15.9 (53%)
@!!already:false
@!!END

@!!BEGIN
@!!type:obligation
@!!id:26
@!!loc:153:8:153:20
@!!status:trivial
@!!prover:tlapm
@!!already:false
@!!END

@!!BEGIN
@!!type:obligation
@!!id:27
@!!loc:153:22:153:31
@!!status:trivial
@!!prover:tlapm
@!!already:false
@!!END

@!!BEGIN
@!!type:obligation
@!!id:28
@!!loc:155:35:155:37
@!!status:proved
@!!prover:smt
@!!meth:time-limit: 30; time-used: 1.5 (5%)
@!!already:false
@!!END

@!!BEGIN
@!!type:obligation
@!!id:25
@!!loc:153:5:153:7
@!!status:proved
@!!prover:smt
@!!meth:time-limit: 30; time-used: 3.4 (11%)
@!!already:false
@!!END

@!!BEGIN
@!!type:obligation
@!!id:31
@!!loc:173:13:173:17
@!!status:trivial
@!!prover:tlapm
@!!already:false
@!!END

@!!BEGIN
@!!type:obligation
@!!id:32
@!!loc:173:19:173:23
@!!status:trivial
@!!prover:tlapm
@!!already:false
@!!END

@!!BEGIN
@!!type:obligation
@!!id:33
@!!loc:173:25:173:29
@!!status:trivial
@!!prover:tlapm
@!!already:false
@!!END

@!!BEGIN
@!!type:obligation
@!!id:34
@!!loc:163:43:163:50
@!!status:proved
@!!prover:smt
@!!meth:time-limit: 30; time-used: 0.6 (2%)
@!!already:false
@!!END

@!!BEGIN
@!!type:obligation
@!!id:30
@!!loc:173:10:173:12
@!!status:proved
@!!prover:smt
@!!meth:time-limit: 30; time-used: 1.8 (6%)
@!!already:false
@!!END

@!!BEGIN
@!!type:obligation
@!!id:29
@!!loc:156:44:156:46
@!!status:proved
@!!prover:smt
@!!meth:time-limit: 30; time-used: 3.2 (11%)
@!!already:false
@!!END

@!!BEGIN
@!!type:obligation
@!!id:36
@!!loc:164:24:164:34
@!!status:trivial
@!!prover:tlapm
@!!already:false
@!!END

@!!BEGIN
@!!type:obligation
@!!id:37
@!!loc:164:36:164:48
@!!status:trivial
@!!prover:tlapm
@!!already:false
@!!END

@!!BEGIN
@!!type:obligation
@!!id:39
@!!loc:165:51:165:55
@!!status:trivial
@!!prover:tlapm
@!!already:false
@!!END

@!!BEGIN
@!!type:obligation
@!!id:38
@!!loc:165:48:165:50
@!!status:proved
@!!prover:smt
@!!meth:time-limit: 30; time-used: 1.6 (5%)
@!!already:false
@!!END

@!!BEGIN
@!!type:obligation
@!!id:35
@!!loc:164:21:164:23
@!!status:proved
@!!prover:smt
@!!meth:time-limit: 30; time-used: 3.6 (12%)
@!!already:false
@!!END

@!!BEGIN
@!!type:obligation
@!!id:41
@!!loc:166:66:166:70
@!!status:trivial
@!!prover:tlapm
@!!already:false
@!!END

@!!BEGIN
@!!type:obligation
@!!id:42
@!!loc:166:72:166:81
@!!status:trivial
@!!prover:tlapm
@!!already:false
@!!END

@!!BEGIN
@!!type:obligation
@!!id:44
@!!loc:167:42:167:46
@!!status:trivial
@!!prover:tlapm
@!!already:false
@!!END

@!!BEGIN
@!!type:obligation
@!!id:43
@!!loc:167:39:167:41
@!!status:proved
@!!prover:smt
@!!meth:time-limit: 30; time-used: 18.6 (62%)
@!!already:false
@!!END

@!!BEGIN
@!!type:obligation
@!!id:40
@!!loc:166:63:166:65
@!!status:proved
@!!prover:smt
@!!meth:time-limit: 30; time-used: 20.5 (68%)
@!!already:false
@!!END

@!!BEGIN
@!!type:obligation
@!!id:47
@!!loc:169:36:169:40
@!!status:trivial
@!!prover:tlapm
@!!already:false
@!!END

@!!BEGIN
@!!type:obligation
@!!id:46
@!!loc:169:33:169:35
@!!status:proved
@!!prover:smt
@!!meth:time-limit: 30; time-used: 2.1 (7%)
@!!already:false
@!!END

@!!BEGIN
@!!type:obligation
@!!id:45
@!!loc:168:29:168:31
@!!status:proved
@!!prover:smt
@!!meth:time-limit: 30; time-used: 3.7 (12%)
@!!already:false
@!!END

@!!BEGIN
@!!type:obligation
@!!id:49
@!!loc:170:17:170:21
@!!status:trivial
@!!prover:tlapm
@!!already:false
@!!END

@!!BEGIN
@!!type:obligation
@!!id:50
@!!loc:170:23:170:27
@!!status:trivial
@!!prover:tlapm
@!!already:false
@!!END

@!!BEGIN
@!!type:obligation
@!!id:51
@!!loc:170:29:170:33
@!!status:trivial
@!!prover:tlapm
@!!already:false
@!!END

@!!BEGIN
@!!type:obligation
@!!id:53
@!!loc:171:17:171:21
@!!status:trivial
@!!prover:tlapm
@!!already:false
@!!END

@!!BEGIN
@!!type:obligation
@!!id:52
@!!loc:171:14:171:16
@!!status:proved
@!!prover:smt
@!!meth:time-limit: 30; time-used: 0.3 (1%)
@!!already:false
@!!END

@!!BEGIN
@!!type:obligation
@!!id:48
@!!loc:170:14:170:16
@!!status:being proved
@!!prover:smt
@!!meth:time-limit: 30
@!!obl:
ASSUME NEW CONSTANT Nil,
       NEW CONSTANT Paths,
       NEW CONSTANT Free,
       NEW CONSTANT Writers,
       NEW CONSTANT MaxMint,
       NEW CONSTANT MaxUI,
       NEW CONSTANT MaxRemovals,
       NEW CONSTANT MaxBarriers,
       NEW CONSTANT MaxRestarts,
       NEW CONSTANT MaxSyncs,
       NEW CONSTANT MaxAges,
       NEW CONSTANT MaxCopies,
       NEW CONSTANT CommitSurfacesForeign,
       NEW CONSTANT CommitVerifiesUploads,
       NEW CONSTANT SweepUnderLease,
       NEW CONSTANT CollectorSparesCited,
       NEW CONSTANT CommitRecordsDeleteOverride,
       NEW CONSTANT DeleteWinsPreserved,
       NEW CONSTANT ContentConverges,
       NEW CONSTANT RecheckSkipped,
       NEW CONSTANT CommitAdvanceGuarded,
       NEW CONSTANT RetireAge,
       NEW CONSTANT GatewayIgnoresLease,
       NEW CONSTANT GatewayJudgesRead,
       NEW CONSTANT GatewaySweepGrace,
       NEW CONSTANT RenameAtomic,
       NEW CONSTANT Scopes,
       NEW CONSTANT MaxRescopes,
       NEW CONSTANT ConsumeHonorsScope,
       NEW CONSTANT RescopeUnciteFirst,
       NEW CONSTANT RescopeKeepsDirty,
       NEW CONSTANT WidenKeepsLocal,
       NEW CONSTANT UnlinkChecksBytes,
       NEW CONSTANT MaxFetchFails,
       NEW CONSTANT ConsumeKeepsLeft,
       NEW CONSTANT SyncKeepsLeft,
       NEW CONSTANT Readers,
       NEW CONSTANT ReaderRechecksOwed,
       NEW VARIABLE live,
       NEW VARIABLE minted,
       NEW VARIABLE doc,
       NEW VARIABLE seq,
       NEW VARIABLE tomb,
       NEW VARIABLE base,
       NEW VARIABLE acked,
       NEW VARIABLE conflicts,
       NEW VARIABLE holder,
       NEW VARIABLE nextGen,
       NEW VARIABLE ui,
       NEW VARIABLE reqs,
       NEW VARIABLE barriers,
       NEW VARIABLE w,
       NEW VARIABLE took,
       NEW VARIABLE gw,
       NEW VARIABLE mv,
       NEW VARIABLE udel,
       NEW VARIABLE restarts,
       NEW VARIABLE syncs,
       NEW VARIABLE regressed,
       NEW VARIABLE rescopes,
       NEW VARIABLE fails,
       NEW VARIABLE upped,
       NEW VARIABLE copies,
       NEW VARIABLE orig,
       NEW VARIABLE retiring,
       NEW VARIABLE aged,
       NEW VARIABLE ages,
       NEW VARIABLE rdoc,
       NEW VARIABLE rlag,
       NEW VARIABLE anc,
       /\ live = {<<p, Seed>> : p \in Paths \ Free}
       /\ minted = live
       /\ doc = [p \in Paths |-> IF p \in Free THEN Nil ELSE <<p, Seed>>]
       /\ seq = 1
       /\ tomb = [p \in Paths |-> Nil]
       /\ base = [h \in Handles |-> Nil]
       /\ acked = {} /\ conflicts = {}
       /\ holder = "none"
       /\ nextGen = Seed + 1 /\ ui = 0 /\ reqs = 0 /\ barriers = 0
       /\ w = [s \in Writers |-> WriterInit]
       /\ took = [s \in Writers |-> [p \in Paths |-> {}]]
       /\ gw = [p \in Paths |-> Nil]
       /\ mv = Nil
       /\ udel = {}
       /\ restarts = 0 /\ syncs = 0 /\ regressed = FALSE /\ rescopes = 0
          /\ fails = 0
       /\ upped = live /\ copies = 0 /\ orig = [h \in Handles |-> Nil]
       /\ retiring = {} /\ aged = {} /\ ages = 0
       /\ rdoc = [p \in Paths |-> Nil] /\ rlag = TRUE
       /\ anc = [h \in Handles |-> {}] ,
       live \subseteq Handles /\ minted = live /\ upped = live ,
       doc \in [Paths -> Handles \cup {Nil}] ,
       w \in [Writers -> Writer] 
PROVE  /\ live \subseteq Handles /\ minted \subseteq Handles
          /\ live \subseteq minted
       /\ doc \in [Paths -> Handles \cup {Nil}]
       /\ seq \in Nat
       /\ tomb \in [Paths -> Handles \cup {Nil}]
       /\ base \in [Handles -> Handles \cup {Nil}]
       /\ acked \subseteq Paths \X Handles
       /\ conflicts \subseteq Paths \X (Handles \cup {Nil})
       /\ holder \in Writers \cup {"none"}
       /\ nextGen \in Nat /\ ui \in Nat /\ reqs \in Nat /\ barriers \in Nat
       /\ w \in [Writers -> Writer]
       /\ took \in [Writers -> [Paths -> SUBSET Gens]]
       /\ gw \in [Paths -> Handles \cup {Nil}]
       /\ mv \in Paths \X Handles \cup {Nil}
       /\ udel \subseteq Paths \X Handles
       /\ restarts \in Nat /\ syncs \in Nat /\ regressed \in BOOLEAN
          /\ rescopes \in Nat /\ fails \in Nat
       /\ retiring \subseteq Handles /\ aged \subseteq Handles
          /\ ages \in Nat
       /\ rdoc \in [Paths -> Handles \cup {Nil}] /\ rlag \in BOOLEAN
       /\ anc \in [Handles -> SUBSET Handles]

@!!END

@!!BEGIN
@!!type:obligation
@!!id:55
@!!loc:172:17:172:21
@!!status:trivial
@!!prover:tlapm
@!!already:false
@!!END

@!!BEGIN
@!!type:obligation
@!!id:56
@!!loc:172:23:172:27
@!!status:trivial
@!!prover:tlapm
@!!already:false
@!!END

@!!BEGIN
@!!type:obligation
@!!id:57
@!!loc:172:29:172:33
@!!status:trivial
@!!prover:tlapm
@!!already:false
@!!END

@!!BEGIN
@!!type:obligation
@!!id:58
@!!loc:172:35:172:39
@!!status:trivial
@!!prover:tlapm
@!!already:false
@!!END

@!!BEGIN
@!!type:obligation
@!!id:54
@!!loc:172:14:172:16
@!!status:proved
@!!prover:smt
@!!meth:time-limit: 30; time-used: 3.6 (12%)
@!!already:false
@!!END

@!!BEGIN
@!!type:obligation
@!!id:60
@!!loc:190:13:190:17
@!!status:trivial
@!!prover:tlapm
@!!already:false
@!!END

@!!BEGIN
@!!type:obligation
@!!id:61
@!!loc:190:19:190:23
@!!status:trivial
@!!prover:tlapm
@!!already:false
@!!END

@!!BEGIN
@!!type:obligation
@!!id:62
@!!loc:190:25:190:29
@!!status:trivial
@!!prover:tlapm
@!!already:false
@!!END

@!!BEGIN
@!!type:obligation
@!!id:63
@!!loc:190:31:190:35
@!!status:trivial
@!!prover:tlapm
@!!already:false
@!!END

@!!BEGIN
@!!type:obligation
@!!id:59
@!!loc:190:10:190:12
@!!status:proved
@!!prover:smt
@!!meth:time-limit: 30; time-used: 5.9 (20%)
@!!already:false
@!!END

@!!BEGIN
@!!type:obligation
@!!id:65
@!!loc:182:57:182:67
@!!status:trivial
@!!prover:tlapm
@!!already:false
@!!END

@!!BEGIN
@!!type:obligation
@!!id:67
@!!loc:183:46:183:50
@!!status:trivial
@!!prover:tlapm
@!!already:false
@!!END

@!!BEGIN
@!!type:obligation
@!!id:66
@!!loc:183:43:183:45
@!!status:proved
@!!prover:smt
@!!meth:time-limit: 30; time-used: 2.4 (8%)
@!!already:false
@!!END

@!!BEGIN
@!!type:obligation
@!!id:64
@!!loc:182:54:182:56
@!!status:proved
@!!prover:smt
@!!meth:time-limit: 30; time-used: 4.7 (16%)
@!!already:false
@!!END

@!!BEGIN
@!!type:obligation
@!!id:68
@!!loc:184:70:184:72
@!!status:proved
@!!prover:smt
@!!meth:time-limit: 30; time-used: 2.8 (9%)
@!!already:false
@!!END

@!!BEGIN
@!!type:obligation
@!!id:48
@!!loc:170:14:170:16
@!!status:failed
@!!prover:smt
@!!meth:time-limit: 30; time-used: 32.1 (107%)
@!!reason:timeout
@!!already:false
@!!obl:
ASSUME NEW CONSTANT Nil,
       NEW CONSTANT Paths,
       NEW CONSTANT Free,
       NEW CONSTANT Writers,
       NEW CONSTANT MaxMint,
       NEW CONSTANT MaxUI,
       NEW CONSTANT MaxRemovals,
       NEW CONSTANT MaxBarriers,
       NEW CONSTANT MaxRestarts,
       NEW CONSTANT MaxSyncs,
       NEW CONSTANT MaxAges,
       NEW CONSTANT MaxCopies,
       NEW CONSTANT CommitSurfacesForeign,
       NEW CONSTANT CommitVerifiesUploads,
       NEW CONSTANT SweepUnderLease,
       NEW CONSTANT CollectorSparesCited,
       NEW CONSTANT CommitRecordsDeleteOverride,
       NEW CONSTANT DeleteWinsPreserved,
       NEW CONSTANT ContentConverges,
       NEW CONSTANT RecheckSkipped,
       NEW CONSTANT CommitAdvanceGuarded,
       NEW CONSTANT RetireAge,
       NEW CONSTANT GatewayIgnoresLease,
       NEW CONSTANT GatewayJudgesRead,
       NEW CONSTANT GatewaySweepGrace,
       NEW CONSTANT RenameAtomic,
       NEW CONSTANT Scopes,
       NEW CONSTANT MaxRescopes,
       NEW CONSTANT ConsumeHonorsScope,
       NEW CONSTANT RescopeUnciteFirst,
       NEW CONSTANT RescopeKeepsDirty,
       NEW CONSTANT WidenKeepsLocal,
       NEW CONSTANT UnlinkChecksBytes,
       NEW CONSTANT MaxFetchFails,
       NEW CONSTANT ConsumeKeepsLeft,
       NEW CONSTANT SyncKeepsLeft,
       NEW CONSTANT Readers,
       NEW CONSTANT ReaderRechecksOwed,
       NEW VARIABLE live,
       NEW VARIABLE minted,
       NEW VARIABLE doc,
       NEW VARIABLE seq,
       NEW VARIABLE tomb,
       NEW VARIABLE base,
       NEW VARIABLE acked,
       NEW VARIABLE conflicts,
       NEW VARIABLE holder,
       NEW VARIABLE nextGen,
       NEW VARIABLE ui,
       NEW VARIABLE reqs,
       NEW VARIABLE barriers,
       NEW VARIABLE w,
       NEW VARIABLE took,
       NEW VARIABLE gw,
       NEW VARIABLE mv,
       NEW VARIABLE udel,
       NEW VARIABLE restarts,
       NEW VARIABLE syncs,
       NEW VARIABLE regressed,
       NEW VARIABLE rescopes,
       NEW VARIABLE fails,
       NEW VARIABLE upped,
       NEW VARIABLE copies,
       NEW VARIABLE orig,
       NEW VARIABLE retiring,
       NEW VARIABLE aged,
       NEW VARIABLE ages,
       NEW VARIABLE rdoc,
       NEW VARIABLE rlag,
       NEW VARIABLE anc,
       /\ live = {<<p, Seed>> : p \in Paths \ Free}
       /\ minted = live
       /\ doc = [p \in Paths |-> IF p \in Free THEN Nil ELSE <<p, Seed>>]
       /\ seq = 1
       /\ tomb = [p \in Paths |-> Nil]
       /\ base = [h \in Handles |-> Nil]
       /\ acked = {} /\ conflicts = {}
       /\ holder = "none"
       /\ nextGen = Seed + 1 /\ ui = 0 /\ reqs = 0 /\ barriers = 0
       /\ w = [s \in Writers |-> WriterInit]
       /\ took = [s \in Writers |-> [p \in Paths |-> {}]]
       /\ gw = [p \in Paths |-> Nil]
       /\ mv = Nil
       /\ udel = {}
       /\ restarts = 0 /\ syncs = 0 /\ regressed = FALSE /\ rescopes = 0
          /\ fails = 0
       /\ upped = live /\ copies = 0 /\ orig = [h \in Handles |-> Nil]
       /\ retiring = {} /\ aged = {} /\ ages = 0
       /\ rdoc = [p \in Paths |-> Nil] /\ rlag = TRUE
       /\ anc = [h \in Handles |-> {}] ,
       live \subseteq Handles /\ minted = live /\ upped = live ,
       doc \in [Paths -> Handles \cup {Nil}] ,
       w \in [Writers -> Writer] 
PROVE  /\ live \subseteq Handles /\ minted \subseteq Handles
          /\ live \subseteq minted
       /\ doc \in [Paths -> Handles \cup {Nil}]
       /\ seq \in Nat
       /\ tomb \in [Paths -> Handles \cup {Nil}]
       /\ base \in [Handles -> Handles \cup {Nil}]
       /\ acked \subseteq Paths \X Handles
       /\ conflicts \subseteq Paths \X (Handles \cup {Nil})
       /\ holder \in Writers \cup {"none"}
       /\ nextGen \in Nat /\ ui \in Nat /\ reqs \in Nat /\ barriers \in Nat
       /\ w \in [Writers -> Writer]
       /\ took \in [Writers -> [Paths -> SUBSET Gens]]
       /\ gw \in [Paths -> Handles \cup {Nil}]
       /\ mv \in Paths \X Handles \cup {Nil}
       /\ udel \subseteq Paths \X Handles
       /\ restarts \in Nat /\ syncs \in Nat /\ regressed \in BOOLEAN
          /\ rescopes \in Nat /\ fails \in Nat
       /\ retiring \subseteq Handles /\ aged \subseteq Handles
          /\ ages \in Nat
       /\ rdoc \in [Paths -> Handles \cup {Nil}] /\ rlag \in BOOLEAN
       /\ anc \in [Handles -> SUBSET Handles]

@!!END

@!!BEGIN
@!!type:obligation
@!!id:70
@!!loc:185:18:185:22
@!!status:trivial
@!!prover:tlapm
@!!already:false
@!!END

@!!BEGIN
@!!type:obligation
@!!id:71
@!!loc:185:24:185:28
@!!status:trivial
@!!prover:tlapm
@!!already:false
@!!END

@!!BEGIN
@!!type:obligation
@!!id:72
@!!loc:185:30:185:41
@!!status:trivial
@!!prover:tlapm
@!!already:false
@!!END

@!!BEGIN
@!!type:obligation
@!!id:74
@!!loc:186:18:186:22
@!!status:trivial
@!!prover:tlapm
@!!already:false
@!!END

@!!BEGIN
@!!type:obligation
@!!id:73
@!!loc:186:15:186:17
@!!status:proved
@!!prover:smt
@!!meth:time-limit: 30; time-used: 0.5 (2%)
@!!already:false
@!!END

@!!BEGIN
@!!type:obligation
@!!id:69
@!!loc:185:15:185:17
@!!status:proved
@!!prover:smt
@!!meth:time-limit: 30; time-used: 3.3 (11%)
@!!already:false
@!!END

@!!BEGIN
@!!type:obligation
@!!id:75
@!!loc:186:24:186:28
@!!status:trivial
@!!prover:tlapm
@!!already:false
@!!END

@!!BEGIN
@!!type:obligation
@!!id:76
@!!loc:186:30:186:34
@!!status:trivial
@!!prover:tlapm
@!!already:false
@!!END

@!!BEGIN
@!!type:obligation
@!!id:77
@!!loc:186:36:186:40
@!!status:trivial
@!!prover:tlapm
@!!already:false
@!!END

@!!BEGIN
@!!type:obligation
@!!id:79
@!!loc:187:18:187:22
@!!status:trivial
@!!prover:tlapm
@!!already:false
@!!END

@!!BEGIN
@!!type:obligation
@!!id:80
@!!loc:188:36:188:38
@!!status:proved
@!!prover:smt
@!!meth:time-limit: 30; time-used: 2.0 (7%)
@!!already:false
@!!END

@!!BEGIN
@!!type:obligation
@!!id:78
@!!loc:187:15:187:17
@!!status:proved
@!!prover:smt
@!!meth:time-limit: 30; time-used: 4.4 (15%)
@!!already:false
@!!END

@!!BEGIN
@!!type:obligation
@!!id:82
@!!loc:189:18:189:22
@!!status:trivial
@!!prover:tlapm
@!!already:false
@!!END

@!!BEGIN
@!!type:obligation
@!!id:84
@!!loc:204:13:204:17
@!!status:trivial
@!!prover:tlapm
@!!already:false
@!!END

@!!BEGIN
@!!type:obligation
@!!id:85
@!!loc:204:19:204:23
@!!status:trivial
@!!prover:tlapm
@!!already:false
@!!END

@!!BEGIN
@!!type:obligation
@!!id:83
@!!loc:204:10:204:12
@!!status:proved
@!!prover:smt
@!!meth:time-limit: 30; time-used: 0.9 (3%)
@!!already:false
@!!END

@!!BEGIN
@!!type:obligation
@!!id:81
@!!loc:189:15:189:17
@!!status:proved
@!!prover:smt
@!!meth:time-limit: 30; time-used: 3.1 (10%)
@!!already:false
@!!END

@!!BEGIN
@!!type:obligation
@!!id:86
@!!loc:204:25:204:29
@!!status:trivial
@!!prover:tlapm
@!!already:false
@!!END

@!!BEGIN
@!!type:obligation
@!!id:89
@!!loc:198:6:198:10
@!!status:trivial
@!!prover:tlapm
@!!already:false
@!!END

@!!BEGIN
@!!type:obligation
@!!id:88
@!!loc:198:3:198:5
@!!status:proved
@!!prover:smt
@!!meth:time-limit: 30; time-used: 2.3 (8%)
@!!already:false
@!!END

@!!BEGIN
@!!type:obligation
@!!id:87
@!!loc:196:45:196:47
@!!status:proved
@!!prover:smt
@!!meth:time-limit: 30; time-used: 4.1 (14%)
@!!already:false
@!!END

@!!BEGIN
@!!type:obligation
@!!id:92
@!!loc:200:18:200:22
@!!status:trivial
@!!prover:tlapm
@!!already:false
@!!END

@!!BEGIN
@!!type:obligation
@!!id:91
@!!loc:200:15:200:17
@!!status:proved
@!!prover:smt
@!!meth:time-limit: 30; time-used: 0.3 (1%)
@!!already:false
@!!END

@!!BEGIN
@!!type:obligation
@!!id:90
@!!loc:199:73:199:75
@!!status:proved
@!!prover:smt
@!!meth:time-limit: 30; time-used: 3.2 (11%)
@!!already:false
@!!END

@!!BEGIN
@!!type:obligation
@!!id:93
@!!loc:200:24:200:28
@!!status:trivial
@!!prover:tlapm
@!!already:false
@!!END

@!!BEGIN
@!!type:obligation
@!!id:94
@!!loc:200:30:200:41
@!!status:trivial
@!!prover:tlapm
@!!already:false
@!!END

@!!BEGIN
@!!type:obligation
@!!id:96
@!!loc:201:18:201:22
@!!status:trivial
@!!prover:tlapm
@!!already:false
@!!END

@!!BEGIN
@!!type:obligation
@!!id:97
@!!loc:201:24:201:28
@!!status:trivial
@!!prover:tlapm
@!!already:false
@!!END

@!!BEGIN
@!!type:obligation
@!!id:98
@!!loc:201:30:201:34
@!!status:trivial
@!!prover:tlapm
@!!already:false
@!!END

@!!BEGIN
@!!type:obligation
@!!id:99
@!!loc:201:36:201:40
@!!status:trivial
@!!prover:tlapm
@!!already:false
@!!END

@!!BEGIN
@!!type:obligation
@!!id:95
@!!loc:201:15:201:17
@!!status:proved
@!!prover:smt
@!!meth:time-limit: 30; time-used: 3.6 (12%)
@!!already:false
@!!END

@!!BEGIN
@!!type:obligation
@!!id:102
@!!loc:203:18:203:22
@!!status:trivial
@!!prover:tlapm
@!!already:false
@!!END

@!!BEGIN
@!!type:obligation
@!!id:103
@!!loc:203:24:203:28
@!!status:trivial
@!!prover:tlapm
@!!already:false
@!!END

@!!BEGIN
@!!type:obligation
@!!id:101
@!!loc:203:15:203:17
@!!status:proved
@!!prover:smt
@!!meth:time-limit: 30; time-used: 1.0 (3%)
@!!already:false
@!!END

@!!BEGIN
@!!type:obligation
@!!id:100
@!!loc:202:47:202:49
@!!status:proved
@!!prover:smt
@!!meth:time-limit: 30; time-used: 3.3 (11%)
@!!already:false
@!!END

@!!BEGIN
@!!type:obligation
@!!id:105
@!!loc:224:13:224:17
@!!status:trivial
@!!prover:tlapm
@!!already:false
@!!END

@!!BEGIN
@!!type:obligation
@!!id:106
@!!loc:224:19:224:23
@!!status:trivial
@!!prover:tlapm
@!!already:false
@!!END

@!!BEGIN
@!!type:obligation
@!!id:107
@!!loc:224:25:224:29
@!!status:trivial
@!!prover:tlapm
@!!already:false
@!!END

@!!BEGIN
@!!type:obligation
@!!id:109
@!!loc:210:23:210:35
@!!status:trivial
@!!prover:tlapm
@!!already:false
@!!END

@!!BEGIN
@!!type:obligation
@!!id:110
@!!loc:211:47:211:49
@!!status:proved
@!!prover:smt
@!!meth:time-limit: 30; time-used: 0.7 (2%)
@!!already:false
@!!END

@!!BEGIN
@!!type:obligation
@!!id:108
@!!loc:210:20:210:22
@!!status:proved
@!!prover:smt
@!!meth:time-limit: 30; time-used: 1.5 (5%)
@!!already:false
@!!END

@!!BEGIN
@!!type:obligation
@!!id:104
@!!loc:224:10:224:12
@!!status:proved
@!!prover:smt
@!!meth:time-limit: 30; time-used: 2.7 (9%)
@!!already:false
@!!END

@!!BEGIN
@!!type:obligation
@!!id:112
@!!loc:216:6:216:10
@!!status:trivial
@!!prover:tlapm
@!!already:false
@!!END

@!!BEGIN
@!!type:obligation
@!!id:114
@!!loc:218:6:218:10
@!!status:trivial
@!!prover:tlapm
@!!already:false
@!!END

@!!BEGIN
@!!type:obligation
@!!id:115
@!!loc:218:12:218:16
@!!status:trivial
@!!prover:tlapm
@!!already:false
@!!END

@!!BEGIN
@!!type:obligation
@!!id:116
@!!loc:219:73:219:75
@!!status:proved
@!!prover:smt
@!!meth:time-limit: 30; time-used: 0.6 (2%)
@!!already:false
@!!END

@!!BEGIN
@!!type:obligation
@!!id:113
@!!loc:218:3:218:5
@!!status:proved
@!!prover:smt
@!!meth:time-limit: 30; time-used: 1.5 (5%)
@!!already:false
@!!END

@!!BEGIN
@!!type:obligation
@!!id:111
@!!loc:216:3:216:5
@!!status:proved
@!!prover:smt
@!!meth:time-limit: 30; time-used: 2.3 (8%)
@!!already:false
@!!END

@!!BEGIN
@!!type:obligation
@!!id:118
@!!loc:220:18:220:22
@!!status:trivial
@!!prover:tlapm
@!!already:false
@!!END

@!!BEGIN
@!!type:obligation
@!!id:119
@!!loc:220:24:220:28
@!!status:trivial
@!!prover:tlapm
@!!already:false
@!!END

@!!BEGIN
@!!type:obligation
@!!id:120
@!!loc:220:30:220:41
@!!status:trivial
@!!prover:tlapm
@!!already:false
@!!END

@!!BEGIN
@!!type:obligation
@!!id:122
@!!loc:221:18:221:22
@!!status:trivial
@!!prover:tlapm
@!!already:false
@!!END

@!!BEGIN
@!!type:obligation
@!!id:123
@!!loc:221:24:221:28
@!!status:trivial
@!!prover:tlapm
@!!already:false
@!!END

@!!BEGIN
@!!type:obligation
@!!id:124
@!!loc:221:30:221:34
@!!status:trivial
@!!prover:tlapm
@!!already:false
@!!END

@!!BEGIN
@!!type:obligation
@!!id:125
@!!loc:221:36:221:40
@!!status:trivial
@!!prover:tlapm
@!!already:false
@!!END

@!!BEGIN
@!!type:obligation
@!!id:126
@!!loc:221:42:221:46
@!!status:trivial
@!!prover:tlapm
@!!already:false
@!!END

@!!BEGIN
@!!type:obligation
@!!id:128
@!!loc:222:50:222:54
@!!status:trivial
@!!prover:tlapm
@!!already:false
@!!END

@!!BEGIN
@!!type:obligation
@!!id:127
@!!loc:222:47:222:49
@!!status:proved
@!!prover:smt
@!!meth:time-limit: 30; time-used: 0.9 (3%)
@!!already:false
@!!END

@!!BEGIN
@!!type:obligation
@!!id:121
@!!loc:221:15:221:17
@!!status:proved
@!!prover:smt
@!!meth:time-limit: 30; time-used: 2.3 (8%)
@!!already:false
@!!END

@!!BEGIN
@!!type:obligation
@!!id:117
@!!loc:220:15:220:17
@!!status:proved
@!!prover:smt
@!!meth:time-limit: 30; time-used: 3.4 (11%)
@!!already:false
@!!END

@!!BEGIN
@!!type:obligation
@!!id:130
@!!loc:223:18:223:22
@!!status:trivial
@!!prover:tlapm
@!!already:false
@!!END

@!!BEGIN
@!!type:obligation
@!!id:132
@!!loc:244:10:244:12
@!!status:proved
@!!prover:smt
@!!meth:time-limit: 30
@!!already:true
@!!END

@!!BEGIN
@!!type:obligation
@!!id:133
@!!loc:244:13:244:17
@!!status:trivial
@!!prover:tlapm
@!!already:false
@!!END

@!!BEGIN
@!!type:obligation
@!!id:134
@!!loc:244:19:244:23
@!!status:trivial
@!!prover:tlapm
@!!already:false
@!!END

@!!BEGIN
@!!type:obligation
@!!id:135
@!!loc:244:25:244:29
@!!status:trivial
@!!prover:tlapm
@!!already:false
@!!END

@!!BEGIN
@!!type:obligation
@!!id:136
@!!loc:236:47:236:49
@!!status:proved
@!!prover:smt
@!!meth:time-limit: 30; time-used: 0.7 (2%)
@!!already:false
@!!END

@!!BEGIN
@!!type:obligation
@!!id:131
@!!loc:230:1:230:3
@!!status:proved
@!!prover:smt
@!!meth:time-limit: 30; time-used: 1.8 (6%)
@!!already:false
@!!END

@!!BEGIN
@!!type:obligation
@!!id:129
@!!loc:223:15:223:17
@!!status:proved
@!!prover:smt
@!!meth:time-limit: 30; time-used: 2.4 (8%)
@!!already:false
@!!END

@!!BEGIN
@!!type:obligation
@!!id:138
@!!loc:238:6:238:10
@!!status:trivial
@!!prover:tlapm
@!!already:false
@!!END

@!!BEGIN
@!!type:obligation
@!!id:140
@!!loc:240:15:240:17
@!!status:proved
@!!prover:smt
@!!meth:time-limit: 30
@!!already:true
@!!END

@!!BEGIN
@!!type:obligation
@!!id:141
@!!loc:240:18:240:22
@!!status:trivial
@!!prover:tlapm
@!!already:false
@!!END

@!!BEGIN
@!!type:obligation
@!!id:142
@!!loc:240:24:240:28
@!!status:trivial
@!!prover:tlapm
@!!already:false
@!!END

@!!BEGIN
@!!type:obligation
@!!id:143
@!!loc:240:30:240:41
@!!status:trivial
@!!prover:tlapm
@!!already:false
@!!END

@!!BEGIN
@!!type:obligation
@!!id:145
@!!loc:241:18:241:22
@!!status:trivial
@!!prover:tlapm
@!!already:false
@!!END

@!!BEGIN
@!!type:obligation
@!!id:146
@!!loc:241:24:241:28
@!!status:trivial
@!!prover:tlapm
@!!already:false
@!!END

@!!BEGIN
@!!type:obligation
@!!id:147
@!!loc:241:30:241:34
@!!status:trivial
@!!prover:tlapm
@!!already:false
@!!END

@!!BEGIN
@!!type:obligation
@!!id:148
@!!loc:241:36:241:40
@!!status:trivial
@!!prover:tlapm
@!!already:false
@!!END

@!!BEGIN
@!!type:obligation
@!!id:144
@!!loc:241:15:241:17
@!!status:proved
@!!prover:smt
@!!meth:time-limit: 30; time-used: 1.3 (4%)
@!!already:false
@!!END

@!!BEGIN
@!!type:obligation
@!!id:139
@!!loc:239:73:239:75
@!!status:proved
@!!prover:smt
@!!meth:time-limit: 30; time-used: 2.5 (8%)
@!!already:false
@!!END

@!!BEGIN
@!!type:obligation
@!!id:137
@!!loc:238:3:238:5
@!!status:proved
@!!prover:smt
@!!meth:time-limit: 30; time-used: 3.3 (11%)
@!!already:false
@!!END

@!!BEGIN
@!!type:obligation
@!!id:151
@!!loc:243:18:243:22
@!!status:trivial
@!!prover:tlapm
@!!already:false
@!!END

@!!BEGIN
@!!type:obligation
@!!id:153
@!!loc:273:13:273:17
@!!status:trivial
@!!prover:tlapm
@!!already:false
@!!END

@!!BEGIN
@!!type:obligation
@!!id:154
@!!loc:273:19:273:23
@!!status:trivial
@!!prover:tlapm
@!!already:false
@!!END

@!!BEGIN
@!!type:obligation
@!!id:155
@!!loc:273:25:273:30
@!!status:trivial
@!!prover:tlapm
@!!already:false
@!!END

@!!BEGIN
@!!type:obligation
@!!id:152
@!!loc:273:10:273:12
@!!status:proved
@!!prover:smt
@!!meth:time-limit: 30; time-used: 1.1 (4%)
@!!already:false
@!!END

@!!BEGIN
@!!type:obligation
@!!id:150
@!!loc:243:15:243:17
@!!status:proved
@!!prover:smt
@!!meth:time-limit: 30; time-used: 1.8 (6%)
@!!already:false
@!!END

@!!BEGIN
@!!type:obligation
@!!id:149
@!!loc:242:47:242:49
@!!status:proved
@!!prover:smt
@!!meth:time-limit: 30; time-used: 2.6 (9%)
@!!already:false
@!!END

@!!BEGIN
@!!type:obligation
@!!id:158
@!!loc:254:57:254:67
@!!status:trivial
@!!prover:tlapm
@!!already:false
@!!END

@!!BEGIN
@!!type:obligation
@!!id:159
@!!loc:261:3:261:5
@!!status:proved
@!!prover:smt
@!!meth:time-limit: 30; time-used: 23.4 (78%)
@!!already:false
@!!END

@!!BEGIN
@!!type:obligation
@!!id:157
@!!loc:254:54:254:56
@!!status:proved
@!!prover:smt
@!!meth:time-limit: 30; time-used: 24.4 (81%)
@!!already:false
@!!END

@!!BEGIN
@!!type:obligation
@!!id:156
@!!loc:253:23:253:30
@!!status:proved
@!!prover:smt
@!!meth:time-limit: 30; time-used: 25.2 (84%)
@!!already:false
@!!END

@!!BEGIN
@!!type:obligation
@!!id:161
@!!loc:262:33:262:37
@!!status:trivial
@!!prover:tlapm
@!!already:false
@!!END

@!!BEGIN
@!!type:obligation
@!!id:162
@!!loc:262:39:262:43
@!!status:trivial
@!!prover:tlapm
@!!already:false
@!!END

@!!BEGIN
@!!type:obligation
@!!id:163
@!!loc:262:45:262:57
@!!status:trivial
@!!prover:tlapm
@!!already:false
@!!END

@!!BEGIN
@!!type:obligation
@!!id:160
@!!loc:262:30:262:32
@!!status:proved
@!!prover:smt
@!!meth:time-limit: 30; time-used: 3.2 (11%)
@!!already:false
@!!END

@!!BEGIN
@!!type:obligation
@!!id:165
@!!loc:263:37:263:41
@!!status:trivial
@!!prover:tlapm
@!!already:false
@!!END

@!!BEGIN
@!!type:obligation
@!!id:166
@!!loc:263:43:263:47
@!!status:trivial
@!!prover:tlapm
@!!already:false
@!!END

@!!BEGIN
@!!type:obligation
@!!id:164
@!!loc:263:34:263:36
@!!status:proved
@!!prover:smt
@!!meth:time-limit: 30; time-used: 9.1 (30%)
@!!already:false
@!!END

@!!BEGIN
@!!type:obligation
@!!id:168
@!!loc:264:46:264:50
@!!status:trivial
@!!prover:tlapm
@!!already:false
@!!END

@!!BEGIN
@!!type:obligation
@!!id:169
@!!loc:264:52:264:56
@!!status:trivial
@!!prover:tlapm
@!!already:false
@!!END

@!!BEGIN
@!!type:obligation
@!!id:170
@!!loc:264:58:264:62
@!!status:trivial
@!!prover:tlapm
@!!already:false
@!!END

@!!BEGIN
@!!type:obligation
@!!id:171
@!!loc:264:64:264:76
@!!status:trivial
@!!prover:tlapm
@!!already:false
@!!END

@!!BEGIN
@!!type:obligation
@!!id:173
@!!loc:265:43:265:47
@!!status:trivial
@!!prover:tlapm
@!!already:false
@!!END

@!!BEGIN
@!!type:obligation
@!!id:175
@!!loc:266:18:266:22
@!!status:trivial
@!!prover:tlapm
@!!already:false
@!!END

@!!BEGIN
@!!type:obligation
@!!id:176
@!!loc:266:24:266:28
@!!status:trivial
@!!prover:tlapm
@!!already:false
@!!END

@!!BEGIN
@!!type:obligation
@!!id:177
@!!loc:266:30:266:34
@!!status:trivial
@!!prover:tlapm
@!!already:false
@!!END

@!!BEGIN
@!!type:obligation
@!!id:178
@!!loc:266:36:266:47
@!!status:trivial
@!!prover:tlapm
@!!already:false
@!!END

@!!BEGIN
@!!type:obligation
@!!id:174
@!!loc:266:15:266:17
@!!status:proved
@!!prover:smt
@!!meth:time-limit: 30; time-used: 1.3 (4%)
@!!already:false
@!!END

@!!BEGIN
@!!type:obligation
@!!id:172
@!!loc:265:40:265:42
@!!status:proved
@!!prover:smt
@!!meth:time-limit: 30; time-used: 2.0 (7%)
@!!already:false
@!!END

@!!BEGIN
@!!type:obligation
@!!id:167
@!!loc:264:43:264:45
@!!status:proved
@!!prover:smt
@!!meth:time-limit: 30; time-used: 3.4 (11%)
@!!already:false
@!!END

@!!BEGIN
@!!type:obligation
@!!id:180
@!!loc:267:18:267:22
@!!status:trivial
@!!prover:tlapm
@!!already:false
@!!END

@!!BEGIN
@!!type:obligation
@!!id:181
@!!loc:267:24:267:28
@!!status:trivial
@!!prover:tlapm
@!!already:false
@!!END

@!!BEGIN
@!!type:obligation
@!!id:182
@!!loc:267:30:267:34
@!!status:trivial
@!!prover:tlapm
@!!already:false
@!!END

@!!BEGIN
@!!type:obligation
@!!id:183
@!!loc:267:36:267:40
@!!status:trivial
@!!prover:tlapm
@!!already:false
@!!END

@!!BEGIN
@!!type:obligation
@!!id:184
@!!loc:267:42:267:46
@!!status:trivial
@!!prover:tlapm
@!!already:false
@!!END

@!!BEGIN
@!!type:obligation
@!!id:186
@!!loc:268:50:268:54
@!!status:trivial
@!!prover:tlapm
@!!already:false
@!!END

@!!BEGIN
@!!type:obligation
@!!id:187
@!!loc:268:56:268:60
@!!status:trivial
@!!prover:tlapm
@!!already:false
@!!END

@!!BEGIN
@!!type:obligation
@!!id:185
@!!loc:268:47:268:49
@!!status:proved
@!!prover:smt
@!!meth:time-limit: 30; time-used: 10.2 (34%)
@!!already:false
@!!END

@!!BEGIN
@!!type:obligation
@!!id:179
@!!loc:267:15:267:17
@!!status:proved
@!!prover:smt
@!!meth:time-limit: 30; time-used: 11.7 (39%)
@!!already:false
@!!END

@!!BEGIN
@!!type:obligation
@!!id:189
@!!loc:271:6:271:10
@!!status:trivial
@!!prover:tlapm
@!!already:false
@!!END

@!!BEGIN
@!!type:obligation
@!!id:190
@!!loc:271:12:271:16
@!!status:trivial
@!!prover:tlapm
@!!already:false
@!!END

@!!BEGIN
@!!type:obligation
@!!id:191
@!!loc:271:18:271:22
@!!status:trivial
@!!prover:tlapm
@!!already:false
@!!END

@!!BEGIN
@!!type:obligation
@!!id:192
@!!loc:271:24:271:36
@!!status:trivial
@!!prover:tlapm
@!!already:false
@!!END

@!!BEGIN
@!!type:obligation
@!!id:194
@!!loc:272:19:272:23
@!!status:trivial
@!!prover:tlapm
@!!already:false
@!!END

@!!BEGIN
@!!type:obligation
@!!id:195
@!!loc:272:25:272:29
@!!status:trivial
@!!prover:tlapm
@!!already:false
@!!END

@!!BEGIN
@!!type:obligation
@!!id:196
@!!loc:272:31:272:35
@!!status:trivial
@!!prover:tlapm
@!!already:false
@!!END

@!!BEGIN
@!!type:obligation
@!!id:197
@!!loc:272:37:272:42
@!!status:trivial
@!!prover:tlapm
@!!already:false
@!!END

@!!BEGIN
@!!type:obligation
@!!id:198
@!!loc:293:10:293:12
@!!status:proved
@!!prover:smt
@!!meth:time-limit: 30
@!!already:true
@!!END

@!!BEGIN
@!!type:obligation
@!!id:199
@!!loc:293:13:293:17
@!!status:trivial
@!!prover:tlapm
@!!already:false
@!!END

@!!BEGIN
@!!type:obligation
@!!id:200
@!!loc:293:19:293:23
@!!status:trivial
@!!prover:tlapm
@!!already:false
@!!END

@!!BEGIN
@!!type:obligation
@!!id:201
@!!loc:293:25:293:29
@!!status:trivial
@!!prover:tlapm
@!!already:false
@!!END

@!!BEGIN
@!!type:obligation
@!!id:202
@!!loc:279:23:279:30
@!!status:proved
@!!prover:smt
@!!meth:time-limit: 30
@!!already:true
@!!END

@!!BEGIN
@!!type:obligation
@!!id:193
@!!loc:272:16:272:18
@!!status:proved
@!!prover:smt
@!!meth:time-limit: 30; time-used: 1.8 (6%)
@!!already:false
@!!END

@!!BEGIN
@!!type:obligation
@!!id:188
@!!loc:271:3:271:5
@!!status:proved
@!!prover:smt
@!!meth:time-limit: 30; time-used: 3.1 (10%)
@!!already:false
@!!END

@!!BEGIN
@!!type:obligation
@!!id:203
@!!loc:283:3:283:5
@!!status:proved
@!!prover:smt
@!!meth:time-limit: 30; time-used: 10.3 (34%)
@!!already:false
@!!END

@!!BEGIN
@!!type:obligation
@!!id:205
@!!loc:284:35:284:39
@!!status:trivial
@!!prover:tlapm
@!!already:false
@!!END

@!!BEGIN
@!!type:obligation
@!!id:206
@!!loc:284:41:284:53
@!!status:trivial
@!!prover:tlapm
@!!already:false
@!!END

@!!BEGIN
@!!type:obligation
@!!id:208
@!!loc:285:37:285:41
@!!status:trivial
@!!prover:tlapm
@!!already:false
@!!END

@!!BEGIN
@!!type:obligation
@!!id:209
@!!loc:285:43:285:47
@!!status:trivial
@!!prover:tlapm
@!!already:false
@!!END

@!!BEGIN
@!!type:obligation
@!!id:211
@!!loc:286:18:286:22
@!!status:trivial
@!!prover:tlapm
@!!already:false
@!!END

@!!BEGIN
@!!type:obligation
@!!id:212
@!!loc:286:24:286:28
@!!status:trivial
@!!prover:tlapm
@!!already:false
@!!END

@!!BEGIN
@!!type:obligation
@!!id:213
@!!loc:286:30:286:41
@!!status:trivial
@!!prover:tlapm
@!!already:false
@!!END

@!!BEGIN
@!!type:obligation
@!!id:210
@!!loc:286:15:286:17
@!!status:proved
@!!prover:smt
@!!meth:time-limit: 30; time-used: 1.1 (4%)
@!!already:false
@!!END

@!!BEGIN
@!!type:obligation
@!!id:207
@!!loc:285:34:285:36
@!!status:proved
@!!prover:smt
@!!meth:time-limit: 30; time-used: 2.2 (7%)
@!!already:false
@!!END

@!!BEGIN
@!!type:obligation
@!!id:204
@!!loc:284:32:284:34
@!!status:proved
@!!prover:smt
@!!meth:time-limit: 30; time-used: 3.3 (11%)
@!!already:false
@!!END

@!!BEGIN
@!!type:obligation
@!!id:215
@!!loc:287:18:287:22
@!!status:trivial
@!!prover:tlapm
@!!already:false
@!!END

@!!BEGIN
@!!type:obligation
@!!id:216
@!!loc:287:24:287:28
@!!status:trivial
@!!prover:tlapm
@!!already:false
@!!END

@!!BEGIN
@!!type:obligation
@!!id:217
@!!loc:287:30:287:34
@!!status:trivial
@!!prover:tlapm
@!!already:false
@!!END

@!!BEGIN
@!!type:obligation
@!!id:219
@!!loc:288:50:288:54
@!!status:trivial
@!!prover:tlapm
@!!already:false
@!!END

@!!BEGIN
@!!type:obligation
@!!id:218
@!!loc:288:47:288:49
@!!status:proved
@!!prover:smt
@!!meth:time-limit: 30; time-used: 21.9 (73%)
@!!already:false
@!!END

@!!BEGIN
@!!type:obligation
@!!id:214
@!!loc:287:15:287:17
@!!status:proved
@!!prover:smt
@!!meth:time-limit: 30; time-used: 22.9 (76%)
@!!already:false
@!!END

@!!BEGIN
@!!type:obligation
@!!id:221
@!!loc:291:6:291:10
@!!status:trivial
@!!prover:tlapm
@!!already:false
@!!END

@!!BEGIN
@!!type:obligation
@!!id:222
@!!loc:291:12:291:24
@!!status:trivial
@!!prover:tlapm
@!!already:false
@!!END

@!!BEGIN
@!!type:obligation
@!!id:220
@!!loc:291:3:291:5
@!!status:proved
@!!prover:smt
@!!meth:time-limit: 30; time-used: 3.4 (11%)
@!!already:false
@!!END

@!!BEGIN
@!!type:obligation
@!!id:224
@!!loc:292:18:292:22
@!!status:trivial
@!!prover:tlapm
@!!already:false
@!!END

@!!BEGIN
@!!type:obligation
@!!id:225
@!!loc:292:24:292:28
@!!status:trivial
@!!prover:tlapm
@!!already:false
@!!END

@!!BEGIN
@!!type:obligation
@!!id:226
@!!loc:292:30:292:34
@!!status:trivial
@!!prover:tlapm
@!!already:false
@!!END

@!!BEGIN
@!!type:obligation
@!!id:227
@!!loc:292:36:292:40
@!!status:trivial
@!!prover:tlapm
@!!already:false
@!!END

@!!BEGIN
@!!type:obligation
@!!id:223
@!!loc:292:15:292:17
@!!status:proved
@!!prover:smt
@!!meth:time-limit: 30; time-used: 3.4 (11%)
@!!already:false
@!!END

@!!BEGIN
@!!type:obligation
@!!id:229
@!!loc:318:13:318:17
@!!status:trivial
@!!prover:tlapm
@!!already:false
@!!END

@!!BEGIN
@!!type:obligation
@!!id:230
@!!loc:318:19:318:24
@!!status:trivial
@!!prover:tlapm
@!!already:false
@!!END

@!!BEGIN
@!!type:obligation
@!!id:231
@!!loc:318:26:318:31
@!!status:trivial
@!!prover:tlapm
@!!already:false
@!!END

@!!BEGIN
@!!type:obligation
@!!id:232
@!!loc:299:23:299:30
@!!status:proved
@!!prover:smt
@!!meth:time-limit: 30; time-used: 2.6 (9%)
@!!already:false
@!!END

@!!BEGIN
@!!type:obligation
@!!id:228
@!!loc:318:10:318:12
@!!status:proved
@!!prover:smt
@!!meth:time-limit: 30; time-used: 5.4 (18%)
@!!already:false
@!!END

@!!BEGIN
@!!type:obligation
@!!id:235
@!!loc:303:3:303:5
@!!status:proved
@!!prover:smt
@!!meth:time-limit: 30; time-used: 2.1 (7%)
@!!already:false
@!!END

@!!BEGIN
@!!type:obligation
@!!id:233
@!!loc:300:66:300:68
@!!status:proved
@!!prover:smt
@!!meth:time-limit: 30; time-used: 4.7 (16%)
@!!already:false
@!!END

@!!BEGIN
@!!type:obligation
@!!id:237
@!!loc:304:28:304:39
@!!status:trivial
@!!prover:tlapm
@!!already:false
@!!END

@!!BEGIN
@!!type:obligation
@!!id:239
@!!loc:305:72:305:76
@!!status:trivial
@!!prover:tlapm
@!!already:false
@!!END

@!!BEGIN
@!!type:obligation
@!!id:240
@!!loc:305:78:305:87
@!!status:trivial
@!!prover:tlapm
@!!already:false
@!!END

@!!BEGIN
@!!type:obligation
@!!id:238
@!!loc:305:69:305:71
@!!status:proved
@!!prover:smt
@!!meth:time-limit: 30; time-used: 0.6 (2%)
@!!already:false
@!!END

@!!BEGIN
@!!type:obligation
@!!id:236
@!!loc:304:25:304:27
@!!status:proved
@!!prover:smt
@!!meth:time-limit: 30; time-used: 3.2 (11%)
@!!already:false
@!!END

@!!BEGIN
@!!type:obligation
@!!id:241
@!!loc:308:3:308:5
@!!status:proved
@!!prover:smt
@!!meth:time-limit: 30; time-used: 28.0 (93%)
@!!already:false
@!!END

@!!BEGIN
@!!type:obligation
@!!id:243
@!!loc:309:37:309:41
@!!status:trivial
@!!prover:tlapm
@!!already:false
@!!END

@!!BEGIN
@!!type:obligation
@!!id:244
@!!loc:309:43:309:47
@!!status:trivial
@!!prover:tlapm
@!!already:false
@!!END

@!!BEGIN
@!!type:obligation
@!!id:245
@!!loc:309:49:309:53
@!!status:trivial
@!!prover:tlapm
@!!already:false
@!!END

@!!BEGIN
@!!type:obligation
@!!id:246
@!!loc:309:55:309:59
@!!status:trivial
@!!prover:tlapm
@!!already:false
@!!END

@!!BEGIN
@!!type:obligation
@!!id:247
@!!loc:309:61:309:73
@!!status:trivial
@!!prover:tlapm
@!!already:false
@!!END

@!!BEGIN
@!!type:obligation
@!!id:242
@!!loc:309:34:309:36
@!!status:proved
@!!prover:smt
@!!meth:time-limit: 30; time-used: 4.7 (16%)
@!!already:false
@!!END

@!!BEGIN
@!!type:obligation
@!!id:249
@!!loc:310:37:310:41
@!!status:trivial
@!!prover:tlapm
@!!already:false
@!!END

@!!BEGIN
@!!type:obligation
@!!id:250
@!!loc:310:43:310:47
@!!status:trivial
@!!prover:tlapm
@!!already:false
@!!END

@!!BEGIN
@!!type:obligation
@!!id:252
@!!loc:311:18:311:22
@!!status:trivial
@!!prover:tlapm
@!!already:false
@!!END

@!!BEGIN
@!!type:obligation
@!!id:251
@!!loc:311:15:311:17
@!!status:proved
@!!prover:smt
@!!meth:time-limit: 30; time-used: 0.4 (1%)
@!!already:false
@!!END

@!!BEGIN
@!!type:obligation
@!!id:248
@!!loc:310:34:310:36
@!!status:proved
@!!prover:smt
@!!meth:time-limit: 30; time-used: 3.3 (11%)
@!!already:false
@!!END

@!!BEGIN
@!!type:obligation
@!!id:253
@!!loc:311:24:311:28
@!!status:trivial
@!!prover:tlapm
@!!already:false
@!!END

@!!BEGIN
@!!type:obligation
@!!id:254
@!!loc:311:30:311:41
@!!status:trivial
@!!prover:tlapm
@!!already:false
@!!END

@!!BEGIN
@!!type:obligation
@!!id:256
@!!loc:312:18:312:22
@!!status:trivial
@!!prover:tlapm
@!!already:false
@!!END

@!!BEGIN
@!!type:obligation
@!!id:257
@!!loc:312:24:312:28
@!!status:trivial
@!!prover:tlapm
@!!already:false
@!!END

@!!BEGIN
@!!type:obligation
@!!id:258
@!!loc:312:30:312:34
@!!status:trivial
@!!prover:tlapm
@!!already:false
@!!END

@!!BEGIN
@!!type:obligation
@!!id:260
@!!loc:313:51:313:55
@!!status:trivial
@!!prover:tlapm
@!!already:false
@!!END

@!!BEGIN
@!!type:obligation
@!!id:259
@!!loc:313:48:313:50
@!!status:proved
@!!prover:smt
@!!meth:time-limit: 30; time-used: 7.2 (24%)
@!!already:false
@!!END

@!!BEGIN
@!!type:obligation
@!!id:255
@!!loc:312:15:312:17
@!!status:proved
@!!prover:smt
@!!meth:time-limit: 30; time-used: 8.3 (28%)
@!!already:false
@!!END

@!!BEGIN
@!!type:obligation
@!!id:262
@!!loc:316:6:316:10
@!!status:trivial
@!!prover:tlapm
@!!already:false
@!!END

@!!BEGIN
@!!type:obligation
@!!id:264
@!!loc:317:19:317:23
@!!status:trivial
@!!prover:tlapm
@!!already:false
@!!END

@!!BEGIN
@!!type:obligation
@!!id:265
@!!loc:317:25:317:29
@!!status:trivial
@!!prover:tlapm
@!!already:false
@!!END

@!!BEGIN
@!!type:obligation
@!!id:263
@!!loc:317:16:317:18
@!!status:proved
@!!prover:smt
@!!meth:time-limit: 30; time-used: 0.8 (3%)
@!!already:false
@!!END

@!!BEGIN
@!!type:obligation
@!!id:261
@!!loc:316:3:316:5
@!!status:proved
@!!prover:smt
@!!meth:time-limit: 30; time-used: 3.1 (10%)
@!!already:false
@!!END

@!!BEGIN
@!!type:obligation
@!!id:266
@!!loc:317:31:317:35
@!!status:trivial
@!!prover:tlapm
@!!already:false
@!!END

@!!BEGIN
@!!type:obligation
@!!id:267
@!!loc:317:37:317:41
@!!status:trivial
@!!prover:tlapm
@!!already:false
@!!END

@!!BEGIN
@!!type:obligation
@!!id:268
@!!loc:317:43:317:48
@!!status:trivial
@!!prover:tlapm
@!!already:false
@!!END

@!!BEGIN
@!!type:obligation
@!!id:270
@!!loc:364:13:364:17
@!!status:trivial
@!!prover:tlapm
@!!already:false
@!!END

@!!BEGIN
@!!type:obligation
@!!id:271
@!!loc:364:19:364:23
@!!status:trivial
@!!prover:tlapm
@!!already:false
@!!END

@!!BEGIN
@!!type:obligation
@!!id:272
@!!loc:364:25:364:29
@!!status:trivial
@!!prover:tlapm
@!!already:false
@!!END

@!!BEGIN
@!!type:obligation
@!!id:273
@!!loc:327:23:327:30
@!!status:proved
@!!prover:smt
@!!meth:time-limit: 30
@!!already:true
@!!END

@!!BEGIN
@!!type:obligation
@!!id:269
@!!loc:364:10:364:12
@!!status:proved
@!!prover:smt
@!!meth:time-limit: 30; time-used: 4.5 (15%)
@!!already:false
@!!END

@!!BEGIN
@!!type:obligation
@!!id:276
@!!loc:359:15:359:19
@!!status:trivial
@!!prover:tlapm
@!!already:false
@!!END

@!!BEGIN
@!!type:obligation
@!!id:277
@!!loc:359:21:359:25
@!!status:trivial
@!!prover:tlapm
@!!already:false
@!!END

@!!BEGIN
@!!type:obligation
@!!id:275
@!!loc:359:12:359:14
@!!status:proved
@!!prover:smt
@!!meth:time-limit: 30; time-used: 3.6 (12%)
@!!already:false
@!!END

@!!BEGIN
@!!type:obligation
@!!id:274
@!!loc:330:3:330:5
@!!status:proved
@!!prover:smt
@!!meth:time-limit: 30; time-used: 5.4 (18%)
@!!already:false
@!!END

@!!BEGIN
@!!type:obligation
@!!id:279
@!!loc:342:17:342:21
@!!status:trivial
@!!prover:tlapm
@!!already:false
@!!END

@!!BEGIN
@!!type:obligation
@!!id:280
@!!loc:342:23:342:27
@!!status:trivial
@!!prover:tlapm
@!!already:false
@!!END

@!!BEGIN
@!!type:obligation
@!!id:281
@!!loc:342:29:342:33
@!!status:trivial
@!!prover:tlapm
@!!already:false
@!!END

@!!BEGIN
@!!type:obligation
@!!id:278
@!!loc:342:14:342:16
@!!status:proved
@!!prover:smt
@!!meth:time-limit: 30; time-used: 4.0 (13%)
@!!already:false
@!!END

@!!BEGIN
@!!type:obligation
@!!id:283
@!!loc:337:88:337:92
@!!status:trivial
@!!prover:tlapm
@!!already:false
@!!END

@!!BEGIN
@!!type:obligation
@!!id:282
@!!loc:337:85:337:87
@!!status:proved
@!!prover:smt
@!!meth:time-limit: 30; time-used: 24.9 (83%)
@!!already:false
@!!END

@!!BEGIN
@!!type:obligation
@!!id:285
@!!loc:338:42:338:46
@!!status:trivial
@!!prover:tlapm
@!!already:false
@!!END

@!!BEGIN
@!!type:obligation
@!!id:286
@!!loc:338:48:338:60
@!!status:trivial
@!!prover:tlapm
@!!already:false
@!!END

@!!BEGIN
@!!type:obligation
@!!id:284
@!!loc:338:39:338:41
@!!status:proved
@!!prover:smt
@!!meth:time-limit: 30; time-used: 5.4 (18%)
@!!already:false
@!!END

@!!BEGIN
@!!type:obligation
@!!id:289
@!!loc:358:17:358:21
@!!status:trivial
@!!prover:tlapm
@!!already:false
@!!END

@!!BEGIN
@!!type:obligation
@!!id:290
@!!loc:358:23:358:27
@!!status:trivial
@!!prover:tlapm
@!!already:false
@!!END

@!!BEGIN
@!!type:obligation
@!!id:291
@!!loc:358:29:358:33
@!!status:trivial
@!!prover:tlapm
@!!already:false
@!!END

@!!BEGIN
@!!type:obligation
@!!id:292
@!!loc:358:35:358:39
@!!status:trivial
@!!prover:tlapm
@!!already:false
@!!END

@!!BEGIN
@!!type:obligation
@!!id:294
@!!loc:349:10:349:14
@!!status:trivial
@!!prover:tlapm
@!!already:false
@!!END

@!!BEGIN
@!!type:obligation
@!!id:293
@!!loc:349:7:349:9
@!!status:proved
@!!prover:smt
@!!meth:time-limit: 30; time-used: 1.0 (3%)
@!!already:false
@!!END

@!!BEGIN
@!!type:obligation
@!!id:288
@!!loc:358:14:358:16
@!!status:proved
@!!prover:smt
@!!meth:time-limit: 30; time-used: 2.7 (9%)
@!!already:false
@!!END

@!!BEGIN
@!!type:obligation
@!!id:287
@!!loc:341:7:341:9
@!!status:proved
@!!prover:smt
@!!meth:time-limit: 30; time-used: 3.5 (12%)
@!!already:false
@!!END

@!!BEGIN
@!!type:obligation
@!!id:298
@!!loc:351:40:351:44
@!!status:trivial
@!!prover:tlapm
@!!already:false
@!!END

@!!BEGIN
@!!type:obligation
@!!id:299
@!!loc:351:46:351:55
@!!status:trivial
@!!prover:tlapm
@!!already:false
@!!END

@!!BEGIN
@!!type:obligation
@!!id:301
@!!loc:353:10:353:14
@!!status:trivial
@!!prover:tlapm
@!!already:false
@!!END

@!!BEGIN
@!!type:obligation
@!!id:302
@!!loc:353:16:353:25
@!!status:trivial
@!!prover:tlapm
@!!already:false
@!!END

@!!BEGIN
@!!type:obligation
@!!id:300
@!!loc:353:7:353:9
@!!status:proved
@!!prover:smt
@!!meth:time-limit: 30; time-used: 27.2 (91%)
@!!already:false
@!!END

@!!BEGIN
@!!type:obligation
@!!id:297
@!!loc:351:37:351:39
@!!status:proved
@!!prover:smt
@!!meth:time-limit: 30; time-used: 28.2 (94%)
@!!already:false
@!!END

@!!BEGIN
@!!type:obligation
@!!id:296
@!!loc:350:73:350:75
@!!status:proved
@!!prover:smt
@!!meth:time-limit: 30; time-used: 28.9 (96%)
@!!already:false
@!!END

@!!BEGIN
@!!type:obligation
@!!id:304
@!!loc:354:43:354:47
@!!status:trivial
@!!prover:tlapm
@!!already:false
@!!END

@!!BEGIN
@!!type:obligation
@!!id:305
@!!loc:354:49:354:53
@!!status:trivial
@!!prover:tlapm
@!!already:false
@!!END

@!!BEGIN
@!!type:obligation
@!!id:306
@!!loc:354:55:354:59
@!!status:trivial
@!!prover:tlapm
@!!already:false
@!!END

@!!BEGIN
@!!type:obligation
@!!id:307
@!!loc:354:61:354:73
@!!status:trivial
@!!prover:tlapm
@!!already:false
@!!END

@!!BEGIN
@!!type:obligation
@!!id:303
@!!loc:354:40:354:42
@!!status:proved
@!!prover:smt
@!!meth:time-limit: 30; time-used: 28.7 (96%)
@!!already:false
@!!END

@!!BEGIN
@!!type:obligation
@!!id:309
@!!loc:357:10:357:14
@!!status:trivial
@!!prover:tlapm
@!!already:false
@!!END

@!!BEGIN
@!!type:obligation
@!!id:310
@!!loc:357:16:357:28
@!!status:trivial
@!!prover:tlapm
@!!already:false
@!!END

@!!BEGIN
@!!type:obligation
@!!id:312
@!!loc:360:18:360:22
@!!status:trivial
@!!prover:tlapm
@!!already:false
@!!END

@!!BEGIN
@!!type:obligation
@!!id:313
@!!loc:360:24:360:28
@!!status:trivial
@!!prover:tlapm
@!!already:false
@!!END

@!!BEGIN
@!!type:obligation
@!!id:314
@!!loc:360:30:360:41
@!!status:trivial
@!!prover:tlapm
@!!already:false
@!!END

@!!BEGIN
@!!type:obligation
@!!id:316
@!!loc:361:18:361:22
@!!status:trivial
@!!prover:tlapm
@!!already:false
@!!END

@!!BEGIN
@!!type:obligation
@!!id:317
@!!loc:361:24:361:28
@!!status:trivial
@!!prover:tlapm
@!!already:false
@!!END

@!!BEGIN
@!!type:obligation
@!!id:318
@!!loc:361:30:361:34
@!!status:trivial
@!!prover:tlapm
@!!already:false
@!!END

@!!BEGIN
@!!type:obligation
@!!id:315
@!!loc:361:15:361:17
@!!status:proved
@!!prover:smt
@!!meth:time-limit: 30; time-used: 1.1 (4%)
@!!already:false
@!!END

@!!BEGIN
@!!type:obligation
@!!id:311
@!!loc:360:15:360:17
@!!status:proved
@!!prover:smt
@!!meth:time-limit: 30; time-used: 2.4 (8%)
@!!already:false
@!!END

@!!BEGIN
@!!type:obligation
@!!id:308
@!!loc:357:7:357:9
@!!status:proved
@!!prover:smt
@!!meth:time-limit: 30; time-used: 3.5 (12%)
@!!already:false
@!!END

@!!BEGIN
@!!type:obligation
@!!id:320
@!!loc:362:50:362:54
@!!status:trivial
@!!prover:tlapm
@!!already:false
@!!END

@!!BEGIN
@!!type:obligation
@!!id:322
@!!loc:363:18:363:22
@!!status:trivial
@!!prover:tlapm
@!!already:false
@!!END

@!!BEGIN
@!!type:obligation
@!!id:323
@!!loc:363:24:363:28
@!!status:trivial
@!!prover:tlapm
@!!already:false
@!!END

@!!BEGIN
@!!type:obligation
@!!id:324
@!!loc:363:30:363:34
@!!status:trivial
@!!prover:tlapm
@!!already:false
@!!END

@!!BEGIN
@!!type:obligation
@!!id:326
@!!loc:386:13:386:17
@!!status:trivial
@!!prover:tlapm
@!!already:false
@!!END

@!!BEGIN
@!!type:obligation
@!!id:327
@!!loc:386:19:386:23
@!!status:trivial
@!!prover:tlapm
@!!already:false
@!!END

@!!BEGIN
@!!type:obligation
@!!id:328
@!!loc:386:25:386:30
@!!status:trivial
@!!prover:tlapm
@!!already:false
@!!END

@!!BEGIN
@!!type:obligation
@!!id:329
@!!loc:370:23:370:30
@!!status:proved
@!!prover:smt
@!!meth:time-limit: 30
@!!already:true
@!!END

@!!BEGIN
@!!type:obligation
@!!id:325
@!!loc:386:10:386:12
@!!status:proved
@!!prover:smt
@!!meth:time-limit: 30; time-used: 2.4 (8%)
@!!already:false
@!!END

@!!BEGIN
@!!type:obligation
@!!id:321
@!!loc:363:15:363:17
@!!status:proved
@!!prover:smt
@!!meth:time-limit: 30; time-used: 3.6 (12%)
@!!already:false
@!!END

@!!BEGIN
@!!type:obligation
@!!id:319
@!!loc:362:47:362:49
@!!status:proved
@!!prover:smt
@!!meth:time-limit: 30; time-used: 4.7 (16%)
@!!already:false
@!!END

@!!BEGIN
@!!type:obligation
@!!id:332
@!!loc:375:3:375:5
@!!status:proved
@!!prover:smt
@!!meth:time-limit: 30; time-used: 2.4 (8%)
@!!already:false
@!!END

@!!BEGIN
@!!type:obligation
@!!id:330
@!!loc:371:82:371:84
@!!status:proved
@!!prover:smt
@!!meth:time-limit: 30; time-used: 5.4 (18%)
@!!already:false
@!!END

@!!BEGIN
@!!type:obligation
@!!id:333
@!!loc:376:58:376:60
@!!status:proved
@!!prover:smt
@!!meth:time-limit: 30; time-used: 16.5 (55%)
@!!already:false
@!!END

@!!BEGIN
@!!type:obligation
@!!id:335
@!!loc:377:36:377:40
@!!status:trivial
@!!prover:tlapm
@!!already:false
@!!END

@!!BEGIN
@!!type:obligation
@!!id:336
@!!loc:377:42:377:46
@!!status:trivial
@!!prover:tlapm
@!!already:false
@!!END

@!!BEGIN
@!!type:obligation
@!!id:337
@!!loc:377:48:377:60
@!!status:trivial
@!!prover:tlapm
@!!already:false
@!!END

@!!BEGIN
@!!type:obligation
@!!id:339
@!!loc:378:37:378:41
@!!status:trivial
@!!prover:tlapm
@!!already:false
@!!END

@!!BEGIN
@!!type:obligation
@!!id:340
@!!loc:378:43:378:47
@!!status:trivial
@!!prover:tlapm
@!!already:false
@!!END

@!!BEGIN
@!!type:obligation
@!!id:342
@!!loc:379:18:379:22
@!!status:trivial
@!!prover:tlapm
@!!already:false
@!!END

@!!BEGIN
@!!type:obligation
@!!id:343
@!!loc:379:24:379:28
@!!status:trivial
@!!prover:tlapm
@!!already:false
@!!END

@!!BEGIN
@!!type:obligation
@!!id:344
@!!loc:379:30:379:41
@!!status:trivial
@!!prover:tlapm
@!!already:false
@!!END

@!!BEGIN
@!!type:obligation
@!!id:341
@!!loc:379:15:379:17
@!!status:proved
@!!prover:smt
@!!meth:time-limit: 30; time-used: 1.2 (4%)
@!!already:false
@!!END

@!!BEGIN
@!!type:obligation
@!!id:338
@!!loc:378:34:378:36
@!!status:proved
@!!prover:smt
@!!meth:time-limit: 30; time-used: 2.3 (8%)
@!!already:false
@!!END

@!!BEGIN
@!!type:obligation
@!!id:334
@!!loc:377:33:377:35
@!!status:proved
@!!prover:smt
@!!meth:time-limit: 30; time-used: 3.5 (12%)
@!!already:false
@!!END

@!!BEGIN
@!!type:obligation
@!!id:346
@!!loc:380:18:380:22
@!!status:trivial
@!!prover:tlapm
@!!already:false
@!!END

@!!BEGIN
@!!type:obligation
@!!id:347
@!!loc:380:24:380:28
@!!status:trivial
@!!prover:tlapm
@!!already:false
@!!END

@!!BEGIN
@!!type:obligation
@!!id:348
@!!loc:380:30:380:34
@!!status:trivial
@!!prover:tlapm
@!!already:false
@!!END

@!!BEGIN
@!!type:obligation
@!!id:350
@!!loc:381:50:381:54
@!!status:trivial
@!!prover:tlapm
@!!already:false
@!!END

@!!BEGIN
@!!type:obligation
@!!id:349
@!!loc:381:47:381:49
@!!status:proved
@!!prover:smt
@!!meth:time-limit: 30; time-used: 16.3 (54%)
@!!already:false
@!!END

@!!BEGIN
@!!type:obligation
@!!id:345
@!!loc:380:15:380:17
@!!status:proved
@!!prover:smt
@!!meth:time-limit: 30; time-used: 17.6 (59%)
@!!already:false
@!!END

@!!BEGIN
@!!type:obligation
@!!id:352
@!!loc:384:6:384:10
@!!status:trivial
@!!prover:tlapm
@!!already:false
@!!END

@!!BEGIN
@!!type:obligation
@!!id:351
@!!loc:384:3:384:5
@!!status:proved
@!!prover:smt
@!!meth:time-limit: 30; time-used: 3.4 (11%)
@!!already:false
@!!END

@!!BEGIN
@!!type:obligation
@!!id:354
@!!loc:385:19:385:23
@!!status:trivial
@!!prover:tlapm
@!!already:false
@!!END

@!!BEGIN
@!!type:obligation
@!!id:355
@!!loc:385:25:385:29
@!!status:trivial
@!!prover:tlapm
@!!already:false
@!!END

@!!BEGIN
@!!type:obligation
@!!id:356
@!!loc:385:31:385:35
@!!status:trivial
@!!prover:tlapm
@!!already:false
@!!END

@!!BEGIN
@!!type:obligation
@!!id:357
@!!loc:385:37:385:41
@!!status:trivial
@!!prover:tlapm
@!!already:false
@!!END

@!!BEGIN
@!!type:obligation
@!!id:358
@!!loc:385:43:385:47
@!!status:trivial
@!!prover:tlapm
@!!already:false
@!!END

@!!BEGIN
@!!type:obligation
@!!id:359
@!!loc:407:10:407:12
@!!status:proved
@!!prover:smt
@!!meth:time-limit: 30
@!!already:true
@!!END

@!!BEGIN
@!!type:obligation
@!!id:360
@!!loc:407:13:407:17
@!!status:trivial
@!!prover:tlapm
@!!already:false
@!!END

@!!BEGIN
@!!type:obligation
@!!id:361
@!!loc:407:19:407:23
@!!status:trivial
@!!prover:tlapm
@!!already:false
@!!END

@!!BEGIN
@!!type:obligation
@!!id:362
@!!loc:407:25:407:29
@!!status:trivial
@!!prover:tlapm
@!!already:false
@!!END

@!!BEGIN
@!!type:obligation
@!!id:363
@!!loc:392:23:392:30
@!!status:proved
@!!prover:smt
@!!meth:time-limit: 30
@!!already:true
@!!END

@!!BEGIN
@!!type:obligation
@!!id:364
@!!loc:397:3:397:5
@!!status:proved
@!!prover:smt
@!!meth:time-limit: 30; time-used: 11.1 (37%)
@!!already:false
@!!END

@!!BEGIN
@!!type:obligation
@!!id:353
@!!loc:385:16:385:18
@!!status:proved
@!!prover:smt
@!!meth:time-limit: 30; time-used: 13.6 (45%)
@!!already:false
@!!END

@!!BEGIN
@!!type:obligation
@!!id:366
@!!loc:398:30:398:34
@!!status:trivial
@!!prover:tlapm
@!!already:false
@!!END

@!!BEGIN
@!!type:obligation
@!!id:367
@!!loc:398:36:398:48
@!!status:trivial
@!!prover:tlapm
@!!already:false
@!!END

@!!BEGIN
@!!type:obligation
@!!id:369
@!!loc:399:37:399:41
@!!status:trivial
@!!prover:tlapm
@!!already:false
@!!END

@!!BEGIN
@!!type:obligation
@!!id:370
@!!loc:399:43:399:47
@!!status:trivial
@!!prover:tlapm
@!!already:false
@!!END

@!!BEGIN
@!!type:obligation
@!!id:372
@!!loc:400:18:400:22
@!!status:trivial
@!!prover:tlapm
@!!already:false
@!!END

@!!BEGIN
@!!type:obligation
@!!id:373
@!!loc:400:24:400:28
@!!status:trivial
@!!prover:tlapm
@!!already:false
@!!END

@!!BEGIN
@!!type:obligation
@!!id:374
@!!loc:400:30:400:41
@!!status:trivial
@!!prover:tlapm
@!!already:false
@!!END

@!!BEGIN
@!!type:obligation
@!!id:371
@!!loc:400:15:400:17
@!!status:proved
@!!prover:smt
@!!meth:time-limit: 30; time-used: 1.4 (5%)
@!!already:false
@!!END

@!!BEGIN
@!!type:obligation
@!!id:368
@!!loc:399:34:399:36
@!!status:proved
@!!prover:smt
@!!meth:time-limit: 30; time-used: 2.6 (9%)
@!!already:false
@!!END

@!!BEGIN
@!!type:obligation
@!!id:365
@!!loc:398:27:398:29
@!!status:proved
@!!prover:smt
@!!meth:time-limit: 30; time-used: 3.7 (12%)
@!!already:false
@!!END

@!!BEGIN
@!!type:obligation
@!!id:376
@!!loc:401:18:401:22
@!!status:trivial
@!!prover:tlapm
@!!already:false
@!!END

@!!BEGIN
@!!type:obligation
@!!id:377
@!!loc:401:24:401:28
@!!status:trivial
@!!prover:tlapm
@!!already:false
@!!END

@!!BEGIN
@!!type:obligation
@!!id:378
@!!loc:401:30:401:34
@!!status:trivial
@!!prover:tlapm
@!!already:false
@!!END

@!!BEGIN
@!!type:obligation
@!!id:375
@!!loc:401:15:401:17
@!!status:proved
@!!prover:smt
@!!meth:time-limit: 30; time-used: 4.0 (13%)
@!!already:false
@!!END

@!!BEGIN
@!!type:obligation
@!!id:380
@!!loc:402:50:402:54
@!!status:trivial
@!!prover:tlapm
@!!already:false
@!!END

@!!BEGIN
@!!type:obligation
@!!id:379
@!!loc:402:47:402:49
@!!status:proved
@!!prover:smt
@!!meth:time-limit: 30; time-used: 9.4 (31%)
@!!already:false
@!!END

@!!BEGIN
@!!type:obligation
@!!id:382
@!!loc:405:6:405:10
@!!status:trivial
@!!prover:tlapm
@!!already:false
@!!END

@!!BEGIN
@!!type:obligation
@!!id:383
@!!loc:405:12:405:24
@!!status:trivial
@!!prover:tlapm
@!!already:false
@!!END

@!!BEGIN
@!!type:obligation
@!!id:385
@!!loc:406:18:406:22
@!!status:trivial
@!!prover:tlapm
@!!already:false
@!!END

@!!BEGIN
@!!type:obligation
@!!id:386
@!!loc:406:24:406:28
@!!status:trivial
@!!prover:tlapm
@!!already:false
@!!END

@!!BEGIN
@!!type:obligation
@!!id:387
@!!loc:406:30:406:34
@!!status:trivial
@!!prover:tlapm
@!!already:false
@!!END

@!!BEGIN
@!!type:obligation
@!!id:388
@!!loc:406:36:406:40
@!!status:trivial
@!!prover:tlapm
@!!already:false
@!!END

@!!BEGIN
@!!type:obligation
@!!id:390
@!!loc:459:13:459:17
@!!status:trivial
@!!prover:tlapm
@!!already:false
@!!END

@!!BEGIN
@!!type:obligation
@!!id:391
@!!loc:459:19:459:23
@!!status:trivial
@!!prover:tlapm
@!!already:false
@!!END

@!!BEGIN
@!!type:obligation
@!!id:392
@!!loc:414:23:414:30
@!!status:proved
@!!prover:smt
@!!meth:time-limit: 30
@!!already:true
@!!END

@!!BEGIN
@!!type:obligation
@!!id:389
@!!loc:459:10:459:12
@!!status:proved
@!!prover:smt
@!!meth:time-limit: 30; time-used: 1.4 (5%)
@!!already:false
@!!END

@!!BEGIN
@!!type:obligation
@!!id:381
@!!loc:405:3:405:5
@!!status:proved
@!!prover:smt
@!!meth:time-limit: 30; time-used: 4.0 (13%)
@!!already:false
@!!END

@!!BEGIN
@!!type:obligation
@!!id:393
@!!loc:417:3:417:5
@!!status:proved
@!!prover:smt
@!!meth:time-limit: 30; time-used: 2.7 (9%)
@!!already:false
@!!END

@!!BEGIN
@!!type:obligation
@!!id:384
@!!loc:406:15:406:17
@!!status:being proved
@!!prover:smt
@!!meth:time-limit: 30
@!!obl:
ASSUME NEW CONSTANT Nil,
       NEW CONSTANT Paths,
       NEW CONSTANT Free,
       NEW CONSTANT Writers,
       NEW CONSTANT MaxMint,
       NEW CONSTANT MaxUI,
       NEW CONSTANT MaxRemovals,
       NEW CONSTANT MaxBarriers,
       NEW CONSTANT MaxRestarts,
       NEW CONSTANT MaxSyncs,
       NEW CONSTANT MaxAges,
       NEW CONSTANT MaxCopies,
       NEW CONSTANT CommitSurfacesForeign,
       NEW CONSTANT CommitVerifiesUploads,
       NEW CONSTANT SweepUnderLease,
       NEW CONSTANT CollectorSparesCited,
       NEW CONSTANT CommitRecordsDeleteOverride,
       NEW CONSTANT DeleteWinsPreserved,
       NEW CONSTANT ContentConverges,
       NEW CONSTANT RecheckSkipped,
       NEW CONSTANT CommitAdvanceGuarded,
       NEW CONSTANT RetireAge,
       NEW CONSTANT GatewayIgnoresLease,
       NEW CONSTANT GatewayJudgesRead,
       NEW CONSTANT GatewaySweepGrace,
       NEW CONSTANT RenameAtomic,
       NEW CONSTANT Scopes,
       NEW CONSTANT MaxRescopes,
       NEW CONSTANT ConsumeHonorsScope,
       NEW CONSTANT RescopeUnciteFirst,
       NEW CONSTANT RescopeKeepsDirty,
       NEW CONSTANT WidenKeepsLocal,
       NEW CONSTANT UnlinkChecksBytes,
       NEW CONSTANT MaxFetchFails,
       NEW CONSTANT ConsumeKeepsLeft,
       NEW CONSTANT SyncKeepsLeft,
       NEW CONSTANT Readers,
       NEW CONSTANT ReaderRechecksOwed,
       NEW VARIABLE live,
       NEW VARIABLE minted,
       NEW VARIABLE doc,
       NEW VARIABLE seq,
       NEW VARIABLE tomb,
       NEW VARIABLE base,
       NEW VARIABLE acked,
       NEW VARIABLE conflicts,
       NEW VARIABLE holder,
       NEW VARIABLE nextGen,
       NEW VARIABLE ui,
       NEW VARIABLE reqs,
       NEW VARIABLE barriers,
       NEW VARIABLE w,
       NEW VARIABLE took,
       NEW VARIABLE gw,
       NEW VARIABLE mv,
       NEW VARIABLE udel,
       NEW VARIABLE restarts,
       NEW VARIABLE syncs,
       NEW VARIABLE regressed,
       NEW VARIABLE rescopes,
       NEW VARIABLE fails,
       NEW VARIABLE upped,
       NEW VARIABLE copies,
       NEW VARIABLE orig,
       NEW VARIABLE retiring,
       NEW VARIABLE aged,
       NEW VARIABLE ages,
       NEW VARIABLE rdoc,
       NEW VARIABLE rlag,
       NEW VARIABLE anc,
       (/\ live \subseteq Handles /\ minted \subseteq Handles
           /\ live \subseteq minted
        /\ doc \in [Paths -> Handles \cup {Nil}]
        /\ seq \in Nat
        /\ tomb \in [Paths -> Handles \cup {Nil}]
        /\ base \in [Handles -> Handles \cup {Nil}]
        /\ acked \subseteq Paths \X Handles
        /\ conflicts \subseteq Paths \X (Handles \cup {Nil})
        /\ holder \in Writers \cup {"none"}
        /\ nextGen \in Nat /\ ui \in Nat /\ reqs \in Nat /\ barriers \in Nat
        /\ w \in [Writers -> Writer]
        /\ took \in [Writers -> [Paths -> SUBSET Gens]]
        /\ gw \in [Paths -> Handles \cup {Nil}]
        /\ mv \in Paths \X Handles \cup {Nil}
        /\ udel \subseteq Paths \X Handles
        /\ restarts \in Nat /\ syncs \in Nat /\ regressed \in BOOLEAN
           /\ rescopes \in Nat /\ fails \in Nat
        /\ retiring \subseteq Handles /\ aged \subseteq Handles
           /\ ages \in Nat
        /\ rdoc \in [Paths -> Handles \cup {Nil}] /\ rlag \in BOOLEAN
        /\ anc \in [Handles -> SUBSET Handles])
       /\ (upped \subseteq Handles /\ copies \in Nat
           /\ orig \in [Handles -> Handles \cup {Nil}])
       /\ mv = Nil /\ nextGen > Seed
       /\ (/\ \A p \in Paths : doc[p] \in minted \cup {Nil}
           /\ \A p \in Paths : gw[p] \in minted \cup {Nil}
           /\ \A s \in Writers, p \in Paths :
                 (w[s].local)[p] \in minted \cup {Nil}
           /\ \A s \in Writers :
                 \A p \in w[s].uploads : (w[s].snap)[p] \in minted) ,
       NEW CONSTANT s \in Writers,
       Skip(s) ,
       Frame ,
       w[s] \in Writer ,
       /\ w' = [w EXCEPT ![s] = SkipW(s)]
       /\ barriers' = barriers + 1
       /\ UNCHANGED <<live, minted, doc, seq, tomb, base, acked, conflicts,
                      holder, gw, mv, udel, nextGen, ui, reqs, restarts,
                      syncs, regressed, rescopes, fails, upped, copies,
                      orig>> ,
       w' \in [Writers -> Writer] ,
       /\ \A q \in Paths :
             (SkipW(s).local)[q] \in minted \cup {Nil}
             /\ SkipW(s).uploads = w[s].uploads /\ SkipW(s).snap = w[s].snap 
PROVE  (/\ \A p \in Paths : doc[p] \in minted \cup {Nil}
        /\ \A p \in Paths : gw[p] \in minted \cup {Nil}
        /\ \A s_1 \in Writers, p \in Paths :
              (w[s_1].local)[p] \in minted \cup {Nil}
        /\ \A s_1 \in Writers :
              \A p \in w[s_1].uploads : (w[s_1].snap)[p] \in minted)'

@!!END

@!!BEGIN
@!!type:obligation
@!!id:395
@!!loc:433:12:433:14
@!!status:proved
@!!prover:smt
@!!meth:time-limit: 30
@!!already:true
@!!END

@!!BEGIN
@!!type:obligation
@!!id:396
@!!loc:433:15:433:19
@!!status:trivial
@!!prover:tlapm
@!!already:false
@!!END

@!!BEGIN
@!!type:obligation
@!!id:397
@!!loc:433:21:433:25
@!!status:trivial
@!!prover:tlapm
@!!already:false
@!!END

@!!BEGIN
@!!type:obligation
@!!id:398
@!!loc:433:27:433:31
@!!status:trivial
@!!prover:tlapm
@!!already:false
@!!END

@!!BEGIN
@!!type:obligation
@!!id:394
@!!loc:418:37:418:39
@!!status:proved
@!!prover:smt
@!!meth:time-limit: 30; time-used: 5.0 (17%)
@!!already:false
@!!END

@!!BEGIN
@!!type:obligation
@!!id:400
@!!loc:423:8:423:12
@!!status:trivial
@!!prover:tlapm
@!!already:false
@!!END

@!!BEGIN
@!!type:obligation
@!!id:399
@!!loc:423:5:423:7
@!!status:proved
@!!prover:smt
@!!meth:time-limit: 30; time-used: 28.1 (94%)
@!!already:false
@!!END

@!!BEGIN
@!!type:obligation
@!!id:384
@!!loc:406:15:406:17
@!!status:failed
@!!prover:smt
@!!meth:time-limit: 30; time-used: 38.5 (128%)
@!!reason:timeout
@!!already:false
@!!obl:
ASSUME NEW CONSTANT Nil,
       NEW CONSTANT Paths,
       NEW CONSTANT Free,
       NEW CONSTANT Writers,
       NEW CONSTANT MaxMint,
       NEW CONSTANT MaxUI,
       NEW CONSTANT MaxRemovals,
       NEW CONSTANT MaxBarriers,
       NEW CONSTANT MaxRestarts,
       NEW CONSTANT MaxSyncs,
       NEW CONSTANT MaxAges,
       NEW CONSTANT MaxCopies,
       NEW CONSTANT CommitSurfacesForeign,
       NEW CONSTANT CommitVerifiesUploads,
       NEW CONSTANT SweepUnderLease,
       NEW CONSTANT CollectorSparesCited,
       NEW CONSTANT CommitRecordsDeleteOverride,
       NEW CONSTANT DeleteWinsPreserved,
       NEW CONSTANT ContentConverges,
       NEW CONSTANT RecheckSkipped,
       NEW CONSTANT CommitAdvanceGuarded,
       NEW CONSTANT RetireAge,
       NEW CONSTANT GatewayIgnoresLease,
       NEW CONSTANT GatewayJudgesRead,
       NEW CONSTANT GatewaySweepGrace,
       NEW CONSTANT RenameAtomic,
       NEW CONSTANT Scopes,
       NEW CONSTANT MaxRescopes,
       NEW CONSTANT ConsumeHonorsScope,
       NEW CONSTANT RescopeUnciteFirst,
       NEW CONSTANT RescopeKeepsDirty,
       NEW CONSTANT WidenKeepsLocal,
       NEW CONSTANT UnlinkChecksBytes,
       NEW CONSTANT MaxFetchFails,
       NEW CONSTANT ConsumeKeepsLeft,
       NEW CONSTANT SyncKeepsLeft,
       NEW CONSTANT Readers,
       NEW CONSTANT ReaderRechecksOwed,
       NEW VARIABLE live,
       NEW VARIABLE minted,
       NEW VARIABLE doc,
       NEW VARIABLE seq,
       NEW VARIABLE tomb,
       NEW VARIABLE base,
       NEW VARIABLE acked,
       NEW VARIABLE conflicts,
       NEW VARIABLE holder,
       NEW VARIABLE nextGen,
       NEW VARIABLE ui,
       NEW VARIABLE reqs,
       NEW VARIABLE barriers,
       NEW VARIABLE w,
       NEW VARIABLE took,
       NEW VARIABLE gw,
       NEW VARIABLE mv,
       NEW VARIABLE udel,
       NEW VARIABLE restarts,
       NEW VARIABLE syncs,
       NEW VARIABLE regressed,
       NEW VARIABLE rescopes,
       NEW VARIABLE fails,
       NEW VARIABLE upped,
       NEW VARIABLE copies,
       NEW VARIABLE orig,
       NEW VARIABLE retiring,
       NEW VARIABLE aged,
       NEW VARIABLE ages,
       NEW VARIABLE rdoc,
       NEW VARIABLE rlag,
       NEW VARIABLE anc,
       (/\ live \subseteq Handles /\ minted \subseteq Handles
           /\ live \subseteq minted
        /\ doc \in [Paths -> Handles \cup {Nil}]
        /\ seq \in Nat
        /\ tomb \in [Paths -> Handles \cup {Nil}]
        /\ base \in [Handles -> Handles \cup {Nil}]
        /\ acked \subseteq Paths \X Handles
        /\ conflicts \subseteq Paths \X (Handles \cup {Nil})
        /\ holder \in Writers \cup {"none"}
        /\ nextGen \in Nat /\ ui \in Nat /\ reqs \in Nat /\ barriers \in Nat
        /\ w \in [Writers -> Writer]
        /\ took \in [Writers -> [Paths -> SUBSET Gens]]
        /\ gw \in [Paths -> Handles \cup {Nil}]
        /\ mv \in Paths \X Handles \cup {Nil}
        /\ udel \subseteq Paths \X Handles
        /\ restarts \in Nat /\ syncs \in Nat /\ regressed \in BOOLEAN
           /\ rescopes \in Nat /\ fails \in Nat
        /\ retiring \subseteq Handles /\ aged \subseteq Handles
           /\ ages \in Nat
        /\ rdoc \in [Paths -> Handles \cup {Nil}] /\ rlag \in BOOLEAN
        /\ anc \in [Handles -> SUBSET Handles])
       /\ (upped \subseteq Handles /\ copies \in Nat
           /\ orig \in [Handles -> Handles \cup {Nil}])
       /\ mv = Nil /\ nextGen > Seed
       /\ (/\ \A p \in Paths : doc[p] \in minted \cup {Nil}
           /\ \A p \in Paths : gw[p] \in minted \cup {Nil}
           /\ \A s \in Writers, p \in Paths :
                 (w[s].local)[p] \in minted \cup {Nil}
           /\ \A s \in Writers :
                 \A p \in w[s].uploads : (w[s].snap)[p] \in minted) ,
       NEW CONSTANT s \in Writers,
       Skip(s) ,
       Frame ,
       w[s] \in Writer ,
       /\ w' = [w EXCEPT ![s] = SkipW(s)]
       /\ barriers' = barriers + 1
       /\ UNCHANGED <<live, minted, doc, seq, tomb, base, acked, conflicts,
                      holder, gw, mv, udel, nextGen, ui, reqs, restarts,
                      syncs, regressed, rescopes, fails, upped, copies,
                      orig>> ,
       w' \in [Writers -> Writer] ,
       /\ \A q \in Paths :
             (SkipW(s).local)[q] \in minted \cup {Nil}
             /\ SkipW(s).uploads = w[s].uploads /\ SkipW(s).snap = w[s].snap 
PROVE  (/\ \A p \in Paths : doc[p] \in minted \cup {Nil}
        /\ \A p \in Paths : gw[p] \in minted \cup {Nil}
        /\ \A s_1 \in Writers, p \in Paths :
              (w[s_1].local)[p] \in minted \cup {Nil}
        /\ \A s_1 \in Writers :
              \A p \in w[s_1].uploads : (w[s_1].snap)[p] \in minted)'

@!!END

@!!BEGIN
@!!type:obligation
@!!id:402
@!!loc:424:37:424:41
@!!status:trivial
@!!prover:tlapm
@!!already:false
@!!END

@!!BEGIN
@!!type:obligation
@!!id:403
@!!loc:424:43:424:55
@!!status:trivial
@!!prover:tlapm
@!!already:false
@!!END

@!!BEGIN
@!!type:obligation
@!!id:405
@!!loc:425:39:425:43
@!!status:trivial
@!!prover:tlapm
@!!already:false
@!!END

@!!BEGIN
@!!type:obligation
@!!id:406
@!!loc:425:45:425:49
@!!status:trivial
@!!prover:tlapm
@!!already:false
@!!END

@!!BEGIN
@!!type:obligation
@!!id:404
@!!loc:425:36:425:38
@!!status:proved
@!!prover:smt
@!!meth:time-limit: 30; time-used: 2.7 (9%)
@!!already:false
@!!END

@!!BEGIN
@!!type:obligation
@!!id:401
@!!loc:424:34:424:36
@!!status:proved
@!!prover:smt
@!!meth:time-limit: 30; time-used: 4.1 (14%)
@!!already:false
@!!END

@!!BEGIN
@!!type:obligation
@!!id:408
@!!loc:426:20:426:24
@!!status:trivial
@!!prover:tlapm
@!!already:false
@!!END

@!!BEGIN
@!!type:obligation
@!!id:409
@!!loc:426:26:426:30
@!!status:trivial
@!!prover:tlapm
@!!already:false
@!!END

@!!BEGIN
@!!type:obligation
@!!id:410
@!!loc:426:32:426:36
@!!status:trivial
@!!prover:tlapm
@!!already:false
@!!END

@!!BEGIN
@!!type:obligation
@!!id:411
@!!loc:426:38:426:49
@!!status:trivial
@!!prover:tlapm
@!!already:false
@!!END

@!!BEGIN
@!!type:obligation
@!!id:407
@!!loc:426:17:426:19
@!!status:proved
@!!prover:smt
@!!meth:time-limit: 30; time-used: 4.9 (16%)
@!!already:false
@!!END

@!!BEGIN
@!!type:obligation
@!!id:413
@!!loc:427:20:427:24
@!!status:trivial
@!!prover:tlapm
@!!already:false
@!!END

@!!BEGIN
@!!type:obligation
@!!id:414
@!!loc:427:26:427:30
@!!status:trivial
@!!prover:tlapm
@!!already:false
@!!END

@!!BEGIN
@!!type:obligation
@!!id:415
@!!loc:427:32:427:36
@!!status:trivial
@!!prover:tlapm
@!!already:false
@!!END

@!!BEGIN
@!!type:obligation
@!!id:416
@!!loc:427:38:427:42
@!!status:trivial
@!!prover:tlapm
@!!already:false
@!!END

@!!BEGIN
@!!type:obligation
@!!id:417
@!!loc:427:44:427:48
@!!status:trivial
@!!prover:tlapm
@!!already:false
@!!END

@!!BEGIN
@!!type:obligation
@!!id:412
@!!loc:427:17:427:19
@!!status:proved
@!!prover:smt
@!!meth:time-limit: 30; time-used: 4.1 (14%)
@!!already:false
@!!END

@!!BEGIN
@!!type:obligation
@!!id:419
@!!loc:428:52:428:56
@!!status:trivial
@!!prover:tlapm
@!!already:false
@!!END

@!!BEGIN
@!!type:obligation
@!!id:420
@!!loc:428:58:428:62
@!!status:trivial
@!!prover:tlapm
@!!already:false
@!!END

@!!BEGIN
@!!type:obligation
@!!id:421
@!!loc:428:64:428:68
@!!status:trivial
@!!prover:tlapm
@!!already:false
@!!END

@!!BEGIN
@!!type:obligation
@!!id:418
@!!loc:428:49:428:51
@!!status:proved
@!!prover:smt
@!!meth:time-limit: 30; time-used: 6.8 (23%)
@!!already:false
@!!END

@!!BEGIN
@!!type:obligation
@!!id:424
@!!loc:432:20:432:24
@!!status:trivial
@!!prover:tlapm
@!!already:false
@!!END

@!!BEGIN
@!!type:obligation
@!!id:425
@!!loc:432:26:432:30
@!!status:trivial
@!!prover:tlapm
@!!already:false
@!!END

@!!BEGIN
@!!type:obligation
@!!id:426
@!!loc:432:32:432:36
@!!status:trivial
@!!prover:tlapm
@!!already:false
@!!END

@!!BEGIN
@!!type:obligation
@!!id:427
@!!loc:432:38:432:42
@!!status:trivial
@!!prover:tlapm
@!!already:false
@!!END

@!!BEGIN
@!!type:obligation
@!!id:428
@!!loc:432:44:432:48
@!!status:trivial
@!!prover:tlapm
@!!already:false
@!!END

@!!BEGIN
@!!type:obligation
@!!id:429
@!!loc:458:12:458:14
@!!status:proved
@!!prover:smt
@!!meth:time-limit: 30
@!!already:true
@!!END

@!!BEGIN
@!!type:obligation
@!!id:430
@!!loc:458:15:458:19
@!!status:trivial
@!!prover:tlapm
@!!already:false
@!!END

@!!BEGIN
@!!type:obligation
@!!id:431
@!!loc:458:21:458:26
@!!status:trivial
@!!prover:tlapm
@!!already:false
@!!END

@!!BEGIN
@!!type:obligation
@!!id:432
@!!loc:458:28:458:33
@!!status:trivial
@!!prover:tlapm
@!!already:false
@!!END

@!!BEGIN
@!!type:obligation
@!!id:423
@!!loc:432:17:432:19
@!!status:proved
@!!prover:smt
@!!meth:time-limit: 30; time-used: 2.4 (8%)
@!!already:false
@!!END

@!!BEGIN
@!!type:obligation
@!!id:422
@!!loc:431:5:431:7
@!!status:proved
@!!prover:smt
@!!meth:time-limit: 30; time-used: 3.3 (11%)
@!!already:false
@!!END

@!!BEGIN
@!!type:obligation
@!!id:434
@!!loc:442:8:442:12
@!!status:trivial
@!!prover:tlapm
@!!already:false
@!!END

@!!BEGIN
@!!type:obligation
@!!id:436
@!!loc:443:26:443:30
@!!status:trivial
@!!prover:tlapm
@!!already:false
@!!END

@!!BEGIN
@!!type:obligation
@!!id:437
@!!loc:443:32:443:42
@!!status:trivial
@!!prover:tlapm
@!!already:false
@!!END

@!!BEGIN
@!!type:obligation
@!!id:439
@!!loc:444:40:444:44
@!!status:trivial
@!!prover:tlapm
@!!already:false
@!!END

@!!BEGIN
@!!type:obligation
@!!id:438
@!!loc:444:37:444:39
@!!status:proved
@!!prover:smt
@!!meth:time-limit: 30; time-used: 12.5 (42%)
@!!already:false
@!!END

@!!BEGIN
@!!type:obligation
@!!id:435
@!!loc:443:23:443:25
@!!status:proved
@!!prover:smt
@!!meth:time-limit: 30; time-used: 13.7 (46%)
@!!already:false
@!!END

@!!BEGIN
@!!type:obligation
@!!id:433
@!!loc:442:5:442:7
@!!status:proved
@!!prover:smt
@!!meth:time-limit: 30; time-used: 14.7 (49%)
@!!already:false
@!!END

@!!BEGIN
@!!type:obligation
@!!id:441
@!!loc:445:44:445:48
@!!status:trivial
@!!prover:tlapm
@!!already:false
@!!END

@!!BEGIN
@!!type:obligation
@!!id:442
@!!loc:445:50:445:54
@!!status:trivial
@!!prover:tlapm
@!!already:false
@!!END

@!!BEGIN
@!!type:obligation
@!!id:443
@!!loc:445:56:445:68
@!!status:trivial
@!!prover:tlapm
@!!already:false
@!!END

@!!BEGIN
@!!type:obligation
@!!id:445
@!!loc:446:39:446:43
@!!status:trivial
@!!prover:tlapm
@!!already:false
@!!END

@!!BEGIN
@!!type:obligation
@!!id:446
@!!loc:446:45:446:49
@!!status:trivial
@!!prover:tlapm
@!!already:false
@!!END

@!!BEGIN
@!!type:obligation
@!!id:448
@!!loc:448:8:448:12
@!!status:trivial
@!!prover:tlapm
@!!already:false
@!!END

@!!BEGIN
@!!type:obligation
@!!id:449
@!!loc:448:14:448:18
@!!status:trivial
@!!prover:tlapm
@!!already:false
@!!END

@!!BEGIN
@!!type:obligation
@!!id:450
@!!loc:448:20:448:24
@!!status:trivial
@!!prover:tlapm
@!!already:false
@!!END

@!!BEGIN
@!!type:obligation
@!!id:447
@!!loc:448:5:448:7
@!!status:proved
@!!prover:smt
@!!meth:time-limit: 30; time-used: 0.5 (2%)
@!!already:false
@!!END

@!!BEGIN
@!!type:obligation
@!!id:444
@!!loc:446:36:446:38
@!!status:proved
@!!prover:smt
@!!meth:time-limit: 30; time-used: 1.8 (6%)
@!!already:false
@!!END

@!!BEGIN
@!!type:obligation
@!!id:440
@!!loc:445:41:445:43
@!!status:proved
@!!prover:smt
@!!meth:time-limit: 30; time-used: 3.1 (10%)
@!!already:false
@!!END

@!!BEGIN
@!!type:obligation
@!!id:451
@!!loc:448:26:448:30
@!!status:trivial
@!!prover:tlapm
@!!already:false
@!!END

@!!BEGIN
@!!type:obligation
@!!id:453
@!!loc:449:45:449:49
@!!status:trivial
@!!prover:tlapm
@!!already:false
@!!END

@!!BEGIN
@!!type:obligation
@!!id:455
@!!loc:450:20:450:24
@!!status:trivial
@!!prover:tlapm
@!!already:false
@!!END

@!!BEGIN
@!!type:obligation
@!!id:456
@!!loc:450:26:450:30
@!!status:trivial
@!!prover:tlapm
@!!already:false
@!!END

@!!BEGIN
@!!type:obligation
@!!id:457
@!!loc:450:32:450:36
@!!status:trivial
@!!prover:tlapm
@!!already:false
@!!END

@!!BEGIN
@!!type:obligation
@!!id:458
@!!loc:450:38:450:49
@!!status:trivial
@!!prover:tlapm
@!!already:false
@!!END

@!!BEGIN
@!!type:obligation
@!!id:454
@!!loc:450:17:450:19
@!!status:proved
@!!prover:smt
@!!meth:time-limit: 30; time-used: 5.0 (17%)
@!!already:false
@!!END

@!!BEGIN
@!!type:obligation
@!!id:452
@!!loc:449:42:449:44
@!!status:proved
@!!prover:smt
@!!meth:time-limit: 30; time-used: 5.9 (20%)
@!!already:false
@!!END

@!!BEGIN
@!!type:obligation
@!!id:460
@!!loc:451:20:451:24
@!!status:trivial
@!!prover:tlapm
@!!already:false
@!!END

@!!BEGIN
@!!type:obligation
@!!id:461
@!!loc:451:26:451:30
@!!status:trivial
@!!prover:tlapm
@!!already:false
@!!END

@!!BEGIN
@!!type:obligation
@!!id:462
@!!loc:451:32:451:36
@!!status:trivial
@!!prover:tlapm
@!!already:false
@!!END

@!!BEGIN
@!!type:obligation
@!!id:463
@!!loc:451:38:451:42
@!!status:trivial
@!!prover:tlapm
@!!already:false
@!!END

@!!BEGIN
@!!type:obligation
@!!id:464
@!!loc:451:44:451:48
@!!status:trivial
@!!prover:tlapm
@!!already:false
@!!END

@!!BEGIN
@!!type:obligation
@!!id:465
@!!loc:451:50:451:54
@!!status:trivial
@!!prover:tlapm
@!!already:false
@!!END

@!!BEGIN
@!!type:obligation
@!!id:466
@!!loc:451:56:451:60
@!!status:trivial
@!!prover:tlapm
@!!already:false
@!!END

@!!BEGIN
@!!type:obligation
@!!id:459
@!!loc:451:17:451:19
@!!status:proved
@!!prover:smt
@!!meth:time-limit: 30; time-used: 3.2 (11%)
@!!already:false
@!!END

@!!BEGIN
@!!type:obligation
@!!id:468
@!!loc:452:53:452:57
@!!status:trivial
@!!prover:tlapm
@!!already:false
@!!END

@!!BEGIN
@!!type:obligation
@!!id:469
@!!loc:452:59:452:63
@!!status:trivial
@!!prover:tlapm
@!!already:false
@!!END

@!!BEGIN
@!!type:obligation
@!!id:470
@!!loc:452:65:452:69
@!!status:trivial
@!!prover:tlapm
@!!already:false
@!!END

@!!BEGIN
@!!type:obligation
@!!id:471
@!!loc:452:71:452:75
@!!status:trivial
@!!prover:tlapm
@!!already:false
@!!END

@!!BEGIN
@!!type:obligation
@!!id:472
@!!loc:456:5:456:7
@!!status:failed
@!!prover:smt
@!!meth:time-limit: 30; time-used: 30.0 (100%)
@!!reason:internal timeout
@!!already:false
@!!obl:
\* internal timeout while processing obligation
ASSUME NEW CONSTANT Nil,
       NEW CONSTANT Paths,
       NEW CONSTANT Free,
       NEW CONSTANT Writers,
       NEW CONSTANT MaxMint,
       NEW CONSTANT MaxUI,
       NEW CONSTANT MaxRemovals,
       NEW CONSTANT MaxBarriers,
       NEW CONSTANT MaxRestarts,
       NEW CONSTANT MaxSyncs,
       NEW CONSTANT MaxAges,
       NEW CONSTANT MaxCopies,
       NEW CONSTANT CommitSurfacesForeign,
       NEW CONSTANT CommitVerifiesUploads,
       NEW CONSTANT SweepUnderLease,
       NEW CONSTANT CollectorSparesCited,
       NEW CONSTANT CommitRecordsDeleteOverride,
       NEW CONSTANT DeleteWinsPreserved,
       NEW CONSTANT ContentConverges,
       NEW CONSTANT RecheckSkipped,
       NEW CONSTANT CommitAdvanceGuarded,
       NEW CONSTANT RetireAge,
       NEW CONSTANT GatewayIgnoresLease,
       NEW CONSTANT GatewayJudgesRead,
       NEW CONSTANT GatewaySweepGrace,
       NEW CONSTANT RenameAtomic,
       NEW CONSTANT Scopes,
       NEW CONSTANT MaxRescopes,
       NEW CONSTANT ConsumeHonorsScope,
       NEW CONSTANT RescopeUnciteFirst,
       NEW CONSTANT RescopeKeepsDirty,
       NEW CONSTANT WidenKeepsLocal,
       NEW CONSTANT UnlinkChecksBytes,
       NEW CONSTANT MaxFetchFails,
       NEW CONSTANT ConsumeKeepsLeft,
       NEW CONSTANT SyncKeepsLeft,
       NEW CONSTANT Readers,
       NEW CONSTANT ReaderRechecksOwed,
       Opt(S) == S \cup {Nil},
       NEW VARIABLE live,
       NEW VARIABLE minted,
       NEW VARIABLE doc,
       NEW VARIABLE seq,
       NEW VARIABLE tomb,
       NEW VARIABLE base,
       NEW VARIABLE acked,
       NEW VARIABLE conflicts,
       NEW VARIABLE holder,
       NEW VARIABLE nextGen,
       NEW VARIABLE ui,
       NEW VARIABLE reqs,
       NEW VARIABLE barriers,
       NEW VARIABLE w,
       NEW VARIABLE took,
       NEW VARIABLE gw,
       NEW VARIABLE mv,
       NEW VARIABLE udel,
       NEW VARIABLE restarts,
       NEW VARIABLE syncs,
       NEW VARIABLE regressed,
       NEW VARIABLE rescopes,
       NEW VARIABLE fails,
       NEW VARIABLE upped,
       NEW VARIABLE copies,
       NEW VARIABLE orig,
       NEW VARIABLE retiring,
       NEW VARIABLE aged,
       NEW VARIABLE ages,
       NEW VARIABLE rdoc,
       NEW VARIABLE rlag,
       NEW VARIABLE anc,
       TypeOK ==
         /\ live \subseteq Handles /\ minted \subseteq Handles
            /\ live \subseteq minted
         /\ doc \in [Paths -> Opt(Handles)]
         /\ seq \in Nat
         /\ tomb \in [Paths -> Opt(Handles)]
         /\ base \in [Handles -> Opt(Handles)]
         /\ acked \subseteq Paths \X Handles
         /\ conflicts \subseteq Paths \X Opt(Handles)
         /\ holder \in Writers \cup {"none"}
         /\ nextGen \in Nat /\ ui \in Nat /\ reqs \in Nat /\ barriers \in Nat
         /\ w \in [Writers -> Writer]
         /\ took \in [Writers -> [Paths -> SUBSET Gens]]
         /\ gw \in [Paths -> Opt(Handles)]
         /\ mv \in Opt(Paths \X Handles)
         /\ udel \subseteq Paths \X Handles
         /\ restarts \in Nat /\ syncs \in Nat /\ regressed \in BOOLEAN
            /\ rescopes \in Nat /\ fails \in Nat
         /\ retiring \subseteq Handles /\ aged \subseteq Handles
            /\ ages \in Nat
         /\ rdoc \in [Paths -> Opt(Handles)] /\ rlag \in BOOLEAN
         /\ anc \in [Handles -> SUBSET Handles],
       UploadCopyW(s, p, c) ==
         [st |-> w[s].st, pc |-> w[s].pc,
          local |-> [w[s].local EXCEPT
                       ![p] = IF (w[s].local)[p] = (w[s].snap)[p]
                                THEN c
                                ELSE (w[s].local)[p]],
          baseline |-> w[s].baseline, integrated |-> w[s].integrated,
          uploads |-> w[s].uploads, deletes |-> w[s].deletes,
          snap |-> [w[s].snap EXCEPT ![p] = c],
          upDone |-> w[s].upDone \cup {p}, gone |-> w[s].gone,
          verified |-> w[s].verified, inst |-> w[s].inst,
          retire |-> w[s].retire, collected |-> w[s].collected,
          adv |-> w[s].adv, synced |-> w[s].synced, derived |-> w[s].derived,
          skipped |-> w[s].skipped, scope |-> w[s].scope,
          sStage |-> w[s].sStage, sTgt |-> w[s].sTgt, sDrop |-> w[s].sDrop,
          sKeep |-> w[s].sKeep, sHeld |-> w[s].sHeld,
          unlinked |-> w[s].unlinked, memo |-> w[s].memo, rnow |-> w[s].rnow],
       ShippedShape == Shipped,
       FreePaths == Free \subseteq Paths,
       MaxMintNat == MaxMint \in Nat /\ MaxMint >= 1,
       ScopesPaths == Scopes \subseteq SUBSET Paths /\ Scopes # {},
       ReadersWriters == Readers \subseteq Writers,
       NilHandle == Nil \notin Handles,
       NoneWriter == "none" \notin Writers,
       MaxCopiesNat == MaxCopies \in Nat,
       PathsFinite == IsFiniteSet(Paths),
       Ghosts ==
         upped \subseteq Handles /\ copies \in Nat
         /\ orig \in [Handles -> Opt(Handles)],
       Minted ==
         /\ \A p \in Paths : doc[p] \in Opt(minted)
         /\ \A p \in Paths : gw[p] \in Opt(minted)
         /\ \A s \in Writers, p \in Paths : (w[s].local)[p] \in Opt(minted)
         /\ \A s \in Writers :
               \A p \in w[s].uploads : (w[s].snap)[p] \in minted,
       IndTypeOK == TypeOK /\ Ghosts /\ mv = Nil /\ nextGen > Seed /\ Minted,
       IndTypeOK ,
       NEW CONSTANT s \in Writers,
       NEW CONSTANT p \in Paths,
       Upload(s, p) ,
       Frame ,
       h == (w[s].snap)[p],
       c == <<p, MaxMint + copies + 1>>,
       <1>0 ,
       <1>2 ,
       <2>1 ,
       <2>2 ,
       WriterFields 
PROVE  /\ \A q \in Paths : (UploadCopyW(s, p, c).local)[q] \in Opt(minted')
       /\ UploadCopyW(s, p, c).uploads = w[s].uploads
       /\ \A q \in w[s].uploads : (UploadCopyW(s, p, c).snap)[q] \in minted'

@!!END

@!!BEGIN
@!!type:obligation
@!!id:467
@!!loc:452:50:452:52
@!!status:proved
@!!prover:smt
@!!meth:time-limit: 30; time-used: 32.9 (110%)
@!!already:false
@!!END

@!!BEGIN
@!!type:obligation
@!!id:473
@!!loc:456:8:456:12
@!!status:trivial
@!!prover:tlapm
@!!already:false
@!!END

@!!BEGIN
@!!type:obligation
@!!id:474
@!!loc:456:14:456:18
@!!status:trivial
@!!prover:tlapm
@!!already:false
@!!END

@!!BEGIN
@!!type:obligation
@!!id:475
@!!loc:456:20:456:24
@!!status:trivial
@!!prover:tlapm
@!!already:false
@!!END

@!!BEGIN
@!!type:obligation
@!!id:476
@!!loc:456:26:456:30
@!!status:trivial
@!!prover:tlapm
@!!already:false
@!!END

@!!BEGIN
@!!type:obligation
@!!id:477
@!!loc:456:32:456:44
@!!status:trivial
@!!prover:tlapm
@!!already:false
@!!END

@!!BEGIN
@!!type:obligation
@!!id:479
@!!loc:457:21:457:25
@!!status:trivial
@!!prover:tlapm
@!!already:false
@!!END

@!!BEGIN
@!!type:obligation
@!!id:480
@!!loc:457:27:457:31
@!!status:trivial
@!!prover:tlapm
@!!already:false
@!!END

@!!BEGIN
@!!type:obligation
@!!id:481
@!!loc:457:33:457:37
@!!status:trivial
@!!prover:tlapm
@!!already:false
@!!END

@!!BEGIN
@!!type:obligation
@!!id:482
@!!loc:457:39:457:43
@!!status:trivial
@!!prover:tlapm
@!!already:false
@!!END

@!!BEGIN
@!!type:obligation
@!!id:483
@!!loc:457:45:457:50
@!!status:trivial
@!!prover:tlapm
@!!already:false
@!!END

@!!BEGIN
@!!type:obligation
@!!id:484
@!!loc:483:10:483:12
@!!status:proved
@!!prover:smt
@!!meth:time-limit: 30
@!!already:true
@!!END

@!!BEGIN
@!!type:obligation
@!!id:485
@!!loc:483:13:483:17
@!!status:trivial
@!!prover:tlapm
@!!already:false
@!!END

@!!BEGIN
@!!type:obligation
@!!id:486
@!!loc:483:19:483:23
@!!status:trivial
@!!prover:tlapm
@!!already:false
@!!END

@!!BEGIN
@!!type:obligation
@!!id:487
@!!loc:483:25:483:29
@!!status:trivial
@!!prover:tlapm
@!!already:false
@!!END

@!!BEGIN
@!!type:obligation
@!!id:488
@!!loc:468:23:468:30
@!!status:proved
@!!prover:smt
@!!meth:time-limit: 30
@!!already:true
@!!END

@!!BEGIN
@!!type:obligation
@!!id:490
@!!loc:474:31:474:33
@!!status:failed
@!!prover:smt
@!!meth:time-limit: 30; time-used: 30.0 (100%)
@!!reason:internal timeout
@!!already:false
@!!obl:
\* internal timeout while processing obligation
ASSUME NEW CONSTANT Nil,
       NEW CONSTANT Paths,
       NEW CONSTANT Free,
       NEW CONSTANT Writers,
       NEW CONSTANT MaxMint,
       NEW CONSTANT MaxUI,
       NEW CONSTANT MaxRemovals,
       NEW CONSTANT MaxBarriers,
       NEW CONSTANT MaxRestarts,
       NEW CONSTANT MaxSyncs,
       NEW CONSTANT MaxAges,
       NEW CONSTANT MaxCopies,
       NEW CONSTANT CommitSurfacesForeign,
       NEW CONSTANT CommitVerifiesUploads,
       NEW CONSTANT SweepUnderLease,
       NEW CONSTANT CollectorSparesCited,
       NEW CONSTANT CommitRecordsDeleteOverride,
       NEW CONSTANT DeleteWinsPreserved,
       NEW CONSTANT ContentConverges,
       NEW CONSTANT RecheckSkipped,
       NEW CONSTANT CommitAdvanceGuarded,
       NEW CONSTANT RetireAge,
       NEW CONSTANT GatewayIgnoresLease,
       NEW CONSTANT GatewayJudgesRead,
       NEW CONSTANT GatewaySweepGrace,
       NEW CONSTANT RenameAtomic,
       NEW CONSTANT Scopes,
       NEW CONSTANT MaxRescopes,
       NEW CONSTANT ConsumeHonorsScope,
       NEW CONSTANT RescopeUnciteFirst,
       NEW CONSTANT RescopeKeepsDirty,
       NEW CONSTANT WidenKeepsLocal,
       NEW CONSTANT UnlinkChecksBytes,
       NEW CONSTANT MaxFetchFails,
       NEW CONSTANT ConsumeKeepsLeft,
       NEW CONSTANT SyncKeepsLeft,
       NEW CONSTANT Readers,
       NEW CONSTANT ReaderRechecksOwed,
       Opt(S) == S \cup {Nil},
       NEW VARIABLE live,
       NEW VARIABLE minted,
       NEW VARIABLE doc,
       NEW VARIABLE seq,
       NEW VARIABLE tomb,
       NEW VARIABLE base,
       NEW VARIABLE acked,
       NEW VARIABLE conflicts,
       NEW VARIABLE holder,
       NEW VARIABLE nextGen,
       NEW VARIABLE ui,
       NEW VARIABLE reqs,
       NEW VARIABLE barriers,
       NEW VARIABLE w,
       NEW VARIABLE took,
       NEW VARIABLE gw,
       NEW VARIABLE mv,
       NEW VARIABLE udel,
       NEW VARIABLE restarts,
       NEW VARIABLE syncs,
       NEW VARIABLE regressed,
       NEW VARIABLE rescopes,
       NEW VARIABLE fails,
       NEW VARIABLE upped,
       NEW VARIABLE copies,
       NEW VARIABLE orig,
       NEW VARIABLE retiring,
       NEW VARIABLE aged,
       NEW VARIABLE ages,
       NEW VARIABLE rdoc,
       NEW VARIABLE rlag,
       NEW VARIABLE anc,
       Writer ==
         [st : {"off", "on"},
          pc : {"idle", "consumed", "scanned", "claimed", "cased", "pulling"},
          local : [Paths -> Opt(Handles)],
          baseline : [Paths -> Opt(Handles)], integrated : SUBSET Gens,
          uploads : SUBSET Paths, deletes : SUBSET Paths,
          snap : [Paths -> Opt(Handles)], upDone : SUBSET Paths,
          gone : SUBSET Paths, verified : BOOLEAN,
          inst : [Paths -> Opt(Handles)], retire : SUBSET Handles,
          collected : BOOLEAN, adv : BOOLEAN, synced : Nat, derived : Nat,
          skipped : SUBSET Paths, scope : SUBSET Paths,
          sStage : {"none", "saved", "mid"}, sTgt : SUBSET Paths,
          sDrop : SUBSET Paths, sKeep : SUBSET Paths,
          sHeld : [Paths -> Opt(Handles)], unlinked : SUBSET Paths,
          memo : Nat, rnow : Nat],
       TypeOK ==
         /\ live \subseteq Handles /\ minted \subseteq Handles
            /\ live \subseteq minted
         /\ doc \in [Paths -> Opt(Handles)]
         /\ seq \in Nat
         /\ tomb \in [Paths -> Opt(Handles)]
         /\ base \in [Handles -> Opt(Handles)]
         /\ acked \subseteq Paths \X Handles
         /\ conflicts \subseteq Paths \X Opt(Handles)
         /\ holder \in Writers \cup {"none"}
         /\ nextGen \in Nat /\ ui \in Nat /\ reqs \in Nat /\ barriers \in Nat
         /\ w \in [Writers -> Writer]
         /\ took \in [Writers -> [Paths -> SUBSET Gens]]
         /\ gw \in [Paths -> Opt(Handles)]
         /\ mv \in Opt(Paths \X Handles)
         /\ udel \subseteq Paths \X Handles
         /\ restarts \in Nat /\ syncs \in Nat /\ regressed \in BOOLEAN
            /\ rescopes \in Nat /\ fails \in Nat
         /\ retiring \subseteq Handles /\ aged \subseteq Handles
            /\ ages \in Nat
         /\ rdoc \in [Paths -> Opt(Handles)] /\ rlag \in BOOLEAN
         /\ anc \in [Handles -> SUBSET Handles],
       PullOnlyW(s) ==
         [st |-> w[s].st, pc |-> "idle", local |-> w[s].local,
          baseline |-> w[s].baseline, integrated |-> w[s].integrated,
          uploads |-> w[s].uploads, deletes |-> w[s].deletes,
          snap |-> [p \in Paths |-> Nil], upDone |-> {}, gone |-> {},
          verified |-> FALSE, inst |-> doc, retire |-> w[s].retire,
          collected |-> w[s].collected, adv |-> w[s].adv, synced |-> seq,
          derived |-> w[s].derived, skipped |-> w[s].skipped,
          scope |-> w[s].scope, sStage |-> w[s].sStage, sTgt |-> w[s].sTgt,
          sDrop |-> w[s].sDrop, sKeep |-> w[s].sKeep, sHeld |-> w[s].sHeld,
          unlinked |-> w[s].unlinked, memo |-> w[s].memo, rnow |-> w[s].rnow],
       ShippedShape == Shipped,
       FreePaths == Free \subseteq Paths,
       MaxMintNat == MaxMint \in Nat /\ MaxMint >= 1,
       ScopesPaths == Scopes \subseteq SUBSET Paths /\ Scopes # {},
       ReadersWriters == Readers \subseteq Writers,
       NilHandle == Nil \notin Handles,
       NoneWriter == "none" \notin Writers,
       MaxCopiesNat == MaxCopies \in Nat,
       PathsFinite == IsFiniteSet(Paths),
       Ghosts ==
         upped \subseteq Handles /\ copies \in Nat
         /\ orig \in [Handles -> Opt(Handles)],
       Minted ==
         /\ \A p \in Paths : doc[p] \in Opt(minted)
         /\ \A p \in Paths : gw[p] \in Opt(minted)
         /\ \A s \in Writers, p \in Paths : (w[s].local)[p] \in Opt(minted)
         /\ \A s \in Writers :
               \A p \in w[s].uploads : (w[s].snap)[p] \in minted,
       IndTypeOK == TypeOK /\ Ghosts /\ mv = Nil /\ nextGen > Seed /\ Minted,
       IndTypeOK ,
       NEW CONSTANT s \in Writers,
       PullOnly(s) ,
       Frame ,
       <1>0 ,
       WriterFields 
PROVE  PullOnlyW(s) \in Writer

@!!END

@!!BEGIN
@!!type:obligation
@!!id:489
@!!loc:473:3:473:5
@!!status:proved
@!!prover:smt
@!!meth:time-limit: 30; time-used: 30.4 (101%)
@!!already:false
@!!END

@!!BEGIN
@!!type:obligation
@!!id:478
@!!loc:457:18:457:20
@!!status:proved
@!!prover:smt
@!!meth:time-limit: 30; time-used: 32.9 (110%)
@!!already:false
@!!END

@!!BEGIN
@!!type:obligation
@!!id:491
@!!loc:474:34:474:38
@!!status:trivial
@!!prover:tlapm
@!!already:false
@!!END

@!!BEGIN
@!!type:obligation
@!!id:492
@!!loc:474:40:474:52
@!!status:trivial
@!!prover:tlapm
@!!already:false
@!!END

@!!BEGIN
@!!type:obligation
@!!id:494
@!!loc:475:37:475:41
@!!status:trivial
@!!prover:tlapm
@!!already:false
@!!END

@!!BEGIN
@!!type:obligation
@!!id:495
@!!loc:475:43:475:47
@!!status:trivial
@!!prover:tlapm
@!!already:false
@!!END

@!!BEGIN
@!!type:obligation
@!!id:497
@!!loc:476:18:476:22
@!!status:trivial
@!!prover:tlapm
@!!already:false
@!!END

@!!BEGIN
@!!type:obligation
@!!id:496
@!!loc:476:15:476:17
@!!status:proved
@!!prover:smt
@!!meth:time-limit: 30; time-used: 0.2 (1%)
@!!already:false
@!!END

@!!BEGIN
@!!type:obligation
@!!id:493
@!!loc:475:34:475:36
@!!status:proved
@!!prover:smt
@!!meth:time-limit: 30; time-used: 3.0 (10%)
@!!already:false
@!!END

@!!BEGIN
@!!type:obligation
@!!id:498
@!!loc:476:24:476:28
@!!status:trivial
@!!prover:tlapm
@!!already:false
@!!END

@!!BEGIN
@!!type:obligation
@!!id:499
@!!loc:476:30:476:41
@!!status:trivial
@!!prover:tlapm
@!!already:false
@!!END

@!!BEGIN
@!!type:obligation
@!!id:501
@!!loc:477:18:477:22
@!!status:trivial
@!!prover:tlapm
@!!already:false
@!!END

@!!BEGIN
@!!type:obligation
@!!id:502
@!!loc:477:24:477:28
@!!status:trivial
@!!prover:tlapm
@!!already:false
@!!END

@!!BEGIN
@!!type:obligation
@!!id:503
@!!loc:477:30:477:34
@!!status:trivial
@!!prover:tlapm
@!!already:false
@!!END

@!!BEGIN
@!!type:obligation
@!!id:505
@!!loc:478:50:478:54
@!!status:trivial
@!!prover:tlapm
@!!already:false
@!!END

@!!BEGIN
@!!type:obligation
@!!id:504
@!!loc:478:47:478:49
@!!status:proved
@!!prover:smt
@!!meth:time-limit: 30; time-used: 12.3 (41%)
@!!already:false
@!!END

@!!BEGIN
@!!type:obligation
@!!id:500
@!!loc:477:15:477:17
@!!status:proved
@!!prover:smt
@!!meth:time-limit: 30; time-used: 13.5 (45%)
@!!already:false
@!!END

@!!BEGIN
@!!type:obligation
@!!id:507
@!!loc:481:6:481:10
@!!status:trivial
@!!prover:tlapm
@!!already:false
@!!END

@!!BEGIN
@!!type:obligation
@!!id:508
@!!loc:481:12:481:24
@!!status:trivial
@!!prover:tlapm
@!!already:false
@!!END

@!!BEGIN
@!!type:obligation
@!!id:506
@!!loc:481:3:481:5
@!!status:being proved
@!!prover:smt
@!!meth:time-limit: 30
@!!obl:
ASSUME NEW CONSTANT Nil,
       NEW CONSTANT Paths,
       NEW CONSTANT Free,
       NEW CONSTANT Writers,
       NEW CONSTANT MaxMint,
       NEW CONSTANT MaxUI,
       NEW CONSTANT MaxRemovals,
       NEW CONSTANT MaxBarriers,
       NEW CONSTANT MaxRestarts,
       NEW CONSTANT MaxSyncs,
       NEW CONSTANT MaxAges,
       NEW CONSTANT MaxCopies,
       NEW CONSTANT CommitSurfacesForeign,
       NEW CONSTANT CommitVerifiesUploads,
       NEW CONSTANT SweepUnderLease,
       NEW CONSTANT CollectorSparesCited,
       NEW CONSTANT CommitRecordsDeleteOverride,
       NEW CONSTANT DeleteWinsPreserved,
       NEW CONSTANT ContentConverges,
       NEW CONSTANT RecheckSkipped,
       NEW CONSTANT CommitAdvanceGuarded,
       NEW CONSTANT RetireAge,
       NEW CONSTANT GatewayIgnoresLease,
       NEW CONSTANT GatewayJudgesRead,
       NEW CONSTANT GatewaySweepGrace,
       NEW CONSTANT RenameAtomic,
       NEW CONSTANT Scopes,
       NEW CONSTANT MaxRescopes,
       NEW CONSTANT ConsumeHonorsScope,
       NEW CONSTANT RescopeUnciteFirst,
       NEW CONSTANT RescopeKeepsDirty,
       NEW CONSTANT WidenKeepsLocal,
       NEW CONSTANT UnlinkChecksBytes,
       NEW CONSTANT MaxFetchFails,
       NEW CONSTANT ConsumeKeepsLeft,
       NEW CONSTANT SyncKeepsLeft,
       NEW CONSTANT Readers,
       NEW CONSTANT ReaderRechecksOwed,
       NEW VARIABLE live,
       NEW VARIABLE minted,
       NEW VARIABLE doc,
       NEW VARIABLE seq,
       NEW VARIABLE tomb,
       NEW VARIABLE base,
       NEW VARIABLE acked,
       NEW VARIABLE conflicts,
       NEW VARIABLE holder,
       NEW VARIABLE nextGen,
       NEW VARIABLE ui,
       NEW VARIABLE reqs,
       NEW VARIABLE barriers,
       NEW VARIABLE w,
       NEW VARIABLE took,
       NEW VARIABLE gw,
       NEW VARIABLE mv,
       NEW VARIABLE udel,
       NEW VARIABLE restarts,
       NEW VARIABLE syncs,
       NEW VARIABLE regressed,
       NEW VARIABLE rescopes,
       NEW VARIABLE fails,
       NEW VARIABLE upped,
       NEW VARIABLE copies,
       NEW VARIABLE orig,
       NEW VARIABLE retiring,
       NEW VARIABLE aged,
       NEW VARIABLE ages,
       NEW VARIABLE rdoc,
       NEW VARIABLE rlag,
       NEW VARIABLE anc,
       (/\ live \subseteq Handles /\ minted \subseteq Handles
           /\ live \subseteq minted
        /\ doc \in [Paths -> Handles \cup {Nil}]
        /\ seq \in Nat
        /\ tomb \in [Paths -> Handles \cup {Nil}]
        /\ base \in [Handles -> Handles \cup {Nil}]
        /\ acked \subseteq Paths \X Handles
        /\ conflicts \subseteq Paths \X (Handles \cup {Nil})
        /\ holder \in Writers \cup {"none"}
        /\ nextGen \in Nat /\ ui \in Nat /\ reqs \in Nat /\ barriers \in Nat
        /\ w \in [Writers -> Writer]
        /\ took \in [Writers -> [Paths -> SUBSET Gens]]
        /\ gw \in [Paths -> Handles \cup {Nil}]
        /\ mv \in Paths \X Handles \cup {Nil}
        /\ udel \subseteq Paths \X Handles
        /\ restarts \in Nat /\ syncs \in Nat /\ regressed \in BOOLEAN
           /\ rescopes \in Nat /\ fails \in Nat
        /\ retiring \subseteq Handles /\ aged \subseteq Handles
           /\ ages \in Nat
        /\ rdoc \in [Paths -> Handles \cup {Nil}] /\ rlag \in BOOLEAN
        /\ anc \in [Handles -> SUBSET Handles])
       /\ (upped \subseteq Handles /\ copies \in Nat
           /\ orig \in [Handles -> Handles \cup {Nil}])
       /\ mv = Nil /\ nextGen > Seed
       /\ (/\ \A p \in Paths : doc[p] \in minted \cup {Nil}
           /\ \A p \in Paths : gw[p] \in minted \cup {Nil}
           /\ \A s \in Writers, p \in Paths :
                 (w[s].local)[p] \in minted \cup {Nil}
           /\ \A s \in Writers :
                 \A p \in w[s].uploads : (w[s].snap)[p] \in minted) ,
       NEW CONSTANT s \in Writers,
       PullOnly(s) ,
       Frame ,
       w[s] \in Writer ,
       ASSUME NEW CONSTANT W \in Writer
       PROVE  /\ W.st \in {"off", "on"}
              /\ W.pc
                 \in {"idle", "consumed", "scanned", "claimed", "cased",
                      "pulling"}
              /\ W.local \in [Paths -> Handles \cup {Nil}]
              /\ W.baseline \in [Paths -> Handles \cup {Nil}]
              /\ W.integrated \subseteq Gens
              /\ W.uploads \subseteq Paths /\ W.deletes \subseteq Paths
              /\ W.snap \in [Paths -> Handles \cup {Nil}]
              /\ W.upDone \subseteq Paths /\ W.gone \subseteq Paths
                 /\ W.verified \in BOOLEAN
              /\ W.inst \in [Paths -> Handles \cup {Nil}]
              /\ W.retire \subseteq Handles
              /\ W.collected \in BOOLEAN /\ W.adv \in BOOLEAN
              /\ W.synced \in Nat /\ W.derived \in Nat
              /\ W.skipped \subseteq Paths /\ W.scope \subseteq Paths
              /\ W.sStage \in {"none", "saved", "mid"}
              /\ W.sTgt \subseteq Paths /\ W.sDrop \subseteq Paths
                 /\ W.sKeep \subseteq Paths
              /\ W.sHeld \in [Paths -> Handles \cup {Nil}]
              /\ W.unlinked \subseteq Paths
              /\ W.memo \in Nat /\ W.rnow \in Nat 
PROVE  /\ \A q \in Paths :
             ([st |-> w[s].st, pc |-> "idle", local |-> w[s].local,
               baseline |-> w[s].baseline, integrated |-> w[s].integrated,
               uploads |-> w[s].uploads, deletes |-> w[s].deletes,
               snap |-> [p \in Paths |-> Nil], upDone |-> {}, gone |-> {},
               verified |-> FALSE, inst |-> doc, retire |-> w[s].retire,
               collected |-> w[s].collected, adv |-> w[s].adv,
               synced |-> seq, derived |-> w[s].derived,
               skipped |-> w[s].skipped, scope |-> w[s].scope,
               sStage |-> w[s].sStage, sTgt |-> w[s].sTgt,
               sDrop |-> w[s].sDrop, sKeep |-> w[s].sKeep,
               sHeld |-> w[s].sHeld, unlinked |-> w[s].unlinked,
               memo |-> w[s].memo, rnow |-> w[s].rnow].local)[q]
             \in minted \cup {Nil}
             /\ [st |-> w[s].st, pc |-> "idle", local |-> w[s].local,
                 baseline |-> w[s].baseline, integrated |-> w[s].integrated,
                 uploads |-> w[s].uploads, deletes |-> w[s].deletes,
                 snap |-> [p \in Paths |-> Nil], upDone |-> {}, gone |-> {},
                 verified |-> FALSE, inst |-> doc, retire |-> w[s].retire,
                 collected |-> w[s].collected, adv |-> w[s].adv,
                 synced |-> seq, derived |-> w[s].derived,
                 skipped |-> w[s].skipped, scope |-> w[s].scope,
                 sStage |-> w[s].sStage, sTgt |-> w[s].sTgt,
                 sDrop |-> w[s].sDrop, sKeep |-> w[s].sKeep,
                 sHeld |-> w[s].sHeld, unlinked |-> w[s].unlinked,
                 memo |-> w[s].memo, rnow |-> w[s].rnow].uploads
                = {}

@!!END

@!!BEGIN
@!!type:obligation
@!!id:510
@!!loc:482:18:482:22
@!!status:trivial
@!!prover:tlapm
@!!already:false
@!!END

@!!BEGIN
@!!type:obligation
@!!id:511
@!!loc:482:24:482:28
@!!status:trivial
@!!prover:tlapm
@!!already:false
@!!END

@!!BEGIN
@!!type:obligation
@!!id:512
@!!loc:482:30:482:34
@!!status:trivial
@!!prover:tlapm
@!!already:false
@!!END

@!!BEGIN
@!!type:obligation
@!!id:513
@!!loc:482:36:482:40
@!!status:trivial
@!!prover:tlapm
@!!already:false
@!!END

@!!BEGIN
@!!type:obligation
@!!id:514
@!!loc:504:10:504:12
@!!status:proved
@!!prover:smt
@!!meth:time-limit: 30
@!!already:true
@!!END

@!!BEGIN
@!!type:obligation
@!!id:515
@!!loc:504:13:504:17
@!!status:trivial
@!!prover:tlapm
@!!already:false
@!!END

@!!BEGIN
@!!type:obligation
@!!id:516
@!!loc:504:19:504:23
@!!status:trivial
@!!prover:tlapm
@!!already:false
@!!END

@!!BEGIN
@!!type:obligation
@!!id:517
@!!loc:504:25:504:29
@!!status:trivial
@!!prover:tlapm
@!!already:false
@!!END

@!!BEGIN
@!!type:obligation
@!!id:518
@!!loc:489:23:489:30
@!!status:proved
@!!prover:smt
@!!meth:time-limit: 30
@!!already:true
@!!END

@!!BEGIN
@!!type:obligation
@!!id:509
@!!loc:482:15:482:17
@!!status:being proved
@!!prover:smt
@!!meth:time-limit: 30
@!!obl:
ASSUME NEW CONSTANT Nil,
       NEW CONSTANT Paths,
       NEW CONSTANT Free,
       NEW CONSTANT Writers,
       NEW CONSTANT MaxMint,
       NEW CONSTANT MaxUI,
       NEW CONSTANT MaxRemovals,
       NEW CONSTANT MaxBarriers,
       NEW CONSTANT MaxRestarts,
       NEW CONSTANT MaxSyncs,
       NEW CONSTANT MaxAges,
       NEW CONSTANT MaxCopies,
       NEW CONSTANT CommitSurfacesForeign,
       NEW CONSTANT CommitVerifiesUploads,
       NEW CONSTANT SweepUnderLease,
       NEW CONSTANT CollectorSparesCited,
       NEW CONSTANT CommitRecordsDeleteOverride,
       NEW CONSTANT DeleteWinsPreserved,
       NEW CONSTANT ContentConverges,
       NEW CONSTANT RecheckSkipped,
       NEW CONSTANT CommitAdvanceGuarded,
       NEW CONSTANT RetireAge,
       NEW CONSTANT GatewayIgnoresLease,
       NEW CONSTANT GatewayJudgesRead,
       NEW CONSTANT GatewaySweepGrace,
       NEW CONSTANT RenameAtomic,
       NEW CONSTANT Scopes,
       NEW CONSTANT MaxRescopes,
       NEW CONSTANT ConsumeHonorsScope,
       NEW CONSTANT RescopeUnciteFirst,
       NEW CONSTANT RescopeKeepsDirty,
       NEW CONSTANT WidenKeepsLocal,
       NEW CONSTANT UnlinkChecksBytes,
       NEW CONSTANT MaxFetchFails,
       NEW CONSTANT ConsumeKeepsLeft,
       NEW CONSTANT SyncKeepsLeft,
       NEW CONSTANT Readers,
       NEW CONSTANT ReaderRechecksOwed,
       NEW VARIABLE live,
       NEW VARIABLE minted,
       NEW VARIABLE doc,
       NEW VARIABLE seq,
       NEW VARIABLE tomb,
       NEW VARIABLE base,
       NEW VARIABLE acked,
       NEW VARIABLE conflicts,
       NEW VARIABLE holder,
       NEW VARIABLE nextGen,
       NEW VARIABLE ui,
       NEW VARIABLE reqs,
       NEW VARIABLE barriers,
       NEW VARIABLE w,
       NEW VARIABLE took,
       NEW VARIABLE gw,
       NEW VARIABLE mv,
       NEW VARIABLE udel,
       NEW VARIABLE restarts,
       NEW VARIABLE syncs,
       NEW VARIABLE regressed,
       NEW VARIABLE rescopes,
       NEW VARIABLE fails,
       NEW VARIABLE upped,
       NEW VARIABLE copies,
       NEW VARIABLE orig,
       NEW VARIABLE retiring,
       NEW VARIABLE aged,
       NEW VARIABLE ages,
       NEW VARIABLE rdoc,
       NEW VARIABLE rlag,
       NEW VARIABLE anc,
       (/\ live \subseteq Handles /\ minted \subseteq Handles
           /\ live \subseteq minted
        /\ doc \in [Paths -> Handles \cup {Nil}]
        /\ seq \in Nat
        /\ tomb \in [Paths -> Handles \cup {Nil}]
        /\ base \in [Handles -> Handles \cup {Nil}]
        /\ acked \subseteq Paths \X Handles
        /\ conflicts \subseteq Paths \X (Handles \cup {Nil})
        /\ holder \in Writers \cup {"none"}
        /\ nextGen \in Nat /\ ui \in Nat /\ reqs \in Nat /\ barriers \in Nat
        /\ w \in [Writers -> Writer]
        /\ took \in [Writers -> [Paths -> SUBSET Gens]]
        /\ gw \in [Paths -> Handles \cup {Nil}]
        /\ mv \in Paths \X Handles \cup {Nil}
        /\ udel \subseteq Paths \X Handles
        /\ restarts \in Nat /\ syncs \in Nat /\ regressed \in BOOLEAN
           /\ rescopes \in Nat /\ fails \in Nat
        /\ retiring \subseteq Handles /\ aged \subseteq Handles
           /\ ages \in Nat
        /\ rdoc \in [Paths -> Handles \cup {Nil}] /\ rlag \in BOOLEAN
        /\ anc \in [Handles -> SUBSET Handles])
       /\ (upped \subseteq Handles /\ copies \in Nat
           /\ orig \in [Handles -> Handles \cup {Nil}])
       /\ mv = Nil /\ nextGen > Seed
       /\ (/\ \A p \in Paths : doc[p] \in minted \cup {Nil}
           /\ \A p \in Paths : gw[p] \in minted \cup {Nil}
           /\ \A s \in Writers, p \in Paths :
                 (w[s].local)[p] \in minted \cup {Nil}
           /\ \A s \in Writers :
                 \A p \in w[s].uploads : (w[s].snap)[p] \in minted) ,
       NEW CONSTANT s \in Writers,
       PullOnly(s) ,
       Frame ,
       w[s] \in Writer ,
       /\ w' = [w EXCEPT ![s] = PullOnlyW(s)]
       /\ w[s].uploads = {}
       /\ UNCHANGED <<live, minted, doc, seq, tomb, base, acked, conflicts,
                      holder, gw, mv, udel, nextGen, ui, reqs, barriers,
                      restarts, syncs, regressed, rescopes, fails, upped,
                      copies, orig>> ,
       w' \in [Writers -> Writer] ,
       /\ \A q \in Paths :
             (PullOnlyW(s).local)[q] \in minted \cup {Nil}
             /\ PullOnlyW(s).uploads = {} 
PROVE  (/\ \A p \in Paths : doc[p] \in minted \cup {Nil}
        /\ \A p \in Paths : gw[p] \in minted \cup {Nil}
        /\ \A s_1 \in Writers, p \in Paths :
              (w[s_1].local)[p] \in minted \cup {Nil}
        /\ \A s_1 \in Writers :
              \A p \in w[s_1].uploads : (w[s_1].snap)[p] \in minted)'

@!!END

@!!BEGIN
@!!type:obligation
@!!id:520
@!!loc:495:28:495:30
@!!status:failed
@!!prover:smt
@!!meth:time-limit: 30; time-used: 30.0 (100%)
@!!reason:internal timeout
@!!already:false
@!!obl:
\* internal timeout while processing obligation
ASSUME NEW CONSTANT Nil,
       NEW CONSTANT Paths,
       NEW CONSTANT Free,
       NEW CONSTANT Writers,
       NEW CONSTANT MaxMint,
       NEW CONSTANT MaxUI,
       NEW CONSTANT MaxRemovals,
       NEW CONSTANT MaxBarriers,
       NEW CONSTANT MaxRestarts,
       NEW CONSTANT MaxSyncs,
       NEW CONSTANT MaxAges,
       NEW CONSTANT MaxCopies,
       NEW CONSTANT CommitSurfacesForeign,
       NEW CONSTANT CommitVerifiesUploads,
       NEW CONSTANT SweepUnderLease,
       NEW CONSTANT CollectorSparesCited,
       NEW CONSTANT CommitRecordsDeleteOverride,
       NEW CONSTANT DeleteWinsPreserved,
       NEW CONSTANT ContentConverges,
       NEW CONSTANT RecheckSkipped,
       NEW CONSTANT CommitAdvanceGuarded,
       NEW CONSTANT RetireAge,
       NEW CONSTANT GatewayIgnoresLease,
       NEW CONSTANT GatewayJudgesRead,
       NEW CONSTANT GatewaySweepGrace,
       NEW CONSTANT RenameAtomic,
       NEW CONSTANT Scopes,
       NEW CONSTANT MaxRescopes,
       NEW CONSTANT ConsumeHonorsScope,
       NEW CONSTANT RescopeUnciteFirst,
       NEW CONSTANT RescopeKeepsDirty,
       NEW CONSTANT WidenKeepsLocal,
       NEW CONSTANT UnlinkChecksBytes,
       NEW CONSTANT MaxFetchFails,
       NEW CONSTANT ConsumeKeepsLeft,
       NEW CONSTANT SyncKeepsLeft,
       NEW CONSTANT Readers,
       NEW CONSTANT ReaderRechecksOwed,
       NEW VARIABLE live,
       NEW VARIABLE minted,
       NEW VARIABLE doc,
       NEW VARIABLE seq,
       NEW VARIABLE tomb,
       NEW VARIABLE base,
       NEW VARIABLE acked,
       NEW VARIABLE conflicts,
       NEW VARIABLE holder,
       NEW VARIABLE nextGen,
       NEW VARIABLE ui,
       NEW VARIABLE reqs,
       NEW VARIABLE barriers,
       NEW VARIABLE w,
       NEW VARIABLE took,
       NEW VARIABLE gw,
       NEW VARIABLE mv,
       NEW VARIABLE udel,
       NEW VARIABLE restarts,
       NEW VARIABLE syncs,
       NEW VARIABLE regressed,
       NEW VARIABLE rescopes,
       NEW VARIABLE fails,
       NEW VARIABLE upped,
       NEW VARIABLE copies,
       NEW VARIABLE orig,
       NEW VARIABLE retiring,
       NEW VARIABLE aged,
       NEW VARIABLE ages,
       NEW VARIABLE rdoc,
       NEW VARIABLE rlag,
       NEW VARIABLE anc,
       Writer ==
         [st : {"off", "on"},
          pc : {"idle", "consumed", "scanned", "claimed", "cased", "pulling"},
          local : [Paths -> Opt(Handles)],
          baseline : [Paths -> Opt(Handles)], integrated : SUBSET Gens,
          uploads : SUBSET Paths, deletes : SUBSET Paths,
          snap : [Paths -> Opt(Handles)], upDone : SUBSET Paths,
          gone : SUBSET Paths, verified : BOOLEAN,
          inst : [Paths -> Opt(Handles)], retire : SUBSET Handles,
          collected : BOOLEAN, adv : BOOLEAN, synced : Nat, derived : Nat,
          skipped : SUBSET Paths, scope : SUBSET Paths,
          sStage : {"none", "saved", "mid"}, sTgt : SUBSET Paths,
          sDrop : SUBSET Paths, sKeep : SUBSET Paths,
          sHeld : [Paths -> Opt(Handles)], unlinked : SUBSET Paths,
          memo : Nat, rnow : Nat],
       TypeOK ==
         /\ live \subseteq Handles /\ minted \subseteq Handles
            /\ live \subseteq minted
         /\ doc \in [Paths -> Opt(Handles)]
         /\ seq \in Nat
         /\ tomb \in [Paths -> Opt(Handles)]
         /\ base \in [Handles -> Opt(Handles)]
         /\ acked \subseteq Paths \X Handles
         /\ conflicts \subseteq Paths \X Opt(Handles)
         /\ holder \in Writers \cup {"none"}
         /\ nextGen \in Nat /\ ui \in Nat /\ reqs \in Nat /\ barriers \in Nat
         /\ w \in [Writers -> Writer]
         /\ took \in [Writers -> [Paths -> SUBSET Gens]]
         /\ gw \in [Paths -> Opt(Handles)]
         /\ mv \in Opt(Paths \X Handles)
         /\ udel \subseteq Paths \X Handles
         /\ restarts \in Nat /\ syncs \in Nat /\ regressed \in BOOLEAN
            /\ rescopes \in Nat /\ fails \in Nat
         /\ retiring \subseteq Handles /\ aged \subseteq Handles
            /\ ages \in Nat
         /\ rdoc \in [Paths -> Opt(Handles)] /\ rlag \in BOOLEAN
         /\ anc \in [Handles -> SUBSET Handles],
       ClaimW(s) ==
         [st |-> w[s].st, pc |-> "claimed", local |-> w[s].local,
          baseline |-> w[s].baseline, integrated |-> w[s].integrated,
          uploads |-> w[s].uploads, deletes |-> w[s].deletes,
          snap |-> w[s].snap, upDone |-> w[s].upDone, gone |-> w[s].gone,
          verified |-> w[s].verified, inst |-> w[s].inst,
          retire |-> w[s].retire, collected |-> w[s].collected,
          adv |-> w[s].adv, synced |-> w[s].synced, derived |-> w[s].derived,
          skipped |-> w[s].skipped, scope |-> w[s].scope,
          sStage |-> w[s].sStage, sTgt |-> w[s].sTgt, sDrop |-> w[s].sDrop,
          sKeep |-> w[s].sKeep, sHeld |-> w[s].sHeld,
          unlinked |-> w[s].unlinked, memo |-> w[s].memo, rnow |-> w[s].rnow],
       ShippedShape == Shipped,
       FreePaths == Free \subseteq Paths,
       MaxMintNat == MaxMint \in Nat /\ MaxMint >= 1,
       ScopesPaths == Scopes \subseteq SUBSET Paths /\ Scopes # {},
       ReadersWriters == Readers \subseteq Writers,
       NilHandle == Nil \notin Handles,
       NoneWriter == "none" \notin Writers,
       MaxCopiesNat == MaxCopies \in Nat,
       PathsFinite == IsFiniteSet(Paths),
       Ghosts ==
         upped \subseteq Handles /\ copies \in Nat
         /\ orig \in [Handles -> Opt(Handles)],
       Minted ==
         /\ \A p \in Paths : doc[p] \in Opt(minted)
         /\ \A p \in Paths : gw[p] \in Opt(minted)
         /\ \A s \in Writers, p \in Paths : (w[s].local)[p] \in Opt(minted)
         /\ \A s \in Writers :
               \A p \in w[s].uploads : (w[s].snap)[p] \in minted,
       IndTypeOK == TypeOK /\ Ghosts /\ mv = Nil /\ nextGen > Seed /\ Minted,
       IndTypeOK ,
       NEW CONSTANT s \in Writers,
       Claim(s) ,
       Frame ,
       <1>0 ,
       WriterFields 
PROVE  ClaimW(s) \in Writer

@!!END

@!!BEGIN
@!!type:obligation
@!!id:519
@!!loc:494:3:494:5
@!!status:proved
@!!prover:smt
@!!meth:time-limit: 30; time-used: 30.5 (102%)
@!!already:false
@!!END

@!!BEGIN
@!!type:obligation
@!!id:509
@!!loc:482:15:482:17
@!!status:failed
@!!prover:smt
@!!meth:time-limit: 30; time-used: 37.8 (126%)
@!!reason:timeout
@!!already:false
@!!obl:
ASSUME NEW CONSTANT Nil,
       NEW CONSTANT Paths,
       NEW CONSTANT Free,
       NEW CONSTANT Writers,
       NEW CONSTANT MaxMint,
       NEW CONSTANT MaxUI,
       NEW CONSTANT MaxRemovals,
       NEW CONSTANT MaxBarriers,
       NEW CONSTANT MaxRestarts,
       NEW CONSTANT MaxSyncs,
       NEW CONSTANT MaxAges,
       NEW CONSTANT MaxCopies,
       NEW CONSTANT CommitSurfacesForeign,
       NEW CONSTANT CommitVerifiesUploads,
       NEW CONSTANT SweepUnderLease,
       NEW CONSTANT CollectorSparesCited,
       NEW CONSTANT CommitRecordsDeleteOverride,
       NEW CONSTANT DeleteWinsPreserved,
       NEW CONSTANT ContentConverges,
       NEW CONSTANT RecheckSkipped,
       NEW CONSTANT CommitAdvanceGuarded,
       NEW CONSTANT RetireAge,
       NEW CONSTANT GatewayIgnoresLease,
       NEW CONSTANT GatewayJudgesRead,
       NEW CONSTANT GatewaySweepGrace,
       NEW CONSTANT RenameAtomic,
       NEW CONSTANT Scopes,
       NEW CONSTANT MaxRescopes,
       NEW CONSTANT ConsumeHonorsScope,
       NEW CONSTANT RescopeUnciteFirst,
       NEW CONSTANT RescopeKeepsDirty,
       NEW CONSTANT WidenKeepsLocal,
       NEW CONSTANT UnlinkChecksBytes,
       NEW CONSTANT MaxFetchFails,
       NEW CONSTANT ConsumeKeepsLeft,
       NEW CONSTANT SyncKeepsLeft,
       NEW CONSTANT Readers,
       NEW CONSTANT ReaderRechecksOwed,
       NEW VARIABLE live,
       NEW VARIABLE minted,
       NEW VARIABLE doc,
       NEW VARIABLE seq,
       NEW VARIABLE tomb,
       NEW VARIABLE base,
       NEW VARIABLE acked,
       NEW VARIABLE conflicts,
       NEW VARIABLE holder,
       NEW VARIABLE nextGen,
       NEW VARIABLE ui,
       NEW VARIABLE reqs,
       NEW VARIABLE barriers,
       NEW VARIABLE w,
       NEW VARIABLE took,
       NEW VARIABLE gw,
       NEW VARIABLE mv,
       NEW VARIABLE udel,
       NEW VARIABLE restarts,
       NEW VARIABLE syncs,
       NEW VARIABLE regressed,
       NEW VARIABLE rescopes,
       NEW VARIABLE fails,
       NEW VARIABLE upped,
       NEW VARIABLE copies,
       NEW VARIABLE orig,
       NEW VARIABLE retiring,
       NEW VARIABLE aged,
       NEW VARIABLE ages,
       NEW VARIABLE rdoc,
       NEW VARIABLE rlag,
       NEW VARIABLE anc,
       (/\ live \subseteq Handles /\ minted \subseteq Handles
           /\ live \subseteq minted
        /\ doc \in [Paths -> Handles \cup {Nil}]
        /\ seq \in Nat
        /\ tomb \in [Paths -> Handles \cup {Nil}]
        /\ base \in [Handles -> Handles \cup {Nil}]
        /\ acked \subseteq Paths \X Handles
        /\ conflicts \subseteq Paths \X (Handles \cup {Nil})
        /\ holder \in Writers \cup {"none"}
        /\ nextGen \in Nat /\ ui \in Nat /\ reqs \in Nat /\ barriers \in Nat
        /\ w \in [Writers -> Writer]
        /\ took \in [Writers -> [Paths -> SUBSET Gens]]
        /\ gw \in [Paths -> Handles \cup {Nil}]
        /\ mv \in Paths \X Handles \cup {Nil}
        /\ udel \subseteq Paths \X Handles
        /\ restarts \in Nat /\ syncs \in Nat /\ regressed \in BOOLEAN
           /\ rescopes \in Nat /\ fails \in Nat
        /\ retiring \subseteq Handles /\ aged \subseteq Handles
           /\ ages \in Nat
        /\ rdoc \in [Paths -> Handles \cup {Nil}] /\ rlag \in BOOLEAN
        /\ anc \in [Handles -> SUBSET Handles])
       /\ (upped \subseteq Handles /\ copies \in Nat
           /\ orig \in [Handles -> Handles \cup {Nil}])
       /\ mv = Nil /\ nextGen > Seed
       /\ (/\ \A p \in Paths : doc[p] \in minted \cup {Nil}
           /\ \A p \in Paths : gw[p] \in minted \cup {Nil}
           /\ \A s \in Writers, p \in Paths :
                 (w[s].local)[p] \in minted \cup {Nil}
           /\ \A s \in Writers :
                 \A p \in w[s].uploads : (w[s].snap)[p] \in minted) ,
       NEW CONSTANT s \in Writers,
       PullOnly(s) ,
       Frame ,
       w[s] \in Writer ,
       /\ w' = [w EXCEPT ![s] = PullOnlyW(s)]
       /\ w[s].uploads = {}
       /\ UNCHANGED <<live, minted, doc, seq, tomb, base, acked, conflicts,
                      holder, gw, mv, udel, nextGen, ui, reqs, barriers,
                      restarts, syncs, regressed, rescopes, fails, upped,
                      copies, orig>> ,
       w' \in [Writers -> Writer] ,
       /\ \A q \in Paths :
             (PullOnlyW(s).local)[q] \in minted \cup {Nil}
             /\ PullOnlyW(s).uploads = {} 
PROVE  (/\ \A p \in Paths : doc[p] \in minted \cup {Nil}
        /\ \A p \in Paths : gw[p] \in minted \cup {Nil}
        /\ \A s_1 \in Writers, p \in Paths :
              (w[s_1].local)[p] \in minted \cup {Nil}
        /\ \A s_1 \in Writers :
              \A p \in w[s_1].uploads : (w[s_1].snap)[p] \in minted)'

@!!END

@!!BEGIN
@!!type:obligation
@!!id:506
@!!loc:481:3:481:5
@!!status:failed
@!!prover:smt
@!!meth:time-limit: 30; time-used: 42.5 (142%)
@!!reason:timeout
@!!already:false
@!!obl:
ASSUME NEW CONSTANT Nil,
       NEW CONSTANT Paths,
       NEW CONSTANT Free,
       NEW CONSTANT Writers,
       NEW CONSTANT MaxMint,
       NEW CONSTANT MaxUI,
       NEW CONSTANT MaxRemovals,
       NEW CONSTANT MaxBarriers,
       NEW CONSTANT MaxRestarts,
       NEW CONSTANT MaxSyncs,
       NEW CONSTANT MaxAges,
       NEW CONSTANT MaxCopies,
       NEW CONSTANT CommitSurfacesForeign,
       NEW CONSTANT CommitVerifiesUploads,
       NEW CONSTANT SweepUnderLease,
       NEW CONSTANT CollectorSparesCited,
       NEW CONSTANT CommitRecordsDeleteOverride,
       NEW CONSTANT DeleteWinsPreserved,
       NEW CONSTANT ContentConverges,
       NEW CONSTANT RecheckSkipped,
       NEW CONSTANT CommitAdvanceGuarded,
       NEW CONSTANT RetireAge,
       NEW CONSTANT GatewayIgnoresLease,
       NEW CONSTANT GatewayJudgesRead,
       NEW CONSTANT GatewaySweepGrace,
       NEW CONSTANT RenameAtomic,
       NEW CONSTANT Scopes,
       NEW CONSTANT MaxRescopes,
       NEW CONSTANT ConsumeHonorsScope,
       NEW CONSTANT RescopeUnciteFirst,
       NEW CONSTANT RescopeKeepsDirty,
       NEW CONSTANT WidenKeepsLocal,
       NEW CONSTANT UnlinkChecksBytes,
       NEW CONSTANT MaxFetchFails,
       NEW CONSTANT ConsumeKeepsLeft,
       NEW CONSTANT SyncKeepsLeft,
       NEW CONSTANT Readers,
       NEW CONSTANT ReaderRechecksOwed,
       NEW VARIABLE live,
       NEW VARIABLE minted,
       NEW VARIABLE doc,
       NEW VARIABLE seq,
       NEW VARIABLE tomb,
       NEW VARIABLE base,
       NEW VARIABLE acked,
       NEW VARIABLE conflicts,
       NEW VARIABLE holder,
       NEW VARIABLE nextGen,
       NEW VARIABLE ui,
       NEW VARIABLE reqs,
       NEW VARIABLE barriers,
       NEW VARIABLE w,
       NEW VARIABLE took,
       NEW VARIABLE gw,
       NEW VARIABLE mv,
       NEW VARIABLE udel,
       NEW VARIABLE restarts,
       NEW VARIABLE syncs,
       NEW VARIABLE regressed,
       NEW VARIABLE rescopes,
       NEW VARIABLE fails,
       NEW VARIABLE upped,
       NEW VARIABLE copies,
       NEW VARIABLE orig,
       NEW VARIABLE retiring,
       NEW VARIABLE aged,
       NEW VARIABLE ages,
       NEW VARIABLE rdoc,
       NEW VARIABLE rlag,
       NEW VARIABLE anc,
       (/\ live \subseteq Handles /\ minted \subseteq Handles
           /\ live \subseteq minted
        /\ doc \in [Paths -> Handles \cup {Nil}]
        /\ seq \in Nat
        /\ tomb \in [Paths -> Handles \cup {Nil}]
        /\ base \in [Handles -> Handles \cup {Nil}]
        /\ acked \subseteq Paths \X Handles
        /\ conflicts \subseteq Paths \X (Handles \cup {Nil})
        /\ holder \in Writers \cup {"none"}
        /\ nextGen \in Nat /\ ui \in Nat /\ reqs \in Nat /\ barriers \in Nat
        /\ w \in [Writers -> Writer]
        /\ took \in [Writers -> [Paths -> SUBSET Gens]]
        /\ gw \in [Paths -> Handles \cup {Nil}]
        /\ mv \in Paths \X Handles \cup {Nil}
        /\ udel \subseteq Paths \X Handles
        /\ restarts \in Nat /\ syncs \in Nat /\ regressed \in BOOLEAN
           /\ rescopes \in Nat /\ fails \in Nat
        /\ retiring \subseteq Handles /\ aged \subseteq Handles
           /\ ages \in Nat
        /\ rdoc \in [Paths -> Handles \cup {Nil}] /\ rlag \in BOOLEAN
        /\ anc \in [Handles -> SUBSET Handles])
       /\ (upped \subseteq Handles /\ copies \in Nat
           /\ orig \in [Handles -> Handles \cup {Nil}])
       /\ mv = Nil /\ nextGen > Seed
       /\ (/\ \A p \in Paths : doc[p] \in minted \cup {Nil}
           /\ \A p \in Paths : gw[p] \in minted \cup {Nil}
           /\ \A s \in Writers, p \in Paths :
                 (w[s].local)[p] \in minted \cup {Nil}
           /\ \A s \in Writers :
                 \A p \in w[s].uploads : (w[s].snap)[p] \in minted) ,
       NEW CONSTANT s \in Writers,
       PullOnly(s) ,
       Frame ,
       w[s] \in Writer ,
       ASSUME NEW CONSTANT W \in Writer
       PROVE  /\ W.st \in {"off", "on"}
              /\ W.pc
                 \in {"idle", "consumed", "scanned", "claimed", "cased",
                      "pulling"}
              /\ W.local \in [Paths -> Handles \cup {Nil}]
              /\ W.baseline \in [Paths -> Handles \cup {Nil}]
              /\ W.integrated \subseteq Gens
              /\ W.uploads \subseteq Paths /\ W.deletes \subseteq Paths
              /\ W.snap \in [Paths -> Handles \cup {Nil}]
              /\ W.upDone \subseteq Paths /\ W.gone \subseteq Paths
                 /\ W.verified \in BOOLEAN
              /\ W.inst \in [Paths -> Handles \cup {Nil}]
              /\ W.retire \subseteq Handles
              /\ W.collected \in BOOLEAN /\ W.adv \in BOOLEAN
              /\ W.synced \in Nat /\ W.derived \in Nat
              /\ W.skipped \subseteq Paths /\ W.scope \subseteq Paths
              /\ W.sStage \in {"none", "saved", "mid"}
              /\ W.sTgt \subseteq Paths /\ W.sDrop \subseteq Paths
                 /\ W.sKeep \subseteq Paths
              /\ W.sHeld \in [Paths -> Handles \cup {Nil}]
              /\ W.unlinked \subseteq Paths
              /\ W.memo \in Nat /\ W.rnow \in Nat 
PROVE  /\ \A q \in Paths :
             ([st |-> w[s].st, pc |-> "idle", local |-> w[s].local,
               baseline |-> w[s].baseline, integrated |-> w[s].integrated,
               uploads |-> w[s].uploads, deletes |-> w[s].deletes,
               snap |-> [p \in Paths |-> Nil], upDone |-> {}, gone |-> {},
               verified |-> FALSE, inst |-> doc, retire |-> w[s].retire,
               collected |-> w[s].collected, adv |-> w[s].adv,
               synced |-> seq, derived |-> w[s].derived,
               skipped |-> w[s].skipped, scope |-> w[s].scope,
               sStage |-> w[s].sStage, sTgt |-> w[s].sTgt,
               sDrop |-> w[s].sDrop, sKeep |-> w[s].sKeep,
               sHeld |-> w[s].sHeld, unlinked |-> w[s].unlinked,
               memo |-> w[s].memo, rnow |-> w[s].rnow].local)[q]
             \in minted \cup {Nil}
             /\ [st |-> w[s].st, pc |-> "idle", local |-> w[s].local,
                 baseline |-> w[s].baseline, integrated |-> w[s].integrated,
                 uploads |-> w[s].uploads, deletes |-> w[s].deletes,
                 snap |-> [p \in Paths |-> Nil], upDone |-> {}, gone |-> {},
                 verified |-> FALSE, inst |-> doc, retire |-> w[s].retire,
                 collected |-> w[s].collected, adv |-> w[s].adv,
                 synced |-> seq, derived |-> w[s].derived,
                 skipped |-> w[s].skipped, scope |-> w[s].scope,
                 sStage |-> w[s].sStage, sTgt |-> w[s].sTgt,
                 sDrop |-> w[s].sDrop, sKeep |-> w[s].sKeep,
                 sHeld |-> w[s].sHeld, unlinked |-> w[s].unlinked,
                 memo |-> w[s].memo, rnow |-> w[s].rnow].uploads
                = {}

@!!END

@!!BEGIN
@!!type:obligation
@!!id:521
@!!loc:495:31:495:35
@!!status:trivial
@!!prover:tlapm
@!!already:false
@!!END

@!!BEGIN
@!!type:obligation
@!!id:522
@!!loc:495:37:495:49
@!!status:trivial
@!!prover:tlapm
@!!already:false
@!!END

@!!BEGIN
@!!type:obligation
@!!id:524
@!!loc:496:37:496:41
@!!status:trivial
@!!prover:tlapm
@!!already:false
@!!END

@!!BEGIN
@!!type:obligation
@!!id:525
@!!loc:496:43:496:47
@!!status:trivial
@!!prover:tlapm
@!!already:false
@!!END

@!!BEGIN
@!!type:obligation
@!!id:523
@!!loc:496:34:496:36
@!!status:proved
@!!prover:smt
@!!meth:time-limit: 30; time-used: 4.5 (15%)
@!!already:false
@!!END

@!!BEGIN
@!!type:obligation
@!!id:527
@!!loc:497:18:497:22
@!!status:trivial
@!!prover:tlapm
@!!already:false
@!!END

@!!BEGIN
@!!type:obligation
@!!id:528
@!!loc:497:24:497:28
@!!status:trivial
@!!prover:tlapm
@!!already:false
@!!END

@!!BEGIN
@!!type:obligation
@!!id:529
@!!loc:497:30:497:41
@!!status:trivial
@!!prover:tlapm
@!!already:false
@!!END

@!!BEGIN
@!!type:obligation
@!!id:526
@!!loc:497:15:497:17
@!!status:proved
@!!prover:smt
@!!meth:time-limit: 30; time-used: 5.5 (18%)
@!!already:false
@!!END

@!!BEGIN
@!!type:obligation
@!!id:531
@!!loc:498:18:498:22
@!!status:trivial
@!!prover:tlapm
@!!already:false
@!!END

@!!BEGIN
@!!type:obligation
@!!id:532
@!!loc:498:24:498:28
@!!status:trivial
@!!prover:tlapm
@!!already:false
@!!END

@!!BEGIN
@!!type:obligation
@!!id:533
@!!loc:498:30:498:34
@!!status:trivial
@!!prover:tlapm
@!!already:false
@!!END

@!!BEGIN
@!!type:obligation
@!!id:530
@!!loc:498:15:498:17
@!!status:proved
@!!prover:smt
@!!meth:time-limit: 30; time-used: 5.1 (17%)
@!!already:false
@!!END

@!!BEGIN
@!!type:obligation
@!!id:535
@!!loc:499:50:499:54
@!!status:trivial
@!!prover:tlapm
@!!already:false
@!!END

@!!BEGIN
@!!type:obligation
@!!id:534
@!!loc:499:47:499:49
@!!status:proved
@!!prover:smt
@!!meth:time-limit: 30; time-used: 26.8 (89%)
@!!already:false
@!!END

@!!BEGIN
@!!type:obligation
@!!id:537
@!!loc:502:6:502:10
@!!status:trivial
@!!prover:tlapm
@!!already:false
@!!END

@!!BEGIN
@!!type:obligation
@!!id:538
@!!loc:502:12:502:24
@!!status:trivial
@!!prover:tlapm
@!!already:false
@!!END

@!!BEGIN
@!!type:obligation
@!!id:540
@!!loc:503:18:503:22
@!!status:trivial
@!!prover:tlapm
@!!already:false
@!!END

@!!BEGIN
@!!type:obligation
@!!id:541
@!!loc:503:24:503:28
@!!status:trivial
@!!prover:tlapm
@!!already:false
@!!END

@!!BEGIN
@!!type:obligation
@!!id:542
@!!loc:503:30:503:34
@!!status:trivial
@!!prover:tlapm
@!!already:false
@!!END

@!!BEGIN
@!!type:obligation
@!!id:543
@!!loc:503:36:503:40
@!!status:trivial
@!!prover:tlapm
@!!already:false
@!!END

@!!BEGIN
@!!type:obligation
@!!id:544
@!!loc:524:10:524:12
@!!status:proved
@!!prover:smt
@!!meth:time-limit: 30
@!!already:true
@!!END

@!!BEGIN
@!!type:obligation
@!!id:545
@!!loc:524:13:524:17
@!!status:trivial
@!!prover:tlapm
@!!already:false
@!!END

@!!BEGIN
@!!type:obligation
@!!id:546
@!!loc:524:19:524:23
@!!status:trivial
@!!prover:tlapm
@!!already:false
@!!END

@!!BEGIN
@!!type:obligation
@!!id:547
@!!loc:524:25:524:29
@!!status:trivial
@!!prover:tlapm
@!!already:false
@!!END

@!!BEGIN
@!!type:obligation
@!!id:548
@!!loc:510:23:510:30
@!!status:proved
@!!prover:smt
@!!meth:time-limit: 30
@!!already:true
@!!END

@!!BEGIN
@!!type:obligation
@!!id:536
@!!loc:502:3:502:5
@!!status:proved
@!!prover:smt
@!!meth:time-limit: 30; time-used: 3.7 (12%)
@!!already:false
@!!END

@!!BEGIN
@!!type:obligation
@!!id:550
@!!loc:515:29:515:31
@!!status:failed
@!!prover:smt
@!!meth:time-limit: 30; time-used: 30.0 (100%)
@!!reason:internal timeout
@!!already:false
@!!obl:
\* internal timeout while processing obligation
ASSUME NEW CONSTANT Nil,
       NEW CONSTANT Paths,
       NEW CONSTANT Free,
       NEW CONSTANT Writers,
       NEW CONSTANT MaxMint,
       NEW CONSTANT MaxUI,
       NEW CONSTANT MaxRemovals,
       NEW CONSTANT MaxBarriers,
       NEW CONSTANT MaxRestarts,
       NEW CONSTANT MaxSyncs,
       NEW CONSTANT MaxAges,
       NEW CONSTANT MaxCopies,
       NEW CONSTANT CommitSurfacesForeign,
       NEW CONSTANT CommitVerifiesUploads,
       NEW CONSTANT SweepUnderLease,
       NEW CONSTANT CollectorSparesCited,
       NEW CONSTANT CommitRecordsDeleteOverride,
       NEW CONSTANT DeleteWinsPreserved,
       NEW CONSTANT ContentConverges,
       NEW CONSTANT RecheckSkipped,
       NEW CONSTANT CommitAdvanceGuarded,
       NEW CONSTANT RetireAge,
       NEW CONSTANT GatewayIgnoresLease,
       NEW CONSTANT GatewayJudgesRead,
       NEW CONSTANT GatewaySweepGrace,
       NEW CONSTANT RenameAtomic,
       NEW CONSTANT Scopes,
       NEW CONSTANT MaxRescopes,
       NEW CONSTANT ConsumeHonorsScope,
       NEW CONSTANT RescopeUnciteFirst,
       NEW CONSTANT RescopeKeepsDirty,
       NEW CONSTANT WidenKeepsLocal,
       NEW CONSTANT UnlinkChecksBytes,
       NEW CONSTANT MaxFetchFails,
       NEW CONSTANT ConsumeKeepsLeft,
       NEW CONSTANT SyncKeepsLeft,
       NEW CONSTANT Readers,
       NEW CONSTANT ReaderRechecksOwed,
       NEW VARIABLE live,
       NEW VARIABLE minted,
       NEW VARIABLE doc,
       NEW VARIABLE seq,
       NEW VARIABLE tomb,
       NEW VARIABLE base,
       NEW VARIABLE acked,
       NEW VARIABLE conflicts,
       NEW VARIABLE holder,
       NEW VARIABLE nextGen,
       NEW VARIABLE ui,
       NEW VARIABLE reqs,
       NEW VARIABLE barriers,
       NEW VARIABLE w,
       NEW VARIABLE took,
       NEW VARIABLE gw,
       NEW VARIABLE mv,
       NEW VARIABLE udel,
       NEW VARIABLE restarts,
       NEW VARIABLE syncs,
       NEW VARIABLE regressed,
       NEW VARIABLE rescopes,
       NEW VARIABLE fails,
       NEW VARIABLE upped,
       NEW VARIABLE copies,
       NEW VARIABLE orig,
       NEW VARIABLE retiring,
       NEW VARIABLE aged,
       NEW VARIABLE ages,
       NEW VARIABLE rdoc,
       NEW VARIABLE rlag,
       NEW VARIABLE anc,
       Writer ==
         [st : {"off", "on"},
          pc : {"idle", "consumed", "scanned", "claimed", "cased", "pulling"},
          local : [Paths -> Opt(Handles)],
          baseline : [Paths -> Opt(Handles)], integrated : SUBSET Gens,
          uploads : SUBSET Paths, deletes : SUBSET Paths,
          snap : [Paths -> Opt(Handles)], upDone : SUBSET Paths,
          gone : SUBSET Paths, verified : BOOLEAN,
          inst : [Paths -> Opt(Handles)], retire : SUBSET Handles,
          collected : BOOLEAN, adv : BOOLEAN, synced : Nat, derived : Nat,
          skipped : SUBSET Paths, scope : SUBSET Paths,
          sStage : {"none", "saved", "mid"}, sTgt : SUBSET Paths,
          sDrop : SUBSET Paths, sKeep : SUBSET Paths,
          sHeld : [Paths -> Opt(Handles)], unlinked : SUBSET Paths,
          memo : Nat, rnow : Nat],
       TypeOK ==
         /\ live \subseteq Handles /\ minted \subseteq Handles
            /\ live \subseteq minted
         /\ doc \in [Paths -> Opt(Handles)]
         /\ seq \in Nat
         /\ tomb \in [Paths -> Opt(Handles)]
         /\ base \in [Handles -> Opt(Handles)]
         /\ acked \subseteq Paths \X Handles
         /\ conflicts \subseteq Paths \X Opt(Handles)
         /\ holder \in Writers \cup {"none"}
         /\ nextGen \in Nat /\ ui \in Nat /\ reqs \in Nat /\ barriers \in Nat
         /\ w \in [Writers -> Writer]
         /\ took \in [Writers -> [Paths -> SUBSET Gens]]
         /\ gw \in [Paths -> Opt(Handles)]
         /\ mv \in Opt(Paths \X Handles)
         /\ udel \subseteq Paths \X Handles
         /\ restarts \in Nat /\ syncs \in Nat /\ regressed \in BOOLEAN
            /\ rescopes \in Nat /\ fails \in Nat
         /\ retiring \subseteq Handles /\ aged \subseteq Handles
            /\ ages \in Nat
         /\ rdoc \in [Paths -> Opt(Handles)] /\ rlag \in BOOLEAN
         /\ anc \in [Handles -> SUBSET Handles],
       VerifyW(s) ==
         [st |-> w[s].st, pc |-> w[s].pc, local |-> w[s].local,
          baseline |-> w[s].baseline, integrated |-> w[s].integrated,
          uploads |-> w[s].uploads, deletes |-> w[s].deletes,
          snap |-> w[s].snap, upDone |-> w[s].upDone,
          gone |-> IF CommitVerifiesUploads
                     THEN {p \in w[s].uploads \cap w[s].upDone :
                             (w[s].snap)[p] \notin live}
                     ELSE {},
          verified |-> TRUE, inst |-> w[s].inst, retire |-> w[s].retire,
          collected |-> w[s].collected, adv |-> w[s].adv,
          synced |-> w[s].synced, derived |-> w[s].derived,
          skipped |-> w[s].skipped, scope |-> w[s].scope,
          sStage |-> w[s].sStage, sTgt |-> w[s].sTgt, sDrop |-> w[s].sDrop,
          sKeep |-> w[s].sKeep, sHeld |-> w[s].sHeld,
          unlinked |-> w[s].unlinked, memo |-> w[s].memo, rnow |-> w[s].rnow],
       ShippedShape == Shipped,
       FreePaths == Free \subseteq Paths,
       MaxMintNat == MaxMint \in Nat /\ MaxMint >= 1,
       ScopesPaths == Scopes \subseteq SUBSET Paths /\ Scopes # {},
       ReadersWriters == Readers \subseteq Writers,
       NilHandle == Nil \notin Handles,
       NoneWriter == "none" \notin Writers,
       MaxCopiesNat == MaxCopies \in Nat,
       PathsFinite == IsFiniteSet(Paths),
       Ghosts ==
         upped \subseteq Handles /\ copies \in Nat
         /\ orig \in [Handles -> Opt(Handles)],
       Minted ==
         /\ \A p \in Paths : doc[p] \in Opt(minted)
         /\ \A p \in Paths : gw[p] \in Opt(minted)
         /\ \A s \in Writers, p \in Paths : (w[s].local)[p] \in Opt(minted)
         /\ \A s \in Writers :
               \A p \in w[s].uploads : (w[s].snap)[p] \in minted,
       IndTypeOK == TypeOK /\ Ghosts /\ mv = Nil /\ nextGen > Seed /\ Minted,
       IndTypeOK ,
       NEW CONSTANT s \in Writers,
       Verify(s) ,
       Frame ,
       <1>0 ,
       WriterFields 
PROVE  VerifyW(s) \in Writer

@!!END

@!!BEGIN
@!!type:obligation
@!!id:549
@!!loc:514:3:514:5
@!!status:proved
@!!prover:smt
@!!meth:time-limit: 30; time-used: 30.3 (101%)
@!!already:false
@!!END

@!!BEGIN
@!!type:obligation
@!!id:539
@!!loc:503:15:503:17
@!!status:being proved
@!!prover:smt
@!!meth:time-limit: 30
@!!obl:
ASSUME NEW CONSTANT Nil,
       NEW CONSTANT Paths,
       NEW CONSTANT Free,
       NEW CONSTANT Writers,
       NEW CONSTANT MaxMint,
       NEW CONSTANT MaxUI,
       NEW CONSTANT MaxRemovals,
       NEW CONSTANT MaxBarriers,
       NEW CONSTANT MaxRestarts,
       NEW CONSTANT MaxSyncs,
       NEW CONSTANT MaxAges,
       NEW CONSTANT MaxCopies,
       NEW CONSTANT CommitSurfacesForeign,
       NEW CONSTANT CommitVerifiesUploads,
       NEW CONSTANT SweepUnderLease,
       NEW CONSTANT CollectorSparesCited,
       NEW CONSTANT CommitRecordsDeleteOverride,
       NEW CONSTANT DeleteWinsPreserved,
       NEW CONSTANT ContentConverges,
       NEW CONSTANT RecheckSkipped,
       NEW CONSTANT CommitAdvanceGuarded,
       NEW CONSTANT RetireAge,
       NEW CONSTANT GatewayIgnoresLease,
       NEW CONSTANT GatewayJudgesRead,
       NEW CONSTANT GatewaySweepGrace,
       NEW CONSTANT RenameAtomic,
       NEW CONSTANT Scopes,
       NEW CONSTANT MaxRescopes,
       NEW CONSTANT ConsumeHonorsScope,
       NEW CONSTANT RescopeUnciteFirst,
       NEW CONSTANT RescopeKeepsDirty,
       NEW CONSTANT WidenKeepsLocal,
       NEW CONSTANT UnlinkChecksBytes,
       NEW CONSTANT MaxFetchFails,
       NEW CONSTANT ConsumeKeepsLeft,
       NEW CONSTANT SyncKeepsLeft,
       NEW CONSTANT Readers,
       NEW CONSTANT ReaderRechecksOwed,
       NEW VARIABLE live,
       NEW VARIABLE minted,
       NEW VARIABLE doc,
       NEW VARIABLE seq,
       NEW VARIABLE tomb,
       NEW VARIABLE base,
       NEW VARIABLE acked,
       NEW VARIABLE conflicts,
       NEW VARIABLE holder,
       NEW VARIABLE nextGen,
       NEW VARIABLE ui,
       NEW VARIABLE reqs,
       NEW VARIABLE barriers,
       NEW VARIABLE w,
       NEW VARIABLE took,
       NEW VARIABLE gw,
       NEW VARIABLE mv,
       NEW VARIABLE udel,
       NEW VARIABLE restarts,
       NEW VARIABLE syncs,
       NEW VARIABLE regressed,
       NEW VARIABLE rescopes,
       NEW VARIABLE fails,
       NEW VARIABLE upped,
       NEW VARIABLE copies,
       NEW VARIABLE orig,
       NEW VARIABLE retiring,
       NEW VARIABLE aged,
       NEW VARIABLE ages,
       NEW VARIABLE rdoc,
       NEW VARIABLE rlag,
       NEW VARIABLE anc,
       (/\ live \subseteq Handles /\ minted \subseteq Handles
           /\ live \subseteq minted
        /\ doc \in [Paths -> Handles \cup {Nil}]
        /\ seq \in Nat
        /\ tomb \in [Paths -> Handles \cup {Nil}]
        /\ base \in [Handles -> Handles \cup {Nil}]
        /\ acked \subseteq Paths \X Handles
        /\ conflicts \subseteq Paths \X (Handles \cup {Nil})
        /\ holder \in Writers \cup {"none"}
        /\ nextGen \in Nat /\ ui \in Nat /\ reqs \in Nat /\ barriers \in Nat
        /\ w \in [Writers -> Writer]
        /\ took \in [Writers -> [Paths -> SUBSET Gens]]
        /\ gw \in [Paths -> Handles \cup {Nil}]
        /\ mv \in Paths \X Handles \cup {Nil}
        /\ udel \subseteq Paths \X Handles
        /\ restarts \in Nat /\ syncs \in Nat /\ regressed \in BOOLEAN
           /\ rescopes \in Nat /\ fails \in Nat
        /\ retiring \subseteq Handles /\ aged \subseteq Handles
           /\ ages \in Nat
        /\ rdoc \in [Paths -> Handles \cup {Nil}] /\ rlag \in BOOLEAN
        /\ anc \in [Handles -> SUBSET Handles])
       /\ (upped \subseteq Handles /\ copies \in Nat
           /\ orig \in [Handles -> Handles \cup {Nil}])
       /\ mv = Nil /\ nextGen > Seed
       /\ (/\ \A p \in Paths : doc[p] \in minted \cup {Nil}
           /\ \A p \in Paths : gw[p] \in minted \cup {Nil}
           /\ \A s \in Writers, p \in Paths :
                 (w[s].local)[p] \in minted \cup {Nil}
           /\ \A s \in Writers :
                 \A p \in w[s].uploads : (w[s].snap)[p] \in minted) ,
       NEW CONSTANT s \in Writers,
       Claim(s) ,
       Frame ,
       w[s] \in Writer ,
       /\ w' = [w EXCEPT ![s] = ClaimW(s)]
       /\ holder' = s
       /\ UNCHANGED <<live, minted, doc, seq, tomb, base, acked, conflicts,
                      gw, mv, udel, nextGen, ui, reqs, barriers, restarts,
                      syncs, regressed, rescopes, fails, upped, copies,
                      orig>> ,
       w' \in [Writers -> Writer] ,
       /\ \A q \in Paths :
             (ClaimW(s).local)[q] \in minted \cup {Nil}
             /\ ClaimW(s).uploads = w[s].uploads
             /\ ClaimW(s).snap = w[s].snap 
PROVE  (/\ \A p \in Paths : doc[p] \in minted \cup {Nil}
        /\ \A p \in Paths : gw[p] \in minted \cup {Nil}
        /\ \A s_1 \in Writers, p \in Paths :
              (w[s_1].local)[p] \in minted \cup {Nil}
        /\ \A s_1 \in Writers :
              \A p \in w[s_1].uploads : (w[s_1].snap)[p] \in minted)'

@!!END

@!!BEGIN
@!!type:obligation
@!!id:539
@!!loc:503:15:503:17
@!!status:failed
@!!prover:smt
@!!meth:time-limit: 30; time-used: 32.8 (109%)
@!!reason:timeout
@!!already:false
@!!obl:
ASSUME NEW CONSTANT Nil,
       NEW CONSTANT Paths,
       NEW CONSTANT Free,
       NEW CONSTANT Writers,
       NEW CONSTANT MaxMint,
       NEW CONSTANT MaxUI,
       NEW CONSTANT MaxRemovals,
       NEW CONSTANT MaxBarriers,
       NEW CONSTANT MaxRestarts,
       NEW CONSTANT MaxSyncs,
       NEW CONSTANT MaxAges,
       NEW CONSTANT MaxCopies,
       NEW CONSTANT CommitSurfacesForeign,
       NEW CONSTANT CommitVerifiesUploads,
       NEW CONSTANT SweepUnderLease,
       NEW CONSTANT CollectorSparesCited,
       NEW CONSTANT CommitRecordsDeleteOverride,
       NEW CONSTANT DeleteWinsPreserved,
       NEW CONSTANT ContentConverges,
       NEW CONSTANT RecheckSkipped,
       NEW CONSTANT CommitAdvanceGuarded,
       NEW CONSTANT RetireAge,
       NEW CONSTANT GatewayIgnoresLease,
       NEW CONSTANT GatewayJudgesRead,
       NEW CONSTANT GatewaySweepGrace,
       NEW CONSTANT RenameAtomic,
       NEW CONSTANT Scopes,
       NEW CONSTANT MaxRescopes,
       NEW CONSTANT ConsumeHonorsScope,
       NEW CONSTANT RescopeUnciteFirst,
       NEW CONSTANT RescopeKeepsDirty,
       NEW CONSTANT WidenKeepsLocal,
       NEW CONSTANT UnlinkChecksBytes,
       NEW CONSTANT MaxFetchFails,
       NEW CONSTANT ConsumeKeepsLeft,
       NEW CONSTANT SyncKeepsLeft,
       NEW CONSTANT Readers,
       NEW CONSTANT ReaderRechecksOwed,
       NEW VARIABLE live,
       NEW VARIABLE minted,
       NEW VARIABLE doc,
       NEW VARIABLE seq,
       NEW VARIABLE tomb,
       NEW VARIABLE base,
       NEW VARIABLE acked,
       NEW VARIABLE conflicts,
       NEW VARIABLE holder,
       NEW VARIABLE nextGen,
       NEW VARIABLE ui,
       NEW VARIABLE reqs,
       NEW VARIABLE barriers,
       NEW VARIABLE w,
       NEW VARIABLE took,
       NEW VARIABLE gw,
       NEW VARIABLE mv,
       NEW VARIABLE udel,
       NEW VARIABLE restarts,
       NEW VARIABLE syncs,
       NEW VARIABLE regressed,
       NEW VARIABLE rescopes,
       NEW VARIABLE fails,
       NEW VARIABLE upped,
       NEW VARIABLE copies,
       NEW VARIABLE orig,
       NEW VARIABLE retiring,
       NEW VARIABLE aged,
       NEW VARIABLE ages,
       NEW VARIABLE rdoc,
       NEW VARIABLE rlag,
       NEW VARIABLE anc,
       (/\ live \subseteq Handles /\ minted \subseteq Handles
           /\ live \subseteq minted
        /\ doc \in [Paths -> Handles \cup {Nil}]
        /\ seq \in Nat
        /\ tomb \in [Paths -> Handles \cup {Nil}]
        /\ base \in [Handles -> Handles \cup {Nil}]
        /\ acked \subseteq Paths \X Handles
        /\ conflicts \subseteq Paths \X (Handles \cup {Nil})
        /\ holder \in Writers \cup {"none"}
        /\ nextGen \in Nat /\ ui \in Nat /\ reqs \in Nat /\ barriers \in Nat
        /\ w \in [Writers -> Writer]
        /\ took \in [Writers -> [Paths -> SUBSET Gens]]
        /\ gw \in [Paths -> Handles \cup {Nil}]
        /\ mv \in Paths \X Handles \cup {Nil}
        /\ udel \subseteq Paths \X Handles
        /\ restarts \in Nat /\ syncs \in Nat /\ regressed \in BOOLEAN
           /\ rescopes \in Nat /\ fails \in Nat
        /\ retiring \subseteq Handles /\ aged \subseteq Handles
           /\ ages \in Nat
        /\ rdoc \in [Paths -> Handles \cup {Nil}] /\ rlag \in BOOLEAN
        /\ anc \in [Handles -> SUBSET Handles])
       /\ (upped \subseteq Handles /\ copies \in Nat
           /\ orig \in [Handles -> Handles \cup {Nil}])
       /\ mv = Nil /\ nextGen > Seed
       /\ (/\ \A p \in Paths : doc[p] \in minted \cup {Nil}
           /\ \A p \in Paths : gw[p] \in minted \cup {Nil}
           /\ \A s \in Writers, p \in Paths :
                 (w[s].local)[p] \in minted \cup {Nil}
           /\ \A s \in Writers :
                 \A p \in w[s].uploads : (w[s].snap)[p] \in minted) ,
       NEW CONSTANT s \in Writers,
       Claim(s) ,
       Frame ,
       w[s] \in Writer ,
       /\ w' = [w EXCEPT ![s] = ClaimW(s)]
       /\ holder' = s
       /\ UNCHANGED <<live, minted, doc, seq, tomb, base, acked, conflicts,
                      gw, mv, udel, nextGen, ui, reqs, barriers, restarts,
                      syncs, regressed, rescopes, fails, upped, copies,
                      orig>> ,
       w' \in [Writers -> Writer] ,
       /\ \A q \in Paths :
             (ClaimW(s).local)[q] \in minted \cup {Nil}
             /\ ClaimW(s).uploads = w[s].uploads
             /\ ClaimW(s).snap = w[s].snap 
PROVE  (/\ \A p \in Paths : doc[p] \in minted \cup {Nil}
        /\ \A p \in Paths : gw[p] \in minted \cup {Nil}
        /\ \A s_1 \in Writers, p \in Paths :
              (w[s_1].local)[p] \in minted \cup {Nil}
        /\ \A s_1 \in Writers :
              \A p \in w[s_1].uploads : (w[s_1].snap)[p] \in minted)'

@!!END

@!!BEGIN
@!!type:obligation
@!!id:551
@!!loc:515:32:515:36
@!!status:trivial
@!!prover:tlapm
@!!already:false
@!!END

@!!BEGIN
@!!type:obligation
@!!id:552
@!!loc:515:38:515:50
@!!status:trivial
@!!prover:tlapm
@!!already:false
@!!END

@!!BEGIN
@!!type:obligation
@!!id:554
@!!loc:516:37:516:41
@!!status:trivial
@!!prover:tlapm
@!!already:false
@!!END

@!!BEGIN
@!!type:obligation
@!!id:555
@!!loc:516:43:516:47
@!!status:trivial
@!!prover:tlapm
@!!already:false
@!!END

@!!BEGIN
@!!type:obligation
@!!id:553
@!!loc:516:34:516:36
@!!status:proved
@!!prover:smt
@!!meth:time-limit: 30; time-used: 4.6 (15%)
@!!already:false
@!!END

@!!BEGIN
@!!type:obligation
@!!id:557
@!!loc:517:18:517:22
@!!status:trivial
@!!prover:tlapm
@!!already:false
@!!END

@!!BEGIN
@!!type:obligation
@!!id:558
@!!loc:517:24:517:28
@!!status:trivial
@!!prover:tlapm
@!!already:false
@!!END

@!!BEGIN
@!!type:obligation
@!!id:559
@!!loc:517:30:517:41
@!!status:trivial
@!!prover:tlapm
@!!already:false
@!!END

@!!BEGIN
@!!type:obligation
@!!id:556
@!!loc:517:15:517:17
@!!status:proved
@!!prover:smt
@!!meth:time-limit: 30; time-used: 4.1 (14%)
@!!already:false
@!!END

@!!BEGIN
@!!type:obligation
@!!id:561
@!!loc:518:18:518:22
@!!status:trivial
@!!prover:tlapm
@!!already:false
@!!END

@!!BEGIN
@!!type:obligation
@!!id:562
@!!loc:518:24:518:28
@!!status:trivial
@!!prover:tlapm
@!!already:false
@!!END

@!!BEGIN
@!!type:obligation
@!!id:563
@!!loc:518:30:518:34
@!!status:trivial
@!!prover:tlapm
@!!already:false
@!!END

@!!BEGIN
@!!type:obligation
@!!id:560
@!!loc:518:15:518:17
@!!status:proved
@!!prover:smt
@!!meth:time-limit: 30; time-used: 4.4 (15%)
@!!already:false
@!!END

@!!BEGIN
@!!type:obligation
@!!id:565
@!!loc:519:50:519:54
@!!status:trivial
@!!prover:tlapm
@!!already:false
@!!END

@!!BEGIN
@!!type:obligation
@!!id:566
@!!loc:522:3:522:5
@!!status:failed
@!!prover:smt
@!!meth:time-limit: 30; time-used: 30.0 (100%)
@!!reason:internal timeout
@!!already:false
@!!obl:
\* internal timeout while processing obligation
ASSUME NEW CONSTANT Nil,
       NEW CONSTANT Paths,
       NEW CONSTANT Free,
       NEW CONSTANT Writers,
       NEW CONSTANT MaxMint,
       NEW CONSTANT MaxUI,
       NEW CONSTANT MaxRemovals,
       NEW CONSTANT MaxBarriers,
       NEW CONSTANT MaxRestarts,
       NEW CONSTANT MaxSyncs,
       NEW CONSTANT MaxAges,
       NEW CONSTANT MaxCopies,
       NEW CONSTANT CommitSurfacesForeign,
       NEW CONSTANT CommitVerifiesUploads,
       NEW CONSTANT SweepUnderLease,
       NEW CONSTANT CollectorSparesCited,
       NEW CONSTANT CommitRecordsDeleteOverride,
       NEW CONSTANT DeleteWinsPreserved,
       NEW CONSTANT ContentConverges,
       NEW CONSTANT RecheckSkipped,
       NEW CONSTANT CommitAdvanceGuarded,
       NEW CONSTANT RetireAge,
       NEW CONSTANT GatewayIgnoresLease,
       NEW CONSTANT GatewayJudgesRead,
       NEW CONSTANT GatewaySweepGrace,
       NEW CONSTANT RenameAtomic,
       NEW CONSTANT Scopes,
       NEW CONSTANT MaxRescopes,
       NEW CONSTANT ConsumeHonorsScope,
       NEW CONSTANT RescopeUnciteFirst,
       NEW CONSTANT RescopeKeepsDirty,
       NEW CONSTANT WidenKeepsLocal,
       NEW CONSTANT UnlinkChecksBytes,
       NEW CONSTANT MaxFetchFails,
       NEW CONSTANT ConsumeKeepsLeft,
       NEW CONSTANT SyncKeepsLeft,
       NEW CONSTANT Readers,
       NEW CONSTANT ReaderRechecksOwed,
       Opt(S) == S \cup {Nil},
       NEW VARIABLE live,
       NEW VARIABLE minted,
       NEW VARIABLE doc,
       NEW VARIABLE seq,
       NEW VARIABLE tomb,
       NEW VARIABLE base,
       NEW VARIABLE acked,
       NEW VARIABLE conflicts,
       NEW VARIABLE holder,
       NEW VARIABLE nextGen,
       NEW VARIABLE ui,
       NEW VARIABLE reqs,
       NEW VARIABLE barriers,
       NEW VARIABLE w,
       NEW VARIABLE took,
       NEW VARIABLE gw,
       NEW VARIABLE mv,
       NEW VARIABLE udel,
       NEW VARIABLE restarts,
       NEW VARIABLE syncs,
       NEW VARIABLE regressed,
       NEW VARIABLE rescopes,
       NEW VARIABLE fails,
       NEW VARIABLE upped,
       NEW VARIABLE copies,
       NEW VARIABLE orig,
       NEW VARIABLE retiring,
       NEW VARIABLE aged,
       NEW VARIABLE ages,
       NEW VARIABLE rdoc,
       NEW VARIABLE rlag,
       NEW VARIABLE anc,
       TypeOK ==
         /\ live \subseteq Handles /\ minted \subseteq Handles
            /\ live \subseteq minted
         /\ doc \in [Paths -> Opt(Handles)]
         /\ seq \in Nat
         /\ tomb \in [Paths -> Opt(Handles)]
         /\ base \in [Handles -> Opt(Handles)]
         /\ acked \subseteq Paths \X Handles
         /\ conflicts \subseteq Paths \X Opt(Handles)
         /\ holder \in Writers \cup {"none"}
         /\ nextGen \in Nat /\ ui \in Nat /\ reqs \in Nat /\ barriers \in Nat
         /\ w \in [Writers -> Writer]
         /\ took \in [Writers -> [Paths -> SUBSET Gens]]
         /\ gw \in [Paths -> Opt(Handles)]
         /\ mv \in Opt(Paths \X Handles)
         /\ udel \subseteq Paths \X Handles
         /\ restarts \in Nat /\ syncs \in Nat /\ regressed \in BOOLEAN
            /\ rescopes \in Nat /\ fails \in Nat
         /\ retiring \subseteq Handles /\ aged \subseteq Handles
            /\ ages \in Nat
         /\ rdoc \in [Paths -> Opt(Handles)] /\ rlag \in BOOLEAN
         /\ anc \in [Handles -> SUBSET Handles],
       VerifyW(s) ==
         [st |-> w[s].st, pc |-> w[s].pc, local |-> w[s].local,
          baseline |-> w[s].baseline, integrated |-> w[s].integrated,
          uploads |-> w[s].uploads, deletes |-> w[s].deletes,
          snap |-> w[s].snap, upDone |-> w[s].upDone,
          gone |-> IF CommitVerifiesUploads
                     THEN {p \in w[s].uploads \cap w[s].upDone :
                             (w[s].snap)[p] \notin live}
                     ELSE {},
          verified |-> TRUE, inst |-> w[s].inst, retire |-> w[s].retire,
          collected |-> w[s].collected, adv |-> w[s].adv,
          synced |-> w[s].synced, derived |-> w[s].derived,
          skipped |-> w[s].skipped, scope |-> w[s].scope,
          sStage |-> w[s].sStage, sTgt |-> w[s].sTgt, sDrop |-> w[s].sDrop,
          sKeep |-> w[s].sKeep, sHeld |-> w[s].sHeld,
          unlinked |-> w[s].unlinked, memo |-> w[s].memo, rnow |-> w[s].rnow],
       ShippedShape == Shipped,
       FreePaths == Free \subseteq Paths,
       MaxMintNat == MaxMint \in Nat /\ MaxMint >= 1,
       ScopesPaths == Scopes \subseteq SUBSET Paths /\ Scopes # {},
       ReadersWriters == Readers \subseteq Writers,
       NilHandle == Nil \notin Handles,
       NoneWriter == "none" \notin Writers,
       MaxCopiesNat == MaxCopies \in Nat,
       PathsFinite == IsFiniteSet(Paths),
       Ghosts ==
         upped \subseteq Handles /\ copies \in Nat
         /\ orig \in [Handles -> Opt(Handles)],
       Minted ==
         /\ \A p \in Paths : doc[p] \in Opt(minted)
         /\ \A p \in Paths : gw[p] \in Opt(minted)
         /\ \A s \in Writers, p \in Paths : (w[s].local)[p] \in Opt(minted)
         /\ \A s \in Writers :
               \A p \in w[s].uploads : (w[s].snap)[p] \in minted,
       IndTypeOK == TypeOK /\ Ghosts /\ mv = Nil /\ nextGen > Seed /\ Minted,
       IndTypeOK ,
       NEW CONSTANT s \in Writers,
       Verify(s) ,
       Frame ,
       <1>0 ,
       WriterFields 
PROVE  /\ \A q \in Paths :
             (VerifyW(s).local)[q] \in Opt(minted)
             /\ VerifyW(s).uploads = w[s].uploads
             /\ VerifyW(s).snap = w[s].snap

@!!END

@!!BEGIN
@!!type:obligation
@!!id:564
@!!loc:519:47:519:49
@!!status:proved
@!!prover:smt
@!!meth:time-limit: 30; time-used: 32.3 (108%)
@!!already:false
@!!END

@!!BEGIN
@!!type:obligation
@!!id:567
@!!loc:522:6:522:10
@!!status:trivial
@!!prover:tlapm
@!!already:false
@!!END

@!!BEGIN
@!!type:obligation
@!!id:568
@!!loc:522:12:522:24
@!!status:trivial
@!!prover:tlapm
@!!already:false
@!!END

@!!BEGIN
@!!type:obligation
@!!id:570
@!!loc:523:18:523:22
@!!status:trivial
@!!prover:tlapm
@!!already:false
@!!END

@!!BEGIN
@!!type:obligation
@!!id:571
@!!loc:523:24:523:28
@!!status:trivial
@!!prover:tlapm
@!!already:false
@!!END

@!!BEGIN
@!!type:obligation
@!!id:572
@!!loc:523:30:523:34
@!!status:trivial
@!!prover:tlapm
@!!already:false
@!!END

@!!BEGIN
@!!type:obligation
@!!id:573
@!!loc:523:36:523:40
@!!status:trivial
@!!prover:tlapm
@!!already:false
@!!END

@!!BEGIN
@!!type:obligation
@!!id:569
@!!loc:523:15:523:17
@!!status:being proved
@!!prover:smt
@!!meth:time-limit: 30
@!!obl:
ASSUME NEW CONSTANT Nil,
       NEW CONSTANT Paths,
       NEW CONSTANT Free,
       NEW CONSTANT Writers,
       NEW CONSTANT MaxMint,
       NEW CONSTANT MaxUI,
       NEW CONSTANT MaxRemovals,
       NEW CONSTANT MaxBarriers,
       NEW CONSTANT MaxRestarts,
       NEW CONSTANT MaxSyncs,
       NEW CONSTANT MaxAges,
       NEW CONSTANT MaxCopies,
       NEW CONSTANT CommitSurfacesForeign,
       NEW CONSTANT CommitVerifiesUploads,
       NEW CONSTANT SweepUnderLease,
       NEW CONSTANT CollectorSparesCited,
       NEW CONSTANT CommitRecordsDeleteOverride,
       NEW CONSTANT DeleteWinsPreserved,
       NEW CONSTANT ContentConverges,
       NEW CONSTANT RecheckSkipped,
       NEW CONSTANT CommitAdvanceGuarded,
       NEW CONSTANT RetireAge,
       NEW CONSTANT GatewayIgnoresLease,
       NEW CONSTANT GatewayJudgesRead,
       NEW CONSTANT GatewaySweepGrace,
       NEW CONSTANT RenameAtomic,
       NEW CONSTANT Scopes,
       NEW CONSTANT MaxRescopes,
       NEW CONSTANT ConsumeHonorsScope,
       NEW CONSTANT RescopeUnciteFirst,
       NEW CONSTANT RescopeKeepsDirty,
       NEW CONSTANT WidenKeepsLocal,
       NEW CONSTANT UnlinkChecksBytes,
       NEW CONSTANT MaxFetchFails,
       NEW CONSTANT ConsumeKeepsLeft,
       NEW CONSTANT SyncKeepsLeft,
       NEW CONSTANT Readers,
       NEW CONSTANT ReaderRechecksOwed,
       NEW VARIABLE live,
       NEW VARIABLE minted,
       NEW VARIABLE doc,
       NEW VARIABLE seq,
       NEW VARIABLE tomb,
       NEW VARIABLE base,
       NEW VARIABLE acked,
       NEW VARIABLE conflicts,
       NEW VARIABLE holder,
       NEW VARIABLE nextGen,
       NEW VARIABLE ui,
       NEW VARIABLE reqs,
       NEW VARIABLE barriers,
       NEW VARIABLE w,
       NEW VARIABLE took,
       NEW VARIABLE gw,
       NEW VARIABLE mv,
       NEW VARIABLE udel,
       NEW VARIABLE restarts,
       NEW VARIABLE syncs,
       NEW VARIABLE regressed,
       NEW VARIABLE rescopes,
       NEW VARIABLE fails,
       NEW VARIABLE upped,
       NEW VARIABLE copies,
       NEW VARIABLE orig,
       NEW VARIABLE retiring,
       NEW VARIABLE aged,
       NEW VARIABLE ages,
       NEW VARIABLE rdoc,
       NEW VARIABLE rlag,
       NEW VARIABLE anc,
       (/\ live \subseteq Handles /\ minted \subseteq Handles
           /\ live \subseteq minted
        /\ doc \in [Paths -> Handles \cup {Nil}]
        /\ seq \in Nat
        /\ tomb \in [Paths -> Handles \cup {Nil}]
        /\ base \in [Handles -> Handles \cup {Nil}]
        /\ acked \subseteq Paths \X Handles
        /\ conflicts \subseteq Paths \X (Handles \cup {Nil})
        /\ holder \in Writers \cup {"none"}
        /\ nextGen \in Nat /\ ui \in Nat /\ reqs \in Nat /\ barriers \in Nat
        /\ w \in [Writers -> Writer]
        /\ took \in [Writers -> [Paths -> SUBSET Gens]]
        /\ gw \in [Paths -> Handles \cup {Nil}]
        /\ mv \in Paths \X Handles \cup {Nil}
        /\ udel \subseteq Paths \X Handles
        /\ restarts \in Nat /\ syncs \in Nat /\ regressed \in BOOLEAN
           /\ rescopes \in Nat /\ fails \in Nat
        /\ retiring \subseteq Handles /\ aged \subseteq Handles
           /\ ages \in Nat
        /\ rdoc \in [Paths -> Handles \cup {Nil}] /\ rlag \in BOOLEAN
        /\ anc \in [Handles -> SUBSET Handles])
       /\ (upped \subseteq Handles /\ copies \in Nat
           /\ orig \in [Handles -> Handles \cup {Nil}])
       /\ mv = Nil /\ nextGen > Seed
       /\ (/\ \A p \in Paths : doc[p] \in minted \cup {Nil}
           /\ \A p \in Paths : gw[p] \in minted \cup {Nil}
           /\ \A s \in Writers, p \in Paths :
                 (w[s].local)[p] \in minted \cup {Nil}
           /\ \A s \in Writers :
                 \A p \in w[s].uploads : (w[s].snap)[p] \in minted) ,
       NEW CONSTANT s \in Writers,
       Verify(s) ,
       Frame ,
       w[s] \in Writer ,
       /\ w' = [w EXCEPT ![s] = VerifyW(s)]
       /\ UNCHANGED <<live, minted, doc, seq, tomb, base, acked, conflicts,
                      holder, gw, mv, udel, nextGen, ui, reqs, barriers,
                      restarts, syncs, regressed, rescopes, fails, upped,
                      copies, orig>> ,
       w' \in [Writers -> Writer] ,
       /\ \A q \in Paths :
             (VerifyW(s).local)[q] \in minted \cup {Nil}
             /\ VerifyW(s).uploads = w[s].uploads
             /\ VerifyW(s).snap = w[s].snap 
PROVE  (/\ \A p \in Paths : doc[p] \in minted \cup {Nil}
        /\ \A p \in Paths : gw[p] \in minted \cup {Nil}
        /\ \A s_1 \in Writers, p \in Paths :
              (w[s_1].local)[p] \in minted \cup {Nil}
        /\ \A s_1 \in Writers :
              \A p \in w[s_1].uploads : (w[s_1].snap)[p] \in minted)'

@!!END

@!!BEGIN
@!!type:obligation
@!!id:574
@!!loc:561:10:561:12
@!!status:proved
@!!prover:smt
@!!meth:time-limit: 30
@!!already:true
@!!END

@!!BEGIN
@!!type:obligation
@!!id:575
@!!loc:561:13:561:18
@!!status:trivial
@!!prover:tlapm
@!!already:false
@!!END

@!!BEGIN
@!!type:obligation
@!!id:576
@!!loc:561:20:561:25
@!!status:trivial
@!!prover:tlapm
@!!already:false
@!!END

@!!BEGIN
@!!type:obligation
@!!id:577
@!!loc:561:27:561:32
@!!status:trivial
@!!prover:tlapm
@!!already:false
@!!END

@!!BEGIN
@!!type:obligation
@!!id:578
@!!loc:530:23:530:30
@!!status:proved
@!!prover:smt
@!!meth:time-limit: 30
@!!already:true
@!!END

@!!BEGIN
@!!type:obligation
@!!id:580
@!!loc:545:3:545:5
@!!status:failed
@!!prover:smt
@!!meth:time-limit: 30; time-used: 30.0 (100%)
@!!reason:internal timeout
@!!already:false
@!!obl:
\* internal timeout while processing obligation
ASSUME NEW CONSTANT Nil,
       NEW CONSTANT Paths,
       NEW CONSTANT Free,
       NEW CONSTANT Writers,
       NEW CONSTANT MaxMint,
       NEW CONSTANT MaxUI,
       NEW CONSTANT MaxRemovals,
       NEW CONSTANT MaxBarriers,
       NEW CONSTANT MaxRestarts,
       NEW CONSTANT MaxSyncs,
       NEW CONSTANT MaxAges,
       NEW CONSTANT MaxCopies,
       NEW CONSTANT CommitSurfacesForeign,
       NEW CONSTANT CommitVerifiesUploads,
       NEW CONSTANT SweepUnderLease,
       NEW CONSTANT CollectorSparesCited,
       NEW CONSTANT CommitRecordsDeleteOverride,
       NEW CONSTANT DeleteWinsPreserved,
       NEW CONSTANT ContentConverges,
       NEW CONSTANT RecheckSkipped,
       NEW CONSTANT CommitAdvanceGuarded,
       NEW CONSTANT RetireAge,
       NEW CONSTANT GatewayIgnoresLease,
       NEW CONSTANT GatewayJudgesRead,
       NEW CONSTANT GatewaySweepGrace,
       NEW CONSTANT RenameAtomic,
       NEW CONSTANT Scopes,
       NEW CONSTANT MaxRescopes,
       NEW CONSTANT ConsumeHonorsScope,
       NEW CONSTANT RescopeUnciteFirst,
       NEW CONSTANT RescopeKeepsDirty,
       NEW CONSTANT WidenKeepsLocal,
       NEW CONSTANT UnlinkChecksBytes,
       NEW CONSTANT MaxFetchFails,
       NEW CONSTANT ConsumeKeepsLeft,
       NEW CONSTANT SyncKeepsLeft,
       NEW CONSTANT Readers,
       NEW CONSTANT ReaderRechecksOwed,
       NEW VARIABLE live,
       NEW VARIABLE minted,
       NEW VARIABLE doc,
       NEW VARIABLE seq,
       NEW VARIABLE tomb,
       NEW VARIABLE base,
       NEW VARIABLE acked,
       NEW VARIABLE conflicts,
       NEW VARIABLE holder,
       NEW VARIABLE nextGen,
       NEW VARIABLE ui,
       NEW VARIABLE reqs,
       NEW VARIABLE barriers,
       NEW VARIABLE w,
       NEW VARIABLE took,
       NEW VARIABLE gw,
       NEW VARIABLE mv,
       NEW VARIABLE udel,
       NEW VARIABLE restarts,
       NEW VARIABLE syncs,
       NEW VARIABLE regressed,
       NEW VARIABLE rescopes,
       NEW VARIABLE fails,
       NEW VARIABLE upped,
       NEW VARIABLE copies,
       NEW VARIABLE orig,
       NEW VARIABLE retiring,
       NEW VARIABLE aged,
       NEW VARIABLE ages,
       NEW VARIABLE rdoc,
       NEW VARIABLE rlag,
       NEW VARIABLE anc,
       TypeOK ==
         /\ live \subseteq Handles /\ minted \subseteq Handles
            /\ live \subseteq minted
         /\ doc \in [Paths -> Opt(Handles)]
         /\ seq \in Nat
         /\ tomb \in [Paths -> Opt(Handles)]
         /\ base \in [Handles -> Opt(Handles)]
         /\ acked \subseteq Paths \X Handles
         /\ conflicts \subseteq Paths \X Opt(Handles)
         /\ holder \in Writers \cup {"none"}
         /\ nextGen \in Nat /\ ui \in Nat /\ reqs \in Nat /\ barriers \in Nat
         /\ w \in [Writers -> Writer]
         /\ took \in [Writers -> [Paths -> SUBSET Gens]]
         /\ gw \in [Paths -> Opt(Handles)]
         /\ mv \in Opt(Paths \X Handles)
         /\ udel \subseteq Paths \X Handles
         /\ restarts \in Nat /\ syncs \in Nat /\ regressed \in BOOLEAN
            /\ rescopes \in Nat /\ fails \in Nat
         /\ retiring \subseteq Handles /\ aged \subseteq Handles
            /\ ages \in Nat
         /\ rdoc \in [Paths -> Opt(Handles)] /\ rlag \in BOOLEAN
         /\ anc \in [Handles -> SUBSET Handles],
       InstallMine(s) == w[s].uploads \cap w[s].upDone,
       ShippedShape == Shipped,
       FreePaths == Free \subseteq Paths,
       MaxMintNat == MaxMint \in Nat /\ MaxMint >= 1,
       ScopesPaths == Scopes \subseteq SUBSET Paths /\ Scopes # {},
       ReadersWriters == Readers \subseteq Writers,
       NilHandle == Nil \notin Handles,
       NoneWriter == "none" \notin Writers,
       MaxCopiesNat == MaxCopies \in Nat,
       PathsFinite == IsFiniteSet(Paths),
       Ghosts ==
         upped \subseteq Handles /\ copies \in Nat
         /\ orig \in [Handles -> Opt(Handles)],
       Minted ==
         /\ \A p \in Paths : doc[p] \in Opt(minted)
         /\ \A p \in Paths : gw[p] \in Opt(minted)
         /\ \A s \in Writers, p \in Paths : (w[s].local)[p] \in Opt(minted)
         /\ \A s \in Writers :
               \A p \in w[s].uploads : (w[s].snap)[p] \in minted,
       IndTypeOK == TypeOK /\ Ghosts /\ mv = Nil /\ nextGen > Seed /\ Minted,
       IndTypeOK ,
       NEW CONSTANT s \in Writers,
       Install(s) ,
       Frame ,
       <1>0 ,
       WriterFields 
PROVE  \A p \in InstallMine(s) :
          (w[s].snap)[p] \in minted /\ (w[s].snap)[p] \in Handles

@!!END

@!!BEGIN
@!!type:obligation
@!!id:579
@!!loc:543:3:543:5
@!!status:proved
@!!prover:smt
@!!meth:time-limit: 30; time-used: 31.2 (104%)
@!!already:false
@!!END

@!!BEGIN
@!!type:obligation
@!!id:569
@!!loc:523:15:523:17
@!!status:failed
@!!prover:smt
@!!meth:time-limit: 30; time-used: 42.4 (141%)
@!!reason:timeout
@!!already:false
@!!obl:
ASSUME NEW CONSTANT Nil,
       NEW CONSTANT Paths,
       NEW CONSTANT Free,
       NEW CONSTANT Writers,
       NEW CONSTANT MaxMint,
       NEW CONSTANT MaxUI,
       NEW CONSTANT MaxRemovals,
       NEW CONSTANT MaxBarriers,
       NEW CONSTANT MaxRestarts,
       NEW CONSTANT MaxSyncs,
       NEW CONSTANT MaxAges,
       NEW CONSTANT MaxCopies,
       NEW CONSTANT CommitSurfacesForeign,
       NEW CONSTANT CommitVerifiesUploads,
       NEW CONSTANT SweepUnderLease,
       NEW CONSTANT CollectorSparesCited,
       NEW CONSTANT CommitRecordsDeleteOverride,
       NEW CONSTANT DeleteWinsPreserved,
       NEW CONSTANT ContentConverges,
       NEW CONSTANT RecheckSkipped,
       NEW CONSTANT CommitAdvanceGuarded,
       NEW CONSTANT RetireAge,
       NEW CONSTANT GatewayIgnoresLease,
       NEW CONSTANT GatewayJudgesRead,
       NEW CONSTANT GatewaySweepGrace,
       NEW CONSTANT RenameAtomic,
       NEW CONSTANT Scopes,
       NEW CONSTANT MaxRescopes,
       NEW CONSTANT ConsumeHonorsScope,
       NEW CONSTANT RescopeUnciteFirst,
       NEW CONSTANT RescopeKeepsDirty,
       NEW CONSTANT WidenKeepsLocal,
       NEW CONSTANT UnlinkChecksBytes,
       NEW CONSTANT MaxFetchFails,
       NEW CONSTANT ConsumeKeepsLeft,
       NEW CONSTANT SyncKeepsLeft,
       NEW CONSTANT Readers,
       NEW CONSTANT ReaderRechecksOwed,
       NEW VARIABLE live,
       NEW VARIABLE minted,
       NEW VARIABLE doc,
       NEW VARIABLE seq,
       NEW VARIABLE tomb,
       NEW VARIABLE base,
       NEW VARIABLE acked,
       NEW VARIABLE conflicts,
       NEW VARIABLE holder,
       NEW VARIABLE nextGen,
       NEW VARIABLE ui,
       NEW VARIABLE reqs,
       NEW VARIABLE barriers,
       NEW VARIABLE w,
       NEW VARIABLE took,
       NEW VARIABLE gw,
       NEW VARIABLE mv,
       NEW VARIABLE udel,
       NEW VARIABLE restarts,
       NEW VARIABLE syncs,
       NEW VARIABLE regressed,
       NEW VARIABLE rescopes,
       NEW VARIABLE fails,
       NEW VARIABLE upped,
       NEW VARIABLE copies,
       NEW VARIABLE orig,
       NEW VARIABLE retiring,
       NEW VARIABLE aged,
       NEW VARIABLE ages,
       NEW VARIABLE rdoc,
       NEW VARIABLE rlag,
       NEW VARIABLE anc,
       (/\ live \subseteq Handles /\ minted \subseteq Handles
           /\ live \subseteq minted
        /\ doc \in [Paths -> Handles \cup {Nil}]
        /\ seq \in Nat
        /\ tomb \in [Paths -> Handles \cup {Nil}]
        /\ base \in [Handles -> Handles \cup {Nil}]
        /\ acked \subseteq Paths \X Handles
        /\ conflicts \subseteq Paths \X (Handles \cup {Nil})
        /\ holder \in Writers \cup {"none"}
        /\ nextGen \in Nat /\ ui \in Nat /\ reqs \in Nat /\ barriers \in Nat
        /\ w \in [Writers -> Writer]
        /\ took \in [Writers -> [Paths -> SUBSET Gens]]
        /\ gw \in [Paths -> Handles \cup {Nil}]
        /\ mv \in Paths \X Handles \cup {Nil}
        /\ udel \subseteq Paths \X Handles
        /\ restarts \in Nat /\ syncs \in Nat /\ regressed \in BOOLEAN
           /\ rescopes \in Nat /\ fails \in Nat
        /\ retiring \subseteq Handles /\ aged \subseteq Handles
           /\ ages \in Nat
        /\ rdoc \in [Paths -> Handles \cup {Nil}] /\ rlag \in BOOLEAN
        /\ anc \in [Handles -> SUBSET Handles])
       /\ (upped \subseteq Handles /\ copies \in Nat
           /\ orig \in [Handles -> Handles \cup {Nil}])
       /\ mv = Nil /\ nextGen > Seed
       /\ (/\ \A p \in Paths : doc[p] \in minted \cup {Nil}
           /\ \A p \in Paths : gw[p] \in minted \cup {Nil}
           /\ \A s \in Writers, p \in Paths :
                 (w[s].local)[p] \in minted \cup {Nil}
           /\ \A s \in Writers :
                 \A p \in w[s].uploads : (w[s].snap)[p] \in minted) ,
       NEW CONSTANT s \in Writers,
       Verify(s) ,
       Frame ,
       w[s] \in Writer ,
       /\ w' = [w EXCEPT ![s] = VerifyW(s)]
       /\ UNCHANGED <<live, minted, doc, seq, tomb, base, acked, conflicts,
                      holder, gw, mv, udel, nextGen, ui, reqs, barriers,
                      restarts, syncs, regressed, rescopes, fails, upped,
                      copies, orig>> ,
       w' \in [Writers -> Writer] ,
       /\ \A q \in Paths :
             (VerifyW(s).local)[q] \in minted \cup {Nil}
             /\ VerifyW(s).uploads = w[s].uploads
             /\ VerifyW(s).snap = w[s].snap 
PROVE  (/\ \A p \in Paths : doc[p] \in minted \cup {Nil}
        /\ \A p \in Paths : gw[p] \in minted \cup {Nil}
        /\ \A s_1 \in Writers, p \in Paths :
              (w[s_1].local)[p] \in minted \cup {Nil}
        /\ \A s_1 \in Writers :
              \A p \in w[s_1].uploads : (w[s_1].snap)[p] \in minted)'

@!!END

@!!BEGIN
@!!type:obligation
@!!id:581
@!!loc:545:6:545:10
@!!status:trivial
@!!prover:tlapm
@!!already:false
@!!END

@!!BEGIN
@!!type:obligation
@!!id:582
@!!loc:545:12:545:24
@!!status:trivial
@!!prover:tlapm
@!!already:false
@!!END

@!!BEGIN
@!!type:obligation
@!!id:584
@!!loc:547:6:547:10
@!!status:trivial
@!!prover:tlapm
@!!already:false
@!!END

@!!BEGIN
@!!type:obligation
@!!id:585
@!!loc:547:12:547:16
@!!status:trivial
@!!prover:tlapm
@!!already:false
@!!END

@!!BEGIN
@!!type:obligation
@!!id:586
@!!loc:547:18:547:30
@!!status:trivial
@!!prover:tlapm
@!!already:false
@!!END

@!!BEGIN
@!!type:obligation
@!!id:587
@!!loc:548:43:548:45
@!!status:proved
@!!prover:smt
@!!meth:time-limit: 30; time-used: 13.2 (44%)
@!!already:false
@!!END

@!!BEGIN
@!!type:obligation
@!!id:583
@!!loc:547:3:547:5
@!!status:proved
@!!prover:smt
@!!meth:time-limit: 30; time-used: 14.8 (49%)
@!!already:false
@!!END

@!!BEGIN
@!!type:obligation
@!!id:589
@!!loc:550:6:550:10
@!!status:trivial
@!!prover:tlapm
@!!already:false
@!!END

@!!BEGIN
@!!type:obligation
@!!id:590
@!!loc:550:12:550:16
@!!status:trivial
@!!prover:tlapm
@!!already:false
@!!END

@!!BEGIN
@!!type:obligation
@!!id:591
@!!loc:550:18:550:30
@!!status:trivial
@!!prover:tlapm
@!!already:false
@!!END

WARNING: (5960,54): 'distinct' cannot be used in patterns.
WARNING: (5960,54): 'if' cannot be used in patterns.
@!!BEGIN
@!!type:obligation
@!!id:588
@!!loc:550:3:550:5
@!!status:being proved
@!!prover:smt
@!!meth:time-limit: 30
@!!obl:
ASSUME NEW CONSTANT Nil,
       NEW CONSTANT Paths,
       NEW CONSTANT Free,
       NEW CONSTANT Writers,
       NEW CONSTANT MaxMint,
       NEW CONSTANT MaxUI,
       NEW CONSTANT MaxRemovals,
       NEW CONSTANT MaxBarriers,
       NEW CONSTANT MaxRestarts,
       NEW CONSTANT MaxSyncs,
       NEW CONSTANT MaxAges,
       NEW CONSTANT MaxCopies,
       NEW CONSTANT CommitSurfacesForeign,
       NEW CONSTANT CommitVerifiesUploads,
       NEW CONSTANT SweepUnderLease,
       NEW CONSTANT CollectorSparesCited,
       NEW CONSTANT CommitRecordsDeleteOverride,
       NEW CONSTANT DeleteWinsPreserved,
       NEW CONSTANT ContentConverges,
       NEW CONSTANT RecheckSkipped,
       NEW CONSTANT CommitAdvanceGuarded,
       NEW CONSTANT RetireAge,
       NEW CONSTANT GatewayIgnoresLease,
       NEW CONSTANT GatewayJudgesRead,
       NEW CONSTANT GatewaySweepGrace,
       NEW CONSTANT RenameAtomic,
       NEW CONSTANT Scopes,
       NEW CONSTANT MaxRescopes,
       NEW CONSTANT ConsumeHonorsScope,
       NEW CONSTANT RescopeUnciteFirst,
       NEW CONSTANT RescopeKeepsDirty,
       NEW CONSTANT WidenKeepsLocal,
       NEW CONSTANT UnlinkChecksBytes,
       NEW CONSTANT MaxFetchFails,
       NEW CONSTANT ConsumeKeepsLeft,
       NEW CONSTANT SyncKeepsLeft,
       NEW CONSTANT Readers,
       NEW CONSTANT ReaderRechecksOwed,
       NEW VARIABLE live,
       NEW VARIABLE minted,
       NEW VARIABLE doc,
       NEW VARIABLE seq,
       NEW VARIABLE tomb,
       NEW VARIABLE base,
       NEW VARIABLE acked,
       NEW VARIABLE conflicts,
       NEW VARIABLE holder,
       NEW VARIABLE nextGen,
       NEW VARIABLE ui,
       NEW VARIABLE reqs,
       NEW VARIABLE barriers,
       NEW VARIABLE w,
       NEW VARIABLE took,
       NEW VARIABLE gw,
       NEW VARIABLE mv,
       NEW VARIABLE udel,
       NEW VARIABLE restarts,
       NEW VARIABLE syncs,
       NEW VARIABLE regressed,
       NEW VARIABLE rescopes,
       NEW VARIABLE fails,
       NEW VARIABLE upped,
       NEW VARIABLE copies,
       NEW VARIABLE orig,
       NEW VARIABLE retiring,
       NEW VARIABLE aged,
       NEW VARIABLE ages,
       NEW VARIABLE rdoc,
       NEW VARIABLE rlag,
       NEW VARIABLE anc,
       (/\ live \subseteq Handles /\ minted \subseteq Handles
           /\ live \subseteq minted
        /\ doc \in [Paths -> Handles \cup {Nil}]
        /\ seq \in Nat
        /\ tomb \in [Paths -> Handles \cup {Nil}]
        /\ base \in [Handles -> Handles \cup {Nil}]
        /\ acked \subseteq Paths \X Handles
        /\ conflicts \subseteq Paths \X (Handles \cup {Nil})
        /\ holder \in Writers \cup {"none"}
        /\ nextGen \in Nat /\ ui \in Nat /\ reqs \in Nat /\ barriers \in Nat
        /\ w \in [Writers -> Writer]
        /\ took \in [Writers -> [Paths -> SUBSET Gens]]
        /\ gw \in [Paths -> Handles \cup {Nil}]
        /\ mv \in Paths \X Handles \cup {Nil}
        /\ udel \subseteq Paths \X Handles
        /\ restarts \in Nat /\ syncs \in Nat /\ regressed \in BOOLEAN
           /\ rescopes \in Nat /\ fails \in Nat
        /\ retiring \subseteq Handles /\ aged \subseteq Handles
           /\ ages \in Nat
        /\ rdoc \in [Paths -> Handles \cup {Nil}] /\ rlag \in BOOLEAN
        /\ anc \in [Handles -> SUBSET Handles])
       /\ (upped \subseteq Handles /\ copies \in Nat
           /\ orig \in [Handles -> Handles \cup {Nil}])
       /\ mv = Nil /\ nextGen > Seed
       /\ (/\ \A p \in Paths : doc[p] \in minted \cup {Nil}
           /\ \A p \in Paths : gw[p] \in minted \cup {Nil}
           /\ \A s \in Writers, p \in Paths :
                 (w[s].local)[p] \in minted \cup {Nil}
           /\ \A s \in Writers :
                 \A p \in w[s].uploads : (w[s].snap)[p] \in minted) ,
       NEW CONSTANT s \in Writers,
       Install(s) ,
       Frame ,
       w[s] \in Writer ,
       /\ doc' = InstallInst(s)
       /\ seq' = (IF InstallInst(s) = doc THEN seq ELSE seq + 1)
       /\ tomb'
          = [p \in Paths |->
               IF InstallInst(s)[p] # Nil
                 THEN Nil
                 ELSE IF doc[p] # Nil THEN doc[p] ELSE tomb[p]]
       /\ conflicts'
          = conflicts \cup {<<p, (w[s].snap)[p]>> : p \in w[s].gone}
            \cup {<<p, doc[p]>> :
                    p
                    \in IF CommitSurfacesForeign
                          THEN {p \in
                                  (w[s].uploads \cap w[s].upDone) \ w[s].gone :
                                  Foreign(s, p) /\ doc[p] # Nil}
                          ELSE {}}
            \cup {<<p,
                    IF tomb[p] # Nil THEN tomb[p] ELSE (w[s].baseline)[p]>> :
                    p
                    \in IF CommitRecordsDeleteOverride
                          THEN {p \in
                                  (w[s].uploads \cap w[s].upDone) \ w[s].gone :
                                  Foreign(s, p) /\ doc[p] = Nil
                                  /\ (w[s].baseline)[p] # Nil}
                          ELSE {}}
            \cup {<<p, doc[p]>> :
                    p
                    \in IF DeleteWinsPreserved
                          THEN {p \in w[s].deletes :
                                  Foreign(s, p) /\ doc[p] # Nil}
                          ELSE {}}
       /\ w' = [w EXCEPT ![s] = InstallW(s)]
       /\ UNCHANGED <<live, minted, base, acked, holder, gw, mv, udel,
                      nextGen, ui, reqs, barriers, restarts, syncs,
                      regressed, rescopes, fails, upped, copies, orig>> ,
       ASSUME NEW CONSTANT W \in Writer
       PROVE  /\ W.st \in {"off", "on"}
              /\ W.pc
                 \in {"idle", "consumed", "scanned", "claimed", "cased",
                      "pulling"}
              /\ W.local \in [Paths -> Handles \cup {Nil}]
              /\ W.baseline \in [Paths -> Handles \cup {Nil}]
              /\ W.integrated \subseteq Gens
              /\ W.uploads \subseteq Paths /\ W.deletes \subseteq Paths
              /\ W.snap \in [Paths -> Handles \cup {Nil}]
              /\ W.upDone \subseteq Paths /\ W.gone \subseteq Paths
                 /\ W.verified \in BOOLEAN
              /\ W.inst \in [Paths -> Handles \cup {Nil}]
              /\ W.retire \subseteq Handles
              /\ W.collected \in BOOLEAN /\ W.adv \in BOOLEAN
              /\ W.synced \in Nat /\ W.derived \in Nat
              /\ W.skipped \subseteq Paths /\ W.scope \subseteq Paths
              /\ W.sStage \in {"none", "saved", "mid"}
              /\ W.sTgt \subseteq Paths /\ W.sDrop \subseteq Paths
                 /\ W.sKeep \subseteq Paths
              /\ W.sHeld \in [Paths -> Handles \cup {Nil}]
              /\ W.unlinked \subseteq Paths
              /\ W.memo \in Nat /\ W.rnow \in Nat 
PROVE  conflicts' \subseteq Paths \X (Handles \cup {Nil})

@!!END

@!!BEGIN
@!!type:obligation
@!!id:593
@!!loc:551:33:551:37
@!!status:trivial
@!!prover:tlapm
@!!already:false
@!!END

@!!BEGIN
@!!type:obligation
@!!id:594
@!!loc:551:39:551:43
@!!status:trivial
@!!prover:tlapm
@!!already:false
@!!END

@!!BEGIN
@!!type:obligation
@!!id:595
@!!loc:551:45:551:49
@!!status:trivial
@!!prover:tlapm
@!!already:false
@!!END

@!!BEGIN
@!!type:obligation
@!!id:596
@!!loc:551:51:551:63
@!!status:trivial
@!!prover:tlapm
@!!already:false
@!!END

@!!BEGIN
@!!type:obligation
@!!id:592
@!!loc:551:30:551:32
@!!status:proved
@!!prover:smt
@!!meth:time-limit: 30; time-used: 3.4 (11%)
@!!already:false
@!!END

@!!BEGIN
@!!type:obligation
@!!id:588
@!!loc:550:3:550:5
@!!status:proved
@!!prover:smt
@!!meth:time-limit: 30; time-used: 25.8 (86%)
@!!already:false
@!!END

@!!BEGIN
@!!type:obligation
@!!id:598
@!!loc:552:37:552:41
@!!status:trivial
@!!prover:tlapm
@!!already:false
@!!END

@!!BEGIN
@!!type:obligation
@!!id:599
@!!loc:552:43:552:47
@!!status:trivial
@!!prover:tlapm
@!!already:false
@!!END

@!!BEGIN
@!!type:obligation
@!!id:597
@!!loc:552:34:552:36
@!!status:proved
@!!prover:smt
@!!meth:time-limit: 30; time-used: 6.2 (21%)
@!!already:false
@!!END

@!!BEGIN
@!!type:obligation
@!!id:601
@!!loc:553:44:553:48
@!!status:trivial
@!!prover:tlapm
@!!already:false
@!!END

@!!BEGIN
@!!type:obligation
@!!id:602
@!!loc:553:50:553:54
@!!status:trivial
@!!prover:tlapm
@!!already:false
@!!END

@!!BEGIN
@!!type:obligation
@!!id:600
@!!loc:553:41:553:43
@!!status:proved
@!!prover:smt
@!!meth:time-limit: 30; time-used: 5.6 (19%)
@!!already:false
@!!END

@!!BEGIN
@!!type:obligation
@!!id:604
@!!loc:554:18:554:22
@!!status:trivial
@!!prover:tlapm
@!!already:false
@!!END

@!!BEGIN
@!!type:obligation
@!!id:605
@!!loc:554:24:554:28
@!!status:trivial
@!!prover:tlapm
@!!already:false
@!!END

@!!BEGIN
@!!type:obligation
@!!id:606
@!!loc:554:30:554:34
@!!status:trivial
@!!prover:tlapm
@!!already:false
@!!END

@!!BEGIN
@!!type:obligation
@!!id:607
@!!loc:554:36:554:47
@!!status:trivial
@!!prover:tlapm
@!!already:false
@!!END

@!!BEGIN
@!!type:obligation
@!!id:603
@!!loc:554:15:554:17
@!!status:proved
@!!prover:smt
@!!meth:time-limit: 30; time-used: 3.3 (11%)
@!!already:false
@!!END

@!!BEGIN
@!!type:obligation
@!!id:609
@!!loc:555:19:555:23
@!!status:trivial
@!!prover:tlapm
@!!already:false
@!!END

@!!BEGIN
@!!type:obligation
@!!id:610
@!!loc:555:25:555:29
@!!status:trivial
@!!prover:tlapm
@!!already:false
@!!END

@!!BEGIN
@!!type:obligation
@!!id:611
@!!loc:555:31:555:35
@!!status:trivial
@!!prover:tlapm
@!!already:false
@!!END

@!!BEGIN
@!!type:obligation
@!!id:612
@!!loc:555:37:555:41
@!!status:trivial
@!!prover:tlapm
@!!already:false
@!!END

@!!BEGIN
@!!type:obligation
@!!id:608
@!!loc:555:16:555:18
@!!status:proved
@!!prover:smt
@!!meth:time-limit: 30; time-used: 3.2 (11%)
@!!already:false
@!!END

@!!BEGIN
@!!type:obligation
@!!id:613
@!!loc:555:43:555:47
@!!status:trivial
@!!prover:tlapm
@!!already:false
@!!END

@!!BEGIN
@!!type:obligation
@!!id:614
@!!loc:555:49:555:53
@!!status:trivial
@!!prover:tlapm
@!!already:false
@!!END

@!!BEGIN
@!!type:obligation
@!!id:616
@!!loc:556:51:556:55
@!!status:trivial
@!!prover:tlapm
@!!already:false
@!!END

@!!BEGIN
@!!type:obligation
@!!id:615
@!!loc:556:48:556:50
@!!status:proved
@!!prover:smt
@!!meth:time-limit: 30; time-used: 30.7 (102%)
@!!already:false
@!!END

@!!BEGIN
@!!type:obligation
@!!id:617
@!!loc:559:3:559:5
@!!status:proved
@!!prover:smt
@!!meth:time-limit: 30; time-used: 6.3 (21%)
@!!already:false
@!!END

@!!BEGIN
@!!type:obligation
@!!id:619
@!!loc:560:19:560:23
@!!status:trivial
@!!prover:tlapm
@!!already:false
@!!END

@!!BEGIN
@!!type:obligation
@!!id:620
@!!loc:560:25:560:29
@!!status:trivial
@!!prover:tlapm
@!!already:false
@!!END

@!!BEGIN
@!!type:obligation
@!!id:621
@!!loc:560:31:560:35
@!!status:trivial
@!!prover:tlapm
@!!already:false
@!!END

@!!BEGIN
@!!type:obligation
@!!id:622
@!!loc:560:37:560:41
@!!status:trivial
@!!prover:tlapm
@!!already:false
@!!END

@!!BEGIN
@!!type:obligation
@!!id:618
@!!loc:560:16:560:18
@!!status:proved
@!!prover:smt
@!!meth:time-limit: 30; time-used: 3.1 (10%)
@!!already:false
@!!END

@!!BEGIN
@!!type:obligation
@!!id:623
@!!loc:560:43:560:48
@!!status:trivial
@!!prover:tlapm
@!!already:false
@!!END

@!!BEGIN
@!!type:obligation
@!!id:624
@!!loc:582:10:582:12
@!!status:proved
@!!prover:smt
@!!meth:time-limit: 30
@!!already:true
@!!END

@!!BEGIN
@!!type:obligation
@!!id:625
@!!loc:582:13:582:17
@!!status:trivial
@!!prover:tlapm
@!!already:false
@!!END

@!!BEGIN
@!!type:obligation
@!!id:626
@!!loc:582:19:582:23
@!!status:trivial
@!!prover:tlapm
@!!already:false
@!!END

@!!BEGIN
@!!type:obligation
@!!id:627
@!!loc:582:25:582:29
@!!status:trivial
@!!prover:tlapm
@!!already:false
@!!END

@!!BEGIN
@!!type:obligation
@!!id:628
@!!loc:567:23:567:30
@!!status:proved
@!!prover:smt
@!!meth:time-limit: 30
@!!already:true
@!!END

@!!BEGIN
@!!type:obligation
@!!id:630
@!!loc:573:30:573:32
@!!status:failed
@!!prover:smt
@!!meth:time-limit: 30; time-used: 30.0 (100%)
@!!reason:internal timeout
@!!already:false
@!!obl:
\* internal timeout while processing obligation
ASSUME NEW CONSTANT Nil,
       NEW CONSTANT Paths,
       NEW CONSTANT Free,
       NEW CONSTANT Writers,
       NEW CONSTANT MaxMint,
       NEW CONSTANT MaxUI,
       NEW CONSTANT MaxRemovals,
       NEW CONSTANT MaxBarriers,
       NEW CONSTANT MaxRestarts,
       NEW CONSTANT MaxSyncs,
       NEW CONSTANT MaxAges,
       NEW CONSTANT MaxCopies,
       NEW CONSTANT CommitSurfacesForeign,
       NEW CONSTANT CommitVerifiesUploads,
       NEW CONSTANT SweepUnderLease,
       NEW CONSTANT CollectorSparesCited,
       NEW CONSTANT CommitRecordsDeleteOverride,
       NEW CONSTANT DeleteWinsPreserved,
       NEW CONSTANT ContentConverges,
       NEW CONSTANT RecheckSkipped,
       NEW CONSTANT CommitAdvanceGuarded,
       NEW CONSTANT RetireAge,
       NEW CONSTANT GatewayIgnoresLease,
       NEW CONSTANT GatewayJudgesRead,
       NEW CONSTANT GatewaySweepGrace,
       NEW CONSTANT RenameAtomic,
       NEW CONSTANT Scopes,
       NEW CONSTANT MaxRescopes,
       NEW CONSTANT ConsumeHonorsScope,
       NEW CONSTANT RescopeUnciteFirst,
       NEW CONSTANT RescopeKeepsDirty,
       NEW CONSTANT WidenKeepsLocal,
       NEW CONSTANT UnlinkChecksBytes,
       NEW CONSTANT MaxFetchFails,
       NEW CONSTANT ConsumeKeepsLeft,
       NEW CONSTANT SyncKeepsLeft,
       NEW CONSTANT Readers,
       NEW CONSTANT ReaderRechecksOwed,
       NEW VARIABLE live,
       NEW VARIABLE minted,
       NEW VARIABLE doc,
       NEW VARIABLE seq,
       NEW VARIABLE tomb,
       NEW VARIABLE base,
       NEW VARIABLE acked,
       NEW VARIABLE conflicts,
       NEW VARIABLE holder,
       NEW VARIABLE nextGen,
       NEW VARIABLE ui,
       NEW VARIABLE reqs,
       NEW VARIABLE barriers,
       NEW VARIABLE w,
       NEW VARIABLE took,
       NEW VARIABLE gw,
       NEW VARIABLE mv,
       NEW VARIABLE udel,
       NEW VARIABLE restarts,
       NEW VARIABLE syncs,
       NEW VARIABLE regressed,
       NEW VARIABLE rescopes,
       NEW VARIABLE fails,
       NEW VARIABLE upped,
       NEW VARIABLE copies,
       NEW VARIABLE orig,
       NEW VARIABLE retiring,
       NEW VARIABLE aged,
       NEW VARIABLE ages,
       NEW VARIABLE rdoc,
       NEW VARIABLE rlag,
       NEW VARIABLE anc,
       Writer ==
         [st : {"off", "on"},
          pc : {"idle", "consumed", "scanned", "claimed", "cased", "pulling"},
          local : [Paths -> Opt(Handles)],
          baseline : [Paths -> Opt(Handles)], integrated : SUBSET Gens,
          uploads : SUBSET Paths, deletes : SUBSET Paths,
          snap : [Paths -> Opt(Handles)], upDone : SUBSET Paths,
          gone : SUBSET Paths, verified : BOOLEAN,
          inst : [Paths -> Opt(Handles)], retire : SUBSET Handles,
          collected : BOOLEAN, adv : BOOLEAN, synced : Nat, derived : Nat,
          skipped : SUBSET Paths, scope : SUBSET Paths,
          sStage : {"none", "saved", "mid"}, sTgt : SUBSET Paths,
          sDrop : SUBSET Paths, sKeep : SUBSET Paths,
          sHeld : [Paths -> Opt(Handles)], unlinked : SUBSET Paths,
          memo : Nat, rnow : Nat],
       TypeOK ==
         /\ live \subseteq Handles /\ minted \subseteq Handles
            /\ live \subseteq minted
         /\ doc \in [Paths -> Opt(Handles)]
         /\ seq \in Nat
         /\ tomb \in [Paths -> Opt(Handles)]
         /\ base \in [Handles -> Opt(Handles)]
         /\ acked \subseteq Paths \X Handles
         /\ conflicts \subseteq Paths \X Opt(Handles)
         /\ holder \in Writers \cup {"none"}
         /\ nextGen \in Nat /\ ui \in Nat /\ reqs \in Nat /\ barriers \in Nat
         /\ w \in [Writers -> Writer]
         /\ took \in [Writers -> [Paths -> SUBSET Gens]]
         /\ gw \in [Paths -> Opt(Handles)]
         /\ mv \in Opt(Paths \X Handles)
         /\ udel \subseteq Paths \X Handles
         /\ restarts \in Nat /\ syncs \in Nat /\ regressed \in BOOLEAN
            /\ rescopes \in Nat /\ fails \in Nat
         /\ retiring \subseteq Handles /\ aged \subseteq Handles
            /\ ages \in Nat
         /\ rdoc \in [Paths -> Opt(Handles)] /\ rlag \in BOOLEAN
         /\ anc \in [Handles -> SUBSET Handles],
       CollectW(s) ==
         [st |-> w[s].st, pc |-> w[s].pc, local |-> w[s].local,
          baseline |-> w[s].baseline, integrated |-> w[s].integrated,
          uploads |-> w[s].uploads, deletes |-> w[s].deletes,
          snap |-> w[s].snap, upDone |-> w[s].upDone, gone |-> w[s].gone,
          verified |-> w[s].verified, inst |-> w[s].inst, retire |-> {},
          collected |-> TRUE, adv |-> w[s].adv, synced |-> w[s].synced,
          derived |-> w[s].derived, skipped |-> w[s].skipped,
          scope |-> w[s].scope, sStage |-> w[s].sStage, sTgt |-> w[s].sTgt,
          sDrop |-> w[s].sDrop, sKeep |-> w[s].sKeep, sHeld |-> w[s].sHeld,
          unlinked |-> w[s].unlinked, memo |-> w[s].memo, rnow |-> w[s].rnow],
       ShippedShape == Shipped,
       FreePaths == Free \subseteq Paths,
       MaxMintNat == MaxMint \in Nat /\ MaxMint >= 1,
       ScopesPaths == Scopes \subseteq SUBSET Paths /\ Scopes # {},
       ReadersWriters == Readers \subseteq Writers,
       NilHandle == Nil \notin Handles,
       NoneWriter == "none" \notin Writers,
       MaxCopiesNat == MaxCopies \in Nat,
       PathsFinite == IsFiniteSet(Paths),
       Ghosts ==
         upped \subseteq Handles /\ copies \in Nat
         /\ orig \in [Handles -> Opt(Handles)],
       Minted ==
         /\ \A p \in Paths : doc[p] \in Opt(minted)
         /\ \A p \in Paths : gw[p] \in Opt(minted)
         /\ \A s \in Writers, p \in Paths : (w[s].local)[p] \in Opt(minted)
         /\ \A s \in Writers :
               \A p \in w[s].uploads : (w[s].snap)[p] \in minted,
       IndTypeOK == TypeOK /\ Ghosts /\ mv = Nil /\ nextGen > Seed /\ Minted,
       IndTypeOK ,
       NEW CONSTANT s \in Writers,
       Collect(s) ,
       Frame ,
       <1>0 ,
       WriterFields 
PROVE  CollectW(s) \in Writer

@!!END

@!!BEGIN
@!!type:obligation
@!!id:629
@!!loc:572:3:572:5
@!!status:proved
@!!prover:smt
@!!meth:time-limit: 30; time-used: 31.2 (104%)
@!!already:false
@!!END

@!!BEGIN
@!!type:obligation
@!!id:631
@!!loc:573:33:573:37
@!!status:trivial
@!!prover:tlapm
@!!already:false
@!!END

@!!BEGIN
@!!type:obligation
@!!id:632
@!!loc:573:39:573:51
@!!status:trivial
@!!prover:tlapm
@!!already:false
@!!END

@!!BEGIN
@!!type:obligation
@!!id:634
@!!loc:574:37:574:41
@!!status:trivial
@!!prover:tlapm
@!!already:false
@!!END

@!!BEGIN
@!!type:obligation
@!!id:635
@!!loc:574:43:574:47
@!!status:trivial
@!!prover:tlapm
@!!already:false
@!!END

@!!BEGIN
@!!type:obligation
@!!id:633
@!!loc:574:34:574:36
@!!status:proved
@!!prover:smt
@!!meth:time-limit: 30; time-used: 5.2 (17%)
@!!already:false
@!!END

@!!BEGIN
@!!type:obligation
@!!id:637
@!!loc:575:18:575:22
@!!status:trivial
@!!prover:tlapm
@!!already:false
@!!END

@!!BEGIN
@!!type:obligation
@!!id:638
@!!loc:575:24:575:28
@!!status:trivial
@!!prover:tlapm
@!!already:false
@!!END

@!!BEGIN
@!!type:obligation
@!!id:639
@!!loc:575:30:575:41
@!!status:trivial
@!!prover:tlapm
@!!already:false
@!!END

@!!BEGIN
@!!type:obligation
@!!id:636
@!!loc:575:15:575:17
@!!status:proved
@!!prover:smt
@!!meth:time-limit: 30; time-used: 7.7 (26%)
@!!already:false
@!!END

@!!BEGIN
@!!type:obligation
@!!id:641
@!!loc:576:18:576:22
@!!status:trivial
@!!prover:tlapm
@!!already:false
@!!END

@!!BEGIN
@!!type:obligation
@!!id:642
@!!loc:576:24:576:28
@!!status:trivial
@!!prover:tlapm
@!!already:false
@!!END

@!!BEGIN
@!!type:obligation
@!!id:643
@!!loc:576:30:576:34
@!!status:trivial
@!!prover:tlapm
@!!already:false
@!!END

@!!BEGIN
@!!type:obligation
@!!id:640
@!!loc:576:15:576:17
@!!status:proved
@!!prover:smt
@!!meth:time-limit: 30; time-used: 6.8 (23%)
@!!already:false
@!!END

@!!BEGIN
@!!type:obligation
@!!id:645
@!!loc:577:50:577:54
@!!status:trivial
@!!prover:tlapm
@!!already:false
@!!END

@!!BEGIN
@!!type:obligation
@!!id:644
@!!loc:577:47:577:49
@!!status:proved
@!!prover:smt
@!!meth:time-limit: 30; time-used: 31.0 (103%)
@!!already:false
@!!END

@!!BEGIN
@!!type:obligation
@!!id:646
@!!loc:580:3:580:5
@!!status:proved
@!!prover:smt
@!!meth:time-limit: 30; time-used: 4.9 (16%)
@!!already:false
@!!END

@!!BEGIN
@!!type:obligation
@!!id:648
@!!loc:581:18:581:22
@!!status:trivial
@!!prover:tlapm
@!!already:false
@!!END

@!!BEGIN
@!!type:obligation
@!!id:649
@!!loc:581:24:581:28
@!!status:trivial
@!!prover:tlapm
@!!already:false
@!!END

@!!BEGIN
@!!type:obligation
@!!id:650
@!!loc:581:30:581:34
@!!status:trivial
@!!prover:tlapm
@!!already:false
@!!END

@!!BEGIN
@!!type:obligation
@!!id:651
@!!loc:581:36:581:40
@!!status:trivial
@!!prover:tlapm
@!!already:false
@!!END

@!!BEGIN
@!!type:obligation
@!!id:647
@!!loc:581:15:581:17
@!!status:proved
@!!prover:smt
@!!meth:time-limit: 30; time-used: 3.7 (12%)
@!!already:false
@!!END

@!!BEGIN
@!!type:obligation
@!!id:653
@!!loc:596:13:596:17
@!!status:trivial
@!!prover:tlapm
@!!already:false
@!!END

@!!BEGIN
@!!type:obligation
@!!id:654
@!!loc:596:19:596:23
@!!status:trivial
@!!prover:tlapm
@!!already:false
@!!END

@!!BEGIN
@!!type:obligation
@!!id:655
@!!loc:596:25:596:29
@!!status:trivial
@!!prover:tlapm
@!!already:false
@!!END

@!!BEGIN
@!!type:obligation
@!!id:652
@!!loc:596:10:596:12
@!!status:proved
@!!prover:smt
@!!meth:time-limit: 30; time-used: 8.3 (28%)
@!!already:false
@!!END

@!!BEGIN
@!!type:obligation
@!!id:656
@!!loc:591:3:591:5
@!!status:proved
@!!prover:smt
@!!meth:time-limit: 30; time-used: 4.0 (13%)
@!!already:false
@!!END

@!!BEGIN
@!!type:obligation
@!!id:658
@!!loc:592:18:592:22
@!!status:trivial
@!!prover:tlapm
@!!already:false
@!!END

@!!BEGIN
@!!type:obligation
@!!id:659
@!!loc:592:24:592:35
@!!status:trivial
@!!prover:tlapm
@!!already:false
@!!END

@!!BEGIN
@!!type:obligation
@!!id:657
@!!loc:592:15:592:17
@!!status:proved
@!!prover:smt
@!!meth:time-limit: 30; time-used: 5.4 (18%)
@!!already:false
@!!END

@!!BEGIN
@!!type:obligation
@!!id:661
@!!loc:593:18:593:22
@!!status:trivial
@!!prover:tlapm
@!!already:false
@!!END

@!!BEGIN
@!!type:obligation
@!!id:662
@!!loc:593:24:593:28
@!!status:trivial
@!!prover:tlapm
@!!already:false
@!!END

@!!BEGIN
@!!type:obligation
@!!id:660
@!!loc:593:15:593:17
@!!status:proved
@!!prover:smt
@!!meth:time-limit: 30; time-used: 7.6 (25%)
@!!already:false
@!!END

@!!BEGIN
@!!type:obligation
@!!id:664
@!!loc:594:50:594:54
@!!status:trivial
@!!prover:tlapm
@!!already:false
@!!END

@!!BEGIN
@!!type:obligation
@!!id:663
@!!loc:594:47:594:49
@!!status:proved
@!!prover:smt
@!!meth:time-limit: 30; time-used: 4.9 (16%)
@!!already:false
@!!END

@!!BEGIN
@!!type:obligation
@!!id:666
@!!loc:595:18:595:22
@!!status:trivial
@!!prover:tlapm
@!!already:false
@!!END

@!!BEGIN
@!!type:obligation
@!!id:667
@!!loc:616:10:616:12
@!!status:proved
@!!prover:smt
@!!meth:time-limit: 30
@!!already:true
@!!END

@!!BEGIN
@!!type:obligation
@!!id:668
@!!loc:616:13:616:17
@!!status:trivial
@!!prover:tlapm
@!!already:false
@!!END

@!!BEGIN
@!!type:obligation
@!!id:669
@!!loc:616:19:616:23
@!!status:trivial
@!!prover:tlapm
@!!already:false
@!!END

@!!BEGIN
@!!type:obligation
@!!id:670
@!!loc:616:25:616:29
@!!status:trivial
@!!prover:tlapm
@!!already:false
@!!END

@!!BEGIN
@!!type:obligation
@!!id:665
@!!loc:595:15:595:17
@!!status:proved
@!!prover:smt
@!!meth:time-limit: 30; time-used: 3.3 (11%)
@!!already:false
@!!END

@!!BEGIN
@!!type:obligation
@!!id:671
@!!loc:602:23:602:30
@!!status:proved
@!!prover:smt
@!!meth:time-limit: 30
@!!already:true
@!!END

@!!BEGIN
@!!type:obligation
@!!id:673
@!!loc:608:29:608:31
@!!status:failed
@!!prover:smt
@!!meth:time-limit: 30; time-used: 30.0 (100%)
@!!reason:internal timeout
@!!already:false
@!!obl:
\* internal timeout while processing obligation
ASSUME NEW CONSTANT Nil,
       NEW CONSTANT Paths,
       NEW CONSTANT Free,
       NEW CONSTANT Writers,
       NEW CONSTANT MaxMint,
       NEW CONSTANT MaxUI,
       NEW CONSTANT MaxRemovals,
       NEW CONSTANT MaxBarriers,
       NEW CONSTANT MaxRestarts,
       NEW CONSTANT MaxSyncs,
       NEW CONSTANT MaxAges,
       NEW CONSTANT MaxCopies,
       NEW CONSTANT CommitSurfacesForeign,
       NEW CONSTANT CommitVerifiesUploads,
       NEW CONSTANT SweepUnderLease,
       NEW CONSTANT CollectorSparesCited,
       NEW CONSTANT CommitRecordsDeleteOverride,
       NEW CONSTANT DeleteWinsPreserved,
       NEW CONSTANT ContentConverges,
       NEW CONSTANT RecheckSkipped,
       NEW CONSTANT CommitAdvanceGuarded,
       NEW CONSTANT RetireAge,
       NEW CONSTANT GatewayIgnoresLease,
       NEW CONSTANT GatewayJudgesRead,
       NEW CONSTANT GatewaySweepGrace,
       NEW CONSTANT RenameAtomic,
       NEW CONSTANT Scopes,
       NEW CONSTANT MaxRescopes,
       NEW CONSTANT ConsumeHonorsScope,
       NEW CONSTANT RescopeUnciteFirst,
       NEW CONSTANT RescopeKeepsDirty,
       NEW CONSTANT WidenKeepsLocal,
       NEW CONSTANT UnlinkChecksBytes,
       NEW CONSTANT MaxFetchFails,
       NEW CONSTANT ConsumeKeepsLeft,
       NEW CONSTANT SyncKeepsLeft,
       NEW CONSTANT Readers,
       NEW CONSTANT ReaderRechecksOwed,
       Opt(S) == S \cup {Nil},
       NEW VARIABLE live,
       NEW VARIABLE minted,
       NEW VARIABLE doc,
       NEW VARIABLE seq,
       NEW VARIABLE tomb,
       NEW VARIABLE base,
       NEW VARIABLE acked,
       NEW VARIABLE conflicts,
       NEW VARIABLE holder,
       NEW VARIABLE nextGen,
       NEW VARIABLE ui,
       NEW VARIABLE reqs,
       NEW VARIABLE barriers,
       NEW VARIABLE w,
       NEW VARIABLE took,
       NEW VARIABLE gw,
       NEW VARIABLE mv,
       NEW VARIABLE udel,
       NEW VARIABLE restarts,
       NEW VARIABLE syncs,
       NEW VARIABLE regressed,
       NEW VARIABLE rescopes,
       NEW VARIABLE fails,
       NEW VARIABLE upped,
       NEW VARIABLE copies,
       NEW VARIABLE orig,
       NEW VARIABLE retiring,
       NEW VARIABLE aged,
       NEW VARIABLE ages,
       NEW VARIABLE rdoc,
       NEW VARIABLE rlag,
       NEW VARIABLE anc,
       Writer ==
         [st : {"off", "on"},
          pc : {"idle", "consumed", "scanned", "claimed", "cased", "pulling"},
          local : [Paths -> Opt(Handles)],
          baseline : [Paths -> Opt(Handles)], integrated : SUBSET Gens,
          uploads : SUBSET Paths, deletes : SUBSET Paths,
          snap : [Paths -> Opt(Handles)], upDone : SUBSET Paths,
          gone : SUBSET Paths, verified : BOOLEAN,
          inst : [Paths -> Opt(Handles)], retire : SUBSET Handles,
          collected : BOOLEAN, adv : BOOLEAN, synced : Nat, derived : Nat,
          skipped : SUBSET Paths, scope : SUBSET Paths,
          sStage : {"none", "saved", "mid"}, sTgt : SUBSET Paths,
          sDrop : SUBSET Paths, sKeep : SUBSET Paths,
          sHeld : [Paths -> Opt(Handles)], unlinked : SUBSET Paths,
          memo : Nat, rnow : Nat],
       TypeOK ==
         /\ live \subseteq Handles /\ minted \subseteq Handles
            /\ live \subseteq minted
         /\ doc \in [Paths -> Opt(Handles)]
         /\ seq \in Nat
         /\ tomb \in [Paths -> Opt(Handles)]
         /\ base \in [Handles -> Opt(Handles)]
         /\ acked \subseteq Paths \X Handles
         /\ conflicts \subseteq Paths \X Opt(Handles)
         /\ holder \in Writers \cup {"none"}
         /\ nextGen \in Nat /\ ui \in Nat /\ reqs \in Nat /\ barriers \in Nat
         /\ w \in [Writers -> Writer]
         /\ took \in [Writers -> [Paths -> SUBSET Gens]]
         /\ gw \in [Paths -> Opt(Handles)]
         /\ mv \in Opt(Paths \X Handles)
         /\ udel \subseteq Paths \X Handles
         /\ restarts \in Nat /\ syncs \in Nat /\ regressed \in BOOLEAN
            /\ rescopes \in Nat /\ fails \in Nat
         /\ retiring \subseteq Handles /\ aged \subseteq Handles
            /\ ages \in Nat
         /\ rdoc \in [Paths -> Opt(Handles)] /\ rlag \in BOOLEAN
         /\ anc \in [Handles -> SUBSET Handles],
       FinishW(s) ==
         [st |-> w[s].st, pc |-> "idle", local |-> w[s].local,
          baseline |-> [p \in Paths |->
                          IF p \in w[s].uploads \cap w[s].upDone
                            THEN (w[s].snap)[p]
                            ELSE IF
                                   p \in w[s].deletes /\ (w[s].inst)[p] = Nil
                                   THEN Nil
                                   ELSE (w[s].baseline)[p]],
          integrated |-> w[s].integrated, uploads |-> {}, deletes |-> {},
          snap |-> [p \in Paths |-> Nil], upDone |-> {}, gone |-> {},
          verified |-> FALSE, inst |-> w[s].inst, retire |-> w[s].retire,
          collected |-> FALSE, adv |-> FALSE,
          synced |-> IF w[s].inst = doc THEN seq ELSE w[s].synced,
          derived |-> IF w[s].adv /\ w[s].inst = doc
                        THEN seq
                        ELSE w[s].derived,
          skipped |-> IF w[s].adv /\ w[s].inst = doc
                        THEN w[s].skipped
                             \ ((w[s].uploads \cap w[s].upDone)
                                \cup {p \in w[s].deletes :
                                        (w[s].inst)[p] = Nil})
                        ELSE w[s].skipped,
          scope |-> w[s].scope, sStage |-> w[s].sStage, sTgt |-> w[s].sTgt,
          sDrop |-> w[s].sDrop, sKeep |-> w[s].sKeep, sHeld |-> w[s].sHeld,
          unlinked |-> w[s].unlinked, memo |-> w[s].memo, rnow |-> w[s].rnow],
       ShippedShape == Shipped,
       FreePaths == Free \subseteq Paths,
       MaxMintNat == MaxMint \in Nat /\ MaxMint >= 1,
       ScopesPaths == Scopes \subseteq SUBSET Paths /\ Scopes # {},
       ReadersWriters == Readers \subseteq Writers,
       NilHandle == Nil \notin Handles,
       NoneWriter == "none" \notin Writers,
       MaxCopiesNat == MaxCopies \in Nat,
       PathsFinite == IsFiniteSet(Paths),
       Ghosts ==
         upped \subseteq Handles /\ copies \in Nat
         /\ orig \in [Handles -> Opt(Handles)],
       Minted ==
         /\ \A p \in Paths : doc[p] \in Opt(minted)
         /\ \A p \in Paths : gw[p] \in Opt(minted)
         /\ \A s \in Writers, p \in Paths : (w[s].local)[p] \in Opt(minted)
         /\ \A s \in Writers :
               \A p \in w[s].uploads : (w[s].snap)[p] \in minted,
       IndTypeOK == TypeOK /\ Ghosts /\ mv = Nil /\ nextGen > Seed /\ Minted,
       IndTypeOK ,
       NEW CONSTANT s \in Writers,
       Finish(s) ,
       Frame ,
       <1>0 ,
       WriterFields 
PROVE  FinishW(s) \in Writer

@!!END

@!!BEGIN
@!!type:obligation
@!!id:672
@!!loc:607:3:607:5
@!!status:proved
@!!prover:smt
@!!meth:time-limit: 30; time-used: 32.1 (107%)
@!!already:false
@!!END

@!!BEGIN
@!!type:obligation
@!!id:674
@!!loc:608:32:608:36
@!!status:trivial
@!!prover:tlapm
@!!already:false
@!!END

@!!BEGIN
@!!type:obligation
@!!id:675
@!!loc:608:38:608:50
@!!status:trivial
@!!prover:tlapm
@!!already:false
@!!END

@!!BEGIN
@!!type:obligation
@!!id:677
@!!loc:609:37:609:41
@!!status:trivial
@!!prover:tlapm
@!!already:false
@!!END

@!!BEGIN
@!!type:obligation
@!!id:678
@!!loc:609:43:609:47
@!!status:trivial
@!!prover:tlapm
@!!already:false
@!!END

@!!BEGIN
@!!type:obligation
@!!id:676
@!!loc:609:34:609:36
@!!status:proved
@!!prover:smt
@!!meth:time-limit: 30; time-used: 6.1 (20%)
@!!already:false
@!!END

@!!BEGIN
@!!type:obligation
@!!id:680
@!!loc:610:18:610:22
@!!status:trivial
@!!prover:tlapm
@!!already:false
@!!END

@!!BEGIN
@!!type:obligation
@!!id:681
@!!loc:610:24:610:28
@!!status:trivial
@!!prover:tlapm
@!!already:false
@!!END

@!!BEGIN
@!!type:obligation
@!!id:682
@!!loc:610:30:610:41
@!!status:trivial
@!!prover:tlapm
@!!already:false
@!!END

@!!BEGIN
@!!type:obligation
@!!id:679
@!!loc:610:15:610:17
@!!status:proved
@!!prover:smt
@!!meth:time-limit: 30; time-used: 6.3 (21%)
@!!already:false
@!!END

@!!BEGIN
@!!type:obligation
@!!id:684
@!!loc:611:18:611:22
@!!status:trivial
@!!prover:tlapm
@!!already:false
@!!END

@!!BEGIN
@!!type:obligation
@!!id:685
@!!loc:611:24:611:28
@!!status:trivial
@!!prover:tlapm
@!!already:false
@!!END

@!!BEGIN
@!!type:obligation
@!!id:686
@!!loc:611:30:611:34
@!!status:trivial
@!!prover:tlapm
@!!already:false
@!!END

@!!BEGIN
@!!type:obligation
@!!id:683
@!!loc:611:15:611:17
@!!status:proved
@!!prover:smt
@!!meth:time-limit: 30; time-used: 3.7 (12%)
@!!already:false
@!!END

@!!BEGIN
@!!type:obligation
@!!id:688
@!!loc:612:50:612:54
@!!status:trivial
@!!prover:tlapm
@!!already:false
@!!END

@!!BEGIN
@!!type:obligation
@!!id:689
@!!loc:614:3:614:5
@!!status:failed
@!!prover:smt
@!!meth:time-limit: 30; time-used: 30.0 (100%)
@!!reason:internal timeout
@!!already:false
@!!obl:
\* internal timeout while processing obligation
ASSUME NEW CONSTANT Nil,
       NEW CONSTANT Paths,
       NEW CONSTANT Free,
       NEW CONSTANT Writers,
       NEW CONSTANT MaxMint,
       NEW CONSTANT MaxUI,
       NEW CONSTANT MaxRemovals,
       NEW CONSTANT MaxBarriers,
       NEW CONSTANT MaxRestarts,
       NEW CONSTANT MaxSyncs,
       NEW CONSTANT MaxAges,
       NEW CONSTANT MaxCopies,
       NEW CONSTANT CommitSurfacesForeign,
       NEW CONSTANT CommitVerifiesUploads,
       NEW CONSTANT SweepUnderLease,
       NEW CONSTANT CollectorSparesCited,
       NEW CONSTANT CommitRecordsDeleteOverride,
       NEW CONSTANT DeleteWinsPreserved,
       NEW CONSTANT ContentConverges,
       NEW CONSTANT RecheckSkipped,
       NEW CONSTANT CommitAdvanceGuarded,
       NEW CONSTANT RetireAge,
       NEW CONSTANT GatewayIgnoresLease,
       NEW CONSTANT GatewayJudgesRead,
       NEW CONSTANT GatewaySweepGrace,
       NEW CONSTANT RenameAtomic,
       NEW CONSTANT Scopes,
       NEW CONSTANT MaxRescopes,
       NEW CONSTANT ConsumeHonorsScope,
       NEW CONSTANT RescopeUnciteFirst,
       NEW CONSTANT RescopeKeepsDirty,
       NEW CONSTANT WidenKeepsLocal,
       NEW CONSTANT UnlinkChecksBytes,
       NEW CONSTANT MaxFetchFails,
       NEW CONSTANT ConsumeKeepsLeft,
       NEW CONSTANT SyncKeepsLeft,
       NEW CONSTANT Readers,
       NEW CONSTANT ReaderRechecksOwed,
       NEW VARIABLE live,
       NEW VARIABLE minted,
       NEW VARIABLE doc,
       NEW VARIABLE seq,
       NEW VARIABLE tomb,
       NEW VARIABLE base,
       NEW VARIABLE acked,
       NEW VARIABLE conflicts,
       NEW VARIABLE holder,
       NEW VARIABLE nextGen,
       NEW VARIABLE ui,
       NEW VARIABLE reqs,
       NEW VARIABLE barriers,
       NEW VARIABLE w,
       NEW VARIABLE took,
       NEW VARIABLE gw,
       NEW VARIABLE mv,
       NEW VARIABLE udel,
       NEW VARIABLE restarts,
       NEW VARIABLE syncs,
       NEW VARIABLE regressed,
       NEW VARIABLE rescopes,
       NEW VARIABLE fails,
       NEW VARIABLE upped,
       NEW VARIABLE copies,
       NEW VARIABLE orig,
       NEW VARIABLE retiring,
       NEW VARIABLE aged,
       NEW VARIABLE ages,
       NEW VARIABLE rdoc,
       NEW VARIABLE rlag,
       NEW VARIABLE anc,
       TypeOK ==
         /\ live \subseteq Handles /\ minted \subseteq Handles
            /\ live \subseteq minted
         /\ doc \in [Paths -> Opt(Handles)]
         /\ seq \in Nat
         /\ tomb \in [Paths -> Opt(Handles)]
         /\ base \in [Handles -> Opt(Handles)]
         /\ acked \subseteq Paths \X Handles
         /\ conflicts \subseteq Paths \X Opt(Handles)
         /\ holder \in Writers \cup {"none"}
         /\ nextGen \in Nat /\ ui \in Nat /\ reqs \in Nat /\ barriers \in Nat
         /\ w \in [Writers -> Writer]
         /\ took \in [Writers -> [Paths -> SUBSET Gens]]
         /\ gw \in [Paths -> Opt(Handles)]
         /\ mv \in Opt(Paths \X Handles)
         /\ udel \subseteq Paths \X Handles
         /\ restarts \in Nat /\ syncs \in Nat /\ regressed \in BOOLEAN
            /\ rescopes \in Nat /\ fails \in Nat
         /\ retiring \subseteq Handles /\ aged \subseteq Handles
            /\ ages \in Nat
         /\ rdoc \in [Paths -> Opt(Handles)] /\ rlag \in BOOLEAN
         /\ anc \in [Handles -> SUBSET Handles],
       FinishW(s) ==
         [st |-> w[s].st, pc |-> "idle", local |-> w[s].local,
          baseline |-> [p \in Paths |->
                          IF p \in w[s].uploads \cap w[s].upDone
                            THEN (w[s].snap)[p]
                            ELSE IF
                                   p \in w[s].deletes /\ (w[s].inst)[p] = Nil
                                   THEN Nil
                                   ELSE (w[s].baseline)[p]],
          integrated |-> w[s].integrated, uploads |-> {}, deletes |-> {},
          snap |-> [p \in Paths |-> Nil], upDone |-> {}, gone |-> {},
          verified |-> FALSE, inst |-> w[s].inst, retire |-> w[s].retire,
          collected |-> FALSE, adv |-> FALSE,
          synced |-> IF w[s].inst = doc THEN seq ELSE w[s].synced,
          derived |-> IF w[s].adv /\ w[s].inst = doc
                        THEN seq
                        ELSE w[s].derived,
          skipped |-> IF w[s].adv /\ w[s].inst = doc
                        THEN w[s].skipped
                             \ ((w[s].uploads \cap w[s].upDone)
                                \cup {p \in w[s].deletes :
                                        (w[s].inst)[p] = Nil})
                        ELSE w[s].skipped,
          scope |-> w[s].scope, sStage |-> w[s].sStage, sTgt |-> w[s].sTgt,
          sDrop |-> w[s].sDrop, sKeep |-> w[s].sKeep, sHeld |-> w[s].sHeld,
          unlinked |-> w[s].unlinked, memo |-> w[s].memo, rnow |-> w[s].rnow],
       ShippedShape == Shipped,
       FreePaths == Free \subseteq Paths,
       MaxMintNat == MaxMint \in Nat /\ MaxMint >= 1,
       ScopesPaths == Scopes \subseteq SUBSET Paths /\ Scopes # {},
       ReadersWriters == Readers \subseteq Writers,
       NilHandle == Nil \notin Handles,
       NoneWriter == "none" \notin Writers,
       MaxCopiesNat == MaxCopies \in Nat,
       PathsFinite == IsFiniteSet(Paths),
       Ghosts ==
         upped \subseteq Handles /\ copies \in Nat
         /\ orig \in [Handles -> Opt(Handles)],
       Minted ==
         /\ \A p \in Paths : doc[p] \in Opt(minted)
         /\ \A p \in Paths : gw[p] \in Opt(minted)
         /\ \A s \in Writers, p \in Paths : (w[s].local)[p] \in Opt(minted)
         /\ \A s \in Writers :
               \A p \in w[s].uploads : (w[s].snap)[p] \in minted,
       IndTypeOK == TypeOK /\ Ghosts /\ mv = Nil /\ nextGen > Seed /\ Minted,
       IndTypeOK ,
       NEW CONSTANT s \in Writers,
       Finish(s) ,
       Frame ,
       <1>0 ,
       WriterFields 
PROVE  /\ FinishW(s).local = w[s].local /\ FinishW(s).uploads = {}

@!!END

@!!BEGIN
@!!type:obligation
@!!id:687
@!!loc:612:47:612:49
@!!status:proved
@!!prover:smt
@!!meth:time-limit: 30; time-used: 32.2 (107%)
@!!already:false
@!!END

@!!BEGIN
@!!type:obligation
@!!id:690
@!!loc:614:6:614:10
@!!status:trivial
@!!prover:tlapm
@!!already:false
@!!END

@!!BEGIN
@!!type:obligation
@!!id:691
@!!loc:614:12:614:24
@!!status:trivial
@!!prover:tlapm
@!!already:false
@!!END

@!!BEGIN
@!!type:obligation
@!!id:693
@!!loc:615:18:615:22
@!!status:trivial
@!!prover:tlapm
@!!already:false
@!!END

@!!BEGIN
@!!type:obligation
@!!id:694
@!!loc:615:24:615:28
@!!status:trivial
@!!prover:tlapm
@!!already:false
@!!END

@!!BEGIN
@!!type:obligation
@!!id:695
@!!loc:615:30:615:34
@!!status:trivial
@!!prover:tlapm
@!!already:false
@!!END

@!!BEGIN
@!!type:obligation
@!!id:696
@!!loc:615:36:615:40
@!!status:trivial
@!!prover:tlapm
@!!already:false
@!!END

@!!BEGIN
@!!type:obligation
@!!id:697
@!!loc:640:10:640:12
@!!status:proved
@!!prover:smt
@!!meth:time-limit: 30
@!!already:true
@!!END

@!!BEGIN
@!!type:obligation
@!!id:698
@!!loc:640:13:640:17
@!!status:trivial
@!!prover:tlapm
@!!already:false
@!!END

@!!BEGIN
@!!type:obligation
@!!id:692
@!!loc:615:15:615:17
@!!status:proved
@!!prover:smt
@!!meth:time-limit: 30; time-used: 3.3 (11%)
@!!already:false
@!!END

@!!BEGIN
@!!type:obligation
@!!id:699
@!!loc:640:19:640:23
@!!status:trivial
@!!prover:tlapm
@!!already:false
@!!END

@!!BEGIN
@!!type:obligation
@!!id:700
@!!loc:640:25:640:29
@!!status:trivial
@!!prover:tlapm
@!!already:false
@!!END

@!!BEGIN
@!!type:obligation
@!!id:701
@!!loc:625:23:625:30
@!!status:proved
@!!prover:smt
@!!meth:time-limit: 30
@!!already:true
@!!END

@!!BEGIN
@!!type:obligation
@!!id:703
@!!loc:632:30:632:32
@!!status:failed
@!!prover:smt
@!!meth:time-limit: 30; time-used: 30.0 (100%)
@!!reason:internal timeout
@!!already:false
@!!obl:
\* internal timeout while processing obligation
ASSUME NEW CONSTANT Nil,
       NEW CONSTANT Paths,
       NEW CONSTANT Free,
       NEW CONSTANT Writers,
       NEW CONSTANT MaxMint,
       NEW CONSTANT MaxUI,
       NEW CONSTANT MaxRemovals,
       NEW CONSTANT MaxBarriers,
       NEW CONSTANT MaxRestarts,
       NEW CONSTANT MaxSyncs,
       NEW CONSTANT MaxAges,
       NEW CONSTANT MaxCopies,
       NEW CONSTANT CommitSurfacesForeign,
       NEW CONSTANT CommitVerifiesUploads,
       NEW CONSTANT SweepUnderLease,
       NEW CONSTANT CollectorSparesCited,
       NEW CONSTANT CommitRecordsDeleteOverride,
       NEW CONSTANT DeleteWinsPreserved,
       NEW CONSTANT ContentConverges,
       NEW CONSTANT RecheckSkipped,
       NEW CONSTANT CommitAdvanceGuarded,
       NEW CONSTANT RetireAge,
       NEW CONSTANT GatewayIgnoresLease,
       NEW CONSTANT GatewayJudgesRead,
       NEW CONSTANT GatewaySweepGrace,
       NEW CONSTANT RenameAtomic,
       NEW CONSTANT Scopes,
       NEW CONSTANT MaxRescopes,
       NEW CONSTANT ConsumeHonorsScope,
       NEW CONSTANT RescopeUnciteFirst,
       NEW CONSTANT RescopeKeepsDirty,
       NEW CONSTANT WidenKeepsLocal,
       NEW CONSTANT UnlinkChecksBytes,
       NEW CONSTANT MaxFetchFails,
       NEW CONSTANT ConsumeKeepsLeft,
       NEW CONSTANT SyncKeepsLeft,
       NEW CONSTANT Readers,
       NEW CONSTANT ReaderRechecksOwed,
       Opt(S) == S \cup {Nil},
       NEW VARIABLE live,
       NEW VARIABLE minted,
       NEW VARIABLE doc,
       NEW VARIABLE seq,
       NEW VARIABLE tomb,
       NEW VARIABLE base,
       NEW VARIABLE acked,
       NEW VARIABLE conflicts,
       NEW VARIABLE holder,
       NEW VARIABLE nextGen,
       NEW VARIABLE ui,
       NEW VARIABLE reqs,
       NEW VARIABLE barriers,
       NEW VARIABLE w,
       NEW VARIABLE took,
       NEW VARIABLE gw,
       NEW VARIABLE mv,
       NEW VARIABLE udel,
       NEW VARIABLE restarts,
       NEW VARIABLE syncs,
       NEW VARIABLE regressed,
       NEW VARIABLE rescopes,
       NEW VARIABLE fails,
       NEW VARIABLE upped,
       NEW VARIABLE copies,
       NEW VARIABLE orig,
       NEW VARIABLE retiring,
       NEW VARIABLE aged,
       NEW VARIABLE ages,
       NEW VARIABLE rdoc,
       NEW VARIABLE rlag,
       NEW VARIABLE anc,
       Writer ==
         [st : {"off", "on"},
          pc : {"idle", "consumed", "scanned", "claimed", "cased", "pulling"},
          local : [Paths -> Opt(Handles)],
          baseline : [Paths -> Opt(Handles)], integrated : SUBSET Gens,
          uploads : SUBSET Paths, deletes : SUBSET Paths,
          snap : [Paths -> Opt(Handles)], upDone : SUBSET Paths,
          gone : SUBSET Paths, verified : BOOLEAN,
          inst : [Paths -> Opt(Handles)], retire : SUBSET Handles,
          collected : BOOLEAN, adv : BOOLEAN, synced : Nat, derived : Nat,
          skipped : SUBSET Paths, scope : SUBSET Paths,
          sStage : {"none", "saved", "mid"}, sTgt : SUBSET Paths,
          sDrop : SUBSET Paths, sKeep : SUBSET Paths,
          sHeld : [Paths -> Opt(Handles)], unlinked : SUBSET Paths,
          memo : Nat, rnow : Nat],
       TypeOK ==
         /\ live \subseteq Handles /\ minted \subseteq Handles
            /\ live \subseteq minted
         /\ doc \in [Paths -> Opt(Handles)]
         /\ seq \in Nat
         /\ tomb \in [Paths -> Opt(Handles)]
         /\ base \in [Handles -> Opt(Handles)]
         /\ acked \subseteq Paths \X Handles
         /\ conflicts \subseteq Paths \X Opt(Handles)
         /\ holder \in Writers \cup {"none"}
         /\ nextGen \in Nat /\ ui \in Nat /\ reqs \in Nat /\ barriers \in Nat
         /\ w \in [Writers -> Writer]
         /\ took \in [Writers -> [Paths -> SUBSET Gens]]
         /\ gw \in [Paths -> Opt(Handles)]
         /\ mv \in Opt(Paths \X Handles)
         /\ udel \subseteq Paths \X Handles
         /\ restarts \in Nat /\ syncs \in Nat /\ regressed \in BOOLEAN
            /\ rescopes \in Nat /\ fails \in Nat
         /\ retiring \subseteq Handles /\ aged \subseteq Handles
            /\ ages \in Nat
         /\ rdoc \in [Paths -> Opt(Handles)] /\ rlag \in BOOLEAN
         /\ anc \in [Handles -> SUBSET Handles],
       RestartW(s) ==
         [st |-> w[s].st, pc |-> "idle", local |-> w[s].local,
          baseline |-> w[s].baseline, integrated |-> w[s].integrated,
          uploads |-> {}, deletes |-> {}, snap |-> [p \in Paths |-> Nil],
          upDone |-> {}, gone |-> {}, verified |-> FALSE,
          inst |-> [p \in Paths |-> Nil], retire |-> {}, collected |-> FALSE,
          adv |-> FALSE, synced |-> w[s].synced, derived |-> w[s].derived,
          skipped |-> w[s].skipped, scope |-> w[s].scope,
          sStage |-> IF w[s].sStage = "none" THEN "none" ELSE "saved",
          sTgt |-> w[s].sTgt, sDrop |-> w[s].sDrop, sKeep |-> {},
          sHeld |-> w[s].sHeld, unlinked |-> w[s].unlinked,
          memo |-> w[s].memo, rnow |-> w[s].rnow],
       ShippedShape == Shipped,
       FreePaths == Free \subseteq Paths,
       MaxMintNat == MaxMint \in Nat /\ MaxMint >= 1,
       ScopesPaths == Scopes \subseteq SUBSET Paths /\ Scopes # {},
       ReadersWriters == Readers \subseteq Writers,
       NilHandle == Nil \notin Handles,
       NoneWriter == "none" \notin Writers,
       MaxCopiesNat == MaxCopies \in Nat,
       PathsFinite == IsFiniteSet(Paths),
       Ghosts ==
         upped \subseteq Handles /\ copies \in Nat
         /\ orig \in [Handles -> Opt(Handles)],
       Minted ==
         /\ \A p \in Paths : doc[p] \in Opt(minted)
         /\ \A p \in Paths : gw[p] \in Opt(minted)
         /\ \A s \in Writers, p \in Paths : (w[s].local)[p] \in Opt(minted)
         /\ \A s \in Writers :
               \A p \in w[s].uploads : (w[s].snap)[p] \in minted,
       IndTypeOK == TypeOK /\ Ghosts /\ mv = Nil /\ nextGen > Seed /\ Minted,
       IndTypeOK ,
       NEW CONSTANT s \in Writers,
       Restart(s) ,
       Frame ,
       <1>0 ,
       WriterFields 
PROVE  RestartW(s) \in Writer

@!!END

@!!BEGIN
@!!type:obligation
@!!id:702
@!!loc:631:3:631:5
@!!status:proved
@!!prover:smt
@!!meth:time-limit: 30; time-used: 31.7 (106%)
@!!already:false
@!!END

@!!BEGIN
@!!type:obligation
@!!id:704
@!!loc:632:33:632:37
@!!status:trivial
@!!prover:tlapm
@!!already:false
@!!END

@!!BEGIN
@!!type:obligation
@!!id:705
@!!loc:632:39:632:51
@!!status:trivial
@!!prover:tlapm
@!!already:false
@!!END

@!!BEGIN
@!!type:obligation
@!!id:707
@!!loc:633:37:633:41
@!!status:trivial
@!!prover:tlapm
@!!already:false
@!!END

@!!BEGIN
@!!type:obligation
@!!id:708
@!!loc:633:43:633:47
@!!status:trivial
@!!prover:tlapm
@!!already:false
@!!END

@!!BEGIN
@!!type:obligation
@!!id:706
@!!loc:633:34:633:36
@!!status:proved
@!!prover:smt
@!!meth:time-limit: 30; time-used: 6.3 (21%)
@!!already:false
@!!END

@!!BEGIN
@!!type:obligation
@!!id:710
@!!loc:634:18:634:22
@!!status:trivial
@!!prover:tlapm
@!!already:false
@!!END

@!!BEGIN
@!!type:obligation
@!!id:711
@!!loc:634:24:634:28
@!!status:trivial
@!!prover:tlapm
@!!already:false
@!!END

@!!BEGIN
@!!type:obligation
@!!id:712
@!!loc:634:30:634:41
@!!status:trivial
@!!prover:tlapm
@!!already:false
@!!END

@!!BEGIN
@!!type:obligation
@!!id:713
@!!loc:635:15:635:17
@!!status:interrupted
@!!prover:smt
@!!meth:time-limit: 30; time-used: 0.0 (0%)
@!!already:false
@!!obl:
ASSUME NEW CONSTANT Nil,
       NEW CONSTANT Paths,
       NEW CONSTANT Free,
       NEW CONSTANT Writers,
       NEW CONSTANT MaxMint,
       NEW CONSTANT MaxUI,
       NEW CONSTANT MaxRemovals,
       NEW CONSTANT MaxBarriers,
       NEW CONSTANT MaxRestarts,
       NEW CONSTANT MaxSyncs,
       NEW CONSTANT MaxAges,
       NEW CONSTANT MaxCopies,
       NEW CONSTANT CommitSurfacesForeign,
       NEW CONSTANT CommitVerifiesUploads,
       NEW CONSTANT SweepUnderLease,
       NEW CONSTANT CollectorSparesCited,
       NEW CONSTANT CommitRecordsDeleteOverride,
       NEW CONSTANT DeleteWinsPreserved,
       NEW CONSTANT ContentConverges,
       NEW CONSTANT RecheckSkipped,
       NEW CONSTANT CommitAdvanceGuarded,
       NEW CONSTANT RetireAge,
       NEW CONSTANT GatewayIgnoresLease,
       NEW CONSTANT GatewayJudgesRead,
       NEW CONSTANT GatewaySweepGrace,
       NEW CONSTANT RenameAtomic,
       NEW CONSTANT Scopes,
       NEW CONSTANT MaxRescopes,
       NEW CONSTANT ConsumeHonorsScope,
       NEW CONSTANT RescopeUnciteFirst,
       NEW CONSTANT RescopeKeepsDirty,
       NEW CONSTANT WidenKeepsLocal,
       NEW CONSTANT UnlinkChecksBytes,
       NEW CONSTANT MaxFetchFails,
       NEW CONSTANT ConsumeKeepsLeft,
       NEW CONSTANT SyncKeepsLeft,
       NEW CONSTANT Readers,
       NEW CONSTANT ReaderRechecksOwed,
       NEW VARIABLE live,
       NEW VARIABLE minted,
       NEW VARIABLE doc,
       NEW VARIABLE seq,
       NEW VARIABLE tomb,
       NEW VARIABLE base,
       NEW VARIABLE acked,
       NEW VARIABLE conflicts,
       NEW VARIABLE holder,
       NEW VARIABLE nextGen,
       NEW VARIABLE ui,
       NEW VARIABLE reqs,
       NEW VARIABLE barriers,
       NEW VARIABLE w,
       NEW VARIABLE took,
       NEW VARIABLE gw,
       NEW VARIABLE mv,
       NEW VARIABLE udel,
       NEW VARIABLE restarts,
       NEW VARIABLE syncs,
       NEW VARIABLE regressed,
       NEW VARIABLE rescopes,
       NEW VARIABLE fails,
       NEW VARIABLE upped,
       NEW VARIABLE copies,
       NEW VARIABLE orig,
       NEW VARIABLE retiring,
       NEW VARIABLE aged,
       NEW VARIABLE ages,
       NEW VARIABLE rdoc,
       NEW VARIABLE rlag,
       NEW VARIABLE anc,
       (/\ live \subseteq Handles /\ minted \subseteq Handles
           /\ live \subseteq minted
        /\ doc \in [Paths -> Opt(Handles)]
        /\ seq \in Nat
        /\ tomb \in [Paths -> Opt(Handles)]
        /\ base \in [Handles -> Opt(Handles)]
        /\ acked \subseteq Paths \X Handles
        /\ conflicts \subseteq Paths \X Opt(Handles)
        /\ holder \in Writers \cup {"none"}
        /\ nextGen \in Nat /\ ui \in Nat /\ reqs \in Nat /\ barriers \in Nat
        /\ w \in [Writers -> Writer]
        /\ took \in [Writers -> [Paths -> SUBSET Gens]]
        /\ gw \in [Paths -> Opt(Handles)]
        /\ mv \in Opt(Paths \X Handles)
        /\ udel \subseteq Paths \X Handles
        /\ restarts \in Nat /\ syncs \in Nat /\ regressed \in BOOLEAN
           /\ rescopes \in Nat /\ fails \in Nat
        /\ retiring \subseteq Handles /\ aged \subseteq Handles
           /\ ages \in Nat
        /\ rdoc \in [Paths -> Opt(Handles)] /\ rlag \in BOOLEAN
        /\ anc \in [Handles -> SUBSET Handles])
       /\ (upped \subseteq Handles /\ copies \in Nat
           /\ orig \in [Handles -> Opt(Handles)])
       /\ mv = Nil /\ nextGen > Seed
       /\ (/\ \A p \in Paths : doc[p] \in Opt(minted)
           /\ \A p \in Paths : gw[p] \in Opt(minted)
           /\ \A s \in Writers, p \in Paths : (w[s].local)[p] \in Opt(minted)
           /\ \A s \in Writers :
                 \A p \in w[s].uploads : (w[s].snap)[p] \in minted) ,
       NEW CONSTANT s \in Writers,
       Restart(s) ,
       Frame ,
       /\ w' = [w EXCEPT ![s] = RestartW(s)]
       /\ holder' = (IF holder = s THEN "none" ELSE holder)
       /\ restarts' = restarts + 1
       /\ UNCHANGED <<live, minted, doc, seq, tomb, base, acked, conflicts,
                      gw, mv, udel, nextGen, ui, reqs, barriers, regressed,
                      syncs, rescopes, fails, upped, copies, orig>> ,
       w' \in [Writers -> Writer] ,
       /\ took' \in [Writers -> [Paths -> SUBSET Gens]]
       /\ retiring' \subseteq Handles
       /\ anc' \in [Handles -> SUBSET Handles]
       /\ aged' \subseteq Handles /\ ages' \in Nat
       /\ rdoc' \in [Paths -> Opt(Handles)] /\ rlag' \in BOOLEAN 
PROVE  (/\ live \subseteq Handles /\ minted \subseteq Handles
           /\ live \subseteq minted
        /\ doc \in [Paths -> Opt(Handles)]
        /\ seq \in Nat
        /\ tomb \in [Paths -> Opt(Handles)]
        /\ base \in [Handles -> Opt(Handles)]
        /\ acked \subseteq Paths \X Handles
        /\ conflicts \subseteq Paths \X Opt(Handles)
        /\ holder \in Writers \cup {"none"}
        /\ nextGen \in Nat /\ ui \in Nat /\ reqs \in Nat /\ barriers \in Nat
        /\ w \in [Writers -> Writer]
        /\ took \in [Writers -> [Paths -> SUBSET Gens]]
        /\ gw \in [Paths -> Opt(Handles)]
        /\ mv \in Opt(Paths \X Handles)
        /\ udel \subseteq Paths \X Handles
        /\ restarts \in Nat /\ syncs \in Nat /\ regressed \in BOOLEAN
           /\ rescopes \in Nat /\ fails \in Nat
        /\ retiring \subseteq Handles /\ aged \subseteq Handles
           /\ ages \in Nat
        /\ rdoc \in [Paths -> Opt(Handles)] /\ rlag \in BOOLEAN
        /\ anc \in [Handles -> SUBSET Handles])'

@!!END

@!!BEGIN
@!!type:obligation
@!!id:709
@!!loc:634:15:634:17
@!!status:interrupted
@!!prover:smt
@!!meth:time-limit: 30; time-used: 8.5 (28%)
@!!already:false
@!!obl:
ASSUME NEW CONSTANT Nil,
       NEW CONSTANT Paths,
       NEW CONSTANT Free,
       NEW CONSTANT Writers,
       NEW CONSTANT MaxMint,
       NEW CONSTANT MaxUI,
       NEW CONSTANT MaxRemovals,
       NEW CONSTANT MaxBarriers,
       NEW CONSTANT MaxRestarts,
       NEW CONSTANT MaxSyncs,
       NEW CONSTANT MaxAges,
       NEW CONSTANT MaxCopies,
       NEW CONSTANT CommitSurfacesForeign,
       NEW CONSTANT CommitVerifiesUploads,
       NEW CONSTANT SweepUnderLease,
       NEW CONSTANT CollectorSparesCited,
       NEW CONSTANT CommitRecordsDeleteOverride,
       NEW CONSTANT DeleteWinsPreserved,
       NEW CONSTANT ContentConverges,
       NEW CONSTANT RecheckSkipped,
       NEW CONSTANT CommitAdvanceGuarded,
       NEW CONSTANT RetireAge,
       NEW CONSTANT GatewayIgnoresLease,
       NEW CONSTANT GatewayJudgesRead,
       NEW CONSTANT GatewaySweepGrace,
       NEW CONSTANT RenameAtomic,
       NEW CONSTANT Scopes,
       NEW CONSTANT MaxRescopes,
       NEW CONSTANT ConsumeHonorsScope,
       NEW CONSTANT RescopeUnciteFirst,
       NEW CONSTANT RescopeKeepsDirty,
       NEW CONSTANT WidenKeepsLocal,
       NEW CONSTANT UnlinkChecksBytes,
       NEW CONSTANT MaxFetchFails,
       NEW CONSTANT ConsumeKeepsLeft,
       NEW CONSTANT SyncKeepsLeft,
       NEW CONSTANT Readers,
       NEW CONSTANT ReaderRechecksOwed,
       NEW VARIABLE live,
       NEW VARIABLE minted,
       NEW VARIABLE doc,
       NEW VARIABLE seq,
       NEW VARIABLE tomb,
       NEW VARIABLE base,
       NEW VARIABLE acked,
       NEW VARIABLE conflicts,
       NEW VARIABLE holder,
       NEW VARIABLE nextGen,
       NEW VARIABLE ui,
       NEW VARIABLE reqs,
       NEW VARIABLE barriers,
       NEW VARIABLE w,
       NEW VARIABLE took,
       NEW VARIABLE gw,
       NEW VARIABLE mv,
       NEW VARIABLE udel,
       NEW VARIABLE restarts,
       NEW VARIABLE syncs,
       NEW VARIABLE regressed,
       NEW VARIABLE rescopes,
       NEW VARIABLE fails,
       NEW VARIABLE upped,
       NEW VARIABLE copies,
       NEW VARIABLE orig,
       NEW VARIABLE retiring,
       NEW VARIABLE aged,
       NEW VARIABLE ages,
       NEW VARIABLE rdoc,
       NEW VARIABLE rlag,
       NEW VARIABLE anc,
       (/\ live \subseteq Handles /\ minted \subseteq Handles
           /\ live \subseteq minted
        /\ doc \in [Paths -> Opt(Handles)]
        /\ seq \in Nat
        /\ tomb \in [Paths -> Opt(Handles)]
        /\ base \in [Handles -> Opt(Handles)]
        /\ acked \subseteq Paths \X Handles
        /\ conflicts \subseteq Paths \X Opt(Handles)
        /\ holder \in Writers \cup {"none"}
        /\ nextGen \in Nat /\ ui \in Nat /\ reqs \in Nat /\ barriers \in Nat
        /\ w \in [Writers -> Writer]
        /\ took \in [Writers -> [Paths -> SUBSET Gens]]
        /\ gw \in [Paths -> Opt(Handles)]
        /\ mv \in Opt(Paths \X Handles)
        /\ udel \subseteq Paths \X Handles
        /\ restarts \in Nat /\ syncs \in Nat /\ regressed \in BOOLEAN
           /\ rescopes \in Nat /\ fails \in Nat
        /\ retiring \subseteq Handles /\ aged \subseteq Handles
           /\ ages \in Nat
        /\ rdoc \in [Paths -> Opt(Handles)] /\ rlag \in BOOLEAN
        /\ anc \in [Handles -> SUBSET Handles])
       /\ (upped \subseteq Handles /\ copies \in Nat
           /\ orig \in [Handles -> Opt(Handles)])
       /\ mv = Nil /\ nextGen > Seed
       /\ (/\ \A p \in Paths : doc[p] \in Opt(minted)
           /\ \A p \in Paths : gw[p] \in Opt(minted)
           /\ \A s \in Writers, p \in Paths : (w[s].local)[p] \in Opt(minted)
           /\ \A s \in Writers :
                 \A p \in w[s].uploads : (w[s].snap)[p] \in minted) ,
       NEW CONSTANT s \in Writers,
       Restart(s) ,
       Frame ,
       /\ w' = [w EXCEPT ![s] = RestartW(s)]
       /\ holder' = (IF holder = s THEN "none" ELSE holder)
       /\ restarts' = restarts + 1
       /\ UNCHANGED <<live, minted, doc, seq, tomb, base, acked, conflicts,
                      gw, mv, udel, nextGen, ui, reqs, barriers, regressed,
                      syncs, rescopes, fails, upped, copies, orig>> ,
       w' \in [Writers -> Writer] ,
       ASSUME /\ live \subseteq Handles /\ minted \subseteq Handles
                 /\ live \subseteq minted
              /\ doc \in [Paths -> Opt(Handles)]
              /\ seq \in Nat
              /\ tomb \in [Paths -> Opt(Handles)]
              /\ base \in [Handles -> Opt(Handles)]
              /\ acked \subseteq Paths \X Handles
              /\ conflicts \subseteq Paths \X Opt(Handles)
              /\ holder \in Writers \cup {"none"}
              /\ nextGen \in Nat /\ ui \in Nat /\ reqs \in Nat
                 /\ barriers \in Nat
              /\ w \in [Writers -> Writer]
              /\ took \in [Writers -> [Paths -> SUBSET Gens]]
              /\ gw \in [Paths -> Opt(Handles)]
              /\ mv \in Opt(Paths \X Handles)
              /\ udel \subseteq Paths \X Handles
              /\ restarts \in Nat /\ syncs \in Nat /\ regressed \in BOOLEAN
                 /\ rescopes \in Nat /\ fails \in Nat
              /\ retiring \subseteq Handles /\ aged \subseteq Handles
                 /\ ages \in Nat
              /\ rdoc \in [Paths -> Opt(Handles)] /\ rlag \in BOOLEAN
              /\ anc \in [Handles -> SUBSET Handles] ,
              Frame ,
              w' \in [Writers -> Writer] ,
              doc' \in [Paths -> Opt(Handles)] ,
              base' \in [Handles -> Opt(Handles)] 
       PROVE  FrameOK 
PROVE  FrameOK

@!!END

(* created new ".tlacache/LeanP1Proof.tlaps/LeanP1Proof.thy" *)
 tlapm ending abnormally with Sys_error(".tlacache/LeanP1Proof.tlaps/fingerprints.tmp: No such file or directory")
Raised by primitive operation at Stdlib.open_out_gen in file "stdlib.ml", line 331, characters 29-55
Called from Stdlib.open_out_bin in file "stdlib.ml" (inlined), line 339, characters 2-76
Called from Tlapm_lib__Fpfile.fp_close_and_consolidate in file "src/backend/fpfile.ml", line 528, characters 12-32
Called from Tlapm_lib.process_obs in file "src/tlapm_lib.ml", line 243, characters 4-45
Called from Tlapm_lib.process_module in file "src/tlapm_lib.ml", line 492, characters 12-77
Called from Tlapm_lib.main.f in file "src/tlapm_lib.ml", line 621, characters 23-43
Called from Stdlib__List.fold_left in file "list.ml", line 123, characters 24-34
Called from Tlapm_lib.main in file "src/tlapm_lib.ml", line 624, characters 13-40
Called from Tlapm_lib.init in file "src/tlapm_lib.ml", line 641, characters 8-59

@!!BEGIN
@!!type:error
@!!url:http://tla.msr-inria.inria.fr/bugs
@!!msg:Oops, this seems to be a bug in TLAPM.
Please give feedback to developers.


 Sys_error(".tlacache/LeanP1Proof.tlaps/fingerprints.tmp: No such file or directory")
Raised by primitive operation at Stdlib.open_out_gen in file "stdlib.ml", line 331, characters 29-55
Called from Stdlib.open_out_bin in file "stdlib.ml" (inlined), line 339, characters 2-76
Called from Tlapm_lib__Fpfile.fp_close_and_consolidate in file "src/backend/fpfile.ml", line 528, characters 12-32
Called from Tlapm_lib.process_obs in file "src/tlapm_lib.ml", line 243, characters 4-45
Called from Tlapm_lib.process_module in file "src/tlapm_lib.ml", line 492, characters 12-77
Called from Tlapm_lib.main.f in file "src/tlapm_lib.ml", line 621, characters 23-43
Called from Stdlib__List.fold_left in file "list.ml", line 123, characters 24-34
Called from Tlapm_lib.main in file "src/tlapm_lib.ml", line 624, characters 13-40
Called from Tlapm_lib.init in file "src/tlapm_lib.ml", line 641, characters 8-59

version == "bfa9468"
built_with == "OCaml 5.1.0"
tlapm_executable == "/mnt/nvme/tlaps/unpack/tlapm/bin/tlapm"
max_threads == 4
library_path == "/mnt/nvme/tlaps/unpack/tlapm/lib/tlapm/stdlib"
search_path == << "/mnt/nvme/tlaps/unpack/tlapm/lib/tlapm/stdlib" >>
Isabelle == "PATH='/mnt/nvme/tlaps/unpack/tlapm/lib/tlapm/backends/bin:/usr/local/sbin:/usr/local/bin:/usr/sbin:/usr/bin:/sbin:/bin:/usr/games:/usr/local/games:/snap/bin'; export ISABELLE_HOME='/mnt/nvme/tlaps/unpack/tlapm/lib/tlapm/backends/Isabelle-install'; export ML_HOME='/mnt/nvme/tlaps/unpack/tlapm/lib/tlapm/backends/Isabelle-install/poly'; echo 'PolyML.SaveState.loadState \"/mnt/nvme/tlaps/unpack/tlapm/lib/tlapm/backends/Isabelle-install/heaps/Options\"; (use_thy \"'\"$file\"'\"; writeln \"((TLAPS SUCCESS))\");' | /mnt/nvme/tlaps/unpack/tlapm/lib/tlapm/backends/Isabelle-install/poly/poly"
Isabelle version == "Isabelle2025"
zenon == "PATH='/mnt/nvme/tlaps/unpack/tlapm/lib/tlapm/backends/bin:/usr/local/sbin:/usr/local/bin:/usr/sbin:/usr/bin:/sbin:/bin:/usr/games:/usr/local/games:/snap/bin'; zenon -p0 -x tla -oisar -max-time 1d \"$file\""
zenon version == "zenon version 0.8.4 [a268] 2017-11-14"
SMT == "PATH='/mnt/nvme/tlaps/unpack/tlapm/lib/tlapm/backends/bin:/usr/local/sbin:/usr/local/bin:/usr/sbin:/usr/bin:/sbin:/bin:/usr/games:/usr/local/games:/snap/bin'; z3 -smt2 -v:0 AUTO_CONFIG=false smt.MBQI=true \"$file\""
SMT version == "Z3 version 4.8.9 - 64 bit"
flatten_obligations == TRUE
normalize == TRUE
@!!END

