TLC2 Version 2.19 of 08 August 2024 (rev: 5a47802)
Running breadth-first search Model-Checking with fp 104 and seed -7616097651776385711 with 2 workers on 8 cores with 1820MB heap and 64MB offheap memory [pid: 65835] (Linux 6.12.0-061200-generic amd64, Ubuntu 21.0.11 x86_64, MSBDiskFPSet, DiskStateQueue).
Parsing file /home/ddalton/lean-io-sent/formal/LeanSubtree.tla
Parsing file /tmp/Naturals.tla
Parsing file /tmp/FiniteSets.tla
Parsing file /tmp/Sequences.tla
Parsing file /tmp/TLC.tla
Semantic processing of module Naturals
Semantic processing of module Sequences
Semantic processing of module FiniteSets
Semantic processing of module TLC
Semantic processing of module LeanSubtree
Starting... (2026-09-23 18:54:30)
Computing initial states...
Finished computing initial states: 1 distinct state generated at 2026-09-23 18:54:30.
Progress(12) at 2026-09-23 18:54:33: 52,558 states generated (52,558 s/min), 16,922 distinct states found (16,922 ds/min), 7,950 states left on queue.
Progress(21) at 2026-09-23 18:55:33: 2,410,569 states generated (2,358,011 s/min), 713,612 distinct states found (696,690 ds/min), 146,901 states left on queue.
Error: Invariant Inv_NoForeignLost is violated.
Error: The behavior up to this point is:
State 1: <Initial predicate>
/\ cellHandoff = "none"
/\ stageBase = [A |-> (p1 :> 0 @@ p2 :> 0), B |-> (p1 :> 0 @@ p2 :> 0)]
/\ manSrc = "none"
/\ inbox = {}
/\ gh = [ removals |-> 0,
  tomb |-> (p1 :> 0 @@ p2 :> 0),
  renamed |-> {},
  answered |-> {},
  amputated |-> FALSE,
  stragglerInstalls |-> 0,
  stragglerCas |-> 0,
  deposedPuts |-> 0,
  barriers |-> 0,
  done |-> 0,
  gc |-> 0,
  gcCited |-> 0,
  refusals |-> 0,
  cited |-> 0,
  takeovers |-> 0,
  crashes |-> 0,
  restarts |-> 0,
  adoptOwn |-> 0,
  stallUsed |-> FALSE,
  nextGen |-> 2,
  hitl |-> 0,
  syncs |-> 0,
  syncApplied |-> 0,
  syncConflicts |-> 0,
  syncDestroyed |-> FALSE,
  scopedDeferrals |-> 0,
  foreignLost |-> FALSE,
  deferredPaths |-> {},
  deferredLater |-> 0,
  staged |-> 0,
  cites |-> 0,
  reaped |-> 0,
  withheld |-> 0,
  forcedCites |-> 0,
  citeSpan |-> 0,
  carriedCite |-> FALSE,
  touches |-> 0,
  acks |-> 0,
  honors |-> 0,
  refusedAcks |-> 0,
  coalesced |-> 0,
  fastPaths |-> 0,
  ackAfterRestart |-> 0,
  fastHonor |-> FALSE,
  ackEarly |-> FALSE,
  ackIncoherent |-> FALSE,
  fencedOkAck |-> FALSE,
  srcMismatch |-> FALSE,
  partialAcks |-> 0,
  declaredDrops |-> 0,
  narrows |-> 0,
  narrowed |-> {},
  narrowRecited |-> {},
  removalsApplied |-> 0,
  removalsRefused |-> 0,
  renamesApplied |-> 0,
  renameRefused |-> {},
  citedPairs |-> {},
  claimed |-> {},
  interleaved |-> FALSE,
  handoffs |-> 0,
  deposals |-> 0,
  deadSkips |-> 0,
  enqueues |-> 0,
  abandoned |-> 0,
  adoptWithheld |-> 0,
  sameBytes |-> 0,
  uploadWithheld |-> 0,
  staleOverride |-> FALSE,
  hitlRetired |-> {},
  pullOnlys |-> 0,
  emptyInstalls |-> 0,
  tombRemoved |-> 0,
  tombSuperseded |-> 0,
  orphanTracks |-> 0,
  leaked |-> 0,
  staleAdopt |-> 0,
  retired |-> (p1 :> 0 @@ p2 :> 0),
  orphanAt |-> (p1 :> 0 @@ p2 :> 0),
  orphanOutlived |-> 0,
  leakApplied |-> 0,
  baseRestored |-> 0,
  carrierAck |-> FALSE,
  remJudged |-> (p1 :> 0 @@ p2 :> 0),
  removalOverreach |-> FALSE,
  swept |-> 0,
  remOver |-> (p1 :> 0 @@ p2 :> 0),
  uiBase |-> {},
  pendingKept |-> 0 ]
/\ cellEpoch = 0
/\ window = 0
/\ stage = [A |-> (p1 :> 0 @@ p2 :> 0), B |-> (p1 :> 0 @@ p2 :> 0)]
/\ conflicts = {}
/\ withheldDel = [A |-> {}, B |-> {}]
/\ manifest = (p1 :> 1 @@ p2 :> 1)
/\ cellQueue = <<>>
/\ cellHolder = "none"
/\ manSeq = 1
/\ hitlAcked = {}
/\ removals = {}
/\ sc = [ A |->
      [ pendN |-> {},
        ackN |-> {},
        instSnap |-> (p1 :> 0 @@ p2 :> 0),
        instSrc |-> "none",
        jSeq |-> 0,
        instBase |-> (p1 :> 0 @@ p2 :> 0),
        judged |-> (p1 :> 0 @@ p2 :> 0),
        baseline |-> (p1 :> 0 @@ p2 :> 0),
        scanD |-> {},
        scanU |-> {},
        upGone |-> {},
        scanGen |-> (p1 :> 0 @@ p2 :> 0),
        surfaced |-> {},
        parked |-> {},
        upDone |-> {},
        fq |-> {},
        carryDropped |-> {},
        carryPaths |-> {},
        citeDropped |-> {},
        fqRetired |-> (p1 :> 0 @@ p2 :> 0),
        epoch |-> 0,
        st |-> "unstarted",
        pc |-> "idle",
        consumed |-> {},
        declared |-> {},
        gcDone |-> {},
        gcTook |-> {},
        gcHeaded |-> {},
        gcSeen |-> (p1 :> 0 @@ p2 :> 0),
        retire |-> (p1 :> 0 @@ p2 :> 0),
        upVerified |-> FALSE,
        adopted |-> {},
        noInst |-> FALSE,
        local |-> (p1 :> 0 @@ p2 :> 0),
        touched |-> {},
        prevScan |-> {},
        known |-> {},
        expSeq |-> 0,
        installed |-> FALSE,
        scope |-> {p1, p2},
        instSeq |-> 0,
        repairMoved |-> {},
        lastDirty |-> {},
        stageCarried |-> FALSE,
        citeDone |-> {},
        sentTok |-> 0,
        pendCov |-> (p1 :> 0 @@ p2 :> 0),
        pendMint |-> 0,
        pendDirty |-> {},
        honored |-> FALSE,
        pendReRun |-> FALSE,
        owed |-> {},
        verifiedAt |-> 0,
        inboxSeen |-> {},
        inboxLoaded |-> FALSE ],
  B |->
      [ pendN |-> {},
        ackN |-> {},
        instSnap |-> (p1 :> 0 @@ p2 :> 0),
        instSrc |-> "none",
        jSeq |-> 0,
        instBase |-> (p1 :> 0 @@ p2 :> 0),
        judged |-> (p1 :> 0 @@ p2 :> 0),
        baseline |-> (p1 :> 0 @@ p2 :> 0),
        scanD |-> {},
        scanU |-> {},
        upGone |-> {},
        scanGen |-> (p1 :> 0 @@ p2 :> 0),
        surfaced |-> {},
        parked |-> {},
        upDone |-> {},
        fq |-> {},
        carryDropped |-> {},
        carryPaths |-> {},
        citeDropped |-> {},
        fqRetired |-> (p1 :> 0 @@ p2 :> 0),
        epoch |-> 0,
        st |-> "unstarted",
        pc |-> "idle",
        consumed |-> {},
        declared |-> {},
        gcDone |-> {},
        gcTook |-> {},
        gcHeaded |-> {},
        gcSeen |-> (p1 :> 0 @@ p2 :> 0),
        retire |-> (p1 :> 0 @@ p2 :> 0),
        upVerified |-> FALSE,
        adopted |-> {},
        noInst |-> FALSE,
        local |-> (p1 :> 0 @@ p2 :> 0),
        touched |-> {},
        prevScan |-> {},
        known |-> {},
        expSeq |-> 0,
        installed |-> FALSE,
        scope |-> {p1, p2},
        instSeq |-> 0,
        repairMoved |-> {},
        lastDirty |-> {},
        stageCarried |-> FALSE,
        citeDone |-> {},
        sentTok |-> 0,
        pendCov |-> (p1 :> 0 @@ p2 :> 0),
        pendMint |-> 0,
        pendDirty |-> {},
        honored |-> FALSE,
        pendReRun |-> FALSE,
        owed |-> {},
        verifiedAt |-> 0,
        inboxSeen |-> {},
        inboxLoaded |-> FALSE ] ]
/\ objects = (p1 :> 1 @@ p2 :> 1)
/\ versions = (p1 :> {1} @@ p2 :> {1})
/\ cellReleased = FALSE

State 2: <Next line 4160, col 7 to line 4160, col 55 of module LeanSubtree>
/\ cellHandoff = "none"
/\ stageBase = [A |-> (p1 :> 0 @@ p2 :> 0), B |-> (p1 :> 0 @@ p2 :> 0)]
/\ manSrc = "none"
/\ inbox = {}
/\ gh = [ removals |-> 0,
  tomb |-> (p1 :> 0 @@ p2 :> 0),
  renamed |-> {},
  answered |-> {},
  amputated |-> FALSE,
  stragglerInstalls |-> 0,
  stragglerCas |-> 0,
  deposedPuts |-> 0,
  barriers |-> 0,
  done |-> 0,
  gc |-> 0,
  gcCited |-> 0,
  refusals |-> 0,
  cited |-> 0,
  takeovers |-> 0,
  crashes |-> 0,
  restarts |-> 0,
  adoptOwn |-> 0,
  stallUsed |-> FALSE,
  nextGen |-> 2,
  hitl |-> 0,
  syncs |-> 0,
  syncApplied |-> 0,
  syncConflicts |-> 0,
  syncDestroyed |-> FALSE,
  scopedDeferrals |-> 0,
  foreignLost |-> FALSE,
  deferredPaths |-> {},
  deferredLater |-> 0,
  staged |-> 0,
  cites |-> 0,
  reaped |-> 0,
  withheld |-> 0,
  forcedCites |-> 0,
  citeSpan |-> 0,
  carriedCite |-> FALSE,
  touches |-> 0,
  acks |-> 0,
  honors |-> 0,
  refusedAcks |-> 0,
  coalesced |-> 0,
  fastPaths |-> 0,
  ackAfterRestart |-> 0,
  fastHonor |-> FALSE,
  ackEarly |-> FALSE,
  ackIncoherent |-> FALSE,
  fencedOkAck |-> FALSE,
  srcMismatch |-> FALSE,
  partialAcks |-> 0,
  declaredDrops |-> 0,
  narrows |-> 0,
  narrowed |-> {},
  narrowRecited |-> {},
  removalsApplied |-> 0,
  removalsRefused |-> 0,
  renamesApplied |-> 0,
  renameRefused |-> {},
  citedPairs |-> {},
  claimed |-> {},
  interleaved |-> FALSE,
  handoffs |-> 0,
  deposals |-> 0,
  deadSkips |-> 0,
  enqueues |-> 0,
  abandoned |-> 0,
  adoptWithheld |-> 0,
  sameBytes |-> 0,
  uploadWithheld |-> 0,
  staleOverride |-> FALSE,
  hitlRetired |-> {},
  pullOnlys |-> 0,
  emptyInstalls |-> 0,
  tombRemoved |-> 0,
  tombSuperseded |-> 0,
  orphanTracks |-> 0,
  leaked |-> 0,
  staleAdopt |-> 0,
  retired |-> (p1 :> 0 @@ p2 :> 0),
  orphanAt |-> (p1 :> 0 @@ p2 :> 0),
  orphanOutlived |-> 0,
  leakApplied |-> 0,
  baseRestored |-> 0,
  carrierAck |-> FALSE,
  remJudged |-> (p1 :> 0 @@ p2 :> 0),
  removalOverreach |-> FALSE,
  swept |-> 0,
  remOver |-> (p1 :> 0 @@ p2 :> 0),
  uiBase |-> {},
  pendingKept |-> 0 ]
/\ cellEpoch = 0
/\ window = 0
/\ stage = [A |-> (p1 :> 0 @@ p2 :> 0), B |-> (p1 :> 0 @@ p2 :> 0)]
/\ conflicts = {}
/\ withheldDel = [A |-> {}, B |-> {}]
/\ manifest = (p1 :> 1 @@ p2 :> 1)
/\ cellQueue = <<>>
/\ cellHolder = "none"
/\ manSeq = 1
/\ hitlAcked = {}
/\ removals = {}
/\ sc = [ A |->
      [ pendN |-> {},
        ackN |-> {},
        instSnap |-> (p1 :> 1 @@ p2 :> 1),
        instSrc |-> "none",
        jSeq |-> 0,
        instBase |-> (p1 :> 1 @@ p2 :> 1),
        judged |-> (p1 :> 0 @@ p2 :> 0),
        baseline |-> (p1 :> 1 @@ p2 :> 1),
        scanD |-> {},
        scanU |-> {},
        upGone |-> {},
        scanGen |-> (p1 :> 0 @@ p2 :> 0),
        surfaced |-> {},
        parked |-> {},
        upDone |-> {},
        fq |-> {},
        carryDropped |-> {},
        carryPaths |-> {},
        citeDropped |-> {},
        fqRetired |-> (p1 :> 0 @@ p2 :> 0),
        epoch |-> 0,
        st |-> "running",
        pc |-> "idle",
        consumed |-> {},
        declared |-> {},
        gcDone |-> {},
        gcTook |-> {},
        gcHeaded |-> {},
        gcSeen |-> (p1 :> 0 @@ p2 :> 0),
        retire |-> (p1 :> 0 @@ p2 :> 0),
        upVerified |-> FALSE,
        adopted |-> {},
        noInst |-> FALSE,
        local |-> (p1 :> 1 @@ p2 :> 1),
        touched |-> {},
        prevScan |-> {},
        known |-> {1},
        expSeq |-> 1,
        installed |-> FALSE,
        scope |-> {p1, p2},
        instSeq |-> 1,
        repairMoved |-> {},
        lastDirty |-> {},
        stageCarried |-> FALSE,
        citeDone |-> {},
        sentTok |-> 0,
        pendCov |-> (p1 :> 0 @@ p2 :> 0),
        pendMint |-> 0,
        pendDirty |-> {},
        honored |-> FALSE,
        pendReRun |-> FALSE,
        owed |-> {},
        verifiedAt |-> 0,
        inboxSeen |-> {},
        inboxLoaded |-> FALSE ],
  B |->
      [ pendN |-> {},
        ackN |-> {},
        instSnap |-> (p1 :> 0 @@ p2 :> 0),
        instSrc |-> "none",
        jSeq |-> 0,
        instBase |-> (p1 :> 0 @@ p2 :> 0),
        judged |-> (p1 :> 0 @@ p2 :> 0),
        baseline |-> (p1 :> 0 @@ p2 :> 0),
        scanD |-> {},
        scanU |-> {},
        upGone |-> {},
        scanGen |-> (p1 :> 0 @@ p2 :> 0),
        surfaced |-> {},
        parked |-> {},
        upDone |-> {},
        fq |-> {},
        carryDropped |-> {},
        carryPaths |-> {},
        citeDropped |-> {},
        fqRetired |-> (p1 :> 0 @@ p2 :> 0),
        epoch |-> 0,
        st |-> "unstarted",
        pc |-> "idle",
        consumed |-> {},
        declared |-> {},
        gcDone |-> {},
        gcTook |-> {},
        gcHeaded |-> {},
        gcSeen |-> (p1 :> 0 @@ p2 :> 0),
        retire |-> (p1 :> 0 @@ p2 :> 0),
        upVerified |-> FALSE,
        adopted |-> {},
        noInst |-> FALSE,
        local |-> (p1 :> 0 @@ p2 :> 0),
        touched |-> {},
        prevScan |-> {},
        known |-> {},
        expSeq |-> 0,
        installed |-> FALSE,
        scope |-> {p1, p2},
        instSeq |-> 0,
        repairMoved |-> {},
        lastDirty |-> {},
        stageCarried |-> FALSE,
        citeDone |-> {},
        sentTok |-> 0,
        pendCov |-> (p1 :> 0 @@ p2 :> 0),
        pendMint |-> 0,
        pendDirty |-> {},
        honored |-> FALSE,
        pendReRun |-> FALSE,
        owed |-> {},
        verifiedAt |-> 0,
        inboxSeen |-> {},
        inboxLoaded |-> FALSE ] ]
/\ objects = (p1 :> 1 @@ p2 :> 1)
/\ versions = (p1 :> {1} @@ p2 :> {1})
/\ cellReleased = FALSE

State 3: <Next line 4160, col 7 to line 4160, col 55 of module LeanSubtree>
/\ cellHandoff = "none"
/\ stageBase = [A |-> (p1 :> 0 @@ p2 :> 0), B |-> (p1 :> 0 @@ p2 :> 0)]
/\ manSrc = "none"
/\ inbox = {}
/\ gh = [ removals |-> 0,
  tomb |-> (p1 :> 0 @@ p2 :> 0),
  renamed |-> {},
  answered |-> {},
  amputated |-> FALSE,
  stragglerInstalls |-> 0,
  stragglerCas |-> 0,
  deposedPuts |-> 0,
  barriers |-> 0,
  done |-> 0,
  gc |-> 0,
  gcCited |-> 0,
  refusals |-> 0,
  cited |-> 0,
  takeovers |-> 0,
  crashes |-> 0,
  restarts |-> 0,
  adoptOwn |-> 0,
  stallUsed |-> FALSE,
  nextGen |-> 2,
  hitl |-> 0,
  syncs |-> 0,
  syncApplied |-> 0,
  syncConflicts |-> 0,
  syncDestroyed |-> FALSE,
  scopedDeferrals |-> 0,
  foreignLost |-> FALSE,
  deferredPaths |-> {},
  deferredLater |-> 0,
  staged |-> 0,
  cites |-> 0,
  reaped |-> 0,
  withheld |-> 0,
  forcedCites |-> 0,
  citeSpan |-> 0,
  carriedCite |-> FALSE,
  touches |-> 0,
  acks |-> 0,
  honors |-> 0,
  refusedAcks |-> 0,
  coalesced |-> 0,
  fastPaths |-> 0,
  ackAfterRestart |-> 0,
  fastHonor |-> FALSE,
  ackEarly |-> FALSE,
  ackIncoherent |-> FALSE,
  fencedOkAck |-> FALSE,
  srcMismatch |-> FALSE,
  partialAcks |-> 0,
  declaredDrops |-> 0,
  narrows |-> 0,
  narrowed |-> {},
  narrowRecited |-> {},
  removalsApplied |-> 0,
  removalsRefused |-> 0,
  renamesApplied |-> 0,
  renameRefused |-> {},
  citedPairs |-> {},
  claimed |-> {},
  interleaved |-> FALSE,
  handoffs |-> 0,
  deposals |-> 0,
  deadSkips |-> 0,
  enqueues |-> 0,
  abandoned |-> 0,
  adoptWithheld |-> 0,
  sameBytes |-> 0,
  uploadWithheld |-> 0,
  staleOverride |-> FALSE,
  hitlRetired |-> {},
  pullOnlys |-> 0,
  emptyInstalls |-> 0,
  tombRemoved |-> 0,
  tombSuperseded |-> 0,
  orphanTracks |-> 0,
  leaked |-> 0,
  staleAdopt |-> 0,
  retired |-> (p1 :> 0 @@ p2 :> 0),
  orphanAt |-> (p1 :> 0 @@ p2 :> 0),
  orphanOutlived |-> 0,
  leakApplied |-> 0,
  baseRestored |-> 0,
  carrierAck |-> FALSE,
  remJudged |-> (p1 :> 0 @@ p2 :> 0),
  removalOverreach |-> FALSE,
  swept |-> 0,
  remOver |-> (p1 :> 0 @@ p2 :> 0),
  uiBase |-> {},
  pendingKept |-> 0 ]
/\ cellEpoch = 0
/\ window = 0
/\ stage = [A |-> (p1 :> 0 @@ p2 :> 0), B |-> (p1 :> 0 @@ p2 :> 0)]
/\ conflicts = {}
/\ withheldDel = [A |-> {}, B |-> {}]
/\ manifest = (p1 :> 1 @@ p2 :> 1)
/\ cellQueue = <<>>
/\ cellHolder = "none"
/\ manSeq = 1
/\ hitlAcked = {}
/\ removals = {}
/\ sc = [ A |->
      [ pendN |-> {},
        ackN |-> {},
        instSnap |-> (p1 :> 1 @@ p2 :> 1),
        instSrc |-> "none",
        jSeq |-> 0,
        instBase |-> (p1 :> 1 @@ p2 :> 1),
        judged |-> (p1 :> 0 @@ p2 :> 0),
        baseline |-> (p1 :> 1 @@ p2 :> 1),
        scanD |-> {},
        scanU |-> {},
        upGone |-> {},
        scanGen |-> (p1 :> 0 @@ p2 :> 0),
        surfaced |-> {},
        parked |-> {},
        upDone |-> {},
        fq |-> {},
        carryDropped |-> {},
        carryPaths |-> {},
        citeDropped |-> {},
        fqRetired |-> (p1 :> 0 @@ p2 :> 0),
        epoch |-> 0,
        st |-> "running",
        pc |-> "idle",
        consumed |-> {},
        declared |-> {},
        gcDone |-> {},
        gcTook |-> {},
        gcHeaded |-> {},
        gcSeen |-> (p1 :> 0 @@ p2 :> 0),
        retire |-> (p1 :> 0 @@ p2 :> 0),
        upVerified |-> FALSE,
        adopted |-> {},
        noInst |-> FALSE,
        local |-> (p1 :> 1 @@ p2 :> 1),
        touched |-> {},
        prevScan |-> {},
        known |-> {1},
        expSeq |-> 1,
        installed |-> FALSE,
        scope |-> {p1, p2},
        instSeq |-> 1,
        repairMoved |-> {},
        lastDirty |-> {},
        stageCarried |-> FALSE,
        citeDone |-> {},
        sentTok |-> 0,
        pendCov |-> (p1 :> 0 @@ p2 :> 0),
        pendMint |-> 0,
        pendDirty |-> {},
        honored |-> FALSE,
        pendReRun |-> FALSE,
        owed |-> {},
        verifiedAt |-> 0,
        inboxSeen |-> {},
        inboxLoaded |-> FALSE ],
  B |->
      [ pendN |-> {},
        ackN |-> {},
        instSnap |-> (p1 :> 1 @@ p2 :> 1),
        instSrc |-> "none",
        jSeq |-> 0,
        instBase |-> (p1 :> 1 @@ p2 :> 1),
        judged |-> (p1 :> 0 @@ p2 :> 0),
        baseline |-> (p1 :> 1 @@ p2 :> 1),
        scanD |-> {},
        scanU |-> {},
        upGone |-> {},
        scanGen |-> (p1 :> 0 @@ p2 :> 0),
        surfaced |-> {},
        parked |-> {},
        upDone |-> {},
        fq |-> {},
        carryDropped |-> {},
        carryPaths |-> {},
        citeDropped |-> {},
        fqRetired |-> (p1 :> 0 @@ p2 :> 0),
        epoch |-> 0,
        st |-> "running",
        pc |-> "idle",
        consumed |-> {},
        declared |-> {},
        gcDone |-> {},
        gcTook |-> {},
        gcHeaded |-> {},
        gcSeen |-> (p1 :> 0 @@ p2 :> 0),
        retire |-> (p1 :> 0 @@ p2 :> 0),
        upVerified |-> FALSE,
        adopted |-> {},
        noInst |-> FALSE,
        local |-> (p1 :> 1 @@ p2 :> 1),
        touched |-> {},
        prevScan |-> {},
        known |-> {1},
        expSeq |-> 1,
        installed |-> FALSE,
        scope |-> {p1, p2},
        instSeq |-> 1,
        repairMoved |-> {},
        lastDirty |-> {},
        stageCarried |-> FALSE,
        citeDone |-> {},
        sentTok |-> 0,
        pendCov |-> (p1 :> 0 @@ p2 :> 0),
        pendMint |-> 0,
        pendDirty |-> {},
        honored |-> FALSE,
        pendReRun |-> FALSE,
        owed |-> {},
        verifiedAt |-> 0,
        inboxSeen |-> {},
        inboxLoaded |-> FALSE ] ]
/\ objects = (p1 :> 1 @@ p2 :> 1)
/\ versions = (p1 :> {1} @@ p2 :> {1})
/\ cellReleased = FALSE

State 4: <Next line 4160, col 7 to line 4160, col 55 of module LeanSubtree>
/\ cellHandoff = "none"
/\ stageBase = [A |-> (p1 :> 0 @@ p2 :> 0), B |-> (p1 :> 0 @@ p2 :> 0)]
/\ manSrc = "none"
/\ inbox = {<<p1, 2>>}
/\ gh = [ removals |-> 0,
  tomb |-> (p1 :> 0 @@ p2 :> 0),
  renamed |-> {},
  answered |-> {},
  amputated |-> FALSE,
  stragglerInstalls |-> 0,
  stragglerCas |-> 0,
  deposedPuts |-> 0,
  barriers |-> 0,
  done |-> 0,
  gc |-> 0,
  gcCited |-> 0,
  refusals |-> 0,
  cited |-> 0,
  takeovers |-> 0,
  crashes |-> 0,
  restarts |-> 0,
  adoptOwn |-> 0,
  stallUsed |-> FALSE,
  nextGen |-> 3,
  hitl |-> 1,
  syncs |-> 0,
  syncApplied |-> 0,
  syncConflicts |-> 0,
  syncDestroyed |-> FALSE,
  scopedDeferrals |-> 0,
  foreignLost |-> FALSE,
  deferredPaths |-> {},
  deferredLater |-> 0,
  staged |-> 0,
  cites |-> 0,
  reaped |-> 0,
  withheld |-> 0,
  forcedCites |-> 0,
  citeSpan |-> 0,
  carriedCite |-> FALSE,
  touches |-> 0,
  acks |-> 0,
  honors |-> 0,
  refusedAcks |-> 0,
  coalesced |-> 0,
  fastPaths |-> 0,
  ackAfterRestart |-> 0,
  fastHonor |-> FALSE,
  ackEarly |-> FALSE,
  ackIncoherent |-> FALSE,
  fencedOkAck |-> FALSE,
  srcMismatch |-> FALSE,
  partialAcks |-> 0,
  declaredDrops |-> 0,
  narrows |-> 0,
  narrowed |-> {},
  narrowRecited |-> {},
  removalsApplied |-> 0,
  removalsRefused |-> 0,
  renamesApplied |-> 0,
  renameRefused |-> {},
  citedPairs |-> {},
  claimed |-> {},
  interleaved |-> FALSE,
  handoffs |-> 0,
  deposals |-> 0,
  deadSkips |-> 0,
  enqueues |-> 0,
  abandoned |-> 0,
  adoptWithheld |-> 0,
  sameBytes |-> 0,
  uploadWithheld |-> 0,
  staleOverride |-> FALSE,
  hitlRetired |-> {},
  pullOnlys |-> 0,
  emptyInstalls |-> 0,
  tombRemoved |-> 0,
  tombSuperseded |-> 0,
  orphanTracks |-> 0,
  leaked |-> 0,
  staleAdopt |-> 0,
  retired |-> (p1 :> 0 @@ p2 :> 0),
  orphanAt |-> (p1 :> 0 @@ p2 :> 0),
  orphanOutlived |-> 0,
  leakApplied |-> 0,
  baseRestored |-> 0,
  carrierAck |-> FALSE,
  remJudged |-> (p1 :> 0 @@ p2 :> 0),
  removalOverreach |-> FALSE,
  swept |-> 0,
  remOver |-> (p1 :> 0 @@ p2 :> 0),
  uiBase |-> {},
  pendingKept |-> 0 ]
/\ cellEpoch = 0
/\ window = 0
/\ stage = [A |-> (p1 :> 0 @@ p2 :> 0), B |-> (p1 :> 0 @@ p2 :> 0)]
/\ conflicts = {}
/\ withheldDel = [A |-> {}, B |-> {}]
/\ manifest = (p1 :> 1 @@ p2 :> 1)
/\ cellQueue = <<>>
/\ cellHolder = "none"
/\ manSeq = 1
/\ hitlAcked = {<<p1, 2>>}
/\ removals = {}
/\ sc = [ A |->
      [ pendN |-> {},
        ackN |-> {},
        instSnap |-> (p1 :> 1 @@ p2 :> 1),
        instSrc |-> "none",
        jSeq |-> 0,
        instBase |-> (p1 :> 1 @@ p2 :> 1),
        judged |-> (p1 :> 0 @@ p2 :> 0),
        baseline |-> (p1 :> 1 @@ p2 :> 1),
        scanD |-> {},
        scanU |-> {},
        upGone |-> {},
        scanGen |-> (p1 :> 0 @@ p2 :> 0),
        surfaced |-> {},
        parked |-> {},
        upDone |-> {},
        fq |-> {},
        carryDropped |-> {},
        carryPaths |-> {},
        citeDropped |-> {},
        fqRetired |-> (p1 :> 0 @@ p2 :> 0),
        epoch |-> 0,
        st |-> "running",
        pc |-> "idle",
        consumed |-> {},
        declared |-> {},
        gcDone |-> {},
        gcTook |-> {},
        gcHeaded |-> {},
        gcSeen |-> (p1 :> 0 @@ p2 :> 0),
        retire |-> (p1 :> 0 @@ p2 :> 0),
        upVerified |-> FALSE,
        adopted |-> {},
        noInst |-> FALSE,
        local |-> (p1 :> 1 @@ p2 :> 1),
        touched |-> {},
        prevScan |-> {},
        known |-> {1},
        expSeq |-> 1,
        installed |-> FALSE,
        scope |-> {p1, p2},
        instSeq |-> 1,
        repairMoved |-> {},
        lastDirty |-> {},
        stageCarried |-> FALSE,
        citeDone |-> {},
        sentTok |-> 0,
        pendCov |-> (p1 :> 0 @@ p2 :> 0),
        pendMint |-> 0,
        pendDirty |-> {},
        honored |-> FALSE,
        pendReRun |-> FALSE,
        owed |-> {},
        verifiedAt |-> 0,
        inboxSeen |-> {},
        inboxLoaded |-> FALSE ],
  B |->
      [ pendN |-> {},
        ackN |-> {},
        instSnap |-> (p1 :> 1 @@ p2 :> 1),
        instSrc |-> "none",
        jSeq |-> 0,
        instBase |-> (p1 :> 1 @@ p2 :> 1),
        judged |-> (p1 :> 0 @@ p2 :> 0),
        baseline |-> (p1 :> 1 @@ p2 :> 1),
        scanD |-> {},
        scanU |-> {},
        upGone |-> {},
        scanGen |-> (p1 :> 0 @@ p2 :> 0),
        surfaced |-> {},
        parked |-> {},
        upDone |-> {},
        fq |-> {},
        carryDropped |-> {},
        carryPaths |-> {},
        citeDropped |-> {},
        fqRetired |-> (p1 :> 0 @@ p2 :> 0),
        epoch |-> 0,
        st |-> "running",
        pc |-> "idle",
        consumed |-> {},
        declared |-> {},
        gcDone |-> {},
        gcTook |-> {},
        gcHeaded |-> {},
        gcSeen |-> (p1 :> 0 @@ p2 :> 0),
        retire |-> (p1 :> 0 @@ p2 :> 0),
        upVerified |-> FALSE,
        adopted |-> {},
        noInst |-> FALSE,
        local |-> (p1 :> 1 @@ p2 :> 1),
        touched |-> {},
        prevScan |-> {},
        known |-> {1},
        expSeq |-> 1,
        installed |-> FALSE,
        scope |-> {p1, p2},
        instSeq |-> 1,
        repairMoved |-> {},
        lastDirty |-> {},
        stageCarried |-> FALSE,
        citeDone |-> {},
        sentTok |-> 0,
        pendCov |-> (p1 :> 0 @@ p2 :> 0),
        pendMint |-> 0,
        pendDirty |-> {},
        honored |-> FALSE,
        pendReRun |-> FALSE,
        owed |-> {},
        verifiedAt |-> 0,
        inboxSeen |-> {},
        inboxLoaded |-> FALSE ] ]
/\ objects = (p1 :> 2 @@ p2 :> 1)
/\ versions = (p1 :> {1} @@ p2 :> {1})
/\ cellReleased = FALSE

State 5: <Next line 4160, col 7 to line 4160, col 55 of module LeanSubtree>
/\ cellHandoff = "none"
/\ stageBase = [A |-> (p1 :> 0 @@ p2 :> 0), B |-> (p1 :> 0 @@ p2 :> 0)]
/\ manSrc = "none"
/\ inbox = {<<p1, 2>>}
/\ gh = [ removals |-> 0,
  tomb |-> (p1 :> 0 @@ p2 :> 0),
  renamed |-> {},
  answered |-> {},
  amputated |-> FALSE,
  stragglerInstalls |-> 0,
  stragglerCas |-> 0,
  deposedPuts |-> 0,
  barriers |-> 0,
  done |-> 0,
  gc |-> 0,
  gcCited |-> 0,
  refusals |-> 0,
  cited |-> 0,
  takeovers |-> 0,
  crashes |-> 0,
  restarts |-> 0,
  adoptOwn |-> 0,
  stallUsed |-> FALSE,
  nextGen |-> 3,
  hitl |-> 1,
  syncs |-> 0,
  syncApplied |-> 0,
  syncConflicts |-> 0,
  syncDestroyed |-> FALSE,
  scopedDeferrals |-> 0,
  foreignLost |-> FALSE,
  deferredPaths |-> {},
  deferredLater |-> 0,
  staged |-> 0,
  cites |-> 0,
  reaped |-> 0,
  withheld |-> 0,
  forcedCites |-> 0,
  citeSpan |-> 0,
  carriedCite |-> FALSE,
  touches |-> 0,
  acks |-> 0,
  honors |-> 0,
  refusedAcks |-> 0,
  coalesced |-> 0,
  fastPaths |-> 0,
  ackAfterRestart |-> 0,
  fastHonor |-> FALSE,
  ackEarly |-> FALSE,
  ackIncoherent |-> FALSE,
  fencedOkAck |-> FALSE,
  srcMismatch |-> FALSE,
  partialAcks |-> 0,
  declaredDrops |-> 0,
  narrows |-> 0,
  narrowed |-> {},
  narrowRecited |-> {},
  removalsApplied |-> 0,
  removalsRefused |-> 0,
  renamesApplied |-> 0,
  renameRefused |-> {},
  citedPairs |-> {},
  claimed |-> {},
  interleaved |-> FALSE,
  handoffs |-> 0,
  deposals |-> 0,
  deadSkips |-> 0,
  enqueues |-> 0,
  abandoned |-> 0,
  adoptWithheld |-> 0,
  sameBytes |-> 0,
  uploadWithheld |-> 0,
  staleOverride |-> FALSE,
  hitlRetired |-> {},
  pullOnlys |-> 0,
  emptyInstalls |-> 0,
  tombRemoved |-> 0,
  tombSuperseded |-> 0,
  orphanTracks |-> 0,
  leaked |-> 0,
  staleAdopt |-> 0,
  retired |-> (p1 :> 0 @@ p2 :> 0),
  orphanAt |-> (p1 :> 0 @@ p2 :> 0),
  orphanOutlived |-> 0,
  leakApplied |-> 0,
  baseRestored |-> 0,
  carrierAck |-> FALSE,
  remJudged |-> (p1 :> 0 @@ p2 :> 0),
  removalOverreach |-> FALSE,
  swept |-> 0,
  remOver |-> (p1 :> 0 @@ p2 :> 0),
  uiBase |-> {},
  pendingKept |-> 0 ]
/\ cellEpoch = 0
/\ window = 0
/\ stage = [A |-> (p1 :> 0 @@ p2 :> 0), B |-> (p1 :> 0 @@ p2 :> 0)]
/\ conflicts = {}
/\ withheldDel = [A |-> {}, B |-> {}]
/\ manifest = (p1 :> 1 @@ p2 :> 1)
/\ cellQueue = <<>>
/\ cellHolder = "none"
/\ manSeq = 1
/\ hitlAcked = {<<p1, 2>>}
/\ removals = {}
/\ sc = [ A |->
      [ pendN |-> {},
        ackN |-> {},
        instSnap |-> (p1 :> 1 @@ p2 :> 1),
        instSrc |-> "none",
        jSeq |-> 0,
        instBase |-> (p1 :> 1 @@ p2 :> 1),
        judged |-> (p1 :> 0 @@ p2 :> 0),
        baseline |-> (p1 :> 2 @@ p2 :> 1),
        scanD |-> {},
        scanU |-> {},
        upGone |-> {},
        scanGen |-> (p1 :> 0 @@ p2 :> 0),
        surfaced |-> {},
        parked |-> {},
        upDone |-> {},
        fq |-> {},
        carryDropped |-> {},
        carryPaths |-> {},
        citeDropped |-> {},
        fqRetired |-> (p1 :> 0 @@ p2 :> 0),
        epoch |-> 0,
        st |-> "running",
        pc |-> "consumed",
        consumed |-> {<<p1, 2>>},
        declared |-> {},
        gcDone |-> {},
        gcTook |-> {},
        gcHeaded |-> {},
        gcSeen |-> (p1 :> 0 @@ p2 :> 0),
        retire |-> (p1 :> 0 @@ p2 :> 0),
        upVerified |-> FALSE,
        adopted |-> {},
        noInst |-> FALSE,
        local |-> (p1 :> 2 @@ p2 :> 1),
        touched |-> {},
        prevScan |-> {},
        known |-> {1, 2},
        expSeq |-> 1,
        installed |-> FALSE,
        scope |-> {p1, p2},
        instSeq |-> 1,
        repairMoved |-> {},
        lastDirty |-> {},
        stageCarried |-> FALSE,
        citeDone |-> {},
        sentTok |-> 0,
        pendCov |-> (p1 :> 0 @@ p2 :> 0),
        pendMint |-> 0,
        pendDirty |-> {},
        honored |-> FALSE,
        pendReRun |-> FALSE,
        owed |-> {},
        verifiedAt |-> 0,
        inboxSeen |-> {},
        inboxLoaded |-> FALSE ],
  B |->
      [ pendN |-> {},
        ackN |-> {},
        instSnap |-> (p1 :> 1 @@ p2 :> 1),
        instSrc |-> "none",
        jSeq |-> 0,
        instBase |-> (p1 :> 1 @@ p2 :> 1),
        judged |-> (p1 :> 0 @@ p2 :> 0),
        baseline |-> (p1 :> 1 @@ p2 :> 1),
        scanD |-> {},
        scanU |-> {},
        upGone |-> {},
        scanGen |-> (p1 :> 0 @@ p2 :> 0),
        surfaced |-> {},
        parked |-> {},
        upDone |-> {},
        fq |-> {},
        carryDropped |-> {},
        carryPaths |-> {},
        citeDropped |-> {},
        fqRetired |-> (p1 :> 0 @@ p2 :> 0),
        epoch |-> 0,
        st |-> "running",
        pc |-> "idle",
        consumed |-> {},
        declared |-> {},
        gcDone |-> {},
        gcTook |-> {},
        gcHeaded |-> {},
        gcSeen |-> (p1 :> 0 @@ p2 :> 0),
        retire |-> (p1 :> 0 @@ p2 :> 0),
        upVerified |-> FALSE,
        adopted |-> {},
        noInst |-> FALSE,
        local |-> (p1 :> 1 @@ p2 :> 1),
        touched |-> {},
        prevScan |-> {},
        known |-> {1},
        expSeq |-> 1,
        installed |-> FALSE,
        scope |-> {p1, p2},
        instSeq |-> 1,
        repairMoved |-> {},
        lastDirty |-> {},
        stageCarried |-> FALSE,
        citeDone |-> {},
        sentTok |-> 0,
        pendCov |-> (p1 :> 0 @@ p2 :> 0),
        pendMint |-> 0,
        pendDirty |-> {},
        honored |-> FALSE,
        pendReRun |-> FALSE,
        owed |-> {},
        verifiedAt |-> 0,
        inboxSeen |-> {},
        inboxLoaded |-> FALSE ] ]
/\ objects = (p1 :> 2 @@ p2 :> 1)
/\ versions = (p1 :> {1} @@ p2 :> {1})
/\ cellReleased = FALSE

State 6: <Next line 4160, col 7 to line 4160, col 55 of module LeanSubtree>
/\ cellHandoff = "none"
/\ stageBase = [A |-> (p1 :> 0 @@ p2 :> 0), B |-> (p1 :> 0 @@ p2 :> 0)]
/\ manSrc = "none"
/\ inbox = {<<p1, 2>>}
/\ gh = [ removals |-> 0,
  tomb |-> (p1 :> 0 @@ p2 :> 0),
  renamed |-> {},
  answered |-> {},
  amputated |-> FALSE,
  stragglerInstalls |-> 0,
  stragglerCas |-> 0,
  deposedPuts |-> 0,
  barriers |-> 1,
  done |-> 0,
  gc |-> 0,
  gcCited |-> 0,
  refusals |-> 0,
  cited |-> 0,
  takeovers |-> 0,
  crashes |-> 0,
  restarts |-> 0,
  adoptOwn |-> 0,
  stallUsed |-> FALSE,
  nextGen |-> 3,
  hitl |-> 1,
  syncs |-> 0,
  syncApplied |-> 0,
  syncConflicts |-> 0,
  syncDestroyed |-> FALSE,
  scopedDeferrals |-> 0,
  foreignLost |-> FALSE,
  deferredPaths |-> {},
  deferredLater |-> 0,
  staged |-> 0,
  cites |-> 0,
  reaped |-> 0,
  withheld |-> 0,
  forcedCites |-> 0,
  citeSpan |-> 0,
  carriedCite |-> FALSE,
  touches |-> 0,
  acks |-> 0,
  honors |-> 0,
  refusedAcks |-> 0,
  coalesced |-> 0,
  fastPaths |-> 0,
  ackAfterRestart |-> 0,
  fastHonor |-> FALSE,
  ackEarly |-> FALSE,
  ackIncoherent |-> FALSE,
  fencedOkAck |-> FALSE,
  srcMismatch |-> FALSE,
  partialAcks |-> 0,
  declaredDrops |-> 0,
  narrows |-> 0,
  narrowed |-> {},
  narrowRecited |-> {},
  removalsApplied |-> 0,
  removalsRefused |-> 0,
  renamesApplied |-> 0,
  renameRefused |-> {},
  citedPairs |-> {},
  claimed |-> {},
  interleaved |-> FALSE,
  handoffs |-> 0,
  deposals |-> 0,
  deadSkips |-> 0,
  enqueues |-> 0,
  abandoned |-> 0,
  adoptWithheld |-> 0,
  sameBytes |-> 0,
  uploadWithheld |-> 0,
  staleOverride |-> FALSE,
  hitlRetired |-> {},
  pullOnlys |-> 0,
  emptyInstalls |-> 0,
  tombRemoved |-> 0,
  tombSuperseded |-> 0,
  orphanTracks |-> 0,
  leaked |-> 0,
  staleAdopt |-> 0,
  retired |-> (p1 :> 0 @@ p2 :> 0),
  orphanAt |-> (p1 :> 0 @@ p2 :> 0),
  orphanOutlived |-> 0,
  leakApplied |-> 0,
  baseRestored |-> 0,
  carrierAck |-> FALSE,
  remJudged |-> (p1 :> 0 @@ p2 :> 0),
  removalOverreach |-> FALSE,
  swept |-> 0,
  remOver |-> (p1 :> 0 @@ p2 :> 0),
  uiBase |-> {},
  pendingKept |-> 0 ]
/\ cellEpoch = 0
/\ window = 0
/\ stage = [A |-> (p1 :> 0 @@ p2 :> 0), B |-> (p1 :> 0 @@ p2 :> 0)]
/\ conflicts = {}
/\ withheldDel = [A |-> {}, B |-> {}]
/\ manifest = (p1 :> 1 @@ p2 :> 1)
/\ cellQueue = <<>>
/\ cellHolder = "none"
/\ manSeq = 1
/\ hitlAcked = {<<p1, 2>>}
/\ removals = {}
/\ sc = [ A |->
      [ pendN |-> {},
        ackN |-> {},
        instSnap |-> (p1 :> 1 @@ p2 :> 1),
        instSrc |-> "none",
        jSeq |-> 0,
        instBase |-> (p1 :> 1 @@ p2 :> 1),
        judged |-> (p1 :> 0 @@ p2 :> 0),
        baseline |-> (p1 :> 2 @@ p2 :> 1),
        scanD |-> {},
        scanU |-> {},
        upGone |-> {},
        scanGen |-> (p1 :> 2 @@ p2 :> 1),
        surfaced |-> {},
        parked |-> {},
        upDone |-> {},
        fq |-> {},
        carryDropped |-> {},
        carryPaths |-> {},
        citeDropped |-> {},
        fqRetired |-> (p1 :> 0 @@ p2 :> 0),
        epoch |-> 0,
        st |-> "running",
        pc |-> "scanned",
        consumed |-> {<<p1, 2>>},
        declared |-> {},
        gcDone |-> {},
        gcTook |-> {},
        gcHeaded |-> {},
        gcSeen |-> (p1 :> 0 @@ p2 :> 0),
        retire |-> (p1 :> 0 @@ p2 :> 0),
        upVerified |-> FALSE,
        adopted |-> {},
        noInst |-> FALSE,
        local |-> (p1 :> 2 @@ p2 :> 1),
        touched |-> {},
        prevScan |-> {},
        known |-> {1, 2},
        expSeq |-> 1,
        installed |-> FALSE,
        scope |-> {p1, p2},
        instSeq |-> 1,
        repairMoved |-> {},
        lastDirty |-> {},
        stageCarried |-> FALSE,
        citeDone |-> {},
        sentTok |-> 0,
        pendCov |-> (p1 :> 0 @@ p2 :> 0),
        pendMint |-> 0,
        pendDirty |-> {},
        honored |-> FALSE,
        pendReRun |-> FALSE,
        owed |-> {},
        verifiedAt |-> 0,
        inboxSeen |-> {},
        inboxLoaded |-> FALSE ],
  B |->
      [ pendN |-> {},
        ackN |-> {},
        instSnap |-> (p1 :> 1 @@ p2 :> 1),
        instSrc |-> "none",
        jSeq |-> 0,
        instBase |-> (p1 :> 1 @@ p2 :> 1),
        judged |-> (p1 :> 0 @@ p2 :> 0),
        baseline |-> (p1 :> 1 @@ p2 :> 1),
        scanD |-> {},
        scanU |-> {},
        upGone |-> {},
        scanGen |-> (p1 :> 0 @@ p2 :> 0),
        surfaced |-> {},
        parked |-> {},
        upDone |-> {},
        fq |-> {},
        carryDropped |-> {},
        carryPaths |-> {},
        citeDropped |-> {},
        fqRetired |-> (p1 :> 0 @@ p2 :> 0),
        epoch |-> 0,
        st |-> "running",
        pc |-> "idle",
        consumed |-> {},
        declared |-> {},
        gcDone |-> {},
        gcTook |-> {},
        gcHeaded |-> {},
        gcSeen |-> (p1 :> 0 @@ p2 :> 0),
        retire |-> (p1 :> 0 @@ p2 :> 0),
        upVerified |-> FALSE,
        adopted |-> {},
        noInst |-> FALSE,
        local |-> (p1 :> 1 @@ p2 :> 1),
        touched |-> {},
        prevScan |-> {},
        known |-> {1},
        expSeq |-> 1,
        installed |-> FALSE,
        scope |-> {p1, p2},
        instSeq |-> 1,
        repairMoved |-> {},
        lastDirty |-> {},
        stageCarried |-> FALSE,
        citeDone |-> {},
        sentTok |-> 0,
        pendCov |-> (p1 :> 0 @@ p2 :> 0),
        pendMint |-> 0,
        pendDirty |-> {},
        honored |-> FALSE,
        pendReRun |-> FALSE,
        owed |-> {},
        verifiedAt |-> 0,
        inboxSeen |-> {},
        inboxLoaded |-> FALSE ] ]
/\ objects = (p1 :> 2 @@ p2 :> 1)
/\ versions = (p1 :> {1} @@ p2 :> {1})
/\ cellReleased = FALSE

State 7: <Next line 4160, col 7 to line 4160, col 55 of module LeanSubtree>
/\ cellHandoff = "none"
/\ stageBase = [A |-> (p1 :> 0 @@ p2 :> 0), B |-> (p1 :> 0 @@ p2 :> 0)]
/\ manSrc = "none"
/\ inbox = {<<p1, 2>>}
/\ gh = [ removals |-> 0,
  tomb |-> (p1 :> 0 @@ p2 :> 0),
  renamed |-> {},
  answered |-> {},
  amputated |-> FALSE,
  stragglerInstalls |-> 0,
  stragglerCas |-> 0,
  deposedPuts |-> 0,
  barriers |-> 1,
  done |-> 0,
  gc |-> 0,
  gcCited |-> 0,
  refusals |-> 0,
  cited |-> 0,
  takeovers |-> 0,
  crashes |-> 0,
  restarts |-> 0,
  adoptOwn |-> 0,
  stallUsed |-> FALSE,
  nextGen |-> 3,
  hitl |-> 1,
  syncs |-> 0,
  syncApplied |-> 0,
  syncConflicts |-> 0,
  syncDestroyed |-> FALSE,
  scopedDeferrals |-> 0,
  foreignLost |-> FALSE,
  deferredPaths |-> {},
  deferredLater |-> 0,
  staged |-> 0,
  cites |-> 0,
  reaped |-> 0,
  withheld |-> 0,
  forcedCites |-> 0,
  citeSpan |-> 0,
  carriedCite |-> FALSE,
  touches |-> 0,
  acks |-> 0,
  honors |-> 0,
  refusedAcks |-> 0,
  coalesced |-> 0,
  fastPaths |-> 0,
  ackAfterRestart |-> 0,
  fastHonor |-> FALSE,
  ackEarly |-> FALSE,
  ackIncoherent |-> FALSE,
  fencedOkAck |-> FALSE,
  srcMismatch |-> FALSE,
  partialAcks |-> 0,
  declaredDrops |-> 0,
  narrows |-> 0,
  narrowed |-> {},
  narrowRecited |-> {},
  removalsApplied |-> 0,
  removalsRefused |-> 0,
  renamesApplied |-> 0,
  renameRefused |-> {},
  citedPairs |-> {},
  claimed |-> {"A"},
  interleaved |-> FALSE,
  handoffs |-> 0,
  deposals |-> 0,
  deadSkips |-> 0,
  enqueues |-> 0,
  abandoned |-> 0,
  adoptWithheld |-> 0,
  sameBytes |-> 0,
  uploadWithheld |-> 0,
  staleOverride |-> FALSE,
  hitlRetired |-> {},
  pullOnlys |-> 0,
  emptyInstalls |-> 0,
  tombRemoved |-> 0,
  tombSuperseded |-> 0,
  orphanTracks |-> 0,
  leaked |-> 0,
  staleAdopt |-> 0,
  retired |-> (p1 :> 0 @@ p2 :> 0),
  orphanAt |-> (p1 :> 0 @@ p2 :> 0),
  orphanOutlived |-> 0,
  leakApplied |-> 0,
  baseRestored |-> 0,
  carrierAck |-> FALSE,
  remJudged |-> (p1 :> 0 @@ p2 :> 0),
  removalOverreach |-> FALSE,
  swept |-> 0,
  remOver |-> (p1 :> 0 @@ p2 :> 0),
  uiBase |-> {},
  pendingKept |-> 0 ]
/\ cellEpoch = 1
/\ window = 1
/\ stage = [A |-> (p1 :> 0 @@ p2 :> 0), B |-> (p1 :> 0 @@ p2 :> 0)]
/\ conflicts = {}
/\ withheldDel = [A |-> {}, B |-> {}]
/\ manifest = (p1 :> 1 @@ p2 :> 1)
/\ cellQueue = <<>>
/\ cellHolder = "A"
/\ manSeq = 1
/\ hitlAcked = {<<p1, 2>>}
/\ removals = {}
/\ sc = [ A |->
      [ pendN |-> {},
        ackN |-> {},
        instSnap |-> (p1 :> 1 @@ p2 :> 1),
        instSrc |-> "none",
        jSeq |-> 0,
        instBase |-> (p1 :> 1 @@ p2 :> 1),
        judged |-> (p1 :> 0 @@ p2 :> 0),
        baseline |-> (p1 :> 2 @@ p2 :> 1),
        scanD |-> {},
        scanU |-> {},
        upGone |-> {},
        scanGen |-> (p1 :> 2 @@ p2 :> 1),
        surfaced |-> {},
        parked |-> {},
        upDone |-> {},
        fq |-> {},
        carryDropped |-> {},
        carryPaths |-> {},
        citeDropped |-> {},
        fqRetired |-> (p1 :> 0 @@ p2 :> 0),
        epoch |-> 1,
        st |-> "running",
        pc |-> "claimed",
        consumed |-> {<<p1, 2>>},
        declared |-> {},
        gcDone |-> {},
        gcTook |-> {},
        gcHeaded |-> {},
        gcSeen |-> (p1 :> 0 @@ p2 :> 0),
        retire |-> (p1 :> 0 @@ p2 :> 0),
        upVerified |-> FALSE,
        adopted |-> {},
        noInst |-> FALSE,
        local |-> (p1 :> 2 @@ p2 :> 1),
        touched |-> {},
        prevScan |-> {},
        known |-> {1, 2},
        expSeq |-> 1,
        installed |-> FALSE,
        scope |-> {p1, p2},
        instSeq |-> 1,
        repairMoved |-> {},
        lastDirty |-> {},
        stageCarried |-> FALSE,
        citeDone |-> {},
        sentTok |-> 0,
        pendCov |-> (p1 :> 0 @@ p2 :> 0),
        pendMint |-> 0,
        pendDirty |-> {},
        honored |-> FALSE,
        pendReRun |-> FALSE,
        owed |-> {},
        verifiedAt |-> 0,
        inboxSeen |-> {},
        inboxLoaded |-> FALSE ],
  B |->
      [ pendN |-> {},
        ackN |-> {},
        instSnap |-> (p1 :> 1 @@ p2 :> 1),
        instSrc |-> "none",
        jSeq |-> 0,
        instBase |-> (p1 :> 1 @@ p2 :> 1),
        judged |-> (p1 :> 0 @@ p2 :> 0),
        baseline |-> (p1 :> 1 @@ p2 :> 1),
        scanD |-> {},
        scanU |-> {},
        upGone |-> {},
        scanGen |-> (p1 :> 0 @@ p2 :> 0),
        surfaced |-> {},
        parked |-> {},
        upDone |-> {},
        fq |-> {},
        carryDropped |-> {},
        carryPaths |-> {},
        citeDropped |-> {},
        fqRetired |-> (p1 :> 0 @@ p2 :> 0),
        epoch |-> 0,
        st |-> "running",
        pc |-> "idle",
        consumed |-> {},
        declared |-> {},
        gcDone |-> {},
        gcTook |-> {},
        gcHeaded |-> {},
        gcSeen |-> (p1 :> 0 @@ p2 :> 0),
        retire |-> (p1 :> 0 @@ p2 :> 0),
        upVerified |-> FALSE,
        adopted |-> {},
        noInst |-> FALSE,
        local |-> (p1 :> 1 @@ p2 :> 1),
        touched |-> {},
        prevScan |-> {},
        known |-> {1},
        expSeq |-> 1,
        installed |-> FALSE,
        scope |-> {p1, p2},
        instSeq |-> 1,
        repairMoved |-> {},
        lastDirty |-> {},
        stageCarried |-> FALSE,
        citeDone |-> {},
        sentTok |-> 0,
        pendCov |-> (p1 :> 0 @@ p2 :> 0),
        pendMint |-> 0,
        pendDirty |-> {},
        honored |-> FALSE,
        pendReRun |-> FALSE,
        owed |-> {},
        verifiedAt |-> 0,
        inboxSeen |-> {},
        inboxLoaded |-> FALSE ] ]
/\ objects = (p1 :> 2 @@ p2 :> 1)
/\ versions = (p1 :> {1} @@ p2 :> {1})
/\ cellReleased = FALSE

State 8: <Next line 4160, col 7 to line 4160, col 55 of module LeanSubtree>
/\ cellHandoff = "none"
/\ stageBase = [A |-> (p1 :> 0 @@ p2 :> 0), B |-> (p1 :> 0 @@ p2 :> 0)]
/\ manSrc = "none"
/\ inbox = {<<p1, 2>>}
/\ gh = [ removals |-> 0,
  tomb |-> (p1 :> 0 @@ p2 :> 0),
  renamed |-> {},
  answered |-> {},
  amputated |-> FALSE,
  stragglerInstalls |-> 0,
  stragglerCas |-> 0,
  deposedPuts |-> 0,
  barriers |-> 1,
  done |-> 0,
  gc |-> 0,
  gcCited |-> 0,
  refusals |-> 0,
  cited |-> 0,
  takeovers |-> 0,
  crashes |-> 0,
  restarts |-> 0,
  adoptOwn |-> 0,
  stallUsed |-> FALSE,
  nextGen |-> 3,
  hitl |-> 1,
  syncs |-> 0,
  syncApplied |-> 0,
  syncConflicts |-> 0,
  syncDestroyed |-> FALSE,
  scopedDeferrals |-> 0,
  foreignLost |-> FALSE,
  deferredPaths |-> {},
  deferredLater |-> 0,
  staged |-> 0,
  cites |-> 0,
  reaped |-> 0,
  withheld |-> 0,
  forcedCites |-> 0,
  citeSpan |-> 0,
  carriedCite |-> FALSE,
  touches |-> 0,
  acks |-> 0,
  honors |-> 0,
  refusedAcks |-> 0,
  coalesced |-> 0,
  fastPaths |-> 0,
  ackAfterRestart |-> 0,
  fastHonor |-> FALSE,
  ackEarly |-> FALSE,
  ackIncoherent |-> FALSE,
  fencedOkAck |-> FALSE,
  srcMismatch |-> FALSE,
  partialAcks |-> 0,
  declaredDrops |-> 0,
  narrows |-> 0,
  narrowed |-> {},
  narrowRecited |-> {},
  removalsApplied |-> 0,
  removalsRefused |-> 0,
  renamesApplied |-> 0,
  renameRefused |-> {},
  citedPairs |-> {},
  claimed |-> {"A"},
  interleaved |-> FALSE,
  handoffs |-> 0,
  deposals |-> 0,
  deadSkips |-> 0,
  enqueues |-> 0,
  abandoned |-> 0,
  adoptWithheld |-> 0,
  sameBytes |-> 0,
  uploadWithheld |-> 0,
  staleOverride |-> FALSE,
  hitlRetired |-> {},
  pullOnlys |-> 0,
  emptyInstalls |-> 0,
  tombRemoved |-> 0,
  tombSuperseded |-> 0,
  orphanTracks |-> 0,
  leaked |-> 0,
  staleAdopt |-> 0,
  retired |-> (p1 :> 0 @@ p2 :> 0),
  orphanAt |-> (p1 :> 0 @@ p2 :> 0),
  orphanOutlived |-> 0,
  leakApplied |-> 0,
  baseRestored |-> 0,
  carrierAck |-> FALSE,
  remJudged |-> (p1 :> 0 @@ p2 :> 0),
  removalOverreach |-> FALSE,
  swept |-> 0,
  remOver |-> (p1 :> 0 @@ p2 :> 0),
  uiBase |-> {},
  pendingKept |-> 0 ]
/\ cellEpoch = 1
/\ window = 1
/\ stage = [A |-> (p1 :> 0 @@ p2 :> 0), B |-> (p1 :> 0 @@ p2 :> 0)]
/\ conflicts = {}
/\ withheldDel = [A |-> {}, B |-> {}]
/\ manifest = (p1 :> 1 @@ p2 :> 1)
/\ cellQueue = <<>>
/\ cellHolder = "A"
/\ manSeq = 1
/\ hitlAcked = {<<p1, 2>>}
/\ removals = {}
/\ sc = [ A |->
      [ pendN |-> {},
        ackN |-> {},
        instSnap |-> (p1 :> 1 @@ p2 :> 1),
        instSrc |-> "none",
        jSeq |-> 0,
        instBase |-> (p1 :> 1 @@ p2 :> 1),
        judged |-> (p1 :> 0 @@ p2 :> 0),
        baseline |-> (p1 :> 2 @@ p2 :> 1),
        scanD |-> {},
        scanU |-> {},
        upGone |-> {},
        scanGen |-> (p1 :> 2 @@ p2 :> 1),
        surfaced |-> {},
        parked |-> {},
        upDone |-> {},
        fq |-> {},
        carryDropped |-> {},
        carryPaths |-> {},
        citeDropped |-> {},
        fqRetired |-> (p1 :> 0 @@ p2 :> 0),
        epoch |-> 1,
        st |-> "running",
        pc |-> "claimed",
        consumed |-> {<<p1, 2>>},
        declared |-> {},
        gcDone |-> {},
        gcTook |-> {},
        gcHeaded |-> {},
        gcSeen |-> (p1 :> 0 @@ p2 :> 0),
        retire |-> (p1 :> 0 @@ p2 :> 0),
        upVerified |-> FALSE,
        adopted |-> {},
        noInst |-> FALSE,
        local |-> (p1 :> 0 @@ p2 :> 1),
        touched |-> {},
        prevScan |-> {},
        known |-> {1, 2},
        expSeq |-> 1,
        installed |-> FALSE,
        scope |-> {p1, p2},
        instSeq |-> 1,
        repairMoved |-> {},
        lastDirty |-> {},
        stageCarried |-> FALSE,
        citeDone |-> {},
        sentTok |-> 0,
        pendCov |-> (p1 :> 0 @@ p2 :> 0),
        pendMint |-> 0,
        pendDirty |-> {},
        honored |-> FALSE,
        pendReRun |-> FALSE,
        owed |-> {},
        verifiedAt |-> 0,
        inboxSeen |-> {},
        inboxLoaded |-> FALSE ],
  B |->
      [ pendN |-> {},
        ackN |-> {},
        instSnap |-> (p1 :> 1 @@ p2 :> 1),
        instSrc |-> "none",
        jSeq |-> 0,
        instBase |-> (p1 :> 1 @@ p2 :> 1),
        judged |-> (p1 :> 0 @@ p2 :> 0),
        baseline |-> (p1 :> 1 @@ p2 :> 1),
        scanD |-> {},
        scanU |-> {},
        upGone |-> {},
        scanGen |-> (p1 :> 0 @@ p2 :> 0),
        surfaced |-> {},
        parked |-> {},
        upDone |-> {},
        fq |-> {},
        carryDropped |-> {},
        carryPaths |-> {},
        citeDropped |-> {},
        fqRetired |-> (p1 :> 0 @@ p2 :> 0),
        epoch |-> 0,
        st |-> "running",
        pc |-> "idle",
        consumed |-> {},
        declared |-> {},
        gcDone |-> {},
        gcTook |-> {},
        gcHeaded |-> {},
        gcSeen |-> (p1 :> 0 @@ p2 :> 0),
        retire |-> (p1 :> 0 @@ p2 :> 0),
        upVerified |-> FALSE,
        adopted |-> {},
        noInst |-> FALSE,
        local |-> (p1 :> 1 @@ p2 :> 1),
        touched |-> {},
        prevScan |-> {},
        known |-> {1},
        expSeq |-> 1,
        installed |-> FALSE,
        scope |-> {p1, p2},
        instSeq |-> 1,
        repairMoved |-> {},
        lastDirty |-> {},
        stageCarried |-> FALSE,
        citeDone |-> {},
        sentTok |-> 0,
        pendCov |-> (p1 :> 0 @@ p2 :> 0),
        pendMint |-> 0,
        pendDirty |-> {},
        honored |-> FALSE,
        pendReRun |-> FALSE,
        owed |-> {},
        verifiedAt |-> 0,
        inboxSeen |-> {},
        inboxLoaded |-> FALSE ] ]
/\ objects = (p1 :> 2 @@ p2 :> 1)
/\ versions = (p1 :> {1} @@ p2 :> {1})
/\ cellReleased = FALSE

State 9: <Next line 4160, col 7 to line 4160, col 55 of module LeanSubtree>
/\ cellHandoff = "none"
/\ stageBase = [A |-> (p1 :> 0 @@ p2 :> 0), B |-> (p1 :> 0 @@ p2 :> 0)]
/\ manSrc = "cadence"
/\ inbox = {<<p1, 2>>}
/\ gh = [ removals |-> 0,
  tomb |-> (p1 :> 0 @@ p2 :> 0),
  renamed |-> {},
  answered |-> {},
  amputated |-> FALSE,
  stragglerInstalls |-> 0,
  stragglerCas |-> 0,
  deposedPuts |-> 0,
  barriers |-> 1,
  done |-> 0,
  gc |-> 0,
  gcCited |-> 0,
  refusals |-> 0,
  cited |-> 1,
  takeovers |-> 0,
  crashes |-> 0,
  restarts |-> 0,
  adoptOwn |-> 0,
  stallUsed |-> FALSE,
  nextGen |-> 3,
  hitl |-> 1,
  syncs |-> 0,
  syncApplied |-> 0,
  syncConflicts |-> 0,
  syncDestroyed |-> FALSE,
  scopedDeferrals |-> 0,
  foreignLost |-> FALSE,
  deferredPaths |-> {},
  deferredLater |-> 0,
  staged |-> 0,
  cites |-> 0,
  reaped |-> 0,
  withheld |-> 0,
  forcedCites |-> 0,
  citeSpan |-> 0,
  carriedCite |-> FALSE,
  touches |-> 0,
  acks |-> 0,
  honors |-> 0,
  refusedAcks |-> 0,
  coalesced |-> 0,
  fastPaths |-> 0,
  ackAfterRestart |-> 0,
  fastHonor |-> FALSE,
  ackEarly |-> FALSE,
  ackIncoherent |-> FALSE,
  fencedOkAck |-> FALSE,
  srcMismatch |-> FALSE,
  partialAcks |-> 0,
  declaredDrops |-> 0,
  narrows |-> 0,
  narrowed |-> {},
  narrowRecited |-> {},
  removalsApplied |-> 0,
  removalsRefused |-> 0,
  renamesApplied |-> 0,
  renameRefused |-> {},
  citedPairs |-> {<<p1, 2>>},
  claimed |-> {"A"},
  interleaved |-> FALSE,
  handoffs |-> 0,
  deposals |-> 0,
  deadSkips |-> 0,
  enqueues |-> 0,
  abandoned |-> 0,
  adoptWithheld |-> 0,
  sameBytes |-> 0,
  uploadWithheld |-> 0,
  staleOverride |-> FALSE,
  hitlRetired |-> {},
  pullOnlys |-> 0,
  emptyInstalls |-> 0,
  tombRemoved |-> 0,
  tombSuperseded |-> 0,
  orphanTracks |-> 0,
  leaked |-> 0,
  staleAdopt |-> 0,
  retired |-> (p1 :> 0 @@ p2 :> 0),
  orphanAt |-> (p1 :> 0 @@ p2 :> 0),
  orphanOutlived |-> 0,
  leakApplied |-> 0,
  baseRestored |-> 0,
  carrierAck |-> FALSE,
  remJudged |-> (p1 :> 0 @@ p2 :> 0),
  removalOverreach |-> FALSE,
  swept |-> 0,
  remOver |-> (p1 :> 0 @@ p2 :> 0),
  uiBase |-> {},
  pendingKept |-> 0 ]
/\ cellEpoch = 1
/\ window = 0
/\ stage = [A |-> (p1 :> 0 @@ p2 :> 0), B |-> (p1 :> 0 @@ p2 :> 0)]
/\ conflicts = {}
/\ withheldDel = [A |-> {}, B |-> {}]
/\ manifest = (p1 :> 2 @@ p2 :> 1)
/\ cellQueue = <<>>
/\ cellHolder = "A"
/\ manSeq = 2
/\ hitlAcked = {<<p1, 2>>}
/\ removals = {}
/\ sc = [ A |->
      [ pendN |-> {},
        ackN |-> {},
        instSnap |-> (p1 :> 2 @@ p2 :> 1),
        instSrc |-> "cadence",
        jSeq |-> 2,
        instBase |-> (p1 :> 1 @@ p2 :> 1),
        judged |-> (p1 :> 0 @@ p2 :> 0),
        baseline |-> (p1 :> 2 @@ p2 :> 1),
        scanD |-> {},
        scanU |-> {},
        upGone |-> {},
        scanGen |-> (p1 :> 2 @@ p2 :> 1),
        surfaced |-> {},
        parked |-> {},
        upDone |-> {},
        fq |-> {},
        carryDropped |-> {},
        carryPaths |-> {},
        citeDropped |-> {},
        fqRetired |-> (p1 :> 0 @@ p2 :> 0),
        epoch |-> 1,
        st |-> "running",
        pc |-> "cased",
        consumed |-> {<<p1, 2>>},
        declared |-> {},
        gcDone |-> {},
        gcTook |-> {},
        gcHeaded |-> {},
        gcSeen |-> (p1 :> 0 @@ p2 :> 0),
        retire |-> (p1 :> 0 @@ p2 :> 0),
        upVerified |-> FALSE,
        adopted |-> {},
        noInst |-> FALSE,
        local |-> (p1 :> 0 @@ p2 :> 1),
        touched |-> {},
        prevScan |-> {},
        known |-> {1, 2},
        expSeq |-> 1,
        installed |-> FALSE,
        scope |-> {p1, p2},
        instSeq |-> 2,
        repairMoved |-> {},
        lastDirty |-> {},
        stageCarried |-> FALSE,
        citeDone |-> {},
        sentTok |-> 0,
        pendCov |-> (p1 :> 0 @@ p2 :> 0),
        pendMint |-> 0,
        pendDirty |-> {},
        honored |-> FALSE,
        pendReRun |-> FALSE,
        owed |-> {},
        verifiedAt |-> 0,
        inboxSeen |-> {},
        inboxLoaded |-> FALSE ],
  B |->
      [ pendN |-> {},
        ackN |-> {},
        instSnap |-> (p1 :> 1 @@ p2 :> 1),
        instSrc |-> "none",
        jSeq |-> 0,
        instBase |-> (p1 :> 1 @@ p2 :> 1),
        judged |-> (p1 :> 0 @@ p2 :> 0),
        baseline |-> (p1 :> 1 @@ p2 :> 1),
        scanD |-> {},
        scanU |-> {},
        upGone |-> {},
        scanGen |-> (p1 :> 0 @@ p2 :> 0),
        surfaced |-> {},
        parked |-> {},
        upDone |-> {},
        fq |-> {},
        carryDropped |-> {},
        carryPaths |-> {},
        citeDropped |-> {},
        fqRetired |-> (p1 :> 0 @@ p2 :> 0),
        epoch |-> 0,
        st |-> "running",
        pc |-> "idle",
        consumed |-> {},
        declared |-> {},
        gcDone |-> {},
        gcTook |-> {},
        gcHeaded |-> {},
        gcSeen |-> (p1 :> 0 @@ p2 :> 0),
        retire |-> (p1 :> 0 @@ p2 :> 0),
        upVerified |-> FALSE,
        adopted |-> {},
        noInst |-> FALSE,
        local |-> (p1 :> 1 @@ p2 :> 1),
        touched |-> {},
        prevScan |-> {},
        known |-> {1},
        expSeq |-> 1,
        installed |-> FALSE,
        scope |-> {p1, p2},
        instSeq |-> 1,
        repairMoved |-> {},
        lastDirty |-> {},
        stageCarried |-> FALSE,
        citeDone |-> {},
        sentTok |-> 0,
        pendCov |-> (p1 :> 0 @@ p2 :> 0),
        pendMint |-> 0,
        pendDirty |-> {},
        honored |-> FALSE,
        pendReRun |-> FALSE,
        owed |-> {},
        verifiedAt |-> 0,
        inboxSeen |-> {},
        inboxLoaded |-> FALSE ] ]
/\ objects = (p1 :> 2 @@ p2 :> 1)
/\ versions = (p1 :> {1} @@ p2 :> {1})
/\ cellReleased = FALSE

State 10: <Next line 4160, col 7 to line 4160, col 55 of module LeanSubtree>
/\ cellHandoff = "none"
/\ stageBase = [A |-> (p1 :> 0 @@ p2 :> 0), B |-> (p1 :> 0 @@ p2 :> 0)]
/\ manSrc = "cadence"
/\ inbox = {}
/\ gh = [ removals |-> 0,
  tomb |-> (p1 :> 0 @@ p2 :> 0),
  renamed |-> {},
  answered |-> {},
  amputated |-> FALSE,
  stragglerInstalls |-> 0,
  stragglerCas |-> 0,
  deposedPuts |-> 0,
  barriers |-> 1,
  done |-> 1,
  gc |-> 0,
  gcCited |-> 0,
  refusals |-> 0,
  cited |-> 1,
  takeovers |-> 0,
  crashes |-> 0,
  restarts |-> 0,
  adoptOwn |-> 0,
  stallUsed |-> FALSE,
  nextGen |-> 3,
  hitl |-> 1,
  syncs |-> 0,
  syncApplied |-> 0,
  syncConflicts |-> 0,
  syncDestroyed |-> FALSE,
  scopedDeferrals |-> 0,
  foreignLost |-> FALSE,
  deferredPaths |-> {},
  deferredLater |-> 0,
  staged |-> 0,
  cites |-> 0,
  reaped |-> 0,
  withheld |-> 0,
  forcedCites |-> 0,
  citeSpan |-> 0,
  carriedCite |-> FALSE,
  touches |-> 0,
  acks |-> 0,
  honors |-> 0,
  refusedAcks |-> 0,
  coalesced |-> 0,
  fastPaths |-> 0,
  ackAfterRestart |-> 0,
  fastHonor |-> FALSE,
  ackEarly |-> FALSE,
  ackIncoherent |-> FALSE,
  fencedOkAck |-> FALSE,
  srcMismatch |-> FALSE,
  partialAcks |-> 0,
  declaredDrops |-> 0,
  narrows |-> 0,
  narrowed |-> {},
  narrowRecited |-> {},
  removalsApplied |-> 0,
  removalsRefused |-> 0,
  renamesApplied |-> 0,
  renameRefused |-> {},
  citedPairs |-> {<<p1, 2>>},
  claimed |-> {"A"},
  interleaved |-> FALSE,
  handoffs |-> 0,
  deposals |-> 0,
  deadSkips |-> 0,
  enqueues |-> 0,
  abandoned |-> 0,
  adoptWithheld |-> 0,
  sameBytes |-> 0,
  uploadWithheld |-> 0,
  staleOverride |-> FALSE,
  hitlRetired |-> {},
  pullOnlys |-> 0,
  emptyInstalls |-> 0,
  tombRemoved |-> 0,
  tombSuperseded |-> 0,
  orphanTracks |-> 0,
  leaked |-> 0,
  staleAdopt |-> 0,
  retired |-> (p1 :> 0 @@ p2 :> 0),
  orphanAt |-> (p1 :> 0 @@ p2 :> 0),
  orphanOutlived |-> 0,
  leakApplied |-> 0,
  baseRestored |-> 0,
  carrierAck |-> FALSE,
  remJudged |-> (p1 :> 0 @@ p2 :> 0),
  removalOverreach |-> FALSE,
  swept |-> 0,
  remOver |-> (p1 :> 0 @@ p2 :> 0),
  uiBase |-> {},
  pendingKept |-> 0 ]
/\ cellEpoch = 1
/\ window = 0
/\ stage = [A |-> (p1 :> 0 @@ p2 :> 0), B |-> (p1 :> 0 @@ p2 :> 0)]
/\ conflicts = {}
/\ withheldDel = [A |-> {}, B |-> {}]
/\ manifest = (p1 :> 2 @@ p2 :> 1)
/\ cellQueue = <<>>
/\ cellHolder = "A"
/\ manSeq = 2
/\ hitlAcked = {<<p1, 2>>}
/\ removals = {}
/\ sc = [ A |->
      [ pendN |-> {},
        ackN |-> {},
        instSnap |-> (p1 :> 2 @@ p2 :> 1),
        instSrc |-> "cadence",
        jSeq |-> 2,
        instBase |-> (p1 :> 2 @@ p2 :> 1),
        judged |-> (p1 :> 0 @@ p2 :> 0),
        baseline |-> (p1 :> 2 @@ p2 :> 1),
        scanD |-> {},
        scanU |-> {},
        upGone |-> {},
        scanGen |-> (p1 :> 0 @@ p2 :> 0),
        surfaced |-> {},
        parked |-> {},
        upDone |-> {},
        fq |-> {},
        carryDropped |-> {},
        carryPaths |-> {},
        citeDropped |-> {},
        fqRetired |-> (p1 :> 0 @@ p2 :> 0),
        epoch |-> 1,
        st |-> "running",
        pc |-> "idle",
        consumed |-> {},
        declared |-> {},
        gcDone |-> {},
        gcTook |-> {},
        gcHeaded |-> {},
        gcSeen |-> (p1 :> 0 @@ p2 :> 0),
        retire |-> (p1 :> 0 @@ p2 :> 0),
        upVerified |-> FALSE,
        adopted |-> {},
        noInst |-> FALSE,
        local |-> (p1 :> 0 @@ p2 :> 1),
        touched |-> {},
        prevScan |-> {},
        known |-> {1, 2},
        expSeq |-> 2,
        installed |-> TRUE,
        scope |-> {p1, p2},
        instSeq |-> 2,
        repairMoved |-> {},
        lastDirty |-> {},
        stageCarried |-> FALSE,
        citeDone |-> {},
        sentTok |-> 0,
        pendCov |-> (p1 :> 0 @@ p2 :> 0),
        pendMint |-> 0,
        pendDirty |-> {},
        honored |-> FALSE,
        pendReRun |-> FALSE,
        owed |-> {},
        verifiedAt |-> 0,
        inboxSeen |-> {},
        inboxLoaded |-> FALSE ],
  B |->
      [ pendN |-> {},
        ackN |-> {},
        instSnap |-> (p1 :> 1 @@ p2 :> 1),
        instSrc |-> "none",
        jSeq |-> 0,
        instBase |-> (p1 :> 1 @@ p2 :> 1),
        judged |-> (p1 :> 0 @@ p2 :> 0),
        baseline |-> (p1 :> 1 @@ p2 :> 1),
        scanD |-> {},
        scanU |-> {},
        upGone |-> {},
        scanGen |-> (p1 :> 0 @@ p2 :> 0),
        surfaced |-> {},
        parked |-> {},
        upDone |-> {},
        fq |-> {},
        carryDropped |-> {},
        carryPaths |-> {},
        citeDropped |-> {},
        fqRetired |-> (p1 :> 0 @@ p2 :> 0),
        epoch |-> 0,
        st |-> "running",
        pc |-> "idle",
        consumed |-> {},
        declared |-> {},
        gcDone |-> {},
        gcTook |-> {},
        gcHeaded |-> {},
        gcSeen |-> (p1 :> 0 @@ p2 :> 0),
        retire |-> (p1 :> 0 @@ p2 :> 0),
        upVerified |-> FALSE,
        adopted |-> {},
        noInst |-> FALSE,
        local |-> (p1 :> 1 @@ p2 :> 1),
        touched |-> {},
        prevScan |-> {},
        known |-> {1},
        expSeq |-> 1,
        installed |-> FALSE,
        scope |-> {p1, p2},
        instSeq |-> 1,
        repairMoved |-> {},
        lastDirty |-> {},
        stageCarried |-> FALSE,
        citeDone |-> {},
        sentTok |-> 0,
        pendCov |-> (p1 :> 0 @@ p2 :> 0),
        pendMint |-> 0,
        pendDirty |-> {},
        honored |-> FALSE,
        pendReRun |-> FALSE,
        owed |-> {},
        verifiedAt |-> 0,
        inboxSeen |-> {},
        inboxLoaded |-> FALSE ] ]
/\ objects = (p1 :> 2 @@ p2 :> 1)
/\ versions = (p1 :> {1} @@ p2 :> {1})
/\ cellReleased = TRUE

State 11: <Next line 4160, col 7 to line 4160, col 55 of module LeanSubtree>
/\ cellHandoff = "none"
/\ stageBase = [A |-> (p1 :> 0 @@ p2 :> 0), B |-> (p1 :> 0 @@ p2 :> 0)]
/\ manSrc = "cadence"
/\ inbox = {}
/\ gh = [ removals |-> 0,
  tomb |-> (p1 :> 0 @@ p2 :> 0),
  renamed |-> {},
  answered |-> {},
  amputated |-> FALSE,
  stragglerInstalls |-> 0,
  stragglerCas |-> 0,
  deposedPuts |-> 0,
  barriers |-> 1,
  done |-> 1,
  gc |-> 0,
  gcCited |-> 0,
  refusals |-> 0,
  cited |-> 1,
  takeovers |-> 0,
  crashes |-> 0,
  restarts |-> 0,
  adoptOwn |-> 0,
  stallUsed |-> FALSE,
  nextGen |-> 3,
  hitl |-> 1,
  syncs |-> 0,
  syncApplied |-> 0,
  syncConflicts |-> 0,
  syncDestroyed |-> FALSE,
  scopedDeferrals |-> 0,
  foreignLost |-> FALSE,
  deferredPaths |-> {},
  deferredLater |-> 0,
  staged |-> 0,
  cites |-> 0,
  reaped |-> 0,
  withheld |-> 0,
  forcedCites |-> 0,
  citeSpan |-> 0,
  carriedCite |-> FALSE,
  touches |-> 0,
  acks |-> 0,
  honors |-> 0,
  refusedAcks |-> 0,
  coalesced |-> 0,
  fastPaths |-> 0,
  ackAfterRestart |-> 0,
  fastHonor |-> FALSE,
  ackEarly |-> FALSE,
  ackIncoherent |-> FALSE,
  fencedOkAck |-> FALSE,
  srcMismatch |-> FALSE,
  partialAcks |-> 0,
  declaredDrops |-> 0,
  narrows |-> 0,
  narrowed |-> {},
  narrowRecited |-> {},
  removalsApplied |-> 0,
  removalsRefused |-> 0,
  renamesApplied |-> 0,
  renameRefused |-> {},
  citedPairs |-> {<<p1, 2>>},
  claimed |-> {"A"},
  interleaved |-> FALSE,
  handoffs |-> 0,
  deposals |-> 0,
  deadSkips |-> 0,
  enqueues |-> 0,
  abandoned |-> 0,
  adoptWithheld |-> 0,
  sameBytes |-> 0,
  uploadWithheld |-> 0,
  staleOverride |-> FALSE,
  hitlRetired |-> {},
  pullOnlys |-> 0,
  emptyInstalls |-> 0,
  tombRemoved |-> 0,
  tombSuperseded |-> 0,
  orphanTracks |-> 0,
  leaked |-> 0,
  staleAdopt |-> 0,
  retired |-> (p1 :> 0 @@ p2 :> 0),
  orphanAt |-> (p1 :> 0 @@ p2 :> 0),
  orphanOutlived |-> 0,
  leakApplied |-> 0,
  baseRestored |-> 0,
  carrierAck |-> FALSE,
  remJudged |-> (p1 :> 0 @@ p2 :> 0),
  removalOverreach |-> FALSE,
  swept |-> 0,
  remOver |-> (p1 :> 0 @@ p2 :> 0),
  uiBase |-> {},
  pendingKept |-> 0 ]
/\ cellEpoch = 1
/\ window = 0
/\ stage = [A |-> (p1 :> 0 @@ p2 :> 0), B |-> (p1 :> 0 @@ p2 :> 0)]
/\ conflicts = {}
/\ withheldDel = [A |-> {}, B |-> {}]
/\ manifest = (p1 :> 2 @@ p2 :> 1)
/\ cellQueue = <<>>
/\ cellHolder = "A"
/\ manSeq = 2
/\ hitlAcked = {<<p1, 2>>}
/\ removals = {}
/\ sc = [ A |->
      [ pendN |-> {},
        ackN |-> {},
        instSnap |-> (p1 :> 2 @@ p2 :> 1),
        instSrc |-> "cadence",
        jSeq |-> 2,
        instBase |-> (p1 :> 2 @@ p2 :> 1),
        judged |-> (p1 :> 0 @@ p2 :> 0),
        baseline |-> (p1 :> 2 @@ p2 :> 1),
        scanD |-> {},
        scanU |-> {},
        upGone |-> {},
        scanGen |-> (p1 :> 0 @@ p2 :> 0),
        surfaced |-> {},
        parked |-> {},
        upDone |-> {},
        fq |-> {},
        carryDropped |-> {},
        carryPaths |-> {},
        citeDropped |-> {},
        fqRetired |-> (p1 :> 0 @@ p2 :> 0),
        epoch |-> 1,
        st |-> "running",
        pc |-> "consumed",
        consumed |-> {},
        declared |-> {},
        gcDone |-> {},
        gcTook |-> {},
        gcHeaded |-> {},
        gcSeen |-> (p1 :> 0 @@ p2 :> 0),
        retire |-> (p1 :> 0 @@ p2 :> 0),
        upVerified |-> FALSE,
        adopted |-> {},
        noInst |-> FALSE,
        local |-> (p1 :> 0 @@ p2 :> 1),
        touched |-> {},
        prevScan |-> {},
        known |-> {1, 2},
        expSeq |-> 2,
        installed |-> TRUE,
        scope |-> {p1, p2},
        instSeq |-> 2,
        repairMoved |-> {},
        lastDirty |-> {},
        stageCarried |-> FALSE,
        citeDone |-> {},
        sentTok |-> 0,
        pendCov |-> (p1 :> 0 @@ p2 :> 0),
        pendMint |-> 0,
        pendDirty |-> {},
        honored |-> FALSE,
        pendReRun |-> FALSE,
        owed |-> {},
        verifiedAt |-> 0,
        inboxSeen |-> {},
        inboxLoaded |-> FALSE ],
  B |->
      [ pendN |-> {},
        ackN |-> {},
        instSnap |-> (p1 :> 1 @@ p2 :> 1),
        instSrc |-> "none",
        jSeq |-> 0,
        instBase |-> (p1 :> 1 @@ p2 :> 1),
        judged |-> (p1 :> 0 @@ p2 :> 0),
        baseline |-> (p1 :> 1 @@ p2 :> 1),
        scanD |-> {},
        scanU |-> {},
        upGone |-> {},
        scanGen |-> (p1 :> 0 @@ p2 :> 0),
        surfaced |-> {},
        parked |-> {},
        upDone |-> {},
        fq |-> {},
        carryDropped |-> {},
        carryPaths |-> {},
        citeDropped |-> {},
        fqRetired |-> (p1 :> 0 @@ p2 :> 0),
        epoch |-> 0,
        st |-> "running",
        pc |-> "idle",
        consumed |-> {},
        declared |-> {},
        gcDone |-> {},
        gcTook |-> {},
        gcHeaded |-> {},
        gcSeen |-> (p1 :> 0 @@ p2 :> 0),
        retire |-> (p1 :> 0 @@ p2 :> 0),
        upVerified |-> FALSE,
        adopted |-> {},
        noInst |-> FALSE,
        local |-> (p1 :> 1 @@ p2 :> 1),
        touched |-> {},
        prevScan |-> {},
        known |-> {1},
        expSeq |-> 1,
        installed |-> FALSE,
        scope |-> {p1, p2},
        instSeq |-> 1,
        repairMoved |-> {},
        lastDirty |-> {},
        stageCarried |-> FALSE,
        citeDone |-> {},
        sentTok |-> 0,
        pendCov |-> (p1 :> 0 @@ p2 :> 0),
        pendMint |-> 0,
        pendDirty |-> {},
        honored |-> FALSE,
        pendReRun |-> FALSE,
        owed |-> {},
        verifiedAt |-> 0,
        inboxSeen |-> {},
        inboxLoaded |-> FALSE ] ]
/\ objects = (p1 :> 2 @@ p2 :> 1)
/\ versions = (p1 :> {1} @@ p2 :> {1})
/\ cellReleased = TRUE

State 12: <Next line 4160, col 7 to line 4160, col 55 of module LeanSubtree>
/\ cellHandoff = "none"
/\ stageBase = [A |-> (p1 :> 0 @@ p2 :> 0), B |-> (p1 :> 0 @@ p2 :> 0)]
/\ manSrc = "cadence"
/\ inbox = {}
/\ gh = [ removals |-> 0,
  tomb |-> (p1 :> 0 @@ p2 :> 0),
  renamed |-> {},
  answered |-> {},
  amputated |-> FALSE,
  stragglerInstalls |-> 0,
  stragglerCas |-> 0,
  deposedPuts |-> 0,
  barriers |-> 1,
  done |-> 1,
  gc |-> 0,
  gcCited |-> 0,
  refusals |-> 0,
  cited |-> 1,
  takeovers |-> 0,
  crashes |-> 0,
  restarts |-> 0,
  adoptOwn |-> 0,
  stallUsed |-> FALSE,
  nextGen |-> 3,
  hitl |-> 1,
  syncs |-> 0,
  syncApplied |-> 0,
  syncConflicts |-> 0,
  syncDestroyed |-> FALSE,
  scopedDeferrals |-> 0,
  foreignLost |-> FALSE,
  deferredPaths |-> {},
  deferredLater |-> 0,
  staged |-> 0,
  cites |-> 0,
  reaped |-> 0,
  withheld |-> 0,
  forcedCites |-> 0,
  citeSpan |-> 0,
  carriedCite |-> FALSE,
  touches |-> 0,
  acks |-> 0,
  honors |-> 0,
  refusedAcks |-> 0,
  coalesced |-> 0,
  fastPaths |-> 0,
  ackAfterRestart |-> 0,
  fastHonor |-> FALSE,
  ackEarly |-> FALSE,
  ackIncoherent |-> FALSE,
  fencedOkAck |-> FALSE,
  srcMismatch |-> FALSE,
  partialAcks |-> 0,
  declaredDrops |-> 0,
  narrows |-> 0,
  narrowed |-> {},
  narrowRecited |-> {},
  removalsApplied |-> 0,
  removalsRefused |-> 0,
  renamesApplied |-> 0,
  renameRefused |-> {},
  citedPairs |-> {<<p1, 2>>},
  claimed |-> {"A"},
  interleaved |-> FALSE,
  handoffs |-> 0,
  deposals |-> 0,
  deadSkips |-> 0,
  enqueues |-> 0,
  abandoned |-> 0,
  adoptWithheld |-> 0,
  sameBytes |-> 0,
  uploadWithheld |-> 0,
  staleOverride |-> FALSE,
  hitlRetired |-> {},
  pullOnlys |-> 0,
  emptyInstalls |-> 0,
  tombRemoved |-> 0,
  tombSuperseded |-> 0,
  orphanTracks |-> 0,
  leaked |-> 0,
  staleAdopt |-> 0,
  retired |-> (p1 :> 0 @@ p2 :> 0),
  orphanAt |-> (p1 :> 0 @@ p2 :> 0),
  orphanOutlived |-> 0,
  leakApplied |-> 0,
  baseRestored |-> 0,
  carrierAck |-> FALSE,
  remJudged |-> (p1 :> 0 @@ p2 :> 0),
  removalOverreach |-> FALSE,
  swept |-> 0,
  remOver |-> (p1 :> 0 @@ p2 :> 0),
  uiBase |-> {},
  pendingKept |-> 0 ]
/\ cellEpoch = 1
/\ window = 0
/\ stage = [A |-> (p1 :> 0 @@ p2 :> 0), B |-> (p1 :> 0 @@ p2 :> 0)]
/\ conflicts = {}
/\ withheldDel = [A |-> {}, B |-> {}]
/\ manifest = (p1 :> 2 @@ p2 :> 1)
/\ cellQueue = <<>>
/\ cellHolder = "A"
/\ manSeq = 2
/\ hitlAcked = {<<p1, 2>>}
/\ removals = {}
/\ sc = [ A |->
      [ pendN |-> {},
        ackN |-> {},
        instSnap |-> (p1 :> 2 @@ p2 :> 1),
        instSrc |-> "cadence",
        jSeq |-> 2,
        instBase |-> (p1 :> 2 @@ p2 :> 1),
        judged |-> (p1 :> 0 @@ p2 :> 0),
        baseline |-> (p1 :> 2 @@ p2 :> 1),
        scanD |-> {},
        scanU |-> {},
        upGone |-> {},
        scanGen |-> (p1 :> 0 @@ p2 :> 0),
        surfaced |-> {},
        parked |-> {},
        upDone |-> {},
        fq |-> {},
        carryDropped |-> {},
        carryPaths |-> {},
        citeDropped |-> {},
        fqRetired |-> (p1 :> 0 @@ p2 :> 0),
        epoch |-> 1,
        st |-> "running",
        pc |-> "consumed",
        consumed |-> {},
        declared |-> {},
        gcDone |-> {},
        gcTook |-> {},
        gcHeaded |-> {},
        gcSeen |-> (p1 :> 0 @@ p2 :> 0),
        retire |-> (p1 :> 0 @@ p2 :> 0),
        upVerified |-> FALSE,
        adopted |-> {},
        noInst |-> FALSE,
        local |-> (p1 :> 0 @@ p2 :> 1),
        touched |-> {},
        prevScan |-> {},
        known |-> {1, 2},
        expSeq |-> 2,
        installed |-> TRUE,
        scope |-> {p1, p2},
        instSeq |-> 2,
        repairMoved |-> {},
        lastDirty |-> {},
        stageCarried |-> FALSE,
        citeDone |-> {},
        sentTok |-> 0,
        pendCov |-> (p1 :> 0 @@ p2 :> 0),
        pendMint |-> 0,
        pendDirty |-> {},
        honored |-> FALSE,
        pendReRun |-> FALSE,
        owed |-> {},
        verifiedAt |-> 0,
        inboxSeen |-> {},
        inboxLoaded |-> FALSE ],
  B |->
      [ pendN |-> {},
        ackN |-> {},
        instSnap |-> (p1 :> 1 @@ p2 :> 1),
        instSrc |-> "none",
        jSeq |-> 0,
        instBase |-> (p1 :> 1 @@ p2 :> 1),
        judged |-> (p1 :> 0 @@ p2 :> 0),
        baseline |-> (p1 :> 1 @@ p2 :> 1),
        scanD |-> {},
        scanU |-> {},
        upGone |-> {},
        scanGen |-> (p1 :> 0 @@ p2 :> 0),
        surfaced |-> {},
        parked |-> {},
        upDone |-> {},
        fq |-> {},
        carryDropped |-> {},
        carryPaths |-> {},
        citeDropped |-> {},
        fqRetired |-> (p1 :> 0 @@ p2 :> 0),
        epoch |-> 0,
        st |-> "running",
        pc |-> "consumed",
        consumed |-> {},
        declared |-> {},
        gcDone |-> {},
        gcTook |-> {},
        gcHeaded |-> {},
        gcSeen |-> (p1 :> 0 @@ p2 :> 0),
        retire |-> (p1 :> 0 @@ p2 :> 0),
        upVerified |-> FALSE,
        adopted |-> {},
        noInst |-> FALSE,
        local |-> (p1 :> 1 @@ p2 :> 1),
        touched |-> {},
        prevScan |-> {},
        known |-> {1},
        expSeq |-> 1,
        installed |-> FALSE,
        scope |-> {p1, p2},
        instSeq |-> 1,
        repairMoved |-> {},
        lastDirty |-> {},
        stageCarried |-> FALSE,
        citeDone |-> {},
        sentTok |-> 0,
        pendCov |-> (p1 :> 0 @@ p2 :> 0),
        pendMint |-> 0,
        pendDirty |-> {},
        honored |-> FALSE,
        pendReRun |-> FALSE,
        owed |-> {},
        verifiedAt |-> 0,
        inboxSeen |-> {},
        inboxLoaded |-> FALSE ] ]
/\ objects = (p1 :> 2 @@ p2 :> 1)
/\ versions = (p1 :> {1} @@ p2 :> {1})
/\ cellReleased = TRUE

State 13: <Next line 4160, col 7 to line 4160, col 55 of module LeanSubtree>
/\ cellHandoff = "none"
/\ stageBase = [A |-> (p1 :> 0 @@ p2 :> 0), B |-> (p1 :> 0 @@ p2 :> 0)]
/\ manSrc = "cadence"
/\ inbox = {}
/\ gh = [ removals |-> 0,
  tomb |-> (p1 :> 0 @@ p2 :> 0),
  renamed |-> {},
  answered |-> {},
  amputated |-> FALSE,
  stragglerInstalls |-> 0,
  stragglerCas |-> 0,
  deposedPuts |-> 0,
  barriers |-> 2,
  done |-> 1,
  gc |-> 0,
  gcCited |-> 0,
  refusals |-> 0,
  cited |-> 1,
  takeovers |-> 0,
  crashes |-> 0,
  restarts |-> 0,
  adoptOwn |-> 0,
  stallUsed |-> FALSE,
  nextGen |-> 3,
  hitl |-> 1,
  syncs |-> 0,
  syncApplied |-> 0,
  syncConflicts |-> 0,
  syncDestroyed |-> FALSE,
  scopedDeferrals |-> 0,
  foreignLost |-> FALSE,
  deferredPaths |-> {},
  deferredLater |-> 0,
  staged |-> 0,
  cites |-> 0,
  reaped |-> 0,
  withheld |-> 0,
  forcedCites |-> 0,
  citeSpan |-> 0,
  carriedCite |-> FALSE,
  touches |-> 0,
  acks |-> 0,
  honors |-> 0,
  refusedAcks |-> 0,
  coalesced |-> 0,
  fastPaths |-> 0,
  ackAfterRestart |-> 0,
  fastHonor |-> FALSE,
  ackEarly |-> FALSE,
  ackIncoherent |-> FALSE,
  fencedOkAck |-> FALSE,
  srcMismatch |-> FALSE,
  partialAcks |-> 0,
  declaredDrops |-> 0,
  narrows |-> 0,
  narrowed |-> {},
  narrowRecited |-> {},
  removalsApplied |-> 0,
  removalsRefused |-> 0,
  renamesApplied |-> 0,
  renameRefused |-> {},
  citedPairs |-> {<<p1, 2>>},
  claimed |-> {"A"},
  interleaved |-> FALSE,
  handoffs |-> 0,
  deposals |-> 0,
  deadSkips |-> 0,
  enqueues |-> 0,
  abandoned |-> 0,
  adoptWithheld |-> 0,
  sameBytes |-> 0,
  uploadWithheld |-> 0,
  staleOverride |-> FALSE,
  hitlRetired |-> {},
  pullOnlys |-> 0,
  emptyInstalls |-> 0,
  tombRemoved |-> 0,
  tombSuperseded |-> 0,
  orphanTracks |-> 0,
  leaked |-> 0,
  staleAdopt |-> 0,
  retired |-> (p1 :> 0 @@ p2 :> 0),
  orphanAt |-> (p1 :> 0 @@ p2 :> 0),
  orphanOutlived |-> 0,
  leakApplied |-> 0,
  baseRestored |-> 0,
  carrierAck |-> FALSE,
  remJudged |-> (p1 :> 0 @@ p2 :> 0),
  removalOverreach |-> FALSE,
  swept |-> 0,
  remOver |-> (p1 :> 0 @@ p2 :> 0),
  uiBase |-> {},
  pendingKept |-> 0 ]
/\ cellEpoch = 1
/\ window = 0
/\ stage = [A |-> (p1 :> 0 @@ p2 :> 0), B |-> (p1 :> 0 @@ p2 :> 0)]
/\ conflicts = {}
/\ withheldDel = [A |-> {}, B |-> {}]
/\ manifest = (p1 :> 2 @@ p2 :> 1)
/\ cellQueue = <<>>
/\ cellHolder = "A"
/\ manSeq = 2
/\ hitlAcked = {<<p1, 2>>}
/\ removals = {}
/\ sc = [ A |->
      [ pendN |-> {},
        ackN |-> {},
        instSnap |-> (p1 :> 2 @@ p2 :> 1),
        instSrc |-> "cadence",
        jSeq |-> 2,
        instBase |-> (p1 :> 2 @@ p2 :> 1),
        judged |-> (p1 :> 0 @@ p2 :> 0),
        baseline |-> (p1 :> 2 @@ p2 :> 1),
        scanD |-> {p1},
        scanU |-> {},
        upGone |-> {},
        scanGen |-> (p1 :> 0 @@ p2 :> 1),
        surfaced |-> {},
        parked |-> {},
        upDone |-> {},
        fq |-> {},
        carryDropped |-> {},
        carryPaths |-> {},
        citeDropped |-> {},
        fqRetired |-> (p1 :> 0 @@ p2 :> 0),
        epoch |-> 1,
        st |-> "running",
        pc |-> "scanned",
        consumed |-> {},
        declared |-> {},
        gcDone |-> {},
        gcTook |-> {},
        gcHeaded |-> {},
        gcSeen |-> (p1 :> 0 @@ p2 :> 0),
        retire |-> (p1 :> 0 @@ p2 :> 0),
        upVerified |-> FALSE,
        adopted |-> {},
        noInst |-> FALSE,
        local |-> (p1 :> 0 @@ p2 :> 1),
        touched |-> {},
        prevScan |-> {},
        known |-> {1, 2},
        expSeq |-> 2,
        installed |-> TRUE,
        scope |-> {p1, p2},
        instSeq |-> 2,
        repairMoved |-> {},
        lastDirty |-> {p1},
        stageCarried |-> FALSE,
        citeDone |-> {},
        sentTok |-> 0,
        pendCov |-> (p1 :> 0 @@ p2 :> 0),
        pendMint |-> 0,
        pendDirty |-> {},
        honored |-> FALSE,
        pendReRun |-> FALSE,
        owed |-> {},
        verifiedAt |-> 0,
        inboxSeen |-> {},
        inboxLoaded |-> FALSE ],
  B |->
      [ pendN |-> {},
        ackN |-> {},
        instSnap |-> (p1 :> 1 @@ p2 :> 1),
        instSrc |-> "none",
        jSeq |-> 0,
        instBase |-> (p1 :> 1 @@ p2 :> 1),
        judged |-> (p1 :> 0 @@ p2 :> 0),
        baseline |-> (p1 :> 1 @@ p2 :> 1),
        scanD |-> {},
        scanU |-> {},
        upGone |-> {},
        scanGen |-> (p1 :> 0 @@ p2 :> 0),
        surfaced |-> {},
        parked |-> {},
        upDone |-> {},
        fq |-> {},
        carryDropped |-> {},
        carryPaths |-> {},
        citeDropped |-> {},
        fqRetired |-> (p1 :> 0 @@ p2 :> 0),
        epoch |-> 0,
        st |-> "running",
        pc |-> "consumed",
        consumed |-> {},
        declared |-> {},
        gcDone |-> {},
        gcTook |-> {},
        gcHeaded |-> {},
        gcSeen |-> (p1 :> 0 @@ p2 :> 0),
        retire |-> (p1 :> 0 @@ p2 :> 0),
        upVerified |-> FALSE,
        adopted |-> {},
        noInst |-> FALSE,
        local |-> (p1 :> 1 @@ p2 :> 1),
        touched |-> {},
        prevScan |-> {},
        known |-> {1},
        expSeq |-> 1,
        installed |-> FALSE,
        scope |-> {p1, p2},
        instSeq |-> 1,
        repairMoved |-> {},
        lastDirty |-> {},
        stageCarried |-> FALSE,
        citeDone |-> {},
        sentTok |-> 0,
        pendCov |-> (p1 :> 0 @@ p2 :> 0),
        pendMint |-> 0,
        pendDirty |-> {},
        honored |-> FALSE,
        pendReRun |-> FALSE,
        owed |-> {},
        verifiedAt |-> 0,
        inboxSeen |-> {},
        inboxLoaded |-> FALSE ] ]
/\ objects = (p1 :> 2 @@ p2 :> 1)
/\ versions = (p1 :> {1} @@ p2 :> {1})
/\ cellReleased = TRUE

State 14: <Next line 4160, col 7 to line 4160, col 55 of module LeanSubtree>
/\ cellHandoff = "none"
/\ stageBase = [A |-> (p1 :> 0 @@ p2 :> 0), B |-> (p1 :> 0 @@ p2 :> 0)]
/\ manSrc = "cadence"
/\ inbox = {}
/\ gh = [ removals |-> 0,
  tomb |-> (p1 :> 0 @@ p2 :> 0),
  renamed |-> {},
  answered |-> {},
  amputated |-> FALSE,
  stragglerInstalls |-> 0,
  stragglerCas |-> 0,
  deposedPuts |-> 0,
  barriers |-> 3,
  done |-> 1,
  gc |-> 0,
  gcCited |-> 0,
  refusals |-> 0,
  cited |-> 1,
  takeovers |-> 0,
  crashes |-> 0,
  restarts |-> 0,
  adoptOwn |-> 0,
  stallUsed |-> FALSE,
  nextGen |-> 3,
  hitl |-> 1,
  syncs |-> 0,
  syncApplied |-> 0,
  syncConflicts |-> 0,
  syncDestroyed |-> FALSE,
  scopedDeferrals |-> 0,
  foreignLost |-> FALSE,
  deferredPaths |-> {},
  deferredLater |-> 0,
  staged |-> 0,
  cites |-> 0,
  reaped |-> 0,
  withheld |-> 0,
  forcedCites |-> 0,
  citeSpan |-> 0,
  carriedCite |-> FALSE,
  touches |-> 0,
  acks |-> 0,
  honors |-> 0,
  refusedAcks |-> 0,
  coalesced |-> 0,
  fastPaths |-> 0,
  ackAfterRestart |-> 0,
  fastHonor |-> FALSE,
  ackEarly |-> FALSE,
  ackIncoherent |-> FALSE,
  fencedOkAck |-> FALSE,
  srcMismatch |-> FALSE,
  partialAcks |-> 0,
  declaredDrops |-> 0,
  narrows |-> 0,
  narrowed |-> {},
  narrowRecited |-> {},
  removalsApplied |-> 0,
  removalsRefused |-> 0,
  renamesApplied |-> 0,
  renameRefused |-> {},
  citedPairs |-> {<<p1, 2>>},
  claimed |-> {"A"},
  interleaved |-> FALSE,
  handoffs |-> 0,
  deposals |-> 0,
  deadSkips |-> 0,
  enqueues |-> 0,
  abandoned |-> 0,
  adoptWithheld |-> 0,
  sameBytes |-> 0,
  uploadWithheld |-> 0,
  staleOverride |-> FALSE,
  hitlRetired |-> {},
  pullOnlys |-> 0,
  emptyInstalls |-> 0,
  tombRemoved |-> 0,
  tombSuperseded |-> 0,
  orphanTracks |-> 0,
  leaked |-> 0,
  staleAdopt |-> 0,
  retired |-> (p1 :> 0 @@ p2 :> 0),
  orphanAt |-> (p1 :> 0 @@ p2 :> 0),
  orphanOutlived |-> 0,
  leakApplied |-> 0,
  baseRestored |-> 0,
  carrierAck |-> FALSE,
  remJudged |-> (p1 :> 0 @@ p2 :> 0),
  removalOverreach |-> FALSE,
  swept |-> 0,
  remOver |-> (p1 :> 0 @@ p2 :> 0),
  uiBase |-> {},
  pendingKept |-> 0 ]
/\ cellEpoch = 1
/\ window = 0
/\ stage = [A |-> (p1 :> 0 @@ p2 :> 0), B |-> (p1 :> 0 @@ p2 :> 0)]
/\ conflicts = {}
/\ withheldDel = [A |-> {}, B |-> {}]
/\ manifest = (p1 :> 2 @@ p2 :> 1)
/\ cellQueue = <<>>
/\ cellHolder = "A"
/\ manSeq = 2
/\ hitlAcked = {<<p1, 2>>}
/\ removals = {}
/\ sc = [ A |->
      [ pendN |-> {},
        ackN |-> {},
        instSnap |-> (p1 :> 2 @@ p2 :> 1),
        instSrc |-> "cadence",
        jSeq |-> 2,
        instBase |-> (p1 :> 2 @@ p2 :> 1),
        judged |-> (p1 :> 0 @@ p2 :> 0),
        baseline |-> (p1 :> 2 @@ p2 :> 1),
        scanD |-> {p1},
        scanU |-> {},
        upGone |-> {},
        scanGen |-> (p1 :> 0 @@ p2 :> 1),
        surfaced |-> {},
        parked |-> {},
        upDone |-> {},
        fq |-> {},
        carryDropped |-> {},
        carryPaths |-> {},
        citeDropped |-> {},
        fqRetired |-> (p1 :> 0 @@ p2 :> 0),
        epoch |-> 1,
        st |-> "running",
        pc |-> "scanned",
        consumed |-> {},
        declared |-> {},
        gcDone |-> {},
        gcTook |-> {},
        gcHeaded |-> {},
        gcSeen |-> (p1 :> 0 @@ p2 :> 0),
        retire |-> (p1 :> 0 @@ p2 :> 0),
        upVerified |-> FALSE,
        adopted |-> {},
        noInst |-> FALSE,
        local |-> (p1 :> 0 @@ p2 :> 1),
        touched |-> {},
        prevScan |-> {},
        known |-> {1, 2},
        expSeq |-> 2,
        installed |-> TRUE,
        scope |-> {p1, p2},
        instSeq |-> 2,
        repairMoved |-> {},
        lastDirty |-> {p1},
        stageCarried |-> FALSE,
        citeDone |-> {},
        sentTok |-> 0,
        pendCov |-> (p1 :> 0 @@ p2 :> 0),
        pendMint |-> 0,
        pendDirty |-> {},
        honored |-> FALSE,
        pendReRun |-> FALSE,
        owed |-> {},
        verifiedAt |-> 0,
        inboxSeen |-> {},
        inboxLoaded |-> FALSE ],
  B |->
      [ pendN |-> {},
        ackN |-> {},
        instSnap |-> (p1 :> 1 @@ p2 :> 1),
        instSrc |-> "none",
        jSeq |-> 0,
        instBase |-> (p1 :> 1 @@ p2 :> 1),
        judged |-> (p1 :> 0 @@ p2 :> 0),
        baseline |-> (p1 :> 1 @@ p2 :> 1),
        scanD |-> {},
        scanU |-> {},
        upGone |-> {},
        scanGen |-> (p1 :> 1 @@ p2 :> 1),
        surfaced |-> {},
        parked |-> {},
        upDone |-> {},
        fq |-> {},
        carryDropped |-> {},
        carryPaths |-> {},
        citeDropped |-> {},
        fqRetired |-> (p1 :> 0 @@ p2 :> 0),
        epoch |-> 0,
        st |-> "running",
        pc |-> "scanned",
        consumed |-> {},
        declared |-> {},
        gcDone |-> {},
        gcTook |-> {},
        gcHeaded |-> {},
        gcSeen |-> (p1 :> 0 @@ p2 :> 0),
        retire |-> (p1 :> 0 @@ p2 :> 0),
        upVerified |-> FALSE,
        adopted |-> {},
        noInst |-> FALSE,
        local |-> (p1 :> 1 @@ p2 :> 1),
        touched |-> {},
        prevScan |-> {},
        known |-> {1},
        expSeq |-> 1,
        installed |-> FALSE,
        scope |-> {p1, p2},
        instSeq |-> 1,
        repairMoved |-> {},
        lastDirty |-> {},
        stageCarried |-> FALSE,
        citeDone |-> {},
        sentTok |-> 0,
        pendCov |-> (p1 :> 0 @@ p2 :> 0),
        pendMint |-> 0,
        pendDirty |-> {},
        honored |-> FALSE,
        pendReRun |-> FALSE,
        owed |-> {},
        verifiedAt |-> 0,
        inboxSeen |-> {},
        inboxLoaded |-> FALSE ] ]
/\ objects = (p1 :> 2 @@ p2 :> 1)
/\ versions = (p1 :> {1} @@ p2 :> {1})
/\ cellReleased = TRUE

State 15: <Next line 4160, col 7 to line 4160, col 55 of module LeanSubtree>
/\ cellHandoff = "none"
/\ stageBase = [A |-> (p1 :> 0 @@ p2 :> 0), B |-> (p1 :> 0 @@ p2 :> 0)]
/\ manSrc = "cadence"
/\ inbox = {}
/\ gh = [ removals |-> 0,
  tomb |-> (p1 :> 0 @@ p2 :> 0),
  renamed |-> {},
  answered |-> {},
  amputated |-> FALSE,
  stragglerInstalls |-> 0,
  stragglerCas |-> 0,
  deposedPuts |-> 0,
  barriers |-> 3,
  done |-> 1,
  gc |-> 0,
  gcCited |-> 0,
  refusals |-> 0,
  cited |-> 1,
  takeovers |-> 0,
  crashes |-> 0,
  restarts |-> 0,
  adoptOwn |-> 0,
  stallUsed |-> FALSE,
  nextGen |-> 3,
  hitl |-> 1,
  syncs |-> 0,
  syncApplied |-> 0,
  syncConflicts |-> 0,
  syncDestroyed |-> FALSE,
  scopedDeferrals |-> 0,
  foreignLost |-> FALSE,
  deferredPaths |-> {},
  deferredLater |-> 0,
  staged |-> 0,
  cites |-> 0,
  reaped |-> 0,
  withheld |-> 0,
  forcedCites |-> 0,
  citeSpan |-> 0,
  carriedCite |-> FALSE,
  touches |-> 0,
  acks |-> 0,
  honors |-> 0,
  refusedAcks |-> 0,
  coalesced |-> 0,
  fastPaths |-> 0,
  ackAfterRestart |-> 0,
  fastHonor |-> FALSE,
  ackEarly |-> FALSE,
  ackIncoherent |-> FALSE,
  fencedOkAck |-> FALSE,
  srcMismatch |-> FALSE,
  partialAcks |-> 0,
  declaredDrops |-> 0,
  narrows |-> 0,
  narrowed |-> {},
  narrowRecited |-> {},
  removalsApplied |-> 0,
  removalsRefused |-> 0,
  renamesApplied |-> 0,
  renameRefused |-> {},
  citedPairs |-> {<<p1, 2>>},
  claimed |-> {"A", "B"},
  interleaved |-> FALSE,
  handoffs |-> 0,
  deposals |-> 0,
  deadSkips |-> 0,
  enqueues |-> 0,
  abandoned |-> 0,
  adoptWithheld |-> 0,
  sameBytes |-> 0,
  uploadWithheld |-> 0,
  staleOverride |-> FALSE,
  hitlRetired |-> {},
  pullOnlys |-> 0,
  emptyInstalls |-> 0,
  tombRemoved |-> 0,
  tombSuperseded |-> 0,
  orphanTracks |-> 0,
  leaked |-> 0,
  staleAdopt |-> 0,
  retired |-> (p1 :> 0 @@ p2 :> 0),
  orphanAt |-> (p1 :> 0 @@ p2 :> 0),
  orphanOutlived |-> 0,
  leakApplied |-> 0,
  baseRestored |-> 0,
  carrierAck |-> FALSE,
  remJudged |-> (p1 :> 0 @@ p2 :> 0),
  removalOverreach |-> FALSE,
  swept |-> 0,
  remOver |-> (p1 :> 0 @@ p2 :> 0),
  uiBase |-> {},
  pendingKept |-> 0 ]
/\ cellEpoch = 2
/\ window = 2
/\ stage = [A |-> (p1 :> 0 @@ p2 :> 0), B |-> (p1 :> 0 @@ p2 :> 0)]
/\ conflicts = {}
/\ withheldDel = [A |-> {}, B |-> {}]
/\ manifest = (p1 :> 2 @@ p2 :> 1)
/\ cellQueue = <<>>
/\ cellHolder = "B"
/\ manSeq = 2
/\ hitlAcked = {<<p1, 2>>}
/\ removals = {}
/\ sc = [ A |->
      [ pendN |-> {},
        ackN |-> {},
        instSnap |-> (p1 :> 2 @@ p2 :> 1),
        instSrc |-> "cadence",
        jSeq |-> 2,
        instBase |-> (p1 :> 2 @@ p2 :> 1),
        judged |-> (p1 :> 0 @@ p2 :> 0),
        baseline |-> (p1 :> 2 @@ p2 :> 1),
        scanD |-> {p1},
        scanU |-> {},
        upGone |-> {},
        scanGen |-> (p1 :> 0 @@ p2 :> 1),
        surfaced |-> {},
        parked |-> {},
        upDone |-> {},
        fq |-> {},
        carryDropped |-> {},
        carryPaths |-> {},
        citeDropped |-> {},
        fqRetired |-> (p1 :> 0 @@ p2 :> 0),
        epoch |-> 1,
        st |-> "running",
        pc |-> "scanned",
        consumed |-> {},
        declared |-> {},
        gcDone |-> {},
        gcTook |-> {},
        gcHeaded |-> {},
        gcSeen |-> (p1 :> 0 @@ p2 :> 0),
        retire |-> (p1 :> 0 @@ p2 :> 0),
        upVerified |-> FALSE,
        adopted |-> {},
        noInst |-> FALSE,
        local |-> (p1 :> 0 @@ p2 :> 1),
        touched |-> {},
        prevScan |-> {},
        known |-> {1, 2},
        expSeq |-> 2,
        installed |-> TRUE,
        scope |-> {p1, p2},
        instSeq |-> 2,
        repairMoved |-> {},
        lastDirty |-> {p1},
        stageCarried |-> FALSE,
        citeDone |-> {},
        sentTok |-> 0,
        pendCov |-> (p1 :> 0 @@ p2 :> 0),
        pendMint |-> 0,
        pendDirty |-> {},
        honored |-> FALSE,
        pendReRun |-> FALSE,
        owed |-> {},
        verifiedAt |-> 0,
        inboxSeen |-> {},
        inboxLoaded |-> FALSE ],
  B |->
      [ pendN |-> {},
        ackN |-> {},
        instSnap |-> (p1 :> 1 @@ p2 :> 1),
        instSrc |-> "none",
        jSeq |-> 0,
        instBase |-> (p1 :> 1 @@ p2 :> 1),
        judged |-> (p1 :> 0 @@ p2 :> 0),
        baseline |-> (p1 :> 1 @@ p2 :> 1),
        scanD |-> {},
        scanU |-> {},
        upGone |-> {},
        scanGen |-> (p1 :> 1 @@ p2 :> 1),
        surfaced |-> {},
        parked |-> {},
        upDone |-> {},
        fq |-> {},
        carryDropped |-> {},
        carryPaths |-> {},
        citeDropped |-> {},
        fqRetired |-> (p1 :> 0 @@ p2 :> 0),
        epoch |-> 2,
        st |-> "running",
        pc |-> "claimed",
        consumed |-> {},
        declared |-> {},
        gcDone |-> {},
        gcTook |-> {},
        gcHeaded |-> {},
        gcSeen |-> (p1 :> 0 @@ p2 :> 0),
        retire |-> (p1 :> 0 @@ p2 :> 0),
        upVerified |-> FALSE,
        adopted |-> {},
        noInst |-> FALSE,
        local |-> (p1 :> 1 @@ p2 :> 1),
        touched |-> {},
        prevScan |-> {},
        known |-> {1},
        expSeq |-> 1,
        installed |-> FALSE,
        scope |-> {p1, p2},
        instSeq |-> 1,
        repairMoved |-> {},
        lastDirty |-> {},
        stageCarried |-> FALSE,
        citeDone |-> {},
        sentTok |-> 0,
        pendCov |-> (p1 :> 0 @@ p2 :> 0),
        pendMint |-> 0,
        pendDirty |-> {},
        honored |-> FALSE,
        pendReRun |-> FALSE,
        owed |-> {},
        verifiedAt |-> 0,
        inboxSeen |-> {},
        inboxLoaded |-> FALSE ] ]
/\ objects = (p1 :> 2 @@ p2 :> 1)
/\ versions = (p1 :> {1} @@ p2 :> {1})
/\ cellReleased = FALSE

State 16: <Next line 4160, col 7 to line 4160, col 55 of module LeanSubtree>
/\ cellHandoff = "none"
/\ stageBase = [A |-> (p1 :> 0 @@ p2 :> 0), B |-> (p1 :> 0 @@ p2 :> 0)]
/\ manSrc = "cadence"
/\ inbox = {}
/\ gh = [ removals |-> 0,
  tomb |-> (p1 :> 0 @@ p2 :> 0),
  renamed |-> {},
  answered |-> {},
  amputated |-> FALSE,
  stragglerInstalls |-> 0,
  stragglerCas |-> 0,
  deposedPuts |-> 0,
  barriers |-> 3,
  done |-> 1,
  gc |-> 0,
  gcCited |-> 0,
  refusals |-> 0,
  cited |-> 1,
  takeovers |-> 0,
  crashes |-> 0,
  restarts |-> 0,
  adoptOwn |-> 0,
  stallUsed |-> FALSE,
  nextGen |-> 3,
  hitl |-> 1,
  syncs |-> 0,
  syncApplied |-> 0,
  syncConflicts |-> 0,
  syncDestroyed |-> FALSE,
  scopedDeferrals |-> 0,
  foreignLost |-> FALSE,
  deferredPaths |-> {},
  deferredLater |-> 0,
  staged |-> 0,
  cites |-> 0,
  reaped |-> 0,
  withheld |-> 0,
  forcedCites |-> 0,
  citeSpan |-> 0,
  carriedCite |-> FALSE,
  touches |-> 0,
  acks |-> 0,
  honors |-> 0,
  refusedAcks |-> 0,
  coalesced |-> 0,
  fastPaths |-> 0,
  ackAfterRestart |-> 0,
  fastHonor |-> FALSE,
  ackEarly |-> FALSE,
  ackIncoherent |-> FALSE,
  fencedOkAck |-> FALSE,
  srcMismatch |-> FALSE,
  partialAcks |-> 0,
  declaredDrops |-> 0,
  narrows |-> 0,
  narrowed |-> {},
  narrowRecited |-> {},
  removalsApplied |-> 0,
  removalsRefused |-> 0,
  renamesApplied |-> 0,
  renameRefused |-> {},
  citedPairs |-> {<<p1, 2>>},
  claimed |-> {"A", "B"},
  interleaved |-> FALSE,
  handoffs |-> 0,
  deposals |-> 0,
  deadSkips |-> 0,
  enqueues |-> 0,
  abandoned |-> 0,
  adoptWithheld |-> 0,
  sameBytes |-> 0,
  uploadWithheld |-> 0,
  staleOverride |-> FALSE,
  hitlRetired |-> {},
  pullOnlys |-> 0,
  emptyInstalls |-> 0,
  tombRemoved |-> 0,
  tombSuperseded |-> 0,
  orphanTracks |-> 0,
  leaked |-> 0,
  staleAdopt |-> 0,
  retired |-> (p1 :> 0 @@ p2 :> 0),
  orphanAt |-> (p1 :> 0 @@ p2 :> 0),
  orphanOutlived |-> 0,
  leakApplied |-> 0,
  baseRestored |-> 0,
  carrierAck |-> FALSE,
  remJudged |-> (p1 :> 0 @@ p2 :> 0),
  removalOverreach |-> FALSE,
  swept |-> 0,
  remOver |-> (p1 :> 0 @@ p2 :> 0),
  uiBase |-> {},
  pendingKept |-> 0 ]
/\ cellEpoch = 2
/\ window = 2
/\ stage = [A |-> (p1 :> 0 @@ p2 :> 0), B |-> (p1 :> 0 @@ p2 :> 0)]
/\ conflicts = {}
/\ withheldDel = [A |-> {}, B |-> {}]
/\ manifest = (p1 :> 2 @@ p2 :> 1)
/\ cellQueue = <<>>
/\ cellHolder = "B"
/\ manSeq = 2
/\ hitlAcked = {<<p1, 2>>}
/\ removals = {}
/\ sc = [ A |->
      [ pendN |-> {},
        ackN |-> {},
        instSnap |-> (p1 :> 2 @@ p2 :> 1),
        instSrc |-> "cadence",
        jSeq |-> 2,
        instBase |-> (p1 :> 2 @@ p2 :> 1),
        judged |-> (p1 :> 0 @@ p2 :> 0),
        baseline |-> (p1 :> 2 @@ p2 :> 1),
        scanD |-> {p1},
        scanU |-> {},
        upGone |-> {},
        scanGen |-> (p1 :> 0 @@ p2 :> 1),
        surfaced |-> {},
        parked |-> {},
        upDone |-> {},
        fq |-> {},
        carryDropped |-> {},
        carryPaths |-> {},
        citeDropped |-> {},
        fqRetired |-> (p1 :> 0 @@ p2 :> 0),
        epoch |-> 1,
        st |-> "running",
        pc |-> "scanned",
        consumed |-> {},
        declared |-> {},
        gcDone |-> {},
        gcTook |-> {},
        gcHeaded |-> {},
        gcSeen |-> (p1 :> 0 @@ p2 :> 0),
        retire |-> (p1 :> 0 @@ p2 :> 0),
        upVerified |-> FALSE,
        adopted |-> {},
        noInst |-> FALSE,
        local |-> (p1 :> 0 @@ p2 :> 1),
        touched |-> {},
        prevScan |-> {},
        known |-> {1, 2},
        expSeq |-> 2,
        installed |-> TRUE,
        scope |-> {p1, p2},
        instSeq |-> 2,
        repairMoved |-> {},
        lastDirty |-> {p1},
        stageCarried |-> FALSE,
        citeDone |-> {},
        sentTok |-> 0,
        pendCov |-> (p1 :> 0 @@ p2 :> 0),
        pendMint |-> 0,
        pendDirty |-> {},
        honored |-> FALSE,
        pendReRun |-> FALSE,
        owed |-> {},
        verifiedAt |-> 0,
        inboxSeen |-> {},
        inboxLoaded |-> FALSE ],
  B |->
      [ pendN |-> {},
        ackN |-> {},
        instSnap |-> (p1 :> 1 @@ p2 :> 1),
        instSrc |-> "none",
        jSeq |-> 0,
        instBase |-> (p1 :> 1 @@ p2 :> 1),
        judged |-> (p1 :> 0 @@ p2 :> 0),
        baseline |-> (p1 :> 1 @@ p2 :> 1),
        scanD |-> {},
        scanU |-> {},
        upGone |-> {},
        scanGen |-> (p1 :> 1 @@ p2 :> 1),
        surfaced |-> {},
        parked |-> {},
        upDone |-> {},
        fq |-> {},
        carryDropped |-> {},
        carryPaths |-> {},
        citeDropped |-> {},
        fqRetired |-> (p1 :> 0 @@ p2 :> 0),
        epoch |-> 2,
        st |-> "running",
        pc |-> "claimed",
        consumed |-> {},
        declared |-> {},
        gcDone |-> {},
        gcTook |-> {},
        gcHeaded |-> {},
        gcSeen |-> (p1 :> 0 @@ p2 :> 0),
        retire |-> (p1 :> 0 @@ p2 :> 0),
        upVerified |-> FALSE,
        adopted |-> {},
        noInst |-> FALSE,
        local |-> (p1 :> 1 @@ p2 :> 1),
        touched |-> {},
        prevScan |-> {},
        known |-> {1},
        expSeq |-> 2,
        installed |-> FALSE,
        scope |-> {p1, p2},
        instSeq |-> 1,
        repairMoved |-> {},
        lastDirty |-> {},
        stageCarried |-> FALSE,
        citeDone |-> {},
        sentTok |-> 0,
        pendCov |-> (p1 :> 0 @@ p2 :> 0),
        pendMint |-> 0,
        pendDirty |-> {},
        honored |-> FALSE,
        pendReRun |-> FALSE,
        owed |-> {},
        verifiedAt |-> 0,
        inboxSeen |-> {},
        inboxLoaded |-> FALSE ] ]
/\ objects = (p1 :> 2 @@ p2 :> 1)
/\ versions = (p1 :> {1} @@ p2 :> {1})
/\ cellReleased = FALSE

State 17: <Next line 4160, col 7 to line 4160, col 55 of module LeanSubtree>
/\ cellHandoff = "none"
/\ stageBase = [A |-> (p1 :> 0 @@ p2 :> 0), B |-> (p1 :> 0 @@ p2 :> 0)]
/\ manSrc = "cadence"
/\ inbox = {<<p1, 2>>}
/\ gh = [ removals |-> 0,
  tomb |-> (p1 :> 0 @@ p2 :> 0),
  renamed |-> {},
  answered |-> {},
  amputated |-> FALSE,
  stragglerInstalls |-> 0,
  stragglerCas |-> 0,
  deposedPuts |-> 0,
  barriers |-> 3,
  done |-> 1,
  gc |-> 0,
  gcCited |-> 0,
  refusals |-> 0,
  cited |-> 1,
  takeovers |-> 0,
  crashes |-> 0,
  restarts |-> 0,
  adoptOwn |-> 0,
  stallUsed |-> FALSE,
  nextGen |-> 3,
  hitl |-> 1,
  syncs |-> 0,
  syncApplied |-> 0,
  syncConflicts |-> 0,
  syncDestroyed |-> FALSE,
  scopedDeferrals |-> 0,
  foreignLost |-> FALSE,
  deferredPaths |-> {},
  deferredLater |-> 0,
  staged |-> 0,
  cites |-> 0,
  reaped |-> 0,
  withheld |-> 0,
  forcedCites |-> 0,
  citeSpan |-> 0,
  carriedCite |-> FALSE,
  touches |-> 0,
  acks |-> 0,
  honors |-> 0,
  refusedAcks |-> 0,
  coalesced |-> 0,
  fastPaths |-> 0,
  ackAfterRestart |-> 0,
  fastHonor |-> FALSE,
  ackEarly |-> FALSE,
  ackIncoherent |-> FALSE,
  fencedOkAck |-> FALSE,
  srcMismatch |-> FALSE,
  partialAcks |-> 0,
  declaredDrops |-> 0,
  narrows |-> 0,
  narrowed |-> {},
  narrowRecited |-> {},
  removalsApplied |-> 0,
  removalsRefused |-> 0,
  renamesApplied |-> 0,
  renameRefused |-> {},
  citedPairs |-> {<<p1, 2>>},
  claimed |-> {"A", "B"},
  interleaved |-> FALSE,
  handoffs |-> 0,
  deposals |-> 0,
  deadSkips |-> 0,
  enqueues |-> 0,
  abandoned |-> 0,
  adoptWithheld |-> 0,
  sameBytes |-> 0,
  uploadWithheld |-> 0,
  staleOverride |-> FALSE,
  hitlRetired |-> {},
  pullOnlys |-> 0,
  emptyInstalls |-> 0,
  tombRemoved |-> 0,
  tombSuperseded |-> 0,
  orphanTracks |-> 0,
  leaked |-> 0,
  staleAdopt |-> 0,
  retired |-> (p1 :> 0 @@ p2 :> 0),
  orphanAt |-> (p1 :> 0 @@ p2 :> 0),
  orphanOutlived |-> 0,
  leakApplied |-> 0,
  baseRestored |-> 0,
  carrierAck |-> FALSE,
  remJudged |-> (p1 :> 0 @@ p2 :> 0),
  removalOverreach |-> FALSE,
  swept |-> 0,
  remOver |-> (p1 :> 0 @@ p2 :> 0),
  uiBase |-> {},
  pendingKept |-> 0 ]
/\ cellEpoch = 2
/\ window = 0
/\ stage = [A |-> (p1 :> 0 @@ p2 :> 0), B |-> (p1 :> 0 @@ p2 :> 0)]
/\ conflicts = {}
/\ withheldDel = [A |-> {}, B |-> {}]
/\ manifest = (p1 :> 2 @@ p2 :> 1)
/\ cellQueue = <<>>
/\ cellHolder = "B"
/\ manSeq = 3
/\ hitlAcked = {<<p1, 2>>}
/\ removals = {}
/\ sc = [ A |->
      [ pendN |-> {},
        ackN |-> {},
        instSnap |-> (p1 :> 2 @@ p2 :> 1),
        instSrc |-> "cadence",
        jSeq |-> 2,
        instBase |-> (p1 :> 2 @@ p2 :> 1),
        judged |-> (p1 :> 0 @@ p2 :> 0),
        baseline |-> (p1 :> 2 @@ p2 :> 1),
        scanD |-> {p1},
        scanU |-> {},
        upGone |-> {},
        scanGen |-> (p1 :> 0 @@ p2 :> 1),
        surfaced |-> {},
        parked |-> {},
        upDone |-> {},
        fq |-> {},
        carryDropped |-> {},
        carryPaths |-> {},
        citeDropped |-> {},
        fqRetired |-> (p1 :> 0 @@ p2 :> 0),
        epoch |-> 1,
        st |-> "running",
        pc |-> "scanned",
        consumed |-> {},
        declared |-> {},
        gcDone |-> {},
        gcTook |-> {},
        gcHeaded |-> {},
        gcSeen |-> (p1 :> 0 @@ p2 :> 0),
        retire |-> (p1 :> 0 @@ p2 :> 0),
        upVerified |-> FALSE,
        adopted |-> {},
        noInst |-> FALSE,
        local |-> (p1 :> 0 @@ p2 :> 1),
        touched |-> {},
        prevScan |-> {},
        known |-> {1, 2},
        expSeq |-> 2,
        installed |-> TRUE,
        scope |-> {p1, p2},
        instSeq |-> 2,
        repairMoved |-> {},
        lastDirty |-> {p1},
        stageCarried |-> FALSE,
        citeDone |-> {},
        sentTok |-> 0,
        pendCov |-> (p1 :> 0 @@ p2 :> 0),
        pendMint |-> 0,
        pendDirty |-> {},
        honored |-> FALSE,
        pendReRun |-> FALSE,
        owed |-> {},
        verifiedAt |-> 0,
        inboxSeen |-> {},
        inboxLoaded |-> FALSE ],
  B |->
      [ pendN |-> {},
        ackN |-> {},
        instSnap |-> (p1 :> 2 @@ p2 :> 1),
        instSrc |-> "cadence",
        jSeq |-> 3,
        instBase |-> (p1 :> 1 @@ p2 :> 1),
        judged |-> (p1 :> 0 @@ p2 :> 0),
        baseline |-> (p1 :> 1 @@ p2 :> 1),
        scanD |-> {},
        scanU |-> {},
        upGone |-> {},
        scanGen |-> (p1 :> 1 @@ p2 :> 1),
        surfaced |-> {},
        parked |-> {},
        upDone |-> {},
        fq |-> {},
        carryDropped |-> {},
        carryPaths |-> {},
        citeDropped |-> {},
        fqRetired |-> (p1 :> 0 @@ p2 :> 0),
        epoch |-> 2,
        st |-> "running",
        pc |-> "cased",
        consumed |-> {},
        declared |-> {},
        gcDone |-> {},
        gcTook |-> {},
        gcHeaded |-> {},
        gcSeen |-> (p1 :> 0 @@ p2 :> 0),
        retire |-> (p1 :> 0 @@ p2 :> 0),
        upVerified |-> FALSE,
        adopted |-> {},
        noInst |-> FALSE,
        local |-> (p1 :> 1 @@ p2 :> 1),
        touched |-> {},
        prevScan |-> {},
        known |-> {1},
        expSeq |-> 2,
        installed |-> FALSE,
        scope |-> {p1, p2},
        instSeq |-> 3,
        repairMoved |-> {},
        lastDirty |-> {},
        stageCarried |-> FALSE,
        citeDone |-> {},
        sentTok |-> 0,
        pendCov |-> (p1 :> 0 @@ p2 :> 0),
        pendMint |-> 0,
        pendDirty |-> {},
        honored |-> FALSE,
        pendReRun |-> FALSE,
        owed |-> {},
        verifiedAt |-> 0,
        inboxSeen |-> {},
        inboxLoaded |-> FALSE ] ]
/\ objects = (p1 :> 2 @@ p2 :> 1)
/\ versions = (p1 :> {1} @@ p2 :> {1})
/\ cellReleased = FALSE

State 18: <Next line 4160, col 7 to line 4160, col 55 of module LeanSubtree>
/\ cellHandoff = "none"
/\ stageBase = [A |-> (p1 :> 0 @@ p2 :> 0), B |-> (p1 :> 0 @@ p2 :> 0)]
/\ manSrc = "cadence"
/\ inbox = {<<p1, 2>>}
/\ gh = [ removals |-> 0,
  tomb |-> (p1 :> 0 @@ p2 :> 0),
  renamed |-> {},
  answered |-> {},
  amputated |-> FALSE,
  stragglerInstalls |-> 0,
  stragglerCas |-> 0,
  deposedPuts |-> 0,
  barriers |-> 3,
  done |-> 2,
  gc |-> 0,
  gcCited |-> 0,
  refusals |-> 0,
  cited |-> 1,
  takeovers |-> 0,
  crashes |-> 0,
  restarts |-> 0,
  adoptOwn |-> 0,
  stallUsed |-> FALSE,
  nextGen |-> 3,
  hitl |-> 1,
  syncs |-> 0,
  syncApplied |-> 0,
  syncConflicts |-> 0,
  syncDestroyed |-> FALSE,
  scopedDeferrals |-> 0,
  foreignLost |-> FALSE,
  deferredPaths |-> {},
  deferredLater |-> 0,
  staged |-> 0,
  cites |-> 0,
  reaped |-> 0,
  withheld |-> 0,
  forcedCites |-> 0,
  citeSpan |-> 0,
  carriedCite |-> FALSE,
  touches |-> 0,
  acks |-> 0,
  honors |-> 0,
  refusedAcks |-> 0,
  coalesced |-> 0,
  fastPaths |-> 0,
  ackAfterRestart |-> 0,
  fastHonor |-> FALSE,
  ackEarly |-> FALSE,
  ackIncoherent |-> FALSE,
  fencedOkAck |-> FALSE,
  srcMismatch |-> FALSE,
  partialAcks |-> 0,
  declaredDrops |-> 0,
  narrows |-> 0,
  narrowed |-> {},
  narrowRecited |-> {},
  removalsApplied |-> 0,
  removalsRefused |-> 0,
  renamesApplied |-> 0,
  renameRefused |-> {},
  citedPairs |-> {<<p1, 2>>},
  claimed |-> {"A", "B"},
  interleaved |-> FALSE,
  handoffs |-> 0,
  deposals |-> 0,
  deadSkips |-> 0,
  enqueues |-> 0,
  abandoned |-> 0,
  adoptWithheld |-> 0,
  sameBytes |-> 0,
  uploadWithheld |-> 0,
  staleOverride |-> FALSE,
  hitlRetired |-> {},
  pullOnlys |-> 0,
  emptyInstalls |-> 0,
  tombRemoved |-> 0,
  tombSuperseded |-> 0,
  orphanTracks |-> 0,
  leaked |-> 0,
  staleAdopt |-> 0,
  retired |-> (p1 :> 0 @@ p2 :> 0),
  orphanAt |-> (p1 :> 0 @@ p2 :> 0),
  orphanOutlived |-> 0,
  leakApplied |-> 0,
  baseRestored |-> 0,
  carrierAck |-> FALSE,
  remJudged |-> (p1 :> 0 @@ p2 :> 0),
  removalOverreach |-> FALSE,
  swept |-> 0,
  remOver |-> (p1 :> 0 @@ p2 :> 0),
  uiBase |-> {},
  pendingKept |-> 0 ]
/\ cellEpoch = 2
/\ window = 0
/\ stage = [A |-> (p1 :> 0 @@ p2 :> 0), B |-> (p1 :> 0 @@ p2 :> 0)]
/\ conflicts = {}
/\ withheldDel = [A |-> {}, B |-> {}]
/\ manifest = (p1 :> 2 @@ p2 :> 1)
/\ cellQueue = <<>>
/\ cellHolder = "B"
/\ manSeq = 3
/\ hitlAcked = {<<p1, 2>>}
/\ removals = {}
/\ sc = [ A |->
      [ pendN |-> {},
        ackN |-> {},
        instSnap |-> (p1 :> 2 @@ p2 :> 1),
        instSrc |-> "cadence",
        jSeq |-> 2,
        instBase |-> (p1 :> 2 @@ p2 :> 1),
        judged |-> (p1 :> 0 @@ p2 :> 0),
        baseline |-> (p1 :> 2 @@ p2 :> 1),
        scanD |-> {p1},
        scanU |-> {},
        upGone |-> {},
        scanGen |-> (p1 :> 0 @@ p2 :> 1),
        surfaced |-> {},
        parked |-> {},
        upDone |-> {},
        fq |-> {},
        carryDropped |-> {},
        carryPaths |-> {},
        citeDropped |-> {},
        fqRetired |-> (p1 :> 0 @@ p2 :> 0),
        epoch |-> 1,
        st |-> "running",
        pc |-> "scanned",
        consumed |-> {},
        declared |-> {},
        gcDone |-> {},
        gcTook |-> {},
        gcHeaded |-> {},
        gcSeen |-> (p1 :> 0 @@ p2 :> 0),
        retire |-> (p1 :> 0 @@ p2 :> 0),
        upVerified |-> FALSE,
        adopted |-> {},
        noInst |-> FALSE,
        local |-> (p1 :> 0 @@ p2 :> 1),
        touched |-> {},
        prevScan |-> {},
        known |-> {1, 2},
        expSeq |-> 2,
        installed |-> TRUE,
        scope |-> {p1, p2},
        instSeq |-> 2,
        repairMoved |-> {},
        lastDirty |-> {p1},
        stageCarried |-> FALSE,
        citeDone |-> {},
        sentTok |-> 0,
        pendCov |-> (p1 :> 0 @@ p2 :> 0),
        pendMint |-> 0,
        pendDirty |-> {},
        honored |-> FALSE,
        pendReRun |-> FALSE,
        owed |-> {},
        verifiedAt |-> 0,
        inboxSeen |-> {},
        inboxLoaded |-> FALSE ],
  B |->
      [ pendN |-> {},
        ackN |-> {},
        instSnap |-> (p1 :> 2 @@ p2 :> 1),
        instSrc |-> "cadence",
        jSeq |-> 3,
        instBase |-> (p1 :> 2 @@ p2 :> 1),
        judged |-> (p1 :> 0 @@ p2 :> 0),
        baseline |-> (p1 :> 1 @@ p2 :> 1),
        scanD |-> {},
        scanU |-> {},
        upGone |-> {},
        scanGen |-> (p1 :> 0 @@ p2 :> 0),
        surfaced |-> {},
        parked |-> {},
        upDone |-> {},
        fq |-> {},
        carryDropped |-> {},
        carryPaths |-> {},
        citeDropped |-> {},
        fqRetired |-> (p1 :> 0 @@ p2 :> 0),
        epoch |-> 2,
        st |-> "running",
        pc |-> "idle",
        consumed |-> {},
        declared |-> {},
        gcDone |-> {},
        gcTook |-> {},
        gcHeaded |-> {},
        gcSeen |-> (p1 :> 0 @@ p2 :> 0),
        retire |-> (p1 :> 0 @@ p2 :> 0),
        upVerified |-> FALSE,
        adopted |-> {},
        noInst |-> FALSE,
        local |-> (p1 :> 1 @@ p2 :> 1),
        touched |-> {},
        prevScan |-> {},
        known |-> {1},
        expSeq |-> 3,
        installed |-> TRUE,
        scope |-> {p1, p2},
        instSeq |-> 3,
        repairMoved |-> {},
        lastDirty |-> {},
        stageCarried |-> FALSE,
        citeDone |-> {},
        sentTok |-> 0,
        pendCov |-> (p1 :> 0 @@ p2 :> 0),
        pendMint |-> 0,
        pendDirty |-> {},
        honored |-> FALSE,
        pendReRun |-> FALSE,
        owed |-> {},
        verifiedAt |-> 0,
        inboxSeen |-> {},
        inboxLoaded |-> FALSE ] ]
/\ objects = (p1 :> 2 @@ p2 :> 1)
/\ versions = (p1 :> {1} @@ p2 :> {1})
/\ cellReleased = TRUE

State 19: <Next line 4160, col 7 to line 4160, col 55 of module LeanSubtree>
/\ cellHandoff = "none"
/\ stageBase = [A |-> (p1 :> 0 @@ p2 :> 0), B |-> (p1 :> 0 @@ p2 :> 0)]
/\ manSrc = "cadence"
/\ inbox = {<<p1, 2>>}
/\ gh = [ removals |-> 0,
  tomb |-> (p1 :> 0 @@ p2 :> 0),
  renamed |-> {},
  answered |-> {},
  amputated |-> FALSE,
  stragglerInstalls |-> 0,
  stragglerCas |-> 0,
  deposedPuts |-> 0,
  barriers |-> 3,
  done |-> 2,
  gc |-> 0,
  gcCited |-> 0,
  refusals |-> 0,
  cited |-> 1,
  takeovers |-> 0,
  crashes |-> 0,
  restarts |-> 0,
  adoptOwn |-> 0,
  stallUsed |-> FALSE,
  nextGen |-> 3,
  hitl |-> 1,
  syncs |-> 0,
  syncApplied |-> 0,
  syncConflicts |-> 0,
  syncDestroyed |-> FALSE,
  scopedDeferrals |-> 0,
  foreignLost |-> FALSE,
  deferredPaths |-> {},
  deferredLater |-> 0,
  staged |-> 0,
  cites |-> 0,
  reaped |-> 0,
  withheld |-> 0,
  forcedCites |-> 0,
  citeSpan |-> 0,
  carriedCite |-> FALSE,
  touches |-> 0,
  acks |-> 0,
  honors |-> 0,
  refusedAcks |-> 0,
  coalesced |-> 0,
  fastPaths |-> 0,
  ackAfterRestart |-> 0,
  fastHonor |-> FALSE,
  ackEarly |-> FALSE,
  ackIncoherent |-> FALSE,
  fencedOkAck |-> FALSE,
  srcMismatch |-> FALSE,
  partialAcks |-> 0,
  declaredDrops |-> 0,
  narrows |-> 0,
  narrowed |-> {},
  narrowRecited |-> {},
  removalsApplied |-> 0,
  removalsRefused |-> 0,
  renamesApplied |-> 0,
  renameRefused |-> {},
  citedPairs |-> {<<p1, 2>>},
  claimed |-> {"A", "B"},
  interleaved |-> FALSE,
  handoffs |-> 0,
  deposals |-> 0,
  deadSkips |-> 0,
  enqueues |-> 0,
  abandoned |-> 0,
  adoptWithheld |-> 0,
  sameBytes |-> 0,
  uploadWithheld |-> 0,
  staleOverride |-> FALSE,
  hitlRetired |-> {},
  pullOnlys |-> 0,
  emptyInstalls |-> 0,
  tombRemoved |-> 0,
  tombSuperseded |-> 0,
  orphanTracks |-> 0,
  leaked |-> 0,
  staleAdopt |-> 0,
  retired |-> (p1 :> 0 @@ p2 :> 0),
  orphanAt |-> (p1 :> 0 @@ p2 :> 0),
  orphanOutlived |-> 0,
  leakApplied |-> 0,
  baseRestored |-> 0,
  carrierAck |-> FALSE,
  remJudged |-> (p1 :> 0 @@ p2 :> 0),
  removalOverreach |-> FALSE,
  swept |-> 0,
  remOver |-> (p1 :> 0 @@ p2 :> 0),
  uiBase |-> {},
  pendingKept |-> 0 ]
/\ cellEpoch = 3
/\ window = 3
/\ stage = [A |-> (p1 :> 0 @@ p2 :> 0), B |-> (p1 :> 0 @@ p2 :> 0)]
/\ conflicts = {}
/\ withheldDel = [A |-> {}, B |-> {}]
/\ manifest = (p1 :> 2 @@ p2 :> 1)
/\ cellQueue = <<>>
/\ cellHolder = "A"
/\ manSeq = 3
/\ hitlAcked = {<<p1, 2>>}
/\ removals = {}
/\ sc = [ A |->
      [ pendN |-> {},
        ackN |-> {},
        instSnap |-> (p1 :> 2 @@ p2 :> 1),
        instSrc |-> "cadence",
        jSeq |-> 2,
        instBase |-> (p1 :> 2 @@ p2 :> 1),
        judged |-> (p1 :> 0 @@ p2 :> 0),
        baseline |-> (p1 :> 2 @@ p2 :> 1),
        scanD |-> {p1},
        scanU |-> {},
        upGone |-> {},
        scanGen |-> (p1 :> 0 @@ p2 :> 1),
        surfaced |-> {},
        parked |-> {},
        upDone |-> {},
        fq |-> {},
        carryDropped |-> {},
        carryPaths |-> {},
        citeDropped |-> {},
        fqRetired |-> (p1 :> 0 @@ p2 :> 0),
        epoch |-> 3,
        st |-> "running",
        pc |-> "claimed",
        consumed |-> {},
        declared |-> {},
        gcDone |-> {},
        gcTook |-> {},
        gcHeaded |-> {},
        gcSeen |-> (p1 :> 0 @@ p2 :> 0),
        retire |-> (p1 :> 0 @@ p2 :> 0),
        upVerified |-> FALSE,
        adopted |-> {},
        noInst |-> FALSE,
        local |-> (p1 :> 0 @@ p2 :> 1),
        touched |-> {},
        prevScan |-> {},
        known |-> {1, 2},
        expSeq |-> 2,
        installed |-> TRUE,
        scope |-> {p1, p2},
        instSeq |-> 2,
        repairMoved |-> {},
        lastDirty |-> {p1},
        stageCarried |-> FALSE,
        citeDone |-> {},
        sentTok |-> 0,
        pendCov |-> (p1 :> 0 @@ p2 :> 0),
        pendMint |-> 0,
        pendDirty |-> {},
        honored |-> FALSE,
        pendReRun |-> FALSE,
        owed |-> {},
        verifiedAt |-> 0,
        inboxSeen |-> {},
        inboxLoaded |-> FALSE ],
  B |->
      [ pendN |-> {},
        ackN |-> {},
        instSnap |-> (p1 :> 2 @@ p2 :> 1),
        instSrc |-> "cadence",
        jSeq |-> 3,
        instBase |-> (p1 :> 2 @@ p2 :> 1),
        judged |-> (p1 :> 0 @@ p2 :> 0),
        baseline |-> (p1 :> 1 @@ p2 :> 1),
        scanD |-> {},
        scanU |-> {},
        upGone |-> {},
        scanGen |-> (p1 :> 0 @@ p2 :> 0),
        surfaced |-> {},
        parked |-> {},
        upDone |-> {},
        fq |-> {},
        carryDropped |-> {},
        carryPaths |-> {},
        citeDropped |-> {},
        fqRetired |-> (p1 :> 0 @@ p2 :> 0),
        epoch |-> 2,
        st |-> "running",
        pc |-> "idle",
        consumed |-> {},
        declared |-> {},
        gcDone |-> {},
        gcTook |-> {},
        gcHeaded |-> {},
        gcSeen |-> (p1 :> 0 @@ p2 :> 0),
        retire |-> (p1 :> 0 @@ p2 :> 0),
        upVerified |-> FALSE,
        adopted |-> {},
        noInst |-> FALSE,
        local |-> (p1 :> 1 @@ p2 :> 1),
        touched |-> {},
        prevScan |-> {},
        known |-> {1},
        expSeq |-> 3,
        installed |-> TRUE,
        scope |-> {p1, p2},
        instSeq |-> 3,
        repairMoved |-> {},
        lastDirty |-> {},
        stageCarried |-> FALSE,
        citeDone |-> {},
        sentTok |-> 0,
        pendCov |-> (p1 :> 0 @@ p2 :> 0),
        pendMint |-> 0,
        pendDirty |-> {},
        honored |-> FALSE,
        pendReRun |-> FALSE,
        owed |-> {},
        verifiedAt |-> 0,
        inboxSeen |-> {},
        inboxLoaded |-> FALSE ] ]
/\ objects = (p1 :> 2 @@ p2 :> 1)
/\ versions = (p1 :> {1} @@ p2 :> {1})
/\ cellReleased = FALSE

State 20: <Next line 4160, col 7 to line 4160, col 55 of module LeanSubtree>
/\ cellHandoff = "none"
/\ stageBase = [A |-> (p1 :> 0 @@ p2 :> 0), B |-> (p1 :> 0 @@ p2 :> 0)]
/\ manSrc = "cadence"
/\ inbox = {<<p1, 2>>}
/\ gh = [ removals |-> 0,
  tomb |-> (p1 :> 0 @@ p2 :> 0),
  renamed |-> {},
  answered |-> {},
  amputated |-> FALSE,
  stragglerInstalls |-> 0,
  stragglerCas |-> 0,
  deposedPuts |-> 0,
  barriers |-> 3,
  done |-> 2,
  gc |-> 0,
  gcCited |-> 0,
  refusals |-> 0,
  cited |-> 1,
  takeovers |-> 0,
  crashes |-> 0,
  restarts |-> 0,
  adoptOwn |-> 0,
  stallUsed |-> FALSE,
  nextGen |-> 3,
  hitl |-> 1,
  syncs |-> 0,
  syncApplied |-> 0,
  syncConflicts |-> 0,
  syncDestroyed |-> FALSE,
  scopedDeferrals |-> 0,
  foreignLost |-> FALSE,
  deferredPaths |-> {},
  deferredLater |-> 0,
  staged |-> 0,
  cites |-> 0,
  reaped |-> 0,
  withheld |-> 0,
  forcedCites |-> 0,
  citeSpan |-> 0,
  carriedCite |-> FALSE,
  touches |-> 0,
  acks |-> 0,
  honors |-> 0,
  refusedAcks |-> 0,
  coalesced |-> 0,
  fastPaths |-> 0,
  ackAfterRestart |-> 0,
  fastHonor |-> FALSE,
  ackEarly |-> FALSE,
  ackIncoherent |-> FALSE,
  fencedOkAck |-> FALSE,
  srcMismatch |-> FALSE,
  partialAcks |-> 0,
  declaredDrops |-> 0,
  narrows |-> 0,
  narrowed |-> {},
  narrowRecited |-> {},
  removalsApplied |-> 0,
  removalsRefused |-> 0,
  renamesApplied |-> 0,
  renameRefused |-> {},
  citedPairs |-> {<<p1, 2>>},
  claimed |-> {"A", "B"},
  interleaved |-> FALSE,
  handoffs |-> 0,
  deposals |-> 0,
  deadSkips |-> 0,
  enqueues |-> 0,
  abandoned |-> 0,
  adoptWithheld |-> 0,
  sameBytes |-> 0,
  uploadWithheld |-> 0,
  staleOverride |-> FALSE,
  hitlRetired |-> {},
  pullOnlys |-> 0,
  emptyInstalls |-> 0,
  tombRemoved |-> 0,
  tombSuperseded |-> 0,
  orphanTracks |-> 0,
  leaked |-> 0,
  staleAdopt |-> 0,
  retired |-> (p1 :> 0 @@ p2 :> 0),
  orphanAt |-> (p1 :> 0 @@ p2 :> 0),
  orphanOutlived |-> 0,
  leakApplied |-> 0,
  baseRestored |-> 0,
  carrierAck |-> FALSE,
  remJudged |-> (p1 :> 0 @@ p2 :> 0),
  removalOverreach |-> FALSE,
  swept |-> 0,
  remOver |-> (p1 :> 0 @@ p2 :> 0),
  uiBase |-> {},
  pendingKept |-> 0 ]
/\ cellEpoch = 3
/\ window = 3
/\ stage = [A |-> (p1 :> 0 @@ p2 :> 0), B |-> (p1 :> 0 @@ p2 :> 0)]
/\ conflicts = {}
/\ withheldDel = [A |-> {}, B |-> {}]
/\ manifest = (p1 :> 2 @@ p2 :> 1)
/\ cellQueue = <<>>
/\ cellHolder = "A"
/\ manSeq = 3
/\ hitlAcked = {<<p1, 2>>}
/\ removals = {}
/\ sc = [ A |->
      [ pendN |-> {},
        ackN |-> {},
        instSnap |-> (p1 :> 2 @@ p2 :> 1),
        instSrc |-> "cadence",
        jSeq |-> 2,
        instBase |-> (p1 :> 2 @@ p2 :> 1),
        judged |-> (p1 :> 0 @@ p2 :> 0),
        baseline |-> (p1 :> 2 @@ p2 :> 1),
        scanD |-> {p1},
        scanU |-> {},
        upGone |-> {},
        scanGen |-> (p1 :> 0 @@ p2 :> 1),
        surfaced |-> {},
        parked |-> {},
        upDone |-> {},
        fq |-> {},
        carryDropped |-> {},
        carryPaths |-> {},
        citeDropped |-> {},
        fqRetired |-> (p1 :> 0 @@ p2 :> 0),
        epoch |-> 3,
        st |-> "running",
        pc |-> "claimed",
        consumed |-> {},
        declared |-> {},
        gcDone |-> {},
        gcTook |-> {},
        gcHeaded |-> {},
        gcSeen |-> (p1 :> 0 @@ p2 :> 0),
        retire |-> (p1 :> 0 @@ p2 :> 0),
        upVerified |-> FALSE,
        adopted |-> {},
        noInst |-> FALSE,
        local |-> (p1 :> 0 @@ p2 :> 1),
        touched |-> {},
        prevScan |-> {},
        known |-> {1, 2},
        expSeq |-> 3,
        installed |-> TRUE,
        scope |-> {p1, p2},
        instSeq |-> 2,
        repairMoved |-> {},
        lastDirty |-> {p1},
        stageCarried |-> FALSE,
        citeDone |-> {},
        sentTok |-> 0,
        pendCov |-> (p1 :> 0 @@ p2 :> 0),
        pendMint |-> 0,
        pendDirty |-> {},
        honored |-> FALSE,
        pendReRun |-> FALSE,
        owed |-> {},
        verifiedAt |-> 0,
        inboxSeen |-> {},
        inboxLoaded |-> FALSE ],
  B |->
      [ pendN |-> {},
        ackN |-> {},
        instSnap |-> (p1 :> 2 @@ p2 :> 1),
        instSrc |-> "cadence",
        jSeq |-> 3,
        instBase |-> (p1 :> 2 @@ p2 :> 1),
        judged |-> (p1 :> 0 @@ p2 :> 0),
        baseline |-> (p1 :> 1 @@ p2 :> 1),
        scanD |-> {},
        scanU |-> {},
        upGone |-> {},
        scanGen |-> (p1 :> 0 @@ p2 :> 0),
        surfaced |-> {},
        parked |-> {},
        upDone |-> {},
        fq |-> {},
        carryDropped |-> {},
        carryPaths |-> {},
        citeDropped |-> {},
        fqRetired |-> (p1 :> 0 @@ p2 :> 0),
        epoch |-> 2,
        st |-> "running",
        pc |-> "idle",
        consumed |-> {},
        declared |-> {},
        gcDone |-> {},
        gcTook |-> {},
        gcHeaded |-> {},
        gcSeen |-> (p1 :> 0 @@ p2 :> 0),
        retire |-> (p1 :> 0 @@ p2 :> 0),
        upVerified |-> FALSE,
        adopted |-> {},
        noInst |-> FALSE,
        local |-> (p1 :> 1 @@ p2 :> 1),
        touched |-> {},
        prevScan |-> {},
        known |-> {1},
        expSeq |-> 3,
        installed |-> TRUE,
        scope |-> {p1, p2},
        instSeq |-> 3,
        repairMoved |-> {},
        lastDirty |-> {},
        stageCarried |-> FALSE,
        citeDone |-> {},
        sentTok |-> 0,
        pendCov |-> (p1 :> 0 @@ p2 :> 0),
        pendMint |-> 0,
        pendDirty |-> {},
        honored |-> FALSE,
        pendReRun |-> FALSE,
        owed |-> {},
        verifiedAt |-> 0,
        inboxSeen |-> {},
        inboxLoaded |-> FALSE ] ]
/\ objects = (p1 :> 2 @@ p2 :> 1)
/\ versions = (p1 :> {1} @@ p2 :> {1})
/\ cellReleased = FALSE

State 21: <Next line 4160, col 7 to line 4160, col 55 of module LeanSubtree>
/\ cellHandoff = "none"
/\ stageBase = [A |-> (p1 :> 0 @@ p2 :> 0), B |-> (p1 :> 0 @@ p2 :> 0)]
/\ manSrc = "cadence"
/\ inbox = {<<p1, 2>>}
/\ gh = [ removals |-> 0,
  tomb |-> (p1 :> 0 @@ p2 :> 0),
  renamed |-> {},
  answered |-> {},
  amputated |-> FALSE,
  stragglerInstalls |-> 0,
  stragglerCas |-> 0,
  deposedPuts |-> 0,
  barriers |-> 3,
  done |-> 2,
  gc |-> 0,
  gcCited |-> 0,
  refusals |-> 0,
  cited |-> 1,
  takeovers |-> 0,
  crashes |-> 0,
  restarts |-> 0,
  adoptOwn |-> 0,
  stallUsed |-> FALSE,
  nextGen |-> 3,
  hitl |-> 1,
  syncs |-> 0,
  syncApplied |-> 0,
  syncConflicts |-> 0,
  syncDestroyed |-> FALSE,
  scopedDeferrals |-> 0,
  foreignLost |-> FALSE,
  deferredPaths |-> {},
  deferredLater |-> 0,
  staged |-> 0,
  cites |-> 0,
  reaped |-> 0,
  withheld |-> 0,
  forcedCites |-> 0,
  citeSpan |-> 0,
  carriedCite |-> FALSE,
  touches |-> 0,
  acks |-> 0,
  honors |-> 0,
  refusedAcks |-> 0,
  coalesced |-> 0,
  fastPaths |-> 0,
  ackAfterRestart |-> 0,
  fastHonor |-> FALSE,
  ackEarly |-> FALSE,
  ackIncoherent |-> FALSE,
  fencedOkAck |-> FALSE,
  srcMismatch |-> FALSE,
  partialAcks |-> 0,
  declaredDrops |-> 0,
  narrows |-> 0,
  narrowed |-> {},
  narrowRecited |-> {},
  removalsApplied |-> 0,
  removalsRefused |-> 0,
  renamesApplied |-> 0,
  renameRefused |-> {},
  citedPairs |-> {<<p1, 2>>},
  claimed |-> {"A", "B"},
  interleaved |-> FALSE,
  handoffs |-> 0,
  deposals |-> 0,
  deadSkips |-> 0,
  enqueues |-> 0,
  abandoned |-> 0,
  adoptWithheld |-> 0,
  sameBytes |-> 0,
  uploadWithheld |-> 0,
  staleOverride |-> FALSE,
  hitlRetired |-> {},
  pullOnlys |-> 0,
  emptyInstalls |-> 0,
  tombRemoved |-> 0,
  tombSuperseded |-> 0,
  orphanTracks |-> 0,
  leaked |-> 0,
  staleAdopt |-> 0,
  retired |-> (p1 :> 0 @@ p2 :> 0),
  orphanAt |-> (p1 :> 0 @@ p2 :> 0),
  orphanOutlived |-> 0,
  leakApplied |-> 0,
  baseRestored |-> 0,
  carrierAck |-> FALSE,
  remJudged |-> (p1 :> 0 @@ p2 :> 0),
  removalOverreach |-> FALSE,
  swept |-> 0,
  remOver |-> (p1 :> 0 @@ p2 :> 0),
  uiBase |-> {},
  pendingKept |-> 0 ]
/\ cellEpoch = 3
/\ window = 0
/\ stage = [A |-> (p1 :> 0 @@ p2 :> 0), B |-> (p1 :> 0 @@ p2 :> 0)]
/\ conflicts = {}
/\ withheldDel = [A |-> {}, B |-> {}]
/\ manifest = (p1 :> 0 @@ p2 :> 1)
/\ cellQueue = <<>>
/\ cellHolder = "A"
/\ manSeq = 4
/\ hitlAcked = {<<p1, 2>>}
/\ removals = {}
/\ sc = [ A |->
      [ pendN |-> {},
        ackN |-> {},
        instSnap |-> (p1 :> 0 @@ p2 :> 1),
        instSrc |-> "cadence",
        jSeq |-> 4,
        instBase |-> (p1 :> 2 @@ p2 :> 1),
        judged |-> (p1 :> 0 @@ p2 :> 0),
        baseline |-> (p1 :> 2 @@ p2 :> 1),
        scanD |-> {p1},
        scanU |-> {},
        upGone |-> {},
        scanGen |-> (p1 :> 0 @@ p2 :> 1),
        surfaced |-> {},
        parked |-> {},
        upDone |-> {},
        fq |-> {},
        carryDropped |-> {},
        carryPaths |-> {},
        citeDropped |-> {},
        fqRetired |-> (p1 :> 0 @@ p2 :> 0),
        epoch |-> 3,
        st |-> "running",
        pc |-> "cased",
        consumed |-> {},
        declared |-> {},
        gcDone |-> {},
        gcTook |-> {},
        gcHeaded |-> {},
        gcSeen |-> (p1 :> 0 @@ p2 :> 0),
        retire |-> (p1 :> 0 @@ p2 :> 0),
        upVerified |-> FALSE,
        adopted |-> {},
        noInst |-> FALSE,
        local |-> (p1 :> 0 @@ p2 :> 1),
        touched |-> {},
        prevScan |-> {},
        known |-> {1, 2},
        expSeq |-> 3,
        installed |-> TRUE,
        scope |-> {p1, p2},
        instSeq |-> 4,
        repairMoved |-> {},
        lastDirty |-> {p1},
        stageCarried |-> FALSE,
        citeDone |-> {},
        sentTok |-> 0,
        pendCov |-> (p1 :> 0 @@ p2 :> 0),
        pendMint |-> 0,
        pendDirty |-> {},
        honored |-> FALSE,
        pendReRun |-> FALSE,
        owed |-> {},
        verifiedAt |-> 0,
        inboxSeen |-> {},
        inboxLoaded |-> FALSE ],
  B |->
      [ pendN |-> {},
        ackN |-> {},
        instSnap |-> (p1 :> 2 @@ p2 :> 1),
        instSrc |-> "cadence",
        jSeq |-> 3,
        instBase |-> (p1 :> 2 @@ p2 :> 1),
        judged |-> (p1 :> 0 @@ p2 :> 0),
        baseline |-> (p1 :> 1 @@ p2 :> 1),
        scanD |-> {},
        scanU |-> {},
        upGone |-> {},
        scanGen |-> (p1 :> 0 @@ p2 :> 0),
        surfaced |-> {},
        parked |-> {},
        upDone |-> {},
        fq |-> {},
        carryDropped |-> {},
        carryPaths |-> {},
        citeDropped |-> {},
        fqRetired |-> (p1 :> 0 @@ p2 :> 0),
        epoch |-> 2,
        st |-> "running",
        pc |-> "idle",
        consumed |-> {},
        declared |-> {},
        gcDone |-> {},
        gcTook |-> {},
        gcHeaded |-> {},
        gcSeen |-> (p1 :> 0 @@ p2 :> 0),
        retire |-> (p1 :> 0 @@ p2 :> 0),
        upVerified |-> FALSE,
        adopted |-> {},
        noInst |-> FALSE,
        local |-> (p1 :> 1 @@ p2 :> 1),
        touched |-> {},
        prevScan |-> {},
        known |-> {1},
        expSeq |-> 3,
        installed |-> TRUE,
        scope |-> {p1, p2},
        instSeq |-> 3,
        repairMoved |-> {},
        lastDirty |-> {},
        stageCarried |-> FALSE,
        citeDone |-> {},
        sentTok |-> 0,
        pendCov |-> (p1 :> 0 @@ p2 :> 0),
        pendMint |-> 0,
        pendDirty |-> {},
        honored |-> FALSE,
        pendReRun |-> FALSE,
        owed |-> {},
        verifiedAt |-> 0,
        inboxSeen |-> {},
        inboxLoaded |-> FALSE ] ]
/\ objects = (p1 :> 2 @@ p2 :> 1)
/\ versions = (p1 :> {1} @@ p2 :> {1})
/\ cellReleased = FALSE

State 22: <Next line 4160, col 7 to line 4160, col 55 of module LeanSubtree>
/\ cellHandoff = "none"
/\ stageBase = [A |-> (p1 :> 0 @@ p2 :> 0), B |-> (p1 :> 0 @@ p2 :> 0)]
/\ manSrc = "cadence"
/\ inbox = {<<p1, 2>>}
/\ gh = [ removals |-> 0,
  tomb |-> (p1 :> 0 @@ p2 :> 0),
  renamed |-> {},
  answered |-> {},
  amputated |-> FALSE,
  stragglerInstalls |-> 0,
  stragglerCas |-> 0,
  deposedPuts |-> 0,
  barriers |-> 3,
  done |-> 2,
  gc |-> 0,
  gcCited |-> 0,
  refusals |-> 0,
  cited |-> 1,
  takeovers |-> 0,
  crashes |-> 0,
  restarts |-> 0,
  adoptOwn |-> 0,
  stallUsed |-> FALSE,
  nextGen |-> 3,
  hitl |-> 1,
  syncs |-> 1,
  syncApplied |-> 0,
  syncConflicts |-> 0,
  syncDestroyed |-> FALSE,
  scopedDeferrals |-> 0,
  foreignLost |-> TRUE,
  deferredPaths |-> {},
  deferredLater |-> 0,
  staged |-> 0,
  cites |-> 0,
  reaped |-> 0,
  withheld |-> 0,
  forcedCites |-> 0,
  citeSpan |-> 0,
  carriedCite |-> FALSE,
  touches |-> 0,
  acks |-> 0,
  honors |-> 0,
  refusedAcks |-> 0,
  coalesced |-> 0,
  fastPaths |-> 0,
  ackAfterRestart |-> 0,
  fastHonor |-> FALSE,
  ackEarly |-> FALSE,
  ackIncoherent |-> FALSE,
  fencedOkAck |-> FALSE,
  srcMismatch |-> FALSE,
  partialAcks |-> 0,
  declaredDrops |-> 0,
  narrows |-> 0,
  narrowed |-> {},
  narrowRecited |-> {},
  removalsApplied |-> 0,
  removalsRefused |-> 0,
  renamesApplied |-> 0,
  renameRefused |-> {},
  citedPairs |-> {<<p1, 2>>},
  claimed |-> {"A", "B"},
  interleaved |-> FALSE,
  handoffs |-> 0,
  deposals |-> 0,
  deadSkips |-> 0,
  enqueues |-> 0,
  abandoned |-> 0,
  adoptWithheld |-> 0,
  sameBytes |-> 0,
  uploadWithheld |-> 0,
  staleOverride |-> FALSE,
  hitlRetired |-> {},
  pullOnlys |-> 0,
  emptyInstalls |-> 0,
  tombRemoved |-> 0,
  tombSuperseded |-> 0,
  orphanTracks |-> 0,
  leaked |-> 0,
  staleAdopt |-> 0,
  retired |-> (p1 :> 0 @@ p2 :> 0),
  orphanAt |-> (p1 :> 0 @@ p2 :> 0),
  orphanOutlived |-> 0,
  leakApplied |-> 0,
  baseRestored |-> 0,
  carrierAck |-> FALSE,
  remJudged |-> (p1 :> 0 @@ p2 :> 0),
  removalOverreach |-> FALSE,
  swept |-> 0,
  remOver |-> (p1 :> 0 @@ p2 :> 0),
  uiBase |-> {},
  pendingKept |-> 0 ]
/\ cellEpoch = 3
/\ window = 0
/\ stage = [A |-> (p1 :> 0 @@ p2 :> 0), B |-> (p1 :> 0 @@ p2 :> 0)]
/\ conflicts = {}
/\ withheldDel = [A |-> {}, B |-> {}]
/\ manifest = (p1 :> 0 @@ p2 :> 1)
/\ cellQueue = <<>>
/\ cellHolder = "A"
/\ manSeq = 4
/\ hitlAcked = {<<p1, 2>>}
/\ removals = {}
/\ sc = [ A |->
      [ pendN |-> {},
        ackN |-> {},
        instSnap |-> (p1 :> 0 @@ p2 :> 1),
        instSrc |-> "cadence",
        jSeq |-> 4,
        instBase |-> (p1 :> 2 @@ p2 :> 1),
        judged |-> (p1 :> 0 @@ p2 :> 0),
        baseline |-> (p1 :> 2 @@ p2 :> 1),
        scanD |-> {p1},
        scanU |-> {},
        upGone |-> {},
        scanGen |-> (p1 :> 0 @@ p2 :> 1),
        surfaced |-> {},
        parked |-> {},
        upDone |-> {},
        fq |-> {},
        carryDropped |-> {},
        carryPaths |-> {},
        citeDropped |-> {},
        fqRetired |-> (p1 :> 0 @@ p2 :> 0),
        epoch |-> 3,
        st |-> "running",
        pc |-> "cased",
        consumed |-> {},
        declared |-> {},
        gcDone |-> {},
        gcTook |-> {},
        gcHeaded |-> {},
        gcSeen |-> (p1 :> 0 @@ p2 :> 0),
        retire |-> (p1 :> 0 @@ p2 :> 0),
        upVerified |-> FALSE,
        adopted |-> {},
        noInst |-> FALSE,
        local |-> (p1 :> 0 @@ p2 :> 1),
        touched |-> {},
        prevScan |-> {},
        known |-> {1, 2},
        expSeq |-> 3,
        installed |-> TRUE,
        scope |-> {p1, p2},
        instSeq |-> 4,
        repairMoved |-> {},
        lastDirty |-> {p1},
        stageCarried |-> FALSE,
        citeDone |-> {},
        sentTok |-> 0,
        pendCov |-> (p1 :> 0 @@ p2 :> 0),
        pendMint |-> 0,
        pendDirty |-> {},
        honored |-> FALSE,
        pendReRun |-> FALSE,
        owed |-> {},
        verifiedAt |-> 0,
        inboxSeen |-> {},
        inboxLoaded |-> FALSE ],
  B |->
      [ pendN |-> {},
        ackN |-> {},
        instSnap |-> (p1 :> 2 @@ p2 :> 1),
        instSrc |-> "cadence",
        jSeq |-> 3,
        instBase |-> (p1 :> 0 @@ p2 :> 1),
        judged |-> (p1 :> 0 @@ p2 :> 0),
        baseline |-> (p1 :> 1 @@ p2 :> 1),
        scanD |-> {},
        scanU |-> {},
        upGone |-> {},
        scanGen |-> (p1 :> 0 @@ p2 :> 0),
        surfaced |-> {},
        parked |-> {},
        upDone |-> {},
        fq |-> {},
        carryDropped |-> {},
        carryPaths |-> {},
        citeDropped |-> {},
        fqRetired |-> (p1 :> 0 @@ p2 :> 0),
        epoch |-> 2,
        st |-> "running",
        pc |-> "idle",
        consumed |-> {},
        declared |-> {},
        gcDone |-> {},
        gcTook |-> {},
        gcHeaded |-> {},
        gcSeen |-> (p1 :> 0 @@ p2 :> 0),
        retire |-> (p1 :> 0 @@ p2 :> 0),
        upVerified |-> FALSE,
        adopted |-> {},
        noInst |-> FALSE,
        local |-> (p1 :> 1 @@ p2 :> 1),
        touched |-> {},
        prevScan |-> {},
        known |-> {1},
        expSeq |-> 3,
        installed |-> TRUE,
        scope |-> {p1, p2},
        instSeq |-> 3,
        repairMoved |-> {},
        lastDirty |-> {},
        stageCarried |-> FALSE,
        citeDone |-> {},
        sentTok |-> 0,
        pendCov |-> (p1 :> 0 @@ p2 :> 0),
        pendMint |-> 0,
        pendDirty |-> {},
        honored |-> FALSE,
        pendReRun |-> FALSE,
        owed |-> {},
        verifiedAt |-> 0,
        inboxSeen |-> {},
        inboxLoaded |-> FALSE ] ]
/\ objects = (p1 :> 2 @@ p2 :> 1)
/\ versions = (p1 :> {1} @@ p2 :> {1})
/\ cellReleased = FALSE

3062941 states generated, 885342 distinct states found, 134999 states left on queue.
The depth of the complete state graph search is 22.
The average outdegree of the complete state graph is 1 (minimum is 0, the maximum 10 and the 95th percentile is 3).
Finished in 01min 22s at (2026-09-23 18:55:51)
